"","Communication_number","gesture_record_anon","morphs_anon","Signaller","Goal","Lumped_Gs","morph","Social_unit","log","rFq_morph","rFq_action"
"1","102417","Action_39","Morph_82","AN","Staysame","Presentgenitalsbackwards","PresentGenitals.1","Sonso",-0.44628710262842,0.0295293072824156,0.033303730017762
"2","102357","Action_2","Morph_3","BB","Groom","Bigloudscratch","BigLoudScratch.1","Sonso",0.392042087776024,0.0215364120781528,0.0577264653641208
"3","102357","Action_2","Morph_4","BB","Groom","Bigloudscratch","BigLoudScratch.2","Sonso",0.246860077931526,0.019316163410302,0.0577264653641208
"4","100466a","Action_20","Morph_50","BB","Play","Hitother","HitOther.6","Sonso",-1.02165124753198,0.00488454706927176,0.0404085257548845
"5","100468","Action_45","Morph_101","BB","Play","Reach","Reach.2","Sonso",-0.44628710262842,0.0370781527531083,0.0801509769094138
"6","100468","Action_15","Morph_35","BB","Play","Grabhold","GrabHold.1","Sonso",1.18784342239605,0.00932504440497336,0.0204262877442274
"7","100466a","Action_14","Morph_29","BB","Play","Grab","Grab.1","Sonso",-0.127833371509885,0.00821492007104796,0.0353019538188277
"8","100466a","Action_14","Morph_29","BB","Play","Grab","Grab.1","Sonso",-0.083381608939051,0.00821492007104796,0.0353019538188277
"9","101408","Action_2","Morph_3","BB","Groom","Bigloudscratch","BigLoudScratch.1","Sonso",0.985816794522765,0.0215364120781528,0.0577264653641208
"10","101304b","Action_2","Morph_4","BB","Groom","Bigloudscratch","BigLoudScratch.2","Sonso",0.336472236621213,0.019316163410302,0.0577264653641208
"11","102434","Action_38","Morph_79","BB","Directattention","Present","Present.5","Sonso",0.89199803930511,0.00688277087033748,0.0492895204262877
"12","100551","Action_45","Morph_100","BB","Affiliation","Reach","Reach.1","Sonso",0,0.0408525754884547,0.0801509769094138
"13","102272","Action_2","Morph_4","BH","Travel","Bigloudscratch","BigLoudScratch.2","Sonso",0.732367893713227,0.019316163410302,0.0577264653641208
"14","100804","Action_15","Morph_35","BH","Climbonme","Grabhold","GrabHold.1","Sonso",1.01523067972906,0.00932504440497336,0.0204262877442274
"15","102348","Action_23","Morph_47","BH","Playcontinue","Hittingother","HitOther.3","Sonso",0.470003629245736,0.00843694493783304,0.0157637655417407
"16","102350","Action_23","Morph_47","BH","Playcontinue","Hittingother","HitOther.3","Sonso",-0.385662480811985,0.00843694493783304,0.0157637655417407
"17","102349","Action_42","Morph_95","BH","Playcontinue","Push","Push.8","Sonso",-0.127833371509885,0.00133214920071048,0.0466252220248668
"18","101768","Action_41","Morph_84","BH","Climbonme","Pull","Pull.1","Sonso",-0.083381608939051,0.00821492007104796,0.0253108348134991
"19","102289a","Action_2","Morph_3","BH","Groom","Bigloudscratch","BigLoudScratch.1","Sonso",0.631271776841858,0.0215364120781528,0.0577264653641208
"20","102288","Action_38","Morph_77","BH","Directattention","Present","Present.3","Sonso",-0.083381608939051,0.00466252220248668,0.0492895204262877
"21","102456","Action_38","Morph_77","BH","Groom","Present","Present.3","Sonso",0.113328685307003,0.00466252220248668,0.0492895204262877
"22","102296","Action_38","Morph_75","BH","Directattention","Present","Present.1","Sonso",-0.0408219945202552,0.0170959147424512,0.0492895204262877
"23","102297","Action_38","Morph_76","BH","Directattention","Present","Present.2","Sonso",1.16315080980568,0.0135435168738899,0.0492895204262877
"24","102289a","Action_2","Morph_5","BH","Groom","Bigloudscratch","BigLoudScratch.3","Sonso",0.631271776841858,0.0119893428063943,0.0577264653641208
"25","102290","Action_38","Morph_75","BH","Directattention","Present","Present.1","Sonso",0.751416088683921,0.0170959147424512,0.0492895204262877
"26","102293","Action_38","Morph_75","BH","Directattention","Present","Present.1","Sonso",0.518793793415168,0.0170959147424512,0.0492895204262877
"27","101238","Action_41","Morph_86","BH","Play","Pull","Pull.3","Sonso",0.470003629245736,0.00510657193605684,0.0253108348134991
"28","102214","Action_42","Morph_91","BH","Play","Push","Push.4","Sonso",-1.13943428318836,0.00932504440497336,0.0466252220248668
"29","102292","Action_38","Morph_75","BH","Directattention","Present","Present.1","Sonso",0.609765571620894,0.0170959147424512,0.0492895204262877
"30","102380","Action_15","Morph_35","BH","Play","Grabhold","GrabHold.1","Sonso",0.985816794522765,0.00932504440497336,0.0204262877442274
"31","102380","Action_23","Morph_47","BH","Play","Hittingother","HitOther.3","Sonso",-0.27443684570176,0.00843694493783304,0.0157637655417407
"32","101350","Action_13","Morph_27","BH","Moveaway","Fling","Fling.1","Sonso",-0.916290731874155,0.00688277087033748,0.0117673179396092
"33","101350","Action_43","Morph_96","BH","Moveaway","Raise","Raise.1","Sonso",-0.27443684570176,0.00865896980461812,0.0113232682060391
"34","101350","Action_13","Morph_27","BH","Moveaway","Fling","Fling.1","Sonso",-0.653926467406664,0.00688277087033748,0.0117673179396092
"35","101350","Action_13","Morph_27","BH","Moveaway","Fling","Fling.1","Sonso",-1.02165124753198,0.00688277087033748,0.0117673179396092
"36","101379b","Action_39","Morph_82","BH","Sexualattention","Presentgenitalsbackwards","PresentGenitals.1","Sonso",0.418710334858185,0.0295293072824156,0.033303730017762
"37","101324","Action_39","Morph_82","BH","Sexualattention","Presentgenitalsbackwards","PresentGenitals.1","Sonso",-0.44628710262842,0.0295293072824156,0.033303730017762
"38","100766b","Action_39","Morph_82","BH","Sexualattention","Presentgenitalsbackwards","PresentGenitals.1","Sonso",0.307484699747961,0.0295293072824156,0.033303730017762
"39","101129b","Action_57","Morph_115","BT","Play","Stompobject","StompObject.1","Sonso",-0.510825623765991,0.0337477797513321,0.0424067495559503
"40","100529","Action_29","Morph_58","BT","Play","Locomotegallop","LocomoteGallop.1","Sonso",-0.27443684570176,0.00821492007104796,0.00821492007104796
"41","102452","Action_55","Morph_116","BT","Play","Stompingobject","StompObject.2","Sonso",0.418710334858185,0.0148756660746004,0.0230905861456483
"42","102454","Action_57","Morph_115","BT","Playcontinue","Stompobject","StompObject.1","Sonso",0.182321556793955,0.0337477797513321,0.0424067495559503
"43","102452","Action_20","Morph_45","BT","Play","Hitother","HitOther.1","Sonso",-0.27443684570176,0.0202042628774423,0.0404085257548845
"44","100898a","Action_33","Morph_61","BT","Play","Objectmove","ObjectMove.1","Sonso",0.672944473242426,0.0317495559502664,0.0406305506216696
"45","101008b","Action_20","Morph_50","BT","Play","Hitother","HitOther.6","Sonso",0.0769610411361284,0.00488454706927176,0.0404085257548845
"46","101172","Action_38","Morph_77","BT","Groom","Present","Present.3","Sonso",-0.083381608939051,0.00466252220248668,0.0492895204262877
"47","101006","Action_25","Morph_52","BT","Playcontinue","Kickpunch","KickPunch.1","Sonso",-0.328504066972036,0.0022202486678508,0.0022202486678508
"48","100999","Action_45","Morph_100","BT","Giveme","Reach","Reach.1","Sonso",-0.579818495252942,0.0408525754884547,0.0801509769094138
"49","100999","Action_45","Morph_100","BT","Giveme","Reach","Reach.1","Sonso",-0.328504066972036,0.0408525754884547,0.0801509769094138
"50","100772p2","Action_34","Morph_66","DN","Groom","Objectshake","ObjectShake.2","Sonso",1.17557332980424,0.0237566607460036,0.108792184724689
"51","100772p1","Action_2","Morph_6","DN","Groom","Bigloudscratch","BigLoudScratch.4","Sonso",0.858661619037519,0.00421847246891652,0.0577264653641208
"52","100772p1","Action_34","Morph_65","DN","Groom","Objectshake","ObjectShake.1","Sonso",0.307484699747961,0.0746003552397869,0.108792184724689
"53","100772p1","Action_2","Morph_4","DN","Groom","Bigloudscratch","BigLoudScratch.2","Sonso",0.56531380905006,0.019316163410302,0.0577264653641208
"54","102394","Action_34","Morph_65","DN","Moveaway","Objectshake","ObjectShake.1","Sonso",0.0769610411361284,0.0746003552397869,0.108792184724689
"55","102394","Action_34","Morph_65","DN","Moveaway","Objectshake","ObjectShake.1","Sonso",-0.127833371509885,0.0746003552397869,0.108792184724689
"56","100626","Action_57","Morph_115","DN","Followme","Stompobject","StompObject.1","Sonso",-0.22314355131421,0.0337477797513321,0.0424067495559503
"57","100648","Action_17","Morph_39","DN","Followme","Hitobject","HitObject.1","Sonso",-0.44628710262842,0.0430728241563055,0.0559502664298401
"58","100645p3","Action_17","Morph_39","DN","Followme","Hitobject","HitObject.1","Sonso",-0.82098055206983,0.0430728241563055,0.0559502664298401
"59","100628a","Action_33","Morph_61","DN","Followme","Objectmove","ObjectMove.1","Sonso",0.470003629245736,0.0317495559502664,0.0406305506216696
"60","100637p4","Action_34","Morph_66","DN","Followme","Objectshake","ObjectShake.2","Sonso",1.02961941718116,0.0237566607460036,0.108792184724689
"61","100645p1","Action_24","Morph_51","DN","Followme","Jump","Jump.1","Sonso",0,0.00732682060390764,0.00732682060390764
"62","100626","Action_57","Morph_115","DN","Followme","Stompobject","StompObject.1","Sonso",-0.22314355131421,0.0337477797513321,0.0424067495559503
"63","100654","Action_17","Morph_40","DN","Followme","Hitobject","HitObject.2","Sonso",-0.7339691750802,0.0119893428063943,0.0559502664298401
"64","100625","Action_34","Morph_66","DN","Followme","Objectshake","ObjectShake.2","Sonso",1.13783300182139,0.0237566607460036,0.108792184724689
"65","100643p1","Action_34","Morph_65","DN","Followme","Objectshake","ObjectShake.1","Sonso",0.182321556793955,0.0746003552397869,0.108792184724689
"66","100634","Action_34","Morph_65","DN","Followme","Objectshake","ObjectShake.1","Sonso",0.0392207131532813,0.0746003552397869,0.108792184724689
"67","100653a","Action_34","Morph_66","DN","Followme","Objectshake","ObjectShake.2","Sonso",0.609765571620894,0.0237566607460036,0.108792184724689
"68","100625","Action_34","Morph_65","DN","Followme","Objectshake","ObjectShake.1","Sonso",0.955511445027436,0.0746003552397869,0.108792184724689
"69","100648","Action_17","Morph_39","DN","Followme","Hitobject","HitObject.1","Sonso",-0.82098055206983,0.0430728241563055,0.0559502664298401
"70","100655","Action_60","Morph_127","DN","Followme","Swing","Swing.1","Sonso",-0.083381608939051,0.0428507992895204,0.0475133214920071
"71","100648","Action_24","Morph_51","DN","Followme","Jump","Jump.1","Sonso",-0.27443684570176,0.00732682060390764,0.00732682060390764
"72","100652b","Action_23","Morph_48","DN","Sociosexualattention","Hittingother","HitOther.4","Sonso",-0.22314355131421,0.00732682060390764,0.0157637655417407
"73","100626","Action_34","Morph_65","DN","Followme","Objectshake","ObjectShake.1","Sonso",0.8754687373539,0.0746003552397869,0.108792184724689
"74","100637p5","Action_24","Morph_51","DN","Followme","Jump","Jump.1","Sonso",-0.510825623765991,0.00732682060390764,0.00732682060390764
"75","100634","Action_34","Morph_65","DN","Followme","Objectshake","ObjectShake.1","Sonso",0.56531380905006,0.0746003552397869,0.108792184724689
"76","100637p4","Action_34","Morph_65","DN","Followme","Objectshake","ObjectShake.1","Sonso",0.631271776841858,0.0746003552397869,0.108792184724689
"77","100649b","Action_49","Morph_105","DN","Sociosexualattention","Rub","Rub.1","Sonso",-0.27443684570176,0.0044404973357016,0.0066607460035524
"78","100637p4","Action_34","Morph_66","DN","Followme","Objectshake","ObjectShake.2","Sonso",1.16315080980568,0.0237566607460036,0.108792184724689
"79","100644p1","Action_34","Morph_65","DN","Followme","Objectshake","ObjectShake.1","Sonso",0.908258560176891,0.0746003552397869,0.108792184724689
"80","100623","Action_55","Morph_117","DN","Followme","Stompingobject","StompObject.3","Sonso",0.672944473242426,0.00688277087033748,0.0230905861456483
"81","100645p1","Action_33","Morph_61","DN","Followme","Objectmove","ObjectMove.1","Sonso",-0.82098055206983,0.0317495559502664,0.0406305506216696
"82","100648","Action_34","Morph_65","DN","Followme","Objectshake","ObjectShake.1","Sonso",0.307484699747961,0.0746003552397869,0.108792184724689
"83","100625","Action_34","Morph_65","DN","Followme","Objectshake","ObjectShake.1","Sonso",0.542324290825362,0.0746003552397869,0.108792184724689
"84","100647","Action_18","Morph_39","DN","Followme","Hitobjectobject","HitObject.1","Sonso",-0.385662480811985,0.0430728241563055,0.00466252220248668
"85","100645p1","Action_17","Morph_39","DN","Followme","Hitobject","HitObject.1","Sonso",0,0.0430728241563055,0.0559502664298401
"86","100633","Action_33","Morph_61","DN","Followme","Objectmove","ObjectMove.1","Sonso",-0.510825623765991,0.0317495559502664,0.0406305506216696
"87","100626","Action_34","Morph_65","DN","Followme","Objectshake","ObjectShake.1","Sonso",0.908258560176891,0.0746003552397869,0.108792184724689
"88","100625","Action_34","Morph_65","DN","Followme","Objectshake","ObjectShake.1","Sonso",1.12492959698548,0.0746003552397869,0.108792184724689
"89","100623","Action_34","Morph_65","DN","Followme","Objectshake","ObjectShake.1","Sonso",0.470003629245736,0.0746003552397869,0.108792184724689
"90","100645p2","Action_60","Morph_127","DN","Followme","Swing","Swing.1","Sonso",-0.083381608939051,0.0428507992895204,0.0475133214920071
"91","100637p5","Action_57","Morph_118","DN","Followme","Stompobject","StompObject.4","Sonso",-0.7339691750802,0.005550621669627,0.0424067495559503
"92","100641a","Action_22","Morph_43","DN","Followme","Hittingobjectobject","HitObject.5","Sonso",0.518793793415168,0.0044404973357016,0.00266429840142096
"93","100641a","Action_34","Morph_65","DN","Followme","Objectshake","ObjectShake.1","Sonso",1.12492959698548,0.0746003552397869,0.108792184724689
"94","100654","Action_34","Morph_65","DN","Followme","Objectshake","ObjectShake.1","Sonso",0.182321556793955,0.0746003552397869,0.108792184724689
"95","100642","Action_34","Morph_65","DN","Followme","Objectshake","ObjectShake.1","Sonso",0,0.0746003552397869,0.108792184724689
"96","100645p1","Action_57","Morph_118","DN","Followme","Stompobject","StompObject.4","Sonso",-0.510825623765991,0.005550621669627,0.0424067495559503
"97","100644p1","Action_17","Morph_41","DN","Followme","Hitobject","HitObject.3","Sonso",-0.510825623765991,0.00510657193605684,0.0559502664298401
"98","100642","Action_60","Morph_128","DN","Followme","Swing","Swing.2","Sonso",-0.328504066972036,0.00310834813499112,0.0475133214920071
"99","100624","Action_34","Morph_65","DN","Followme","Objectshake","ObjectShake.1","Sonso",1.12492959698548,0.0746003552397869,0.108792184724689
"100","100643p1","Action_34","Morph_66","DN","Followme","Objectshake","ObjectShake.2","Sonso",1.54329810992956,0.0237566607460036,0.108792184724689
"101","100625","Action_34","Morph_65","DN","Followme","Objectshake","ObjectShake.1","Sonso",0.921079248605952,0.0746003552397869,0.108792184724689
"102","100636b","Action_49","Morph_105","DN","Sociosexualattention","Rub","Rub.1","Sonso",0.148420005118273,0.0044404973357016,0.0066607460035524
"103","100637p2","Action_34","Morph_65","DN","Followme","Objectshake","ObjectShake.1","Sonso",1.23547147138531,0.0746003552397869,0.108792184724689
"104","100645p1","Action_34","Morph_65","DN","Followme","Objectshake","ObjectShake.1","Sonso",0.908258560176891,0.0746003552397869,0.108792184724689
"105","100626","Action_34","Morph_65","DN","Followme","Objectshake","ObjectShake.1","Sonso",1.00063188030791,0.0746003552397869,0.108792184724689
"106","100645p1","Action_34","Morph_65","DN","Followme","Objectshake","ObjectShake.1","Sonso",1.28093384546206,0.0746003552397869,0.108792184724689
"107","100642","Action_34","Morph_65","DN","Followme","Objectshake","ObjectShake.1","Sonso",0.924258901523332,0.0746003552397869,0.108792184724689
"108","100647","Action_34","Morph_65","DN","Followme","Objectshake","ObjectShake.1","Sonso",-0.083381608939051,0.0746003552397869,0.108792184724689
"109","100628a","Action_34","Morph_65","DN","Followme","Objectshake","ObjectShake.1","Sonso",0.542324290825362,0.0746003552397869,0.108792184724689
"110","100645p3","Action_34","Morph_66","DN","Followme","Objectshake","ObjectShake.2","Sonso",-0.7339691750802,0.0237566607460036,0.108792184724689
"111","100628a","Action_17","Morph_39","DN","Followme","Hitobject","HitObject.1","Sonso",-0.44628710262842,0.0430728241563055,0.0559502664298401
"112","100629p2","Action_34","Morph_65","DN","Followme","Objectshake","ObjectShake.1","Sonso",0.0392207131532813,0.0746003552397869,0.108792184724689
"113","100635p1","Action_34","Morph_65","DN","Followme","Objectshake","ObjectShake.1","Sonso",0.418710334858185,0.0746003552397869,0.108792184724689
"114","100653a","Action_57","Morph_115","DN","Followme","Stompobject","StompObject.1","Sonso",-0.0408219945202552,0.0337477797513321,0.0424067495559503
"115","100654","Action_24","Morph_51","DN","Followme","Jump","Jump.1","Sonso",-0.328504066972036,0.00732682060390764,0.00732682060390764
"116","100631p1","Action_34","Morph_66","DN","Followme","Objectshake","ObjectShake.2","Sonso",0.336472236621213,0.0237566607460036,0.108792184724689
"117","100655","Action_24","Morph_51","DN","Followme","Jump","Jump.1","Sonso",-0.083381608939051,0.00732682060390764,0.00732682060390764
"118","100655","Action_57","Morph_115","DN","Followme","Stompobject","StompObject.1","Sonso",-0.653926467406664,0.0337477797513321,0.0424067495559503
"119","100645p3","Action_57","Morph_115","DN","Followme","Stompobject","StompObject.1","Sonso",-0.653926467406664,0.0337477797513321,0.0424067495559503
"120","100629p2","Action_34","Morph_65","DN","Followme","Objectshake","ObjectShake.1","Sonso",1.09861228866811,0.0746003552397869,0.108792184724689
"121","100651","Action_34","Morph_65","DN","Followme","Objectshake","ObjectShake.1","Sonso",0.518793793415168,0.0746003552397869,0.108792184724689
"122","100647","Action_33","Morph_61","DN","Followme","Objectmove","ObjectMove.1","Sonso",-1.02165124753198,0.0317495559502664,0.0406305506216696
"123","100645p3","Action_34","Morph_65","DN","Followme","Objectshake","ObjectShake.1","Sonso",-0.44628710262842,0.0746003552397869,0.108792184724689
"124","100644p2","Action_34","Morph_66","DN","Followme","Objectshake","ObjectShake.2","Sonso",0.364643113587909,0.0237566607460036,0.108792184724689
"125","100645p3","Action_33","Morph_61","DN","Followme","Objectmove","ObjectMove.1","Sonso",-0.916290731874155,0.0317495559502664,0.0406305506216696
"126","100625","Action_34","Morph_65","DN","Followme","Objectshake","ObjectShake.1","Sonso",0.587786664902119,0.0746003552397869,0.108792184724689
"127","100634","Action_17","Morph_39","DN","Followme","Hitobject","HitObject.1","Sonso",0.0392207131532813,0.0430728241563055,0.0559502664298401
"128","100629p1","Action_34","Morph_65","DN","Followme","Objectshake","ObjectShake.1","Sonso",0.841567185678219,0.0746003552397869,0.108792184724689
"129","100635p1","Action_34","Morph_66","DN","Followme","Objectshake","ObjectShake.2","Sonso",0.985816794522765,0.0237566607460036,0.108792184724689
"130","100654","Action_17","Morph_40","DN","Followme","Hitobject","HitObject.2","Sonso",-0.916290731874155,0.0119893428063943,0.0559502664298401
"131","100623","Action_34","Morph_65","DN","Followme","Objectshake","ObjectShake.1","Sonso",0.65232518603969,0.0746003552397869,0.108792184724689
"132","100645p3","Action_17","Morph_39","DN","Followme","Hitobject","HitObject.1","Sonso",0.215111379616945,0.0430728241563055,0.0559502664298401
"133","100637p5","Action_34","Morph_66","DN","Followme","Objectshake","ObjectShake.2","Sonso",0.307484699747961,0.0237566607460036,0.108792184724689
"134","100645p3","Action_24","Morph_51","DN","Followme","Jump","Jump.1","Sonso",-0.44628710262842,0.00732682060390764,0.00732682060390764
"135","100629p2","Action_34","Morph_66","DN","Followme","Objectshake","ObjectShake.2","Sonso",0.970778917158225,0.0237566607460036,0.108792184724689
"136","100650","Action_34","Morph_69","DN","Followme","Objectshake","ObjectShake.5","Sonso",0.631271776841858,0.0011101243339254,0.108792184724689
"137","100634","Action_34","Morph_65","DN","Followme","Objectshake","ObjectShake.1","Sonso",0.672944473242426,0.0746003552397869,0.108792184724689
"138","100641a","Action_34","Morph_65","DN","Followme","Objectshake","ObjectShake.1","Sonso",0.0760346862759976,0.0746003552397869,0.108792184724689
"139","100629p2","Action_34","Morph_65","DN","Followme","Objectshake","ObjectShake.1","Sonso",1.08518926833597,0.0746003552397869,0.108792184724689
"140","100642","Action_34","Morph_65","DN","Followme","Objectshake","ObjectShake.1","Sonso",0.609765571620894,0.0746003552397869,0.108792184724689
"141","100654","Action_24","Morph_51","DN","Followme","Jump","Jump.1","Sonso",-0.328504066972036,0.00732682060390764,0.00732682060390764
"142","100645p2","Action_34","Morph_65","DN","Followme","Objectshake","ObjectShake.1","Sonso",0.806475865866949,0.0746003552397869,0.108792184724689
"143","100647","Action_33","Morph_61","DN","Followme","Objectmove","ObjectMove.1","Sonso",-0.385662480811985,0.0317495559502664,0.0406305506216696
"144","100626","Action_34","Morph_65","DN","Followme","Objectshake","ObjectShake.1","Sonso",1.21194097397511,0.0746003552397869,0.108792184724689
"145","100645p3","Action_34","Morph_65","DN","Followme","Objectshake","ObjectShake.1","Sonso",0.732367893713227,0.0746003552397869,0.108792184724689
"146","100625","Action_34","Morph_66","DN","Followme","Objectshake","ObjectShake.2","Sonso",1.18784342239605,0.0237566607460036,0.108792184724689
"147","100643p1","Action_61","Morph_130","DN","Followme","Throwobject","ThrowObject.1","Sonso",-0.653926467406664,0.00244227353463588,0.00244227353463588
"148","100637p1","Action_34","Morph_65","DN","Followme","Objectshake","ObjectShake.1","Sonso",0.940007258491471,0.0746003552397869,0.108792184724689
"149","100624","Action_34","Morph_65","DN","Followme","Objectshake","ObjectShake.1","Sonso",1.3244189574018,0.0746003552397869,0.108792184724689
"150","100648","Action_34","Morph_65","DN","Followme","Objectshake","ObjectShake.1","Sonso",0.307484699747961,0.0746003552397869,0.108792184724689
"151","100637p5","Action_34","Morph_65","DN","Followme","Objectshake","ObjectShake.1","Sonso",0.732367893713227,0.0746003552397869,0.108792184724689
"152","100629p2","Action_34","Morph_66","DN","Followme","Objectshake","ObjectShake.2","Sonso",0.56531380905006,0.0237566607460036,0.108792184724689
"153","100644p1","Action_60","Morph_127","DN","Followme","Swing","Swing.1","Sonso",0.0769610411361284,0.0428507992895204,0.0475133214920071
"154","100645p3","Action_34","Morph_65","DN","Followme","Objectshake","ObjectShake.1","Sonso",0,0.0746003552397869,0.108792184724689
"155","100644p1","Action_34","Morph_66","DN","Followme","Objectshake","ObjectShake.2","Sonso",1.07158361628019,0.0237566607460036,0.108792184724689
"156","100637p5","Action_17","Morph_39","DN","Followme","Hitobject","HitObject.1","Sonso",-0.510825623765991,0.0430728241563055,0.0559502664298401
"157","100655","Action_34","Morph_65","DN","Followme","Objectshake","ObjectShake.1","Sonso",0.693147180559945,0.0746003552397869,0.108792184724689
"158","100624","Action_34","Morph_65","DN","Followme","Objectshake","ObjectShake.1","Sonso",1.02961941718116,0.0746003552397869,0.108792184724689
"159","100628a","Action_34","Morph_65","DN","Followme","Objectshake","ObjectShake.1","Sonso",-0.083381608939051,0.0746003552397869,0.108792184724689
"160","100624","Action_17","Morph_39","DN","Followme","Hitobject","HitObject.1","Sonso",0.0392207131532813,0.0430728241563055,0.0559502664298401
"161","100651","Action_34","Morph_65","DN","Followme","Objectshake","ObjectShake.1","Sonso",0.215111379616945,0.0746003552397869,0.108792184724689
"162","100625","Action_34","Morph_66","DN","Followme","Objectshake","ObjectShake.2","Sonso",1.31372366828506,0.0237566607460036,0.108792184724689
"163","100647","Action_34","Morph_65","DN","Followme","Objectshake","ObjectShake.1","Sonso",-0.083381608939051,0.0746003552397869,0.108792184724689
"164","100631p1","Action_34","Morph_66","DN","Followme","Objectshake","ObjectShake.2","Sonso",0.336472236621213,0.0237566607460036,0.108792184724689
"165","100637p4","Action_34","Morph_66","DN","Followme","Objectshake","ObjectShake.2","Sonso",1.3244189574018,0.0237566607460036,0.108792184724689
"166","100624","Action_34","Morph_65","DN","Followme","Objectshake","ObjectShake.1","Sonso",0.8754687373539,0.0746003552397869,0.108792184724689
"167","100645p3","Action_34","Morph_65","DN","Followme","Objectshake","ObjectShake.1","Sonso",0,0.0746003552397869,0.108792184724689
"168","100631p1","Action_34","Morph_66","DN","Followme","Objectshake","ObjectShake.2","Sonso",0.336472236621213,0.0237566607460036,0.108792184724689
"169","100644p1","Action_57","Morph_115","DN","Followme","Stompobject","StompObject.1","Sonso",-0.510825623765991,0.0337477797513321,0.0424067495559503
"170","100645p3","Action_34","Morph_65","DN","Followme","Objectshake","ObjectShake.1","Sonso",-0.27443684570176,0.0746003552397869,0.108792184724689
"171","100637p1","Action_34","Morph_66","DN","Followme","Objectshake","ObjectShake.2","Sonso",1.3244189574018,0.0237566607460036,0.108792184724689
"172","100624","Action_34","Morph_65","DN","Followme","Objectshake","ObjectShake.1","Sonso",0.148420005118273,0.0746003552397869,0.108792184724689
"173","100625","Action_47","Morph_103","DN","Followme","Rockingsit","Rocking.1","Sonso",0.89199803930511,0.00377442273534636,0.00377442273534636
"174","100644p1","Action_17","Morph_39","DN","Followme","Hitobject","HitObject.1","Sonso",-0.328504066972036,0.0430728241563055,0.0559502664298401
"175","100648","Action_34","Morph_65","DN","Followme","Objectshake","ObjectShake.1","Sonso",0.307484699747961,0.0746003552397869,0.108792184724689
"176","100631p1","Action_34","Morph_66","DN","Followme","Objectshake","ObjectShake.2","Sonso",0.751416088683921,0.0237566607460036,0.108792184724689
"177","100637p5","Action_34","Morph_66","DN","Followme","Objectshake","ObjectShake.2","Sonso",0.148420005118273,0.0237566607460036,0.108792184724689
"178","100645p3","Action_60","Morph_127","DN","Followme","Swing","Swing.1","Sonso",-0.328504066972036,0.0428507992895204,0.0475133214920071
"179","100634","Action_34","Morph_66","DN","Followme","Objectshake","ObjectShake.2","Sonso",0.693147180559945,0.0237566607460036,0.108792184724689
"180","100645p2","Action_60","Morph_127","DN","Followme","Swing","Swing.1","Sonso",0.542324290825362,0.0428507992895204,0.0475133214920071
"181","100645p1","Action_34","Morph_66","DN","Followme","Objectshake","ObjectShake.2","Sonso",0.0769610411361284,0.0237566607460036,0.108792184724689
"182","100692","Action_42","Morph_93","DN","Position","Push","Push.6","Sonso",-0.44628710262842,0.0066607460035524,0.0466252220248668
"183","100691","Action_42","Morph_93","DN","Position","Push","Push.6","Sonso",-0.653926467406664,0.0066607460035524,0.0466252220248668
"184","100693","Action_42","Morph_93","DN","Position","Push","Push.6","Sonso",-0.82098055206983,0.0066607460035524,0.0466252220248668
"185","100805","Action_42","Morph_88","DN","Position","Push","Push.1","Sonso",-0.385662480811985,0.0106571936056838,0.0466252220248668
"186","100701","Action_38","Morph_79","DN","Directattention","Present","Present.5","Sonso",1.05779029414785,0.00688277087033748,0.0492895204262877
"187","100449","Action_11","Morph_22","DN","Play","Embrace","Embrace.1","Sonso",-0.174353387144778,0.00288632326820604,0.005550621669627
"188","102386","Action_63","Morph_132","DN","Stopbehaviour","Touch","Touch.1","Sonso",-1.02165124753198,0.0104351687388988,0.0341918294849023
"189","102385b","Action_13","Morph_28","DN","Stopbehaviour","Fling","Fling.2","Sonso",-0.879476758751439,0.00488454706927176,0.0117673179396092
"190","100695","Action_38","Morph_78","DN","Groom","Present","Present.4","Sonso",0.631271776841858,0.00288632326820604,0.0492895204262877
"191","100607","Action_34","Morph_69","DN","Followme","Objectshake","ObjectShake.5","Sonso",-0.44628710262842,0.0011101243339254,0.108792184724689
"192","100600","Action_49","Morph_105","DN","Followme","Rub","Rub.1","Sonso",0.215111379616945,0.0044404973357016,0.0066607460035524
"193","100595a","Action_22","Morph_43","DN","Followme","Hittingobjectobject","HitObject.5","Sonso",0.444685821261446,0.0044404973357016,0.00266429840142096
"194","100595a","Action_34","Morph_65","DN","Followme","Objectshake","ObjectShake.1","Sonso",-0.083381608939051,0.0746003552397869,0.108792184724689
"195","100518","Action_34","Morph_65","DN","Followme","Objectshake","ObjectShake.1","Sonso",0.587786664902119,0.0746003552397869,0.108792184724689
"196","100499","Action_61","Morph_130","DN","Followme","Throwobject","ThrowObject.1","Sonso",-0.82098055206983,0.00244227353463588,0.00244227353463588
"197","100500","Action_34","Morph_65","DN","Followme","Objectshake","ObjectShake.1","Sonso",0.444685821261446,0.0746003552397869,0.108792184724689
"198","100499","Action_33","Morph_62","DN","Followme","Objectmove","ObjectMove.2","Sonso",-1.27296567581289,0.00643872113676732,0.0406305506216696
"199","100595a","Action_34","Morph_65","DN","Followme","Objectshake","ObjectShake.1","Sonso",0.494696241836107,0.0746003552397869,0.108792184724689
"200","100515","Action_34","Morph_65","DN","Followme","Objectshake","ObjectShake.1","Sonso",0.470003629245736,0.0746003552397869,0.108792184724689
"201","100590p2","Action_34","Morph_65","DN","Followme","Objectshake","ObjectShake.1","Sonso",0.113328685307003,0.0746003552397869,0.108792184724689
"202","100601","Action_22","Morph_43","DN","Followme","Hittingobjectobject","HitObject.5","Sonso",0.858661619037519,0.0044404973357016,0.00266429840142096
"203","100606","Action_34","Morph_66","DN","Followme","Objectshake","ObjectShake.2","Sonso",0.0769610411361284,0.0237566607460036,0.108792184724689
"204","100575","Action_50","Morph_107","DN","Followme","Shake","Shake.1","Sonso",0.215111379616945,0.00355239786856128,0.0122113676731794
"205","100594","Action_34","Morph_65","DN","Followme","Objectshake","ObjectShake.1","Sonso",0.336472236621213,0.0746003552397869,0.108792184724689
"206","100601","Action_18","Morph_39","DN","Followme","Hitobjectobject","HitObject.1","Sonso",0.518793793415168,0.0430728241563055,0.00466252220248668
"207","100589","Action_34","Morph_65","DN","Followme","Objectshake","ObjectShake.1","Sonso",0.392042087776024,0.0746003552397869,0.108792184724689
"208","100594","Action_24","Morph_51","DN","Followme","Jump","Jump.1","Sonso",-0.385662480811985,0.00732682060390764,0.00732682060390764
"209","100578","Action_34","Morph_65","DN","Followme","Objectshake","ObjectShake.1","Sonso",0.924258901523332,0.0746003552397869,0.108792184724689
"210","100501","Action_34","Morph_65","DN","Followme","Objectshake","ObjectShake.1","Sonso",0.307484699747961,0.0746003552397869,0.108792184724689
"211","100509","Action_60","Morph_127","DN","Followme","Swing","Swing.1","Sonso",0.712949807856125,0.0428507992895204,0.0475133214920071
"212","100499","Action_60","Morph_127","DN","Followme","Swing","Swing.1","Sonso",0.148420005118273,0.0428507992895204,0.0475133214920071
"213","100516p2","Action_34","Morph_65","DN","Followme","Objectshake","ObjectShake.1","Sonso",0.542324290825362,0.0746003552397869,0.108792184724689
"214","100586","Action_34","Morph_66","DN","Followme","Objectshake","ObjectShake.2","Sonso",1.30291275218084,0.0237566607460036,0.108792184724689
"215","100511p1","Action_33","Morph_64","DN","Followme","Objectmove","ObjectMove.4","Sonso",-0.127833371509885,0.00066607460035524,0.0406305506216696
"216","100596","Action_34","Morph_65","DN","Followme","Objectshake","ObjectShake.1","Sonso",0.712949807856125,0.0746003552397869,0.108792184724689
"217","100578","Action_34","Morph_65","DN","Followme","Objectshake","ObjectShake.1","Sonso",1.12492959698548,0.0746003552397869,0.108792184724689
"218","100602p2","Action_34","Morph_65","DN","Followme","Objectshake","ObjectShake.1","Sonso",0.732367893713227,0.0746003552397869,0.108792184724689
"219","100590p1","Action_17","Morph_41","DN","Followme","Hitobject","HitObject.3","Sonso",-0.44628710262842,0.00510657193605684,0.0559502664298401
"220","100586","Action_34","Morph_65","DN","Followme","Objectshake","ObjectShake.1","Sonso",0.444685821261446,0.0746003552397869,0.108792184724689
"221","100508","Action_34","Morph_65","DN","Followme","Objectshake","ObjectShake.1","Sonso",1.44456326924387,0.0746003552397869,0.108792184724689
"222","100601","Action_34","Morph_66","DN","Followme","Objectshake","ObjectShake.2","Sonso",1.34547236659964,0.0237566607460036,0.108792184724689
"223","100579","Action_34","Morph_65","DN","Followme","Objectshake","ObjectShake.1","Sonso",1.11185751541813,0.0746003552397869,0.108792184724689
"224","100601","Action_34","Morph_65","DN","Followme","Objectshake","ObjectShake.1","Sonso",0.693147180559945,0.0746003552397869,0.108792184724689
"225","100578","Action_60","Morph_127","DN","Followme","Swing","Swing.1","Sonso",0.0392207131532813,0.0428507992895204,0.0475133214920071
"226","100519","Action_34","Morph_65","DN","Followme","Objectshake","ObjectShake.1","Sonso",0.732367893713227,0.0746003552397869,0.108792184724689
"227","100508","Action_60","Morph_127","DN","Followme","Swing","Swing.1","Sonso",-0.083381608939051,0.0428507992895204,0.0475133214920071
"228","100500","Action_61","Morph_130","DN","Followme","Throwobject","ThrowObject.1","Sonso",0.418710334858185,0.00244227353463588,0.00244227353463588
"229","100589","Action_34","Morph_65","DN","Followme","Objectshake","ObjectShake.1","Sonso",0.8754687373539,0.0746003552397869,0.108792184724689
"230","100593","Action_33","Morph_61","DN","Followme","Objectmove","ObjectMove.1","Sonso",-0.328504066972036,0.0317495559502664,0.0406305506216696
"231","100591","Action_34","Morph_65","DN","Followme","Objectshake","ObjectShake.1","Sonso",-0.127833371509885,0.0746003552397869,0.108792184724689
"232","100500","Action_33","Morph_62","DN","Followme","Objectmove","ObjectMove.2","Sonso",0.542324290825362,0.00643872113676732,0.0406305506216696
"233","100589","Action_17","Morph_41","DN","Followme","Hitobject","HitObject.3","Sonso",-0.510825623765991,0.00510657193605684,0.0559502664298401
"234","100511p1","Action_57","Morph_115","DN","Followme","Stompobject","StompObject.1","Sonso",-0.7339691750802,0.0337477797513321,0.0424067495559503
"235","100588","Action_34","Morph_66","DN","Followme","Objectshake","ObjectShake.2","Sonso",1.15057202759882,0.0237566607460036,0.108792184724689
"236","100595a","Action_57","Morph_115","DN","Followme","Stompobject","StompObject.1","Sonso",-1.02165124753198,0.0337477797513321,0.0424067495559503
"237","100608","Action_42","Morph_92","DN","Position","Push","Push.5","Sonso",-1.02165124753198,0.0066607460035524,0.0466252220248668
"238","100605","Action_34","Morph_65","DN","Followme","Objectshake","ObjectShake.1","Sonso",0.336472236621213,0.0746003552397869,0.108792184724689
"239","100557","Action_34","Morph_65","DN","Followme","Objectshake","ObjectShake.1","Sonso",0.470003629245736,0.0746003552397869,0.108792184724689
"240","100515","Action_33","Morph_61","DN","Followme","Objectmove","ObjectMove.1","Sonso",0.0392207131532813,0.0317495559502664,0.0406305506216696
"241","100519","Action_34","Morph_65","DN","Followme","Objectshake","ObjectShake.1","Sonso",0.392042087776024,0.0746003552397869,0.108792184724689
"242","100597","Action_33","Morph_61","DN","Followme","Objectmove","ObjectMove.1","Sonso",0.587786664902119,0.0317495559502664,0.0406305506216696
"243","100518","Action_60","Morph_127","DN","Followme","Swing","Swing.1","Sonso",-0.0408219945202552,0.0428507992895204,0.0475133214920071
"244","100504","Action_34","Morph_65","DN","Followme","Objectshake","ObjectShake.1","Sonso",-0.0408219945202552,0.0746003552397869,0.108792184724689
"245","100559","Action_34","Morph_65","DN","Followme","Objectshake","ObjectShake.1","Sonso",0.470003629245736,0.0746003552397869,0.108792184724689
"246","100602p1","Action_34","Morph_65","DN","Followme","Objectshake","ObjectShake.1","Sonso",1.56024766824333,0.0746003552397869,0.108792184724689
"247","100498","Action_33","Morph_61","DN","Followme","Objectmove","ObjectMove.1","Sonso",0.215111379616945,0.0317495559502664,0.0406305506216696
"248","100516p3","Action_33","Morph_61","DN","Followme","Objectmove","ObjectMove.1","Sonso",0.0769610411361284,0.0317495559502664,0.0406305506216696
"249","100557","Action_34","Morph_65","DN","Followme","Objectshake","ObjectShake.1","Sonso",0.392042087776024,0.0746003552397869,0.108792184724689
"250","100593","Action_22","Morph_43","DN","Followme","Hittingobjectobject","HitObject.5","Sonso",0.56531380905006,0.0044404973357016,0.00266429840142096
"251","100577","Action_34","Morph_65","DN","Sexualattention","Objectshake","ObjectShake.1","Sonso",1.43508452528932,0.0746003552397869,0.108792184724689
"252","100498","Action_60","Morph_127","DN","Followme","Swing","Swing.1","Sonso",0.148420005118273,0.0428507992895204,0.0475133214920071
"253","100509","Action_33","Morph_61","DN","Followme","Objectmove","ObjectMove.1","Sonso",0.364643113587909,0.0317495559502664,0.0406305506216696
"254","100509","Action_33","Morph_61","DN","Followme","Objectmove","ObjectMove.1","Sonso",0.924258901523332,0.0317495559502664,0.0406305506216696
"255","100517","Action_34","Morph_65","DN","Followme","Objectshake","ObjectShake.1","Sonso",0.364643113587909,0.0746003552397869,0.108792184724689
"256","100597","Action_33","Morph_61","DN","Followme","Objectmove","ObjectMove.1","Sonso",0.494696241836107,0.0317495559502664,0.0406305506216696
"257","100578","Action_34","Morph_65","DN","Followme","Objectshake","ObjectShake.1","Sonso",1.00063188030791,0.0746003552397869,0.108792184724689
"258","100589","Action_24","Morph_51","DN","Followme","Jump","Jump.1","Sonso",-0.385662480811985,0.00732682060390764,0.00732682060390764
"259","100585","Action_34","Morph_65","DN","Followme","Objectshake","ObjectShake.1","Sonso",1.17557332980424,0.0746003552397869,0.108792184724689
"260","100600","Action_34","Morph_65","DN","Followme","Objectshake","ObjectShake.1","Sonso",0.908258560176891,0.0746003552397869,0.108792184724689
"261","100575","Action_34","Morph_65","DN","Followme","Objectshake","ObjectShake.1","Sonso",0.364643113587909,0.0746003552397869,0.108792184724689
"262","100519","Action_34","Morph_65","DN","Followme","Objectshake","ObjectShake.1","Sonso",-0.27443684570176,0.0746003552397869,0.108792184724689
"263","100607","Action_34","Morph_66","DN","Followme","Objectshake","ObjectShake.2","Sonso",0.364643113587909,0.0237566607460036,0.108792184724689
"264","100519","Action_34","Morph_65","DN","Followme","Objectshake","ObjectShake.1","Sonso",0.113328685307003,0.0746003552397869,0.108792184724689
"265","100589","Action_34","Morph_66","DN","Followme","Objectshake","ObjectShake.2","Sonso",1.11185751541813,0.0237566607460036,0.108792184724689
"266","100595a","Action_34","Morph_69","DN","Followme","Objectshake","ObjectShake.5","Sonso",0.246860077931526,0.0011101243339254,0.108792184724689
"267","100557","Action_34","Morph_65","DN","Followme","Objectshake","ObjectShake.1","Sonso",0.770108221696074,0.0746003552397869,0.108792184724689
"268","100578","Action_34","Morph_65","DN","Followme","Objectshake","ObjectShake.1","Sonso",1.11185751541813,0.0746003552397869,0.108792184724689
"269","100510","Action_34","Morph_65","DN","Sexualattention","Objectshake","ObjectShake.1","Sonso",0.148420005118273,0.0746003552397869,0.108792184724689
"270","100589","Action_34","Morph_66","DN","Followme","Objectshake","ObjectShake.2","Sonso",1.11185751541813,0.0237566607460036,0.108792184724689
"271","100515","Action_57","Morph_115","DN","Followme","Stompobject","StompObject.1","Sonso",-0.44628710262842,0.0337477797513321,0.0424067495559503
"272","100507","Action_33","Morph_61","DN","Followme","Objectmove","ObjectMove.1","Sonso",0.587786664902119,0.0317495559502664,0.0406305506216696
"273","100601","Action_34","Morph_66","DN","Followme","Objectshake","ObjectShake.2","Sonso",0.908258560176891,0.0237566607460036,0.108792184724689
"274","100578","Action_34","Morph_65","DN","Followme","Objectshake","ObjectShake.1","Sonso",0.307484699747961,0.0746003552397869,0.108792184724689
"275","100519","Action_34","Morph_65","DN","Followme","Objectshake","ObjectShake.1","Sonso",0.770108221696074,0.0746003552397869,0.108792184724689
"276","100599","Action_34","Morph_65","DN","Followme","Objectshake","ObjectShake.1","Sonso",1.1999647829284,0.0746003552397869,0.108792184724689
"277","100513","Action_34","Morph_68","DN","Followme","Objectshake","ObjectShake.4","Sonso",0.732367893713227,0.00288632326820604,0.108792184724689
"278","100602p1","Action_34","Morph_65","DN","Followme","Objectshake","ObjectShake.1","Sonso",1.23547147138531,0.0746003552397869,0.108792184724689
"279","100590p2","Action_17","Morph_39","DN","Followme","Hitobject","HitObject.1","Sonso",-0.7339691750802,0.0430728241563055,0.0559502664298401
"280","100586","Action_17","Morph_39","DN","Followme","Hitobject","HitObject.1","Sonso",0.0769610411361284,0.0430728241563055,0.0559502664298401
"281","100594","Action_18","Morph_40","DN","Followme","Hitobjectobject","HitObject.2","Sonso",-0.44628710262842,0.0119893428063943,0.00466252220248668
"282","100596","Action_60","Morph_127","DN","Followme","Swing","Swing.1","Sonso",-0.22314355131421,0.0428507992895204,0.0475133214920071
"283","100591","Action_34","Morph_65","DN","Followme","Objectshake","ObjectShake.1","Sonso",1.1999647829284,0.0746003552397869,0.108792184724689
"284","100582","Action_17","Morph_39","DN","Stopbehaviour","Hitobject","HitObject.1","Sonso",-0.385662480811985,0.0430728241563055,0.0559502664298401
"285","100508","Action_49","Morph_105","DN","Followme","Rub","Rub.1","Sonso",-0.22314355131421,0.0044404973357016,0.0066607460035524
"286","100593","Action_18","Morph_39","DN","Followme","Hitobjectobject","HitObject.1","Sonso",0,0.0430728241563055,0.00466252220248668
"287","100507","Action_33","Morph_61","DN","Followme","Objectmove","ObjectMove.1","Sonso",0.0392207131532813,0.0317495559502664,0.0406305506216696
"288","100578","Action_17","Morph_39","DN","Followme","Hitobject","HitObject.1","Sonso",-0.174353387144778,0.0430728241563055,0.0559502664298401
"289","100508","Action_60","Morph_127","DN","Followme","Swing","Swing.1","Sonso",0.336472236621213,0.0428507992895204,0.0475133214920071
"290","100518","Action_60","Morph_127","DN","Followme","Swing","Swing.1","Sonso",-0.44628710262842,0.0428507992895204,0.0475133214920071
"291","100509","Action_61","Morph_130","DN","Followme","Throwobject","ThrowObject.1","Sonso",-0.0408219945202552,0.00244227353463588,0.00244227353463588
"292","100511p1","Action_33","Morph_61","DN","Followme","Objectmove","ObjectMove.1","Sonso",-0.27443684570176,0.0317495559502664,0.0406305506216696
"293","100587","Action_34","Morph_65","DN","Followme","Objectshake","ObjectShake.1","Sonso",1.21194097397511,0.0746003552397869,0.108792184724689
"294","100597","Action_33","Morph_61","DN","Followme","Objectmove","ObjectMove.1","Sonso",-0.083381608939051,0.0317495559502664,0.0406305506216696
"295","100601","Action_34","Morph_65","DN","Followme","Objectshake","ObjectShake.1","Sonso",1.08518926833597,0.0746003552397869,0.108792184724689
"296","100594","Action_34","Morph_65","DN","Followme","Objectshake","ObjectShake.1","Sonso",0.78845736036427,0.0746003552397869,0.108792184724689
"297","100594","Action_34","Morph_65","DN","Followme","Objectshake","ObjectShake.1","Sonso",0.751416088683921,0.0746003552397869,0.108792184724689
"298","100586","Action_34","Morph_65","DN","Followme","Objectshake","ObjectShake.1","Sonso",0.27763173659828,0.0746003552397869,0.108792184724689
"299","100579","Action_34","Morph_66","DN","Followme","Objectshake","ObjectShake.2","Sonso",1.05779029414785,0.0237566607460036,0.108792184724689
"300","100580","Action_34","Morph_65","DN","Followme","Objectshake","ObjectShake.1","Sonso",0.841567185678219,0.0746003552397869,0.108792184724689
"301","100591","Action_34","Morph_65","DN","Followme","Objectshake","ObjectShake.1","Sonso",0.182321556793955,0.0746003552397869,0.108792184724689
"302","100575","Action_34","Morph_66","DN","Followme","Objectshake","ObjectShake.2","Sonso",0.693147180559945,0.0237566607460036,0.108792184724689
"303","100508","Action_17","Morph_39","DN","Followme","Hitobject","HitObject.1","Sonso",-0.083381608939051,0.0430728241563055,0.0559502664298401
"304","100580","Action_33","Morph_61","DN","Followme","Objectmove","ObjectMove.1","Sonso",0.631271776841858,0.0317495559502664,0.0406305506216696
"305","100577","Action_34","Morph_66","DN","Sexualattention","Objectshake","ObjectShake.2","Sonso",1.05779029414785,0.0237566607460036,0.108792184724689
"306","100578","Action_34","Morph_65","DN","Followme","Objectshake","ObjectShake.1","Sonso",0.56531380905006,0.0746003552397869,0.108792184724689
"307","100601","Action_34","Morph_65","DN","Followme","Objectshake","ObjectShake.1","Sonso",0.494696241836107,0.0746003552397869,0.108792184724689
"308","100508","Action_34","Morph_65","DN","Followme","Objectshake","ObjectShake.1","Sonso",0.89199803930511,0.0746003552397869,0.108792184724689
"309","100595a","Action_18","Morph_39","DN","Followme","Hitobjectobject","HitObject.1","Sonso",0.27763173659828,0.0430728241563055,0.00466252220248668
"310","100575","Action_34","Morph_65","DN","Followme","Objectshake","ObjectShake.1","Sonso",0.518793793415168,0.0746003552397869,0.108792184724689
"311","100577","Action_34","Morph_66","DN","Sexualattention","Objectshake","ObjectShake.2","Sonso",0.542324290825362,0.0237566607460036,0.108792184724689
"312","100557","Action_33","Morph_61","DN","Followme","Objectmove","ObjectMove.1","Sonso",-1.27296567581289,0.0317495559502664,0.0406305506216696
"313","100595a","Action_34","Morph_65","DN","Followme","Objectshake","ObjectShake.1","Sonso",0.494696241836107,0.0746003552397869,0.108792184724689
"314","100509","Action_33","Morph_62","DN","Followme","Objectmove","ObjectMove.2","Sonso",-0.083381608939051,0.00643872113676732,0.0406305506216696
"315","100498","Action_33","Morph_62","DN","Followme","Objectmove","ObjectMove.2","Sonso",0.182321556793955,0.00643872113676732,0.0406305506216696
"316","100519","Action_33","Morph_61","DN","Followme","Objectmove","ObjectMove.1","Sonso",-0.385662480811985,0.0317495559502664,0.0406305506216696
"317","100504","Action_22","Morph_43","DN","Followme","Hittingobjectobject","HitObject.5","Sonso",0.148420005118273,0.0044404973357016,0.00266429840142096
"318","100558","Action_60","Morph_127","DN","Followme","Swing","Swing.1","Sonso",0.148420005118273,0.0428507992895204,0.0475133214920071
"319","100503","Action_34","Morph_65","DN","Followme","Objectshake","ObjectShake.1","Sonso",0.587786664902119,0.0746003552397869,0.108792184724689
"320","100504","Action_18","Morph_39","DN","Followme","Hitobjectobject","HitObject.1","Sonso",-0.27443684570176,0.0430728241563055,0.00466252220248668
"321","100588","Action_34","Morph_65","DN","Followme","Objectshake","ObjectShake.1","Sonso",1.00063188030791,0.0746003552397869,0.108792184724689
"322","100593","Action_34","Morph_65","DN","Followme","Objectshake","ObjectShake.1","Sonso",0.364643113587909,0.0746003552397869,0.108792184724689
"323","100507","Action_34","Morph_65","DN","Followme","Objectshake","ObjectShake.1","Sonso",0.27763173659828,0.0746003552397869,0.108792184724689
"324","100590p2","Action_34","Morph_65","DN","Followme","Objectshake","ObjectShake.1","Sonso",0.732367893713227,0.0746003552397869,0.108792184724689
"325","100591","Action_34","Morph_65","DN","Followme","Objectshake","ObjectShake.1","Sonso",-0.127833371509885,0.0746003552397869,0.108792184724689
"326","100600","Action_24","Morph_51","DN","Followme","Jump","Jump.1","Sonso",-0.653926467406664,0.00732682060390764,0.00732682060390764
"327","100513","Action_33","Morph_62","DN","Followme","Objectmove","ObjectMove.2","Sonso",0.336472236621213,0.00643872113676732,0.0406305506216696
"328","100592","Action_49","Morph_105","DN","Sociosexualattention","Rub","Rub.1","Sonso",-0.127833371509885,0.0044404973357016,0.0066607460035524
"329","100508","Action_60","Morph_127","DN","Followme","Swing","Swing.1","Sonso",0.418710334858185,0.0428507992895204,0.0475133214920071
"330","100501","Action_17","Morph_39","DN","Followme","Hitobject","HitObject.1","Sonso",-0.083381608939051,0.0430728241563055,0.0559502664298401
"331","100575","Action_34","Morph_66","DN","Followme","Objectshake","ObjectShake.2","Sonso",0.364643113587909,0.0237566607460036,0.108792184724689
"332","100511p1","Action_60","Morph_127","DN","Followme","Swing","Swing.1","Sonso",0.444685821261446,0.0428507992895204,0.0475133214920071
"333","100581","Action_34","Morph_65","DN","Followme","Objectshake","ObjectShake.1","Sonso",0.56531380905006,0.0746003552397869,0.108792184724689
"334","100600","Action_34","Morph_65","DN","Followme","Objectshake","ObjectShake.1","Sonso",0.65232518603969,0.0746003552397869,0.108792184724689
"335","100498","Action_33","Morph_61","DN","Followme","Objectmove","ObjectMove.1","Sonso",-0.22314355131421,0.0317495559502664,0.0406305506216696
"336","100589","Action_34","Morph_65","DN","Followme","Objectshake","ObjectShake.1","Sonso",1.33500106673234,0.0746003552397869,0.108792184724689
"337","100594","Action_34","Morph_65","DN","Followme","Objectshake","ObjectShake.1","Sonso",-0.22314355131421,0.0746003552397869,0.108792184724689
"338","100508","Action_33","Morph_62","DN","Followme","Objectmove","ObjectMove.2","Sonso",-0.7339691750802,0.00643872113676732,0.0406305506216696
"339","100590p3","Action_34","Morph_65","DN","Followme","Objectshake","ObjectShake.1","Sonso",1.13783300182139,0.0746003552397869,0.108792184724689
"340","100595a","Action_55","Morph_116","DN","Followme","Stompingobject","StompObject.2","Sonso",0,0.0148756660746004,0.0230905861456483
"341","100606","Action_34","Morph_65","DN","Followme","Objectshake","ObjectShake.1","Sonso",0.0769610411361284,0.0746003552397869,0.108792184724689
"342","100507","Action_34","Morph_65","DN","Followme","Objectshake","ObjectShake.1","Sonso",-0.385662480811985,0.0746003552397869,0.108792184724689
"343","100504","Action_34","Morph_65","DN","Followme","Objectshake","ObjectShake.1","Sonso",0.56531380905006,0.0746003552397869,0.108792184724689
"344","100498","Action_33","Morph_61","DN","Followme","Objectmove","ObjectMove.1","Sonso",-0.127833371509885,0.0317495559502664,0.0406305506216696
"345","100515","Action_34","Morph_65","DN","Followme","Objectshake","ObjectShake.1","Sonso",0.444685821261446,0.0746003552397869,0.108792184724689
"346","100503","Action_33","Morph_61","DN","Followme","Objectmove","ObjectMove.1","Sonso",-0.653926467406664,0.0317495559502664,0.0406305506216696
"347","100598","Action_34","Morph_65","DN","Followme","Objectshake","ObjectShake.1","Sonso",0.672944473242426,0.0746003552397869,0.108792184724689
"348","100511p2","Action_34","Morph_65","DN","Followme","Objectshake","ObjectShake.1","Sonso",0.693147180559945,0.0746003552397869,0.108792184724689
"349","100575","Action_34","Morph_66","DN","Followme","Objectshake","ObjectShake.2","Sonso",0.609765571620894,0.0237566607460036,0.108792184724689
"350","100607","Action_57","Morph_115","DN","Followme","Stompobject","StompObject.1","Sonso",-0.82098055206983,0.0337477797513321,0.0424067495559503
"351","100518","Action_24","Morph_51","DN","Followme","Jump","Jump.1","Sonso",-0.510825623765991,0.00732682060390764,0.00732682060390764
"352","100511p1","Action_33","Morph_61","DN","Followme","Objectmove","ObjectMove.1","Sonso",-0.22314355131421,0.0317495559502664,0.0406305506216696
"353","100588","Action_34","Morph_65","DN","Followme","Objectshake","ObjectShake.1","Sonso",1.42551507427317,0.0746003552397869,0.108792184724689
"354","100591","Action_49","Morph_105","DN","Followme","Rub","Rub.1","Sonso",0.113328685307003,0.0044404973357016,0.0066607460035524
"355","100500","Action_34","Morph_65","DN","Followme","Objectshake","ObjectShake.1","Sonso",0.732367893713227,0.0746003552397869,0.108792184724689
"356","100596","Action_57","Morph_115","DN","Followme","Stompobject","StompObject.1","Sonso",-0.510825623765991,0.0337477797513321,0.0424067495559503
"357","100519","Action_57","Morph_115","DN","Followme","Stompobject","StompObject.1","Sonso",-0.44628710262842,0.0337477797513321,0.0424067495559503
"358","100498","Action_2","Morph_4","DN","Followme","Bigloudscratch","BigLoudScratch.2","Sonso",0.246860077931526,0.019316163410302,0.0577264653641208
"359","100594","Action_50","Morph_108","DN","Followme","Shake","Shake.2","Sonso",-0.653926467406664,0.00466252220248668,0.0122113676731794
"360","100595a","Action_34","Morph_65","DN","Followme","Objectshake","ObjectShake.1","Sonso",0.336472236621213,0.0746003552397869,0.108792184724689
"361","100605","Action_34","Morph_66","DN","Followme","Objectshake","ObjectShake.2","Sonso",1.36609165380237,0.0237566607460036,0.108792184724689
"362","100520","Action_34","Morph_65","DN","Groom","Objectshake","ObjectShake.1","Sonso",0.307484699747961,0.0746003552397869,0.108792184724689
"363","100590p2","Action_34","Morph_65","DN","Followme","Objectshake","ObjectShake.1","Sonso",0.215111379616945,0.0746003552397869,0.108792184724689
"364","100500","Action_17","Morph_39","DN","Followme","Hitobject","HitObject.1","Sonso",-0.127833371509885,0.0430728241563055,0.0559502664298401
"365","100593","Action_18","Morph_39","DN","Followme","Hitobjectobject","HitObject.1","Sonso",-0.916290731874155,0.0430728241563055,0.00466252220248668
"366","100507","Action_34","Morph_65","DN","Followme","Objectshake","ObjectShake.1","Sonso",0.113328685307003,0.0746003552397869,0.108792184724689
"367","100515","Action_33","Morph_61","DN","Followme","Objectmove","ObjectMove.1","Sonso",-0.22314355131421,0.0317495559502664,0.0406305506216696
"368","100520","Action_50","Morph_107","DN","Groom","Shake","Shake.1","Sonso",-0.127833371509885,0.00355239786856128,0.0122113676731794
"369","100514","Action_33","Morph_62","DN","Followme","Objectmove","ObjectMove.2","Sonso",0.148420005118273,0.00643872113676732,0.0406305506216696
"370","100557","Action_50","Morph_107","DN","Followme","Shake","Shake.1","Sonso",-0.174353387144778,0.00355239786856128,0.0122113676731794
"371","100508","Action_60","Morph_127","DN","Followme","Swing","Swing.1","Sonso",0.955511445027436,0.0428507992895204,0.0475133214920071
"372","100593","Action_22","Morph_43","DN","Followme","Hittingobjectobject","HitObject.5","Sonso",0.609765571620894,0.0044404973357016,0.00266429840142096
"373","100575","Action_34","Morph_65","DN","Followme","Objectshake","ObjectShake.1","Sonso",0.841567185678219,0.0746003552397869,0.108792184724689
"374","100595a","Action_34","Morph_65","DN","Followme","Objectshake","ObjectShake.1","Sonso",0.336472236621213,0.0746003552397869,0.108792184724689
"375","100594","Action_34","Morph_65","DN","Followme","Objectshake","ObjectShake.1","Sonso",0.693147180559945,0.0746003552397869,0.108792184724689
"376","100590p2","Action_34","Morph_66","DN","Followme","Objectshake","ObjectShake.2","Sonso",1.05779029414785,0.0237566607460036,0.108792184724689
"377","100498","Action_33","Morph_61","DN","Followme","Objectmove","ObjectMove.1","Sonso",0.470003629245736,0.0317495559502664,0.0406305506216696
"378","100559","Action_33","Morph_61","DN","Followme","Objectmove","ObjectMove.1","Sonso",-0.328504066972036,0.0317495559502664,0.0406305506216696
"379","100594","Action_34","Morph_66","DN","Followme","Objectshake","ObjectShake.2","Sonso",0.494696241836107,0.0237566607460036,0.108792184724689
"380","100596","Action_60","Morph_127","DN","Followme","Swing","Swing.1","Sonso",0.0769610411361284,0.0428507992895204,0.0475133214920071
"381","100511p2","Action_34","Morph_65","DN","Followme","Objectshake","ObjectShake.1","Sonso",0.631271776841858,0.0746003552397869,0.108792184724689
"382","100590p2","Action_34","Morph_65","DN","Followme","Objectshake","ObjectShake.1","Sonso",0.494696241836107,0.0746003552397869,0.108792184724689
"383","100593","Action_22","Morph_43","DN","Followme","Hittingobjectobject","HitObject.5","Sonso",0.470003629245736,0.0044404973357016,0.00266429840142096
"384","100595a","Action_22","Morph_43","DN","Followme","Hittingobjectobject","HitObject.5","Sonso",0.246860077931526,0.0044404973357016,0.00266429840142096
"385","100517","Action_34","Morph_65","DN","Followme","Objectshake","ObjectShake.1","Sonso",0.364643113587909,0.0746003552397869,0.108792184724689
"386","100607","Action_57","Morph_115","DN","Followme","Stompobject","StompObject.1","Sonso",-0.579818495252942,0.0337477797513321,0.0424067495559503
"387","100511p1","Action_33","Morph_63","DN","Followme","Objectmove","ObjectMove.3","Sonso",-0.27443684570176,0.0011101243339254,0.0406305506216696
"388","100597","Action_34","Morph_65","DN","Followme","Objectshake","ObjectShake.1","Sonso",0.8754687373539,0.0746003552397869,0.108792184724689
"389","100594","Action_34","Morph_66","DN","Followme","Objectshake","ObjectShake.2","Sonso",-0.0418642040986989,0.0237566607460036,0.108792184724689
"390","100594","Action_49","Morph_105","DN","Followme","Rub","Rub.1","Sonso",0.113328685307003,0.0044404973357016,0.0066607460035524
"391","100557","Action_34","Morph_65","DN","Followme","Objectshake","ObjectShake.1","Sonso",0.307484699747961,0.0746003552397869,0.108792184724689
"392","100590p1","Action_34","Morph_65","DN","Followme","Objectshake","ObjectShake.1","Sonso",1.1999647829284,0.0746003552397869,0.108792184724689
"393","100515","Action_34","Morph_65","DN","Followme","Objectshake","ObjectShake.1","Sonso",0.924258901523332,0.0746003552397869,0.108792184724689
"394","100513","Action_34","Morph_68","DN","Followme","Objectshake","ObjectShake.4","Sonso",0.418710334858185,0.00288632326820604,0.108792184724689
"395","100514","Action_60","Morph_129","DN","Followme","Swing","Swing.3","Sonso",0.182321556793955,0.0011101243339254,0.0475133214920071
"396","100602p1","Action_33","Morph_61","DN","Followme","Objectmove","ObjectMove.1","Sonso",0.148420005118273,0.0317495559502664,0.0406305506216696
"397","100557","Action_33","Morph_61","DN","Followme","Objectmove","ObjectMove.1","Sonso",-0.127833371509885,0.0317495559502664,0.0406305506216696
"398","100516p4","Action_34","Morph_65","DN","Followme","Objectshake","ObjectShake.1","Sonso",0.392042087776024,0.0746003552397869,0.108792184724689
"399","100515","Action_34","Morph_65","DN","Followme","Objectshake","ObjectShake.1","Sonso",0.732367893713227,0.0746003552397869,0.108792184724689
"400","100508","Action_34","Morph_65","DN","Followme","Objectshake","ObjectShake.1","Sonso",0.732367893713227,0.0746003552397869,0.108792184724689
"401","100500","Action_34","Morph_65","DN","Followme","Objectshake","ObjectShake.1","Sonso",0.444685821261446,0.0746003552397869,0.108792184724689
"402","100597","Action_17","Morph_39","DN","Followme","Hitobject","HitObject.1","Sonso",-0.083381608939051,0.0430728241563055,0.0559502664298401
"403","100589","Action_34","Morph_65","DN","Followme","Objectshake","ObjectShake.1","Sonso",0.148420005118273,0.0746003552397869,0.108792184724689
"404","100607","Action_34","Morph_69","DN","Followme","Objectshake","ObjectShake.5","Sonso",-0.174353387144778,0.0011101243339254,0.108792184724689
"405","100607","Action_34","Morph_66","DN","Followme","Objectshake","ObjectShake.2","Sonso",0.732367893713227,0.0237566607460036,0.108792184724689
"406","100501","Action_34","Morph_65","DN","Followme","Objectshake","ObjectShake.1","Sonso",0.444685821261446,0.0746003552397869,0.108792184724689
"407","100500","Action_33","Morph_61","DN","Followme","Objectmove","ObjectMove.1","Sonso",0.470003629245736,0.0317495559502664,0.0406305506216696
"408","100598","Action_34","Morph_66","DN","Followme","Objectshake","ObjectShake.2","Sonso",0.955511445027436,0.0237566607460036,0.108792184724689
"409","100594","Action_21","Morph_43","DN","Followme","Hittingobject","HitObject.5","Sonso",0.858661619037519,0.0044404973357016,0.00799289520426288
"410","100498","Action_33","Morph_61","DN","Followme","Objectmove","ObjectMove.1","Sonso",-0.127833371509885,0.0317495559502664,0.0406305506216696
"411","100518","Action_33","Morph_61","DN","Followme","Objectmove","ObjectMove.1","Sonso",-0.27443684570176,0.0317495559502664,0.0406305506216696
"412","100607","Action_24","Morph_51","DN","Followme","Jump","Jump.1","Sonso",-0.0408219945202552,0.00732682060390764,0.00732682060390764
"413","100520","Action_18","Morph_39","DN","Groom","Hitobjectobject","HitObject.1","Sonso",-0.44628710262842,0.0430728241563055,0.00466252220248668
"414","100502","Action_33","Morph_62","DN","Followme","Objectmove","ObjectMove.2","Sonso",0.587786664902119,0.00643872113676732,0.0406305506216696
"415","100588","Action_34","Morph_66","DN","Followme","Objectshake","ObjectShake.2","Sonso",0.542324290825362,0.0237566607460036,0.108792184724689
"416","100597","Action_34","Morph_65","DN","Followme","Objectshake","ObjectShake.1","Sonso",0.418710334858185,0.0746003552397869,0.108792184724689
"417","100586","Action_34","Morph_65","DN","Followme","Objectshake","ObjectShake.1","Sonso",0.985816794522765,0.0746003552397869,0.108792184724689
"418","100559","Action_34","Morph_65","DN","Followme","Objectshake","ObjectShake.1","Sonso",0.470003629245736,0.0746003552397869,0.108792184724689
"419","100509","Action_33","Morph_62","DN","Followme","Objectmove","ObjectMove.2","Sonso",-0.0408219945202552,0.00643872113676732,0.0406305506216696
"420","100501","Action_34","Morph_65","DN","Followme","Objectshake","ObjectShake.1","Sonso",-0.0408219945202552,0.0746003552397869,0.108792184724689
"421","100519","Action_57","Morph_115","DN","Followme","Stompobject","StompObject.1","Sonso",-0.385662480811985,0.0337477797513321,0.0424067495559503
"422","100601","Action_22","Morph_43","DN","Followme","Hittingobjectobject","HitObject.5","Sonso",0.418710334858185,0.0044404973357016,0.00266429840142096
"423","100509","Action_61","Morph_130","DN","Followme","Throwobject","ThrowObject.1","Sonso",0.732367893713227,0.00244227353463588,0.00244227353463588
"424","100599","Action_34","Morph_65","DN","Followme","Objectshake","ObjectShake.1","Sonso",0.364643113587909,0.0746003552397869,0.108792184724689
"425","100595a","Action_34","Morph_65","DN","Followme","Objectshake","ObjectShake.1","Sonso",0.587786664902119,0.0746003552397869,0.108792184724689
"426","100596","Action_34","Morph_65","DN","Followme","Objectshake","ObjectShake.1","Sonso",0.65232518603969,0.0746003552397869,0.108792184724689
"427","100602p1","Action_57","Morph_115","DN","Followme","Stompobject","StompObject.1","Sonso",-0.127833371509885,0.0337477797513321,0.0424067495559503
"428","100509","Action_34","Morph_65","DN","Followme","Objectshake","ObjectShake.1","Sonso",-0.174353387144778,0.0746003552397869,0.108792184724689
"429","100575","Action_34","Morph_65","DN","Followme","Objectshake","ObjectShake.1","Sonso",1.16315080980568,0.0746003552397869,0.108792184724689
"430","100607","Action_34","Morph_65","DN","Followme","Objectshake","ObjectShake.1","Sonso",0.364643113587909,0.0746003552397869,0.108792184724689
"431","100507","Action_33","Morph_61","DN","Followme","Objectmove","ObjectMove.1","Sonso",0.27763173659828,0.0317495559502664,0.0406305506216696
"432","100575","Action_34","Morph_65","DN","Followme","Objectshake","ObjectShake.1","Sonso",0.751416088683921,0.0746003552397869,0.108792184724689
"433","100555","Action_60","Morph_127","DN","Followme","Swing","Swing.1","Sonso",-0.328504066972036,0.0428507992895204,0.0475133214920071
"434","100516p1","Action_34","Morph_65","DN","Followme","Objectshake","ObjectShake.1","Sonso",1.29198368164865,0.0746003552397869,0.108792184724689
"435","100559","Action_60","Morph_127","DN","Followme","Swing","Swing.1","Sonso",-0.22314355131421,0.0428507992895204,0.0475133214920071
"436","100577","Action_34","Morph_65","DN","Sexualattention","Objectshake","ObjectShake.1","Sonso",1.07158361628019,0.0746003552397869,0.108792184724689
"437","100500","Action_34","Morph_65","DN","Followme","Objectshake","ObjectShake.1","Sonso",0.65232518603969,0.0746003552397869,0.108792184724689
"438","100509","Action_33","Morph_61","DN","Followme","Objectmove","ObjectMove.1","Sonso",-0.22314355131421,0.0317495559502664,0.0406305506216696
"439","100590p3","Action_49","Morph_105","DN","Followme","Rub","Rub.1","Sonso",0.113328685307003,0.0044404973357016,0.0066607460035524
"440","100595a","Action_18","Morph_39","DN","Followme","Hitobjectobject","HitObject.1","Sonso",0.148420005118273,0.0430728241563055,0.00466252220248668
"441","100581","Action_34","Morph_65","DN","Followme","Objectshake","ObjectShake.1","Sonso",0.65232518603969,0.0746003552397869,0.108792184724689
"442","100504","Action_22","Morph_43","DN","Followme","Hittingobjectobject","HitObject.5","Sonso",0.364643113587909,0.0044404973357016,0.00266429840142096
"443","100600","Action_34","Morph_66","DN","Followme","Objectshake","ObjectShake.2","Sonso",1.08518926833597,0.0237566607460036,0.108792184724689
"444","100505","Action_18","Morph_39","DN","Followme","Hitobjectobject","HitObject.1","Sonso",0,0.0430728241563055,0.00466252220248668
"445","100590p1","Action_34","Morph_65","DN","Followme","Objectshake","ObjectShake.1","Sonso",0.908258560176891,0.0746003552397869,0.108792184724689
"446","100507","Action_33","Morph_61","DN","Followme","Objectmove","ObjectMove.1","Sonso",-0.653926467406664,0.0317495559502664,0.0406305506216696
"447","101251","Action_23","Morph_47","FA","Play","Hittingother","HitOther.3","Sonso",0.0769610411361284,0.00843694493783304,0.0157637655417407
"448","100211","Action_37","Morph_74","FA","Travel","Poke","Poke.1","Sonso",-0.385662480811985,0.00266429840142096,0.00266429840142096
"449","102418","Action_20","Morph_46","FA","Stopbehaviour","Hitother","HitOther.2","Sonso",-0.385662480811985,0.00932504440497336,0.0404085257548845
"450","102414","Action_17","Morph_39","FA","Play","Hitobject","HitObject.1","Sonso",-0.385662480811985,0.0430728241563055,0.0559502664298401
"451","102413","Action_57","Morph_115","FA","Play","Stompobject","StompObject.1","Sonso",-1.27296567581289,0.0337477797513321,0.0424067495559503
"452","102414","Action_17","Morph_41","FA","Play","Hitobject","HitObject.3","Sonso",-0.44628710262842,0.00510657193605684,0.0559502664298401
"453","102414","Action_17","Morph_41","FA","Play","Hitobject","HitObject.3","Sonso",0.0392207131532813,0.00510657193605684,0.0559502664298401
"454","102414","Action_57","Morph_115","FA","Play","Stompobject","StompObject.1","Sonso",-0.22314355131421,0.0337477797513321,0.0424067495559503
"455","102413","Action_17","Morph_39","FA","Play","Hitobject","HitObject.1","Sonso",-1.83258146374831,0.0430728241563055,0.0559502664298401
"456","102413","Action_55","Morph_116","FA","Play","Stompingobject","StompObject.2","Sonso",-0.510825623765991,0.0148756660746004,0.0230905861456483
"457","100209","Action_52","Morph_112","FA","Stopbehaviour","Spinroulade","SpinRoulade.1","Sonso",0.307484699747961,0.00488454706927176,0.00488454706927176
"458","102332","Action_42","Morph_93","FD","Position","Push","Push.6","Sonso",-0.82098055206983,0.0066607460035524,0.0466252220248668
"459","100202","Action_34","Morph_65","FD","Sexualattention","Objectshake","ObjectShake.1","Sonso",0.336472236621213,0.0746003552397869,0.108792184724689
"460","100977","Action_45","Morph_101","FD","Giveme","Reach","Reach.2","Sonso",1.01523067972906,0.0370781527531083,0.0801509769094138
"461","100977","Action_45","Morph_101","FD","Giveme","Reach","Reach.2","Sonso",0.542324290825362,0.0370781527531083,0.0801509769094138
"462","100980","Action_45","Morph_101","FD","Giveme","Reach","Reach.2","Sonso",-0.328504066972036,0.0370781527531083,0.0801509769094138
"463","100215","Action_47","Morph_103","FD","Sexualattention","Rockingsit","Rocking.1","Sonso",0.609765571620894,0.00377442273534636,0.00377442273534636
"464","100215","Action_40","Morph_82","FD","Sexualattention","Presentgenitalsforwards","PresentGenitals.1","Sonso",0.392042087776024,0.0295293072824156,0.00199822380106572
"465","100875b","Action_63","Morph_134","FD","Sociosexualattention","Touch","Touch.3","Sonso",-0.385662480811985,0.00488454706927176,0.0341918294849023
"466","100858","Action_38","Morph_75","FD","Groom","Present","Present.1","Sonso",0.444685821261446,0.0170959147424512,0.0492895204262877
"467","100860","Action_2","Morph_4","FD","Groom","Bigloudscratch","BigLoudScratch.2","Sonso",0.470003629245736,0.019316163410302,0.0577264653641208
"468","101582","Action_38","Morph_75","FD","Directattention","Present","Present.1","Sonso",0.841567185678219,0.0170959147424512,0.0492895204262877
"469","101581","Action_38","Morph_75","FD","Directattention","Present","Present.1","Sonso",0.806475865866949,0.0170959147424512,0.0492895204262877
"470","100676a","Action_2","Morph_5","FK","Groom","Bigloudscratch","BigLoudScratch.3","Sonso",0.307484699747961,0.0119893428063943,0.0577264653641208
"471","100676a","Action_2","Morph_3","FK","Groom","Bigloudscratch","BigLoudScratch.1","Sonso",0.542324290825362,0.0215364120781528,0.0577264653641208
"472","100250a","Action_2","Morph_3","FK","Groom","Bigloudscratch","BigLoudScratch.1","Sonso",0.336472236621213,0.0215364120781528,0.0577264653641208
"473","100249a","Action_2","Morph_5","FK","Groom","Bigloudscratch","BigLoudScratch.3","Sonso",0.587786664902119,0.0119893428063943,0.0577264653641208
"474","100250a","Action_2","Morph_3","FK","Groom","Bigloudscratch","BigLoudScratch.1","Sonso",0.631271776841858,0.0215364120781528,0.0577264653641208
"475","100249a","Action_2","Morph_3","FK","Groom","Bigloudscratch","BigLoudScratch.1","Sonso",0.924258901523332,0.0215364120781528,0.0577264653641208
"476","100938","Action_14","Morph_29","FK","Play","Grab","Grab.1","Sonso",-0.653926467406664,0.00821492007104796,0.0353019538188277
"477","101109","Action_34","Morph_65","FK","Play","Objectshake","ObjectShake.1","Sonso",0.924258901523332,0.0746003552397869,0.108792184724689
"478","101109","Action_34","Morph_65","FK","Play","Objectshake","ObjectShake.1","Sonso",0.27763173659828,0.0746003552397869,0.108792184724689
"479","101769","Action_34","Morph_66","FK","Sexualattention","Objectshake","ObjectShake.2","Sonso",1.02961941718116,0.0237566607460036,0.108792184724689
"480","101754","Action_45","Morph_101","FK","Affiliation","Reach","Reach.2","Sonso",0.113328685307003,0.0370781527531083,0.0801509769094138
"481","101755a","Action_55","Morph_117","FK","Moveaway","Stompingobject","StompObject.3","Sonso",0.336472236621213,0.00688277087033748,0.0230905861456483
"482","101755a","Action_34","Morph_65","FK","Moveaway","Objectshake","ObjectShake.1","Sonso",0.841567185678219,0.0746003552397869,0.108792184724689
"483","101106","Action_34","Morph_65","FK","Moveaway","Objectshake","ObjectShake.1","Sonso",0.518793793415168,0.0746003552397869,0.108792184724689
"484","102233","Action_2","Morph_5","FK","Groom","Bigloudscratch","BigLoudScratch.3","Sonso",-0.0408219945202552,0.0119893428063943,0.0577264653641208
"485","102229a","Action_2","Morph_3","FK","Groom","Bigloudscratch","BigLoudScratch.1","Sonso",0.56531380905006,0.0215364120781528,0.0577264653641208
"486","100328","Action_3","Morph_9","FK","Affiliation","Bite","Bite.1","Sonso",-0.174353387144778,0.0044404973357016,0.0168738898756661
"487","100428b","Action_9","Morph_20","FK","Play","Dangleshake","DangleShake.1","Sonso",1.07158361628019,0.00710479573712256,0.00710479573712256
"488","101179","Action_20","Morph_45","FK","Play","Hitother","HitOther.1","Sonso",-0.75928698306449,0.0202042628774423,0.0404085257548845
"489","101179","Action_32","Morph_60","FK","Play","Objectmouth","ObjectMouth.1","Sonso",0.126632650933366,0.00466252220248668,0.00466252220248668
"490","101179","Action_60","Morph_127","FK","Play","Swing","Swing.1","Sonso",-0.0335567835288428,0.0428507992895204,0.0475133214920071
"491","100368","Action_13","Morph_27","FK","Moveaway","Fling","Fling.1","Sonso",-1.02165124753198,0.00688277087033748,0.0117673179396092
"492","100867","Action_34","Morph_69","FK","Moveaway","Objectshake","ObjectShake.5","Sonso",0.418710334858185,0.0011101243339254,0.108792184724689
"493","100867","Action_17","Morph_40","FK","Moveaway","Hitobject","HitObject.2","Sonso",-0.7339691750802,0.0119893428063943,0.0559502664298401
"494","100867","Action_17","Morph_40","FK","Moveaway","Hitobject","HitObject.2","Sonso",-0.22314355131421,0.0119893428063943,0.0559502664298401
"495","100867","Action_21","Morph_44","FK","Moveaway","Hittingobject","HitObject.6","Sonso",0.148420005118273,0.00155417406749556,0.00799289520426288
"496","100867","Action_24","Morph_51","FK","Moveaway","Jump","Jump.1","Sonso",-0.44628710262842,0.00732682060390764,0.00732682060390764
"497","100195","Action_45","Morph_100","FK","Giveme","Reach","Reach.1","Sonso",0.712949807856125,0.0408525754884547,0.0801509769094138
"498","100941a","Action_9","Morph_20","FK","Playcontinue","Dangleshake","DangleShake.1","Sonso",0.751416088683921,0.00710479573712256,0.00710479573712256
"499","100940","Action_14","Morph_29","FK","Playcontinue","Grab","Grab.1","Sonso",-0.27443684570176,0.00821492007104796,0.0353019538188277
"500","100941a","Action_32","Morph_60","FK","Playcontinue","Objectmouth","ObjectMouth.1","Sonso",0.27763173659828,0.00466252220248668,0.00466252220248668
"501","100262b","Action_60","Morph_127","FK","Moveaway","Swing","Swing.1","Sonso",0.392042087776024,0.0428507992895204,0.0475133214920071
"502","100970a","Action_34","Morph_65","FK","Play","Objectshake","ObjectShake.1","Sonso",0.113328685307003,0.0746003552397869,0.108792184724689
"503","100677","Action_2","Morph_4","FL","Directattention","Bigloudscratch","BigLoudScratch.2","Sonso",0.494696241836107,0.019316163410302,0.0577264653641208
"504","100676b","Action_2","Morph_3","FL","Groom","Bigloudscratch","BigLoudScratch.1","Sonso",0.0392207131532813,0.0215364120781528,0.0577264653641208
"505","101030","Action_39","Morph_82","FL","Giveme","Presentgenitalsbackwards","PresentGenitals.1","Sonso",1.05779029414785,0.0295293072824156,0.033303730017762
"506","100347","Action_43","Morph_96","GR","Affiliation","Raise","Raise.1","Sonso",-0.510825623765991,0.00865896980461812,0.0113232682060391
"507","102331","Action_2","Morph_5","GS","Directattention","Bigloudscratch","BigLoudScratch.3","Sonso",0.494696241836107,0.0119893428063943,0.0577264653641208
"508","100738b","Action_63","Morph_138","GS","Play","Touch","Touch.7","Sonso",-0.82098055206983,0.0044404973357016,0.0341918294849023
"509","100738b","Action_63","Morph_132","GS","Play","Touch","Touch.1","Sonso",-0.385662480811985,0.0104351687388988,0.0341918294849023
"510","100934","Action_40","Morph_82","GS","Sexualattention","Presentgenitalsforwards","PresentGenitals.1","Sonso",-0.083381608939051,0.0295293072824156,0.00199822380106572
"511","100856","Action_37","Morph_74","HL","Play","Poke","Poke.1","Sonso",-0.174353387144778,0.00266429840142096,0.00266429840142096
"512","101366","Action_42","Morph_91","HL","Position","Push","Push.4","Sonso",-0.82098055206983,0.00932504440497336,0.0466252220248668
"513","100817","Action_38","Morph_79","HL","Groom","Present","Present.5","Sonso",0.148420005118273,0.00688277087033748,0.0492895204262877
"514","101748b","Action_9","Morph_20","HL","Play","Dangleshake","DangleShake.1","Sonso",0.940007258491471,0.00710479573712256,0.00710479573712256
"515","101748b","Action_34","Morph_66","HL","Play","Objectshake","ObjectShake.2","Sonso",-0.174353387144778,0.0237566607460036,0.108792184724689
"516","101270","Action_50","Morph_107","HL","Playcontinue","Shake","Shake.1","Sonso",-0.0408219945202552,0.00355239786856128,0.0122113676731794
"517","101277a","Action_34","Morph_65","HL","Playcontinue","Objectshake","ObjectShake.1","Sonso",-0.328504066972036,0.0746003552397869,0.108792184724689
"518","101277a","Action_33","Morph_61","HL","Playcontinue","Objectmove","ObjectMove.1","Sonso",0.89199803930511,0.0317495559502664,0.0406305506216696
"519","101277a","Action_57","Morph_115","HL","Playcontinue","Stompobject","StompObject.1","Sonso",-0.0408219945202552,0.0337477797513321,0.0424067495559503
"520","102430","Action_45","Morph_101","HL","Play","Reach","Reach.2","Sonso",-0.385662480811985,0.0370781527531083,0.0801509769094138
"521","102432","Action_1","Morph_2","HL","Play","Beckon","Beckon.2","Sonso",-0.27443684570176,0.00133214920071048,0.00155417406749556
"522","102432","Action_50","Morph_108","HL","Play","Shake","Shake.2","Sonso",-0.083381608939051,0.00466252220248668,0.0122113676731794
"523","102079","Action_2","Morph_3","HL","Groom","Bigloudscratch","BigLoudScratch.1","Sonso",0.364643113587909,0.0215364120781528,0.0577264653641208
"524","102077","Action_38","Morph_78","HL","Directattention","Present","Present.4","Sonso",0.824175442966349,0.00288632326820604,0.0492895204262877
"525","100248","Action_38","Morph_77","HR","Groom","Present","Present.3","Sonso",0.587786664902119,0.00466252220248668,0.0492895204262877
"526","100066","Action_59","Morph_124","HR","Giveme","Stroke","Stroke.1","Sonso",0.8754687373539,0.0011101243339254,0.00377442273534636
"527","100250b","Action_38","Morph_75","HT","Groom","Present","Present.1","Sonso",0.148420005118273,0.0170959147424512,0.0492895204262877
"528","100249b","Action_38","Morph_75","HT","Groom","Present","Present.1","Sonso",0.470003629245736,0.0170959147424512,0.0492895204262877
"529","100672","Action_42","Morph_90","HT","Takeobject","Push","Push.3","Sonso",-0.27443684570176,0.00510657193605684,0.0466252220248668
"530","100671","Action_64","Morph_139","HT","Takeobject","Touchlongother","Touch.8","Sonso",1.04380405217311,0.00577264653641208,0.0175399644760213
"531","100670","Action_64","Morph_133","HT","Takeobject","Touchlongother","Touch.2","Sonso",0.78845736036427,0.00754884547069272,0.0175399644760213
"532","100672","Action_63","Morph_137","HT","Takeobject","Touch","Touch.6","Sonso",-1.6094379124341,0.00488454706927176,0.0341918294849023
"533","100674","Action_42","Morph_90","HT","Takeobject","Push","Push.3","Sonso",-0.27443684570176,0.00510657193605684,0.0466252220248668
"534","100667","Action_42","Morph_93","HT","Takeobject","Push","Push.6","Sonso",0.0769610411361284,0.0066607460035524,0.0466252220248668
"535","100671","Action_42","Morph_90","HT","Takeobject","Push","Push.3","Sonso",-0.27443684570176,0.00510657193605684,0.0466252220248668
"536","100667","Action_42","Morph_88","HT","Takeobject","Push","Push.1","Sonso",-0.127833371509885,0.0106571936056838,0.0466252220248668
"537","100666","Action_42","Morph_88","HT","Takeobject","Push","Push.1","Sonso",0.0769610411361284,0.0106571936056838,0.0466252220248668
"538","100664","Action_42","Morph_93","HT","Takeobject","Push","Push.6","Sonso",-0.22314355131421,0.0066607460035524,0.0466252220248668
"539","100672","Action_42","Morph_90","HT","Takeobject","Push","Push.3","Sonso",-0.27443684570176,0.00510657193605684,0.0466252220248668
"540","100663","Action_42","Morph_88","HT","Takeobject","Push","Push.1","Sonso",-0.579818495252942,0.0106571936056838,0.0466252220248668
"541","100666","Action_42","Morph_90","HT","Takeobject","Push","Push.3","Sonso",-0.22314355131421,0.00510657193605684,0.0466252220248668
"542","100668","Action_42","Morph_88","HT","Takeobject","Push","Push.1","Sonso",0.518793793415168,0.0106571936056838,0.0466252220248668
"543","100666","Action_42","Morph_90","HT","Takeobject","Push","Push.3","Sonso",0.215111379616945,0.00510657193605684,0.0466252220248668
"544","100666","Action_64","Morph_139","HT","Takeobject","Touchlongother","Touch.8","Sonso",0.908258560176891,0.00577264653641208,0.0175399644760213
"545","100674","Action_64","Morph_137","HT","Takeobject","Touchlongother","Touch.6","Sonso",0.712949807856125,0.00488454706927176,0.0175399644760213
"546","100667","Action_42","Morph_93","HT","Takeobject","Push","Push.6","Sonso",-0.44628710262842,0.0066607460035524,0.0466252220248668
"547","100670","Action_42","Morph_88","HT","Takeobject","Push","Push.1","Sonso",-0.22314355131421,0.0106571936056838,0.0466252220248668
"548","100669","Action_42","Morph_90","HT","Takeobject","Push","Push.3","Sonso",0.970778917158225,0.00510657193605684,0.0466252220248668
"549","100667","Action_42","Morph_93","HT","Takeobject","Push","Push.6","Sonso",-0.22314355131421,0.0066607460035524,0.0466252220248668
"550","100666","Action_45","Morph_100","HT","Takeobject","Reach","Reach.1","Sonso",0.215111379616945,0.0408525754884547,0.0801509769094138
"551","100669","Action_63","Morph_139","HT","Takeobject","Touch","Touch.8","Sonso",-0.7339691750802,0.00577264653641208,0.0341918294849023
"552","100065","Action_63","Morph_137","HT","Stopbehaviour","Touch","Touch.6","Sonso",0.0392207131532813,0.00488454706927176,0.0341918294849023
"553","100108","Action_42","Morph_92","HT","Climbonme","Push","Push.5","Sonso",-0.579818495252942,0.0066607460035524,0.0466252220248668
"554","100247","Action_47","Morph_103","HT","Position","Rockingsit","Rocking.1","Sonso",0.65232518603969,0.00377442273534636,0.00377442273534636
"555","100247","Action_47","Morph_103","HT","Position","Rockingsit","Rocking.1","Sonso",0.336472236621213,0.00377442273534636,0.00377442273534636
"556","100247","Action_42","Morph_89","HT","Position","Push","Push.2","Sonso",0.0392207131532813,0.00355239786856128,0.0466252220248668
"557","100247","Action_55","Morph_117","HT","Position","Stompingobject","StompObject.3","Sonso",0.824175442966349,0.00688277087033748,0.0230905861456483
"558","100251","Action_42","Morph_92","HT","Position","Push","Push.5","Sonso",0.0769610411361284,0.0066607460035524,0.0466252220248668
"559","100028","Action_41","Morph_86","HT","Stopbehaviour","Pull","Pull.3","Sonso",0.0769610411361284,0.00510657193605684,0.0253108348134991
"560","101363","Action_42","Morph_90","HT","Moveclose","Push","Push.3","Sonso",0.148420005118273,0.00510657193605684,0.0466252220248668
"561","100621","Action_42","Morph_90","HT","Moveaway","Push","Push.3","Sonso",0,0.00510657193605684,0.0466252220248668
"562","100621","Action_42","Morph_90","HT","Moveaway","Push","Push.3","Sonso",-0.653926467406664,0.00510657193605684,0.0466252220248668
"563","101364","Action_41","Morph_85","HT","Moveclose","Pull","Pull.2","Sonso",-0.127833371509885,0.00643872113676732,0.0253108348134991
"564","101369","Action_42","Morph_88","HT","Takeobjectnurse","Push","Push.1","Sonso",0.693147180559945,0.0106571936056838,0.0466252220248668
"565","101363","Action_42","Morph_89","HT","Moveclose","Push","Push.2","Sonso",0.0392207131532813,0.00355239786856128,0.0466252220248668
"566","101368b","Action_41","Morph_86","HT","Takeobjectnurse","Pull","Pull.3","Sonso",0.307484699747961,0.00510657193605684,0.0253108348134991
"567","100620","Action_42","Morph_93","HT","Moveaway","Push","Push.6","Sonso",-0.7339691750802,0.0066607460035524,0.0466252220248668
"568","101770","Action_42","Morph_91","HT","Climbonme","Push","Push.4","Sonso",-0.127833371509885,0.00932504440497336,0.0466252220248668
"569","101363","Action_42","Morph_88","HT","Moveclose","Push","Push.1","Sonso",0.215111379616945,0.0106571936056838,0.0466252220248668
"570","102062b","Action_39","Morph_82","HT","Sexualattention","Presentgenitalsbackwards","PresentGenitals.1","Sonso",0,0.0295293072824156,0.033303730017762
"571","100298","Action_39","Morph_83","HT","Staysame","Presentgenitalsbackwards","PresentGenitals.2","Sonso",-0.653926467406664,0.00577264653641208,0.033303730017762
"572","100298","Action_45","Morph_100","HT","Staysame","Reach","Reach.1","Sonso",-0.653926467406664,0.0408525754884547,0.0801509769094138
"573","100253b","Action_38","Morph_77","HT","Directattention","Present","Present.3","Sonso",0.27763173659828,0.00466252220248668,0.0492895204262877
"574","101302","Action_45","Morph_102","HW","Play","Reach","Reach.3","Sonso",-0.579818495252942,0.0022202486678508,0.0801509769094138
"575","101562","Action_23","Morph_47","HW","Affiliation","Hittingother","HitOther.3","Sonso",0.970778917158225,0.00843694493783304,0.0157637655417407
"576","101301","Action_14","Morph_29","HW","Play","Grab","Grab.1","Sonso",-0.82098055206983,0.00821492007104796,0.0353019538188277
"577","102324b","Action_45","Morph_102","HW","Play","Reach","Reach.3","Sonso",-0.916290731874155,0.0022202486678508,0.0801509769094138
"578","100259b","Action_63","Morph_134","HW","Affiliation","Touch","Touch.3","Sonso",0.0769610411361284,0.00488454706927176,0.0341918294849023
"579","101667b","Action_64","Morph_135","HW","Support","Touchlongother","Touch.4","Sonso",0.8754687373539,0.00488454706927176,0.0175399644760213
"580","100863b","Action_64","Morph_132","HW","Affiliation","Touchlongother","Touch.1","Sonso",1.22377543162212,0.0104351687388988,0.0175399644760213
"581","100350","Action_13","Morph_27","HW","Moveaway","Fling","Fling.1","Sonso",-0.653926467406664,0.00688277087033748,0.0117673179396092
"582","100698","Action_39","Morph_82","HW","Sexualattention","Presentgenitalsbackwards","PresentGenitals.1","Sonso",0.336472236621213,0.0295293072824156,0.033303730017762
"583","101767","Action_37","Morph_74","HW","Play","Poke","Poke.1","Sonso",-1.02165124753198,0.00266429840142096,0.00266429840142096
"584","101767","Action_37","Morph_74","HW","Play","Poke","Poke.1","Sonso",-0.579818495252942,0.00266429840142096,0.00266429840142096
"585","102429","Action_38","Morph_76","HW","Groom","Present","Present.2","Sonso",0.418710334858185,0.0135435168738899,0.0492895204262877
"586","102431","Action_38","Morph_75","HW","Directattention","Present","Present.1","Sonso",0.0392207131532813,0.0170959147424512,0.0492895204262877
"587","100126","Action_34","Morph_65","HW","Sexualattention","Objectshake","ObjectShake.1","Sonso",0.693147180559945,0.0746003552397869,0.108792184724689
"588","100348b","Action_64","Morph_135","HW","Affiliation","Touchlongother","Touch.4","Sonso",1.12492959698548,0.00488454706927176,0.0175399644760213
"589","100043a","Action_2","Morph_5","HW","Groom","Bigloudscratch","BigLoudScratch.3","Sonso",0.148420005118273,0.0119893428063943,0.0577264653641208
"590","101188","Action_45","Morph_100","HW","Giveme","Reach","Reach.1","Sonso",-0.510825623765991,0.0408525754884547,0.0801509769094138
"591","100040a","Action_2","Morph_5","HW","Groom","Bigloudscratch","BigLoudScratch.3","Sonso",0.542324290825362,0.0119893428063943,0.0577264653641208
"592","101897","Action_63","Morph_132","HW","Staysame","Touch","Touch.1","Sonso",0.418710334858185,0.0104351687388988,0.0341918294849023
"593","100177a","Action_2","Morph_3","HW","Groom","Bigloudscratch","BigLoudScratch.1","Sonso",-0.127833371509885,0.0215364120781528,0.0577264653641208
"594","100043b","Action_2","Morph_3","HW","Groom","Bigloudscratch","BigLoudScratch.1","Sonso",1.01523067972906,0.0215364120781528,0.0577264653641208
"595","101467","Action_27","Morph_54","HW","Sexualattention","Leafclip","LeafClip.1","Sonso",0.27763173659828,0.0044404973357016,0.00599467140319716
"596","101553","Action_34","Morph_65","HW","Sexualattention","Objectshake","ObjectShake.1","Sonso",0.148420005118273,0.0746003552397869,0.108792184724689
"597","101469","Action_27","Morph_54","HW","Sexualattention","Leafclip","LeafClip.1","Sonso",0.148420005118273,0.0044404973357016,0.00599467140319716
"598","101469","Action_17","Morph_39","HW","Sexualattention","Hitobject","HitObject.1","Sonso",-0.22314355131421,0.0430728241563055,0.0559502664298401
"599","101781","Action_27","Morph_54","HW","Sexualattention","Leafclip","LeafClip.1","Sonso",0.908258560176891,0.0044404973357016,0.00599467140319716
"600","101553","Action_34","Morph_65","HW","Sexualattention","Objectshake","ObjectShake.1","Sonso",0.518793793415168,0.0746003552397869,0.108792184724689
"601","100191a","Action_17","Morph_39","HW","Moveclose","Hitobject","HitObject.1","Sonso",0,0.0430728241563055,0.0559502664298401
"602","102184","Action_13","Morph_27","HW","Moveaway","Fling","Fling.1","Sonso",-0.579818495252942,0.00688277087033748,0.0117673179396092
"603","101011","Action_14","Morph_33","HW","Playcontinue","Grab","Grab.5","Sonso",-1.20397280432594,0.0033303730017762,0.0353019538188277
"604","102149","Action_38","Morph_75","HW","Groom","Present","Present.1","Sonso",1.38629436111989,0.0170959147424512,0.0492895204262877
"605","101010b","Action_20","Morph_45","HW","Play","Hitother","HitOther.1","Sonso",0,0.0202042628774423,0.0404085257548845
"606","101009","Action_14","Morph_33","HW","Play","Grab","Grab.5","Sonso",-1.02165124753198,0.0033303730017762,0.0353019538188277
"607","100142","Action_63","Morph_138","HW","Affiliation","Touch","Touch.7","Sonso",0.494696241836107,0.0044404973357016,0.0341918294849023
"608","102235","Action_2","Morph_5","HW","Groom","Bigloudscratch","BigLoudScratch.3","Sonso",0.587786664902119,0.0119893428063943,0.0577264653641208
"609","102234","Action_38","Morph_78","HW","Groom","Present","Present.4","Sonso",0.770108221696074,0.00288632326820604,0.0492895204262877
"610","102246b","Action_42","Morph_89","HW","Position","Push","Push.2","Sonso",-1.02165124753198,0.00355239786856128,0.0466252220248668
"611","102249","Action_38","Morph_76","HW","Groom","Present","Present.2","Sonso",-0.510825623765991,0.0135435168738899,0.0492895204262877
"612","102232","Action_42","Morph_92","HW","Position","Push","Push.5","Sonso",-0.916290731874155,0.0066607460035524,0.0466252220248668
"613","102249","Action_2","Morph_3","HW","Groom","Bigloudscratch","BigLoudScratch.1","Sonso",1.40609698841607,0.0215364120781528,0.0577264653641208
"614","102235","Action_2","Morph_6","HW","Groom","Bigloudscratch","BigLoudScratch.4","Sonso",0.518793793415168,0.00421847246891652,0.0577264653641208
"615","101113","Action_17","Morph_39","HW","Play","Hitobject","HitObject.1","Sonso",-0.385662480811985,0.0430728241563055,0.0559502664298401
"616","101053b","Action_45","Morph_100","HW","Play","Reach","Reach.1","Sonso",-0.127833371509885,0.0408525754884547,0.0801509769094138
"617","101113","Action_20","Morph_50","HW","Play","Hitother","HitOther.6","Sonso",-0.653926467406664,0.00488454706927176,0.0404085257548845
"618","102276a","Action_2","Morph_4","HW","Groom","Bigloudscratch","BigLoudScratch.2","Sonso",0.364643113587909,0.019316163410302,0.0577264653641208
"619","102275","Action_2","Morph_5","HW","Groom","Bigloudscratch","BigLoudScratch.3","Sonso",-0.174353387144778,0.0119893428063943,0.0577264653641208
"620","102276a","Action_38","Morph_75","HW","Groom","Present","Present.1","Sonso",-0.083381608939051,0.0170959147424512,0.0492895204262877
"621","102273","Action_2","Morph_3","HW","Groom","Bigloudscratch","BigLoudScratch.1","Sonso",-0.174353387144778,0.0215364120781528,0.0577264653641208
"622","102281a","Action_2","Morph_3","HW","Groom","Bigloudscratch","BigLoudScratch.1","Sonso",0.444685821261446,0.0215364120781528,0.0577264653641208
"623","102323","Action_48","Morph_104","HW","Playcontinue","Rollover","RollOver.1","Sonso",0.65232518603969,0.00621669626998224,0.00621669626998224
"624","102220a","Action_2","Morph_3","HW","Groom","Bigloudscratch","BigLoudScratch.1","Sonso",0,0.0215364120781528,0.0577264653641208
"625","102220a","Action_38","Morph_75","HW","Groom","Present","Present.1","Sonso",1.3244189574018,0.0170959147424512,0.0492895204262877
"626","101367","Action_63","Morph_135","HY","Stopbehaviour","Touch","Touch.4","Sonso",0.246860077931526,0.00488454706927176,0.0341918294849023
"627","101368a","Action_45","Morph_101","HY","Givemenurse","Reach","Reach.2","Sonso",0.672944473242426,0.0370781527531083,0.0801509769094138
"628","101367","Action_63","Morph_135","HY","Stopbehaviour","Touch","Touch.4","Sonso",-0.579818495252942,0.00488454706927176,0.0341918294849023
"629","101367","Action_14","Morph_33","HY","Stopbehaviour","Grab","Grab.5","Sonso",0.924258901523332,0.0033303730017762,0.0353019538188277
"630","101367","Action_14","Morph_33","HY","Stopbehaviour","Grab","Grab.5","Sonso",0.418710334858185,0.0033303730017762,0.0353019538188277
"631","101873","Action_38","Morph_76","JL","Groom","Present","Present.2","Sonso",-0.916290731874155,0.0135435168738899,0.0492895204262877
"632","100189","Action_64","Morph_133","JL","Stopbehaviour","Touchlongother","Touch.2","Sonso",1.00063188030791,0.00754884547069272,0.0175399644760213
"633","100196","Action_33","Morph_61","JL","Moveaway","Objectmove","ObjectMove.1","Sonso",0.27763173659828,0.0317495559502664,0.0406305506216696
"634","100781","Action_39","Morph_82","JL","Sexualattention","Presentgenitalsbackwards","PresentGenitals.1","Sonso",0.113328685307003,0.0295293072824156,0.033303730017762
"635","101253","Action_39","Morph_82","JL","Sexualattention","Presentgenitalsbackwards","PresentGenitals.1","Sonso",-1.6094379124341,0.0295293072824156,0.033303730017762
"636","100340","Action_39","Morph_82","JL","Affiliation","Presentgenitalsbackwards","PresentGenitals.1","Sonso",-0.22314355131421,0.0295293072824156,0.033303730017762
"637","100167","Action_39","Morph_82","JL","Sexualattention","Presentgenitalsbackwards","PresentGenitals.1","Sonso",0.27763173659828,0.0295293072824156,0.033303730017762
"638","100168","Action_63","Morph_132","JL","Sociosexualattention","Touch","Touch.1","Sonso",-0.653926467406664,0.0104351687388988,0.0341918294849023
"639","100343","Action_45","Morph_100","JL","Affiliation","Reach","Reach.1","Sonso",0,0.0408525754884547,0.0801509769094138
"640","101036a","Action_11","Morph_23","JL","Affiliation","Embrace","Embrace.2","Sonso",-0.916290731874155,0.00199822380106572,0.005550621669627
"641","100139","Action_63","Morph_132","JL","Sociosexualattention","Touch","Touch.1","Sonso",0,0.0104351687388988,0.0341918294849023
"642","102241a","Action_45","Morph_102","JL","Staysame","Reach","Reach.3","Sonso",-0.083381608939051,0.0022202486678508,0.0801509769094138
"643","101035","Action_39","Morph_82","JL","Giveme","Presentgenitalsbackwards","PresentGenitals.1","Sonso",1.30833281965018,0.0295293072824156,0.033303730017762
"644","100342b","Action_39","Morph_82","JL","Affiliation","Presentgenitalsbackwards","PresentGenitals.1","Sonso",-0.127833371509885,0.0295293072824156,0.033303730017762
"645","102241a","Action_45","Morph_102","JL","Staysame","Reach","Reach.3","Sonso",-0.083381608939051,0.0022202486678508,0.0801509769094138
"646","101189","Action_39","Morph_82","JL","Giveme","Presentgenitalsbackwards","PresentGenitals.1","Sonso",-0.127833371509885,0.0295293072824156,0.033303730017762
"647","100343","Action_63","Morph_140","JL","Affiliation","Touch","Touch.9","Sonso",-0.22314355131421,0.00399644760213144,0.0341918294849023
"648","100139","Action_39","Morph_82","JL","Sociosexualattention","Presentgenitalsbackwards","PresentGenitals.1","Sonso",0.672944473242426,0.0295293072824156,0.033303730017762
"649","100168","Action_45","Morph_100","JL","Sociosexualattention","Reach","Reach.1","Sonso",-0.510825623765991,0.0408525754884547,0.0801509769094138
"650","100782b","Action_39","Morph_82","JL","Sociosexualattention","Presentgenitalsbackwards","PresentGenitals.1","Sonso",-0.44628710262842,0.0295293072824156,0.033303730017762
"651","101556","Action_39","Morph_82","JL","Sexualattention","Presentgenitalsbackwards","PresentGenitals.1","Sonso",0.444685821261446,0.0295293072824156,0.033303730017762
"652","100389","Action_39","Morph_83","JN","Sociosexualattention","Presentgenitalsbackwards","PresentGenitals.2","Sonso",0.27763173659828,0.00577264653641208,0.033303730017762
"653","100087","Action_42","Morph_94","JN","Climbonme","Push","Push.7","Sonso",0.0769610411361284,0.00288632326820604,0.0466252220248668
"654","100085","Action_38","Morph_81","JN","Climbonme","Present","Present.7","Sonso",-0.385662480811985,0.00244227353463588,0.0492895204262877
"655","102488","Action_17","Morph_39","JN","Position","Hitobject","HitObject.1","Sonso",-0.174353387144778,0.0430728241563055,0.0559502664298401
"656","100439","Action_42","Morph_90","JN","Stopbehaviour","Push","Push.3","Sonso",-0.916290731874155,0.00510657193605684,0.0466252220248668
"657","100085","Action_38","Morph_81","JN","Climbonme","Present","Present.7","Sonso",0.215111379616945,0.00244227353463588,0.0492895204262877
"658","101128","Action_42","Morph_88","JN","Moveclose","Push","Push.1","Sonso",-0.82098055206983,0.0106571936056838,0.0466252220248668
"659","100445","Action_41","Morph_85","JN","Stopbehaviour","Pull","Pull.2","Sonso",-0.22314355131421,0.00643872113676732,0.0253108348134991
"660","101143","Action_23","Morph_47","JN","Moveclose","Hittingother","HitOther.3","Sonso",-0.328504066972036,0.00843694493783304,0.0157637655417407
"661","100087","Action_11","Morph_23","JN","Climbonme","Embrace","Embrace.2","Sonso",0.392042087776024,0.00199822380106572,0.005550621669627
"662","100086","Action_42","Morph_88","JN","Climbonme","Push","Push.1","Sonso",-0.385662480811985,0.0106571936056838,0.0466252220248668
"663","100085","Action_42","Morph_88","JN","Climbonme","Push","Push.1","Sonso",-0.0408219945202552,0.0106571936056838,0.0466252220248668
"664","100084","Action_38","Morph_81","JN","Climbonme","Present","Present.7","Sonso",-0.82098055206983,0.00244227353463588,0.0492895204262877
"665","101937","Action_41","Morph_85","JN","Climbonme","Pull","Pull.2","Sonso",0.0392207131532813,0.00643872113676732,0.0253108348134991
"666","100438","Action_42","Morph_92","JN","Stopbehaviour","Push","Push.5","Sonso",-0.82098055206983,0.0066607460035524,0.0466252220248668
"667","102424","Action_42","Morph_88","JN","Climbonme","Push","Push.1","Sonso",-1.27296567581289,0.0106571936056838,0.0466252220248668
"668","100087","Action_42","Morph_88","JN","Climbonme","Push","Push.1","Sonso",-0.7339691750802,0.0106571936056838,0.0466252220248668
"669","100089","Action_38","Morph_81","JN","Climbonme","Present","Present.7","Sonso",-0.653926467406664,0.00244227353463588,0.0492895204262877
"670","100088","Action_38","Morph_81","JN","Climbonme","Present","Present.7","Sonso",-1.20064501423326,0.00244227353463588,0.0492895204262877
"671","102421a","Action_38","Morph_76","JN","Groom","Present","Present.2","Sonso",-0.174353387144778,0.0135435168738899,0.0492895204262877
"672","102102","Action_42","Morph_88","JN","Moveclose","Push","Push.1","Sonso",0.148420005118273,0.0106571936056838,0.0466252220248668
"673","102422a","Action_2","Morph_4","JN","Directattention","Bigloudscratch","BigLoudScratch.2","Sonso",0.65232518603969,0.019316163410302,0.0577264653641208
"674","101686b","Action_42","Morph_91","JN","Position","Push","Push.4","Sonso",-0.083381608939051,0.00932504440497336,0.0466252220248668
"675","101600","Action_38","Morph_78","JN","Directattention","Present","Present.4","Sonso",1.05779029414785,0.00288632326820604,0.0492895204262877
"676","100440","Action_42","Morph_91","JN","Position","Push","Push.4","Sonso",-0.653926467406664,0.00932504440497336,0.0466252220248668
"677","102102","Action_1","Morph_2","JN","Moveclose","Beckon","Beckon.2","Sonso",-0.174353387144778,0.00133214920071048,0.00155417406749556
"678","100238","Action_39","Morph_82","JN","Sexualattention","Presentgenitalsbackwards","PresentGenitals.1","Sonso",0,0.0295293072824156,0.033303730017762
"679","100216","Action_3","Morph_14","JN","Staysame","Bite","Bite.6","Sonso",-0.22314355131421,0.00266429840142096,0.0168738898756661
"680","100531","Action_20","Morph_45","JN","Staysame","Hitother","HitOther.1","Sonso",-1.13943428318836,0.0202042628774423,0.0404085257548845
"681","100523","Action_63","Morph_138","JS","Play","Touch","Touch.7","Sonso",-0.174353387144778,0.0044404973357016,0.0341918294849023
"682","101129a","Action_33","Morph_61","JS","Play","Objectmove","ObjectMove.1","Sonso",-0.22314355131421,0.0317495559502664,0.0406305506216696
"683","102470","Action_56","Morph_123","JS","Play","Stompingother","StompOther.2","Sonso",-0.510825623765991,0.00244227353463588,0.00266429840142096
"684","100173","Action_1","Morph_2","JS","Position","Beckon","Beckon.2","Sonso",0.182321556793955,0.00133214920071048,0.00155417406749556
"685","101607","Action_8","Morph_19","JS","Play","Dangle","Dangle.1","Sonso",-0.510825623765991,0.0484014209591474,0.0484014209591474
"686","101685","Action_64","Morph_137","JS","Giveme","Touchlongother","Touch.6","Sonso",1.08518926833597,0.00488454706927176,0.0175399644760213
"687","100173","Action_1","Morph_2","JS","Position","Beckon","Beckon.2","Sonso",0.542324290825362,0.00133214920071048,0.00155417406749556
"688","101684","Action_45","Morph_101","JS","Giveme","Reach","Reach.2","Sonso",-0.174353387144778,0.0370781527531083,0.0801509769094138
"689","102472","Action_60","Morph_128","JS","Play","Swing","Swing.2","Sonso",0.392042087776024,0.00310834813499112,0.0475133214920071
"690","102472","Action_20","Morph_45","JS","Play","Hitother","HitOther.1","Sonso",-0.82098055206983,0.0202042628774423,0.0404085257548845
"691","102103","Action_14","Morph_29","JS","Play","Grab","Grab.1","Sonso",-0.510825623765991,0.00821492007104796,0.0353019538188277
"692","102103","Action_20","Morph_46","JS","Play","Hitother","HitOther.2","Sonso",-0.127833371509885,0.00932504440497336,0.0404085257548845
"693","101611","Action_8","Morph_19","JS","Play","Dangle","Dangle.1","Sonso",-0.174353387144778,0.0484014209591474,0.0484014209591474
"694","101613","Action_60","Morph_127","JS","Play","Swing","Swing.1","Sonso",-0.22314355131421,0.0428507992895204,0.0475133214920071
"695","102479","Action_55","Morph_117","JS","Play","Stompingobject","StompObject.3","Sonso",0.182321556793955,0.00688277087033748,0.0230905861456483
"696","101612","Action_8","Morph_19","JS","Play","Dangle","Dangle.1","Sonso",-0.0408219945202552,0.0484014209591474,0.0484014209591474
"697","101613","Action_8","Morph_19","JS","Play","Dangle","Dangle.1","Sonso",-0.27443684570176,0.0484014209591474,0.0484014209591474
"698","101613","Action_60","Morph_128","JS","Play","Swing","Swing.2","Sonso",0.364643113587909,0.00310834813499112,0.0475133214920071
"699","102479","Action_17","Morph_39","JS","Play","Hitobject","HitObject.1","Sonso",-1.02165124753198,0.0430728241563055,0.0559502664298401
"700","102479","Action_57","Morph_118","JS","Play","Stompobject","StompObject.4","Sonso",-0.653926467406664,0.005550621669627,0.0424067495559503
"701","101613","Action_8","Morph_19","JS","Play","Dangle","Dangle.1","Sonso",-0.385662480811985,0.0484014209591474,0.0484014209591474
"702","101613","Action_8","Morph_19","JS","Play","Dangle","Dangle.1","Sonso",-1.42711635564015,0.0484014209591474,0.0484014209591474
"703","101613","Action_60","Morph_127","JS","Play","Swing","Swing.1","Sonso",0.392042087776024,0.0428507992895204,0.0475133214920071
"704","101613","Action_60","Morph_127","JS","Play","Swing","Swing.1","Sonso",0.182321556793955,0.0428507992895204,0.0475133214920071
"705","101613","Action_60","Morph_127","JS","Play","Swing","Swing.1","Sonso",0.246860077931526,0.0428507992895204,0.0475133214920071
"706","102479","Action_57","Morph_119","JS","Play","Stompobject","StompObject.5","Sonso",-0.328504066972036,0.00155417406749556,0.0424067495559503
"707","101611","Action_8","Morph_19","JS","Play","Dangle","Dangle.1","Sonso",0.587786664902119,0.0484014209591474,0.0484014209591474
"708","102487","Action_57","Morph_118","JS","Play","Stompobject","StompObject.4","Sonso",-0.510825623765991,0.005550621669627,0.0424067495559503
"709","102483","Action_55","Morph_117","JS","Play","Stompingobject","StompObject.3","Sonso",0,0.00688277087033748,0.0230905861456483
"710","102487","Action_17","Morph_39","JS","Play","Hitobject","HitObject.1","Sonso",-1.27296567581289,0.0430728241563055,0.0559502664298401
"711","102487","Action_17","Morph_39","JS","Play","Hitobject","HitObject.1","Sonso",-0.916290731874155,0.0430728241563055,0.0559502664298401
"712","101941","Action_8","Morph_19","JS","Play","Dangle","Dangle.1","Sonso",-0.22314355131421,0.0484014209591474,0.0484014209591474
"713","101940","Action_52","Morph_112","JS","Stopbehaviour","Spinroulade","SpinRoulade.1","Sonso",0.693147180559945,0.00488454706927176,0.00488454706927176
"714","101941","Action_8","Morph_19","JS","Play","Dangle","Dangle.1","Sonso",-0.44628710262842,0.0484014209591474,0.0484014209591474
"715","100470","Action_45","Morph_100","JS","Play","Reach","Reach.1","Sonso",-0.579818495252942,0.0408525754884547,0.0801509769094138
"716","101609","Action_57","Morph_118","JS","Play","Stompobject","StompObject.4","Sonso",-0.653926467406664,0.005550621669627,0.0424067495559503
"717","100470","Action_45","Morph_100","JS","Play","Reach","Reach.1","Sonso",-0.653926467406664,0.0408525754884547,0.0801509769094138
"718","100470","Action_45","Morph_100","JS","Play","Reach","Reach.1","Sonso",-0.653926467406664,0.0408525754884547,0.0801509769094138
"719","101609","Action_34","Morph_67","JS","Play","Objectshake","ObjectShake.3","Sonso",0.182321556793955,0.0022202486678508,0.108792184724689
"720","101609","Action_8","Morph_19","JS","Play","Dangle","Dangle.1","Sonso",0.0769610411361284,0.0484014209591474,0.0484014209591474
"721","101609","Action_34","Morph_65","JS","Play","Objectshake","ObjectShake.1","Sonso",0.924258901523332,0.0746003552397869,0.108792184724689
"722","101610","Action_34","Morph_65","JS","Play","Objectshake","ObjectShake.1","Sonso",0.8754687373539,0.0746003552397869,0.108792184724689
"723","101610","Action_34","Morph_66","JS","Play","Objectshake","ObjectShake.2","Sonso",0.712949807856125,0.0237566607460036,0.108792184724689
"724","101609","Action_34","Morph_66","JS","Play","Objectshake","ObjectShake.2","Sonso",0.858661619037519,0.0237566607460036,0.108792184724689
"725","101609","Action_8","Morph_19","JS","Play","Dangle","Dangle.1","Sonso",-1.27296567581289,0.0484014209591474,0.0484014209591474
"726","100964","Action_14","Morph_34","JS","Play","Grab","Grab.6","Sonso",-0.174353387144778,0.00355239786856128,0.0353019538188277
"727","102484","Action_21","Morph_43","JS","Play","Hittingobject","HitObject.5","Sonso",0.246860077931526,0.0044404973357016,0.00799289520426288
"728","102484","Action_55","Morph_116","JS","Play","Stompingobject","StompObject.2","Sonso",0.392042087776024,0.0148756660746004,0.0230905861456483
"729","100213","Action_4","Morph_13","JS","Staysame","Bitekiss","Bite.5","Sonso",-0.7339691750802,0.0011101243339254,0.00066607460035524
"730","101855","Action_34","Morph_65","JS","Play","Objectshake","ObjectShake.1","Sonso",-0.328504066972036,0.0746003552397869,0.108792184724689
"731","101855","Action_34","Morph_65","JS","Play","Objectshake","ObjectShake.1","Sonso",0.609765571620894,0.0746003552397869,0.108792184724689
"732","101857a","Action_8","Morph_19","JS","Playcontinue","Dangle","Dangle.1","Sonso",-1.13943428318836,0.0484014209591474,0.0484014209591474
"733","101856","Action_20","Morph_45","JS","Play","Hitother","HitOther.1","Sonso",-1.02165124753198,0.0202042628774423,0.0404085257548845
"734","101855","Action_8","Morph_19","JS","Play","Dangle","Dangle.1","Sonso",-1.42711635564015,0.0484014209591474,0.0484014209591474
"735","101857a","Action_34","Morph_67","JS","Playcontinue","Objectshake","ObjectShake.3","Sonso",0.182321556793955,0.0022202486678508,0.108792184724689
"736","101856","Action_8","Morph_19","JS","Play","Dangle","Dangle.1","Sonso",-1.13943428318836,0.0484014209591474,0.0484014209591474
"737","100104","Action_17","Morph_39","JS","Sexualattention","Hitobject","HitObject.1","Sonso",-0.44628710262842,0.0430728241563055,0.0559502664298401
"738","100105","Action_40","Morph_82","JS","Sexualattention","Presentgenitalsforwards","PresentGenitals.1","Sonso",0.182321556793955,0.0295293072824156,0.00199822380106572
"739","100105","Action_20","Morph_45","JS","Sexualattention","Hitother","HitOther.1","Sonso",-0.510825623765991,0.0202042628774423,0.0404085257548845
"740","100104","Action_45","Morph_101","JS","Sexualattention","Reach","Reach.2","Sonso",-0.22314355131421,0.0370781527531083,0.0801509769094138
"741","102476","Action_17","Morph_39","JS","Play","Hitobject","HitObject.1","Sonso",-0.82098055206983,0.0430728241563055,0.0559502664298401
"742","102476","Action_55","Morph_117","JS","Play","Stompingobject","StompObject.3","Sonso",0.336472236621213,0.00688277087033748,0.0230905861456483
"743","102476","Action_55","Morph_117","JS","Play","Stompingobject","StompObject.3","Sonso",0.542324290825362,0.00688277087033748,0.0230905861456483
"744","102476","Action_55","Morph_117","JS","Play","Stompingobject","StompObject.3","Sonso",0.609765571620894,0.00688277087033748,0.0230905861456483
"745","102094a","Action_21","Morph_42","JS","Sexualattention","Hittingobject","HitObject.4","Sonso",-0.083381608939051,0.00599467140319716,0.00799289520426288
"746","102094a","Action_34","Morph_65","JS","Sexualattention","Objectshake","ObjectShake.1","Sonso",0.364643113587909,0.0746003552397869,0.108792184724689
"747","102101a","Action_55","Morph_116","JS","Sexualattention","Stompingobject","StompObject.2","Sonso",-0.510825623765991,0.0148756660746004,0.0230905861456483
"748","102094a","Action_33","Morph_62","JS","Sexualattention","Objectmove","ObjectMove.2","Sonso",0.494696241836107,0.00643872113676732,0.0406305506216696
"749","102101a","Action_34","Morph_65","JS","Sexualattention","Objectshake","ObjectShake.1","Sonso",0.908258560176891,0.0746003552397869,0.108792184724689
"750","102101a","Action_33","Morph_61","JS","Sexualattention","Objectmove","ObjectMove.1","Sonso",-0.174353387144778,0.0317495559502664,0.0406305506216696
"751","102094a","Action_34","Morph_66","JS","Sexualattention","Objectshake","ObjectShake.2","Sonso",1.34547236659964,0.0237566607460036,0.108792184724689
"752","102094a","Action_21","Morph_42","JS","Sexualattention","Hittingobject","HitObject.4","Sonso",-1.02165124753198,0.00599467140319716,0.00799289520426288
"753","102101a","Action_34","Morph_66","JS","Sexualattention","Objectshake","ObjectShake.2","Sonso",1.86252854011626,0.0237566607460036,0.108792184724689
"754","101876","Action_17","Morph_39","JS","Play","Hitobject","HitObject.1","Sonso",0.148420005118273,0.0430728241563055,0.0559502664298401
"755","101877","Action_45","Morph_100","JS","Play","Reach","Reach.1","Sonso",-0.510825623765991,0.0408525754884547,0.0801509769094138
"756","102468","Action_20","Morph_46","JS","Play","Hitother","HitOther.2","Sonso",-0.7339691750802,0.00932504440497336,0.0404085257548845
"757","102462","Action_17","Morph_39","JS","Play","Hitobject","HitObject.1","Sonso",-1.02165124753198,0.0430728241563055,0.0559502664298401
"758","102462","Action_17","Morph_41","JS","Play","Hitobject","HitObject.3","Sonso",-0.579818495252942,0.00510657193605684,0.0559502664298401
"759","101875","Action_8","Morph_19","JS","Play","Dangle","Dangle.1","Sonso",-0.328504066972036,0.0484014209591474,0.0484014209591474
"760","102469","Action_20","Morph_46","JS","Playcontinue","Hitother","HitOther.2","Sonso",-0.510825623765991,0.00932504440497336,0.0404085257548845
"761","102462","Action_17","Morph_39","JS","Play","Hitobject","HitObject.1","Sonso",-0.510825623765991,0.0430728241563055,0.0559502664298401
"762","102462","Action_8","Morph_19","JS","Play","Dangle","Dangle.1","Sonso",-1.42711635564015,0.0484014209591474,0.0484014209591474
"763","102462","Action_17","Morph_41","JS","Play","Hitobject","HitObject.3","Sonso",-0.44628710262842,0.00510657193605684,0.0559502664298401
"764","102463","Action_8","Morph_19","JS","Play","Dangle","Dangle.1","Sonso",-0.083381608939051,0.0484014209591474,0.0484014209591474
"765","102463","Action_20","Morph_45","JS","Play","Hitother","HitOther.1","Sonso",-0.579818495252942,0.0202042628774423,0.0404085257548845
"766","101875","Action_17","Morph_39","JS","Play","Hitobject","HitObject.1","Sonso",-0.385662480811985,0.0430728241563055,0.0559502664298401
"767","102462","Action_17","Morph_39","JS","Play","Hitobject","HitObject.1","Sonso",-0.328504066972036,0.0430728241563055,0.0559502664298401
"768","102462","Action_26","Morph_53","JS","Play","Knockobject","KnockObject.1","Sonso",-1.27296567581289,0.00133214920071048,0.0011101243339254
"769","102461","Action_45","Morph_100","JS","Play","Reach","Reach.1","Sonso",-0.7339691750802,0.0408525754884547,0.0801509769094138
"770","102463","Action_20","Morph_45","JS","Play","Hitother","HitOther.1","Sonso",-0.579818495252942,0.0202042628774423,0.0404085257548845
"771","100103b","Action_57","Morph_115","JS","Play","Stompobject","StompObject.1","Sonso",0.0392207131532813,0.0337477797513321,0.0424067495559503
"772","100103b","Action_33","Morph_61","JS","Play","Objectmove","ObjectMove.1","Sonso",0.113328685307003,0.0317495559502664,0.0406305506216696
"773","101110","Action_17","Morph_39","JT","Play","Hitobject","HitObject.1","Sonso",0.148420005118273,0.0430728241563055,0.0559502664298401
"774","101110","Action_34","Morph_65","JT","Play","Objectshake","ObjectShake.1","Sonso",-0.22314355131421,0.0746003552397869,0.108792184724689
"775","102034","Action_2","Morph_4","JT","Groom","Bigloudscratch","BigLoudScratch.2","Sonso",0.712949807856125,0.019316163410302,0.0577264653641208
"776","101686a","Action_2","Morph_3","JT","Groom","Bigloudscratch","BigLoudScratch.1","Sonso",0.444685821261446,0.0215364120781528,0.0577264653641208
"777","102421b","Action_2","Morph_3","JT","Directattention","Bigloudscratch","BigLoudScratch.1","Sonso",0.542324290825362,0.0215364120781528,0.0577264653641208
"778","102422b","Action_2","Morph_4","JT","Directattention","Bigloudscratch","BigLoudScratch.2","Sonso",-0.0408219945202552,0.019316163410302,0.0577264653641208
"779","102035","Action_42","Morph_92","JT","Position","Push","Push.5","Sonso",-0.653926467406664,0.0066607460035524,0.0466252220248668
"780","102036","Action_2","Morph_3","JT","Directattention","Bigloudscratch","BigLoudScratch.1","Sonso",0.392042087776024,0.0215364120781528,0.0577264653641208
"781","102034","Action_38","Morph_76","JT","Groom","Present","Present.2","Sonso",-0.27443684570176,0.0135435168738899,0.0492895204262877
"782","100972","Action_41","Morph_84","JT","Play","Pull","Pull.1","Sonso",0.418710334858185,0.00821492007104796,0.0253108348134991
"783","101766","Action_8","Morph_19","JT","Play","Dangle","Dangle.1","Sonso",-0.328504066972036,0.0484014209591474,0.0484014209591474
"784","101986","Action_60","Morph_127","JT","Play","Swing","Swing.1","Sonso",0.751416088683921,0.0428507992895204,0.0475133214920071
"785","101145","Action_41","Morph_86","JT","Moveclose","Pull","Pull.3","Sonso",-0.0512932943875506,0.00510657193605684,0.0253108348134991
"786","100391","Action_42","Morph_91","JT","Stopbehaviour","Push","Push.4","Sonso",-0.82098055206983,0.00932504440497336,0.0466252220248668
"787","100391","Action_42","Morph_91","JT","Stopbehaviour","Push","Push.4","Sonso",-0.385662480811985,0.00932504440497336,0.0466252220248668
"788","101683b","Action_17","Morph_39","JT","Play","Hitobject","HitObject.1","Sonso",-0.579818495252942,0.0430728241563055,0.0559502664298401
"789","100890","Action_34","Morph_65","JT","Play","Objectshake","ObjectShake.1","Sonso",0.0392207131532813,0.0746003552397869,0.108792184724689
"790","101604b","Action_34","Morph_65","JT","Play","Objectshake","ObjectShake.1","Sonso",0.732367893713227,0.0746003552397869,0.108792184724689
"791","100891b","Action_57","Morph_115","JT","Playcontinue","Stompobject","StompObject.1","Sonso",-0.579818495252942,0.0337477797513321,0.0424067495559503
"792","101683b","Action_17","Morph_39","JT","Play","Hitobject","HitObject.1","Sonso",-0.579818495252942,0.0430728241563055,0.0559502664298401
"793","100967","Action_17","Morph_40","JT","Play","Hitobject","HitObject.2","Sonso",0.113328685307003,0.0119893428063943,0.0559502664298401
"794","101130","Action_39","Morph_82","JT","Staysame","Presentgenitalsbackwards","PresentGenitals.1","Sonso",-0.328504066972036,0.0295293072824156,0.033303730017762
"795","100850","Action_14","Morph_30","JT","Play","Grab","Grab.2","Sonso",-0.7339691750802,0.00799289520426288,0.0353019538188277
"796","100220","Action_39","Morph_82","JT","Sexualattention","Presentgenitalsbackwards","PresentGenitals.1","Sonso",0.307484699747961,0.0295293072824156,0.033303730017762
"797","100963","Action_50","Morph_108","JT","Play","Shake","Shake.2","Sonso",-0.0408219945202552,0.00466252220248668,0.0122113676731794
"798","100965","Action_60","Morph_127","JT","Playcontinue","Swing","Swing.1","Sonso",0.113328685307003,0.0428507992895204,0.0475133214920071
"799","100961a","Action_33","Morph_61","JT","Play","Objectmove","ObjectMove.1","Sonso",-0.328504066972036,0.0317495559502664,0.0406305506216696
"800","100390","Action_33","Morph_61","JT","Moveaway","Objectmove","ObjectMove.1","Sonso",-0.44628710262842,0.0317495559502664,0.0406305506216696
"801","100912b","Action_17","Morph_39","JT","Play","Hitobject","HitObject.1","Sonso",-0.44628710262842,0.0430728241563055,0.0559502664298401
"802","100912b","Action_34","Morph_65","JT","Play","Objectshake","ObjectShake.1","Sonso",1.08518926833597,0.0746003552397869,0.108792184724689
"803","100913","Action_8","Morph_19","JT","Playcontinue","Dangle","Dangle.1","Sonso",-0.510825623765991,0.0484014209591474,0.0484014209591474
"804","100917","Action_8","Morph_19","JT","Play","Dangle","Dangle.1","Sonso",0.78845736036427,0.0484014209591474,0.0484014209591474
"805","100912b","Action_55","Morph_116","JT","Play","Stompingobject","StompObject.2","Sonso",-0.510825623765991,0.0148756660746004,0.0230905861456483
"806","100913","Action_8","Morph_19","JT","Playcontinue","Dangle","Dangle.1","Sonso",-0.653926467406664,0.0484014209591474,0.0484014209591474
"807","100563","Action_9","Morph_20","JT","Play","Dangleshake","DangleShake.1","Sonso",-0.0408219945202552,0.00710479573712256,0.00710479573712256
"808","100564","Action_53","Morph_113","JT","Stopbehaviour","Spinsomersault","SpinSomersault.1","Sonso",-0.083381608939051,0.00799289520426288,0.00799289520426288
"809","100919b","Action_8","Morph_19","JT","Play","Dangle","Dangle.1","Sonso",-0.916290731874155,0.0484014209591474,0.0484014209591474
"810","100916","Action_34","Morph_65","JT","Play","Objectshake","ObjectShake.1","Sonso",0.0392207131532813,0.0746003552397869,0.108792184724689
"811","100563","Action_57","Morph_118","JT","Play","Stompobject","StompObject.4","Sonso",-0.44628710262842,0.005550621669627,0.0424067495559503
"812","100916","Action_8","Morph_19","JT","Play","Dangle","Dangle.1","Sonso",-0.653926467406664,0.0484014209591474,0.0484014209591474
"813","100563","Action_8","Morph_19","JT","Play","Dangle","Dangle.1","Sonso",-0.174353387144778,0.0484014209591474,0.0484014209591474
"814","100916","Action_34","Morph_65","JT","Play","Objectshake","ObjectShake.1","Sonso",0.307484699747961,0.0746003552397869,0.108792184724689
"815","102093","Action_45","Morph_100","JT","Play","Reach","Reach.1","Sonso",0.444685821261446,0.0408525754884547,0.0801509769094138
"816","102093","Action_41","Morph_87","JT","Play","Pull","Pull.4","Sonso",0.148420005118273,0.00532859680284192,0.0253108348134991
"817","101616","Action_17","Morph_39","JT","Playcontinue","Hitobject","HitObject.1","Sonso",-0.0408219945202552,0.0430728241563055,0.0559502664298401
"818","102093","Action_15","Morph_35","JT","Play","Grabhold","GrabHold.1","Sonso",0.970778917158225,0.00932504440497336,0.0204262877442274
"819","102093","Action_37","Morph_74","JT","Play","Poke","Poke.1","Sonso",-0.916290731874155,0.00266429840142096,0.00266429840142096
"820","101124","Action_55","Morph_116","JT","Play","Stompingobject","StompObject.2","Sonso",-0.44628710262842,0.0148756660746004,0.0230905861456483
"821","100920","Action_55","Morph_116","JT","Play","Stompingobject","StompObject.2","Sonso",-0.7339691750802,0.0148756660746004,0.0230905861456483
"822","100920","Action_57","Morph_118","JT","Play","Stompobject","StompObject.4","Sonso",-0.385662480811985,0.005550621669627,0.0424067495559503
"823","101124","Action_33","Morph_61","JT","Play","Objectmove","ObjectMove.1","Sonso",0.0392207131532813,0.0317495559502664,0.0406305506216696
"824","102477","Action_34","Morph_65","JT","Play","Objectshake","ObjectShake.1","Sonso",0.955511445027436,0.0746003552397869,0.108792184724689
"825","102477","Action_34","Morph_66","JT","Play","Objectshake","ObjectShake.2","Sonso",1.26976054486394,0.0237566607460036,0.108792184724689
"826","102477","Action_57","Morph_115","JT","Play","Stompobject","StompObject.1","Sonso",-0.653926467406664,0.0337477797513321,0.0424067495559503
"827","102477","Action_57","Morph_115","JT","Play","Stompobject","StompObject.1","Sonso",-0.127833371509885,0.0337477797513321,0.0424067495559503
"828","102477","Action_60","Morph_127","JT","Play","Swing","Swing.1","Sonso",-0.083381608939051,0.0428507992895204,0.0475133214920071
"829","102477","Action_38","Morph_81","JT","Play","Present","Present.7","Sonso",-0.27443684570176,0.00244227353463588,0.0492895204262877
"830","100935","Action_48","Morph_104","JT","Play","Rollover","RollOver.1","Sonso",-0.385662480811985,0.00621669626998224,0.00621669626998224
"831","102097","Action_38","Morph_79","JT","Groom","Present","Present.5","Sonso",0.587786664902119,0.00688277087033748,0.0492895204262877
"832","102097","Action_2","Morph_3","JT","Groom","Bigloudscratch","BigLoudScratch.1","Sonso",0.364643113587909,0.0215364120781528,0.0577264653641208
"833","102097","Action_2","Morph_5","JT","Groom","Bigloudscratch","BigLoudScratch.3","Sonso",0.418710334858185,0.0119893428063943,0.0577264653641208
"834","102097","Action_2","Morph_3","JT","Groom","Bigloudscratch","BigLoudScratch.1","Sonso",0.470003629245736,0.0215364120781528,0.0577264653641208
"835","100302","Action_20","Morph_46","JT","Playcontinue","Hitother","HitOther.2","Sonso",-0.127833371509885,0.00932504440497336,0.0404085257548845
"836","100966b","Action_43","Morph_96","JT","Play","Raise","Raise.1","Sonso",-1.02165124753198,0.00865896980461812,0.0113232682060391
"837","101121","Action_10","Morph_21","JT","Play","Drum","Drum.1","Sonso",-0.27443684570176,0.0033303730017762,0.0033303730017762
"838","100442","Action_15","Morph_37","JT","Play","Grabhold","GrabHold.3","Sonso",0.858661619037519,0.00532859680284192,0.0204262877442274
"839","100442","Action_3","Morph_9","JT","Play","Bite","Bite.1","Sonso",-1.83258146374831,0.0044404973357016,0.0168738898756661
"840","100372","Action_41","Morph_86","JT","Playcontinue","Pull","Pull.3","Sonso",0.113328685307003,0.00510657193605684,0.0253108348134991
"841","101608","Action_63","Morph_139","KA","Play","Touch","Touch.8","Sonso",0.336472236621213,0.00577264653641208,0.0341918294849023
"842","101608","Action_63","Morph_139","KA","Play","Touch","Touch.8","Sonso",-0.7339691750802,0.00577264653641208,0.0341918294849023
"843","101608","Action_14","Morph_31","KA","Play","Grab","Grab.3","Sonso",-1.42711635564015,0.00466252220248668,0.0353019538188277
"844","101812","Action_45","Morph_100","KA","Play","Reach","Reach.1","Sonso",0.444685821261446,0.0408525754884547,0.0801509769094138
"845","101812","Action_45","Morph_101","KA","Play","Reach","Reach.2","Sonso",-1.02165124753198,0.0370781527531083,0.0801509769094138
"846","101814a","Action_14","Morph_29","KA","Play","Grab","Grab.1","Sonso",-0.579818495252942,0.00821492007104796,0.0353019538188277
"847","101814a","Action_14","Morph_30","KA","Play","Grab","Grab.2","Sonso",-0.328504066972036,0.00799289520426288,0.0353019538188277
"848","101814a","Action_14","Morph_32","KA","Play","Grab","Grab.4","Sonso",-0.127833371509885,0.00754884547069272,0.0353019538188277
"849","101820a","Action_20","Morph_46","KA","Play","Hitother","HitOther.2","Sonso",-0.127833371509885,0.00932504440497336,0.0404085257548845
"850","101820a","Action_34","Morph_68","KA","Play","Objectshake","ObjectShake.4","Sonso",0.841567185678219,0.00288632326820604,0.108792184724689
"851","101820a","Action_33","Morph_61","KA","Play","Objectmove","ObjectMove.1","Sonso",0.444685821261446,0.0317495559502664,0.0406305506216696
"852","101816","Action_8","Morph_19","KA","Play","Dangle","Dangle.1","Sonso",-1.13943428318836,0.0484014209591474,0.0484014209591474
"853","101816","Action_33","Morph_61","KA","Play","Objectmove","ObjectMove.1","Sonso",-0.328504066972036,0.0317495559502664,0.0406305506216696
"854","101816","Action_17","Morph_39","KA","Play","Hitobject","HitObject.1","Sonso",-0.44628710262842,0.0430728241563055,0.0559502664298401
"855","101223","Action_20","Morph_45","KA","Stopbehaviour","Hitother","HitOther.1","Sonso",-0.510825623765991,0.0202042628774423,0.0404085257548845
"856","101223","Action_60","Morph_127","KA","Stopbehaviour","Swing","Swing.1","Sonso",0.444685821261446,0.0428507992895204,0.0475133214920071
"857","101223","Action_20","Morph_45","KA","Stopbehaviour","Hitother","HitOther.1","Sonso",-0.44628710262842,0.0202042628774423,0.0404085257548845
"858","102236b","Action_20","Morph_45","KA","Stopbehaviour","Hitother","HitOther.1","Sonso",-0.82098055206983,0.0202042628774423,0.0404085257548845
"859","102205","Action_20","Morph_50","KA","Stopbehaviour","Hitother","HitOther.6","Sonso",-1.27296567581289,0.00488454706927176,0.0404085257548845
"860","102206","Action_13","Morph_28","KA","Stopbehaviour","Fling","Fling.2","Sonso",-0.579818495252942,0.00488454706927176,0.0117673179396092
"861","101554","Action_41","Morph_86","KA","Climbonme","Pull","Pull.3","Sonso",0.246860077931526,0.00510657193605684,0.0253108348134991
"862","101809","Action_64","Morph_133","KA","Play","Touchlongother","Touch.2","Sonso",1.05779029414785,0.00754884547069272,0.0175399644760213
"863","101220","Action_3","Morph_14","KA","Play","Bite","Bite.6","Sonso",-0.510825623765991,0.00266429840142096,0.0168738898756661
"864","101446","Action_38","Morph_79","KA","Directattention","Present","Present.5","Sonso",0.858661619037519,0.00688277087033748,0.0492895204262877
"865","101881","Action_38","Morph_79","KA","Directattention","Present","Present.5","Sonso",0.858661619037519,0.00688277087033748,0.0492895204262877
"866","101447","Action_38","Morph_76","KA","Directattention","Present","Present.2","Sonso",0.307484699747961,0.0135435168738899,0.0492895204262877
"867","101502","Action_8","Morph_19","KA","Play","Dangle","Dangle.1","Sonso",0,0.0484014209591474,0.0484014209591474
"868","101503","Action_8","Morph_19","KA","Play","Dangle","Dangle.1","Sonso",-0.0408219945202552,0.0484014209591474,0.0484014209591474
"869","101786","Action_39","Morph_82","KA","Staysame","Presentgenitalsbackwards","PresentGenitals.1","Sonso",0.182321556793955,0.0295293072824156,0.033303730017762
"870","100305","Action_39","Morph_82","KA","Sexualattention","Presentgenitalsbackwards","PresentGenitals.1","Sonso",0,0.0295293072824156,0.033303730017762
"871","100434","Action_55","Morph_117","KA","Play","Stompingobject","StompObject.3","Sonso",0.27763173659828,0.00688277087033748,0.0230905861456483
"872","100434","Action_64","Morph_134","KA","Play","Touchlongother","Touch.3","Sonso",1.12492959698548,0.00488454706927176,0.0175399644760213
"873","101821a","Action_17","Morph_39","KA","Play","Hitobject","HitObject.1","Sonso",-0.0408219945202552,0.0430728241563055,0.0559502664298401
"874","100750b","Action_60","Morph_127","KA","Play","Swing","Swing.1","Sonso",0.182321556793955,0.0428507992895204,0.0475133214920071
"875","101821a","Action_45","Morph_100","KA","Play","Reach","Reach.1","Sonso",-0.127833371509885,0.0408525754884547,0.0801509769094138
"876","102105","Action_45","Morph_102","KA","Stopbehaviour","Reach","Reach.3","Sonso",-0.385662480811985,0.0022202486678508,0.0801509769094138
"877","102105","Action_45","Morph_102","KA","Stopbehaviour","Reach","Reach.3","Sonso",-0.82098055206983,0.0022202486678508,0.0801509769094138
"878","102204","Action_64","Morph_135","KA","Giveme","Touchlongother","Touch.4","Sonso",1.3244189574018,0.00488454706927176,0.0175399644760213
"879","102204","Action_45","Morph_101","KA","Giveme","Reach","Reach.2","Sonso",-0.174353387144778,0.0370781527531083,0.0801509769094138
"880","102204","Action_45","Morph_101","KA","Giveme","Reach","Reach.2","Sonso",-0.174353387144778,0.0370781527531083,0.0801509769094138
"881","102199b","Action_45","Morph_101","KA","Staysame","Reach","Reach.2","Sonso",-0.653926467406664,0.0370781527531083,0.0801509769094138
"882","102204","Action_45","Morph_101","KA","Giveme","Reach","Reach.2","Sonso",-0.82098055206983,0.0370781527531083,0.0801509769094138
"883","102204","Action_45","Morph_101","KA","Giveme","Reach","Reach.2","Sonso",-2.12026353620009,0.0370781527531083,0.0801509769094138
"884","101784b","Action_33","Morph_61","KA","Play","Objectmove","ObjectMove.1","Sonso",0.215111379616945,0.0317495559502664,0.0406305506216696
"885","101299","Action_53","Morph_113","KB","Play","Spinsomersault","SpinSomersault.1","Sonso",0.806475865866949,0.00799289520426288,0.00799289520426288
"886","101299","Action_57","Morph_118","KB","Play","Stompobject","StompObject.4","Sonso",-0.22314355131421,0.005550621669627,0.0424067495559503
"887","100212","Action_57","Morph_115","KB","Moveaway","Stompobject","StompObject.1","Sonso",-0.385662480811985,0.0337477797513321,0.0424067495559503
"888","101748a","Action_34","Morph_65","KB","Play","Objectshake","ObjectShake.1","Sonso",0.751416088683921,0.0746003552397869,0.108792184724689
"889","101748a","Action_34","Morph_66","KB","Play","Objectshake","ObjectShake.2","Sonso",1.00063188030791,0.0237566607460036,0.108792184724689
"890","101748a","Action_8","Morph_19","KB","Play","Dangle","Dangle.1","Sonso",-1.27296567581289,0.0484014209591474,0.0484014209591474
"891","101748a","Action_34","Morph_66","KB","Play","Objectshake","ObjectShake.2","Sonso",0.27763173659828,0.0237566607460036,0.108792184724689
"892","101298","Action_57","Morph_115","KB","Play","Stompobject","StompObject.1","Sonso",-0.27443684570176,0.0337477797513321,0.0424067495559503
"893","101298","Action_17","Morph_40","KB","Play","Hitobject","HitObject.2","Sonso",0,0.0119893428063943,0.0559502664298401
"894","101298","Action_17","Morph_39","KB","Play","Hitobject","HitObject.1","Sonso",0.0769610411361284,0.0430728241563055,0.0559502664298401
"895","101298","Action_57","Morph_115","KB","Play","Stompobject","StompObject.1","Sonso",-0.385662480811985,0.0337477797513321,0.0424067495559503
"896","101298","Action_48","Morph_104","KB","Play","Rollover","RollOver.1","Sonso",0.113328685307003,0.00621669626998224,0.00621669626998224
"897","101297","Action_53","Morph_113","KB","Play","Spinsomersault","SpinSomersault.1","Sonso",0.494696241836107,0.00799289520426288,0.00799289520426288
"898","101561","Action_45","Morph_101","KB","Giveme","Reach","Reach.2","Sonso",0.631271776841858,0.0370781527531083,0.0801509769094138
"899","101296","Action_53","Morph_113","KB","Play","Spinsomersault","SpinSomersault.1","Sonso",0.806475865866949,0.00799289520426288,0.00799289520426288
"900","101298","Action_53","Morph_113","KB","Play","Spinsomersault","SpinSomersault.1","Sonso",0.307484699747961,0.00799289520426288,0.00799289520426288
"901","101298","Action_53","Morph_113","KB","Play","Spinsomersault","SpinSomersault.1","Sonso",0.494696241836107,0.00799289520426288,0.00799289520426288
"902","101561","Action_45","Morph_101","KB","Giveme","Reach","Reach.2","Sonso",-0.44628710262842,0.0370781527531083,0.0801509769094138
"903","101561","Action_45","Morph_101","KB","Giveme","Reach","Reach.2","Sonso",-0.7339691750802,0.0370781527531083,0.0801509769094138
"904","101628b","Action_17","Morph_39","KB","Play","Hitobject","HitObject.1","Sonso",-0.510825623765991,0.0430728241563055,0.0559502664298401
"905","101900","Action_8","Morph_19","KB","Play","Dangle","Dangle.1","Sonso",0.470003629245736,0.0484014209591474,0.0484014209591474
"906","101900","Action_32","Morph_60","KB","Play","Objectmouth","ObjectMouth.1","Sonso",0.113328685307003,0.00466252220248668,0.00466252220248668
"907","101772","Action_14","Morph_32","KB","Play","Grab","Grab.4","Sonso",-0.44628710262842,0.00754884547069272,0.0353019538188277
"908","102153","Action_45","Morph_100","KB","Play","Reach","Reach.1","Sonso",-0.328504066972036,0.0408525754884547,0.0801509769094138
"909","101772","Action_14","Morph_32","KB","Play","Grab","Grab.4","Sonso",0.215111379616945,0.00754884547069272,0.0353019538188277
"910","101772","Action_14","Morph_30","KB","Play","Grab","Grab.2","Sonso",-0.127833371509885,0.00799289520426288,0.0353019538188277
"911","101464","Action_41","Morph_86","KB","Play","Pull","Pull.3","Sonso",0.0769610411361284,0.00510657193605684,0.0253108348134991
"912","101772","Action_14","Morph_32","KB","Play","Grab","Grab.4","Sonso",-0.579818495252942,0.00754884547069272,0.0353019538188277
"913","101225","Action_63","Morph_134","KB","Play","Touch","Touch.3","Sonso",-0.328504066972036,0.00488454706927176,0.0341918294849023
"914","101527b","Action_8","Morph_19","KB","Play","Dangle","Dangle.1","Sonso",0.609765571620894,0.0484014209591474,0.0484014209591474
"915","101772","Action_63","Morph_133","KB","Play","Touch","Touch.2","Sonso",-0.653926467406664,0.00754884547069272,0.0341918294849023
"916","101233","Action_14","Morph_31","KB","Play","Grab","Grab.3","Sonso",0,0.00466252220248668,0.0353019538188277
"917","101233","Action_14","Morph_31","KB","Play","Grab","Grab.3","Sonso",0.444685821261446,0.00466252220248668,0.0353019538188277
"918","101772","Action_14","Morph_32","KB","Play","Grab","Grab.4","Sonso",-0.127833371509885,0.00754884547069272,0.0353019538188277
"919","100282","Action_60","Morph_127","KB","Playcontinue","Swing","Swing.1","Sonso",0.0769610411361284,0.0428507992895204,0.0475133214920071
"920","100282","Action_34","Morph_65","KB","Playcontinue","Objectshake","ObjectShake.1","Sonso",1.26976054486394,0.0746003552397869,0.108792184724689
"921","100282","Action_34","Morph_65","KB","Playcontinue","Objectshake","ObjectShake.1","Sonso",1.12492959698548,0.0746003552397869,0.108792184724689
"922","100282","Action_55","Morph_117","KB","Playcontinue","Stompingobject","StompObject.3","Sonso",-0.328504066972036,0.00688277087033748,0.0230905861456483
"923","100282","Action_21","Morph_43","KB","Playcontinue","Hittingobject","HitObject.5","Sonso",-0.083381608939051,0.0044404973357016,0.00799289520426288
"924","100705","Action_45","Morph_100","KB","Play","Reach","Reach.1","Sonso",-0.22314355131421,0.0408525754884547,0.0801509769094138
"925","101342","Action_63","Morph_132","KB","Stopbehaviour","Touch","Touch.1","Sonso",-0.44628710262842,0.0104351687388988,0.0341918294849023
"926","102038","Action_14","Morph_31","KB","Play","Grab","Grab.3","Sonso",-0.385662480811985,0.00466252220248668,0.0353019538188277
"927","100713a","Action_15","Morph_37","KB","Play","Grabhold","GrabHold.3","Sonso",1.12492959698548,0.00532859680284192,0.0204262877442274
"928","101343","Action_8","Morph_19","KB","Play","Dangle","Dangle.1","Sonso",-0.44628710262842,0.0484014209591474,0.0484014209591474
"929","100713a","Action_57","Morph_115","KB","Play","Stompobject","StompObject.1","Sonso",-0.510825623765991,0.0337477797513321,0.0424067495559503
"930","101317a","Action_8","Morph_19","KB","Play","Dangle","Dangle.1","Sonso",0,0.0484014209591474,0.0484014209591474
"931","101300","Action_15","Morph_35","KB","Play","Grabhold","GrabHold.1","Sonso",-0.510825623765991,0.00932504440497336,0.0204262877442274
"932","101339a","Action_15","Morph_37","KB","Play","Grabhold","GrabHold.3","Sonso",1.52605630349505,0.00532859680284192,0.0204262877442274
"933","101387a","Action_57","Morph_115","KB","Play","Stompobject","StompObject.1","Sonso",-0.82098055206983,0.0337477797513321,0.0424067495559503
"934","101317a","Action_57","Morph_115","KB","Play","Stompobject","StompObject.1","Sonso",-0.44628710262842,0.0337477797513321,0.0424067495559503
"935","101300","Action_15","Morph_35","KB","Play","Grabhold","GrabHold.1","Sonso",1.02961941718116,0.00932504440497336,0.0204262877442274
"936","101397","Action_41","Morph_86","KB","Play","Pull","Pull.3","Sonso",0.27763173659828,0.00510657193605684,0.0253108348134991
"937","101300","Action_3","Morph_12","KB","Play","Bite","Bite.4","Sonso",-1.13943428318836,0.00177619893428064,0.0168738898756661
"938","101397","Action_42","Morph_94","KB","Play","Push","Push.7","Sonso",-0.579818495252942,0.00288632326820604,0.0466252220248668
"939","101300","Action_3","Morph_12","KB","Play","Bite","Bite.4","Sonso",-0.27443684570176,0.00177619893428064,0.0168738898756661
"940","101300","Action_16","Morph_38","KB","Play","Headstand","HeadStand.1","Sonso",-0.385662480811985,0.0066607460035524,0.0066607460035524
"941","101317a","Action_17","Morph_39","KB","Play","Hitobject","HitObject.1","Sonso",-0.7339691750802,0.0430728241563055,0.0559502664298401
"942","101557a","Action_60","Morph_127","KB","Play","Swing","Swing.1","Sonso",-0.127833371509885,0.0428507992895204,0.0475133214920071
"943","101387a","Action_57","Morph_115","KB","Play","Stompobject","StompObject.1","Sonso",-0.653926467406664,0.0337477797513321,0.0424067495559503
"944","101397","Action_41","Morph_87","KB","Play","Pull","Pull.4","Sonso",-1.19402247347277,0.00532859680284192,0.0253108348134991
"945","101397","Action_41","Morph_87","KB","Play","Pull","Pull.4","Sonso",-0.891598119283784,0.00532859680284192,0.0253108348134991
"946","101838b","Action_17","Morph_39","KB","Playcontinue","Hitobject","HitObject.1","Sonso",-0.328504066972036,0.0430728241563055,0.0559502664298401
"947","101317a","Action_60","Morph_128","KB","Play","Swing","Swing.2","Sonso",-0.22314355131421,0.00310834813499112,0.0475133214920071
"948","101557a","Action_14","Morph_31","KB","Play","Grab","Grab.3","Sonso",-0.579818495252942,0.00466252220248668,0.0353019538188277
"949","101557a","Action_14","Morph_29","KB","Play","Grab","Grab.1","Sonso",-0.579818495252942,0.00821492007104796,0.0353019538188277
"950","101300","Action_3","Morph_12","KB","Play","Bite","Bite.4","Sonso",-0.301105092783922,0.00177619893428064,0.0168738898756661
"951","101154a","Action_14","Morph_31","KB","Play","Grab","Grab.3","Sonso",0.444685821261446,0.00466252220248668,0.0353019538188277
"952","101397","Action_41","Morph_87","KB","Play","Pull","Pull.4","Sonso",-1.19402247347277,0.00532859680284192,0.0253108348134991
"953","101384","Action_14","Morph_31","KB","Play","Grab","Grab.3","Sonso",-0.82098055206983,0.00466252220248668,0.0353019538188277
"954","101397","Action_57","Morph_115","KB","Play","Stompobject","StompObject.1","Sonso",-0.127833371509885,0.0337477797513321,0.0424067495559503
"955","101627","Action_17","Morph_39","KB","Play","Hitobject","HitObject.1","Sonso",-0.328504066972036,0.0430728241563055,0.0559502664298401
"956","101386","Action_8","Morph_19","KB","Play","Dangle","Dangle.1","Sonso",-0.0408219945202552,0.0484014209591474,0.0484014209591474
"957","101027","Action_8","Morph_19","KB","Play","Dangle","Dangle.1","Sonso",-0.579818495252942,0.0484014209591474,0.0484014209591474
"958","101021","Action_8","Morph_19","KB","Play","Dangle","Dangle.1","Sonso",0.0392207131532813,0.0484014209591474,0.0484014209591474
"959","101838b","Action_57","Morph_115","KB","Playcontinue","Stompobject","StompObject.1","Sonso",-0.82098055206983,0.0337477797513321,0.0424067495559503
"960","101627","Action_57","Morph_115","KB","Play","Stompobject","StompObject.1","Sonso",-0.385662480811985,0.0337477797513321,0.0424067495559503
"961","101557a","Action_63","Morph_137","KB","Play","Touch","Touch.6","Sonso",-0.385662480811985,0.00488454706927176,0.0341918294849023
"962","101330","Action_17","Morph_39","KB","Play","Hitobject","HitObject.1","Sonso",-0.22314355131421,0.0430728241563055,0.0559502664298401
"963","101154a","Action_3","Morph_15","KB","Play","Bite","Bite.7","Sonso",-0.27443684570176,0.00133214920071048,0.0168738898756661
"964","101557a","Action_3","Morph_14","KB","Play","Bite","Bite.6","Sonso",-0.44628710262842,0.00266429840142096,0.0168738898756661
"965","101557a","Action_8","Morph_19","KB","Play","Dangle","Dangle.1","Sonso",0.113328685307003,0.0484014209591474,0.0484014209591474
"966","102485","Action_55","Morph_116","KB","Play","Stompingobject","StompObject.2","Sonso",0.0392207131532813,0.0148756660746004,0.0230905861456483
"967","101397","Action_41","Morph_87","KB","Play","Pull","Pull.4","Sonso",-1.19402247347277,0.00532859680284192,0.0253108348134991
"968","101558a","Action_34","Morph_65","KB","Play","Objectshake","ObjectShake.1","Sonso",1.26976054486394,0.0746003552397869,0.108792184724689
"969","101558a","Action_34","Morph_67","KB","Play","Objectshake","ObjectShake.3","Sonso",0.908258560176891,0.0022202486678508,0.108792184724689
"970","102271","Action_15","Morph_35","KB","Play","Grabhold","GrabHold.1","Sonso",1.04380405217311,0.00932504440497336,0.0204262877442274
"971","102271","Action_20","Morph_49","KB","Play","Hitother","HitOther.5","Sonso",0,0.00599467140319716,0.0404085257548845
"972","102271","Action_20","Morph_49","KB","Play","Hitother","HitOther.5","Sonso",-0.27443684570176,0.00599467140319716,0.0404085257548845
"973","101327","Action_9","Morph_20","KB","Play","Dangleshake","DangleShake.1","Sonso",0.712949807856125,0.00710479573712256,0.00710479573712256
"974","101984","Action_64","Morph_135","KB","Play","Touchlongother","Touch.4","Sonso",0.858661619037519,0.00488454706927176,0.0175399644760213
"975","101458","Action_8","Morph_19","KB","Play","Dangle","Dangle.1","Sonso",-0.22314355131421,0.0484014209591474,0.0484014209591474
"976","101286","Action_9","Morph_20","KB","Play","Dangleshake","DangleShake.1","Sonso",0.770108221696074,0.00710479573712256,0.00710479573712256
"977","101286","Action_34","Morph_65","KB","Play","Objectshake","ObjectShake.1","Sonso",0.56531380905006,0.0746003552397869,0.108792184724689
"978","101714","Action_41","Morph_87","KB","Play","Pull","Pull.4","Sonso",0.551583616238158,0.00532859680284192,0.0253108348134991
"979","101756","Action_2","Morph_3","KB","Groom","Bigloudscratch","BigLoudScratch.1","Sonso",0.609765571620894,0.0215364120781528,0.0577264653641208
"980","101756","Action_15","Morph_35","KB","Groom","Grabhold","GrabHold.1","Sonso",1.38629436111989,0.00932504440497336,0.0204262877442274
"981","101714","Action_41","Morph_86","KB","Play","Pull","Pull.3","Sonso",-1.03282454813011,0.00510657193605684,0.0253108348134991
"982","101714","Action_41","Morph_87","KB","Play","Pull","Pull.4","Sonso",-0.894040122939335,0.00532859680284192,0.0253108348134991
"983","101295","Action_20","Morph_46","KB","Play","Hitother","HitOther.2","Sonso",0.364643113587909,0.00932504440497336,0.0404085257548845
"984","101756","Action_2","Morph_4","KB","Groom","Bigloudscratch","BigLoudScratch.2","Sonso",0.392042087776024,0.019316163410302,0.0577264653641208
"985","101116","Action_8","Morph_19","KB","Play","Dangle","Dangle.1","Sonso",-0.385662480811985,0.0484014209591474,0.0484014209591474
"986","100321","Action_45","Morph_101","KB","Climbonyou","Reach","Reach.2","Sonso",-0.385662480811985,0.0370781527531083,0.0801509769094138
"987","101393a","Action_8","Morph_19","KB","Play","Dangle","Dangle.1","Sonso",-0.7339691750802,0.0484014209591474,0.0484014209591474
"988","100326","Action_43","Morph_96","KB","Givemenurse","Raise","Raise.1","Sonso",-0.27443684570176,0.00865896980461812,0.0113232682060391
"989","101458","Action_8","Morph_19","KB","Play","Dangle","Dangle.1","Sonso",0.148420005118273,0.0484014209591474,0.0484014209591474
"990","101286","Action_60","Morph_127","KB","Play","Swing","Swing.1","Sonso",0.470003629245736,0.0428507992895204,0.0475133214920071
"991","101395","Action_43","Morph_98","KB","Givemenurse","Raise","Raise.3","Sonso",-0.82098055206983,0.00177619893428064,0.0113232682060391
"992","101458","Action_56","Morph_123","KB","Play","Stompingother","StompOther.2","Sonso",-0.0408219945202552,0.00244227353463588,0.00266429840142096
"993","101714","Action_41","Morph_87","KB","Play","Pull","Pull.4","Sonso",-0.894040122939335,0.00532859680284192,0.0253108348134991
"994","101714","Action_23","Morph_47","KB","Play","Hittingother","HitOther.3","Sonso",0.182321556793955,0.00843694493783304,0.0157637655417407
"995","101458","Action_19","Morph_39","KB","Play","Hitobjectother","HitObject.1","Sonso",-0.579818495252942,0.0430728241563055,0.00088809946714032
"996","101286","Action_60","Morph_128","KB","Play","Swing","Swing.2","Sonso",-0.22314355131421,0.00310834813499112,0.0475133214920071
"997","100943","Action_63","Morph_135","KB","Giveme","Touch","Touch.4","Sonso",0.215111379616945,0.00488454706927176,0.0341918294849023
"998","101164","Action_14","Morph_29","KB","Play","Grab","Grab.1","Sonso",-0.653926467406664,0.00821492007104796,0.0353019538188277
"999","101396","Action_23","Morph_48","KB","Play","Hittingother","HitOther.4","Sonso",0,0.00732682060390764,0.0157637655417407
"1000","101714","Action_41","Morph_87","KB","Play","Pull","Pull.4","Sonso",-0.514164525031505,0.00532859680284192,0.0253108348134991
"1001","102027","Action_42","Morph_91","KB","Giveme","Push","Push.4","Sonso",0.78845736036427,0.00932504440497336,0.0466252220248668
"1002","100109b","Action_45","Morph_100","KB","Climbonyou","Reach","Reach.1","Sonso",0.0769610411361284,0.0408525754884547,0.0801509769094138
"1003","101396","Action_23","Morph_48","KB","Play","Hittingother","HitOther.4","Sonso",0.307484699747961,0.00732682060390764,0.0157637655417407
"1004","101396","Action_20","Morph_45","KB","Play","Hitother","HitOther.1","Sonso",-0.328504066972036,0.0202042628774423,0.0404085257548845
"1005","101458","Action_8","Morph_19","KB","Play","Dangle","Dangle.1","Sonso",-0.510825623765991,0.0484014209591474,0.0484014209591474
"1006","101396","Action_23","Morph_48","KB","Play","Hittingother","HitOther.4","Sonso",0.336472236621213,0.00732682060390764,0.0157637655417407
"1007","101458","Action_20","Morph_50","KB","Play","Hitother","HitOther.6","Sonso",-1.02165124753198,0.00488454706927176,0.0404085257548845
"1008","101286","Action_9","Morph_20","KB","Play","Dangleshake","DangleShake.1","Sonso",0.392042087776024,0.00710479573712256,0.00710479573712256
"1009","101458","Action_8","Morph_19","KB","Play","Dangle","Dangle.1","Sonso",-0.653926467406664,0.0484014209591474,0.0484014209591474
"1010","101295","Action_20","Morph_46","KB","Play","Hitother","HitOther.2","Sonso",0.27763173659828,0.00932504440497336,0.0404085257548845
"1011","101714","Action_41","Morph_87","KB","Play","Pull","Pull.4","Sonso",-1.11169752821677,0.00532859680284192,0.0253108348134991
"1012","101160","Action_8","Morph_19","KB","Play","Dangle","Dangle.1","Sonso",-0.7339691750802,0.0484014209591474,0.0484014209591474
"1013","101458","Action_23","Morph_48","KB","Play","Hittingother","HitOther.4","Sonso",-0.7339691750802,0.00732682060390764,0.0157637655417407
"1014","101714","Action_41","Morph_87","KB","Play","Pull","Pull.4","Sonso",-0.176737178500054,0.00532859680284192,0.0253108348134991
"1015","101458","Action_64","Morph_133","KB","Play","Touchlongother","Touch.2","Sonso",0.908258560176891,0.00754884547069272,0.0175399644760213
"1016","101286","Action_8","Morph_19","KB","Play","Dangle","Dangle.1","Sonso",-0.0408219945202552,0.0484014209591474,0.0484014209591474
"1017","101714","Action_23","Morph_48","KB","Play","Hittingother","HitOther.4","Sonso",0.307484699747961,0.00732682060390764,0.0157637655417407
"1018","100943","Action_42","Morph_91","KB","Giveme","Push","Push.4","Sonso",1.07158361628019,0.00932504440497336,0.0466252220248668
"1019","101385","Action_60","Morph_127","KB","Play","Swing","Swing.1","Sonso",-0.328504066972036,0.0428507992895204,0.0475133214920071
"1020","101280","Action_8","Morph_19","KB","Play","Dangle","Dangle.1","Sonso",0.148420005118273,0.0484014209591474,0.0484014209591474
"1021","101714","Action_63","Morph_137","KB","Play","Touch","Touch.6","Sonso",0.307484699747961,0.00488454706927176,0.0341918294849023
"1022","101458","Action_8","Morph_19","KB","Play","Dangle","Dangle.1","Sonso",-0.22314355131421,0.0484014209591474,0.0484014209591474
"1023","101518","Action_55","Morph_116","KB","Play","Stompingobject","StompObject.2","Sonso",0.182321556793955,0.0148756660746004,0.0230905861456483
"1024","101714","Action_41","Morph_87","KB","Play","Pull","Pull.4","Sonso",-1.15201306539522,0.00532859680284192,0.0253108348134991
"1025","101984","Action_63","Morph_137","KB","Play","Touch","Touch.6","Sonso",0.444685821261446,0.00488454706927176,0.0341918294849023
"1026","102027","Action_45","Morph_101","KB","Giveme","Reach","Reach.2","Sonso",-0.916290731874155,0.0370781527531083,0.0801509769094138
"1027","101714","Action_41","Morph_87","KB","Play","Pull","Pull.4","Sonso",-0.669430653942629,0.00532859680284192,0.0253108348134991
"1028","100338","Action_43","Morph_96","KB","Affiliation","Raise","Raise.1","Sonso",-0.7339691750802,0.00865896980461812,0.0113232682060391
"1029","102027","Action_42","Morph_91","KB","Giveme","Push","Push.4","Sonso",0.444685821261446,0.00932504440497336,0.0466252220248668
"1030","101716","Action_45","Morph_100","KB","Play","Reach","Reach.1","Sonso",0.113328685307003,0.0408525754884547,0.0801509769094138
"1031","101715","Action_17","Morph_39","KB","Playcontinue","Hitobject","HitObject.1","Sonso",-0.127833371509885,0.0430728241563055,0.0559502664298401
"1032","101780","Action_60","Morph_127","KB","Play","Swing","Swing.1","Sonso",0,0.0428507992895204,0.0475133214920071
"1033","101196","Action_8","Morph_19","KB","Play","Dangle","Dangle.1","Sonso",-1.02165124753198,0.0484014209591474,0.0484014209591474
"1034","101773","Action_45","Morph_100","KB","Play","Reach","Reach.1","Sonso",0.307484699747961,0.0408525754884547,0.0801509769094138
"1035","101831","Action_33","Morph_61","KB","Play","Objectmove","ObjectMove.1","Sonso",0.751416088683921,0.0317495559502664,0.0406305506216696
"1036","101780","Action_8","Morph_19","KB","Play","Dangle","Dangle.1","Sonso",-0.22314355131421,0.0484014209591474,0.0484014209591474
"1037","101831","Action_14","Morph_30","KB","Play","Grab","Grab.2","Sonso",-0.579818495252942,0.00799289520426288,0.0353019538188277
"1038","101773","Action_45","Morph_100","KB","Play","Reach","Reach.1","Sonso",-0.27443684570176,0.0408525754884547,0.0801509769094138
"1039","101773","Action_52","Morph_112","KB","Play","Spinroulade","SpinRoulade.1","Sonso",0.542324290825362,0.00488454706927176,0.00488454706927176
"1040","102320","Action_51","Morph_111","KB","Playcontinue","Spinpirouette","SpinPirouette.1","Sonso",0.215111379616945,0.00133214920071048,0.00133214920071048
"1041","101017","Action_63","Morph_135","KB","Play","Touch","Touch.4","Sonso",0.181487876045377,0.00488454706927176,0.0341918294849023
"1042","101024","Action_3","Morph_14","KB","Play","Bite","Bite.6","Sonso",-0.127833371509885,0.00266429840142096,0.0168738898756661
"1043","100764a","Action_8","Morph_19","KB","Play","Dangle","Dangle.1","Sonso",0.336472236621213,0.0484014209591474,0.0484014209591474
"1044","101621","Action_57","Morph_115","KB","Play","Stompobject","StompObject.1","Sonso",-0.653926467406664,0.0337477797513321,0.0424067495559503
"1045","101621","Action_57","Morph_120","KB","Play","Stompobject","StompObject.6","Sonso",-0.510825623765991,0.00133214920071048,0.0424067495559503
"1046","100770","Action_34","Morph_65","KB","Play","Objectshake","ObjectShake.1","Sonso",0.364643113587909,0.0746003552397869,0.108792184724689
"1047","100770","Action_34","Morph_66","KB","Play","Objectshake","ObjectShake.2","Sonso",1.16315080980568,0.0237566607460036,0.108792184724689
"1048","101929b","Action_16","Morph_38","KB","Play","Headstand","HeadStand.1","Sonso",0.336472236621213,0.0066607460035524,0.0066607460035524
"1049","102481","Action_63","Morph_137","KB","Play","Touch","Touch.6","Sonso",-0.22314355131421,0.00488454706927176,0.0341918294849023
"1050","102481","Action_63","Morph_137","KB","Play","Touch","Touch.6","Sonso",0.215111379616945,0.00488454706927176,0.0341918294849023
"1051","101679","Action_57","Morph_115","KB","Play","Stompobject","StompObject.1","Sonso",-0.579818495252942,0.0337477797513321,0.0424067495559503
"1052","100770","Action_17","Morph_39","KB","Play","Hitobject","HitObject.1","Sonso",-0.0408219945202552,0.0430728241563055,0.0559502664298401
"1053","100770","Action_34","Morph_66","KB","Play","Objectshake","ObjectShake.2","Sonso",0.712949807856125,0.0237566607460036,0.108792184724689
"1054","100770","Action_17","Morph_39","KB","Play","Hitobject","HitObject.1","Sonso",-0.510825623765991,0.0430728241563055,0.0559502664298401
"1055","100770","Action_34","Morph_66","KB","Play","Objectshake","ObjectShake.2","Sonso",-0.44628710262842,0.0237566607460036,0.108792184724689
"1056","100770","Action_34","Morph_65","KB","Play","Objectshake","ObjectShake.1","Sonso",-0.510825623765991,0.0746003552397869,0.108792184724689
"1057","100770","Action_17","Morph_39","KB","Play","Hitobject","HitObject.1","Sonso",-0.0408219945202552,0.0430728241563055,0.0559502664298401
"1058","100770","Action_20","Morph_46","KB","Play","Hitother","HitOther.2","Sonso",-0.174353387144778,0.00932504440497336,0.0404085257548845
"1059","101204","Action_55","Morph_117","KB","Play","Stompingobject","StompObject.3","Sonso",0.841567185678219,0.00688277087033748,0.0230905861456483
"1060","101519","Action_57","Morph_115","KB","Play","Stompobject","StompObject.1","Sonso",-0.579818495252942,0.0337477797513321,0.0424067495559503
"1061","101316","Action_21","Morph_43","KB","Play","Hittingobject","HitObject.5","Sonso",0,0.0044404973357016,0.00799289520426288
"1062","101519","Action_21","Morph_43","KB","Play","Hittingobject","HitObject.5","Sonso",-0.127833371509885,0.0044404973357016,0.00799289520426288
"1063","101519","Action_57","Morph_115","KB","Play","Stompobject","StompObject.1","Sonso",-0.328504066972036,0.0337477797513321,0.0424067495559503
"1064","101204","Action_17","Morph_39","KB","Play","Hitobject","HitObject.1","Sonso",-0.385662480811985,0.0430728241563055,0.0559502664298401
"1065","101204","Action_57","Morph_115","KB","Play","Stompobject","StompObject.1","Sonso",-0.653926467406664,0.0337477797513321,0.0424067495559503
"1066","101205","Action_57","Morph_115","KB","Play","Stompobject","StompObject.1","Sonso",-0.22314355131421,0.0337477797513321,0.0424067495559503
"1067","101205","Action_21","Morph_42","KB","Play","Hittingobject","HitObject.4","Sonso",-0.127833371509885,0.00599467140319716,0.00799289520426288
"1068","101198","Action_8","Morph_19","KB","Play","Dangle","Dangle.1","Sonso",0,0.0484014209591474,0.0484014209591474
"1069","101513","Action_60","Morph_127","KB","Play","Swing","Swing.1","Sonso",0.246860077931526,0.0428507992895204,0.0475133214920071
"1070","101520","Action_20","Morph_45","KB","Play","Hitother","HitOther.1","Sonso",-0.653926467406664,0.0202042628774423,0.0404085257548845
"1071","101521","Action_15","Morph_37","KB","Play","Grabhold","GrabHold.3","Sonso",1.07158361628019,0.00532859680284192,0.0204262877442274
"1072","101521","Action_3","Morph_15","KB","Play","Bite","Bite.7","Sonso",-0.916290731874155,0.00133214920071048,0.0168738898756661
"1073","101520","Action_3","Morph_15","KB","Play","Bite","Bite.7","Sonso",-1.6094379124341,0.00133214920071048,0.0168738898756661
"1074","101520","Action_15","Morph_35","KB","Play","Grabhold","GrabHold.1","Sonso",0.806475865866949,0.00932504440497336,0.0204262877442274
"1075","101832","Action_52","Morph_112","KB","Play","Spinroulade","SpinRoulade.1","Sonso",1.05779029414785,0.00488454706927176,0.00488454706927176
"1076","101832","Action_25","Morph_52","KB","Play","Kickpunch","KickPunch.1","Sonso",-1.03282454813011,0.0022202486678508,0.0022202486678508
"1077","101832","Action_53","Morph_113","KB","Play","Spinsomersault","SpinSomersault.1","Sonso",1.28093384546206,0.00799289520426288,0.00799289520426288
"1078","101398","Action_20","Morph_45","KB","Play","Hitother","HitOther.1","Sonso",-0.328504066972036,0.0202042628774423,0.0404085257548845
"1079","101513","Action_9","Morph_20","KB","Play","Dangleshake","DangleShake.1","Sonso",0.418710334858185,0.00710479573712256,0.00710479573712256
"1080","101832","Action_25","Morph_52","KB","Play","Kickpunch","KickPunch.1","Sonso",-1.03282454813011,0.0022202486678508,0.0022202486678508
"1081","101513","Action_8","Morph_19","KB","Play","Dangle","Dangle.1","Sonso",0.0392207131532813,0.0484014209591474,0.0484014209591474
"1082","101832","Action_25","Morph_52","KB","Play","Kickpunch","KickPunch.1","Sonso",-1.03282454813011,0.0022202486678508,0.0022202486678508
"1083","101529a","Action_8","Morph_19","KB","Play","Dangle","Dangle.1","Sonso",0.693147180559945,0.0484014209591474,0.0484014209591474
"1084","101521","Action_23","Morph_48","KB","Play","Hittingother","HitOther.4","Sonso",0.806475865866949,0.00732682060390764,0.0157637655417407
"1085","101520","Action_57","Morph_115","KB","Play","Stompobject","StompObject.1","Sonso",-0.127833371509885,0.0337477797513321,0.0424067495559503
"1086","101520","Action_3","Morph_15","KB","Play","Bite","Bite.7","Sonso",-1.6094379124341,0.00133214920071048,0.0168738898756661
"1087","101520","Action_20","Morph_45","KB","Play","Hitother","HitOther.1","Sonso",-0.22314355131421,0.0202042628774423,0.0404085257548845
"1088","100370","Action_37","Morph_74","KB","Play","Poke","Poke.1","Sonso",0.307484699747961,0.00266429840142096,0.00266429840142096
"1089","100370","Action_45","Morph_101","KB","Play","Reach","Reach.2","Sonso",0.0392207131532813,0.0370781527531083,0.0801509769094138
"1090","100370","Action_8","Morph_19","KB","Play","Dangle","Dangle.1","Sonso",1.26976054486394,0.0484014209591474,0.0484014209591474
"1091","100370","Action_23","Morph_47","KB","Play","Hittingother","HitOther.3","Sonso",0.148420005118273,0.00843694493783304,0.0157637655417407
"1092","101751","Action_34","Morph_66","KB","Playcontinue","Objectshake","ObjectShake.2","Sonso",1.17557332980424,0.0237566607460036,0.108792184724689
"1093","102300","Action_8","Morph_19","KB","Play","Dangle","Dangle.1","Sonso",-0.0408219945202552,0.0484014209591474,0.0484014209591474
"1094","102302","Action_8","Morph_19","KB","Playcontinue","Dangle","Dangle.1","Sonso",-1.27296567581289,0.0484014209591474,0.0484014209591474
"1095","102301","Action_8","Morph_19","KB","Playcontinue","Dangle","Dangle.1","Sonso",-1.02165124753198,0.0484014209591474,0.0484014209591474
"1096","102151","Action_8","Morph_19","KB","Play","Dangle","Dangle.1","Sonso",-0.127833371509885,0.0484014209591474,0.0484014209591474
"1097","101452","Action_20","Morph_45","KB","Play","Hitother","HitOther.1","Sonso",-0.7339691750802,0.0202042628774423,0.0404085257548845
"1098","101455b","Action_60","Morph_127","KB","Play","Swing","Swing.1","Sonso",0.0392207131532813,0.0428507992895204,0.0475133214920071
"1099","101452","Action_9","Morph_20","KB","Play","Dangleshake","DangleShake.1","Sonso",0.418710334858185,0.00710479573712256,0.00710479573712256
"1100","101455b","Action_8","Morph_19","KB","Play","Dangle","Dangle.1","Sonso",-0.44628710262842,0.0484014209591474,0.0484014209591474
"1101","100148","Action_48","Morph_104","KB","Play","Rollover","RollOver.1","Sonso",1.26976054486394,0.00621669626998224,0.00621669626998224
"1102","101575","Action_8","Morph_19","KB","Play","Dangle","Dangle.1","Sonso",0.65232518603969,0.0484014209591474,0.0484014209591474
"1103","101574","Action_8","Morph_19","KB","Playcontinue","Dangle","Dangle.1","Sonso",-0.579818495252942,0.0484014209591474,0.0484014209591474
"1104","101575","Action_63","Morph_137","KB","Play","Touch","Touch.6","Sonso",0.824175442966349,0.00488454706927176,0.0341918294849023
"1105","101575","Action_63","Morph_137","KB","Play","Touch","Touch.6","Sonso",0.0392207131532813,0.00488454706927176,0.0341918294849023
"1106","100757","Action_61","Morph_130","KB","Play","Throwobject","ThrowObject.1","Sonso",0.587786664902119,0.00244227353463588,0.00244227353463588
"1107","101406","Action_20","Morph_45","KC","Play","Hitother","HitOther.1","Sonso",-0.27443684570176,0.0202042628774423,0.0404085257548845
"1108","101407","Action_34","Morph_65","KC","Play","Objectshake","ObjectShake.1","Sonso",2.44408465526775,0.0746003552397869,0.108792184724689
"1109","101406","Action_15","Morph_35","KC","Play","Grabhold","GrabHold.1","Sonso",0.955511445027436,0.00932504440497336,0.0204262877442274
"1110","100466b","Action_33","Morph_61","KC","Play","Objectmove","ObjectMove.1","Sonso",0.712949807856125,0.0317495559502664,0.0406305506216696
"1111","101239","Action_60","Morph_127","KC","Play","Swing","Swing.1","Sonso",0.470003629245736,0.0428507992895204,0.0475133214920071
"1112","101376","Action_60","Morph_127","KC","Play","Swing","Swing.1","Sonso",0.609765571620894,0.0428507992895204,0.0475133214920071
"1113","101239","Action_15","Morph_35","KC","Play","Grabhold","GrabHold.1","Sonso",1.11185751541813,0.00932504440497336,0.0204262877442274
"1114","101239","Action_9","Morph_20","KC","Play","Dangleshake","DangleShake.1","Sonso",0.444685821261446,0.00710479573712256,0.00710479573712256
"1115","101241","Action_8","Morph_19","KC","Playcontinue","Dangle","Dangle.1","Sonso",-0.510825623765991,0.0484014209591474,0.0484014209591474
"1116","102457","Action_34","Morph_65","KC","Play","Objectshake","ObjectShake.1","Sonso",0.924258901523332,0.0746003552397869,0.108792184724689
"1117","102457","Action_14","Morph_29","KC","Play","Grab","Grab.1","Sonso",-0.82098055206983,0.00821492007104796,0.0353019538188277
"1118","102455","Action_20","Morph_49","KC","Play","Hitother","HitOther.5","Sonso",0.215111379616945,0.00599467140319716,0.0404085257548845
"1119","102449","Action_60","Morph_127","KC","Play","Swing","Swing.1","Sonso",0,0.0428507992895204,0.0475133214920071
"1120","102086","Action_45","Morph_100","KC","Play","Reach","Reach.1","Sonso",-0.7339691750802,0.0408525754884547,0.0801509769094138
"1121","102085","Action_45","Morph_100","KC","Play","Reach","Reach.1","Sonso",-0.127833371509885,0.0408525754884547,0.0801509769094138
"1122","102085","Action_43","Morph_96","KC","Play","Raise","Raise.1","Sonso",-0.22314355131421,0.00865896980461812,0.0113232682060391
"1123","100738a","Action_63","Morph_138","KC","Play","Touch","Touch.7","Sonso",-0.27443684570176,0.0044404973357016,0.0341918294849023
"1124","100259a","Action_39","Morph_83","KC","Affiliation","Presentgenitalsbackwards","PresentGenitals.2","Sonso",0.0392207131532813,0.00577264653641208,0.033303730017762
"1125","102324a","Action_23","Morph_48","KC","Play","Hittingother","HitOther.4","Sonso",0.182321556793955,0.00732682060390764,0.0157637655417407
"1126","102324a","Action_20","Morph_45","KC","Play","Hitother","HitOther.1","Sonso",-0.82098055206983,0.0202042628774423,0.0404085257548845
"1127","102324a","Action_20","Morph_45","KC","Play","Hitother","HitOther.1","Sonso",-0.083381608939051,0.0202042628774423,0.0404085257548845
"1128","100294","Action_45","Morph_101","KC","Staysame","Reach","Reach.2","Sonso",-0.328504066972036,0.0370781527531083,0.0801509769094138
"1129","101586","Action_8","Morph_19","KC","Play","Dangle","Dangle.1","Sonso",-0.328504066972036,0.0484014209591474,0.0484014209591474
"1130","101590","Action_33","Morph_61","KC","Play","Objectmove","ObjectMove.1","Sonso",0.27763173659828,0.0317495559502664,0.0406305506216696
"1131","101938","Action_8","Morph_19","KC","Play","Dangle","Dangle.1","Sonso",-0.385662480811985,0.0484014209591474,0.0484014209591474
"1132","101590","Action_33","Morph_61","KC","Play","Objectmove","ObjectMove.1","Sonso",0,0.0317495559502664,0.0406305506216696
"1133","101939","Action_26","Morph_53","KC","Play","Knockobject","KnockObject.1","Sonso",-0.916290731874155,0.00133214920071048,0.0011101243339254
"1134","101939","Action_55","Morph_116","KC","Play","Stompingobject","StompObject.2","Sonso",-0.385662480811985,0.0148756660746004,0.0230905861456483
"1135","101939","Action_43","Morph_96","KC","Play","Raise","Raise.1","Sonso",-0.916290731874155,0.00865896980461812,0.0113232682060391
"1136","101814b","Action_17","Morph_40","KC","Play","Hitobject","HitObject.2","Sonso",-0.916290731874155,0.0119893428063943,0.0559502664298401
"1137","101528","Action_57","Morph_115","KC","Play","Stompobject","StompObject.1","Sonso",-0.7339691750802,0.0337477797513321,0.0424067495559503
"1138","101528","Action_57","Morph_115","KC","Play","Stompobject","StompObject.1","Sonso",-0.7339691750802,0.0337477797513321,0.0424067495559503
"1139","101527a","Action_57","Morph_118","KC","Play","Stompobject","StompObject.4","Sonso",-0.916290731874155,0.005550621669627,0.0424067495559503
"1140","101527a","Action_55","Morph_116","KC","Play","Stompingobject","StompObject.2","Sonso",0.246860077931526,0.0148756660746004,0.0230905861456483
"1141","101523b","Action_57","Morph_115","KC","Play","Stompobject","StompObject.1","Sonso",-0.7339691750802,0.0337477797513321,0.0424067495559503
"1142","101527a","Action_57","Morph_118","KC","Play","Stompobject","StompObject.4","Sonso",-0.916290731874155,0.005550621669627,0.0424067495559503
"1143","101528","Action_17","Morph_39","KC","Play","Hitobject","HitObject.1","Sonso",-0.916290731874155,0.0430728241563055,0.0559502664298401
"1144","101527a","Action_17","Morph_40","KC","Play","Hitobject","HitObject.2","Sonso",-0.82098055206983,0.0119893428063943,0.0559502664298401
"1145","101527a","Action_17","Morph_40","KC","Play","Hitobject","HitObject.2","Sonso",-0.579818495252942,0.0119893428063943,0.0559502664298401
"1146","101527a","Action_17","Morph_39","KC","Play","Hitobject","HitObject.1","Sonso",-0.22314355131421,0.0430728241563055,0.0559502664298401
"1147","101527a","Action_55","Morph_116","KC","Play","Stompingobject","StompObject.2","Sonso",-0.0408219945202552,0.0148756660746004,0.0230905861456483
"1148","101527a","Action_57","Morph_118","KC","Play","Stompobject","StompObject.4","Sonso",-0.82098055206983,0.005550621669627,0.0424067495559503
"1149","101527a","Action_55","Morph_116","KC","Play","Stompingobject","StompObject.2","Sonso",0.246860077931526,0.0148756660746004,0.0230905861456483
"1150","101527a","Action_17","Morph_40","KC","Play","Hitobject","HitObject.2","Sonso",-0.7339691750802,0.0119893428063943,0.0559502664298401
"1151","101527a","Action_21","Morph_42","KC","Play","Hittingobject","HitObject.4","Sonso",-0.27443684570176,0.00599467140319716,0.00799289520426288
"1152","101523b","Action_57","Morph_115","KC","Play","Stompobject","StompObject.1","Sonso",-0.27443684570176,0.0337477797513321,0.0424067495559503
"1153","101527a","Action_55","Morph_116","KC","Play","Stompingobject","StompObject.2","Sonso",0.215111379616945,0.0148756660746004,0.0230905861456483
"1154","101527a","Action_57","Morph_118","KC","Play","Stompobject","StompObject.4","Sonso",-0.579818495252942,0.005550621669627,0.0424067495559503
"1155","102475","Action_34","Morph_65","KC","Play","Objectshake","ObjectShake.1","Sonso",0.609765571620894,0.0746003552397869,0.108792184724689
"1156","101527a","Action_17","Morph_39","KC","Play","Hitobject","HitObject.1","Sonso",-0.27443684570176,0.0430728241563055,0.0559502664298401
"1157","102009","Action_57","Morph_115","KC","Play","Stompobject","StompObject.1","Sonso",-0.174353387144778,0.0337477797513321,0.0424067495559503
"1158","102046","Action_21","Morph_44","KC","Play","Hittingobject","HitObject.6","Sonso",-0.0408219945202552,0.00155417406749556,0.00799289520426288
"1159","102010","Action_41","Morph_87","KC","Play","Pull","Pull.4","Sonso",0.0392207131532813,0.00532859680284192,0.0253108348134991
"1160","102009","Action_57","Morph_115","KC","Play","Stompobject","StompObject.1","Sonso",-0.385662480811985,0.0337477797513321,0.0424067495559503
"1161","102224","Action_33","Morph_61","KC","Play","Objectmove","ObjectMove.1","Sonso",0.418710334858185,0.0317495559502664,0.0406305506216696
"1162","102040","Action_14","Morph_30","KC","Stopbehaviour","Grab","Grab.2","Sonso",-0.916290731874155,0.00799289520426288,0.0353019538188277
"1163","102042","Action_14","Morph_30","KC","Play","Grab","Grab.2","Sonso",-0.385662480811985,0.00799289520426288,0.0353019538188277
"1164","102009","Action_20","Morph_49","KC","Play","Hitother","HitOther.5","Sonso",-0.22314355131421,0.00599467140319716,0.0404085257548845
"1165","102010","Action_15","Morph_37","KC","Play","Grabhold","GrabHold.3","Sonso",1.81156209652423,0.00532859680284192,0.0204262877442274
"1166","102009","Action_34","Morph_65","KC","Play","Objectshake","ObjectShake.1","Sonso",0.418710334858185,0.0746003552397869,0.108792184724689
"1167","102009","Action_57","Morph_115","KC","Play","Stompobject","StompObject.1","Sonso",0.336472236621213,0.0337477797513321,0.0424067495559503
"1168","102010","Action_8","Morph_19","KC","Play","Dangle","Dangle.1","Sonso",-0.127833371509885,0.0484014209591474,0.0484014209591474
"1169","102223a","Action_33","Morph_62","KC","Play","Objectmove","ObjectMove.2","Sonso",0.182321556793955,0.00643872113676732,0.0406305506216696
"1170","102223a","Action_55","Morph_117","KC","Play","Stompingobject","StompObject.3","Sonso",0.444685821261446,0.00688277087033748,0.0230905861456483
"1171","102046","Action_8","Morph_19","KC","Play","Dangle","Dangle.1","Sonso",0.113328685307003,0.0484014209591474,0.0484014209591474
"1172","102228","Action_29","Morph_58","KC","Play","Locomotegallop","LocomoteGallop.1","Sonso",-0.083381608939051,0.00821492007104796,0.00821492007104796
"1173","101918","Action_41","Morph_87","KC","Travel","Pull","Pull.4","Sonso",-1.13943428318836,0.00532859680284192,0.0253108348134991
"1174","101918","Action_41","Morph_87","KC","Travel","Pull","Pull.4","Sonso",-2.12026353620009,0.00532859680284192,0.0253108348134991
"1175","102317","Action_41","Morph_87","KC","Climbonyou","Pull","Pull.4","Sonso",0.470003629245736,0.00532859680284192,0.0253108348134991
"1176","100371","Action_41","Morph_84","KC","Climbonyou","Pull","Pull.1","Sonso",-0.510825623765991,0.00821492007104796,0.0253108348134991
"1177","100739","Action_2","Morph_3","KC","Givemenurse","Bigloudscratch","BigLoudScratch.1","Sonso",0.770108221696074,0.0215364120781528,0.0577264653641208
"1178","100371","Action_41","Morph_84","KC","Climbonyou","Pull","Pull.1","Sonso",-0.328504066972036,0.00821492007104796,0.0253108348134991
"1179","100371","Action_15","Morph_35","KC","Climbonyou","Grabhold","GrabHold.1","Sonso",0.148420005118273,0.00932504440497336,0.0204262877442274
"1180","101644","Action_17","Morph_39","KC","Play","Hitobject","HitObject.1","Sonso",-0.385662480811985,0.0430728241563055,0.0559502664298401
"1181","101918","Action_41","Morph_87","KC","Travel","Pull","Pull.4","Sonso",-0.385662480811985,0.00532859680284192,0.0253108348134991
"1182","100187","Action_2","Morph_4","KC","Travel","Bigloudscratch","BigLoudScratch.2","Sonso",0.470003629245736,0.019316163410302,0.0577264653641208
"1183","101935","Action_45","Morph_100","KC","Climbonyou","Reach","Reach.1","Sonso",0.672944473242426,0.0408525754884547,0.0801509769094138
"1184","101644","Action_60","Morph_127","KC","Play","Swing","Swing.1","Sonso",-0.174353387144778,0.0428507992895204,0.0475133214920071
"1185","101644","Action_57","Morph_115","KC","Play","Stompobject","StompObject.1","Sonso",-0.27443684570176,0.0337477797513321,0.0424067495559503
"1186","100030","Action_41","Morph_87","KC","Climbonyou","Pull","Pull.4","Sonso",-0.7339691750802,0.00532859680284192,0.0253108348134991
"1187","101644","Action_14","Morph_31","KC","Play","Grab","Grab.3","Sonso",-0.328504066972036,0.00466252220248668,0.0353019538188277
"1188","101646","Action_8","Morph_19","KC","Play","Dangle","Dangle.1","Sonso",-0.579818495252942,0.0484014209591474,0.0484014209591474
"1189","101645","Action_8","Morph_19","KC","Play","Dangle","Dangle.1","Sonso",-0.510825623765991,0.0484014209591474,0.0484014209591474
"1190","100187","Action_41","Morph_87","KC","Travel","Pull","Pull.4","Sonso",0.908258560176891,0.00532859680284192,0.0253108348134991
"1191","101644","Action_8","Morph_19","KC","Play","Dangle","Dangle.1","Sonso",-0.27443684570176,0.0484014209591474,0.0484014209591474
"1192","100279","Action_42","Morph_91","KC","Position","Push","Push.4","Sonso",0.672944473242426,0.00932504440497336,0.0466252220248668
"1193","101584","Action_8","Morph_19","KC","Play","Dangle","Dangle.1","Sonso",0.609765571620894,0.0484014209591474,0.0484014209591474
"1194","101918","Action_42","Morph_94","KC","Travel","Push","Push.7","Sonso",-1.42711635564015,0.00288632326820604,0.0466252220248668
"1195","101644","Action_8","Morph_19","KC","Play","Dangle","Dangle.1","Sonso",-0.82098055206983,0.0484014209591474,0.0484014209591474
"1196","101918","Action_41","Morph_87","KC","Travel","Pull","Pull.4","Sonso",-1.6094379124341,0.00532859680284192,0.0253108348134991
"1197","100371","Action_63","Morph_132","KC","Climbonyou","Touch","Touch.1","Sonso",-0.22314355131421,0.0104351687388988,0.0341918294849023
"1198","100371","Action_41","Morph_84","KC","Climbonyou","Pull","Pull.1","Sonso",0.732367893713227,0.00821492007104796,0.0253108348134991
"1199","101918","Action_42","Morph_94","KC","Travel","Push","Push.7","Sonso",-1.6094379124341,0.00288632326820604,0.0466252220248668
"1200","101644","Action_55","Morph_116","KC","Play","Stompingobject","StompObject.2","Sonso",0.148420005118273,0.0148756660746004,0.0230905861456483
"1201","101918","Action_41","Morph_87","KC","Travel","Pull","Pull.4","Sonso",-1.13943428318836,0.00532859680284192,0.0253108348134991
"1202","102210","Action_41","Morph_86","KC","Position","Pull","Pull.3","Sonso",-0.083381608939051,0.00510657193605684,0.0253108348134991
"1203","101645","Action_55","Morph_116","KC","Play","Stompingobject","StompObject.2","Sonso",-0.82098055206983,0.0148756660746004,0.0230905861456483
"1204","100464","Action_15","Morph_37","KC","Play","Grabhold","GrabHold.3","Sonso",-0.44628710262842,0.00532859680284192,0.0204262877442274
"1205","101858","Action_8","Morph_19","KC","Play","Dangle","Dangle.1","Sonso",-0.7339691750802,0.0484014209591474,0.0484014209591474
"1206","102261","Action_29","Morph_58","KC","Play","Locomotegallop","LocomoteGallop.1","Sonso",-0.0408219945202552,0.00821492007104796,0.00821492007104796
"1207","102091","Action_38","Morph_80","KC","Groom","Present","Present.6","Sonso",0.113328685307003,0.00155417406749556,0.0492895204262877
"1208","102261","Action_61","Morph_130","KC","Play","Throwobject","ThrowObject.1","Sonso",-0.510825623765991,0.00244227353463588,0.00244227353463588
"1209","102091","Action_2","Morph_5","KC","Groom","Bigloudscratch","BigLoudScratch.3","Sonso",0.65232518603969,0.0119893428063943,0.0577264653641208
"1210","101413a","Action_17","Morph_40","KC","Play","Hitobject","HitObject.2","Sonso",0,0.0119893428063943,0.0559502664298401
"1211","102264","Action_20","Morph_50","KC","Play","Hitother","HitOther.6","Sonso",-0.82098055206983,0.00488454706927176,0.0404085257548845
"1212","101413a","Action_17","Morph_40","KC","Play","Hitobject","HitObject.2","Sonso",-0.385662480811985,0.0119893428063943,0.0559502664298401
"1213","101859","Action_57","Morph_115","KC","Play","Stompobject","StompObject.1","Sonso",-0.328504066972036,0.0337477797513321,0.0424067495559503
"1214","102261","Action_57","Morph_118","KC","Play","Stompobject","StompObject.4","Sonso",-0.385662480811985,0.005550621669627,0.0424067495559503
"1215","100464","Action_3","Morph_13","KC","Play","Bite","Bite.5","Sonso",-0.22314355131421,0.0011101243339254,0.0168738898756661
"1216","100464","Action_3","Morph_13","KC","Play","Bite","Bite.5","Sonso",-0.083381608939051,0.0011101243339254,0.0168738898756661
"1217","102227","Action_14","Morph_30","KC","Play","Grab","Grab.2","Sonso",-0.174353387144778,0.00799289520426288,0.0353019538188277
"1218","102227","Action_29","Morph_58","KC","Play","Locomotegallop","LocomoteGallop.1","Sonso",0.0392207131532813,0.00821492007104796,0.00821492007104796
"1219","101354","Action_34","Morph_66","KC","Play","Objectshake","ObjectShake.2","Sonso",1.13783300182139,0.0237566607460036,0.108792184724689
"1220","102226","Action_60","Morph_127","KC","Moveclose","Swing","Swing.1","Sonso",-0.174353387144778,0.0428507992895204,0.0475133214920071
"1221","102226","Action_55","Morph_116","KC","Moveclose","Stompingobject","StompObject.2","Sonso",0.246860077931526,0.0148756660746004,0.0230905861456483
"1222","102043","Action_20","Morph_49","KC","Play","Hitother","HitOther.5","Sonso",0.246860077931526,0.00599467140319716,0.0404085257548845
"1223","102043","Action_20","Morph_49","KC","Play","Hitother","HitOther.5","Sonso",-0.22314355131421,0.00599467140319716,0.0404085257548845
"1224","100475","Action_57","Morph_118","KC","Play","Stompobject","StompObject.4","Sonso",-0.579818495252942,0.005550621669627,0.0424067495559503
"1225","100475","Action_55","Morph_117","KC","Play","Stompingobject","StompObject.3","Sonso",0.444685821261446,0.00688277087033748,0.0230905861456483
"1226","101860a","Action_11","Morph_22","KC","Play","Embrace","Embrace.1","Sonso",0.336472236621213,0.00288632326820604,0.005550621669627
"1227","101860a","Action_56","Morph_123","KC","Play","Stompingother","StompOther.2","Sonso",0.712949807856125,0.00244227353463588,0.00266429840142096
"1228","101860a","Action_3","Morph_9","KC","Play","Bite","Bite.1","Sonso",-0.579818495252942,0.0044404973357016,0.0168738898756661
"1229","101860a","Action_23","Morph_48","KC","Play","Hittingother","HitOther.4","Sonso",0.609765571620894,0.00732682060390764,0.0157637655417407
"1230","101860a","Action_23","Morph_48","KC","Play","Hittingother","HitOther.4","Sonso",0.609765571620894,0.00732682060390764,0.0157637655417407
"1231","101860a","Action_20","Morph_49","KC","Play","Hitother","HitOther.5","Sonso",-0.22314355131421,0.00599467140319716,0.0404085257548845
"1232","101860a","Action_56","Morph_123","KC","Play","Stompingother","StompOther.2","Sonso",0.518793793415168,0.00244227353463588,0.00266429840142096
"1233","101860a","Action_58","Morph_122","KC","Play","Stompother","StompOther.1","Sonso",-0.27443684570176,0.00244227353463588,0.00377442273534636
"1234","101861","Action_11","Morph_22","KC","Affiliation","Embrace","Embrace.1","Sonso",0.924258901523332,0.00288632326820604,0.005550621669627
"1235","102217","Action_45","Morph_100","KC","Takeobject","Reach","Reach.1","Sonso",-0.579818495252942,0.0408525754884547,0.0801509769094138
"1236","101860a","Action_20","Morph_46","KC","Play","Hitother","HitOther.2","Sonso",0,0.00932504440497336,0.0404085257548845
"1237","101382","Action_23","Morph_48","KC","Play","Hittingother","HitOther.4","Sonso",-0.44628710262842,0.00732682060390764,0.0157637655417407
"1238","102018","Action_23","Morph_47","KC","Play","Hittingother","HitOther.3","Sonso",0.631271776841858,0.00843694493783304,0.0157637655417407
"1239","102018","Action_3","Morph_9","KC","Play","Bite","Bite.1","Sonso",-0.82098055206983,0.0044404973357016,0.0168738898756661
"1240","101381","Action_15","Morph_37","KC","Play","Grabhold","GrabHold.3","Sonso",0.494696241836107,0.00532859680284192,0.0204262877442274
"1241","101647","Action_23","Morph_48","KC","Play","Hittingother","HitOther.4","Sonso",-0.27443684570176,0.00732682060390764,0.0157637655417407
"1242","101380","Action_56","Morph_123","KC","Play","Stompingother","StompOther.2","Sonso",0.0769610411361284,0.00244227353463588,0.00266429840142096
"1243","101377","Action_3","Morph_16","KC","Play","Bite","Bite.8","Sonso",-0.82098055206983,0.00288632326820604,0.0168738898756661
"1244","101378","Action_15","Morph_36","KC","Play","Grabhold","GrabHold.2","Sonso",0.985816794522765,0.005550621669627,0.0204262877442274
"1245","102021","Action_8","Morph_19","KC","Play","Dangle","Dangle.1","Sonso",0.0392207131532813,0.0484014209591474,0.0484014209591474
"1246","102017","Action_3","Morph_9","KC","Play","Bite","Bite.1","Sonso",-0.7339691750802,0.0044404973357016,0.0168738898756661
"1247","101643","Action_8","Morph_19","KC","Play","Dangle","Dangle.1","Sonso",-0.22314355131421,0.0484014209591474,0.0484014209591474
"1248","101381","Action_15","Morph_37","KC","Play","Grabhold","GrabHold.3","Sonso",0.336472236621213,0.00532859680284192,0.0204262877442274
"1249","101381","Action_15","Morph_36","KC","Play","Grabhold","GrabHold.2","Sonso",0.470003629245736,0.005550621669627,0.0204262877442274
"1250","102017","Action_15","Morph_37","KC","Play","Grabhold","GrabHold.3","Sonso",0.693147180559945,0.00532859680284192,0.0204262877442274
"1251","101377","Action_15","Morph_36","KC","Play","Grabhold","GrabHold.2","Sonso",0.970778917158225,0.005550621669627,0.0204262877442274
"1252","101381","Action_3","Morph_16","KC","Play","Bite","Bite.8","Sonso",-0.328504066972036,0.00288632326820604,0.0168738898756661
"1253","102017","Action_20","Morph_49","KC","Play","Hitother","HitOther.5","Sonso",-0.27443684570176,0.00599467140319716,0.0404085257548845
"1254","102018","Action_15","Morph_35","KC","Play","Grabhold","GrabHold.1","Sonso",1.08518926833597,0.00932504440497336,0.0204262877442274
"1255","101380","Action_8","Morph_19","KC","Play","Dangle","Dangle.1","Sonso",0.364643113587909,0.0484014209591474,0.0484014209591474
"1256","101380","Action_60","Morph_127","KC","Play","Swing","Swing.1","Sonso",0.392042087776024,0.0428507992895204,0.0475133214920071
"1257","101381","Action_3","Morph_16","KC","Play","Bite","Bite.8","Sonso",-0.385662480811985,0.00288632326820604,0.0168738898756661
"1258","102017","Action_11","Morph_22","KC","Play","Embrace","Embrace.1","Sonso",0.182321556793955,0.00288632326820604,0.005550621669627
"1259","102262b","Action_8","Morph_19","KC","Play","Dangle","Dangle.1","Sonso",-0.916290731874155,0.0484014209591474,0.0484014209591474
"1260","101692","Action_8","Morph_19","KC","Play","Dangle","Dangle.1","Sonso",-1.02165124753198,0.0484014209591474,0.0484014209591474
"1261","101583b","Action_61","Morph_130","KC","Play","Throwobject","ThrowObject.1","Sonso",0.392042087776024,0.00244227353463588,0.00244227353463588
"1262","101583b","Action_18","Morph_39","KC","Play","Hitobjectobject","HitObject.1","Sonso",-0.0408219945202552,0.0430728241563055,0.00466252220248668
"1263","101642","Action_45","Morph_100","KC","Playcontinue","Reach","Reach.1","Sonso",0.215111379616945,0.0408525754884547,0.0801509769094138
"1264","101649","Action_20","Morph_46","KC","Play","Hitother","HitOther.2","Sonso",0,0.00932504440497336,0.0404085257548845
"1265","101512","Action_8","Morph_19","KC","Play","Dangle","Dangle.1","Sonso",0.470003629245736,0.0484014209591474,0.0484014209591474
"1266","101583b","Action_57","Morph_115","KC","Play","Stompobject","StompObject.1","Sonso",-0.579818495252942,0.0337477797513321,0.0424067495559503
"1267","101512","Action_20","Morph_50","KC","Play","Hitother","HitOther.6","Sonso",0.418710334858185,0.00488454706927176,0.0404085257548845
"1268","101692","Action_55","Morph_116","KC","Play","Stompingobject","StompObject.2","Sonso",-0.579818495252942,0.0148756660746004,0.0230905861456483
"1269","100485","Action_9","Morph_20","KC","Play","Dangleshake","DangleShake.1","Sonso",-0.083381608939051,0.00710479573712256,0.00710479573712256
"1270","101583b","Action_8","Morph_19","KC","Play","Dangle","Dangle.1","Sonso",-0.174353387144778,0.0484014209591474,0.0484014209591474
"1271","101997","Action_14","Morph_34","KC","Play","Grab","Grab.6","Sonso",-0.0408219945202552,0.00355239786856128,0.0353019538188277
"1272","101640b","Action_8","Morph_19","KC","Play","Dangle","Dangle.1","Sonso",-0.0408219945202552,0.0484014209591474,0.0484014209591474
"1273","100355b","Action_43","Morph_96","KC","Play","Raise","Raise.1","Sonso",-0.407968238326283,0.00865896980461812,0.0113232682060391
"1274","101583b","Action_57","Morph_120","KC","Play","Stompobject","StompObject.6","Sonso",-0.0408219945202552,0.00133214920071048,0.0424067495559503
"1275","101692","Action_55","Morph_116","KC","Play","Stompingobject","StompObject.2","Sonso",-0.385662480811985,0.0148756660746004,0.0230905861456483
"1276","101737b","Action_57","Morph_115","KC","Play","Stompobject","StompObject.1","Sonso",-0.510825623765991,0.0337477797513321,0.0424067495559503
"1277","101692","Action_34","Morph_66","KC","Play","Objectshake","ObjectShake.2","Sonso",0.246860077931526,0.0237566607460036,0.108792184724689
"1278","101916","Action_43","Morph_96","KC","Play","Raise","Raise.1","Sonso",-0.653926467406664,0.00865896980461812,0.0113232682060391
"1279","100824","Action_14","Morph_32","KC","Play","Grab","Grab.4","Sonso",-0.44628710262842,0.00754884547069272,0.0353019538188277
"1280","100821","Action_45","Morph_101","KC","Play","Reach","Reach.2","Sonso",0,0.0370781527531083,0.0801509769094138
"1281","102020","Action_25","Morph_52","KC","Play","Kickpunch","KickPunch.1","Sonso",0.470003629245736,0.0022202486678508,0.0022202486678508
"1282","102024","Action_15","Morph_35","KC","Play","Grabhold","GrabHold.1","Sonso",0.940007258491471,0.00932504440497336,0.0204262877442274
"1283","101591b","Action_20","Morph_49","KC","Play","Hitother","HitOther.5","Sonso",-0.127833371509885,0.00599467140319716,0.0404085257548845
"1284","100175","Action_20","Morph_49","KC","Stopbehaviour","Hitother","HitOther.5","Sonso",-0.916290731874155,0.00599467140319716,0.0404085257548845
"1285","101862","Action_23","Morph_48","KC","Play","Hittingother","HitOther.4","Sonso",0.470003629245736,0.00732682060390764,0.0157637655417407
"1286","101865","Action_20","Morph_49","KC","Play","Hitother","HitOther.5","Sonso",0.113328685307003,0.00599467140319716,0.0404085257548845
"1287","101862","Action_23","Morph_47","KC","Play","Hittingother","HitOther.3","Sonso",0.751416088683921,0.00843694493783304,0.0157637655417407
"1288","101862","Action_23","Morph_48","KC","Play","Hittingother","HitOther.4","Sonso",0.806475865866949,0.00732682060390764,0.0157637655417407
"1289","101862","Action_20","Morph_49","KC","Play","Hitother","HitOther.5","Sonso",-0.385662480811985,0.00599467140319716,0.0404085257548845
"1290","101862","Action_20","Morph_49","KC","Play","Hitother","HitOther.5","Sonso",-0.579818495252942,0.00599467140319716,0.0404085257548845
"1291","101862","Action_14","Morph_29","KC","Play","Grab","Grab.1","Sonso",0.0769610411361284,0.00821492007104796,0.0353019538188277
"1292","101865","Action_20","Morph_46","KC","Play","Hitother","HitOther.2","Sonso",-0.579818495252942,0.00932504440497336,0.0404085257548845
"1293","101864","Action_20","Morph_49","KC","Play","Hitother","HitOther.5","Sonso",-0.22314355131421,0.00599467140319716,0.0404085257548845
"1294","101864","Action_23","Morph_48","KC","Play","Hittingother","HitOther.4","Sonso",0.841567185678219,0.00732682060390764,0.0157637655417407
"1295","101865","Action_20","Morph_46","KC","Play","Hitother","HitOther.2","Sonso",-0.510825623765991,0.00932504440497336,0.0404085257548845
"1296","100269b","Action_3","Morph_13","KC","Affiliation","Bite","Bite.5","Sonso",-0.7339691750802,0.0011101243339254,0.0168738898756661
"1297","102322","Action_14","Morph_30","KC","Play","Grab","Grab.2","Sonso",-0.44628710262842,0.00799289520426288,0.0353019538188277
"1298","101914","Action_57","Morph_118","KC","Play","Stompobject","StompObject.4","Sonso",-0.328504066972036,0.005550621669627,0.0424067495559503
"1299","101550","Action_8","Morph_19","KC","Play","Dangle","Dangle.1","Sonso",-0.385662480811985,0.0484014209591474,0.0484014209591474
"1300","101914","Action_43","Morph_96","KC","Play","Raise","Raise.1","Sonso",-0.653926467406664,0.00865896980461812,0.0113232682060391
"1301","102327a","Action_14","Morph_34","KC","Play","Grab","Grab.6","Sonso",-0.7339691750802,0.00355239786856128,0.0353019538188277
"1302","101914","Action_20","Morph_45","KC","Play","Hitother","HitOther.1","Sonso",-0.127833371509885,0.0202042628774423,0.0404085257548845
"1303","101345","Action_14","Morph_29","KC","Play","Grab","Grab.1","Sonso",-0.916290731874155,0.00821492007104796,0.0353019538188277
"1304","101942","Action_8","Morph_19","KC","Play","Dangle","Dangle.1","Sonso",0.27763173659828,0.0484014209591474,0.0484014209591474
"1305","101673","Action_14","Morph_30","KC","Play","Grab","Grab.2","Sonso",-0.82098055206983,0.00799289520426288,0.0353019538188277
"1306","101942","Action_14","Morph_32","KC","Play","Grab","Grab.4","Sonso",-1.13943428318836,0.00754884547069272,0.0353019538188277
"1307","101348a","Action_20","Morph_46","KC","Playcontinue","Hitother","HitOther.2","Sonso",-0.27443684570176,0.00932504440497336,0.0404085257548845
"1308","101942","Action_58","Morph_122","KC","Play","Stompother","StompOther.1","Sonso",-0.44628710262842,0.00244227353463588,0.00377442273534636
"1309","101347","Action_33","Morph_61","KC","Play","Objectmove","ObjectMove.1","Sonso",-0.174353387144778,0.0317495559502664,0.0406305506216696
"1310","101345","Action_23","Morph_48","KC","Play","Hittingother","HitOther.4","Sonso",-0.22314355131421,0.00732682060390764,0.0157637655417407
"1311","101942","Action_15","Morph_35","KC","Play","Grabhold","GrabHold.1","Sonso",1.21194097397511,0.00932504440497336,0.0204262877442274
"1312","101942","Action_60","Morph_127","KC","Play","Swing","Swing.1","Sonso",0.182321556793955,0.0428507992895204,0.0475133214920071
"1313","101942","Action_8","Morph_19","KC","Play","Dangle","Dangle.1","Sonso",-0.083381608939051,0.0484014209591474,0.0484014209591474
"1314","101942","Action_58","Morph_122","KC","Play","Stompother","StompOther.1","Sonso",-0.27443684570176,0.00244227353463588,0.00377442273534636
"1315","101810","Action_63","Morph_139","KC","Play","Touch","Touch.8","Sonso",-0.579818495252942,0.00577264653641208,0.0341918294849023
"1316","100296","Action_39","Morph_83","KC","Affiliation","Presentgenitalsbackwards","PresentGenitals.2","Sonso",-0.82098055206983,0.00577264653641208,0.033303730017762
"1317","101668","Action_39","Morph_82","KE","Sexualattention","Presentgenitalsbackwards","PresentGenitals.1","Sonso",0,0.0295293072824156,0.033303730017762
"1318","100945","Action_45","Morph_101","KE","Affiliation","Reach","Reach.2","Sonso",-0.7339691750802,0.0370781527531083,0.0801509769094138
"1319","100863a","Action_45","Morph_101","KG","Affiliation","Reach","Reach.2","Sonso",0.336472236621213,0.0370781527531083,0.0801509769094138
"1320","101667a","Action_45","Morph_100","KG","Support","Reach","Reach.1","Sonso",-0.7339691750802,0.0408525754884547,0.0801509769094138
"1321","100709","Action_42","Morph_88","KG","Moveclose","Push","Push.1","Sonso",-0.174353387144778,0.0106571936056838,0.0466252220248668
"1322","101665b","Action_39","Morph_83","KG","Affiliation","Presentgenitalsbackwards","PresentGenitals.2","Sonso",-0.44628710262842,0.00577264653641208,0.033303730017762
"1323","101666","Action_45","Morph_100","KG","Staysame","Reach","Reach.1","Sonso",0,0.0408525754884547,0.0801509769094138
"1324","100688","Action_39","Morph_82","KG","Sexualattention","Presentgenitalsbackwards","PresentGenitals.1","Sonso",-0.174353387144778,0.0295293072824156,0.033303730017762
"1325","100112","Action_45","Morph_100","KH","Play","Reach","Reach.1","Sonso",-0.579818495252942,0.0408525754884547,0.0801509769094138
"1326","100112","Action_14","Morph_32","KH","Play","Grab","Grab.4","Sonso",-0.653926467406664,0.00754884547069272,0.0353019538188277
"1327","102041","Action_59","Morph_124","KH","Play","Stroke","Stroke.1","Sonso",-0.385662480811985,0.0011101243339254,0.00377442273534636
"1328","102223b","Action_11","Morph_22","KH","Affiliation","Embrace","Embrace.1","Sonso",1.50851199384414,0.00288632326820604,0.005550621669627
"1329","102053","Action_8","Morph_19","KH","Play","Dangle","Dangle.1","Sonso",-0.385662480811985,0.0484014209591474,0.0484014209591474
"1330","102045","Action_8","Morph_19","KH","Play","Dangle","Dangle.1","Sonso",-0.127833371509885,0.0484014209591474,0.0484014209591474
"1331","102045","Action_8","Morph_19","KH","Play","Dangle","Dangle.1","Sonso",0.246860077931526,0.0484014209591474,0.0484014209591474
"1332","102135","Action_17","Morph_41","KH","Play","Hitobject","HitObject.3","Sonso",-0.653926467406664,0.00510657193605684,0.0559502664298401
"1333","102135","Action_21","Morph_42","KH","Play","Hittingobject","HitObject.4","Sonso",-0.174353387144778,0.00599467140319716,0.00799289520426288
"1334","102135","Action_55","Morph_116","KH","Play","Stompingobject","StompObject.2","Sonso",-0.083381608939051,0.0148756660746004,0.0230905861456483
"1335","102135","Action_21","Morph_42","KH","Play","Hittingobject","HitObject.4","Sonso",-0.579818495252942,0.00599467140319716,0.00799289520426288
"1336","102124","Action_45","Morph_100","KH","Playcontinue","Reach","Reach.1","Sonso",-0.653926467406664,0.0408525754884547,0.0801509769094138
"1337","102119","Action_3","Morph_16","KH","Play","Bite","Bite.8","Sonso",-0.328504066972036,0.00288632326820604,0.0168738898756661
"1338","102124","Action_17","Morph_41","KH","Playcontinue","Hitobject","HitObject.3","Sonso",-0.22314355131421,0.00510657193605684,0.0559502664298401
"1339","102123","Action_21","Morph_44","KH","Playcontinue","Hittingobject","HitObject.6","Sonso",0.712949807856125,0.00155417406749556,0.00799289520426288
"1340","102123","Action_20","Morph_45","KH","Playcontinue","Hitother","HitOther.1","Sonso",-0.127833371509885,0.0202042628774423,0.0404085257548845
"1341","102123","Action_17","Morph_41","KH","Playcontinue","Hitobject","HitObject.3","Sonso",-0.083381608939051,0.00510657193605684,0.0559502664298401
"1342","100809ap1","Action_60","Morph_127","KI","Play","Swing","Swing.1","Sonso",0.364643113587909,0.0428507992895204,0.0475133214920071
"1343","100810","Action_8","Morph_19","KI","Playcontinue","Dangle","Dangle.1","Sonso",-0.328504066972036,0.0484014209591474,0.0484014209591474
"1344","100810","Action_17","Morph_39","KI","Playcontinue","Hitobject","HitObject.1","Sonso",0.246860077931526,0.0430728241563055,0.0559502664298401
"1345","100809ap1","Action_8","Morph_19","KI","Play","Dangle","Dangle.1","Sonso",0.542324290825362,0.0484014209591474,0.0484014209591474
"1346","100708","Action_9","Morph_20","KI","Play","Dangleshake","DangleShake.1","Sonso",0.940007258491471,0.00710479573712256,0.00710479573712256
"1347","100708","Action_34","Morph_65","KI","Play","Objectshake","ObjectShake.1","Sonso",0.693147180559945,0.0746003552397869,0.108792184724689
"1348","102289b","Action_38","Morph_77","KL","Directattention","Present","Present.3","Sonso",1.17557332980424,0.00466252220248668,0.0492895204262877
"1349","102295","Action_2","Morph_3","KL","Groom","Bigloudscratch","BigLoudScratch.1","Sonso",0.494696241836107,0.0215364120781528,0.0577264653641208
"1350","102295","Action_38","Morph_76","KL","Groom","Present","Present.2","Sonso",-0.22314355131421,0.0135435168738899,0.0492895204262877
"1351","101851","Action_42","Morph_93","KL","Position","Push","Push.6","Sonso",-1.6094379124341,0.0066607460035524,0.0466252220248668
"1352","102287","Action_42","Morph_92","KL","Position","Push","Push.5","Sonso",-0.653926467406664,0.0066607460035524,0.0466252220248668
"1353","100295","Action_3","Morph_12","KL","Staysame","Bite","Bite.4","Sonso",0.0769610411361284,0.00177619893428064,0.0168738898756661
"1354","101934","Action_14","Morph_29","KL","Stopbehaviour","Grab","Grab.1","Sonso",-0.653926467406664,0.00821492007104796,0.0353019538188277
"1355","101934","Action_20","Morph_45","KL","Stopbehaviour","Hitother","HitOther.1","Sonso",-0.82098055206983,0.0202042628774423,0.0404085257548845
"1356","101934","Action_17","Morph_39","KL","Stopbehaviour","Hitobject","HitObject.1","Sonso",-0.510825623765991,0.0430728241563055,0.0559502664298401
"1357","101934","Action_14","Morph_29","KL","Stopbehaviour","Grab","Grab.1","Sonso",-0.7339691750802,0.00821492007104796,0.0353019538188277
"1358","101372","Action_63","Morph_132","KL","Play","Touch","Touch.1","Sonso",-1.13943428318836,0.0104351687388988,0.0341918294849023
"1359","101372","Action_63","Morph_132","KL","Play","Touch","Touch.1","Sonso",-0.653926467406664,0.0104351687388988,0.0341918294849023
"1360","101944","Action_38","Morph_76","KL","Climbonme","Present","Present.2","Sonso",-0.174353387144778,0.0135435168738899,0.0492895204262877
"1361","100432","Action_64","Morph_132","KL","Moveclose","Touchlongother","Touch.1","Sonso",1.17557332980424,0.0104351687388988,0.0175399644760213
"1362","101936","Action_63","Morph_137","KL","Climbonme","Touch","Touch.6","Sonso",-0.127833371509885,0.00488454706927176,0.0341918294849023
"1363","101796","Action_38","Morph_76","KL","Climbonme","Present","Present.2","Sonso",-1.02165124753198,0.0135435168738899,0.0492895204262877
"1364","101824","Action_38","Morph_75","KL","Climbonme","Present","Present.1","Sonso",-1.83258146374831,0.0170959147424512,0.0492895204262877
"1365","101372","Action_63","Morph_132","KL","Play","Touch","Touch.1","Sonso",0.27763173659828,0.0104351687388988,0.0341918294849023
"1366","100432","Action_64","Morph_132","KL","Moveclose","Touchlongother","Touch.1","Sonso",1.26976054486394,0.0104351687388988,0.0175399644760213
"1367","100432","Action_64","Morph_132","KL","Moveclose","Touchlongother","Touch.1","Sonso",0.841567185678219,0.0104351687388988,0.0175399644760213
"1368","102451","Action_45","Morph_100","KL","Play","Reach","Reach.1","Sonso",0.113328685307003,0.0408525754884547,0.0801509769094138
"1369","102446","Action_38","Morph_75","KL","Climbonme","Present","Present.1","Sonso",0.113328685307003,0.0170959147424512,0.0492895204262877
"1370","100574","Action_14","Morph_29","KL","Climbonme","Grab","Grab.1","Sonso",0.364643113587909,0.00821492007104796,0.0353019538188277
"1371","102330","Action_45","Morph_100","KL","Climbonme","Reach","Reach.1","Sonso",-0.328504066972036,0.0408525754884547,0.0801509769094138
"1372","101585","Action_15","Morph_36","KL","Play","Grabhold","GrabHold.2","Sonso",1.24703229378638,0.005550621669627,0.0204262877442274
"1373","102083","Action_42","Morph_93","KL","Climbonme","Push","Push.6","Sonso",-0.174353387144778,0.0066607460035524,0.0466252220248668
"1374","101227","Action_45","Morph_100","KL","Climbonme","Reach","Reach.1","Sonso",-1.02165124753198,0.0408525754884547,0.0801509769094138
"1375","101824","Action_38","Morph_75","KL","Climbonme","Present","Present.1","Sonso",-0.328504066972036,0.0170959147424512,0.0492895204262877
"1376","101948","Action_42","Morph_88","KL","Climbonme","Push","Push.1","Sonso",-0.27443684570176,0.0106571936056838,0.0466252220248668
"1377","101936","Action_38","Morph_76","KL","Climbonme","Present","Present.2","Sonso",0.444685821261446,0.0135435168738899,0.0492895204262877
"1378","101344","Action_38","Morph_76","KL","Climbonme","Present","Present.2","Sonso",0.0769610411361284,0.0135435168738899,0.0492895204262877
"1379","101796","Action_42","Morph_88","KL","Climbonme","Push","Push.1","Sonso",-0.916290731874155,0.0106571936056838,0.0466252220248668
"1380","101824","Action_42","Morph_91","KL","Climbonme","Push","Push.4","Sonso",-0.174353387144778,0.00932504440497336,0.0466252220248668
"1381","101948","Action_42","Morph_88","KL","Climbonme","Push","Push.1","Sonso",-0.385662480811985,0.0106571936056838,0.0466252220248668
"1382","102451","Action_15","Morph_36","KL","Play","Grabhold","GrabHold.2","Sonso",0.940007258491471,0.005550621669627,0.0204262877442274
"1383","102310","Action_2","Morph_4","KL","Travel","Bigloudscratch","BigLoudScratch.2","Sonso",0.246860077931526,0.019316163410302,0.0577264653641208
"1384","101948","Action_42","Morph_88","KL","Climbonme","Push","Push.1","Sonso",-0.385662480811985,0.0106571936056838,0.0466252220248668
"1385","101412","Action_38","Morph_75","KL","Climbonme","Present","Present.1","Sonso",0.494696241836107,0.0170959147424512,0.0492895204262877
"1386","102299","Action_2","Morph_5","KL","Groom","Bigloudscratch","BigLoudScratch.3","Sonso",0.392042087776024,0.0119893428063943,0.0577264653641208
"1387","100740","Action_2","Morph_5","KL","Directattention","Bigloudscratch","BigLoudScratch.3","Sonso",0.246860077931526,0.0119893428063943,0.0577264653641208
"1388","100816","Action_42","Morph_93","KL","Position","Push","Push.6","Sonso",0.0392207131532813,0.0066607460035524,0.0466252220248668
"1389","101383","Action_42","Morph_93","KL","Position","Push","Push.6","Sonso",-0.22314355131421,0.0066607460035524,0.0466252220248668
"1390","100740","Action_38","Morph_75","KL","Directattention","Present","Present.1","Sonso",0.65232518603969,0.0170959147424512,0.0492895204262877
"1391","100008","Action_39","Morph_82","KL","Sexualattention","Presentgenitalsbackwards","PresentGenitals.1","Sonso",0.542324290825362,0.0295293072824156,0.033303730017762
"1392","101987","Action_39","Morph_82","KL","Sexualattention","Presentgenitalsbackwards","PresentGenitals.1","Sonso",0.307484699747961,0.0295293072824156,0.033303730017762
"1393","100724","Action_2","Morph_3","KL","Groom","Bigloudscratch","BigLoudScratch.1","Sonso",0.418710334858185,0.0215364120781528,0.0577264653641208
"1394","101650","Action_34","Morph_65","KL","Moveaway","Objectshake","ObjectShake.1","Sonso",-0.328504066972036,0.0746003552397869,0.108792184724689
"1395","100176b","Action_2","Morph_6","KL","Travel","Bigloudscratch","BigLoudScratch.4","Sonso",0.470003629245736,0.00421847246891652,0.0577264653641208
"1396","102084","Action_38","Morph_79","KL","Sociosexualattention","Present","Present.5","Sonso",-0.22314355131421,0.00688277087033748,0.0492895204262877
"1397","101541","Action_63","Morph_136","KL","Stopbehaviour","Touch","Touch.5","Sonso",-0.22314355131421,0.00421847246891652,0.0341918294849023
"1398","100760","Action_13","Morph_27","KL","Stopbehaviour","Fling","Fling.1","Sonso",-0.82098055206983,0.00688277087033748,0.0117673179396092
"1399","101541","Action_15","Morph_35","KL","Stopbehaviour","Grabhold","GrabHold.1","Sonso",1.09861228866811,0.00932504440497336,0.0204262877442274
"1400","100760","Action_13","Morph_28","KL","Stopbehaviour","Fling","Fling.2","Sonso",-0.82098055206983,0.00488454706927176,0.0117673179396092
"1401","100760","Action_13","Morph_28","KL","Stopbehaviour","Fling","Fling.2","Sonso",-0.82098055206983,0.00488454706927176,0.0117673179396092
"1402","101537","Action_63","Morph_137","KL","Stopbehaviour","Touch","Touch.6","Sonso",-0.7339691750802,0.00488454706927176,0.0341918294849023
"1403","102294","Action_38","Morph_79","KM","Directattention","Present","Present.5","Sonso",0.307484699747961,0.00688277087033748,0.0492895204262877
"1404","102213","Action_48","Morph_104","KM","Play","Rollover","RollOver.1","Sonso",1.07158361628019,0.00621669626998224,0.00621669626998224
"1405","102453","Action_60","Morph_127","KM","Playcontinue","Swing","Swing.1","Sonso",-0.083381608939051,0.0428507992895204,0.0475133214920071
"1406","102384","Action_45","Morph_100","KM","Affiliation","Reach","Reach.1","Sonso",-0.44628710262842,0.0408525754884547,0.0801509769094138
"1407","102459","Action_45","Morph_101","KM","Play","Reach","Reach.2","Sonso",-1.02165124753198,0.0370781527531083,0.0801509769094138
"1408","102458","Action_16","Morph_38","KM","Playcontinue","Headstand","HeadStand.1","Sonso",-0.328504066972036,0.0066607460035524,0.0066607460035524
"1409","101090","Action_57","Morph_115","KM","Playcontinue","Stompobject","StompObject.1","Sonso",-0.385662480811985,0.0337477797513321,0.0424067495559503
"1410","101088","Action_8","Morph_19","KM","Play","Dangle","Dangle.1","Sonso",-0.82098055206983,0.0484014209591474,0.0484014209591474
"1411","100199","Action_45","Morph_100","KM","Giveme","Reach","Reach.1","Sonso",-0.27443684570176,0.0408525754884547,0.0801509769094138
"1412","100199","Action_45","Morph_100","KM","Giveme","Reach","Reach.1","Sonso",-0.27443684570176,0.0408525754884547,0.0801509769094138
"1413","100891a","Action_17","Morph_39","KM","Playcontinue","Hitobject","HitObject.1","Sonso",-0.916290731874155,0.0430728241563055,0.0559502664298401
"1414","100891a","Action_55","Morph_116","KM","Playcontinue","Stompingobject","StompObject.2","Sonso",-0.44628710262842,0.0148756660746004,0.0230905861456483
"1415","101604a","Action_34","Morph_65","KM","Play","Objectshake","ObjectShake.1","Sonso",1.21194097397511,0.0746003552397869,0.108792184724689
"1416","101604a","Action_60","Morph_127","KM","Play","Swing","Swing.1","Sonso",-0.328504066972036,0.0428507992895204,0.0475133214920071
"1417","101683a","Action_60","Morph_127","KM","Play","Swing","Swing.1","Sonso",-0.0408219945202552,0.0428507992895204,0.0475133214920071
"1418","100713b","Action_60","Morph_127","KM","Play","Swing","Swing.1","Sonso",0.246860077931526,0.0428507992895204,0.0475133214920071
"1419","102155","Action_45","Morph_100","KM","Play","Reach","Reach.1","Sonso",-1.02165124753198,0.0408525754884547,0.0801509769094138
"1420","102155","Action_45","Morph_100","KM","Play","Reach","Reach.1","Sonso",0.0392207131532813,0.0408525754884547,0.0801509769094138
"1421","101341","Action_45","Morph_100","KM","Play","Reach","Reach.1","Sonso",-0.7339691750802,0.0408525754884547,0.0801509769094138
"1422","101341","Action_48","Morph_104","KM","Play","Rollover","RollOver.1","Sonso",-0.510825623765991,0.00621669626998224,0.00621669626998224
"1423","100813","Action_63","Morph_136","KM","Play","Touch","Touch.5","Sonso",-0.579818495252942,0.00421847246891652,0.0341918294849023
"1424","101823","Action_8","Morph_19","KM","Play","Dangle","Dangle.1","Sonso",0.418710334858185,0.0484014209591474,0.0484014209591474
"1425","100813","Action_63","Morph_136","KM","Play","Touch","Touch.5","Sonso",-0.579818495252942,0.00421847246891652,0.0341918294849023
"1426","102156","Action_15","Morph_36","KM","Play","Grabhold","GrabHold.2","Sonso",1.16315080980568,0.005550621669627,0.0204262877442274
"1427","101413b","Action_45","Morph_101","KM","Play","Reach","Reach.2","Sonso",-0.27443684570176,0.0370781527531083,0.0801509769094138
"1428","100814","Action_15","Morph_36","KM","Play","Grabhold","GrabHold.2","Sonso",0.27763173659828,0.005550621669627,0.0204262877442274
"1429","101823","Action_60","Morph_127","KM","Play","Swing","Swing.1","Sonso",0.0392207131532813,0.0428507992895204,0.0475133214920071
"1430","102092","Action_42","Morph_89","KM","Position","Push","Push.2","Sonso",-0.653926467406664,0.00355239786856128,0.0466252220248668
"1431","102026","Action_60","Morph_127","KM","Play","Swing","Swing.1","Sonso",0.246860077931526,0.0428507992895204,0.0475133214920071
"1432","101086","Action_41","Morph_84","KM","Play","Pull","Pull.1","Sonso",-0.44628710262842,0.00821492007104796,0.0253108348134991
"1433","102026","Action_41","Morph_86","KM","Play","Pull","Pull.3","Sonso",0.924258901523332,0.00510657193605684,0.0253108348134991
"1434","100813","Action_41","Morph_86","KM","Play","Pull","Pull.3","Sonso",0.307484699747961,0.00510657193605684,0.0253108348134991
"1435","102154","Action_63","Morph_139","KM","Play","Touch","Touch.8","Sonso",-0.22314355131421,0.00577264653641208,0.0341918294849023
"1436","100814","Action_41","Morph_85","KM","Play","Pull","Pull.2","Sonso",-0.27443684570176,0.00643872113676732,0.0253108348134991
"1437","102221","Action_2","Morph_4","KM","Groom","Bigloudscratch","BigLoudScratch.2","Sonso",-0.127833371509885,0.019316163410302,0.0577264653641208
"1438","100735","Action_2","Morph_4","KM","Directattention","Bigloudscratch","BigLoudScratch.2","Sonso",0.246860077931526,0.019316163410302,0.0577264653641208
"1439","102298","Action_2","Morph_4","KM","Groom","Bigloudscratch","BigLoudScratch.2","Sonso",0.518793793415168,0.019316163410302,0.0577264653641208
"1440","100737b","Action_2","Morph_5","KM","Directattention","Bigloudscratch","BigLoudScratch.3","Sonso",-0.083381608939051,0.0119893428063943,0.0577264653641208
"1441","101087","Action_45","Morph_101","KM","Giveme","Reach","Reach.2","Sonso",0.494696241836107,0.0370781527531083,0.0801509769094138
"1442","101087","Action_45","Morph_101","KM","Giveme","Reach","Reach.2","Sonso",0.494696241836107,0.0370781527531083,0.0801509769094138
"1443","102298","Action_38","Morph_76","KM","Groom","Present","Present.2","Sonso",-0.653926467406664,0.0135435168738899,0.0492895204262877
"1444","101087","Action_63","Morph_138","KM","Giveme","Touch","Touch.7","Sonso",1.04380405217311,0.0044404973357016,0.0341918294849023
"1445","100736","Action_38","Morph_76","KM","Groom","Present","Present.2","Sonso",-0.22314355131421,0.0135435168738899,0.0492895204262877
"1446","100710","Action_2","Morph_4","KM","Groom","Bigloudscratch","BigLoudScratch.2","Sonso",0.392042087776024,0.019316163410302,0.0577264653641208
"1447","102221","Action_2","Morph_5","KM","Groom","Bigloudscratch","BigLoudScratch.3","Sonso",0,0.0119893428063943,0.0577264653641208
"1448","101087","Action_45","Morph_101","KM","Giveme","Reach","Reach.2","Sonso",1.00063188030791,0.0370781527531083,0.0801509769094138
"1449","102013","Action_17","Morph_40","KM","Play","Hitobject","HitObject.2","Sonso",-0.653926467406664,0.0119893428063943,0.0559502664298401
"1450","101235","Action_55","Morph_116","KM","Play","Stompingobject","StompObject.2","Sonso",-0.82098055206983,0.0148756660746004,0.0230905861456483
"1451","102160a","Action_17","Morph_39","KM","Play","Hitobject","HitObject.1","Sonso",-0.510825623765991,0.0430728241563055,0.0559502664298401
"1452","101243","Action_34","Morph_65","KM","Playcontinue","Objectshake","ObjectShake.1","Sonso",0.924258901523332,0.0746003552397869,0.108792184724689
"1453","101516","Action_20","Morph_45","KM","Play","Hitother","HitOther.1","Sonso",-0.82098055206983,0.0202042628774423,0.0404085257548845
"1454","101516","Action_57","Morph_115","KM","Play","Stompobject","StompObject.1","Sonso",-0.916290731874155,0.0337477797513321,0.0424067495559503
"1455","101235","Action_17","Morph_39","KM","Play","Hitobject","HitObject.1","Sonso",-0.7339691750802,0.0430728241563055,0.0559502664298401
"1456","101516","Action_8","Morph_19","KM","Play","Dangle","Dangle.1","Sonso",0.65232518603969,0.0484014209591474,0.0484014209591474
"1457","102160a","Action_34","Morph_68","KM","Play","Objectshake","ObjectShake.4","Sonso",-0.127833371509885,0.00288632326820604,0.108792184724689
"1458","101235","Action_33","Morph_61","KM","Play","Objectmove","ObjectMove.1","Sonso",0.113328685307003,0.0317495559502664,0.0406305506216696
"1459","101516","Action_20","Morph_45","KM","Play","Hitother","HitOther.1","Sonso",-0.82098055206983,0.0202042628774423,0.0404085257548845
"1460","102311b","Action_8","Morph_19","KM","Play","Dangle","Dangle.1","Sonso",-0.127833371509885,0.0484014209591474,0.0484014209591474
"1461","101517b","Action_57","Morph_115","KM","Playcontinue","Stompobject","StompObject.1","Sonso",-0.510825623765991,0.0337477797513321,0.0424067495559503
"1462","102311b","Action_33","Morph_61","KM","Play","Objectmove","ObjectMove.1","Sonso",0.336472236621213,0.0317495559502664,0.0406305506216696
"1463","101516","Action_20","Morph_45","KM","Play","Hitother","HitOther.1","Sonso",-1.02165124753198,0.0202042628774423,0.0404085257548845
"1464","101682","Action_57","Morph_115","KM","Play","Stompobject","StompObject.1","Sonso",-0.7339691750802,0.0337477797513321,0.0424067495559503
"1465","102319b","Action_53","Morph_113","KM","Stopbehaviour","Spinsomersault","SpinSomersault.1","Sonso",0.392042087776024,0.00799289520426288,0.00799289520426288
"1466","101517b","Action_57","Morph_115","KM","Playcontinue","Stompobject","StompObject.1","Sonso",-0.22314355131421,0.0337477797513321,0.0424067495559503
"1467","101602","Action_20","Morph_45","KM","Moveaway","Hitother","HitOther.1","Sonso",0,0.0202042628774423,0.0404085257548845
"1468","102396b","Action_60","Morph_127","KM","Stopbehaviour","Swing","Swing.1","Sonso",-0.27443684570176,0.0428507992895204,0.0475133214920071
"1469","101602","Action_60","Morph_127","KM","Moveaway","Swing","Swing.1","Sonso",0.246860077931526,0.0428507992895204,0.0475133214920071
"1470","101602","Action_60","Morph_127","KM","Moveaway","Swing","Swing.1","Sonso",0.27763173659828,0.0428507992895204,0.0475133214920071
"1471","101602","Action_60","Morph_127","KM","Moveaway","Swing","Swing.1","Sonso",0.27763173659828,0.0428507992895204,0.0475133214920071
"1472","102396b","Action_20","Morph_45","KM","Stopbehaviour","Hitother","HitOther.1","Sonso",-0.82098055206983,0.0202042628774423,0.0404085257548845
"1473","101602","Action_17","Morph_39","KM","Moveaway","Hitobject","HitObject.1","Sonso",0.148420005118273,0.0430728241563055,0.0559502664298401
"1474","101602","Action_57","Morph_115","KM","Moveaway","Stompobject","StompObject.1","Sonso",-0.328504066972036,0.0337477797513321,0.0424067495559503
"1475","101687","Action_34","Morph_67","KM","Play","Objectshake","ObjectShake.3","Sonso",0.518793793415168,0.0022202486678508,0.108792184724689
"1476","101602","Action_20","Morph_45","KM","Moveaway","Hitother","HitOther.1","Sonso",-0.82098055206983,0.0202042628774423,0.0404085257548845
"1477","101214a","Action_17","Morph_39","KM","Playcontinue","Hitobject","HitObject.1","Sonso",-0.174353387144778,0.0430728241563055,0.0559502664298401
"1478","101214a","Action_17","Morph_39","KM","Playcontinue","Hitobject","HitObject.1","Sonso",0,0.0430728241563055,0.0559502664298401
"1479","101214a","Action_17","Morph_39","KM","Playcontinue","Hitobject","HitObject.1","Sonso",-0.174353387144778,0.0430728241563055,0.0559502664298401
"1480","102014","Action_13","Morph_27","KM","Moveaway","Fling","Fling.1","Sonso",0.0392207131532813,0.00688277087033748,0.0117673179396092
"1481","100714p1","Action_2","Morph_5","KM","Groom","Bigloudscratch","BigLoudScratch.3","Sonso",0.215111379616945,0.0119893428063943,0.0577264653641208
"1482","100714p2","Action_2","Morph_4","KM","Groom","Bigloudscratch","BigLoudScratch.2","Sonso",0.215111379616945,0.019316163410302,0.0577264653641208
"1483","100714p1","Action_38","Morph_75","KM","Groom","Present","Present.1","Sonso",0.955511445027436,0.0170959147424512,0.0492895204262877
"1484","101723","Action_9","Morph_20","KM","Play","Dangleshake","DangleShake.1","Sonso",0.841567185678219,0.00710479573712256,0.00710479573712256
"1485","101450","Action_33","Morph_61","KM","Play","Objectmove","ObjectMove.1","Sonso",-0.22314355131421,0.0317495559502664,0.0406305506216696
"1486","101450","Action_8","Morph_19","KM","Play","Dangle","Dangle.1","Sonso",-0.083381608939051,0.0484014209591474,0.0484014209591474
"1487","101992b","Action_45","Morph_101","KM","Play","Reach","Reach.2","Sonso",0.307484699747961,0.0370781527531083,0.0801509769094138
"1488","101993b","Action_15","Morph_35","KM","Play","Grabhold","GrabHold.1","Sonso",1.24703229378638,0.00932504440497336,0.0204262877442274
"1489","101451a","Action_8","Morph_19","KM","Play","Dangle","Dangle.1","Sonso",0.924258901523332,0.0484014209591474,0.0484014209591474
"1490","101450","Action_33","Morph_61","KM","Play","Objectmove","ObjectMove.1","Sonso",-0.174353387144778,0.0317495559502664,0.0406305506216696
"1491","100682","Action_9","Morph_20","KM","Play","Dangleshake","DangleShake.1","Sonso",1.21194097397511,0.00710479573712256,0.00710479573712256
"1492","101990","Action_33","Morph_61","KM","Play","Objectmove","ObjectMove.1","Sonso",0.858661619037519,0.0317495559502664,0.0406305506216696
"1493","101450","Action_60","Morph_127","KM","Play","Swing","Swing.1","Sonso",0.494696241836107,0.0428507992895204,0.0475133214920071
"1494","100524","Action_55","Morph_117","KM","Play","Stompingobject","StompObject.3","Sonso",0.336472236621213,0.00688277087033748,0.0230905861456483
"1495","101175","Action_34","Morph_66","KM","Play","Objectshake","ObjectShake.2","Sonso",0.642905964123199,0.0237566607460036,0.108792184724689
"1496","101993b","Action_53","Morph_113","KM","Play","Spinsomersault","SpinSomersault.1","Sonso",0.824175442966349,0.00799289520426288,0.00799289520426288
"1497","101451a","Action_34","Morph_66","KM","Play","Objectshake","ObjectShake.2","Sonso",1.24703229378638,0.0237566607460036,0.108792184724689
"1498","101175","Action_34","Morph_65","KM","Play","Objectshake","ObjectShake.1","Sonso",0.890357349847651,0.0746003552397869,0.108792184724689
"1499","101175","Action_60","Morph_127","KM","Play","Swing","Swing.1","Sonso",0.0334347760862374,0.0428507992895204,0.0475133214920071
"1500","101451a","Action_34","Morph_66","KM","Play","Objectshake","ObjectShake.2","Sonso",0.985816794522765,0.0237566607460036,0.108792184724689
"1501","101989","Action_33","Morph_61","KM","Play","Objectmove","ObjectMove.1","Sonso",0.364643113587909,0.0317495559502664,0.0406305506216696
"1502","101175","Action_8","Morph_19","KM","Play","Dangle","Dangle.1","Sonso",0.0962188577405429,0.0484014209591474,0.0484014209591474
"1503","100524","Action_14","Morph_34","KM","Play","Grab","Grab.6","Sonso",-0.127833371509885,0.00355239786856128,0.0353019538188277
"1504","102002","Action_14","Morph_34","KM","Play","Grab","Grab.6","Sonso",1.22377543162212,0.00355239786856128,0.0353019538188277
"1505","101993b","Action_14","Morph_30","KM","Play","Grab","Grab.2","Sonso",-0.385662480811985,0.00799289520426288,0.0353019538188277
"1506","101996","Action_52","Morph_112","KM","Stopbehaviour","Spinroulade","SpinRoulade.1","Sonso",0.65232518603969,0.00488454706927176,0.00488454706927176
"1507","101988","Action_45","Morph_100","KM","Playcontinue","Reach","Reach.1","Sonso",-0.579818495252942,0.0408525754884547,0.0801509769094138
"1508","101451a","Action_34","Morph_66","KM","Play","Objectshake","ObjectShake.2","Sonso",0.955511445027436,0.0237566607460036,0.108792184724689
"1509","100427b","Action_20","Morph_45","KM","Play","Hitother","HitOther.1","Sonso",-0.27443684570176,0.0202042628774423,0.0404085257548845
"1510","101175","Action_17","Morph_39","KM","Play","Hitobject","HitObject.1","Sonso",-0.265268477614881,0.0430728241563055,0.0559502664298401
"1511","101451a","Action_34","Morph_66","KM","Play","Objectshake","ObjectShake.2","Sonso",0.470003629245736,0.0237566607460036,0.108792184724689
"1512","101450","Action_34","Morph_65","KM","Play","Objectshake","ObjectShake.1","Sonso",0.470003629245736,0.0746003552397869,0.108792184724689
"1513","102004","Action_17","Morph_41","KM","Play","Hitobject","HitObject.3","Sonso",0.182321556793955,0.00510657193605684,0.0559502664298401
"1514","101175","Action_17","Morph_41","KM","Play","Hitobject","HitObject.3","Sonso",-1.45671682541644,0.00510657193605684,0.0559502664298401
"1515","101451a","Action_34","Morph_66","KM","Play","Objectshake","ObjectShake.2","Sonso",0.336472236621213,0.0237566607460036,0.108792184724689
"1516","101209","Action_57","Morph_115","KM","Play","Stompobject","StompObject.1","Sonso",-0.579818495252942,0.0337477797513321,0.0424067495559503
"1517","101211","Action_55","Morph_116","KM","Play","Stompingobject","StompObject.2","Sonso",-0.82098055206983,0.0148756660746004,0.0230905861456483
"1518","101209","Action_55","Morph_116","KM","Play","Stompingobject","StompObject.2","Sonso",0.246860077931526,0.0148756660746004,0.0230905861456483
"1519","101651","Action_17","Morph_40","KM","Play","Hitobject","HitObject.2","Sonso",-0.22314355131421,0.0119893428063943,0.0559502664298401
"1520","101211","Action_21","Morph_42","KM","Play","Hittingobject","HitObject.4","Sonso",-0.7339691750802,0.00599467140319716,0.00799289520426288
"1521","101211","Action_17","Morph_39","KM","Play","Hitobject","HitObject.1","Sonso",-1.02165124753198,0.0430728241563055,0.0559502664298401
"1522","101211","Action_57","Morph_118","KM","Play","Stompobject","StompObject.4","Sonso",-0.44628710262842,0.005550621669627,0.0424067495559503
"1523","100476","Action_55","Morph_117","KM","Moveaway","Stompingobject","StompObject.3","Sonso",0.0392207131532813,0.00688277087033748,0.0230905861456483
"1524","101651","Action_18","Morph_40","KM","Play","Hitobjectobject","HitObject.2","Sonso",-0.328504066972036,0.0119893428063943,0.00466252220248668
"1525","100476","Action_55","Morph_117","KM","Moveaway","Stompingobject","StompObject.3","Sonso",-0.385662480811985,0.00688277087033748,0.0230905861456483
"1526","100476","Action_55","Morph_117","KM","Moveaway","Stompingobject","StompObject.3","Sonso",-0.22314355131421,0.00688277087033748,0.0230905861456483
"1527","101651","Action_33","Morph_62","KM","Play","Objectmove","ObjectMove.2","Sonso",-1.02165124753198,0.00643872113676732,0.0406305506216696
"1528","101209","Action_21","Morph_42","KM","Play","Hittingobject","HitObject.4","Sonso",-0.82098055206983,0.00599467140319716,0.00799289520426288
"1529","100201","Action_64","Morph_140","KM","Giveme","Touchlongother","Touch.9","Sonso",1.35583515363518,0.00399644760213144,0.0175399644760213
"1530","101212","Action_57","Morph_115","KM","Play","Stompobject","StompObject.1","Sonso",-1.02165124753198,0.0337477797513321,0.0424067495559503
"1531","101212","Action_34","Morph_68","KM","Play","Objectshake","ObjectShake.4","Sonso",-0.653926467406664,0.00288632326820604,0.108792184724689
"1532","101212","Action_60","Morph_127","KM","Play","Swing","Swing.1","Sonso",0.113328685307003,0.0428507992895204,0.0475133214920071
"1533","100822","Action_33","Morph_62","KM","Play","Objectmove","ObjectMove.2","Sonso",0.307484699747961,0.00643872113676732,0.0406305506216696
"1534","100823b","Action_52","Morph_112","KM","Play","Spinroulade","SpinRoulade.1","Sonso",0.806475865866949,0.00488454706927176,0.00488454706927176
"1535","101212","Action_60","Morph_127","KM","Play","Swing","Swing.1","Sonso",-0.328504066972036,0.0428507992895204,0.0475133214920071
"1536","101215","Action_18","Morph_40","KM","Play","Hitobjectobject","HitObject.2","Sonso",-0.127833371509885,0.0119893428063943,0.00466252220248668
"1537","101212","Action_17","Morph_39","KM","Play","Hitobject","HitObject.1","Sonso",-0.7339691750802,0.0430728241563055,0.0559502664298401
"1538","101212","Action_33","Morph_61","KM","Play","Objectmove","ObjectMove.1","Sonso",-0.27443684570176,0.0317495559502664,0.0406305506216696
"1539","101212","Action_57","Morph_115","KM","Play","Stompobject","StompObject.1","Sonso",-0.653926467406664,0.0337477797513321,0.0424067495559503
"1540","101212","Action_57","Morph_115","KM","Play","Stompobject","StompObject.1","Sonso",-0.916290731874155,0.0337477797513321,0.0424067495559503
"1541","101212","Action_60","Morph_129","KM","Play","Swing","Swing.3","Sonso",-0.174353387144778,0.0011101243339254,0.0475133214920071
"1542","101212","Action_55","Morph_116","KM","Play","Stompingobject","StompObject.2","Sonso",-0.7339691750802,0.0148756660746004,0.0230905861456483
"1543","101212","Action_55","Morph_116","KM","Play","Stompingobject","StompObject.2","Sonso",0.215111379616945,0.0148756660746004,0.0230905861456483
"1544","101212","Action_17","Morph_39","KM","Play","Hitobject","HitObject.1","Sonso",-0.916290731874155,0.0430728241563055,0.0559502664298401
"1545","101212","Action_50","Morph_110","KM","Play","Shake","Shake.4","Sonso",-0.22314355131421,0.00399644760213144,0.0122113676731794
"1546","101212","Action_57","Morph_115","KM","Play","Stompobject","StompObject.1","Sonso",-0.579818495252942,0.0337477797513321,0.0424067495559503
"1547","101212","Action_60","Morph_129","KM","Play","Swing","Swing.3","Sonso",0.806475865866949,0.0011101243339254,0.0475133214920071
"1548","101212","Action_16","Morph_38","KM","Play","Headstand","HeadStand.1","Sonso",-0.174353387144778,0.0066607460035524,0.0066607460035524
"1549","101212","Action_33","Morph_61","KM","Play","Objectmove","ObjectMove.1","Sonso",-0.22314355131421,0.0317495559502664,0.0406305506216696
"1550","101212","Action_17","Morph_39","KM","Play","Hitobject","HitObject.1","Sonso",-0.579818495252942,0.0430728241563055,0.0559502664298401
"1551","101212","Action_50","Morph_110","KM","Play","Shake","Shake.4","Sonso",-0.0408219945202552,0.00399644760213144,0.0122113676731794
"1552","101212","Action_16","Morph_38","KM","Play","Headstand","HeadStand.1","Sonso",-0.0408219945202552,0.0066607460035524,0.0066607460035524
"1553","101212","Action_50","Morph_110","KM","Play","Shake","Shake.4","Sonso",0.148420005118273,0.00399644760213144,0.0122113676731794
"1554","101215","Action_55","Morph_116","KM","Play","Stompingobject","StompObject.2","Sonso",-0.328504066972036,0.0148756660746004,0.0230905861456483
"1555","100828","Action_52","Morph_112","KM","Stopbehaviour","Spinroulade","SpinRoulade.1","Sonso",1.00063188030791,0.00488454706927176,0.00488454706927176
"1556","100822","Action_53","Morph_113","KM","Play","Spinsomersault","SpinSomersault.1","Sonso",0.824175442966349,0.00799289520426288,0.00799289520426288
"1557","101212","Action_60","Morph_127","KM","Play","Swing","Swing.1","Sonso",0.0769610411361284,0.0428507992895204,0.0475133214920071
"1558","101212","Action_17","Morph_42","KM","Play","Hitobject","HitObject.4","Sonso",-0.82098055206983,0.00599467140319716,0.0559502664298401
"1559","101212","Action_60","Morph_129","KM","Play","Swing","Swing.3","Sonso",-0.27443684570176,0.0011101243339254,0.0475133214920071
"1560","101212","Action_57","Morph_115","KM","Play","Stompobject","StompObject.1","Sonso",-0.44628710262842,0.0337477797513321,0.0424067495559503
"1561","100822","Action_57","Morph_119","KM","Play","Stompobject","StompObject.5","Sonso",-0.328504066972036,0.00155417406749556,0.0424067495559503
"1562","101212","Action_50","Morph_110","KM","Play","Shake","Shake.4","Sonso",-0.174353387144778,0.00399644760213144,0.0122113676731794
"1563","101212","Action_60","Morph_127","KM","Play","Swing","Swing.1","Sonso",-0.44628710262842,0.0428507992895204,0.0475133214920071
"1564","101212","Action_57","Morph_115","KM","Play","Stompobject","StompObject.1","Sonso",-0.7339691750802,0.0337477797513321,0.0424067495559503
"1565","101212","Action_50","Morph_110","KM","Play","Shake","Shake.4","Sonso",0.113328685307003,0.00399644760213144,0.0122113676731794
"1566","100822","Action_18","Morph_39","KM","Play","Hitobjectobject","HitObject.1","Sonso",0.113328685307003,0.0430728241563055,0.00466252220248668
"1567","101212","Action_16","Morph_38","KM","Play","Headstand","HeadStand.1","Sonso",0.215111379616945,0.0066607460035524,0.0066607460035524
"1568","101212","Action_6","Morph_18","KM","Play","Bow","Bow.1","Sonso",-0.0408219945202552,0.00177619893428064,0.00177619893428064
"1569","101215","Action_18","Morph_40","KM","Play","Hitobjectobject","HitObject.2","Sonso",-0.0408219945202552,0.0119893428063943,0.00466252220248668
"1570","101212","Action_57","Morph_115","KM","Play","Stompobject","StompObject.1","Sonso",-1.27296567581289,0.0337477797513321,0.0424067495559503
"1571","100820","Action_41","Morph_84","KM","Play","Pull","Pull.1","Sonso",0.418710334858185,0.00821492007104796,0.0253108348134991
"1572","101212","Action_17","Morph_42","KM","Play","Hitobject","HitObject.4","Sonso",-0.579818495252942,0.00599467140319716,0.0559502664298401
"1573","100822","Action_17","Morph_40","KM","Play","Hitobject","HitObject.2","Sonso",0,0.0119893428063943,0.0559502664298401
"1574","101215","Action_60","Morph_127","KM","Play","Swing","Swing.1","Sonso",0.215111379616945,0.0428507992895204,0.0475133214920071
"1575","101212","Action_60","Morph_127","KM","Play","Swing","Swing.1","Sonso",0.0769610411361284,0.0428507992895204,0.0475133214920071
"1576","101215","Action_57","Morph_115","KM","Play","Stompobject","StompObject.1","Sonso",-0.916290731874155,0.0337477797513321,0.0424067495559503
"1577","101212","Action_16","Morph_38","KM","Play","Headstand","HeadStand.1","Sonso",1.39624469197306,0.0066607460035524,0.0066607460035524
"1578","101212","Action_50","Morph_110","KM","Play","Shake","Shake.4","Sonso",0.215111379616945,0.00399644760213144,0.0122113676731794
"1579","101212","Action_50","Morph_110","KM","Play","Shake","Shake.4","Sonso",-0.328504066972036,0.00399644760213144,0.0122113676731794
"1580","101215","Action_17","Morph_39","KM","Play","Hitobject","HitObject.1","Sonso",-0.27443684570176,0.0430728241563055,0.0559502664298401
"1581","101212","Action_50","Morph_110","KM","Play","Shake","Shake.4","Sonso",0.418710334858185,0.00399644760213144,0.0122113676731794
"1582","101212","Action_60","Morph_127","KM","Play","Swing","Swing.1","Sonso",0.148420005118273,0.0428507992895204,0.0475133214920071
"1583","101212","Action_50","Morph_107","KM","Play","Shake","Shake.1","Sonso",-0.0408219945202552,0.00355239786856128,0.0122113676731794
"1584","102172","Action_17","Morph_39","KM","Moveaway","Hitobject","HitObject.1","Sonso",-0.653926467406664,0.0430728241563055,0.0559502664298401
"1585","101991","Action_53","Morph_113","KM","Stopbehaviour","Spinsomersault","SpinSomersault.1","Sonso",1.02961941718116,0.00799289520426288,0.00799289520426288
"1586","102172","Action_34","Morph_65","KM","Moveaway","Objectshake","ObjectShake.1","Sonso",0.364643113587909,0.0746003552397869,0.108792184724689
"1587","102172","Action_34","Morph_65","KM","Moveaway","Objectshake","ObjectShake.1","Sonso",0,0.0746003552397869,0.108792184724689
"1588","101669a","Action_8","Morph_19","KM","Play","Dangle","Dangle.1","Sonso",0.751416088683921,0.0484014209591474,0.0484014209591474
"1589","102172","Action_34","Morph_65","KM","Moveaway","Objectshake","ObjectShake.1","Sonso",0.307484699747961,0.0746003552397869,0.108792184724689
"1590","101886","Action_29","Morph_58","KM","Play","Locomotegallop","LocomoteGallop.1","Sonso",-0.127833371509885,0.00821492007104796,0.00821492007104796
"1591","101886","Action_17","Morph_39","KM","Play","Hitobject","HitObject.1","Sonso",-0.510825623765991,0.0430728241563055,0.0559502664298401
"1592","101966b","Action_17","Morph_39","KM","Playcontinue","Hitobject","HitObject.1","Sonso",-0.82098055206983,0.0430728241563055,0.0559502664298401
"1593","101966b","Action_57","Morph_115","KM","Playcontinue","Stompobject","StompObject.1","Sonso",-0.510825623765991,0.0337477797513321,0.0424067495559503
"1594","102395","Action_45","Morph_101","KM","Giveme","Reach","Reach.2","Sonso",1.15057202759882,0.0370781527531083,0.0801509769094138
"1595","102397","Action_45","Morph_101","KM","Giveme","Reach","Reach.2","Sonso",0.215111379616945,0.0370781527531083,0.0801509769094138
"1596","102397","Action_45","Morph_101","KM","Giveme","Reach","Reach.2","Sonso",-2.12026353620009,0.0370781527531083,0.0801509769094138
"1597","102397","Action_45","Morph_101","KM","Giveme","Reach","Reach.2","Sonso",0.246860077931526,0.0370781527531083,0.0801509769094138
"1598","101953b","Action_20","Morph_45","KM","Play","Hitother","HitOther.1","Sonso",-0.44628710262842,0.0202042628774423,0.0404085257548845
"1599","101953b","Action_24","Morph_51","KM","Play","Jump","Jump.1","Sonso",0.246860077931526,0.00732682060390764,0.00732682060390764
"1600","101950a","Action_60","Morph_127","KM","Play","Swing","Swing.1","Sonso",-0.127833371509885,0.0428507992895204,0.0475133214920071
"1601","101334","Action_25","Morph_52","KM","Playcontinue","Kickpunch","KickPunch.1","Sonso",-0.44628710262842,0.0022202486678508,0.0022202486678508
"1602","101334","Action_20","Morph_46","KM","Playcontinue","Hitother","HitOther.2","Sonso",-0.44628710262842,0.00932504440497336,0.0404085257548845
"1603","101950a","Action_8","Morph_19","KM","Play","Dangle","Dangle.1","Sonso",-0.44628710262842,0.0484014209591474,0.0484014209591474
"1604","101915","Action_29","Morph_58","KM","Play","Locomotegallop","LocomoteGallop.1","Sonso",0,0.00821492007104796,0.00821492007104796
"1605","101353","Action_48","Morph_104","KM","Play","Rollover","RollOver.1","Sonso",0.0769610411361284,0.00621669626998224,0.00621669626998224
"1606","101355","Action_41","Morph_86","KM","Play","Pull","Pull.3","Sonso",-0.27443684570176,0.00510657193605684,0.0253108348134991
"1607","101819","Action_8","Morph_19","KM","Play","Dangle","Dangle.1","Sonso",-0.653926467406664,0.0484014209591474,0.0484014209591474
"1608","101950a","Action_60","Morph_127","KM","Play","Swing","Swing.1","Sonso",-0.127833371509885,0.0428507992895204,0.0475133214920071
"1609","101334","Action_25","Morph_52","KM","Playcontinue","Kickpunch","KickPunch.1","Sonso",-0.82098055206983,0.0022202486678508,0.0022202486678508
"1610","101352b","Action_63","Morph_135","KM","Stopbehaviour","Touch","Touch.4","Sonso",-0.579818495252942,0.00488454706927176,0.0341918294849023
"1611","101950a","Action_34","Morph_65","KM","Play","Objectshake","ObjectShake.1","Sonso",0.215111379616945,0.0746003552397869,0.108792184724689
"1612","101334","Action_20","Morph_46","KM","Playcontinue","Hitother","HitOther.2","Sonso",-1.13943428318836,0.00932504440497336,0.0404085257548845
"1613","101501b","Action_48","Morph_104","KM","Play","Rollover","RollOver.1","Sonso",0.587786664902119,0.00621669626998224,0.00621669626998224
"1614","100829","Action_38","Morph_79","KM","Directattention","Present","Present.5","Sonso",0.841567185678219,0.00688277087033748,0.0492895204262877
"1615","100116b","Action_63","Morph_135","KM","Affiliation","Touch","Touch.4","Sonso",0,0.00488454706927176,0.0341918294849023
"1616","102117","Action_33","Morph_61","KN","Play","Objectmove","ObjectMove.1","Sonso",-0.083381608939051,0.0317495559502664,0.0406305506216696
"1617","102066","Action_23","Morph_47","KN","Play","Hittingother","HitOther.3","Sonso",-0.579818495252942,0.00843694493783304,0.0157637655417407
"1618","102117","Action_34","Morph_68","KN","Play","Objectshake","ObjectShake.4","Sonso",0.246860077931526,0.00288632326820604,0.108792184724689
"1619","102121","Action_23","Morph_47","KN","Play","Hittingother","HitOther.3","Sonso",0.336472236621213,0.00843694493783304,0.0157637655417407
"1620","102066","Action_23","Morph_47","KN","Play","Hittingother","HitOther.3","Sonso",-0.127833371509885,0.00843694493783304,0.0157637655417407
"1621","102120","Action_63","Morph_132","KN","Play","Touch","Touch.1","Sonso",-0.82098055206983,0.0104351687388988,0.0341918294849023
"1622","102065","Action_42","Morph_91","KN","Position","Push","Push.4","Sonso",0.587786664902119,0.00932504440497336,0.0466252220248668
"1623","101390","Action_38","Morph_75","KN","Groom","Present","Present.1","Sonso",0.113328685307003,0.0170959147424512,0.0492895204262877
"1624","101388","Action_38","Morph_76","KN","Groom","Present","Present.2","Sonso",-0.0408219945202552,0.0135435168738899,0.0492895204262877
"1625","101392","Action_2","Morph_3","KN","Directattention","Bigloudscratch","BigLoudScratch.1","Sonso",0.418710334858185,0.0215364120781528,0.0577264653641208
"1626","101391","Action_38","Morph_76","KN","Directattention","Present","Present.2","Sonso",-0.0408219945202552,0.0135435168738899,0.0492895204262877
"1627","101066a","Action_20","Morph_45","KN","Play","Hitother","HitOther.1","Sonso",-0.0408219945202552,0.0202042628774423,0.0404085257548845
"1628","101269","Action_38","Morph_76","KN","Groom","Present","Present.2","Sonso",1.15057202759882,0.0135435168738899,0.0492895204262877
"1629","102415","Action_38","Morph_75","KN","Groom","Present","Present.1","Sonso",0.89199803930511,0.0170959147424512,0.0492895204262877
"1630","101403","Action_45","Morph_100","KN","Giveme","Reach","Reach.1","Sonso",0.940007258491471,0.0408525754884547,0.0801509769094138
"1631","101405","Action_45","Morph_101","KN","Giveme","Reach","Reach.2","Sonso",0.246860077931526,0.0370781527531083,0.0801509769094138
"1632","102403","Action_2","Morph_3","KN","Travel","Bigloudscratch","BigLoudScratch.1","Sonso",0.444685821261446,0.0215364120781528,0.0577264653641208
"1633","102346p1","Action_57","Morph_115","KN","Play","Stompobject","StompObject.1","Sonso",-0.653926467406664,0.0337477797513321,0.0424067495559503
"1634","102346p3","Action_34","Morph_65","KN","Play","Objectshake","ObjectShake.1","Sonso",-0.174353387144778,0.0746003552397869,0.108792184724689
"1635","102346p3","Action_33","Morph_61","KN","Play","Objectmove","ObjectMove.1","Sonso",-0.385662480811985,0.0317495559502664,0.0406305506216696
"1636","102346p3","Action_34","Morph_68","KN","Play","Objectshake","ObjectShake.4","Sonso",-1.02165124753198,0.00288632326820604,0.108792184724689
"1637","102346p1","Action_34","Morph_65","KN","Play","Objectshake","ObjectShake.1","Sonso",0.215111379616945,0.0746003552397869,0.108792184724689
"1638","102346p1","Action_34","Morph_66","KN","Play","Objectshake","ObjectShake.2","Sonso",0.806475865866949,0.0237566607460036,0.108792184724689
"1639","102346p3","Action_17","Morph_39","KN","Play","Hitobject","HitObject.1","Sonso",-1.13943428318836,0.0430728241563055,0.0559502664298401
"1640","102346p2","Action_34","Morph_65","KN","Play","Objectshake","ObjectShake.1","Sonso",0.215111379616945,0.0746003552397869,0.108792184724689
"1641","102346p3","Action_17","Morph_39","KN","Play","Hitobject","HitObject.1","Sonso",-0.174353387144778,0.0430728241563055,0.0559502664298401
"1642","102346p3","Action_17","Morph_39","KN","Play","Hitobject","HitObject.1","Sonso",-0.174353387144778,0.0430728241563055,0.0559502664298401
"1643","100544","Action_60","Morph_127","KN","Play","Swing","Swing.1","Sonso",0.444685821261446,0.0428507992895204,0.0475133214920071
"1644","100544","Action_9","Morph_20","KN","Play","Dangleshake","DangleShake.1","Sonso",0.970778917158225,0.00710479573712256,0.00710479573712256
"1645","100544","Action_20","Morph_45","KN","Play","Hitother","HitOther.1","Sonso",-0.174353387144778,0.0202042628774423,0.0404085257548845
"1646","100544","Action_9","Morph_20","KN","Play","Dangleshake","DangleShake.1","Sonso",1.01523067972906,0.00710479573712256,0.00710479573712256
"1647","100544","Action_60","Morph_127","KN","Play","Swing","Swing.1","Sonso",0.215111379616945,0.0428507992895204,0.0475133214920071
"1648","100011","Action_39","Morph_82","KN","Sexualattention","Presentgenitalsbackwards","PresentGenitals.1","Sonso",-0.44628710262842,0.0295293072824156,0.033303730017762
"1649","101115","Action_63","Morph_133","KN","Affiliation","Touch","Touch.2","Sonso",-0.510825623765991,0.00754884547069272,0.0341918294849023
"1650","102125","Action_20","Morph_45","KN","Stopbehaviour","Hitother","HitOther.1","Sonso",-0.653926467406664,0.0202042628774423,0.0404085257548845
"1651","102108","Action_13","Morph_28","KN","Moveaway","Fling","Fling.2","Sonso",-0.385662480811985,0.00488454706927176,0.0117673179396092
"1652","101240","Action_8","Morph_19","KR","Play","Dangle","Dangle.1","Sonso",-0.371063681390832,0.0484014209591474,0.0484014209591474
"1653","101240","Action_20","Morph_45","KR","Play","Hitother","HitOther.1","Sonso",-0.653926467406664,0.0202042628774423,0.0404085257548845
"1654","100898b","Action_9","Morph_20","KR","Play","Dangleshake","DangleShake.1","Sonso",0.113328685307003,0.00710479573712256,0.00710479573712256
"1655","100786","Action_33","Morph_61","KR","Play","Objectmove","ObjectMove.1","Sonso",-0.385662480811985,0.0317495559502664,0.0406305506216696
"1656","100080","Action_39","Morph_82","KR","Sexualattention","Presentgenitalsbackwards","PresentGenitals.1","Sonso",0.182321556793955,0.0295293072824156,0.033303730017762
"1657","100968","Action_51","Morph_111","KR","Play","Spinpirouette","SpinPirouette.1","Sonso",0.693147180559945,0.00133214920071048,0.00133214920071048
"1658","101317b","Action_6","Morph_18","KR","Play","Bow","Bow.1","Sonso",0.712949807856125,0.00177619893428064,0.00177619893428064
"1659","101631","Action_41","Morph_86","KR","Play","Pull","Pull.3","Sonso",0.672944473242426,0.00510657193605684,0.0253108348134991
"1660","101387b","Action_57","Morph_115","KR","Play","Stompobject","StompObject.1","Sonso",-0.82098055206983,0.0337477797513321,0.0424067495559503
"1661","101557b","Action_14","Morph_30","KR","Stopbehaviour","Grab","Grab.2","Sonso",-0.916290731874155,0.00799289520426288,0.0353019538188277
"1662","101339b","Action_63","Morph_140","KR","Stopbehaviour","Touch","Touch.9","Sonso",0.418710334858185,0.00399644760213144,0.0341918294849023
"1663","101319","Action_15","Morph_37","KR","Play","Grabhold","GrabHold.3","Sonso",1.56861591791385,0.00532859680284192,0.0204262877442274
"1664","101154b","Action_42","Morph_91","KR","Stopbehaviour","Push","Push.4","Sonso",-1.42711635564015,0.00932504440497336,0.0466252220248668
"1665","101629","Action_52","Morph_112","KR","Play","Spinroulade","SpinRoulade.1","Sonso",0.970778917158225,0.00488454706927176,0.00488454706927176
"1666","101318","Action_16","Morph_38","KR","Playcontinue","Headstand","HeadStand.1","Sonso",0.148420005118273,0.0066607460035524,0.0066607460035524
"1667","101626","Action_48","Morph_104","KR","Play","Rollover","RollOver.1","Sonso",1.12492959698548,0.00621669626998224,0.00621669626998224
"1668","101319","Action_14","Morph_30","KR","Play","Grab","Grab.2","Sonso",0.336472236621213,0.00799289520426288,0.0353019538188277
"1669","101064","Action_45","Morph_100","KR","Moveclose","Reach","Reach.1","Sonso",0.27763173659828,0.0408525754884547,0.0801509769094138
"1670","101154b","Action_42","Morph_90","KR","Stopbehaviour","Push","Push.3","Sonso",-1.42711635564015,0.00510657193605684,0.0466252220248668
"1671","102169","Action_45","Morph_100","KR","Play","Reach","Reach.1","Sonso",0.470003629245736,0.0408525754884547,0.0801509769094138
"1672","101154b","Action_42","Morph_93","KR","Stopbehaviour","Push","Push.6","Sonso",-0.82098055206983,0.0066607460035524,0.0466252220248668
"1673","101329","Action_45","Morph_100","KR","Play","Reach","Reach.1","Sonso",-0.22314355131421,0.0408525754884547,0.0801509769094138
"1674","101387b","Action_50","Morph_108","KR","Play","Shake","Shake.2","Sonso",-0.385662480811985,0.00466252220248668,0.0122113676731794
"1675","101025","Action_60","Morph_127","KR","Play","Swing","Swing.1","Sonso",0.364643113587909,0.0428507992895204,0.0475133214920071
"1676","101625","Action_48","Morph_104","KR","Play","Rollover","RollOver.1","Sonso",0.78845736036427,0.00621669626998224,0.00621669626998224
"1677","101154b","Action_42","Morph_91","KR","Stopbehaviour","Push","Push.4","Sonso",-1.83258146374831,0.00932504440497336,0.0466252220248668
"1678","101631","Action_48","Morph_104","KR","Play","Rollover","RollOver.1","Sonso",-0.22314355131421,0.00621669626998224,0.00621669626998224
"1679","101318","Action_48","Morph_104","KR","Playcontinue","Rollover","RollOver.1","Sonso",-0.127833371509885,0.00621669626998224,0.00621669626998224
"1680","101830","Action_45","Morph_101","KR","Play","Reach","Reach.2","Sonso",0,0.0370781527531083,0.0801509769094138
"1681","102162","Action_57","Morph_115","KR","Play","Stompobject","StompObject.1","Sonso",-0.385662480811985,0.0337477797513321,0.0424067495559503
"1682","102311a","Action_33","Morph_62","KR","Play","Objectmove","ObjectMove.2","Sonso",0.215111379616945,0.00643872113676732,0.0406305506216696
"1683","100800","Action_17","Morph_39","KR","Play","Hitobject","HitObject.1","Sonso",-0.653926467406664,0.0430728241563055,0.0559502664298401
"1684","101236","Action_57","Morph_115","KR","Play","Stompobject","StompObject.1","Sonso",-0.579818495252942,0.0337477797513321,0.0424067495559503
"1685","102312","Action_8","Morph_19","KR","Play","Dangle","Dangle.1","Sonso",-0.510825623765991,0.0484014209591474,0.0484014209591474
"1686","100798","Action_17","Morph_41","KR","Play","Hitobject","HitObject.3","Sonso",-0.127833371509885,0.00510657193605684,0.0559502664298401
"1687","101517a","Action_60","Morph_127","KR","Playcontinue","Swing","Swing.1","Sonso",-0.0408219945202552,0.0428507992895204,0.0475133214920071
"1688","100798","Action_8","Morph_19","KR","Play","Dangle","Dangle.1","Sonso",-0.579818495252942,0.0484014209591474,0.0484014209591474
"1689","101242","Action_55","Morph_116","KR","Stopbehaviour","Stompingobject","StompObject.2","Sonso",-0.22314355131421,0.0148756660746004,0.0230905861456483
"1690","101517a","Action_60","Morph_127","KR","Playcontinue","Swing","Swing.1","Sonso",0.336472236621213,0.0428507992895204,0.0475133214920071
"1691","102319a","Action_29","Morph_58","KR","Play","Locomotegallop","LocomoteGallop.1","Sonso",-0.328504066972036,0.00821492007104796,0.00821492007104796
"1692","102159","Action_23","Morph_48","KR","Play","Hittingother","HitOther.4","Sonso",0,0.00732682060390764,0.0157637655417407
"1693","100798","Action_17","Morph_41","KR","Play","Hitobject","HitObject.3","Sonso",-0.0408219945202552,0.00510657193605684,0.0559502664298401
"1694","100798","Action_45","Morph_101","KR","Play","Reach","Reach.2","Sonso",-0.7339691750802,0.0370781527531083,0.0801509769094138
"1695","100683","Action_34","Morph_65","KR","Play","Objectshake","ObjectShake.1","Sonso",0.518793793415168,0.0746003552397869,0.108792184724689
"1696","100451","Action_17","Morph_40","KR","Play","Hitobject","HitObject.2","Sonso",-0.7339691750802,0.0119893428063943,0.0559502664298401
"1697","102312","Action_56","Morph_123","KR","Play","Stompingother","StompOther.2","Sonso",-0.328504066972036,0.00244227353463588,0.00266429840142096
"1698","101517a","Action_60","Morph_128","KR","Playcontinue","Swing","Swing.2","Sonso",0,0.00310834813499112,0.0475133214920071
"1699","100799","Action_8","Morph_19","KR","Play","Dangle","Dangle.1","Sonso",-0.174353387144778,0.0484014209591474,0.0484014209591474
"1700","101517a","Action_60","Morph_127","KR","Playcontinue","Swing","Swing.1","Sonso",0.113328685307003,0.0428507992895204,0.0475133214920071
"1701","100798","Action_17","Morph_41","KR","Play","Hitobject","HitObject.3","Sonso",-0.510825623765991,0.00510657193605684,0.0559502664298401
"1702","102312","Action_14","Morph_32","KR","Play","Grab","Grab.4","Sonso",-0.653926467406664,0.00754884547069272,0.0353019538188277
"1703","100801","Action_15","Morph_36","KR","Play","Grabhold","GrabHold.2","Sonso",0.924258901523332,0.005550621669627,0.0204262877442274
"1704","100800","Action_17","Morph_39","KR","Play","Hitobject","HitObject.1","Sonso",-0.7339691750802,0.0430728241563055,0.0559502664298401
"1705","100683","Action_33","Morph_61","KR","Play","Objectmove","ObjectMove.1","Sonso",0.609765571620894,0.0317495559502664,0.0406305506216696
"1706","100451","Action_20","Morph_49","KR","Play","Hitother","HitOther.5","Sonso",-0.385662480811985,0.00599467140319716,0.0404085257548845
"1707","102160b","Action_16","Morph_38","KR","Play","Headstand","HeadStand.1","Sonso",-0.127833371509885,0.0066607460035524,0.0066607460035524
"1708","101236","Action_29","Morph_58","KR","Play","Locomotegallop","LocomoteGallop.1","Sonso",-0.174353387144778,0.00821492007104796,0.00821492007104796
"1709","100451","Action_50","Morph_108","KR","Play","Shake","Shake.2","Sonso",-0.7339691750802,0.00466252220248668,0.0122113676731794
"1710","100798","Action_21","Morph_44","KR","Play","Hittingobject","HitObject.6","Sonso",0.0769610411361284,0.00155417406749556,0.00799289520426288
"1711","101517a","Action_60","Morph_128","KR","Playcontinue","Swing","Swing.2","Sonso",0,0.00310834813499112,0.0475133214920071
"1712","101057b","Action_13","Morph_27","KR","Stopbehaviour","Fling","Fling.1","Sonso",-1.02165124753198,0.00688277087033748,0.0117673179396092
"1713","101489a","Action_8","Morph_19","KR","Play","Dangle","Dangle.1","Sonso",0,0.0484014209591474,0.0484014209591474
"1714","100159","Action_39","Morph_82","KR","Sexualattention","Presentgenitalsbackwards","PresentGenitals.1","Sonso",1.51732262352629,0.0295293072824156,0.033303730017762
"1715","102171","Action_8","Morph_19","KR","Play","Dangle","Dangle.1","Sonso",0,0.0484014209591474,0.0484014209591474
"1716","100787a","Action_2","Morph_3","KR","Groom","Bigloudscratch","BigLoudScratch.1","Sonso",0.542324290825362,0.0215364120781528,0.0577264653641208
"1717","100157","Action_2","Morph_4","KR","Groom","Bigloudscratch","BigLoudScratch.2","Sonso",0.418710334858185,0.019316163410302,0.0577264653641208
"1718","100787a","Action_2","Morph_4","KR","Groom","Bigloudscratch","BigLoudScratch.2","Sonso",0.392042087776024,0.019316163410302,0.0577264653641208
"1719","102171","Action_20","Morph_46","KR","Play","Hitother","HitOther.2","Sonso",-0.510825623765991,0.00932504440497336,0.0404085257548845
"1720","102171","Action_60","Morph_127","KR","Play","Swing","Swing.1","Sonso",-0.510825623765991,0.0428507992895204,0.0475133214920071
"1721","100787a","Action_2","Morph_4","KR","Groom","Bigloudscratch","BigLoudScratch.2","Sonso",0.494696241836107,0.019316163410302,0.0577264653641208
"1722","100787a","Action_2","Morph_5","KR","Groom","Bigloudscratch","BigLoudScratch.3","Sonso",0.215111379616945,0.0119893428063943,0.0577264653641208
"1723","101928","Action_64","Morph_138","KR","Giveme","Touchlongother","Touch.7","Sonso",0.712949807856125,0.0044404973357016,0.0175399644760213
"1724","101321","Action_42","Morph_91","KR","Position","Push","Push.4","Sonso",-1.42711635564015,0.00932504440497336,0.0466252220248668
"1725","101321","Action_42","Morph_91","KR","Position","Push","Push.4","Sonso",-0.328504066972036,0.00932504440497336,0.0466252220248668
"1726","100278a","Action_33","Morph_61","KR","Play","Objectmove","ObjectMove.1","Sonso",0.56531380905006,0.0317495559502664,0.0406305506216696
"1727","101775","Action_33","Morph_61","KR","Play","Objectmove","ObjectMove.1","Sonso",0.336472236621213,0.0317495559502664,0.0406305506216696
"1728","101026","Action_63","Morph_136","KR","Play","Touch","Touch.5","Sonso",-0.510825623765991,0.00421847246891652,0.0341918294849023
"1729","101022","Action_42","Morph_92","KR","Play","Push","Push.5","Sonso",-0.385662480811985,0.0066607460035524,0.0466252220248668
"1730","101022","Action_42","Morph_95","KR","Play","Push","Push.8","Sonso",-0.653926467406664,0.00133214920071048,0.0466252220248668
"1731","100617","Action_48","Morph_104","KR","Stopbehaviour","Rollover","RollOver.1","Sonso",-0.328504066972036,0.00621669626998224,0.00621669626998224
"1732","100616","Action_17","Morph_40","KR","Stopbehaviour","Hitobject","HitObject.2","Sonso",-0.27443684570176,0.0119893428063943,0.0559502664298401
"1733","100617","Action_47","Morph_103","KR","Stopbehaviour","Rockingsit","Rocking.1","Sonso",0.672944473242426,0.00377442273534636,0.00377442273534636
"1734","100617","Action_43","Morph_96","KR","Stopbehaviour","Raise","Raise.1","Sonso",0.712949807856125,0.00865896980461812,0.0113232682060391
"1735","102473b","Action_39","Morph_82","KR","Sexualattention","Presentgenitalsbackwards","PresentGenitals.1","Sonso",0,0.0295293072824156,0.033303730017762
"1736","100872","Action_8","Morph_19","KR","Play","Dangle","Dangle.1","Sonso",-0.22314355131421,0.0484014209591474,0.0484014209591474
"1737","100872","Action_14","Morph_31","KR","Play","Grab","Grab.3","Sonso",-0.22314355131421,0.00466252220248668,0.0353019538188277
"1738","102374","Action_22","Morph_42","KR","Play","Hittingobjectobject","HitObject.4","Sonso",0.770108221696074,0.00599467140319716,0.00266429840142096
"1739","100888","Action_23","Morph_48","KR","Play","Hittingother","HitOther.4","Sonso",-0.127833371509885,0.00732682060390764,0.0157637655417407
"1740","100687b","Action_33","Morph_61","KR","Play","Objectmove","ObjectMove.1","Sonso",-0.127833371509885,0.0317495559502664,0.0406305506216696
"1741","100853a","Action_24","Morph_51","KR","Play","Jump","Jump.1","Sonso",-0.127833371509885,0.00732682060390764,0.00732682060390764
"1742","101094","Action_10","Morph_21","KR","Play","Drum","Drum.1","Sonso",-0.27443684570176,0.0033303730017762,0.0033303730017762
"1743","100681","Action_20","Morph_45","KR","Play","Hitother","HitOther.1","Sonso",-0.44628710262842,0.0202042628774423,0.0404085257548845
"1744","100872","Action_17","Morph_41","KR","Play","Hitobject","HitObject.3","Sonso",-0.44628710262842,0.00510657193605684,0.0559502664298401
"1745","100872","Action_8","Morph_19","KR","Play","Dangle","Dangle.1","Sonso",-0.127833371509885,0.0484014209591474,0.0484014209591474
"1746","100872","Action_21","Morph_44","KR","Play","Hittingobject","HitObject.6","Sonso",0.364643113587909,0.00155417406749556,0.00799289520426288
"1747","100853b","Action_20","Morph_45","KR","Play","Hitother","HitOther.1","Sonso",-1.02165124753198,0.0202042628774423,0.0404085257548845
"1748","100687b","Action_32","Morph_60","KR","Play","Objectmouth","ObjectMouth.1","Sonso",-0.510825623765991,0.00466252220248668,0.00466252220248668
"1749","101753","Action_55","Morph_116","KR","Play","Stompingobject","StompObject.2","Sonso",-0.27443684570176,0.0148756660746004,0.0230905861456483
"1750","101622","Action_53","Morph_113","KR","Play","Spinsomersault","SpinSomersault.1","Sonso",0.0769610411361284,0.00799289520426288,0.00799289520426288
"1751","101622","Action_53","Morph_113","KR","Play","Spinsomersault","SpinSomersault.1","Sonso",0.215111379616945,0.00799289520426288,0.00799289520426288
"1752","100998","Action_33","Morph_61","KR","Play","Objectmove","ObjectMove.1","Sonso",0.470003629245736,0.0317495559502664,0.0406305506216696
"1753","101753","Action_55","Morph_117","KR","Play","Stompingobject","StompObject.3","Sonso",-0.579818495252942,0.00688277087033748,0.0230905861456483
"1754","100622b","Action_39","Morph_82","KR","Sociosexualattention","Presentgenitalsbackwards","PresentGenitals.1","Sonso",-0.27443684570176,0.0295293072824156,0.033303730017762
"1755","101055b","Action_29","Morph_58","KR","Play","Locomotegallop","LocomoteGallop.1","Sonso",-0.579818495252942,0.00821492007104796,0.00821492007104796
"1756","101839a","Action_3","Morph_12","KR","Playcontinue","Bite","Bite.4","Sonso",-1.42711635564015,0.00177619893428064,0.0168738898756661
"1757","101841","Action_57","Morph_115","KR","Playcontinue","Stompobject","StompObject.1","Sonso",-0.510825623765991,0.0337477797513321,0.0424067495559503
"1758","101400","Action_42","Morph_88","KR","Position","Push","Push.1","Sonso",-0.127833371509885,0.0106571936056838,0.0466252220248668
"1759","101713","Action_20","Morph_45","KR","Play","Hitother","HitOther.1","Sonso",-0.579818495252942,0.0202042628774423,0.0404085257548845
"1760","101840b","Action_57","Morph_115","KR","Playcontinue","Stompobject","StompObject.1","Sonso",-0.82098055206983,0.0337477797513321,0.0424067495559503
"1761","101839b","Action_58","Morph_122","KR","Playcontinue","Stompother","StompOther.1","Sonso",-0.7339691750802,0.00244227353463588,0.00377442273534636
"1762","101839a","Action_23","Morph_48","KR","Playcontinue","Hittingother","HitOther.4","Sonso",0.113328685307003,0.00732682060390764,0.0157637655417407
"1763","101837","Action_48","Morph_104","KR","Playcontinue","Rollover","RollOver.1","Sonso",-0.127833371509885,0.00621669626998224,0.00621669626998224
"1764","101841","Action_17","Morph_39","KR","Playcontinue","Hitobject","HitObject.1","Sonso",-0.579818495252942,0.0430728241563055,0.0559502664298401
"1765","101399b","Action_15","Morph_35","KR","Position","Grabhold","GrabHold.1","Sonso",1.01523067972906,0.00932504440497336,0.0204262877442274
"1766","101833a","Action_6","Morph_18","KR","Play","Bow","Bow.1","Sonso",-0.328504066972036,0.00177619893428064,0.00177619893428064
"1767","101657","Action_23","Morph_48","KR","Play","Hittingother","HitOther.4","Sonso",-0.44628710262842,0.00732682060390764,0.0157637655417407
"1768","101095","Action_25","Morph_52","KR","Play","Kickpunch","KickPunch.1","Sonso",0,0.0022202486678508,0.0022202486678508
"1769","102333","Action_20","Morph_46","KR","Playcontinue","Hitother","HitOther.2","Sonso",-0.328504066972036,0.00932504440497336,0.0404085257548845
"1770","101454","Action_8","Morph_19","KR","Play","Dangle","Dangle.1","Sonso",-0.653926467406664,0.0484014209591474,0.0484014209591474
"1771","101454","Action_20","Morph_45","KR","Play","Hitother","HitOther.1","Sonso",-0.174353387144778,0.0202042628774423,0.0404085257548845
"1772","101566b","Action_60","Morph_127","KR","Playcontinue","Swing","Swing.1","Sonso",-0.083381608939051,0.0428507992895204,0.0475133214920071
"1773","101454","Action_60","Morph_127","KR","Play","Swing","Swing.1","Sonso",0.182321556793955,0.0428507992895204,0.0475133214920071
"1774","101567b","Action_45","Morph_101","KR","Playcontinue","Reach","Reach.2","Sonso",-0.44628710262842,0.0370781527531083,0.0801509769094138
"1775","100763","Action_53","Morph_113","KR","Play","Spinsomersault","SpinSomersault.1","Sonso",0.65232518603969,0.00799289520426288,0.00799289520426288
"1776","101493","Action_21","Morph_42","KR","Play","Hittingobject","HitObject.4","Sonso",0.336472236621213,0.00599467140319716,0.00799289520426288
"1777","100763","Action_8","Morph_19","KR","Play","Dangle","Dangle.1","Sonso",0.27763173659828,0.0484014209591474,0.0484014209591474
"1778","101360","Action_20","Morph_45","KR","Stopbehaviour","Hitother","HitOther.1","Sonso",-0.579818495252942,0.0202042628774423,0.0404085257548845
"1779","100818","Action_57","Morph_118","KR","Play","Stompobject","StompObject.4","Sonso",0.864997437486605,0.005550621669627,0.0424067495559503
"1780","100763","Action_17","Morph_40","KR","Play","Hitobject","HitObject.2","Sonso",-0.0418642040986989,0.0119893428063943,0.0559502664298401
"1781","101092","Action_55","Morph_116","KR","Play","Stompingobject","StompObject.2","Sonso",-0.579818495252942,0.0148756660746004,0.0230905861456483
"1782","102342a","Action_8","Morph_19","KR","Play","Dangle","Dangle.1","Sonso",0,0.0484014209591474,0.0484014209591474
"1783","102340","Action_8","Morph_19","KR","Play","Dangle","Dangle.1","Sonso",-1.02165124753198,0.0484014209591474,0.0484014209591474
"1784","101099","Action_60","Morph_127","KR","Play","Swing","Swing.1","Sonso",0.215111379616945,0.0428507992895204,0.0475133214920071
"1785","101099","Action_50","Morph_108","KR","Play","Shake","Shake.2","Sonso",-0.06720874969345,0.00466252220248668,0.0122113676731794
"1786","101098b","Action_8","Morph_19","KR","Play","Dangle","Dangle.1","Sonso",0.336472236621213,0.0484014209591474,0.0484014209591474
"1787","102342a","Action_34","Morph_66","KR","Play","Objectshake","ObjectShake.2","Sonso",0.246860077931526,0.0237566607460036,0.108792184724689
"1788","101099","Action_60","Morph_127","KR","Play","Swing","Swing.1","Sonso",0.0971267107307228,0.0428507992895204,0.0475133214920071
"1789","102339","Action_8","Morph_19","KR","Play","Dangle","Dangle.1","Sonso",-0.127833371509885,0.0484014209591474,0.0484014209591474
"1790","101099","Action_60","Morph_127","KR","Play","Swing","Swing.1","Sonso",0.215111379616945,0.0428507992895204,0.0475133214920071
"1791","102342a","Action_8","Morph_19","KR","Play","Dangle","Dangle.1","Sonso",0.148420005118273,0.0484014209591474,0.0484014209591474
"1792","101275","Action_57","Morph_115","KS","Play","Stompobject","StompObject.1","Sonso",-0.579818495252942,0.0337477797513321,0.0424067495559503
"1793","101275","Action_57","Morph_115","KS","Play","Stompobject","StompObject.1","Sonso",-0.44628710262842,0.0337477797513321,0.0424067495559503
"1794","101277b","Action_17","Morph_39","KS","Playcontinue","Hitobject","HitObject.1","Sonso",-0.510825623765991,0.0430728241563055,0.0559502664298401
"1795","101276","Action_34","Morph_65","KS","Playcontinue","Objectshake","ObjectShake.1","Sonso",0.609765571620894,0.0746003552397869,0.108792184724689
"1796","101276","Action_57","Morph_115","KS","Playcontinue","Stompobject","StompObject.1","Sonso",-0.82098055206983,0.0337477797513321,0.0424067495559503
"1797","101277b","Action_33","Morph_61","KS","Playcontinue","Objectmove","ObjectMove.1","Sonso",0.148420005118273,0.0317495559502664,0.0406305506216696
"1798","101277b","Action_33","Morph_62","KS","Playcontinue","Objectmove","ObjectMove.2","Sonso",-0.328504066972036,0.00643872113676732,0.0406305506216696
"1799","101277b","Action_57","Morph_115","KS","Playcontinue","Stompobject","StompObject.1","Sonso",-0.510825623765991,0.0337477797513321,0.0424067495559503
"1800","101275","Action_34","Morph_66","KS","Play","Objectshake","ObjectShake.2","Sonso",0.518793793415168,0.0237566607460036,0.108792184724689
"1801","102236a","Action_43","Morph_96","KS","Moveaway","Raise","Raise.1","Sonso",-0.579818495252942,0.00865896980461812,0.0113232682060391
"1802","102236a","Action_17","Morph_39","KS","Moveaway","Hitobject","HitObject.1","Sonso",-0.7339691750802,0.0430728241563055,0.0559502664298401
"1803","101558b","Action_14","Morph_30","KS","Play","Grab","Grab.2","Sonso",-0.174353387144778,0.00799289520426288,0.0353019538188277
"1804","101560","Action_57","Morph_115","KS","Playcontinue","Stompobject","StompObject.1","Sonso",-0.510825623765991,0.0337477797513321,0.0424067495559503
"1805","101490","Action_57","Morph_115","KS","Play","Stompobject","StompObject.1","Sonso",-0.579818495252942,0.0337477797513321,0.0424067495559503
"1806","101560","Action_57","Morph_115","KS","Playcontinue","Stompobject","StompObject.1","Sonso",-0.653926467406664,0.0337477797513321,0.0424067495559503
"1807","101559","Action_45","Morph_100","KS","Playcontinue","Reach","Reach.1","Sonso",-3.2188758248682,0.0408525754884547,0.0801509769094138
"1808","101490","Action_17","Morph_39","KS","Play","Hitobject","HitObject.1","Sonso",-0.579818495252942,0.0430728241563055,0.0559502664298401
"1809","101560","Action_34","Morph_66","KS","Playcontinue","Objectshake","ObjectShake.2","Sonso",0.470003629245736,0.0237566607460036,0.108792184724689
"1810","101623","Action_11","Morph_22","KS","Play","Embrace","Embrace.1","Sonso",0.444685821261446,0.00288632326820604,0.005550621669627
"1811","101560","Action_45","Morph_100","KS","Playcontinue","Reach","Reach.1","Sonso",-0.174353387144778,0.0408525754884547,0.0801509769094138
"1812","102396a","Action_60","Morph_127","KS","Moveaway","Swing","Swing.1","Sonso",-0.44628710262842,0.0428507992895204,0.0475133214920071
"1813","102396a","Action_13","Morph_28","KS","Moveaway","Fling","Fling.2","Sonso",-0.916290731874155,0.00488454706927176,0.0117673179396092
"1814","101066b","Action_21","Morph_42","KS","Play","Hittingobject","HitObject.4","Sonso",-0.174353387144778,0.00599467140319716,0.00799289520426288
"1815","101066b","Action_8","Morph_19","KS","Play","Dangle","Dangle.1","Sonso",-0.127833371509885,0.0484014209591474,0.0484014209591474
"1816","101059","Action_17","Morph_40","KS","Play","Hitobject","HitObject.2","Sonso",-0.7339691750802,0.0119893428063943,0.0559502664298401
"1817","101057a","Action_14","Morph_32","KS","Playcontinue","Grab","Grab.4","Sonso",-0.44628710262842,0.00754884547069272,0.0353019538188277
"1818","101489b","Action_29","Morph_58","KS","Play","Locomotegallop","LocomoteGallop.1","Sonso",-0.653926467406664,0.00821492007104796,0.00821492007104796
"1819","100982a","Action_59","Morph_125","KS","Giveme","Stroke","Stroke.2","Sonso",0.0769610411361284,0.00155417406749556,0.00377442273534636
"1820","100982a","Action_45","Morph_100","KS","Giveme","Reach","Reach.1","Sonso",-0.579818495252942,0.0408525754884547,0.0801509769094138
"1821","102410a","Action_38","Morph_75","KS","Groom","Present","Present.1","Sonso",0.182321556793955,0.0170959147424512,0.0492895204262877
"1822","101790a","Action_43","Morph_98","KS","Givemenurse","Raise","Raise.3","Sonso",0.0769610411361284,0.00177619893428064,0.0113232682060391
"1823","102416","Action_38","Morph_77","KS","Directattention","Present","Present.3","Sonso",0.27763173659828,0.00466252220248668,0.0492895204262877
"1824","101788","Action_45","Morph_100","KS","Givemenurse","Reach","Reach.1","Sonso",-0.82098055206983,0.0408525754884547,0.0801509769094138
"1825","101788","Action_45","Morph_101","KS","Givemenurse","Reach","Reach.2","Sonso",-0.083381608939051,0.0370781527531083,0.0801509769094138
"1826","101795","Action_38","Morph_75","KS","Groom","Present","Present.1","Sonso",1.09861228866811,0.0170959147424512,0.0492895204262877
"1827","101603","Action_45","Morph_100","KS","Affiliation","Reach","Reach.1","Sonso",-0.579818495252942,0.0408525754884547,0.0801509769094138
"1828","101794","Action_42","Morph_89","KS","Position","Push","Push.2","Sonso",-0.7339691750802,0.00355239786856128,0.0466252220248668
"1829","102409","Action_40","Morph_82","KS","Sexualattention","Presentgenitalsforwards","PresentGenitals.1","Sonso",-0.174353387144778,0.0295293072824156,0.00199822380106572
"1830","100538","Action_57","Morph_115","KS","Sexualattention","Stompobject","StompObject.1","Sonso",-0.653926467406664,0.0337477797513321,0.0424067495559503
"1831","101194","Action_45","Morph_101","KS","Giveme","Reach","Reach.2","Sonso",0.609765571620894,0.0370781527531083,0.0801509769094138
"1832","100538","Action_17","Morph_40","KS","Sexualattention","Hitobject","HitObject.2","Sonso",-0.083381608939051,0.0119893428063943,0.0559502664298401
"1833","101193","Action_45","Morph_101","KS","Giveme","Reach","Reach.2","Sonso",-0.7339691750802,0.0370781527531083,0.0801509769094138
"1834","101850","Action_34","Morph_65","KS","Play","Objectshake","ObjectShake.1","Sonso",0.182321556793955,0.0746003552397869,0.108792184724689
"1835","101850","Action_57","Morph_115","KS","Play","Stompobject","StompObject.1","Sonso",-0.579818495252942,0.0337477797513321,0.0424067495559503
"1836","101846","Action_20","Morph_45","KS","Play","Hitother","HitOther.1","Sonso",-0.385662480811985,0.0202042628774423,0.0404085257548845
"1837","101850","Action_57","Morph_115","KS","Play","Stompobject","StompObject.1","Sonso",-0.44628710262842,0.0337477797513321,0.0424067495559503
"1838","101268a","Action_55","Morph_116","KS","Playcontinue","Stompingobject","StompObject.2","Sonso",-0.174353387144778,0.0148756660746004,0.0230905861456483
"1839","102378","Action_20","Morph_50","KS","Playcontinue","Hitother","HitOther.6","Sonso",-1.27296567581289,0.00488454706927176,0.0404085257548845
"1840","101789","Action_2","Morph_3","KS","Groom","Bigloudscratch","BigLoudScratch.1","Sonso",0.148420005118273,0.0215364120781528,0.0577264653641208
"1841","102378","Action_20","Morph_50","KS","Playcontinue","Hitother","HitOther.6","Sonso",-1.6094379124341,0.00488454706927176,0.0404085257548845
"1842","102378","Action_20","Morph_50","KS","Playcontinue","Hitother","HitOther.6","Sonso",-0.328504066972036,0.00488454706927176,0.0404085257548845
"1843","101274","Action_24","Morph_51","KS","Stopbehaviour","Jump","Jump.1","Sonso",-0.82098055206983,0.00732682060390764,0.00732682060390764
"1844","101274","Action_24","Morph_51","KS","Stopbehaviour","Jump","Jump.1","Sonso",-0.82098055206983,0.00732682060390764,0.00732682060390764
"1845","101274","Action_57","Morph_115","KS","Stopbehaviour","Stompobject","StompObject.1","Sonso",-0.653926467406664,0.0337477797513321,0.0424067495559503
"1846","101274","Action_24","Morph_51","KS","Stopbehaviour","Jump","Jump.1","Sonso",-1.13943428318836,0.00732682060390764,0.00732682060390764
"1847","101787","Action_15","Morph_35","KS","Play","Grabhold","GrabHold.1","Sonso",1.07158361628019,0.00932504440497336,0.0204262877442274
"1848","101787","Action_23","Morph_47","KS","Play","Hittingother","HitOther.3","Sonso",-0.083381608939051,0.00843694493783304,0.0157637655417407
"1849","102060","Action_50","Morph_108","KS","Playcontinue","Shake","Shake.2","Sonso",-0.174353387144778,0.00466252220248668,0.0122113676731794
"1850","102060","Action_17","Morph_39","KS","Playcontinue","Hitobject","HitObject.1","Sonso",0.182321556793955,0.0430728241563055,0.0559502664298401
"1851","102347","Action_63","Morph_132","KS","Playcontinue","Touch","Touch.1","Sonso",-1.27296567581289,0.0104351687388988,0.0341918294849023
"1852","100885b","Action_57","Morph_115","KS","Play","Stompobject","StompObject.1","Sonso",-0.27443684570176,0.0337477797513321,0.0424067495559503
"1853","101146","Action_8","Morph_19","KS","Play","Dangle","Dangle.1","Sonso",-0.916290731874155,0.0484014209591474,0.0484014209591474
"1854","102347","Action_63","Morph_132","KS","Playcontinue","Touch","Touch.1","Sonso",-0.7339691750802,0.0104351687388988,0.0341918294849023
"1855","101146","Action_8","Morph_19","KS","Play","Dangle","Dangle.1","Sonso",-1.6094379124341,0.0484014209591474,0.0484014209591474
"1856","101146","Action_17","Morph_40","KS","Play","Hitobject","HitObject.2","Sonso",-1.13943428318836,0.0119893428063943,0.0559502664298401
"1857","102059b","Action_23","Morph_48","KS","Play","Hittingother","HitOther.4","Sonso",-0.083381608939051,0.00732682060390764,0.0157637655417407
"1858","102057b","Action_60","Morph_127","KS","Play","Swing","Swing.1","Sonso",-0.174353387144778,0.0428507992895204,0.0475133214920071
"1859","101293","Action_42","Morph_94","KS","Play","Push","Push.7","Sonso",-0.44628710262842,0.00288632326820604,0.0466252220248668
"1860","102347","Action_58","Morph_122","KS","Playcontinue","Stompother","StompOther.1","Sonso",-0.0408219945202552,0.00244227353463588,0.00377442273534636
"1861","102059b","Action_20","Morph_49","KS","Play","Hitother","HitOther.5","Sonso",0.307484699747961,0.00599467140319716,0.0404085257548845
"1862","102192","Action_45","Morph_101","KS","Giveme","Reach","Reach.2","Sonso",0.336472236621213,0.0370781527531083,0.0801509769094138
"1863","102198a","Action_45","Morph_101","KS","Giveme","Reach","Reach.2","Sonso",-0.22314355131421,0.0370781527531083,0.0801509769094138
"1864","102192","Action_45","Morph_101","KS","Giveme","Reach","Reach.2","Sonso",-0.385662480811985,0.0370781527531083,0.0801509769094138
"1865","102198a","Action_45","Morph_101","KS","Giveme","Reach","Reach.2","Sonso",-0.083381608939051,0.0370781527531083,0.0801509769094138
"1866","102286b","Action_38","Morph_76","KS","Groom","Present","Present.2","Sonso",-0.22314355131421,0.0135435168738899,0.0492895204262877
"1867","100996a","Action_45","Morph_100","KS","Giveme","Reach","Reach.1","Sonso",-0.579818495252942,0.0408525754884547,0.0801509769094138
"1868","102195a","Action_45","Morph_101","KS","Giveme","Reach","Reach.2","Sonso",-0.27443684570176,0.0370781527531083,0.0801509769094138
"1869","100996a","Action_45","Morph_100","KS","Giveme","Reach","Reach.1","Sonso",0.307484699747961,0.0408525754884547,0.0801509769094138
"1870","102195a","Action_45","Morph_101","KS","Giveme","Reach","Reach.2","Sonso",0.732367893713227,0.0370781527531083,0.0801509769094138
"1871","102198a","Action_45","Morph_101","KS","Giveme","Reach","Reach.2","Sonso",-0.083381608939051,0.0370781527531083,0.0801509769094138
"1872","102186","Action_45","Morph_100","KS","Giveme","Reach","Reach.1","Sonso",0.970778917158225,0.0408525754884547,0.0801509769094138
"1873","102187","Action_45","Morph_101","KS","Giveme","Reach","Reach.2","Sonso",-0.82098055206983,0.0370781527531083,0.0801509769094138
"1874","100996a","Action_45","Morph_100","KS","Giveme","Reach","Reach.1","Sonso",0.609765571620894,0.0408525754884547,0.0801509769094138
"1875","102187","Action_45","Morph_101","KS","Giveme","Reach","Reach.2","Sonso",-0.385662480811985,0.0370781527531083,0.0801509769094138
"1876","102192","Action_45","Morph_101","KS","Giveme","Reach","Reach.2","Sonso",-1.02165124753198,0.0370781527531083,0.0801509769094138
"1877","100996a","Action_45","Morph_100","KS","Giveme","Reach","Reach.1","Sonso",-0.174353387144778,0.0408525754884547,0.0801509769094138
"1878","100996a","Action_45","Morph_100","KS","Giveme","Reach","Reach.1","Sonso",-0.083381608939051,0.0408525754884547,0.0801509769094138
"1879","102198a","Action_45","Morph_101","KS","Giveme","Reach","Reach.2","Sonso",-0.44628710262842,0.0370781527531083,0.0801509769094138
"1880","100996a","Action_45","Morph_100","KS","Giveme","Reach","Reach.1","Sonso",-0.385662480811985,0.0408525754884547,0.0801509769094138
"1881","102207","Action_45","Morph_101","KS","Giveme","Reach","Reach.2","Sonso",-0.127833371509885,0.0370781527531083,0.0801509769094138
"1882","102188","Action_45","Morph_100","KS","Giveme","Reach","Reach.1","Sonso",0.0769610411361284,0.0408525754884547,0.0801509769094138
"1883","102198a","Action_45","Morph_101","KS","Giveme","Reach","Reach.2","Sonso",0.418710334858185,0.0370781527531083,0.0801509769094138
"1884","102207","Action_45","Morph_101","KS","Giveme","Reach","Reach.2","Sonso",1.12492959698548,0.0370781527531083,0.0801509769094138
"1885","102191","Action_63","Morph_138","KS","Giveme","Touch","Touch.7","Sonso",-0.653926467406664,0.0044404973357016,0.0341918294849023
"1886","102195a","Action_45","Morph_101","KS","Giveme","Reach","Reach.2","Sonso",-0.510825623765991,0.0370781527531083,0.0801509769094138
"1887","102187","Action_45","Morph_101","KS","Giveme","Reach","Reach.2","Sonso",-0.579818495252942,0.0370781527531083,0.0801509769094138
"1888","102207","Action_45","Morph_101","KS","Giveme","Reach","Reach.2","Sonso",-0.44628710262842,0.0370781527531083,0.0801509769094138
"1889","100994","Action_45","Morph_100","KS","Giveme","Reach","Reach.1","Sonso",-0.105360515657826,0.0408525754884547,0.0801509769094138
"1890","102207","Action_45","Morph_101","KS","Giveme","Reach","Reach.2","Sonso",-0.27443684570176,0.0370781527531083,0.0801509769094138
"1891","102186","Action_45","Morph_100","KS","Giveme","Reach","Reach.1","Sonso",0.494696241836107,0.0408525754884547,0.0801509769094138
"1892","102187","Action_45","Morph_101","KS","Giveme","Reach","Reach.2","Sonso",-0.083381608939051,0.0370781527531083,0.0801509769094138
"1893","102198a","Action_45","Morph_101","KS","Giveme","Reach","Reach.2","Sonso",-1.02165124753198,0.0370781527531083,0.0801509769094138
"1894","102286b","Action_2","Morph_4","KS","Groom","Bigloudscratch","BigLoudScratch.2","Sonso",0.148420005118273,0.019316163410302,0.0577264653641208
"1895","102208","Action_45","Morph_101","KS","Giveme","Reach","Reach.2","Sonso",0.336472236621213,0.0370781527531083,0.0801509769094138
"1896","102207","Action_45","Morph_101","KS","Giveme","Reach","Reach.2","Sonso",-0.44628710262842,0.0370781527531083,0.0801509769094138
"1897","102196","Action_45","Morph_100","KS","Giveme","Reach","Reach.1","Sonso",-1.42711635564015,0.0408525754884547,0.0801509769094138
"1898","102196","Action_45","Morph_100","KS","Giveme","Reach","Reach.1","Sonso",0.518793793415168,0.0408525754884547,0.0801509769094138
"1899","102208","Action_45","Morph_101","KS","Giveme","Reach","Reach.2","Sonso",0.0769610411361284,0.0370781527531083,0.0801509769094138
"1900","102192","Action_45","Morph_101","KS","Giveme","Reach","Reach.2","Sonso",0.0769610411361284,0.0370781527531083,0.0801509769094138
"1901","102197","Action_45","Morph_100","KS","Giveme","Reach","Reach.1","Sonso",0.858661619037519,0.0408525754884547,0.0801509769094138
"1902","102198a","Action_45","Morph_101","KS","Giveme","Reach","Reach.2","Sonso",-0.653926467406664,0.0370781527531083,0.0801509769094138
"1903","102190","Action_45","Morph_101","KS","Giveme","Reach","Reach.2","Sonso",-0.653926467406664,0.0370781527531083,0.0801509769094138
"1904","102195a","Action_45","Morph_101","KS","Giveme","Reach","Reach.2","Sonso",-0.27443684570176,0.0370781527531083,0.0801509769094138
"1905","102188","Action_45","Morph_100","KS","Giveme","Reach","Reach.1","Sonso",0.336472236621213,0.0408525754884547,0.0801509769094138
"1906","102198a","Action_45","Morph_101","KS","Giveme","Reach","Reach.2","Sonso",0.0769610411361284,0.0370781527531083,0.0801509769094138
"1907","102187","Action_45","Morph_101","KS","Giveme","Reach","Reach.2","Sonso",-0.385662480811985,0.0370781527531083,0.0801509769094138
"1908","102196","Action_45","Morph_100","KS","Giveme","Reach","Reach.1","Sonso",1.708377860289,0.0408525754884547,0.0801509769094138
"1909","100996a","Action_45","Morph_100","KS","Giveme","Reach","Reach.1","Sonso",-0.174353387144778,0.0408525754884547,0.0801509769094138
"1910","102198a","Action_45","Morph_100","KS","Giveme","Reach","Reach.1","Sonso",-0.510825623765991,0.0408525754884547,0.0801509769094138
"1911","102192","Action_45","Morph_101","KS","Giveme","Reach","Reach.2","Sonso",0.0392207131532813,0.0370781527531083,0.0801509769094138
"1912","102208","Action_45","Morph_101","KS","Giveme","Reach","Reach.2","Sonso",0.215111379616945,0.0370781527531083,0.0801509769094138
"1913","102191","Action_45","Morph_101","KS","Giveme","Reach","Reach.2","Sonso",-0.916290731874155,0.0370781527531083,0.0801509769094138
"1914","100996a","Action_45","Morph_100","KS","Giveme","Reach","Reach.1","Sonso",-0.916290731874155,0.0408525754884547,0.0801509769094138
"1915","102208","Action_45","Morph_101","KS","Giveme","Reach","Reach.2","Sonso",0.908258560176891,0.0370781527531083,0.0801509769094138
"1916","102198a","Action_45","Morph_101","KS","Giveme","Reach","Reach.2","Sonso",-0.328504066972036,0.0370781527531083,0.0801509769094138
"1917","102191","Action_64","Morph_138","KS","Giveme","Touchlongother","Touch.7","Sonso",1.29198368164865,0.0044404973357016,0.0175399644760213
"1918","102196","Action_63","Morph_138","KS","Giveme","Touch","Touch.7","Sonso",-0.653926467406664,0.0044404973357016,0.0341918294849023
"1919","102192","Action_45","Morph_101","KS","Giveme","Reach","Reach.2","Sonso",-1.02165124753198,0.0370781527531083,0.0801509769094138
"1920","102375","Action_57","Morph_115","KS","Play","Stompobject","StompObject.1","Sonso",-0.510825623765991,0.0337477797513321,0.0424067495559503
"1921","102112","Action_2","Morph_5","KS","Groom","Bigloudscratch","BigLoudScratch.3","Sonso",0.609765571620894,0.0119893428063943,0.0577264653641208
"1922","102110","Action_42","Morph_90","KS","Position","Push","Push.3","Sonso",-0.7339691750802,0.00510657193605684,0.0466252220248668
"1923","102112","Action_2","Morph_5","KS","Groom","Bigloudscratch","BigLoudScratch.3","Sonso",0.27763173659828,0.0119893428063943,0.0577264653641208
"1924","102362","Action_8","Morph_19","KS","Play","Dangle","Dangle.1","Sonso",-0.916290731874155,0.0484014209591474,0.0484014209591474
"1925","102362","Action_60","Morph_127","KS","Play","Swing","Swing.1","Sonso",-0.328504066972036,0.0428507992895204,0.0475133214920071
"1926","101370","Action_33","Morph_61","KT","Sexualattention","Objectmove","ObjectMove.1","Sonso",0.307484699747961,0.0317495559502664,0.0406305506216696
"1927","101370","Action_34","Morph_65","KT","Sexualattention","Objectshake","ObjectShake.1","Sonso",0.587786664902119,0.0746003552397869,0.108792184724689
"1928","101370","Action_34","Morph_65","KT","Sexualattention","Objectshake","ObjectShake.1","Sonso",0.770108221696074,0.0746003552397869,0.108792184724689
"1929","101370","Action_34","Morph_65","KT","Sexualattention","Objectshake","ObjectShake.1","Sonso",0.751416088683921,0.0746003552397869,0.108792184724689
"1930","101370","Action_17","Morph_39","KT","Sexualattention","Hitobject","HitObject.1","Sonso",0.182321556793955,0.0430728241563055,0.0559502664298401
"1931","101370","Action_27","Morph_54","KT","Sexualattention","Leafclip","LeafClip.1","Sonso",0.336472236621213,0.0044404973357016,0.00599467140319716
"1932","101370","Action_17","Morph_39","KT","Sexualattention","Hitobject","HitObject.1","Sonso",0,0.0430728241563055,0.0559502664298401
"1933","101370","Action_27","Morph_54","KT","Sexualattention","Leafclip","LeafClip.1","Sonso",0.113328685307003,0.0044404973357016,0.00599467140319716
"1934","101370","Action_34","Morph_65","KT","Sexualattention","Objectshake","ObjectShake.1","Sonso",0.751416088683921,0.0746003552397869,0.108792184724689
"1935","101580","Action_38","Morph_77","KT","Directattention","Present","Present.3","Sonso",1.57691472072854,0.00466252220248668,0.0492895204262877
"1936","102062a","Action_34","Morph_65","KT","Sexualattention","Objectshake","ObjectShake.1","Sonso",0.215111379616945,0.0746003552397869,0.108792184724689
"1937","102062a","Action_34","Morph_65","KT","Sexualattention","Objectshake","ObjectShake.1","Sonso",0.307484699747961,0.0746003552397869,0.108792184724689
"1938","100150","Action_2","Morph_3","KT","Groom","Bigloudscratch","BigLoudScratch.1","Sonso",0.27763173659828,0.0215364120781528,0.0577264653641208
"1939","101260","Action_38","Morph_79","KT","Groom","Present","Present.5","Sonso",0.444685821261446,0.00688277087033748,0.0492895204262877
"1940","101259","Action_38","Morph_79","KT","Directattention","Present","Present.5","Sonso",0.494696241836107,0.00688277087033748,0.0492895204262877
"1941","100150","Action_63","Morph_137","KT","Groom","Touch","Touch.6","Sonso",-0.27443684570176,0.00488454706927176,0.0341918294849023
"1942","100150","Action_2","Morph_3","KT","Groom","Bigloudscratch","BigLoudScratch.1","Sonso",0,0.0215364120781528,0.0577264653641208
"1943","101765","Action_27","Morph_54","KT","Sexualattention","Leafclip","LeafClip.1","Sonso",0.858661619037519,0.0044404973357016,0.00599467140319716
"1944","101765","Action_27","Morph_54","KT","Sexualattention","Leafclip","LeafClip.1","Sonso",1.30291275218084,0.0044404973357016,0.00599467140319716
"1945","101765","Action_34","Morph_65","KT","Sexualattention","Objectshake","ObjectShake.1","Sonso",-0.22314355131421,0.0746003552397869,0.108792184724689
"1946","101765","Action_27","Morph_54","KT","Sexualattention","Leafclip","LeafClip.1","Sonso",0.182321556793955,0.0044404973357016,0.00599467140319716
"1947","101765","Action_27","Morph_55","KT","Sexualattention","Leafclip","LeafClip.2","Sonso",0.89199803930511,0.00133214920071048,0.00599467140319716
"1948","101765","Action_27","Morph_55","KT","Sexualattention","Leafclip","LeafClip.2","Sonso",0.940007258491471,0.00133214920071048,0.00599467140319716
"1949","101765","Action_27","Morph_54","KT","Sexualattention","Leafclip","LeafClip.1","Sonso",0.8754687373539,0.0044404973357016,0.00599467140319716
"1950","101765","Action_34","Morph_65","KT","Sexualattention","Objectshake","ObjectShake.1","Sonso",0.392042087776024,0.0746003552397869,0.108792184724689
"1951","101765","Action_27","Morph_54","KT","Sexualattention","Leafclip","LeafClip.1","Sonso",1.11185751541813,0.0044404973357016,0.00599467140319716
"1952","101765","Action_27","Morph_54","KT","Sexualattention","Leafclip","LeafClip.1","Sonso",0.712949807856125,0.0044404973357016,0.00599467140319716
"1953","101665a","Action_42","Morph_88","KT","Position","Push","Push.1","Sonso",-0.328504066972036,0.0106571936056838,0.0466252220248668
"1954","101474","Action_45","Morph_100","KT","Play","Reach","Reach.1","Sonso",-0.127833371509885,0.0408525754884547,0.0801509769094138
"1955","102410b","Action_38","Morph_78","KT","Groom","Present","Present.4","Sonso",1.29198368164865,0.00288632326820604,0.0492895204262877
"1956","102410b","Action_2","Morph_3","KT","Groom","Bigloudscratch","BigLoudScratch.1","Sonso",0.307484699747961,0.0215364120781528,0.0577264653641208
"1957","100471","Action_23","Morph_47","KT","Play","Hittingother","HitOther.3","Sonso",-0.174353387144778,0.00843694493783304,0.0157637655417407
"1958","100471","Action_42","Morph_88","KT","Play","Push","Push.1","Sonso",-0.328504066972036,0.0106571936056838,0.0466252220248668
"1959","100982b","Action_42","Morph_91","KT","Stopbehaviour","Push","Push.4","Sonso",-1.13943428318836,0.00932504440497336,0.0466252220248668
"1960","102118","Action_38","Morph_76","KT","Groom","Present","Present.2","Sonso",-0.328504066972036,0.0135435168738899,0.0492895204262877
"1961","102063","Action_2","Morph_5","KT","Groom","Bigloudscratch","BigLoudScratch.3","Sonso",0.336472236621213,0.0119893428063943,0.0577264653641208
"1962","102175a","Action_2","Morph_4","KT","Groom","Bigloudscratch","BigLoudScratch.2","Sonso",0.587786664902119,0.019316163410302,0.0577264653641208
"1963","102118","Action_2","Morph_4","KT","Groom","Bigloudscratch","BigLoudScratch.2","Sonso",0.494696241836107,0.019316163410302,0.0577264653641208
"1964","102175a","Action_2","Morph_4","KT","Groom","Bigloudscratch","BigLoudScratch.2","Sonso",0.336472236621213,0.019316163410302,0.0577264653641208
"1965","102063","Action_34","Morph_65","KT","Groom","Objectshake","ObjectShake.1","Sonso",0.215111379616945,0.0746003552397869,0.108792184724689
"1966","102063","Action_2","Morph_4","KT","Groom","Bigloudscratch","BigLoudScratch.2","Sonso",0.56531380905006,0.019316163410302,0.0577264653641208
"1967","100696","Action_2","Morph_3","KT","Directattention","Bigloudscratch","BigLoudScratch.1","Sonso",0.0769610411361284,0.0215364120781528,0.0577264653641208
"1968","100697","Action_2","Morph_4","KT","Groom","Bigloudscratch","BigLoudScratch.2","Sonso",0.470003629245736,0.019316163410302,0.0577264653641208
"1969","100696","Action_2","Morph_4","KT","Directattention","Bigloudscratch","BigLoudScratch.2","Sonso",0.364643113587909,0.019316163410302,0.0577264653641208
"1970","100165b","Action_2","Morph_3","KT","Groom","Bigloudscratch","BigLoudScratch.1","Sonso",0.364643113587909,0.0215364120781528,0.0577264653641208
"1971","101003","Action_45","Morph_101","KT","Staysame","Reach","Reach.2","Sonso",-0.7339691750802,0.0370781527531083,0.0801509769094138
"1972","101571","Action_14","Morph_33","KT","Play","Grab","Grab.5","Sonso",1.11185751541813,0.0033303730017762,0.0353019538188277
"1973","101571","Action_15","Morph_35","KT","Play","Grabhold","GrabHold.1","Sonso",1.49065437644413,0.00932504440497336,0.0204262877442274
"1974","100978b","Action_23","Morph_47","KT","Stopbehaviour","Hittingother","HitOther.3","Sonso",0.392042087776024,0.00843694493783304,0.0157637655417407
"1975","100978b","Action_42","Morph_91","KT","Stopbehaviour","Push","Push.4","Sonso",-1.02165124753198,0.00932504440497336,0.0466252220248668
"1976","100978b","Action_23","Morph_47","KT","Stopbehaviour","Hittingother","HitOther.3","Sonso",-0.82098055206983,0.00843694493783304,0.0157637655417407
"1977","100978b","Action_64","Morph_135","KT","Stopbehaviour","Touchlongother","Touch.4","Sonso",0.732367893713227,0.00488454706927176,0.0175399644760213
"1978","101981b","Action_38","Morph_76","KT","Directattention","Present","Present.2","Sonso",0.27763173659828,0.0135435168738899,0.0492895204262877
"1979","101982b","Action_38","Morph_79","KT","Directattention","Present","Present.5","Sonso",-1.13943428318836,0.00688277087033748,0.0492895204262877
"1980","101980b","Action_38","Morph_75","KT","Directattention","Present","Present.1","Sonso",0.56531380905006,0.0170959147424512,0.0492895204262877
"1981","100457b","Action_3","Morph_11","KT","Playcontinue","Bite","Bite.3","Sonso",-1.02165124753198,0.00310834813499112,0.0168738898756661
"1982","100458","Action_41","Morph_84","KT","Playcontinue","Pull","Pull.1","Sonso",0.65232518603969,0.00821492007104796,0.0253108348134991
"1983","100458","Action_3","Morph_15","KT","Playcontinue","Bite","Bite.7","Sonso",-0.7339691750802,0.00133214920071048,0.0168738898756661
"1984","100459","Action_41","Morph_85","KT","Playcontinue","Pull","Pull.2","Sonso",0.182321556793955,0.00643872113676732,0.0253108348134991
"1985","100461","Action_41","Morph_86","KT","Playcontinue","Pull","Pull.3","Sonso",-0.22314355131421,0.00510657193605684,0.0253108348134991
"1986","100461","Action_41","Morph_85","KT","Playcontinue","Pull","Pull.2","Sonso",-0.82098055206983,0.00643872113676732,0.0253108348134991
"1987","100461","Action_3","Morph_9","KT","Playcontinue","Bite","Bite.1","Sonso",-0.82098055206983,0.0044404973357016,0.0168738898756661
"1988","100023","Action_13","Morph_27","KU","Stopbehaviour","Fling","Fling.1","Sonso",-1.27296567581289,0.00688277087033748,0.0117673179396092
"1989","101332","Action_13","Morph_28","KU","Moveaway","Fling","Fling.2","Sonso",-0.27443684570176,0.00488454706927176,0.0117673179396092
"1990","100245","Action_11","Morph_23","KU","Affiliation","Embrace","Embrace.2","Sonso",0.364643113587909,0.00199822380106572,0.005550621669627
"1991","102222","Action_38","Morph_75","KU","Directattention","Present","Present.1","Sonso",-0.653926467406664,0.0170959147424512,0.0492895204262877
"1992","102222","Action_2","Morph_3","KU","Directattention","Bigloudscratch","BigLoudScratch.1","Sonso",0.542324290825362,0.0215364120781528,0.0577264653641208
"1993","101793","Action_2","Morph_6","KU","Groom","Bigloudscratch","BigLoudScratch.4","Sonso",0.858661619037519,0.00421847246891652,0.0577264653641208
"1994","101790b","Action_2","Morph_4","KU","Groom","Bigloudscratch","BigLoudScratch.2","Sonso",0.518793793415168,0.019316163410302,0.0577264653641208
"1995","102055","Action_38","Morph_75","KU","Groom","Present","Present.1","Sonso",1.01523067972906,0.0170959147424512,0.0492895204262877
"1996","101577","Action_2","Morph_3","KU","Directattention","Bigloudscratch","BigLoudScratch.1","Sonso",0.444685821261446,0.0215364120781528,0.0577264653641208
"1997","102175b","Action_2","Morph_4","KU","Directattention","Bigloudscratch","BigLoudScratch.2","Sonso",0.27763173659828,0.019316163410302,0.0577264653641208
"1998","101601","Action_63","Morph_133","KU","Staysame","Touch","Touch.2","Sonso",-0.653926467406664,0.00754884547069272,0.0341918294849023
"1999","101402","Action_63","Morph_138","KU","Giveme","Touch","Touch.7","Sonso",0.0392207131532813,0.0044404973357016,0.0341918294849023
"2000","100111","Action_39","Morph_82","KU","Sociosexualattention","Presentgenitalsbackwards","PresentGenitals.1","Sonso",0.392042087776024,0.0295293072824156,0.033303730017762
"2001","101402","Action_63","Morph_138","KU","Giveme","Touch","Touch.7","Sonso",0.27763173659828,0.0044404973357016,0.0341918294849023
"2002","101402","Action_45","Morph_100","KU","Giveme","Reach","Reach.1","Sonso",-0.22314355131421,0.0408525754884547,0.0801509769094138
"2003","101402","Action_63","Morph_138","KU","Giveme","Touch","Touch.7","Sonso",-0.27443684570176,0.0044404973357016,0.0341918294849023
"2004","102426","Action_38","Morph_75","KU","Groom","Present","Present.1","Sonso",-0.27443684570176,0.0170959147424512,0.0492895204262877
"2005","100285a","Action_13","Morph_28","KU","Moveaway","Fling","Fling.2","Sonso",-1.13943428318836,0.00488454706927176,0.0117673179396092
"2006","100285a","Action_13","Morph_28","KU","Moveaway","Fling","Fling.2","Sonso",-1.02165124753198,0.00488454706927176,0.0117673179396092
"2007","101579b","Action_39","Morph_82","KU","Sexualattention","Presentgenitalsbackwards","PresentGenitals.1","Sonso",0.494696241836107,0.0295293072824156,0.033303730017762
"2008","100679","Action_34","Morph_65","KW","Attendme","Objectshake","ObjectShake.1","Sonso",0.985816794522765,0.0746003552397869,0.108792184724689
"2009","100679","Action_17","Morph_39","KW","Attendme","Hitobject","HitObject.1","Sonso",0,0.0430728241563055,0.0559502664298401
"2010","100678","Action_21","Morph_44","KW","Attendme","Hittingobject","HitObject.6","Sonso",-0.127833371509885,0.00155417406749556,0.00799289520426288
"2011","102308","Action_42","Morph_91","KW","Moveclose","Push","Push.4","Sonso",-0.083381608939051,0.00932504440497336,0.0466252220248668
"2012","100339","Action_42","Morph_92","KW","Takeobjectnurse","Push","Push.5","Sonso",0.0769610411361284,0.0066607460035524,0.0466252220248668
"2013","101206","Action_42","Morph_92","KW","Climbonme","Push","Push.5","Sonso",-0.083381608939051,0.0066607460035524,0.0466252220248668
"2014","102345","Action_45","Morph_100","KW","Climbonme","Reach","Reach.1","Sonso",-0.44628710262842,0.0408525754884547,0.0801509769094138
"2015","102168","Action_3","Morph_16","KW","Play","Bite","Bite.8","Sonso",0,0.00288632326820604,0.0168738898756661
"2016","102168","Action_15","Morph_36","KW","Play","Grabhold","GrabHold.2","Sonso",1.37624402526639,0.005550621669627,0.0204262877442274
"2017","101495","Action_42","Morph_88","KW","Climbonme","Push","Push.1","Sonso",-0.22314355131421,0.0106571936056838,0.0466252220248668
"2018","100333","Action_38","Morph_75","KW","Climbonme","Present","Present.1","Sonso",-1.6094379124341,0.0170959147424512,0.0492895204262877
"2019","100141","Action_45","Morph_100","KW","Climbonme","Reach","Reach.1","Sonso",-1.02165124753198,0.0408525754884547,0.0801509769094138
"2020","100029","Action_38","Morph_75","KW","Climbonme","Present","Present.1","Sonso",0.824175442966349,0.0170959147424512,0.0492895204262877
"2021","102170","Action_64","Morph_136","KW","Playcontinue","Touchlongother","Touch.5","Sonso",0.824175442966349,0.00421847246891652,0.0175399644760213
"2022","100780","Action_42","Morph_92","KW","Moveclose","Push","Push.5","Sonso",-0.27443684570176,0.0066607460035524,0.0466252220248668
"2023","100109a","Action_41","Morph_86","KW","Climbonme","Pull","Pull.3","Sonso",0.364643113587909,0.00510657193605684,0.0253108348134991
"2024","100149","Action_42","Morph_93","KW","Followme","Push","Push.6","Sonso",-0.579818495252942,0.0066607460035524,0.0466252220248668
"2025","101633","Action_63","Morph_139","KW","Play","Touch","Touch.8","Sonso",-0.7339691750802,0.00577264653641208,0.0341918294849023
"2026","101023","Action_15","Morph_36","KW","Stopbehaviour","Grabhold","GrabHold.2","Sonso",1.01523067972906,0.005550621669627,0.0204262877442274
"2027","101167","Action_38","Morph_75","KW","Climbonme","Present","Present.1","Sonso",-0.328504066972036,0.0170959147424512,0.0492895204262877
"2028","100831","Action_41","Morph_85","KW","Stopbehaviour","Pull","Pull.2","Sonso",0,0.00643872113676732,0.0253108348134991
"2029","100689","Action_63","Morph_136","KW","Stopbehaviour","Touch","Touch.5","Sonso",-0.27443684570176,0.00421847246891652,0.0341918294849023
"2030","100788","Action_38","Morph_75","KW","Directattention","Present","Present.1","Sonso",1.11185751541813,0.0170959147424512,0.0492895204262877
"2031","102072","Action_2","Morph_4","KW","Directattention","Bigloudscratch","BigLoudScratch.2","Sonso",-0.27443684570176,0.019316163410302,0.0577264653641208
"2032","102400","Action_45","Morph_100","KW","Affiliation","Reach","Reach.1","Sonso",-0.44628710262842,0.0408525754884547,0.0801509769094138
"2033","100158","Action_2","Morph_4","KW","Groom","Bigloudscratch","BigLoudScratch.2","Sonso",0.712949807856125,0.019316163410302,0.0577264653641208
"2034","101237","Action_42","Morph_91","KW","Position","Push","Push.4","Sonso",0,0.00932504440497336,0.0466252220248668
"2035","100787b","Action_38","Morph_80","KW","Groom","Present","Present.6","Sonso",0.494696241836107,0.00155417406749556,0.0492895204262877
"2036","100834","Action_42","Morph_93","KW","Position","Push","Push.6","Sonso",-0.127833371509885,0.0066607460035524,0.0466252220248668
"2037","102072","Action_38","Morph_76","KW","Directattention","Present","Present.2","Sonso",-0.27443684570176,0.0135435168738899,0.0492895204262877
"2038","100832","Action_38","Morph_79","KW","Groom","Present","Present.5","Sonso",0.392042087776024,0.00688277087033748,0.0492895204262877
"2039","100789","Action_64","Morph_132","KW","Play","Touchlongother","Touch.1","Sonso",0.65232518603969,0.0104351687388988,0.0175399644760213
"2040","100323","Action_39","Morph_82","KW","Sexualattention","Presentgenitalsbackwards","PresentGenitals.1","Sonso",0.148420005118273,0.0295293072824156,0.033303730017762
"2041","102250a","Action_2","Morph_4","KW","Travel","Bigloudscratch","BigLoudScratch.2","Sonso",0.631271776841858,0.019316163410302,0.0577264653641208
"2042","102250a","Action_2","Morph_3","KW","Travel","Bigloudscratch","BigLoudScratch.1","Sonso",0.392042087776024,0.0215364120781528,0.0577264653641208
"2043","102250a","Action_2","Morph_5","KW","Travel","Bigloudscratch","BigLoudScratch.3","Sonso",0.494696241836107,0.0119893428063943,0.0577264653641208
"2044","102335","Action_42","Morph_93","KW","Position","Push","Push.6","Sonso",-1.42711635564015,0.0066607460035524,0.0466252220248668
"2045","101932","Action_42","Morph_90","KW","Position","Push","Push.3","Sonso",-0.0408219945202552,0.00510657193605684,0.0466252220248668
"2046","102250a","Action_2","Morph_6","KW","Travel","Bigloudscratch","BigLoudScratch.4","Sonso",0.587786664902119,0.00421847246891652,0.0577264653641208
"2047","102307","Action_2","Morph_4","KW","Groom","Bigloudscratch","BigLoudScratch.2","Sonso",0.494696241836107,0.019316163410302,0.0577264653641208
"2048","100218b","Action_45","Morph_100","KW","Sexualattention","Reach","Reach.1","Sonso",-0.22314355131421,0.0408525754884547,0.0801509769094138
"2049","100081","Action_39","Morph_82","KW","Sexualattention","Presentgenitalsbackwards","PresentGenitals.1","Sonso",0.631271776841858,0.0295293072824156,0.033303730017762
"2050","100988b","Action_39","Morph_82","KW","Moveaway","Presentgenitalsbackwards","PresentGenitals.1","Sonso",-0.653926467406664,0.0295293072824156,0.033303730017762
"2051","100320","Action_39","Morph_82","KW","Sexualattention","Presentgenitalsbackwards","PresentGenitals.1","Sonso",0.542324290825362,0.0295293072824156,0.033303730017762
"2052","100336b","Action_39","Morph_82","KW","Stopbehaviour","Presentgenitalsbackwards","PresentGenitals.1","Sonso",0.113328685307003,0.0295293072824156,0.033303730017762
"2053","100334b","Action_39","Morph_82","KW","Affiliation","Presentgenitalsbackwards","PresentGenitals.1","Sonso",0,0.0295293072824156,0.033303730017762
"2054","100840","Action_42","Morph_89","KW","Position","Push","Push.2","Sonso",-0.510825623765991,0.00355239786856128,0.0466252220248668
"2055","100839","Action_42","Morph_89","KW","Position","Push","Push.2","Sonso",-0.083381608939051,0.00355239786856128,0.0466252220248668
"2056","100337b","Action_39","Morph_82","KW","Stopbehaviour","Presentgenitalsbackwards","PresentGenitals.1","Sonso",0.182321556793955,0.0295293072824156,0.033303730017762
"2057","102344","Action_17","Morph_39","KW","Moveaway","Hitobject","HitObject.1","Sonso",-0.22314355131421,0.0430728241563055,0.0559502664298401
"2058","100009","Action_38","Morph_80","KW","Sexualattention","Present","Present.6","Sonso",-0.510825623765991,0.00155417406749556,0.0492895204262877
"2059","100132","Action_39","Morph_82","KW","Sociosexualattention","Presentgenitalsbackwards","PresentGenitals.1","Sonso",-0.82098055206983,0.0295293072824156,0.033303730017762
"2060","100871","Action_42","Morph_93","KW","Position","Push","Push.6","Sonso",-0.174353387144778,0.0066607460035524,0.0466252220248668
"2061","100870","Action_2","Morph_5","KW","Groom","Bigloudscratch","BigLoudScratch.3","Sonso",0.307484699747961,0.0119893428063943,0.0577264653641208
"2062","100989","Action_39","Morph_82","KW","Giveme","Presentgenitalsbackwards","PresentGenitals.1","Sonso",-0.22314355131421,0.0295293072824156,0.033303730017762
"2063","100989","Action_39","Morph_82","KW","Giveme","Presentgenitalsbackwards","PresentGenitals.1","Sonso",-3.2188758248682,0.0295293072824156,0.033303730017762
"2064","100759","Action_20","Morph_50","KW","Stopbehaviour","Hitother","HitOther.6","Sonso",-0.579818495252942,0.00488454706927176,0.0404085257548845
"2065","100759","Action_20","Morph_50","KW","Stopbehaviour","Hitother","HitOther.6","Sonso",-0.127833371509885,0.00488454706927176,0.0404085257548845
"2066","101336","Action_20","Morph_45","KX","Play","Hitother","HitOther.1","Sonso",-0.44628710262842,0.0202042628774423,0.0404085257548845
"2067","101717","Action_15","Morph_37","KX","Play","Grabhold","GrabHold.3","Sonso",0.940007258491471,0.00532859680284192,0.0204262877442274
"2068","101336","Action_14","Morph_32","KX","Play","Grab","Grab.4","Sonso",-0.22314355131421,0.00754884547069272,0.0353019538188277
"2069","101911","Action_17","Morph_41","KX","Play","Hitobject","HitObject.3","Sonso",-0.510825623765991,0.00510657193605684,0.0559502664298401
"2070","101911","Action_8","Morph_19","KX","Play","Dangle","Dangle.1","Sonso",0.27763173659828,0.0484014209591474,0.0484014209591474
"2071","101911","Action_32","Morph_60","KX","Play","Objectmouth","ObjectMouth.1","Sonso",-1.42711635564015,0.00466252220248668,0.00466252220248668
"2072","101911","Action_60","Morph_127","KX","Play","Swing","Swing.1","Sonso",0.631271776841858,0.0428507992895204,0.0475133214920071
"2073","101221","Action_60","Morph_127","KX","Play","Swing","Swing.1","Sonso",-0.083381608939051,0.0428507992895204,0.0475133214920071
"2074","101221","Action_9","Morph_20","KX","Play","Dangleshake","DangleShake.1","Sonso",0.113328685307003,0.00710479573712256,0.00710479573712256
"2075","101222","Action_8","Morph_19","KX","Play","Dangle","Dangle.1","Sonso",0.182321556793955,0.0484014209591474,0.0484014209591474
"2076","101221","Action_60","Morph_127","KX","Play","Swing","Swing.1","Sonso",-0.385662480811985,0.0428507992895204,0.0475133214920071
"2077","100778a","Action_15","Morph_35","KX","Play","Grabhold","GrabHold.1","Sonso",1.04380405217311,0.00932504440497336,0.0204262877442274
"2078","101221","Action_50","Morph_108","KX","Play","Shake","Shake.2","Sonso",0.182321556793955,0.00466252220248668,0.0122113676731794
"2079","101221","Action_45","Morph_100","KX","Play","Reach","Reach.1","Sonso",-0.44628710262842,0.0408525754884547,0.0801509769094138
"2080","101221","Action_60","Morph_127","KX","Play","Swing","Swing.1","Sonso",0.494696241836107,0.0428507992895204,0.0475133214920071
"2081","101901","Action_34","Morph_65","KX","Playcontinue","Objectshake","ObjectShake.1","Sonso",0.78845736036427,0.0746003552397869,0.108792184724689
"2082","101497a","Action_23","Morph_48","KX","Play","Hittingother","HitOther.4","Sonso",-0.22314355131421,0.00732682060390764,0.0157637655417407
"2083","101901","Action_57","Morph_115","KX","Playcontinue","Stompobject","StompObject.1","Sonso",0.113328685307003,0.0337477797513321,0.0424067495559503
"2084","101901","Action_20","Morph_45","KX","Playcontinue","Hitother","HitOther.1","Sonso",0.27763173659828,0.0202042628774423,0.0404085257548845
"2085","101497a","Action_42","Morph_95","KX","Play","Push","Push.8","Sonso",0.470003629245736,0.00133214920071048,0.0466252220248668
"2086","101083","Action_14","Morph_34","KX","Play","Grab","Grab.6","Sonso",-0.7339691750802,0.00355239786856128,0.0353019538188277
"2087","101083","Action_32","Morph_60","KX","Play","Objectmouth","ObjectMouth.1","Sonso",0.631271776841858,0.00466252220248668,0.00466252220248668
"2088","101219","Action_64","Morph_140","KX","Giveme","Touchlongother","Touch.9","Sonso",1.15057202759882,0.00399644760213144,0.0175399644760213
"2089","101337","Action_63","Morph_139","KX","Play","Touch","Touch.8","Sonso",-0.916290731874155,0.00577264653641208,0.0341918294849023
"2090","101497a","Action_23","Morph_48","KX","Play","Hittingother","HitOther.4","Sonso",-0.127833371509885,0.00732682060390764,0.0157637655417407
"2091","101498","Action_42","Morph_95","KX","Play","Push","Push.8","Sonso",0.712949807856125,0.00133214920071048,0.0466252220248668
"2092","101337","Action_14","Morph_33","KX","Play","Grab","Grab.5","Sonso",-0.22314355131421,0.0033303730017762,0.0353019538188277
"2093","101498","Action_20","Morph_45","KX","Play","Hitother","HitOther.1","Sonso",-0.174353387144778,0.0202042628774423,0.0404085257548845
"2094","101498","Action_8","Morph_19","KX","Play","Dangle","Dangle.1","Sonso",0.113328685307003,0.0484014209591474,0.0484014209591474
"2095","101606","Action_34","Morph_67","KX","Play","Objectshake","ObjectShake.3","Sonso",0.113328685307003,0.0022202486678508,0.108792184724689
"2096","101813a","Action_20","Morph_49","KX","Play","Hitother","HitOther.5","Sonso",-0.82098055206983,0.00599467140319716,0.0404085257548845
"2097","101813a","Action_20","Morph_49","KX","Play","Hitother","HitOther.5","Sonso",-0.7339691750802,0.00599467140319716,0.0404085257548845
"2098","101555","Action_56","Morph_123","KX","Play","Stompingother","StompOther.2","Sonso",0.27763173659828,0.00244227353463588,0.00266429840142096
"2099","101555","Action_23","Morph_47","KX","Play","Hittingother","HitOther.3","Sonso",0.307484699747961,0.00843694493783304,0.0157637655417407
"2100","100203p2","Action_2","Morph_3","KY","Travel","Bigloudscratch","BigLoudScratch.1","Sonso",0.518793793415168,0.0215364120781528,0.0577264653641208
"2101","100203p2","Action_2","Morph_4","KY","Travel","Bigloudscratch","BigLoudScratch.2","Sonso",0.518793793415168,0.019316163410302,0.0577264653641208
"2102","100203p1","Action_2","Morph_4","KY","Travel","Bigloudscratch","BigLoudScratch.2","Sonso",0.518793793415168,0.019316163410302,0.0577264653641208
"2103","100203p2","Action_2","Morph_4","KY","Travel","Bigloudscratch","BigLoudScratch.2","Sonso",0.494696241836107,0.019316163410302,0.0577264653641208
"2104","100203p2","Action_2","Morph_3","KY","Travel","Bigloudscratch","BigLoudScratch.1","Sonso",0.542324290825362,0.0215364120781528,0.0577264653641208
"2105","101497b","Action_14","Morph_32","KY","Stopbehaviour","Grab","Grab.4","Sonso",-0.127833371509885,0.00754884547069272,0.0353019538188277
"2106","100203p2","Action_2","Morph_4","KY","Travel","Bigloudscratch","BigLoudScratch.2","Sonso",0.418710334858185,0.019316163410302,0.0577264653641208
"2107","100203p2","Action_2","Morph_3","KY","Travel","Bigloudscratch","BigLoudScratch.1","Sonso",0.732367893713227,0.0215364120781528,0.0577264653641208
"2108","100203p2","Action_2","Morph_3","KY","Travel","Bigloudscratch","BigLoudScratch.1","Sonso",0.672944473242426,0.0215364120781528,0.0577264653641208
"2109","100222a","Action_57","Morph_115","KY","Staysame","Stompobject","StompObject.1","Sonso",-0.7339691750802,0.0337477797513321,0.0424067495559503
"2110","100222a","Action_45","Morph_100","KY","Staysame","Reach","Reach.1","Sonso",-0.22314355131421,0.0408525754884547,0.0801509769094138
"2111","100388","Action_41","Morph_85","KY","Playcontinue","Pull","Pull.2","Sonso",-0.0408219945202552,0.00643872113676732,0.0253108348134991
"2112","100892","Action_34","Morph_65","KZ","Sexualattention","Objectshake","ObjectShake.1","Sonso",0.770108221696074,0.0746003552397869,0.108792184724689
"2113","100892","Action_17","Morph_39","KZ","Sexualattention","Hitobject","HitObject.1","Sonso",-0.653926467406664,0.0430728241563055,0.0559502664298401
"2114","101349","Action_18","Morph_40","KZ","Sexualattention","Hitobjectobject","HitObject.2","Sonso",0.246860077931526,0.0119893428063943,0.00466252220248668
"2115","100892","Action_57","Morph_119","KZ","Sexualattention","Stompobject","StompObject.5","Sonso",-0.22314355131421,0.00155417406749556,0.0424067495559503
"2116","101349","Action_33","Morph_61","KZ","Sexualattention","Objectmove","ObjectMove.1","Sonso",-0.22314355131421,0.0317495559502664,0.0406305506216696
"2117","101349","Action_17","Morph_40","KZ","Sexualattention","Hitobject","HitObject.2","Sonso",0.246860077931526,0.0119893428063943,0.0559502664298401
"2118","100892","Action_34","Morph_66","KZ","Sexualattention","Objectshake","ObjectShake.2","Sonso",0.336472236621213,0.0237566607460036,0.108792184724689
"2119","100892","Action_17","Morph_39","KZ","Sexualattention","Hitobject","HitObject.1","Sonso",-0.82098055206983,0.0430728241563055,0.0559502664298401
"2120","100875a","Action_38","Morph_79","KZ","Sociosexualattention","Present","Present.5","Sonso",0.0392207131532813,0.00688277087033748,0.0492895204262877
"2121","101755b","Action_34","Morph_65","KZ","Moveaway","Objectshake","ObjectShake.1","Sonso",0.0392207131532813,0.0746003552397869,0.108792184724689
"2122","102152","Action_42","Morph_92","KZ","Position","Push","Push.5","Sonso",0.0769610411361284,0.0066607460035524,0.0466252220248668
"2123","101636","Action_8","Morph_19","KZ","Playcontinue","Dangle","Dangle.1","Sonso",0.215111379616945,0.0484014209591474,0.0484014209591474
"2124","100959","Action_3","Morph_14","KZ","Playcontinue","Bite","Bite.6","Sonso",-0.083381608939051,0.00266429840142096,0.0168738898756661
"2125","101630","Action_3","Morph_11","KZ","Play","Bite","Bite.3","Sonso",-0.7339691750802,0.00310834813499112,0.0168738898756661
"2126","101632","Action_64","Morph_139","KZ","Play","Touchlongother","Touch.8","Sonso",1.02961941718116,0.00577264653641208,0.0175399644760213
"2127","101632","Action_16","Morph_38","KZ","Play","Headstand","HeadStand.1","Sonso",0.518793793415168,0.0066607460035524,0.0066607460035524
"2128","101630","Action_14","Morph_29","KZ","Play","Grab","Grab.1","Sonso",-0.579818495252942,0.00821492007104796,0.0353019538188277
"2129","101636","Action_20","Morph_45","KZ","Playcontinue","Hitother","HitOther.1","Sonso",-0.44628710262842,0.0202042628774423,0.0404085257548845
"2130","100958","Action_14","Morph_34","KZ","Playcontinue","Grab","Grab.6","Sonso",-0.653926467406664,0.00355239786856128,0.0353019538188277
"2131","100959","Action_15","Morph_37","KZ","Playcontinue","Grabhold","GrabHold.3","Sonso",1.08518926833597,0.00532859680284192,0.0204262877442274
"2132","100961b","Action_14","Morph_33","KZ","Play","Grab","Grab.5","Sonso",-1.13943428318836,0.0033303730017762,0.0353019538188277
"2133","100961b","Action_20","Morph_45","KZ","Play","Hitother","HitOther.1","Sonso",-0.7339691750802,0.0202042628774423,0.0404085257548845
"2134","101504","Action_15","Morph_36","KZ","Play","Grabhold","GrabHold.2","Sonso",-0.27443684570176,0.005550621669627,0.0204262877442274
"2135","100317","Action_47","Morph_103","KZ","Sexualattention","Rockingsit","Rocking.1","Sonso",0.56531380905006,0.00377442273534636,0.00377442273534636
"2136","101504","Action_14","Morph_30","KZ","Play","Grab","Grab.2","Sonso",0.148420005118273,0.00799289520426288,0.0353019538188277
"2137","100307","Action_47","Morph_103","KZ","Sexualattention","Rockingsit","Rocking.1","Sonso",1.02961941718116,0.00377442273534636,0.00377442273534636
"2138","100707","Action_23","Morph_47","KZ","Affiliation","Hittingother","HitOther.3","Sonso",0.364643113587909,0.00843694493783304,0.0157637655417407
"2139","100833","Action_23","Morph_47","KZ","Play","Hittingother","HitOther.3","Sonso",0.470003629245736,0.00843694493783304,0.0157637655417407
"2140","101279","Action_63","Morph_135","KZ","Stopbehaviour","Touch","Touch.4","Sonso",-0.579818495252942,0.00488454706927176,0.0341918294849023
"2141","101500","Action_14","Morph_29","KZ","Play","Grab","Grab.1","Sonso",-0.0408219945202552,0.00821492007104796,0.0353019538188277
"2142","101681","Action_42","Morph_91","KZ","Play","Push","Push.4","Sonso",-0.653926467406664,0.00932504440497336,0.0466252220248668
"2143","101681","Action_17","Morph_39","KZ","Play","Hitobject","HitObject.1","Sonso",-0.44628710262842,0.0430728241563055,0.0559502664298401
"2144","101214b","Action_45","Morph_100","KZ","Playcontinue","Reach","Reach.1","Sonso",-0.27443684570176,0.0408525754884547,0.0801509769094138
"2145","101213p1","Action_45","Morph_100","KZ","Play","Reach","Reach.1","Sonso",0.182321556793955,0.0408525754884547,0.0801509769094138
"2146","100136","Action_17","Morph_39","KZ","Moveaway","Hitobject","HitObject.1","Sonso",-0.127833371509885,0.0430728241563055,0.0559502664298401
"2147","100278b","Action_17","Morph_40","KZ","Play","Hitobject","HitObject.2","Sonso",0.215111379616945,0.0119893428063943,0.0559502664298401
"2148","100135","Action_17","Morph_39","KZ","Play","Hitobject","HitObject.1","Sonso",-1.13943428318836,0.0430728241563055,0.0559502664298401
"2149","101028","Action_63","Morph_137","KZ","Stopbehaviour","Touch","Touch.6","Sonso",-0.44628710262842,0.00488454706927176,0.0341918294849023
"2150","100277","Action_17","Morph_39","KZ","Play","Hitobject","HitObject.1","Sonso",-0.44628710262842,0.0430728241563055,0.0559502664298401
"2151","100278b","Action_29","Morph_58","KZ","Play","Locomotegallop","LocomoteGallop.1","Sonso",-0.127833371509885,0.00821492007104796,0.00821492007104796
"2152","100278b","Action_33","Morph_61","KZ","Play","Objectmove","ObjectMove.1","Sonso",0.336472236621213,0.0317495559502664,0.0406305506216696
"2153","100135","Action_60","Morph_127","KZ","Play","Swing","Swing.1","Sonso",-0.22314355131421,0.0428507992895204,0.0475133214920071
"2154","100277","Action_20","Morph_45","KZ","Play","Hitother","HitOther.1","Sonso",-0.127833371509885,0.0202042628774423,0.0404085257548845
"2155","101028","Action_63","Morph_137","KZ","Stopbehaviour","Touch","Touch.6","Sonso",1.45395300959371,0.00488454706927176,0.0341918294849023
"2156","101774","Action_41","Morph_86","KZ","Play","Pull","Pull.3","Sonso",-0.083381608939051,0.00510657193605684,0.0253108348134991
"2157","101624","Action_17","Morph_39","KZ","Stopbehaviour","Hitobject","HitObject.1","Sonso",-0.174353387144778,0.0430728241563055,0.0559502664298401
"2158","101619","Action_15","Morph_35","KZ","Giveme","Grabhold","GrabHold.1","Sonso",1.1999647829284,0.00932504440497336,0.0204262877442274
"2159","102250b","Action_2","Morph_6","KZ","Travel","Bigloudscratch","BigLoudScratch.4","Sonso",0.806475865866949,0.00421847246891652,0.0577264653641208
"2160","101930","Action_38","Morph_77","KZ","Groom","Present","Present.3","Sonso",0,0.00466252220248668,0.0492895204262877
"2161","101619","Action_45","Morph_101","KZ","Giveme","Reach","Reach.2","Sonso",-0.82098055206983,0.0370781527531083,0.0801509769094138
"2162","101619","Action_15","Morph_35","KZ","Giveme","Grabhold","GrabHold.1","Sonso",1.07158361628019,0.00932504440497336,0.0204262877442274
"2163","101620","Action_45","Morph_101","KZ","Giveme","Reach","Reach.2","Sonso",0.494696241836107,0.0370781527531083,0.0801509769094138
"2164","101930","Action_38","Morph_76","KZ","Groom","Present","Present.2","Sonso",0.307484699747961,0.0135435168738899,0.0492895204262877
"2165","101619","Action_45","Morph_101","KZ","Giveme","Reach","Reach.2","Sonso",0.494696241836107,0.0370781527531083,0.0801509769094138
"2166","101619","Action_45","Morph_101","KZ","Giveme","Reach","Reach.2","Sonso",-0.328504066972036,0.0370781527531083,0.0801509769094138
"2167","100986a","Action_45","Morph_100","KZ","Giveme","Reach","Reach.1","Sonso",0.732367893713227,0.0408525754884547,0.0801509769094138
"2168","100983","Action_34","Morph_66","KZ","Giveme","Objectshake","ObjectShake.2","Sonso",0.494696241836107,0.0237566607460036,0.108792184724689
"2169","100987","Action_45","Morph_100","KZ","Giveme","Reach","Reach.1","Sonso",0.444685821261446,0.0408525754884547,0.0801509769094138
"2170","100986a","Action_45","Morph_100","KZ","Giveme","Reach","Reach.1","Sonso",0.0392207131532813,0.0408525754884547,0.0801509769094138
"2171","101216","Action_39","Morph_83","KZ","Sociosexualattention","Presentgenitalsbackwards","PresentGenitals.2","Sonso",-0.579818495252942,0.00577264653641208,0.033303730017762
"2172","102411","Action_34","Morph_65","KZ","Sexualattention","Objectshake","ObjectShake.1","Sonso",-0.127833371509885,0.0746003552397869,0.108792184724689
"2173","102411","Action_34","Morph_65","KZ","Sexualattention","Objectshake","ObjectShake.1","Sonso",-0.44628710262842,0.0746003552397869,0.108792184724689
"2174","100240","Action_3","Morph_12","KZ","Affiliation","Bite","Bite.4","Sonso",-0.385662480811985,0.00177619893428064,0.0168738898756661
"2175","100137","Action_39","Morph_82","KZ","Stopbehaviour","Presentgenitalsbackwards","PresentGenitals.1","Sonso",0.56531380905006,0.0295293072824156,0.033303730017762
"2176","100300","Action_33","Morph_61","KZ","Staysame","Objectmove","ObjectMove.1","Sonso",0.0392207131532813,0.0317495559502664,0.0406305506216696
"2177","100137","Action_63","Morph_135","KZ","Stopbehaviour","Touch","Touch.4","Sonso",0,0.00488454706927176,0.0341918294849023
"2178","101056","Action_20","Morph_46","KZ","Play","Hitother","HitOther.2","Sonso",-0.510825623765991,0.00932504440497336,0.0404085257548845
"2179","101230","Action_34","Morph_65","KZ","Play","Objectshake","ObjectShake.1","Sonso",-0.0408219945202552,0.0746003552397869,0.108792184724689
"2180","101230","Action_15","Morph_37","KZ","Play","Grabhold","GrabHold.3","Sonso",1.00063188030791,0.00532859680284192,0.0204262877442274
"2181","101230","Action_33","Morph_61","KZ","Play","Objectmove","ObjectMove.1","Sonso",0.246860077931526,0.0317495559502664,0.0406305506216696
"2182","101197a","Action_15","Morph_36","KZ","Play","Grabhold","GrabHold.2","Sonso",0.89199803930511,0.005550621669627,0.0204262877442274
"2183","101197a","Action_63","Morph_134","KZ","Play","Touch","Touch.3","Sonso",-0.510825623765991,0.00488454706927176,0.0341918294849023
"2184","101056","Action_29","Morph_58","KZ","Play","Locomotegallop","LocomoteGallop.1","Sonso",-0.44628710262842,0.00821492007104796,0.00821492007104796
"2185","101197a","Action_63","Morph_134","KZ","Play","Touch","Touch.3","Sonso",-0.579818495252942,0.00488454706927176,0.0341918294849023
"2186","102158","Action_27","Morph_54","KZ","Sexualattention","Leafclip","LeafClip.1","Sonso",0.751416088683921,0.0044404973357016,0.00599467140319716
"2187","101002","Action_50","Morph_108","KZ","Play","Shake","Shake.2","Sonso",-0.174353387144778,0.00466252220248668,0.0122113676731794
"2188","101002","Action_50","Morph_110","KZ","Play","Shake","Shake.4","Sonso",-0.328504066972036,0.00399644760213144,0.0122113676731794
"2189","101658","Action_57","Morph_115","KZ","Play","Stompobject","StompObject.1","Sonso",-0.653926467406664,0.0337477797513321,0.0424067495559503
"2190","101658","Action_17","Morph_39","KZ","Play","Hitobject","HitObject.1","Sonso",-0.44628710262842,0.0430728241563055,0.0559502664298401
"2191","101658","Action_17","Morph_40","KZ","Play","Hitobject","HitObject.2","Sonso",-0.328504066972036,0.0119893428063943,0.0559502664298401
"2192","101658","Action_21","Morph_42","KZ","Play","Hittingobject","HitObject.4","Sonso",0,0.00599467140319716,0.00799289520426288
"2193","101658","Action_17","Morph_40","KZ","Play","Hitobject","HitObject.2","Sonso",-0.510825623765991,0.0119893428063943,0.0559502664298401
"2194","101776","Action_55","Morph_117","KZ","Moveaway","Stompingobject","StompObject.3","Sonso",0.0392207131532813,0.00688277087033748,0.0230905861456483
"2195","101776","Action_17","Morph_39","KZ","Moveaway","Hitobject","HitObject.1","Sonso",-1.13943428318836,0.0430728241563055,0.0559502664298401
"2196","101853","Action_63","Morph_132","KZ","Staysame","Touch","Touch.1","Sonso",-0.916290731874155,0.0104351687388988,0.0341918294849023
"2197","101271","Action_42","Morph_93","KZ","Position","Push","Push.6","Sonso",-0.328504066972036,0.0066607460035524,0.0466252220248668
"2198","100232","Action_13","Morph_27","KZ","Moveaway","Fling","Fling.1","Sonso",-0.44628710262842,0.00688277087033748,0.0117673179396092
"2199","101492","Action_14","Morph_30","KZ","Play","Grab","Grab.2","Sonso",-0.44628710262842,0.00799289520426288,0.0353019538188277
"2200","101492","Action_14","Morph_34","KZ","Play","Grab","Grab.6","Sonso",-0.083381608939051,0.00355239786856128,0.0353019538188277
"2201","100233a","Action_63","Morph_133","KZ","Affiliation","Touch","Touch.2","Sonso",-0.579818495252942,0.00754884547069272,0.0341918294849023
"2202","100079","Action_23","Morph_47","KZ","Affiliation","Hittingother","HitOther.3","Sonso",0.307484699747961,0.00843694493783304,0.0157637655417407
"2203","100097","Action_63","Morph_135","KZ","Sociosexualattention","Touch","Touch.4","Sonso",-0.468404907882039,0.00488454706927176,0.0341918294849023
"2204","100234b","Action_3","Morph_9","KZ","Affiliation","Bite","Bite.1","Sonso",-1.27296567581289,0.0044404973357016,0.0168738898756661
"2205","101123","Action_23","Morph_47","KZ","Sociosexualattention","Hittingother","HitOther.3","Sonso",0.27763173659828,0.00843694493783304,0.0157637655417407
"2206","102360b","Action_20","Morph_45","KZ","Playcontinue","Hitother","HitOther.1","Sonso",-0.579818495252942,0.0202042628774423,0.0404085257548845
"2207","102360b","Action_37","Morph_74","KZ","Playcontinue","Poke","Poke.1","Sonso",-1.13943428318836,0.00266429840142096,0.00266429840142096
"2208","102360b","Action_37","Morph_74","KZ","Playcontinue","Poke","Poke.1","Sonso",-0.385662480811985,0.00266429840142096,0.00266429840142096
"2209","100632","Action_39","Morph_82","LL","Affiliation","Presentgenitalsbackwards","PresentGenitals.1","Sonso",0.693147180559945,0.0295293072824156,0.033303730017762
"2210","100628b","Action_49","Morph_105","LL","Sexualattention","Rub","Rub.1","Sonso",0.955511445027436,0.0044404973357016,0.0066607460035524
"2211","100636a","Action_39","Morph_82","LL","Sociosexualattention","Presentgenitalsbackwards","PresentGenitals.1","Sonso",0.770108221696074,0.0295293072824156,0.033303730017762
"2212","100627","Action_39","Morph_82","LL","Sexualattention","Presentgenitalsbackwards","PresentGenitals.1","Sonso",0.587786664902119,0.0295293072824156,0.033303730017762
"2213","100630","Action_39","Morph_82","LL","Sexualattention","Presentgenitalsbackwards","PresentGenitals.1","Sonso",0.65232518603969,0.0295293072824156,0.033303730017762
"2214","100641b","Action_39","Morph_82","LL","Sexualattention","Presentgenitalsbackwards","PresentGenitals.1","Sonso",0.940007258491471,0.0295293072824156,0.033303730017762
"2215","100639a","Action_39","Morph_82","LL","Sexualattention","Presentgenitalsbackwards","PresentGenitals.1","Sonso",0.542324290825362,0.0295293072824156,0.033303730017762
"2216","100649a","Action_39","Morph_82","LL","Sociosexualattention","Presentgenitalsbackwards","PresentGenitals.1","Sonso",0.113328685307003,0.0295293072824156,0.033303730017762
"2217","100653b","Action_45","Morph_100","LL","Affiliation","Reach","Reach.1","Sonso",-0.0408219945202552,0.0408525754884547,0.0801509769094138
"2218","100639a","Action_39","Morph_82","LL","Sexualattention","Presentgenitalsbackwards","PresentGenitals.1","Sonso",-0.083381608939051,0.0295293072824156,0.033303730017762
"2219","100653b","Action_64","Morph_134","LL","Affiliation","Touchlongother","Touch.3","Sonso",0.148420005118273,0.00488454706927176,0.0175399644760213
"2220","100638","Action_39","Morph_82","LL","Sociosexualattention","Presentgenitalsbackwards","PresentGenitals.1","Sonso",0.418710334858185,0.0295293072824156,0.033303730017762
"2221","100652a","Action_39","Morph_82","LL","Sociosexualattention","Presentgenitalsbackwards","PresentGenitals.1","Sonso",-0.579818495252942,0.0295293072824156,0.033303730017762
"2222","100699","Action_38","Morph_75","LL","Groom","Present","Present.1","Sonso",-0.0408219945202552,0.0170959147424512,0.0492895204262877
"2223","100700","Action_38","Morph_75","LL","Groom","Present","Present.1","Sonso",0.182321556793955,0.0170959147424512,0.0492895204262877
"2224","102372","Action_45","Morph_100","LL","Giveme","Reach","Reach.1","Sonso",-0.174353387144778,0.0408525754884547,0.0801509769094138
"2225","102372","Action_20","Morph_50","LL","Giveme","Hitother","HitOther.6","Sonso",-0.82098055206983,0.00488454706927176,0.0404085257548845
"2226","100777","Action_39","Morph_82","LL","Groom","Presentgenitalsbackwards","PresentGenitals.1","Sonso",-0.328504066972036,0.0295293072824156,0.033303730017762
"2227","100797b","Action_39","Morph_82","LL","Sexualattention","Presentgenitalsbackwards","PresentGenitals.1","Sonso",0.56531380905006,0.0295293072824156,0.033303730017762
"2228","100719b","Action_2","Morph_6","MA","Groom","Bigloudscratch","BigLoudScratch.4","Sonso",0.751416088683921,0.00421847246891652,0.0577264653641208
"2229","100717","Action_38","Morph_76","MA","Groom","Present","Present.2","Sonso",-0.083381608939051,0.0135435168738899,0.0492895204262877
"2230","100718","Action_38","Morph_79","MA","Groom","Present","Present.5","Sonso",-0.385662480811985,0.00688277087033748,0.0492895204262877
"2231","100465","Action_2","Morph_3","MA","Directattention","Bigloudscratch","BigLoudScratch.1","Sonso",0.27763173659828,0.0215364120781528,0.0577264653641208
"2232","100091a","Action_58","Morph_122","MB","Play","Stompother","StompOther.1","Sonso",-0.510825623765991,0.00244227353463588,0.00377442273534636
"2233","100091a","Action_20","Morph_49","MB","Play","Hitother","HitOther.5","Sonso",-0.328504066972036,0.00599467140319716,0.0404085257548845
"2234","100091a","Action_58","Morph_122","MB","Play","Stompother","StompOther.1","Sonso",-0.328504066972036,0.00244227353463588,0.00377442273534636
"2235","100221","Action_57","Morph_119","MB","Play","Stompobject","StompObject.5","Sonso",0.246860077931526,0.00155417406749556,0.0424067495559503
"2236","100218a","Action_43","Morph_96","MB","Sexualattention","Raise","Raise.1","Sonso",-0.579818495252942,0.00865896980461812,0.0113232682060391
"2237","102428","Action_45","Morph_100","MI","Play","Reach","Reach.1","Sonso",-0.328504066972036,0.0408525754884547,0.0801509769094138
"2238","101845","Action_45","Morph_100","MI","Play","Reach","Reach.1","Sonso",-0.653926467406664,0.0408525754884547,0.0801509769094138
"2239","100496","Action_14","Morph_29","MI","Affiliation","Grab","Grab.1","Sonso",-0.555125882662571,0.00821492007104796,0.0353019538188277
"2240","100496","Action_15","Morph_35","MI","Affiliation","Grabhold","GrabHold.1","Sonso",1.16127404979282,0.00932504440497336,0.0204262877442274
"2241","100845","Action_14","Morph_29","MI","Attendme","Grab","Grab.1","Sonso",0.806475865866949,0.00821492007104796,0.0353019538188277
"2242","100224","Action_17","Morph_39","MI","Playcontinue","Hitobject","HitObject.1","Sonso",-0.44628710262842,0.0430728241563055,0.0559502664298401
"2243","100537","Action_38","Morph_75","MK","Directattention","Present","Present.1","Sonso",0.364643113587909,0.0170959147424512,0.0492895204262877
"2244","102425","Action_45","Morph_100","MK","Staysame","Reach","Reach.1","Sonso",-0.127833371509885,0.0408525754884547,0.0801509769094138
"2245","102425","Action_33","Morph_61","MK","Staysame","Objectmove","ObjectMove.1","Sonso",-0.653926467406664,0.0317495559502664,0.0406305506216696
"2246","100489","Action_60","Morph_127","MK","Moveaway","Swing","Swing.1","Sonso",-0.579818495252942,0.0428507992895204,0.0475133214920071
"2247","102029","Action_45","Morph_100","MK","Moveclose","Reach","Reach.1","Sonso",-0.127833371509885,0.0408525754884547,0.0801509769094138
"2248","101910","Action_64","Morph_136","MK","Playcontinue","Touchlongother","Touch.5","Sonso",1.00063188030791,0.00421847246891652,0.0175399644760213
"2249","100490","Action_2","Morph_5","MK","Groom","Bigloudscratch","BigLoudScratch.3","Sonso",0.0392207131532813,0.0119893428063943,0.0577264653641208
"2250","100704a","Action_2","Morph_3","MK","Groom","Bigloudscratch","BigLoudScratch.1","Sonso",0.307484699747961,0.0215364120781528,0.0577264653641208
"2251","101791","Action_38","Morph_75","MK","Groom","Present","Present.1","Sonso",1.36609165380237,0.0170959147424512,0.0492895204262877
"2252","102030","Action_2","Morph_4","MK","Groom","Bigloudscratch","BigLoudScratch.2","Sonso",0.215111379616945,0.019316163410302,0.0577264653641208
"2253","101909a","Action_2","Morph_4","MK","Groom","Bigloudscratch","BigLoudScratch.2","Sonso",0.246860077931526,0.019316163410302,0.0577264653641208
"2254","102030","Action_38","Morph_76","MK","Groom","Present","Present.2","Sonso",-0.174353387144778,0.0135435168738899,0.0492895204262877
"2255","102015b","Action_38","Morph_76","MK","Groom","Present","Present.2","Sonso",1.02961941718116,0.0135435168738899,0.0492895204262877
"2256","102032","Action_38","Morph_76","MK","Groom","Present","Present.2","Sonso",0.0769610411361284,0.0135435168738899,0.0492895204262877
"2257","102032","Action_2","Morph_3","MK","Groom","Bigloudscratch","BigLoudScratch.1","Sonso",0.148420005118273,0.0215364120781528,0.0577264653641208
"2258","102015b","Action_38","Morph_76","MK","Groom","Present","Present.2","Sonso",0.148420005118273,0.0135435168738899,0.0492895204262877
"2259","100991b","Action_13","Morph_27","MK","Moveaway","Fling","Fling.1","Sonso",-1.13943428318836,0.00688277087033748,0.0117673179396092
"2260","100993","Action_45","Morph_100","MK","Giveme","Reach","Reach.1","Sonso",-0.22314355131421,0.0408525754884547,0.0801509769094138
"2261","100992","Action_45","Morph_100","MK","Giveme","Reach","Reach.1","Sonso",0.371563556432483,0.0408525754884547,0.0801509769094138
"2262","100993","Action_45","Morph_100","MK","Giveme","Reach","Reach.1","Sonso",0.729961153682662,0.0408525754884547,0.0801509769094138
"2263","100993","Action_45","Morph_100","MK","Giveme","Reach","Reach.1","Sonso",-0.287682072451781,0.0408525754884547,0.0801509769094138
"2264","100992","Action_45","Morph_100","MK","Giveme","Reach","Reach.1","Sonso",-0.363843433417345,0.0408525754884547,0.0801509769094138
"2265","100992","Action_45","Morph_101","MK","Giveme","Reach","Reach.2","Sonso",-0.105360515657826,0.0370781527531083,0.0801509769094138
"2266","100990","Action_39","Morph_82","MK","Giveme","Presentgenitalsbackwards","PresentGenitals.1","Sonso",-0.82098055206983,0.0295293072824156,0.033303730017762
"2267","100992","Action_45","Morph_101","MK","Giveme","Reach","Reach.2","Sonso",0.0246926125903714,0.0370781527531083,0.0801509769094138
"2268","100992","Action_45","Morph_100","MK","Giveme","Reach","Reach.1","Sonso",-0.663588378318401,0.0408525754884547,0.0801509769094138
"2269","100756","Action_20","Morph_50","MK","Moveaway","Hitother","HitOther.6","Sonso",-0.328504066972036,0.00488454706927176,0.0404085257548845
"2270","100981","Action_39","Morph_82","ML","Giveme","Presentgenitalsbackwards","PresentGenitals.1","Sonso",0.148420005118273,0.0295293072824156,0.033303730017762
"2271","100981","Action_45","Morph_101","ML","Giveme","Reach","Reach.2","Sonso",-1.02165124753198,0.0370781527531083,0.0801509769094138
"2272","100986b","Action_39","Morph_82","ML","Sexualattention","Presentgenitalsbackwards","PresentGenitals.1","Sonso",1.08518926833597,0.0295293072824156,0.033303730017762
"2273","101068","Action_41","Morph_86","ML","Climbonme","Pull","Pull.3","Sonso",0.751416088683921,0.00510657193605684,0.0253108348134991
"2274","101067","Action_41","Morph_86","ML","Climbonme","Pull","Pull.3","Sonso",0.182321556793955,0.00510657193605684,0.0253108348134991
"2275","100675","Action_8","Morph_19","MN","Play","Dangle","Dangle.1","Sonso",-0.7339691750802,0.0484014209591474,0.0484014209591474
"2276","100675","Action_34","Morph_66","MN","Play","Objectshake","ObjectShake.2","Sonso",0.924258901523332,0.0237566607460036,0.108792184724689
"2277","100675","Action_9","Morph_20","MN","Play","Dangleshake","DangleShake.1","Sonso",-0.127833371509885,0.00710479573712256,0.00710479573712256
"2278","101834","Action_38","Morph_75","MN","Groom","Present","Present.1","Sonso",0.215111379616945,0.0170959147424512,0.0492895204262877
"2279","100902","Action_45","Morph_100","MN","Givemenurse","Reach","Reach.1","Sonso",-0.653926467406664,0.0408525754884547,0.0801509769094138
"2280","100903","Action_63","Morph_132","MN","Givemenurse","Touch","Touch.1","Sonso",-0.22314355131421,0.0104351687388988,0.0341918294849023
"2281","100899","Action_63","Morph_138","MN","Moveclose","Touch","Touch.7","Sonso",-0.579818495252942,0.0044404973357016,0.0341918294849023
"2282","100902","Action_45","Morph_100","MN","Givemenurse","Reach","Reach.1","Sonso",-0.510825623765991,0.0408525754884547,0.0801509769094138
"2283","100902","Action_43","Morph_96","MN","Givemenurse","Raise","Raise.1","Sonso",0.182321556793955,0.00865896980461812,0.0113232682060391
"2284","100904","Action_43","Morph_96","MN","Givemenurse","Raise","Raise.1","Sonso",-0.229413164327805,0.00865896980461812,0.0113232682060391
"2285","100895","Action_63","Morph_140","MN","Giveme","Touch","Touch.9","Sonso",0,0.00399644760213144,0.0341918294849023
"2286","100903","Action_43","Morph_96","MN","Givemenurse","Raise","Raise.1","Sonso",-0.510825623765991,0.00865896980461812,0.0113232682060391
"2287","100902","Action_43","Morph_96","MN","Givemenurse","Raise","Raise.1","Sonso",0,0.00865896980461812,0.0113232682060391
"2288","100903","Action_60","Morph_127","MN","Givemenurse","Swing","Swing.1","Sonso",-0.174353387144778,0.0428507992895204,0.0475133214920071
"2289","100902","Action_45","Morph_100","MN","Givemenurse","Reach","Reach.1","Sonso",-0.7339691750802,0.0408525754884547,0.0801509769094138
"2290","100905","Action_45","Morph_100","MN","Moveclose","Reach","Reach.1","Sonso",-2.52572864430826,0.0408525754884547,0.0801509769094138
"2291","100905","Action_45","Morph_100","MN","Moveclose","Reach","Reach.1","Sonso",-0.328504066972036,0.0408525754884547,0.0801509769094138
"2292","100113","Action_33","Morph_61","MS","Sexualattention","Objectmove","ObjectMove.1","Sonso",-0.27443684570176,0.0317495559502664,0.0406305506216696
"2293","100113","Action_17","Morph_39","MS","Sexualattention","Hitobject","HitObject.1","Sonso",-0.174353387144778,0.0430728241563055,0.0559502664298401
"2294","100113","Action_33","Morph_61","MS","Sexualattention","Objectmove","ObjectMove.1","Sonso",-0.510825623765991,0.0317495559502664,0.0406305506216696
"2295","100113","Action_34","Morph_65","MS","Sexualattention","Objectshake","ObjectShake.1","Sonso",1.28619774458161,0.0746003552397869,0.108792184724689
"2296","100610p2","Action_34","Morph_65","MS","Attendme","Objectshake","ObjectShake.1","Sonso",-0.22314355131421,0.0746003552397869,0.108792184724689
"2297","100611","Action_33","Morph_61","MS","Attendme","Objectmove","ObjectMove.1","Sonso",-0.22314355131421,0.0317495559502664,0.0406305506216696
"2298","100610p2","Action_24","Morph_51","MS","Attendme","Jump","Jump.1","Sonso",-0.083381608939051,0.00732682060390764,0.00732682060390764
"2299","100611","Action_58","Morph_122","MS","Attendme","Stompother","StompOther.1","Sonso",-0.127833371509885,0.00244227353463588,0.00377442273534636
"2300","100610p2","Action_20","Morph_49","MS","Attendme","Hitother","HitOther.5","Sonso",-0.328504066972036,0.00599467140319716,0.0404085257548845
"2301","100610p2","Action_22","Morph_43","MS","Attendme","Hittingobjectobject","HitObject.5","Sonso",0.444685821261446,0.0044404973357016,0.00266429840142096
"2302","100610p2","Action_24","Morph_51","MS","Attendme","Jump","Jump.1","Sonso",-0.44628710262842,0.00732682060390764,0.00732682060390764
"2303","100611","Action_41","Morph_84","MS","Attendme","Pull","Pull.1","Sonso",-0.510825623765991,0.00821492007104796,0.0253108348134991
"2304","102216a","Action_38","Morph_75","MS","Affiliation","Present","Present.1","Sonso",0.693147180559945,0.0170959147424512,0.0492895204262877
"2305","102229b","Action_38","Morph_75","MS","Directattention","Present","Present.1","Sonso",0.392042087776024,0.0170959147424512,0.0492895204262877
"2306","100702","Action_38","Morph_75","MS","Directattention","Present","Present.1","Sonso",1.75785791755237,0.0170959147424512,0.0492895204262877
"2307","100311ap1","Action_10","Morph_21","MS","Sexualattention","Drum","Drum.1","Sonso",-0.916290731874155,0.0033303730017762,0.0033303730017762
"2308","100311ap1","Action_33","Morph_61","MS","Sexualattention","Objectmove","ObjectMove.1","Sonso",0.470003629245736,0.0317495559502664,0.0406305506216696
"2309","100311ap1","Action_10","Morph_21","MS","Sexualattention","Drum","Drum.1","Sonso",0,0.0033303730017762,0.0033303730017762
"2310","100311ap2","Action_10","Morph_21","MS","Sexualattention","Drum","Drum.1","Sonso",0.444685821261446,0.0033303730017762,0.0033303730017762
"2311","100311ap1","Action_17","Morph_42","MS","Sexualattention","Hitobject","HitObject.4","Sonso",-1.02165124753198,0.00599467140319716,0.0559502664298401
"2312","100311ap2","Action_10","Morph_21","MS","Sexualattention","Drum","Drum.1","Sonso",0.27763173659828,0.0033303730017762,0.0033303730017762
"2313","100311ap2","Action_29","Morph_58","MS","Sexualattention","Locomotegallop","LocomoteGallop.1","Sonso",-0.510825623765991,0.00821492007104796,0.00821492007104796
"2314","100311ap1","Action_17","Morph_42","MS","Sexualattention","Hitobject","HitObject.4","Sonso",-1.13943428318836,0.00599467140319716,0.0559502664298401
"2315","100311ap1","Action_33","Morph_61","MS","Sexualattention","Objectmove","ObjectMove.1","Sonso",0.182321556793955,0.0317495559502664,0.0406305506216696
"2316","100311ap1","Action_17","Morph_42","MS","Sexualattention","Hitobject","HitObject.4","Sonso",-1.13943428318836,0.00599467140319716,0.0559502664298401
"2317","100311ap1","Action_33","Morph_61","MS","Sexualattention","Objectmove","ObjectMove.1","Sonso",-0.7339691750802,0.0317495559502664,0.0406305506216696
"2318","100311ap1","Action_17","Morph_39","MS","Sexualattention","Hitobject","HitObject.1","Sonso",-1.02165124753198,0.0430728241563055,0.0559502664298401
"2319","100311ap2","Action_33","Morph_61","MS","Sexualattention","Objectmove","ObjectMove.1","Sonso",0.631271776841858,0.0317495559502664,0.0406305506216696
"2320","100311ap1","Action_33","Morph_61","MS","Sexualattention","Objectmove","ObjectMove.1","Sonso",-0.083381608939051,0.0317495559502664,0.0406305506216696
"2321","100311ap1","Action_33","Morph_61","MS","Sexualattention","Objectmove","ObjectMove.1","Sonso",0.494696241836107,0.0317495559502664,0.0406305506216696
"2322","101860b","Action_42","Morph_92","MS","Stopbehaviour","Push","Push.5","Sonso",0.246860077931526,0.0066607460035524,0.0466252220248668
"2323","101331","Action_57","Morph_115","MS","Stopbehaviour","Stompobject","StompObject.1","Sonso",-0.174353387144778,0.0337477797513321,0.0424067495559503
"2324","100491","Action_38","Morph_75","MS","Directattention","Present","Present.1","Sonso",1.08518926833597,0.0170959147424512,0.0492895204262877
"2325","100366","Action_33","Morph_61","MS","Staysame","Objectmove","ObjectMove.1","Sonso",0,0.0317495559502664,0.0406305506216696
"2326","100266b","Action_39","Morph_83","MS","Sociosexualattention","Presentgenitalsbackwards","PresentGenitals.2","Sonso",-0.916290731874155,0.00577264653641208,0.033303730017762
"2327","100304","Action_39","Morph_83","MS","Staysame","Presentgenitalsbackwards","PresentGenitals.2","Sonso",-0.82098055206983,0.00577264653641208,0.033303730017762
"2328","102147","Action_60","Morph_127","MS","Moveaway","Swing","Swing.1","Sonso",0.148420005118273,0.0428507992895204,0.0475133214920071
"2329","102147","Action_60","Morph_127","MS","Moveaway","Swing","Swing.1","Sonso",-0.127833371509885,0.0428507992895204,0.0475133214920071
"2330","100837","Action_27","Morph_55","MS","Sexualattention","Leafclip","LeafClip.2","Sonso",0.732367893713227,0.00133214920071048,0.00599467140319716
"2331","100837","Action_27","Morph_55","MS","Sexualattention","Leafclip","LeafClip.2","Sonso",1.11185751541813,0.00133214920071048,0.00599467140319716
"2332","101294","Action_63","Morph_139","MS","Playcontinue","Touch","Touch.8","Sonso",-0.916290731874155,0.00577264653641208,0.0341918294849023
"2333","101294","Action_63","Morph_139","MS","Playcontinue","Touch","Touch.8","Sonso",-0.27443684570176,0.00577264653641208,0.0341918294849023
"2334","100830","Action_38","Morph_79","MS","Directattention","Present","Present.5","Sonso",0.806475865866949,0.00688277087033748,0.0492895204262877
"2335","101738","Action_39","Morph_82","NB","Sexualattention","Presentgenitalsbackwards","PresentGenitals.1","Sonso",-0.653926467406664,0.0295293072824156,0.033303730017762
"2336","101736","Action_39","Morph_82","NB","Sexualattention","Presentgenitalsbackwards","PresentGenitals.1","Sonso",0.215111379616945,0.0295293072824156,0.033303730017762
"2337","101735","Action_39","Morph_82","NB","Sexualattention","Presentgenitalsbackwards","PresentGenitals.1","Sonso",0.392042087776024,0.0295293072824156,0.033303730017762
"2338","100255","Action_64","Morph_135","NB","Sociosexualattention","Touchlongother","Touch.4","Sonso",1.04380405217311,0.00488454706927176,0.0175399644760213
"2339","101747","Action_39","Morph_82","NB","Sexualattention","Presentgenitalsbackwards","PresentGenitals.1","Sonso",-0.328504066972036,0.0295293072824156,0.033303730017762
"2340","100348a","Action_39","Morph_82","NB","Affiliation","Presentgenitalsbackwards","PresentGenitals.1","Sonso",0.307484699747961,0.0295293072824156,0.033303730017762
"2341","100354","Action_63","Morph_134","NB","Affiliation","Touch","Touch.3","Sonso",-0.510825623765991,0.00488454706927176,0.0341918294849023
"2342","101463","Action_42","Morph_90","NB","Position","Push","Push.3","Sonso",-0.82098055206983,0.00510657193605684,0.0466252220248668
"2343","101463","Action_42","Morph_90","NB","Position","Push","Push.3","Sonso",0.0769610411361284,0.00510657193605684,0.0466252220248668
"2344","100561","Action_39","Morph_82","NB","Sexualattention","Presentgenitalsbackwards","PresentGenitals.1","Sonso",0.693147180559945,0.0295293072824156,0.033303730017762
"2345","101729","Action_39","Morph_82","NB","Sexualattention","Presentgenitalsbackwards","PresentGenitals.1","Sonso",0.0392207131532813,0.0295293072824156,0.033303730017762
"2346","101252","Action_11","Morph_22","NB","Affiliation","Embrace","Embrace.1","Sonso",-0.579818495252942,0.00288632326820604,0.005550621669627
"2347","100874","Action_45","Morph_101","NB","Giveme","Reach","Reach.2","Sonso",-0.328504066972036,0.0370781527531083,0.0801509769094138
"2348","101733","Action_39","Morph_82","NB","Staysame","Presentgenitalsbackwards","PresentGenitals.1","Sonso",-0.174353387144778,0.0295293072824156,0.033303730017762
"2349","100032","Action_39","Morph_82","NB","Staysame","Presentgenitalsbackwards","PresentGenitals.1","Sonso",-0.22314355131421,0.0295293072824156,0.033303730017762
"2350","101734p2","Action_39","Morph_82","NB","Sexualattention","Presentgenitalsbackwards","PresentGenitals.1","Sonso",0.712949807856125,0.0295293072824156,0.033303730017762
"2351","100662","Action_39","Morph_82","NB","Sexualattention","Presentgenitalsbackwards","PresentGenitals.1","Sonso",1.00063188030791,0.0295293072824156,0.033303730017762
"2352","102441","Action_39","Morph_82","NB","Sexualattention","Presentgenitalsbackwards","PresentGenitals.1","Sonso",-0.174353387144778,0.0295293072824156,0.033303730017762
"2353","101326","Action_39","Morph_82","NB","Sexualattention","Presentgenitalsbackwards","PresentGenitals.1","Sonso",0.858661619037519,0.0295293072824156,0.033303730017762
"2354","101730","Action_39","Morph_82","NB","Sexualattention","Presentgenitalsbackwards","PresentGenitals.1","Sonso",0.631271776841858,0.0295293072824156,0.033303730017762
"2355","102106a","Action_11","Morph_23","NB","Affiliation","Embrace","Embrace.2","Sonso",0.336472236621213,0.00199822380106572,0.005550621669627
"2356","100185","Action_39","Morph_83","NB","Sexualattention","Presentgenitalsbackwards","PresentGenitals.2","Sonso",0.494696241836107,0.00577264653641208,0.033303730017762
"2357","101264","Action_38","Morph_80","NB","Groom","Present","Present.6","Sonso",0.307484699747961,0.00155417406749556,0.0492895204262877
"2358","100796","Action_2","Morph_3","NB","Groom","Bigloudscratch","BigLoudScratch.1","Sonso",0.470003629245736,0.0215364120781528,0.0577264653641208
"2359","100951","Action_38","Morph_75","NB","Groom","Present","Present.1","Sonso",0.518793793415168,0.0170959147424512,0.0492895204262877
"2360","101263","Action_42","Morph_93","NB","Position","Push","Push.6","Sonso",-0.82098055206983,0.0066607460035524,0.0466252220248668
"2361","101250","Action_2","Morph_5","NB","Directattention","Bigloudscratch","BigLoudScratch.3","Sonso",0.215111379616945,0.0119893428063943,0.0577264653641208
"2362","100953","Action_41","Morph_85","NB","Play","Pull","Pull.2","Sonso",-0.579818495252942,0.00643872113676732,0.0253108348134991
"2363","101847","Action_20","Morph_45","NB","Stopbehaviour","Hitother","HitOther.1","Sonso",-0.328504066972036,0.0202042628774423,0.0404085257548845
"2364","100878a","Action_63","Morph_132","NB","Play","Touch","Touch.1","Sonso",-0.27443684570176,0.0104351687388988,0.0341918294849023
"2365","101135","Action_16","Morph_38","NB","Playcontinue","Headstand","HeadStand.1","Sonso",1.05779029414785,0.0066607460035524,0.0066607460035524
"2366","100002","Action_42","Morph_90","NB","Position","Push","Push.3","Sonso",0.0392207131532813,0.00510657193605684,0.0466252220248668
"2367","100375","Action_42","Morph_88","NB","Followme","Push","Push.1","Sonso",0.587786664902119,0.0106571936056838,0.0466252220248668
"2368","100953","Action_14","Morph_30","NB","Play","Grab","Grab.2","Sonso",-0.083381608939051,0.00799289520426288,0.0353019538188277
"2369","100954b","Action_45","Morph_101","NB","Play","Reach","Reach.2","Sonso",0.0392207131532813,0.0370781527531083,0.0801509769094138
"2370","101882","Action_42","Morph_92","NB","Climbonme","Push","Push.5","Sonso",-1.27296567581289,0.0066607460035524,0.0466252220248668
"2371","102370","Action_14","Morph_30","NB","Stopbehaviour","Grab","Grab.2","Sonso",-0.0408219945202552,0.00799289520426288,0.0353019538188277
"2372","100942","Action_42","Morph_89","NB","Travel","Push","Push.2","Sonso",0.0392207131532813,0.00355239786856128,0.0466252220248668
"2373","101705","Action_48","Morph_104","NB","Play","Rollover","RollOver.1","Sonso",0.985816794522765,0.00621669626998224,0.00621669626998224
"2374","101891","Action_42","Morph_91","NB","Play","Push","Push.4","Sonso",-0.27443684570176,0.00932504440497336,0.0466252220248668
"2375","102355","Action_63","Morph_139","NB","Stopbehaviour","Touch","Touch.8","Sonso",-0.22314355131421,0.00577264653641208,0.0341918294849023
"2376","101134","Action_3","Morph_11","NB","Play","Bite","Bite.3","Sonso",-0.385662480811985,0.00310834813499112,0.0168738898756661
"2377","100534","Action_42","Morph_90","NB","Position","Push","Push.3","Sonso",-0.328504066972036,0.00510657193605684,0.0466252220248668
"2378","100562b","Action_38","Morph_81","NB","Climbonme","Present","Present.7","Sonso",-0.653926467406664,0.00244227353463588,0.0492895204262877
"2379","101183","Action_42","Morph_88","NB","Takeobjectnurse","Push","Push.1","Sonso",0.336472236621213,0.0106571936056838,0.0466252220248668
"2380","101414","Action_42","Morph_88","NB","Takeobjectnurse","Push","Push.1","Sonso",-0.127833371509885,0.0106571936056838,0.0466252220248668
"2381","101283","Action_63","Morph_133","NB","Takeobjectnurse","Touch","Touch.2","Sonso",-0.083381608939051,0.00754884547069272,0.0341918294849023
"2382","100521","Action_42","Morph_89","NB","Position","Push","Push.2","Sonso",-0.653926467406664,0.00355239786856128,0.0466252220248668
"2383","102492","Action_42","Morph_88","NB","Climbonme","Push","Push.1","Sonso",0.148420005118273,0.0106571936056838,0.0466252220248668
"2384","101891","Action_42","Morph_91","NB","Play","Push","Push.4","Sonso",-0.22314355131421,0.00932504440497336,0.0466252220248668
"2385","101157","Action_63","Morph_137","NB","Moveaway","Touch","Touch.6","Sonso",-1.13943428318836,0.00488454706927176,0.0341918294849023
"2386","102493","Action_38","Morph_75","NB","Climbonme","Present","Present.1","Sonso",-1.6094379124341,0.0170959147424512,0.0492895204262877
"2387","101847","Action_20","Morph_45","NB","Stopbehaviour","Hitother","HitOther.1","Sonso",-0.510825623765991,0.0202042628774423,0.0404085257548845
"2388","100734","Action_42","Morph_88","NB","Position","Push","Push.1","Sonso",-0.7339691750802,0.0106571936056838,0.0466252220248668
"2389","100733","Action_42","Morph_88","NB","Position","Push","Push.1","Sonso",-0.579818495252942,0.0106571936056838,0.0466252220248668
"2390","102368","Action_63","Morph_138","NB","Giveme","Touch","Touch.7","Sonso",-0.174353387144778,0.0044404973357016,0.0341918294849023
"2391","101425","Action_42","Morph_89","NB","Position","Push","Push.2","Sonso",-0.328504066972036,0.00355239786856128,0.0466252220248668
"2392","101664b","Action_42","Morph_92","NB","Takeobjectnurse","Push","Push.5","Sonso",-0.82098055206983,0.0066607460035524,0.0466252220248668
"2393","101895","Action_42","Morph_93","NB","Takeobjectnurse","Push","Push.6","Sonso",0.307484699747961,0.0066607460035524,0.0466252220248668
"2394","100381","Action_42","Morph_88","NB","Position","Push","Push.1","Sonso",0.0392207131532813,0.0106571936056838,0.0466252220248668
"2395","100878a","Action_37","Morph_74","NB","Play","Poke","Poke.1","Sonso",-0.44628710262842,0.00266429840142096,0.00266429840142096
"2396","102369","Action_45","Morph_101","NB","Giveme","Reach","Reach.2","Sonso",-0.44628710262842,0.0370781527531083,0.0801509769094138
"2397","101720","Action_42","Morph_88","NB","Moveaway","Push","Push.1","Sonso",-0.27443684570176,0.0106571936056838,0.0466252220248668
"2398","101870","Action_38","Morph_75","NB","Climbonme","Present","Present.1","Sonso",0.732367893713227,0.0170959147424512,0.0492895204262877
"2399","100878a","Action_63","Morph_132","NB","Play","Touch","Touch.1","Sonso",-1.13943428318836,0.0104351687388988,0.0341918294849023
"2400","101136","Action_63","Morph_139","NB","Play","Touch","Touch.8","Sonso",-0.510825623765991,0.00577264653641208,0.0341918294849023
"2401","101281","Action_42","Morph_91","NB","Position","Push","Push.4","Sonso",-0.385662480811985,0.00932504440497336,0.0466252220248668
"2402","101156","Action_42","Morph_91","NB","Moveaway","Push","Push.4","Sonso",-2.12026353620009,0.00932504440497336,0.0466252220248668
"2403","100728","Action_42","Morph_92","NB","Position","Push","Push.5","Sonso",-1.42711635564015,0.0066607460035524,0.0466252220248668
"2404","100953","Action_20","Morph_45","NB","Play","Hitother","HitOther.1","Sonso",-0.22314355131421,0.0202042628774423,0.0404085257548845
"2405","101848","Action_15","Morph_35","NB","Stopbehaviour","Grabhold","GrabHold.1","Sonso",0.924258901523332,0.00932504440497336,0.0204262877442274
"2406","101962","Action_42","Morph_91","NB","Position","Push","Push.4","Sonso",-0.127833371509885,0.00932504440497336,0.0466252220248668
"2407","100729","Action_42","Morph_92","NB","Position","Push","Push.5","Sonso",-0.328504066972036,0.0066607460035524,0.0466252220248668
"2408","100928","Action_14","Morph_29","NB","Play","Grab","Grab.1","Sonso",-0.174353387144778,0.00821492007104796,0.0353019538188277
"2409","100926","Action_64","Morph_140","NB","Stopbehaviour","Touchlongother","Touch.9","Sonso",1.07158361628019,0.00399644760213144,0.0175399644760213
"2410","101132","Action_3","Morph_16","NB","Play","Bite","Bite.8","Sonso",-0.510825623765991,0.00288632326820604,0.0168738898756661
"2411","101720","Action_42","Morph_88","NB","Moveaway","Push","Push.1","Sonso",-1.27296567581289,0.0106571936056838,0.0466252220248668
"2412","100380","Action_42","Morph_93","NB","Position","Push","Push.6","Sonso",-0.916290731874155,0.0066607460035524,0.0466252220248668
"2413","100878a","Action_15","Morph_35","NB","Play","Grabhold","GrabHold.1","Sonso",1.13783300182139,0.00932504440497336,0.0204262877442274
"2414","100954b","Action_45","Morph_101","NB","Play","Reach","Reach.2","Sonso",0.0392207131532813,0.0370781527531083,0.0801509769094138
"2415","102140","Action_42","Morph_88","NB","Moveclose","Push","Push.1","Sonso",-0.385662480811985,0.0106571936056838,0.0466252220248668
"2416","101134","Action_14","Morph_29","NB","Play","Grab","Grab.1","Sonso",-0.0408219945202552,0.00821492007104796,0.0353019538188277
"2417","100878a","Action_63","Morph_132","NB","Play","Touch","Touch.1","Sonso",-1.02165124753198,0.0104351687388988,0.0341918294849023
"2418","102076","Action_42","Morph_88","NB","Takeobjectnurse","Push","Push.1","Sonso",1.12492959698548,0.0106571936056838,0.0466252220248668
"2419","100732","Action_42","Morph_88","NB","Position","Push","Push.1","Sonso",0.113328685307003,0.0106571936056838,0.0466252220248668
"2420","100878a","Action_63","Morph_132","NB","Play","Touch","Touch.1","Sonso",-1.6094379124341,0.0104351687388988,0.0341918294849023
"2421","100172","Action_42","Morph_88","NB","Position","Push","Push.1","Sonso",0.27763173659828,0.0106571936056838,0.0466252220248668
"2422","101868b","Action_42","Morph_92","NB","Position","Push","Push.5","Sonso",-1.02165124753198,0.0066607460035524,0.0466252220248668
"2423","101157","Action_42","Morph_91","NB","Moveaway","Push","Push.4","Sonso",-0.82098055206983,0.00932504440497336,0.0466252220248668
"2424","102073","Action_42","Morph_89","NB","Position","Push","Push.2","Sonso",-0.22314355131421,0.00355239786856128,0.0466252220248668
"2425","101424","Action_42","Morph_93","NB","Position","Push","Push.6","Sonso",-1.27296567581289,0.0066607460035524,0.0466252220248668
"2426","100878a","Action_15","Morph_36","NB","Play","Grabhold","GrabHold.2","Sonso",1.38629436111989,0.005550621669627,0.0204262877442274
"2427","102412","Action_38","Morph_81","NB","Climbonme","Present","Present.7","Sonso",-0.7339691750802,0.00244227353463588,0.0492895204262877
"2428","101896","Action_42","Morph_88","NB","Travel","Push","Push.1","Sonso",-0.44628710262842,0.0106571936056838,0.0466252220248668
"2429","101890","Action_64","Morph_136","NB","Play","Touchlongother","Touch.5","Sonso",0.908258560176891,0.00421847246891652,0.0175399644760213
"2430","101890","Action_64","Morph_136","NB","Play","Touchlongother","Touch.5","Sonso",-0.7339691750802,0.00421847246891652,0.0175399644760213
"2431","100878a","Action_63","Morph_132","NB","Play","Touch","Touch.1","Sonso",-0.653926467406664,0.0104351687388988,0.0341918294849023
"2432","100715","Action_45","Morph_100","NB","Climbonme","Reach","Reach.1","Sonso",-0.7339691750802,0.0408525754884547,0.0801509769094138
"2433","100170","Action_60","Morph_127","NB","Stopbehaviour","Swing","Swing.1","Sonso",0.215111379616945,0.0428507992895204,0.0475133214920071
"2434","102148","Action_45","Morph_100","NB","Moveaway","Reach","Reach.1","Sonso",-1.27296567581289,0.0408525754884547,0.0801509769094138
"2435","102146","Action_21","Morph_42","NB","Moveaway","Hittingobject","HitObject.4","Sonso",0.0769610411361284,0.00599467140319716,0.00799289520426288
"2436","100193a","Action_39","Morph_82","NB","Support","Presentgenitalsbackwards","PresentGenitals.1","Sonso",0.78845736036427,0.0295293072824156,0.033303730017762
"2437","100292a","Action_11","Morph_23","NB","Followme","Embrace","Embrace.2","Sonso",0.494696241836107,0.00199822380106572,0.005550621669627
"2438","100292a","Action_39","Morph_82","NB","Followme","Presentgenitalsbackwards","PresentGenitals.1","Sonso",0.27763173659828,0.0295293072824156,0.033303730017762
"2439","100784","Action_23","Morph_47","NB","Play","Hittingother","HitOther.3","Sonso",0.113328685307003,0.00843694493783304,0.0157637655417407
"2440","100784","Action_20","Morph_49","NB","Play","Hitother","HitOther.5","Sonso",-0.328504066972036,0.00599467140319716,0.0404085257548845
"2441","100784","Action_20","Morph_46","NB","Play","Hitother","HitOther.2","Sonso",-0.44628710262842,0.00932504440497336,0.0404085257548845
"2442","100784","Action_23","Morph_47","NB","Play","Hittingother","HitOther.3","Sonso",0,0.00843694493783304,0.0157637655417407
"2443","100784","Action_23","Morph_48","NB","Play","Hittingother","HitOther.4","Sonso",-0.174353387144778,0.00732682060390764,0.0157637655417407
"2444","100127","Action_17","Morph_40","NB","Moveaway","Hitobject","HitObject.2","Sonso",-0.7339691750802,0.0119893428063943,0.0559502664298401
"2445","101719b","Action_39","Morph_82","NB","Sexualattention","Presentgenitalsbackwards","PresentGenitals.1","Sonso",0.246860077931526,0.0295293072824156,0.033303730017762
"2446","100425","Action_20","Morph_45","NB","Moveaway","Hitother","HitOther.1","Sonso",-0.510825623765991,0.0202042628774423,0.0404085257548845
"2447","101170","Action_34","Morph_66","NK","Sexualattention","Objectshake","ObjectShake.2","Sonso",1.35583515363518,0.0237566607460036,0.108792184724689
"2448","101170","Action_34","Morph_65","NK","Sexualattention","Objectshake","ObjectShake.1","Sonso",0.806475865866949,0.0746003552397869,0.108792184724689
"2449","101170","Action_34","Morph_66","NK","Sexualattention","Objectshake","ObjectShake.2","Sonso",1.39624469197306,0.0237566607460036,0.108792184724689
"2450","101304a","Action_2","Morph_4","NK","Groom","Bigloudscratch","BigLoudScratch.2","Sonso",0.609765571620894,0.019316163410302,0.0577264653641208
"2451","101374","Action_27","Morph_54","NK","Sexualattention","Leafclip","LeafClip.1","Sonso",1.49962304642689,0.0044404973357016,0.00599467140319716
"2452","101374","Action_34","Morph_65","NK","Sexualattention","Objectshake","ObjectShake.1","Sonso",0.27763173659828,0.0746003552397869,0.108792184724689
"2453","101373","Action_27","Morph_55","NK","Sexualattention","Leafclip","LeafClip.2","Sonso",0.970778917158225,0.00133214920071048,0.00599467140319716
"2454","101374","Action_34","Morph_65","NK","Sexualattention","Objectshake","ObjectShake.1","Sonso",0.0769610411361284,0.0746003552397869,0.108792184724689
"2455","101379a","Action_27","Morph_54","NK","Sexualattention","Leafclip","LeafClip.1","Sonso",0.8754687373539,0.0044404973357016,0.00599467140319716
"2456","100946","Action_33","Morph_61","NK","Moveaway","Objectmove","ObjectMove.1","Sonso",-0.083381608939051,0.0317495559502664,0.0406305506216696
"2457","100946","Action_17","Morph_39","NK","Moveaway","Hitobject","HitObject.1","Sonso",-0.127833371509885,0.0430728241563055,0.0559502664298401
"2458","100037","Action_38","Morph_76","NK","Directattention","Present","Present.2","Sonso",0.0392207131532813,0.0135435168738899,0.0492895204262877
"2459","100178","Action_2","Morph_3","NK","Groom","Bigloudscratch","BigLoudScratch.1","Sonso",0.444685821261446,0.0215364120781528,0.0577264653641208
"2460","100039","Action_2","Morph_3","NK","Groom","Bigloudscratch","BigLoudScratch.1","Sonso",0.336472236621213,0.0215364120781528,0.0577264653641208
"2461","100038","Action_2","Morph_3","NK","Groom","Bigloudscratch","BigLoudScratch.1","Sonso",0.0392207131532813,0.0215364120781528,0.0577264653641208
"2462","100037","Action_2","Morph_5","NK","Directattention","Bigloudscratch","BigLoudScratch.3","Sonso",0.246860077931526,0.0119893428063943,0.0577264653641208
"2463","100041","Action_2","Morph_3","NK","Groom","Bigloudscratch","BigLoudScratch.1","Sonso",0.494696241836107,0.0215364120781528,0.0577264653641208
"2464","100040b","Action_2","Morph_3","NK","Groom","Bigloudscratch","BigLoudScratch.1","Sonso",0.494696241836107,0.0215364120781528,0.0577264653641208
"2465","100177b","Action_2","Morph_4","NK","Groom","Bigloudscratch","BigLoudScratch.2","Sonso",0.182321556793955,0.019316163410302,0.0577264653641208
"2466","100036","Action_2","Morph_5","NK","Groom","Bigloudscratch","BigLoudScratch.3","Sonso",0.307484699747961,0.0119893428063943,0.0577264653641208
"2467","100038","Action_2","Morph_5","NK","Groom","Bigloudscratch","BigLoudScratch.3","Sonso",-0.083381608939051,0.0119893428063943,0.0577264653641208
"2468","102433","Action_33","Morph_61","NK","Followme","Objectmove","ObjectMove.1","Sonso",-0.174353387144778,0.0317495559502664,0.0406305506216696
"2469","100342a","Action_45","Morph_100","NK","Affiliation","Reach","Reach.1","Sonso",0.0392207131532813,0.0408525754884547,0.0801509769094138
"2470","102242","Action_2","Morph_3","NK","Groom","Bigloudscratch","BigLoudScratch.1","Sonso",0.542324290825362,0.0215364120781528,0.0577264653641208
"2471","101036b","Action_11","Morph_23","NK","Affiliation","Embrace","Embrace.2","Sonso",-0.127833371509885,0.00199822380106572,0.005550621669627
"2472","102242","Action_2","Morph_3","NK","Groom","Bigloudscratch","BigLoudScratch.1","Sonso",0.858661619037519,0.0215364120781528,0.0577264653641208
"2473","100764b","Action_23","Morph_47","NK","Play","Hittingother","HitOther.3","Sonso",-0.0408219945202552,0.00843694493783304,0.0157637655417407
"2474","101153","Action_23","Morph_47","NK","Play","Hittingother","HitOther.3","Sonso",0.148420005118273,0.00843694493783304,0.0157637655417407
"2475","101375","Action_45","Morph_100","NK","Play","Reach","Reach.1","Sonso",0.693147180559945,0.0408525754884547,0.0801509769094138
"2476","101874","Action_45","Morph_101","NK","Play","Reach","Reach.2","Sonso",-0.7339691750802,0.0370781527531083,0.0801509769094138
"2477","102473a","Action_45","Morph_100","NK","Sexualattention","Reach","Reach.1","Sonso",-0.579818495252942,0.0408525754884547,0.0801509769094138
"2478","101192","Action_13","Morph_28","NK","Moveaway","Fling","Fling.2","Sonso",-1.02165124753198,0.00488454706927176,0.0117673179396092
"2479","101184","Action_20","Morph_45","NK","Moveaway","Hitother","HitOther.1","Sonso",-0.083381608939051,0.0202042628774423,0.0404085257548845
"2480","101186","Action_13","Morph_28","NK","Moveaway","Fling","Fling.2","Sonso",-0.328504066972036,0.00488454706927176,0.0117673179396092
"2481","101185","Action_13","Morph_28","NK","Moveaway","Fling","Fling.2","Sonso",-0.510825623765991,0.00488454706927176,0.0117673179396092
"2482","101186","Action_13","Morph_28","NK","Moveaway","Fling","Fling.2","Sonso",-0.328504066972036,0.00488454706927176,0.0117673179396092
"2483","100165a","Action_2","Morph_3","NK","Groom","Bigloudscratch","BigLoudScratch.1","Sonso",0.392042087776024,0.0215364120781528,0.0577264653641208
"2484","100164a","Action_45","Morph_101","NK","Moveclose","Reach","Reach.2","Sonso",-0.27443684570176,0.0370781527531083,0.0801509769094138
"2485","101798","Action_33","Morph_62","NK","Moveaway","Objectmove","ObjectMove.2","Sonso",0.65232518603969,0.00643872113676732,0.0406305506216696
"2486","100244p2","Action_34","Morph_66","NK","Moveclose","Objectshake","ObjectShake.2","Sonso",0.924258901523332,0.0237566607460036,0.108792184724689
"2487","100241","Action_34","Morph_66","NK","Sexualattention","Objectshake","ObjectShake.2","Sonso",1.17557332980424,0.0237566607460036,0.108792184724689
"2488","100241","Action_47","Morph_103","NK","Sexualattention","Rockingsit","Rocking.1","Sonso",1.46325540225602,0.00377442273534636,0.00377442273534636
"2489","100241","Action_34","Morph_65","NK","Sexualattention","Objectshake","ObjectShake.1","Sonso",0.0769610411361284,0.0746003552397869,0.108792184724689
"2490","100244p1","Action_34","Morph_66","NK","Moveclose","Objectshake","ObjectShake.2","Sonso",1.15057202759882,0.0237566607460036,0.108792184724689
"2491","100241","Action_34","Morph_66","NK","Sexualattention","Objectshake","ObjectShake.2","Sonso",0.8754687373539,0.0237566607460036,0.108792184724689
"2492","100244p1","Action_34","Morph_66","NK","Moveclose","Objectshake","ObjectShake.2","Sonso",0.940007258491471,0.0237566607460036,0.108792184724689
"2493","100244p1","Action_34","Morph_66","NK","Moveclose","Objectshake","ObjectShake.2","Sonso",0.940007258491471,0.0237566607460036,0.108792184724689
"2494","100241","Action_47","Morph_103","NK","Sexualattention","Rockingsit","Rocking.1","Sonso",0.470003629245736,0.00377442273534636,0.00377442273534636
"2495","100244p3","Action_34","Morph_66","NK","Moveclose","Objectshake","ObjectShake.2","Sonso",0.587786664902119,0.0237566607460036,0.108792184724689
"2496","100241","Action_34","Morph_65","NK","Sexualattention","Objectshake","ObjectShake.1","Sonso",0.841567185678219,0.0746003552397869,0.108792184724689
"2497","100244p3","Action_34","Morph_66","NK","Moveclose","Objectshake","ObjectShake.2","Sonso",0.56531380905006,0.0237566607460036,0.108792184724689
"2498","100244p2","Action_10","Morph_21","NK","Moveclose","Drum","Drum.1","Sonso",0.27763173659828,0.0033303730017762,0.0033303730017762
"2499","100239p1","Action_34","Morph_65","NK","Sexualattention","Objectshake","ObjectShake.1","Sonso",1.34547236659964,0.0746003552397869,0.108792184724689
"2500","100244p3","Action_34","Morph_66","NK","Moveclose","Objectshake","ObjectShake.2","Sonso",0.672944473242426,0.0237566607460036,0.108792184724689
"2501","100244p1","Action_34","Morph_65","NK","Moveclose","Objectshake","ObjectShake.1","Sonso",0.751416088683921,0.0746003552397869,0.108792184724689
"2502","100241","Action_33","Morph_61","NK","Sexualattention","Objectmove","ObjectMove.1","Sonso",0.246860077931526,0.0317495559502664,0.0406305506216696
"2503","100241","Action_34","Morph_66","NK","Sexualattention","Objectshake","ObjectShake.2","Sonso",0.712949807856125,0.0237566607460036,0.108792184724689
"2504","100241","Action_47","Morph_103","NK","Sexualattention","Rockingsit","Rocking.1","Sonso",0.494696241836107,0.00377442273534636,0.00377442273534636
"2505","100244p3","Action_33","Morph_61","NK","Moveclose","Objectmove","ObjectMove.1","Sonso",-0.127833371509885,0.0317495559502664,0.0406305506216696
"2506","100244p1","Action_34","Morph_66","NK","Moveclose","Objectshake","ObjectShake.2","Sonso",1.04380405217311,0.0237566607460036,0.108792184724689
"2507","100241","Action_34","Morph_65","NK","Sexualattention","Objectshake","ObjectShake.1","Sonso",0.307484699747961,0.0746003552397869,0.108792184724689
"2508","100244p3","Action_34","Morph_65","NK","Moveclose","Objectshake","ObjectShake.1","Sonso",0.806475865866949,0.0746003552397869,0.108792184724689
"2509","100241","Action_33","Morph_61","NK","Sexualattention","Objectmove","ObjectMove.1","Sonso",-0.0408219945202552,0.0317495559502664,0.0406305506216696
"2510","100244p1","Action_34","Morph_65","NK","Moveclose","Objectshake","ObjectShake.1","Sonso",1.35583515363518,0.0746003552397869,0.108792184724689
"2511","100241","Action_34","Morph_65","NK","Sexualattention","Objectshake","ObjectShake.1","Sonso",0.494696241836107,0.0746003552397869,0.108792184724689
"2512","100244p2","Action_34","Morph_65","NK","Moveclose","Objectshake","ObjectShake.1","Sonso",0.712949807856125,0.0746003552397869,0.108792184724689
"2513","100244p2","Action_34","Morph_66","NK","Moveclose","Objectshake","ObjectShake.2","Sonso",0.770108221696074,0.0237566607460036,0.108792184724689
"2514","100241","Action_34","Morph_65","NK","Sexualattention","Objectshake","ObjectShake.1","Sonso",-0.0408219945202552,0.0746003552397869,0.108792184724689
"2515","100244p1","Action_33","Morph_62","NK","Moveclose","Objectmove","ObjectMove.2","Sonso",0.444685821261446,0.00643872113676732,0.0406305506216696
"2516","100241","Action_47","Morph_103","NK","Sexualattention","Rockingsit","Rocking.1","Sonso",0.89199803930511,0.00377442273534636,0.00377442273534636
"2517","100241","Action_34","Morph_65","NK","Sexualattention","Objectshake","ObjectShake.1","Sonso",0.246860077931526,0.0746003552397869,0.108792184724689
"2518","100241","Action_34","Morph_66","NK","Sexualattention","Objectshake","ObjectShake.2","Sonso",-0.127833371509885,0.0237566607460036,0.108792184724689
"2519","100241","Action_34","Morph_65","NK","Sexualattention","Objectshake","ObjectShake.1","Sonso",0.672944473242426,0.0746003552397869,0.108792184724689
"2520","100239p2","Action_10","Morph_21","NK","Sexualattention","Drum","Drum.1","Sonso",0.56531380905006,0.0033303730017762,0.0033303730017762
"2521","100239p2","Action_33","Morph_61","NK","Sexualattention","Objectmove","ObjectMove.1","Sonso",-0.27443684570176,0.0317495559502664,0.0406305506216696
"2522","100244p1","Action_34","Morph_65","NK","Moveclose","Objectshake","ObjectShake.1","Sonso",0.89199803930511,0.0746003552397869,0.108792184724689
"2523","100345a","Action_45","Morph_100","NK","Sexualattention","Reach","Reach.1","Sonso",0.00498754151103897,0.0408525754884547,0.0801509769094138
"2524","100244p3","Action_24","Morph_51","NK","Moveclose","Jump","Jump.1","Sonso",0.215111379616945,0.00732682060390764,0.00732682060390764
"2525","100344","Action_34","Morph_65","NK","Followme","Objectshake","ObjectShake.1","Sonso",0.924258901523332,0.0746003552397869,0.108792184724689
"2526","100330","Action_47","Morph_103","NK","Sexualattention","Rockingsit","Rocking.1","Sonso",0.693147180559945,0.00377442273534636,0.00377442273534636
"2527","100330","Action_45","Morph_101","NK","Sexualattention","Reach","Reach.2","Sonso",-0.174353387144778,0.0370781527531083,0.0801509769094138
"2528","100337a","Action_34","Morph_65","NK","Moveclose","Objectshake","ObjectShake.1","Sonso",0.712949807856125,0.0746003552397869,0.108792184724689
"2529","100329","Action_57","Morph_115","NK","Sexualattention","Stompobject","StompObject.1","Sonso",-0.653926467406664,0.0337477797513321,0.0424067495559503
"2530","100329","Action_45","Morph_101","NK","Sexualattention","Reach","Reach.2","Sonso",-0.579818495252942,0.0370781527531083,0.0801509769094138
"2531","100988a","Action_13","Morph_27","NK","Moveaway","Fling","Fling.1","Sonso",-1.02165124753198,0.00688277087033748,0.0117673179396092
"2532","100334a","Action_47","Morph_103","NK","Affiliation","Rockingsit","Rocking.1","Sonso",0.770108221696074,0.00377442273534636,0.00377442273534636
"2533","100337a","Action_34","Morph_66","NK","Moveclose","Objectshake","ObjectShake.2","Sonso",1.47247205736094,0.0237566607460036,0.108792184724689
"2534","100334a","Action_33","Morph_61","NK","Affiliation","Objectmove","ObjectMove.1","Sonso",0.631271776841858,0.0317495559502664,0.0406305506216696
"2535","100337a","Action_64","Morph_135","NK","Moveclose","Touchlongother","Touch.4","Sonso",0.841567185678219,0.00488454706927176,0.0175399644760213
"2536","100329","Action_45","Morph_101","NK","Sexualattention","Reach","Reach.2","Sonso",-1.02165124753198,0.0370781527531083,0.0801509769094138
"2537","100334a","Action_64","Morph_135","NK","Affiliation","Touchlongother","Touch.4","Sonso",1.02961941718116,0.00488454706927176,0.0175399644760213
"2538","100337a","Action_34","Morph_66","NK","Moveclose","Objectshake","ObjectShake.2","Sonso",1.25846098961001,0.0237566607460036,0.108792184724689
"2539","100988a","Action_13","Morph_27","NK","Moveaway","Fling","Fling.1","Sonso",-0.7339691750802,0.00688277087033748,0.0117673179396092
"2540","100719a","Action_2","Morph_3","NK","Groom","Bigloudscratch","BigLoudScratch.1","Sonso",-0.127833371509885,0.0215364120781528,0.0577264653641208
"2541","101254","Action_2","Morph_6","NK","Directattention","Bigloudscratch","BigLoudScratch.4","Sonso",0.215111379616945,0.00421847246891652,0.0577264653641208
"2542","100266a","Action_42","Morph_89","NK","Sociosexualattention","Push","Push.2","Sonso",-0.127833371509885,0.00355239786856128,0.0466252220248668
"2543","100266a","Action_64","Morph_135","NK","Sociosexualattention","Touchlongother","Touch.4","Sonso",0.693147180559945,0.00488454706927176,0.0175399644760213
"2544","100658","Action_34","Morph_65","NK","Followme","Objectshake","ObjectShake.1","Sonso",0.970778917158225,0.0746003552397869,0.108792184724689
"2545","100658","Action_33","Morph_61","NK","Followme","Objectmove","ObjectMove.1","Sonso",0.542324290825362,0.0317495559502664,0.0406305506216696
"2546","100658","Action_34","Morph_65","NK","Followme","Objectshake","ObjectShake.1","Sonso",0.970778917158225,0.0746003552397869,0.108792184724689
"2547","100657","Action_33","Morph_61","NK","Followme","Objectmove","ObjectMove.1","Sonso",0.336472236621213,0.0317495559502664,0.0406305506216696
"2548","100186","Action_42","Morph_92","NK","Position","Push","Push.5","Sonso",-0.44628710262842,0.0066607460035524,0.0466252220248668
"2549","100659","Action_34","Morph_65","NK","Moveclose","Objectshake","ObjectShake.1","Sonso",1.67147330335355,0.0746003552397869,0.108792184724689
"2550","102106b","Action_11","Morph_23","NK","Affiliation","Embrace","Embrace.2","Sonso",0.364643113587909,0.00199822380106572,0.005550621669627
"2551","100660","Action_33","Morph_61","NK","Followme","Objectmove","ObjectMove.1","Sonso",0.444685821261446,0.0317495559502664,0.0406305506216696
"2552","100657","Action_34","Morph_65","NK","Followme","Objectshake","ObjectShake.1","Sonso",0.307484699747961,0.0746003552397869,0.108792184724689
"2553","100661","Action_34","Morph_65","NK","Followme","Objectshake","ObjectShake.1","Sonso",0.740507751919783,0.0746003552397869,0.108792184724689
"2554","100352b","Action_45","Morph_100","NK","Affiliation","Reach","Reach.1","Sonso",-0.22314355131421,0.0408525754884547,0.0801509769094138
"2555","100658","Action_34","Morph_65","NK","Followme","Objectshake","ObjectShake.1","Sonso",0.955511445027436,0.0746003552397869,0.108792184724689
"2556","100661","Action_34","Morph_65","NK","Followme","Objectshake","ObjectShake.1","Sonso",0.732367893713227,0.0746003552397869,0.108792184724689
"2557","100660","Action_34","Morph_65","NK","Followme","Objectshake","ObjectShake.1","Sonso",0.545806592661236,0.0746003552397869,0.108792184724689
"2558","100657","Action_34","Morph_65","NK","Followme","Objectshake","ObjectShake.1","Sonso",0.970778917158225,0.0746003552397869,0.108792184724689
"2559","100658","Action_34","Morph_65","NK","Followme","Objectshake","ObjectShake.1","Sonso",1.26976054486394,0.0746003552397869,0.108792184724689
"2560","100657","Action_49","Morph_105","NK","Followme","Rub","Rub.1","Sonso",0.113328685307003,0.0044404973357016,0.0066607460035524
"2561","100487b","Action_41","Morph_85","NK","Play","Pull","Pull.2","Sonso",-0.579818495252942,0.00643872113676732,0.0253108348134991
"2562","100484b","Action_33","Morph_61","NK","Play","Objectmove","ObjectMove.1","Sonso",0.732367893713227,0.0317495559502664,0.0406305506216696
"2563","100082b","Action_2","Morph_3","NK","Groom","Bigloudscratch","BigLoudScratch.1","Sonso",0.985816794522765,0.0215364120781528,0.0577264653641208
"2564","101187","Action_13","Morph_27","NK","Moveaway","Fling","Fling.1","Sonso",-0.82098055206983,0.00688277087033748,0.0117673179396092
"2565","101037","Action_33","Morph_61","NK","Moveaway","Objectmove","ObjectMove.1","Sonso",-1.02165124753198,0.0317495559502664,0.0406305506216696
"2566","101187","Action_17","Morph_39","NK","Moveaway","Hitobject","HitObject.1","Sonso",-0.653926467406664,0.0430728241563055,0.0559502664298401
"2567","101033","Action_47","Morph_103","NK","Moveaway","Rockingsit","Rocking.1","Sonso",0.672944473242426,0.00377442273534636,0.00377442273534636
"2568","101033","Action_34","Morph_65","NK","Moveaway","Objectshake","ObjectShake.1","Sonso",-0.653926467406664,0.0746003552397869,0.108792184724689
"2569","100123","Action_13","Morph_27","NK","Moveaway","Fling","Fling.1","Sonso",-0.653926467406664,0.00688277087033748,0.0117673179396092
"2570","100123","Action_13","Morph_27","NK","Moveaway","Fling","Fling.1","Sonso",-0.82098055206983,0.00688277087033748,0.0117673179396092
"2571","102071","Action_34","Morph_65","NK","Moveclose","Objectshake","ObjectShake.1","Sonso",0.631271776841858,0.0746003552397869,0.108792184724689
"2572","102070p1","Action_34","Morph_66","NK","Sexualattention","Objectshake","ObjectShake.2","Sonso",0.182321556793955,0.0237566607460036,0.108792184724689
"2573","102070p2","Action_34","Morph_66","NK","Sexualattention","Objectshake","ObjectShake.2","Sonso",-0.0408219945202552,0.0237566607460036,0.108792184724689
"2574","102070p1","Action_34","Morph_65","NK","Sexualattention","Objectshake","ObjectShake.1","Sonso",0,0.0746003552397869,0.108792184724689
"2575","102071","Action_34","Morph_65","NK","Moveclose","Objectshake","ObjectShake.1","Sonso",0.518793793415168,0.0746003552397869,0.108792184724689
"2576","102070p1","Action_34","Morph_66","NK","Sexualattention","Objectshake","ObjectShake.2","Sonso",1.00063188030791,0.0237566607460036,0.108792184724689
"2577","101085b","Action_11","Morph_23","NK","Sociosexualattention","Embrace","Embrace.2","Sonso",-1.27296567581289,0.00199822380106572,0.005550621669627
"2578","100144b","Action_38","Morph_78","NK","Groom","Present","Present.4","Sonso",0,0.00288632326820604,0.0492895204262877
"2579","100144b","Action_2","Morph_4","NK","Groom","Bigloudscratch","BigLoudScratch.2","Sonso",0.182321556793955,0.019316163410302,0.0577264653641208
"2580","100303b","Action_2","Morph_4","NK","Groom","Bigloudscratch","BigLoudScratch.2","Sonso",0.180653499693258,0.019316163410302,0.0577264653641208
"2581","100188","Action_2","Morph_3","NK","Groom","Bigloudscratch","BigLoudScratch.1","Sonso",0.336472236621213,0.0215364120781528,0.0577264653641208
"2582","102139","Action_2","Morph_3","NK","Directattention","Bigloudscratch","BigLoudScratch.1","Sonso",0.113328685307003,0.0215364120781528,0.0577264653641208
"2583","100303b","Action_2","Morph_5","NK","Groom","Bigloudscratch","BigLoudScratch.3","Sonso",0.257738196078709,0.0119893428063943,0.0577264653641208
"2584","100536a","Action_2","Morph_4","NK","Groom","Bigloudscratch","BigLoudScratch.2","Sonso",0.113328685307003,0.019316163410302,0.0577264653641208
"2585","102139","Action_2","Morph_3","NK","Directattention","Bigloudscratch","BigLoudScratch.1","Sonso",0.27763173659828,0.0215364120781528,0.0577264653641208
"2586","101081b","Action_34","Morph_65","NK","Stopbehaviour","Objectshake","ObjectShake.1","Sonso",1.17557332980424,0.0746003552397869,0.108792184724689
"2587","100143a","Action_2","Morph_3","NK","Groom","Bigloudscratch","BigLoudScratch.1","Sonso",0.246860077931526,0.0215364120781528,0.0577264653641208
"2588","100396a","Action_11","Morph_22","NK","Affiliation","Embrace","Embrace.1","Sonso",0.0392207131532813,0.00288632326820604,0.005550621669627
"2589","101718a","Action_45","Morph_100","NK","Moveclose","Reach","Reach.1","Sonso",-0.82098055206983,0.0408525754884547,0.0801509769094138
"2590","100274","Action_13","Morph_28","NK","Moveaway","Fling","Fling.2","Sonso",-0.579818495252942,0.00488454706927176,0.0117673179396092
"2591","101032","Action_13","Morph_27","NK","Moveaway","Fling","Fling.1","Sonso",-1.02165124753198,0.00688277087033748,0.0117673179396092
"2592","101904","Action_13","Morph_28","NK","Moveaway","Fling","Fling.2","Sonso",-1.42711635564015,0.00488454706927176,0.0117673179396092
"2593","101077","Action_34","Morph_66","NK","Moveaway","Objectshake","ObjectShake.2","Sonso",1.47247205736094,0.0237566607460036,0.108792184724689
"2594","100106","Action_34","Morph_65","NK","Followme","Objectshake","ObjectShake.1","Sonso",0.215111379616945,0.0746003552397869,0.108792184724689
"2595","101077","Action_13","Morph_27","NK","Moveaway","Fling","Fling.1","Sonso",0.215111379616945,0.00688277087033748,0.0117673179396092
"2596","101077","Action_34","Morph_65","NK","Moveaway","Objectshake","ObjectShake.1","Sonso",0.65232518603969,0.0746003552397869,0.108792184724689
"2597","100686","Action_57","Morph_115","NR","Attendme","Stompobject","StompObject.1","Sonso",-0.385662480811985,0.0337477797513321,0.0424067495559503
"2598","100686","Action_34","Morph_65","NR","Attendme","Objectshake","ObjectShake.1","Sonso",0.858661619037519,0.0746003552397869,0.108792184724689
"2599","100686","Action_34","Morph_65","NR","Attendme","Objectshake","ObjectShake.1","Sonso",0.215111379616945,0.0746003552397869,0.108792184724689
"2600","101515","Action_39","Morph_82","NR","Sexualattention","Presentgenitalsbackwards","PresentGenitals.1","Sonso",0.27763173659828,0.0295293072824156,0.033303730017762
"2601","100428a","Action_29","Morph_58","NR","Play","Locomotegallop","LocomoteGallop.1","Sonso",-0.510825623765991,0.00821492007104796,0.00821492007104796
"2602","100782a","Action_42","Morph_92","NR","Position","Push","Push.5","Sonso",-1.83258146374831,0.0066607460035524,0.0466252220248668
"2603","102098","Action_1","Morph_2","NR","Moveclose","Beckon","Beckon.2","Sonso",-0.653926467406664,0.00133214920071048,0.00155417406749556
"2604","100912a","Action_17","Morph_39","NR","Play","Hitobject","HitObject.1","Sonso",-0.328504066972036,0.0430728241563055,0.0559502664298401
"2605","100912a","Action_60","Morph_127","NR","Play","Swing","Swing.1","Sonso",0.542324290825362,0.0428507992895204,0.0475133214920071
"2606","100922","Action_17","Morph_39","NR","Play","Hitobject","HitObject.1","Sonso",0.444685821261446,0.0430728241563055,0.0559502664298401
"2607","100912a","Action_34","Morph_65","NR","Play","Objectshake","ObjectShake.1","Sonso",0.78845736036427,0.0746003552397869,0.108792184724689
"2608","100912a","Action_60","Morph_127","NR","Play","Swing","Swing.1","Sonso",0.494696241836107,0.0428507992895204,0.0475133214920071
"2609","100912a","Action_34","Morph_65","NR","Play","Objectshake","ObjectShake.1","Sonso",0.418710334858185,0.0746003552397869,0.108792184724689
"2610","100912a","Action_57","Morph_115","NR","Play","Stompobject","StompObject.1","Sonso",-0.385662480811985,0.0337477797513321,0.0424067495559503
"2611","100918","Action_64","Morph_133","NR","Stopbehaviour","Touchlongother","Touch.2","Sonso",0.955511445027436,0.00754884547069272,0.0175399644760213
"2612","102325","Action_41","Morph_85","NR","Climbonme","Pull","Pull.2","Sonso",-0.22314355131421,0.00643872113676732,0.0253108348134991
"2613","102262a","Action_45","Morph_100","NR","Play","Reach","Reach.1","Sonso",0.148420005118273,0.0408525754884547,0.0801509769094138
"2614","102303","Action_38","Morph_75","NR","Climbonme","Present","Present.1","Sonso",0.0769610411361284,0.0170959147424512,0.0492895204262877
"2615","101040","Action_33","Morph_63","NR","Play","Objectmove","ObjectMove.3","Sonso",0.806475865866949,0.0011101243339254,0.0406305506216696
"2616","101105","Action_13","Morph_27","NR","Moveaway","Fling","Fling.1","Sonso",-1.02165124753198,0.00688277087033748,0.0117673179396092
"2617","101195","Action_42","Morph_92","NR","Moveaway","Push","Push.5","Sonso",-0.82098055206983,0.0066607460035524,0.0466252220248668
"2618","101762","Action_13","Morph_27","NR","Moveaway","Fling","Fling.1","Sonso",-0.653926467406664,0.00688277087033748,0.0117673179396092
"2619","101960","Action_42","Morph_89","NR","Position","Push","Push.2","Sonso",0.307484699747961,0.00355239786856128,0.0466252220248668
"2620","101961","Action_38","Morph_75","NR","Directattention","Present","Present.1","Sonso",1.01523067972906,0.0170959147424512,0.0492895204262877
"2621","101472","Action_39","Morph_82","NR","Sexualattention","Presentgenitalsbackwards","PresentGenitals.1","Sonso",-1.83258146374831,0.0295293072824156,0.033303730017762
"2622","102406","Action_17","Morph_40","NR","Moveaway","Hitobject","HitObject.2","Sonso",-0.44628710262842,0.0119893428063943,0.0559502664298401
"2623","102406","Action_20","Morph_46","NR","Moveaway","Hitother","HitOther.2","Sonso",-0.82098055206983,0.00932504440497336,0.0404085257548845
"2624","100896","Action_13","Morph_27","NR","Moveaway","Fling","Fling.1","Sonso",-0.7339691750802,0.00688277087033748,0.0117673179396092
"2625","100984","Action_34","Morph_66","NR","Giveme","Objectshake","ObjectShake.2","Sonso",0.392042087776024,0.0237566607460036,0.108792184724689
"2626","100896","Action_13","Morph_27","NR","Moveaway","Fling","Fling.1","Sonso",-0.7339691750802,0.00688277087033748,0.0117673179396092
"2627","101258","Action_38","Morph_75","NR","Directattention","Present","Present.1","Sonso",0.470003629245736,0.0170959147424512,0.0492895204262877
"2628","101448","Action_2","Morph_4","NR","Groom","Bigloudscratch","BigLoudScratch.2","Sonso",0.364643113587909,0.019316163410302,0.0577264653641208
"2629","100749","Action_2","Morph_5","NR","Directattention","Bigloudscratch","BigLoudScratch.3","Sonso",0.307484699747961,0.0119893428063943,0.0577264653641208
"2630","101262","Action_2","Morph_3","NR","Groom","Bigloudscratch","BigLoudScratch.1","Sonso",0.392042087776024,0.0215364120781528,0.0577264653641208
"2631","102381","Action_2","Morph_4","NR","Groom","Bigloudscratch","BigLoudScratch.2","Sonso",0.470003629245736,0.019316163410302,0.0577264653641208
"2632","100932","Action_64","Morph_134","NR","Play","Touchlongother","Touch.3","Sonso",0.858661619037519,0.00488454706927176,0.0175399644760213
"2633","102381","Action_38","Morph_76","NR","Groom","Present","Present.2","Sonso",0.336472236621213,0.0135435168738899,0.0492895204262877
"2634","100744","Action_2","Morph_3","NR","Groom","Bigloudscratch","BigLoudScratch.1","Sonso",0.65232518603969,0.0215364120781528,0.0577264653641208
"2635","101256","Action_2","Morph_4","NR","Groom","Bigloudscratch","BigLoudScratch.2","Sonso",-0.12897038129696,0.019316163410302,0.0577264653641208
"2636","102383","Action_38","Morph_76","NR","Directattention","Present","Present.2","Sonso",-0.44628710262842,0.0135435168738899,0.0492895204262877
"2637","101257","Action_2","Morph_5","NR","Groom","Bigloudscratch","BigLoudScratch.3","Sonso",0.609765571620894,0.0119893428063943,0.0577264653641208
"2638","100932","Action_63","Morph_134","NR","Play","Touch","Touch.3","Sonso",0.518793793415168,0.00488454706927176,0.0341918294849023
"2639","102383","Action_2","Morph_4","NR","Directattention","Bigloudscratch","BigLoudScratch.2","Sonso",0.392042087776024,0.019316163410302,0.0577264653641208
"2640","100749","Action_2","Morph_4","NR","Directattention","Bigloudscratch","BigLoudScratch.2","Sonso",0.0392207131532813,0.019316163410302,0.0577264653641208
"2641","101475","Action_39","Morph_82","NR","Sexualattention","Presentgenitalsbackwards","PresentGenitals.1","Sonso",0.182321556793955,0.0295293072824156,0.033303730017762
"2642","101133","Action_64","Morph_132","NR","Play","Touchlongother","Touch.1","Sonso",1.09861228866811,0.0104351687388988,0.0175399644760213
"2643","101427","Action_63","Morph_133","NR","Play","Touch","Touch.2","Sonso",1.05779029414785,0.00754884547069272,0.0341918294849023
"2644","100929","Action_64","Morph_133","NR","Play","Touchlongother","Touch.2","Sonso",1.09861228866811,0.00754884547069272,0.0175399644760213
"2645","100931","Action_64","Morph_133","NR","Play","Touchlongother","Touch.2","Sonso",0.970778917158225,0.00754884547069272,0.0175399644760213
"2646","100767","Action_15","Morph_36","NR","Play","Grabhold","GrabHold.2","Sonso",0.985816794522765,0.005550621669627,0.0204262877442274
"2647","100927","Action_64","Morph_139","NR","Play","Touchlongother","Touch.8","Sonso",0.955511445027436,0.00577264653641208,0.0175399644760213
"2648","100929","Action_3","Morph_16","NR","Play","Bite","Bite.8","Sonso",-0.653926467406664,0.00288632326820604,0.0168738898756661
"2649","100925","Action_48","Morph_104","NR","Play","Rollover","RollOver.1","Sonso",0.751416088683921,0.00621669626998224,0.00621669626998224
"2650","102373","Action_33","Morph_62","NR","Play","Objectmove","ObjectMove.2","Sonso",0.418710334858185,0.00643872113676732,0.0406305506216696
"2651","100948a","Action_63","Morph_137","NR","Play","Touch","Touch.6","Sonso",-0.083381608939051,0.00488454706927176,0.0341918294849023
"2652","100741","Action_23","Morph_47","NR","Play","Hittingother","HitOther.3","Sonso",-0.916290731874155,0.00843694493783304,0.0157637655417407
"2653","100925","Action_14","Morph_30","NR","Play","Grab","Grab.2","Sonso",-0.916290731874155,0.00799289520426288,0.0353019538188277
"2654","100911b","Action_57","Morph_115","NR","Play","Stompobject","StompObject.1","Sonso",-0.82098055206983,0.0337477797513321,0.0424067495559503
"2655","100929","Action_41","Morph_85","NR","Play","Pull","Pull.2","Sonso",0.246860077931526,0.00643872113676732,0.0253108348134991
"2656","100931","Action_63","Morph_133","NR","Play","Touch","Touch.2","Sonso",-1.13943428318836,0.00754884547069272,0.0341918294849023
"2657","100742b","Action_53","Morph_113","NR","Playcontinue","Spinsomersault","SpinSomersault.1","Sonso",2.21046980408624,0.00799289520426288,0.00799289520426288
"2658","101133","Action_64","Morph_132","NR","Play","Touchlongother","Touch.1","Sonso",1.01523067972906,0.0104351687388988,0.0175399644760213
"2659","100925","Action_43","Morph_96","NR","Play","Raise","Raise.1","Sonso",-0.385662480811985,0.00865896980461812,0.0113232682060391
"2660","100925","Action_64","Morph_133","NR","Play","Touchlongother","Touch.2","Sonso",0.908258560176891,0.00754884547069272,0.0175399644760213
"2661","100931","Action_64","Morph_133","NR","Play","Touchlongother","Touch.2","Sonso",0.908258560176891,0.00754884547069272,0.0175399644760213
"2662","100930","Action_41","Morph_85","NR","Play","Pull","Pull.2","Sonso",-1.13943428318836,0.00643872113676732,0.0253108348134991
"2663","100741","Action_23","Morph_47","NR","Play","Hittingother","HitOther.3","Sonso",0.806475865866949,0.00843694493783304,0.0157637655417407
"2664","101889","Action_16","Morph_38","NR","Play","Headstand","HeadStand.1","Sonso",0.56531380905006,0.0066607460035524,0.0066607460035524
"2665","102373","Action_48","Morph_104","NR","Play","Rollover","RollOver.1","Sonso",0.307484699747961,0.00621669626998224,0.00621669626998224
"2666","100931","Action_63","Morph_133","NR","Play","Touch","Touch.2","Sonso",0,0.00754884547069272,0.0341918294849023
"2667","100741","Action_23","Morph_47","NR","Play","Hittingother","HitOther.3","Sonso",-0.22314355131421,0.00843694493783304,0.0157637655417407
"2668","100948a","Action_63","Morph_137","NR","Play","Touch","Touch.6","Sonso",-1.42711635564015,0.00488454706927176,0.0341918294849023
"2669","100741","Action_41","Morph_85","NR","Play","Pull","Pull.2","Sonso",0.693147180559945,0.00643872113676732,0.0253108348134991
"2670","100925","Action_15","Morph_36","NR","Play","Grabhold","GrabHold.2","Sonso",0.693147180559945,0.005550621669627,0.0204262877442274
"2671","100931","Action_64","Morph_133","NR","Play","Touchlongother","Touch.2","Sonso",0.824175442966349,0.00754884547069272,0.0175399644760213
"2672","100741","Action_14","Morph_30","NR","Play","Grab","Grab.2","Sonso",0.56531380905006,0.00799289520426288,0.0353019538188277
"2673","101133","Action_64","Morph_134","NR","Play","Touchlongother","Touch.3","Sonso",0.89199803930511,0.00488454706927176,0.0175399644760213
"2674","101133","Action_63","Morph_136","NR","Play","Touch","Touch.5","Sonso",1.04380405217311,0.00421847246891652,0.0341918294849023
"2675","100743","Action_15","Morph_37","NR","Play","Grabhold","GrabHold.3","Sonso",1.30291275218084,0.00532859680284192,0.0204262877442274
"2676","100947","Action_14","Morph_30","NR","Play","Grab","Grab.2","Sonso",-0.653926467406664,0.00799289520426288,0.0353019538188277
"2677","100925","Action_15","Morph_36","NR","Play","Grabhold","GrabHold.2","Sonso",0.924258901523332,0.005550621669627,0.0204262877442274
"2678","100768","Action_52","Morph_112","NR","Stopbehaviour","Spinroulade","SpinRoulade.1","Sonso",1.12492959698548,0.00488454706927176,0.00488454706927176
"2679","101141","Action_33","Morph_61","NR","Play","Objectmove","ObjectMove.1","Sonso",-1.02165124753198,0.0317495559502664,0.0406305506216696
"2680","101141","Action_43","Morph_96","NR","Play","Raise","Raise.1","Sonso",-0.579818495252942,0.00865896980461812,0.0113232682060391
"2681","102351","Action_51","Morph_111","NR","Stopbehaviour","Spinpirouette","SpinPirouette.1","Sonso",0.148420005118273,0.00133214920071048,0.00133214920071048
"2682","101142","Action_45","Morph_100","NR","Play","Reach","Reach.1","Sonso",-0.174353387144778,0.0408525754884547,0.0801509769094138
"2683","101141","Action_17","Morph_39","NR","Play","Hitobject","HitObject.1","Sonso",-0.510825623765991,0.0430728241563055,0.0559502664298401
"2684","100881","Action_60","Morph_127","NR","Stopbehaviour","Swing","Swing.1","Sonso",0.0769610411361284,0.0428507992895204,0.0475133214920071
"2685","102351","Action_34","Morph_65","NR","Stopbehaviour","Objectshake","ObjectShake.1","Sonso",0.770108221696074,0.0746003552397869,0.108792184724689
"2686","101141","Action_34","Morph_65","NR","Play","Objectshake","ObjectShake.1","Sonso",0.364643113587909,0.0746003552397869,0.108792184724689
"2687","101142","Action_45","Morph_100","NR","Play","Reach","Reach.1","Sonso",-0.82098055206983,0.0408525754884547,0.0801509769094138
"2688","100492","Action_50","Morph_108","NR","Play","Shake","Shake.2","Sonso",0.182321556793955,0.00466252220248668,0.0122113676731794
"2689","100492","Action_34","Morph_65","NR","Play","Objectshake","ObjectShake.1","Sonso",0.587786664902119,0.0746003552397869,0.108792184724689
"2690","100492","Action_34","Morph_65","NR","Play","Objectshake","ObjectShake.1","Sonso",0.444685821261446,0.0746003552397869,0.108792184724689
"2691","102439","Action_20","Morph_50","NR","Stopbehaviour","Hitother","HitOther.6","Sonso",-0.82098055206983,0.00488454706927176,0.0404085257548845
"2692","101273a","Action_34","Morph_65","NR","Play","Objectshake","ObjectShake.1","Sonso",0,0.0746003552397869,0.108792184724689
"2693","101273a","Action_24","Morph_51","NR","Play","Jump","Jump.1","Sonso",-0.653926467406664,0.00732682060390764,0.00732682060390764
"2694","101273a","Action_24","Morph_51","NR","Play","Jump","Jump.1","Sonso",-0.174353387144778,0.00732682060390764,0.00732682060390764
"2695","101273a","Action_33","Morph_62","NR","Play","Objectmove","ObjectMove.2","Sonso",-0.22314355131421,0.00643872113676732,0.0406305506216696
"2696","101273a","Action_34","Morph_65","NR","Play","Objectshake","ObjectShake.1","Sonso",0.770108221696074,0.0746003552397869,0.108792184724689
"2697","100387b","Action_51","Morph_111","NR","Stopbehaviour","Spinpirouette","SpinPirouette.1","Sonso",1.01523067972906,0.00133214920071048,0.00133214920071048
"2698","101760","Action_38","Morph_77","NR","Directattention","Present","Present.3","Sonso",1.17557332980424,0.00466252220248668,0.0492895204262877
"2699","101759a","Action_38","Morph_76","NR","Directattention","Present","Present.2","Sonso",-0.174353387144778,0.0135435168738899,0.0492895204262877
"2700","101777","Action_39","Morph_82","NR","Sexualattention","Presentgenitalsbackwards","PresentGenitals.1","Sonso",0.246860077931526,0.0295293072824156,0.033303730017762
"2701","101758b","Action_38","Morph_76","NR","Directattention","Present","Present.2","Sonso",-0.44628710262842,0.0135435168738899,0.0492895204262877
"2702","101827","Action_13","Morph_28","NR","Moveaway","Fling","Fling.2","Sonso",-0.44628710262842,0.00488454706927176,0.0117673179396092
"2703","101826","Action_20","Morph_46","NR","Moveaway","Hitother","HitOther.2","Sonso",-0.7339691750802,0.00932504440497336,0.0404085257548845
"2704","100554","Action_17","Morph_39","NR","Play","Hitobject","HitObject.1","Sonso",-0.27443684570176,0.0430728241563055,0.0559502664298401
"2705","100436a","Action_50","Morph_107","NR","Play","Shake","Shake.1","Sonso",-0.328504066972036,0.00355239786856128,0.0122113676731794
"2706","100436a","Action_60","Morph_127","NR","Play","Swing","Swing.1","Sonso",-0.22314355131421,0.0428507992895204,0.0475133214920071
"2707","101174","Action_55","Morph_116","NT","Play","Stompingobject","StompObject.2","Sonso",-0.627359440021942,0.0148756660746004,0.0230905861456483
"2708","100944","Action_17","Morph_41","NT","Play","Hitobject","HitObject.3","Sonso",-0.50916034444693,0.00510657193605684,0.0559502664298401
"2709","100271b","Action_39","Morph_82","NT","Sexualattention","Presentgenitalsbackwards","PresentGenitals.1","Sonso",0.336472236621213,0.0295293072824156,0.033303730017762
"2710","101178","Action_8","Morph_19","NT","Play","Dangle","Dangle.1","Sonso",-0.0335567835288428,0.0484014209591474,0.0484014209591474
"2711","101178","Action_60","Morph_127","NT","Play","Swing","Swing.1","Sonso",-0.0335567835288428,0.0428507992895204,0.0475133214920071
"2712","101174","Action_55","Morph_117","NT","Play","Stompingobject","StompObject.3","Sonso",0.237440856015034,0.00688277087033748,0.0230905861456483
"2713","101178","Action_60","Morph_127","NT","Play","Swing","Swing.1","Sonso",0.531804030151182,0.0428507992895204,0.0475133214920071
"2714","101174","Action_9","Morph_20","NT","Play","Dangleshake","DangleShake.1","Sonso",0.450438473750896,0.00710479573712256,0.00710479573712256
"2715","102494","Action_18","Morph_39","NT","Moveclose","Hitobjectobject","HitObject.1","Sonso",-0.127833371509885,0.0430728241563055,0.00466252220248668
"2716","102495","Action_1","Morph_2","NT","Position","Beckon","Beckon.2","Sonso",-0.22314355131421,0.00133214920071048,0.00155417406749556
"2717","102141","Action_63","Morph_134","NT","Staysame","Touch","Touch.3","Sonso",-0.653926467406664,0.00488454706927176,0.0341918294849023
"2718","102141","Action_38","Morph_79","NT","Staysame","Present","Present.5","Sonso",0.182321556793955,0.00688277087033748,0.0492895204262877
"2719","102095","Action_50","Morph_108","NT","Playcontinue","Shake","Shake.2","Sonso",0.27763173659828,0.00466252220248668,0.0122113676731794
"2720","101857b","Action_15","Morph_35","NT","Playcontinue","Grabhold","GrabHold.1","Sonso",0.8754687373539,0.00932504440497336,0.0204262877442274
"2721","102096","Action_60","Morph_127","NT","Playcontinue","Swing","Swing.1","Sonso",0.444685821261446,0.0428507992895204,0.0475133214920071
"2722","102095","Action_60","Morph_127","NT","Playcontinue","Swing","Swing.1","Sonso",0.0769610411361284,0.0428507992895204,0.0475133214920071
"2723","100921","Action_60","Morph_127","NT","Play","Swing","Swing.1","Sonso",-0.328504066972036,0.0428507992895204,0.0475133214920071
"2724","100374","Action_60","Morph_127","NT","Playcontinue","Swing","Swing.1","Sonso",-0.174353387144778,0.0428507992895204,0.0475133214920071
"2725","101457","Action_45","Morph_100","NT","Play","Reach","Reach.1","Sonso",-0.579818495252942,0.0408525754884547,0.0801509769094138
"2726","101532","Action_15","Morph_35","NT","Play","Grabhold","GrabHold.1","Sonso",0.940007258491471,0.00932504440497336,0.0204262877442274
"2727","101525","Action_60","Morph_127","NT","Play","Swing","Swing.1","Sonso",-0.0408219945202552,0.0428507992895204,0.0475133214920071
"2728","101459","Action_41","Morph_85","NT","Play","Pull","Pull.2","Sonso",0.336472236621213,0.00643872113676732,0.0253108348134991
"2729","101532","Action_63","Morph_135","NT","Play","Touch","Touch.4","Sonso",-1.02165124753198,0.00488454706927176,0.0341918294849023
"2730","101532","Action_15","Morph_35","NT","Play","Grabhold","GrabHold.1","Sonso",0.908258560176891,0.00932504440497336,0.0204262877442274
"2731","101532","Action_45","Morph_100","NT","Play","Reach","Reach.1","Sonso",-0.82098055206983,0.0408525754884547,0.0801509769094138
"2732","101525","Action_60","Morph_127","NT","Play","Swing","Swing.1","Sonso",0.246860077931526,0.0428507992895204,0.0475133214920071
"2733","100723","Action_41","Morph_84","NT","Playcontinue","Pull","Pull.1","Sonso",0.418710334858185,0.00821492007104796,0.0253108348134991
"2734","100723","Action_16","Morph_38","NT","Playcontinue","Headstand","HeadStand.1","Sonso",0.693147180559945,0.0066607460035524,0.0066607460035524
"2735","100355a","Action_45","Morph_100","NT","Play","Reach","Reach.1","Sonso",-0.0408219945202552,0.0408525754884547,0.0801509769094138
"2736","101640a","Action_8","Morph_19","NT","Play","Dangle","Dangle.1","Sonso",0.0769610411361284,0.0484014209591474,0.0484014209591474
"2737","101648","Action_8","Morph_19","NT","Play","Dangle","Dangle.1","Sonso",-0.916290731874155,0.0484014209591474,0.0484014209591474
"2738","101640a","Action_57","Morph_118","NT","Play","Stompobject","StompObject.4","Sonso",-0.510825623765991,0.005550621669627,0.0424067495559503
"2739","101640a","Action_60","Morph_127","NT","Play","Swing","Swing.1","Sonso",0.0769610411361284,0.0428507992895204,0.0475133214920071
"2740","100356","Action_60","Morph_127","NT","Playcontinue","Swing","Swing.1","Sonso",0.215111379616945,0.0428507992895204,0.0475133214920071
"2741","101640a","Action_17","Morph_39","NT","Play","Hitobject","HitObject.1","Sonso",-0.916290731874155,0.0430728241563055,0.0559502664298401
"2742","100355a","Action_42","Morph_91","NT","Play","Push","Push.4","Sonso",-0.328504066972036,0.00932504440497336,0.0466252220248668
"2743","100794","Action_45","Morph_101","NT","Moveclose","Reach","Reach.2","Sonso",-0.22314355131421,0.0370781527531083,0.0801509769094138
"2744","101640a","Action_17","Morph_41","NT","Play","Hitobject","HitObject.3","Sonso",-0.82098055206983,0.00510657193605684,0.0559502664298401
"2745","101583a","Action_52","Morph_112","NT","Play","Spinroulade","SpinRoulade.1","Sonso",1.21194097397511,0.00488454706927176,0.00488454706927176
"2746","101552","Action_14","Morph_32","NT","Play","Grab","Grab.4","Sonso",-0.579818495252942,0.00754884547069272,0.0353019538188277
"2747","100794","Action_42","Morph_88","NT","Moveclose","Push","Push.1","Sonso",0.0769610411361284,0.0106571936056838,0.0466252220248668
"2748","101583a","Action_16","Morph_38","NT","Play","Headstand","HeadStand.1","Sonso",0.246860077931526,0.0066607460035524,0.0066607460035524
"2749","100727","Action_42","Morph_95","NT","Moveclose","Push","Push.8","Sonso",-0.0408219945202552,0.00133214920071048,0.0466252220248668
"2750","101640a","Action_63","Morph_137","NT","Play","Touch","Touch.6","Sonso",-0.44628710262842,0.00488454706927176,0.0341918294849023
"2751","100355a","Action_8","Morph_19","NT","Play","Dangle","Dangle.1","Sonso",0.518793793415168,0.0484014209591474,0.0484014209591474
"2752","101639","Action_50","Morph_108","NT","Playcontinue","Shake","Shake.2","Sonso",-0.0408219945202552,0.00466252220248668,0.0122113676731794
"2753","101640a","Action_26","Morph_53","NT","Play","Knockobject","KnockObject.1","Sonso",-0.7339691750802,0.00133214920071048,0.0011101243339254
"2754","100725","Action_41","Morph_85","NT","Playcontinue","Pull","Pull.2","Sonso",-0.127833371509885,0.00643872113676732,0.0253108348134991
"2755","101552","Action_14","Morph_33","NT","Play","Grab","Grab.5","Sonso",-0.7339691750802,0.0033303730017762,0.0353019538188277
"2756","101737a","Action_15","Morph_36","NT","Play","Grabhold","GrabHold.2","Sonso",1.08518926833597,0.005550621669627,0.0204262877442274
"2757","100794","Action_63","Morph_134","NT","Moveclose","Touch","Touch.3","Sonso",-1.13943428318836,0.00488454706927176,0.0341918294849023
"2758","101583a","Action_14","Morph_32","NT","Play","Grab","Grab.4","Sonso",-0.328504066972036,0.00754884547069272,0.0353019538188277
"2759","101640a","Action_17","Morph_39","NT","Play","Hitobject","HitObject.1","Sonso",-1.13943428318836,0.0430728241563055,0.0559502664298401
"2760","100722","Action_11","Morph_22","NT","Affiliation","Embrace","Embrace.1","Sonso",0.693147180559945,0.00288632326820604,0.005550621669627
"2761","101552","Action_63","Morph_132","NT","Play","Touch","Touch.1","Sonso",0.631271776841858,0.0104351687388988,0.0341918294849023
"2762","101640a","Action_57","Morph_118","NT","Play","Stompobject","StompObject.4","Sonso",-0.7339691750802,0.005550621669627,0.0424067495559503
"2763","100725","Action_41","Morph_87","NT","Playcontinue","Pull","Pull.4","Sonso",0.336472236621213,0.00532859680284192,0.0253108348134991
"2764","100427a","Action_56","Morph_123","NT","Play","Stompingother","StompOther.2","Sonso",0.672944473242426,0.00244227353463588,0.00266429840142096
"2765","100427a","Action_8","Morph_19","NT","Play","Dangle","Dangle.1","Sonso",0.542324290825362,0.0484014209591474,0.0484014209591474
"2766","100680","Action_32","Morph_60","NT","Playcontinue","Objectmouth","ObjectMouth.1","Sonso",0.841567185678219,0.00466252220248668,0.00466252220248668
"2767","101176","Action_17","Morph_39","NT","Sociosexualattention","Hitobject","HitObject.1","Sonso",-0.567395975254385,0.0430728241563055,0.0559502664298401
"2768","100495","Action_8","Morph_19","NT","Play","Dangle","Dangle.1","Sonso",-0.916290731874155,0.0484014209591474,0.0484014209591474
"2769","101994","Action_20","Morph_50","NT","Playcontinue","Hitother","HitOther.6","Sonso",0.113328685307003,0.00488454706927176,0.0404085257548845
"2770","102008","Action_17","Morph_39","NT","Play","Hitobject","HitObject.1","Sonso",-0.083381608939051,0.0430728241563055,0.0559502664298401
"2771","101992a","Action_17","Morph_39","NT","Play","Hitobject","HitObject.1","Sonso",0,0.0430728241563055,0.0559502664298401
"2772","100427a","Action_58","Morph_122","NT","Play","Stompother","StompOther.1","Sonso",-0.82098055206983,0.00244227353463588,0.00377442273534636
"2773","101993a","Action_64","Morph_139","NT","Play","Touchlongother","Touch.8","Sonso",1.01523067972906,0.00577264653641208,0.0175399644760213
"2774","100494","Action_53","Morph_113","NT","Play","Spinsomersault","SpinSomersault.1","Sonso",1.41585316336144,0.00799289520426288,0.00799289520426288
"2775","101451b","Action_45","Morph_100","NT","Play","Reach","Reach.1","Sonso",-0.27443684570176,0.0408525754884547,0.0801509769094138
"2776","100745","Action_60","Morph_127","NT","Stopbehaviour","Swing","Swing.1","Sonso",0.0392207131532813,0.0428507992895204,0.0475133214920071
"2777","102008","Action_34","Morph_65","NT","Play","Objectshake","ObjectShake.1","Sonso",0.672944473242426,0.0746003552397869,0.108792184724689
"2778","100680","Action_14","Morph_30","NT","Playcontinue","Grab","Grab.2","Sonso",-0.385662480811985,0.00799289520426288,0.0353019538188277
"2779","101992a","Action_20","Morph_45","NT","Play","Hitother","HitOther.1","Sonso",-0.653926467406664,0.0202042628774423,0.0404085257548845
"2780","102008","Action_8","Morph_19","NT","Play","Dangle","Dangle.1","Sonso",-0.127833371509885,0.0484014209591474,0.0484014209591474
"2781","101993a","Action_60","Morph_127","NT","Play","Swing","Swing.1","Sonso",0.392042087776024,0.0428507992895204,0.0475133214920071
"2782","101993a","Action_15","Morph_35","NT","Play","Grabhold","GrabHold.1","Sonso",0.8754687373539,0.00932504440497336,0.0204262877442274
"2783","101533","Action_33","Morph_61","NT","Play","Objectmove","ObjectMove.1","Sonso",0.444685821261446,0.0317495559502664,0.0406305506216696
"2784","101993a","Action_56","Morph_123","NT","Play","Stompingother","StompOther.2","Sonso",0.494696241836107,0.00244227353463588,0.00266429840142096
"2785","101993a","Action_58","Morph_122","NT","Play","Stompother","StompOther.1","Sonso",0.0392207131532813,0.00244227353463588,0.00377442273534636
"2786","102007","Action_34","Morph_65","NT","Moveaway","Objectshake","ObjectShake.1","Sonso",1.11185751541813,0.0746003552397869,0.108792184724689
"2787","100687a","Action_60","Morph_127","NT","Play","Swing","Swing.1","Sonso",0.246860077931526,0.0428507992895204,0.0475133214920071
"2788","100426a","Action_8","Morph_19","NT","Play","Dangle","Dangle.1","Sonso",0.246860077931526,0.0484014209591474,0.0484014209591474
"2789","100687a","Action_60","Morph_127","NT","Play","Swing","Swing.1","Sonso",0.246860077931526,0.0428507992895204,0.0475133214920071
"2790","100769b","Action_29","Morph_58","NT","Play","Locomotegallop","LocomoteGallop.1","Sonso",-0.174353387144778,0.00821492007104796,0.00821492007104796
"2791","100808","Action_8","Morph_19","NT","Play","Dangle","Dangle.1","Sonso",-0.385662480811985,0.0484014209591474,0.0484014209591474
"2792","100808","Action_60","Morph_127","NT","Play","Swing","Swing.1","Sonso",0.0392207131532813,0.0428507992895204,0.0475133214920071
"2793","100854","Action_34","Morph_65","NT","Playcontinue","Objectshake","ObjectShake.1","Sonso",0.672944473242426,0.0746003552397869,0.108792184724689
"2794","101268b","Action_20","Morph_45","NT","Playcontinue","Hitother","HitOther.1","Sonso",-0.82098055206983,0.0202042628774423,0.0404085257548845
"2795","101801","Action_17","Morph_39","NT","Play","Hitobject","HitObject.1","Sonso",-0.328504066972036,0.0430728241563055,0.0559502664298401
"2796","101268b","Action_57","Morph_115","NT","Playcontinue","Stompobject","StompObject.1","Sonso",-0.653926467406664,0.0337477797513321,0.0424067495559503
"2797","101801","Action_8","Morph_19","NT","Play","Dangle","Dangle.1","Sonso",-0.127833371509885,0.0484014209591474,0.0484014209591474
"2798","101572","Action_15","Morph_36","NT","Playcontinue","Grabhold","GrabHold.2","Sonso",1.05779029414785,0.005550621669627,0.0204262877442274
"2799","101573","Action_14","Morph_33","NT","Playcontinue","Grab","Grab.5","Sonso",-0.385662480811985,0.0033303730017762,0.0353019538188277
"2800","100257","Action_27","Morph_54","NT","Playcontinue","Leafclip","LeafClip.1","Sonso",1.1999647829284,0.0044404973357016,0.00599467140319716
"2801","100256","Action_27","Morph_54","NT","Playcontinue","Leafclip","LeafClip.1","Sonso",1.73695123273306,0.0044404973357016,0.00599467140319716
"2802","101004","Action_60","Morph_127","NT","Giveme","Swing","Swing.1","Sonso",0.0392207131532813,0.0428507992895204,0.0475133214920071
"2803","101004","Action_33","Morph_61","NT","Giveme","Objectmove","ObjectMove.1","Sonso",-0.579818495252942,0.0317495559502664,0.0406305506216696
"2804","101004","Action_33","Morph_61","NT","Giveme","Objectmove","ObjectMove.1","Sonso",-0.510825623765991,0.0317495559502664,0.0406305506216696
"2805","101004","Action_60","Morph_128","NT","Giveme","Swing","Swing.2","Sonso",-0.27443684570176,0.00310834813499112,0.0475133214920071
"2806","101004","Action_33","Morph_61","NT","Giveme","Objectmove","ObjectMove.1","Sonso",-0.579818495252942,0.0317495559502664,0.0406305506216696
"2807","101004","Action_34","Morph_65","NT","Giveme","Objectshake","ObjectShake.1","Sonso",-0.27443684570176,0.0746003552397869,0.108792184724689
"2808","101004","Action_60","Morph_127","NT","Giveme","Swing","Swing.1","Sonso",0.0769610411361284,0.0428507992895204,0.0475133214920071
"2809","101004","Action_34","Morph_65","NT","Giveme","Objectshake","ObjectShake.1","Sonso",-0.27443684570176,0.0746003552397869,0.108792184724689
"2810","100562a","Action_63","Morph_133","NT","Climbonyou","Touch","Touch.2","Sonso",-0.579818495252942,0.00754884547069272,0.0341918294849023
"2811","101137","Action_43","Morph_96","NT","Climbonyou","Raise","Raise.1","Sonso",-0.510825623765991,0.00865896980461812,0.0113232682060391
"2812","102352","Action_59","Morph_125","NT","Giveme","Stroke","Stroke.2","Sonso",-0.328504066972036,0.00155417406749556,0.00377442273534636
"2813","102366","Action_63","Morph_138","NT","Giveme","Touch","Touch.7","Sonso",0,0.0044404973357016,0.0341918294849023
"2814","102353","Action_42","Morph_93","NT","Position","Push","Push.6","Sonso",-1.27296567581289,0.0066607460035524,0.0466252220248668
"2815","102352","Action_59","Morph_125","NT","Giveme","Stroke","Stroke.2","Sonso",-0.328504066972036,0.00155417406749556,0.00377442273534636
"2816","102443","Action_45","Morph_100","NT","Directattention","Reach","Reach.1","Sonso",-0.916290731874155,0.0408525754884547,0.0801509769094138
"2817","102352","Action_59","Morph_125","NT","Giveme","Stroke","Stroke.2","Sonso",0.182321556793955,0.00155417406749556,0.00377442273534636
"2818","100765","Action_42","Morph_94","NT","Travel","Push","Push.7","Sonso",-0.339677367570161,0.00288632326820604,0.0466252220248668
"2819","100765","Action_42","Morph_94","NT","Travel","Push","Push.7","Sonso",-0.84863208340034,0.00288632326820604,0.0466252220248668
"2820","100955","Action_3","Morph_11","NT","Playcontinue","Bite","Bite.3","Sonso",0.215111379616945,0.00310834813499112,0.0168738898756661
"2821","101131","Action_48","Morph_104","NT","Play","Rollover","RollOver.1","Sonso",0.587786664902119,0.00621669626998224,0.00621669626998224
"2822","101131","Action_63","Morph_137","NT","Play","Touch","Touch.6","Sonso",0,0.00488454706927176,0.0341918294849023
"2823","100535","Action_63","Morph_139","NT","Attendme","Touch","Touch.8","Sonso",0.182321556793955,0.00577264653641208,0.0341918294849023
"2824","100006","Action_42","Morph_93","NT","Position","Push","Push.6","Sonso",-0.579818495252942,0.0066607460035524,0.0466252220248668
"2825","102366","Action_45","Morph_101","NT","Giveme","Reach","Reach.2","Sonso",-1.83258146374831,0.0370781527531083,0.0801509769094138
"2826","102352","Action_17","Morph_39","NT","Giveme","Hitobject","HitObject.1","Sonso",-0.22314355131421,0.0430728241563055,0.0559502664298401
"2827","100955","Action_34","Morph_65","NT","Playcontinue","Objectshake","ObjectShake.1","Sonso",0.182321556793955,0.0746003552397869,0.108792184724689
"2828","102363","Action_45","Morph_101","NT","Giveme","Reach","Reach.2","Sonso",0.0769610411361284,0.0370781527531083,0.0801509769094138
"2829","102366","Action_45","Morph_101","NT","Giveme","Reach","Reach.2","Sonso",1.07158361628019,0.0370781527531083,0.0801509769094138
"2830","100765","Action_42","Morph_94","NT","Travel","Push","Push.7","Sonso",-0.623621117911335,0.00288632326820604,0.0466252220248668
"2831","102352","Action_60","Morph_127","NT","Giveme","Swing","Swing.1","Sonso",0,0.0428507992895204,0.0475133214920071
"2832","100765","Action_42","Morph_94","NT","Travel","Push","Push.7","Sonso",-0.95711272639441,0.00288632326820604,0.0466252220248668
"2833","102352","Action_20","Morph_45","NT","Giveme","Hitother","HitOther.1","Sonso",-0.27443684570176,0.0202042628774423,0.0404085257548845
"2834","101282","Action_43","Morph_96","NT","Givemenurse","Raise","Raise.1","Sonso",-0.7339691750802,0.00865896980461812,0.0113232682060391
"2835","101664a","Action_43","Morph_96","NT","Givemenurse","Raise","Raise.1","Sonso",-0.7339691750802,0.00865896980461812,0.0113232682060391
"2836","100765","Action_42","Morph_94","NT","Travel","Push","Push.7","Sonso",-0.877070018720874,0.00288632326820604,0.0466252220248668
"2837","102365","Action_64","Morph_140","NT","Giveme","Touchlongother","Touch.9","Sonso",0.924258901523332,0.00399644760213144,0.0175399644760213
"2838","101261","Action_42","Morph_93","NT","Position","Push","Push.6","Sonso",-1.02165124753198,0.0066607460035524,0.0466252220248668
"2839","100880","Action_13","Morph_27","NT","Givemenurse","Fling","Fling.1","Sonso",0.148420005118273,0.00688277087033748,0.0117673179396092
"2840","102352","Action_23","Morph_47","NT","Giveme","Hittingother","HitOther.3","Sonso",0.587786664902119,0.00843694493783304,0.0157637655417407
"2841","101246","Action_43","Morph_98","NT","Givemenurse","Raise","Raise.3","Sonso",1.25846098961001,0.00177619893428064,0.0113232682060391
"2842","100880","Action_13","Morph_27","NT","Givemenurse","Fling","Fling.1","Sonso",0.0769610411361284,0.00688277087033748,0.0117673179396092
"2843","102354","Action_63","Morph_140","NT","Giveme","Touch","Touch.9","Sonso",-0.510825623765991,0.00399644760213144,0.0341918294849023
"2844","100954a","Action_33","Morph_62","NT","Play","Objectmove","ObjectMove.2","Sonso",-0.510825623765991,0.00643872113676732,0.0406305506216696
"2845","102352","Action_60","Morph_127","NT","Giveme","Swing","Swing.1","Sonso",0.444685821261446,0.0428507992895204,0.0475133214920071
"2846","100954a","Action_33","Morph_62","NT","Play","Objectmove","ObjectMove.2","Sonso",-0.27443684570176,0.00643872113676732,0.0406305506216696
"2847","101868a","Action_38","Morph_75","NT","Groom","Present","Present.1","Sonso",0.470003629245736,0.0170959147424512,0.0492895204262877
"2848","100765","Action_41","Morph_87","NT","Travel","Pull","Pull.4","Sonso",-0.621757184473272,0.00532859680284192,0.0253108348134991
"2849","100765","Action_42","Morph_94","NT","Travel","Push","Push.7","Sonso",-0.406465608441748,0.00288632326820604,0.0466252220248668
"2850","102365","Action_45","Morph_101","NT","Giveme","Reach","Reach.2","Sonso",0.182321556793955,0.0370781527531083,0.0801509769094138
"2851","102352","Action_23","Morph_47","NT","Giveme","Hittingother","HitOther.3","Sonso",0.215111379616945,0.00843694493783304,0.0157637655417407
"2852","102366","Action_63","Morph_138","NT","Giveme","Touch","Touch.7","Sonso",-0.82098055206983,0.0044404973357016,0.0341918294849023
"2853","100299","Action_38","Morph_76","NT","Groom","Present","Present.2","Sonso",-0.0408219945202552,0.0135435168738899,0.0492895204262877
"2854","102352","Action_23","Morph_47","NT","Giveme","Hittingother","HitOther.3","Sonso",0.0392207131532813,0.00843694493783304,0.0157637655417407
"2855","101137","Action_43","Morph_96","NT","Climbonyou","Raise","Raise.1","Sonso",-0.0408219945202552,0.00865896980461812,0.0113232682060391
"2856","102352","Action_45","Morph_100","NT","Giveme","Reach","Reach.1","Sonso",-0.385662480811985,0.0408525754884547,0.0801509769094138
"2857","101433","Action_8","Morph_19","NT","Play","Dangle","Dangle.1","Sonso",-0.0408219945202552,0.0484014209591474,0.0484014209591474
"2858","102366","Action_45","Morph_101","NT","Giveme","Reach","Reach.2","Sonso",-0.916290731874155,0.0370781527531083,0.0801509769094138
"2859","101430","Action_43","Morph_96","NT","Givemenurse","Raise","Raise.1","Sonso",-0.7339691750802,0.00865896980461812,0.0113232682060391
"2860","102352","Action_45","Morph_101","NT","Giveme","Reach","Reach.2","Sonso",-1.02165124753198,0.0370781527531083,0.0801509769094138
"2861","100765","Action_42","Morph_94","NT","Travel","Push","Push.7","Sonso",-1.01335244471729,0.00288632326820604,0.0466252220248668
"2862","100765","Action_42","Morph_94","NT","Travel","Push","Push.7","Sonso",-0.52932909533055,0.00288632326820604,0.0466252220248668
"2863","100484a","Action_8","Morph_19","NT","Play","Dangle","Dangle.1","Sonso",1.16315080980568,0.0484014209591474,0.0484014209591474
"2864","100481","Action_8","Morph_19","NT","Play","Dangle","Dangle.1","Sonso",-0.174353387144778,0.0484014209591474,0.0484014209591474
"2865","100573","Action_3","Morph_13","NT","Stopbehaviour","Bite","Bite.5","Sonso",-0.653926467406664,0.0011101243339254,0.0168738898756661
"2866","100487a","Action_33","Morph_62","NT","Play","Objectmove","ObjectMove.2","Sonso",-0.916290731874155,0.00643872113676732,0.0406305506216696
"2867","100382","Action_34","Morph_65","NT","Play","Objectshake","ObjectShake.1","Sonso",0.56531380905006,0.0746003552397869,0.108792184724689
"2868","100487a","Action_33","Morph_61","NT","Play","Objectmove","ObjectMove.1","Sonso",-0.22314355131421,0.0317495559502664,0.0406305506216696
"2869","100486","Action_11","Morph_22","NT","Affiliation","Embrace","Embrace.1","Sonso",-0.916290731874155,0.00288632326820604,0.005550621669627
"2870","100481","Action_52","Morph_112","NT","Play","Spinroulade","SpinRoulade.1","Sonso",1.11185751541813,0.00488454706927176,0.00488454706927176
"2871","100004","Action_39","Morph_82","NT","Staysame","Presentgenitalsbackwards","PresentGenitals.1","Sonso",-0.44628710262842,0.0295293072824156,0.033303730017762
"2872","100957","Action_15","Morph_37","NT","Play","Grabhold","GrabHold.3","Sonso",1.07158361628019,0.00532859680284192,0.0204262877442274
"2873","101887","Action_57","Morph_115","NT","Play","Stompobject","StompObject.1","Sonso",-0.653926467406664,0.0337477797513321,0.0424067495559503
"2874","100567","Action_53","Morph_113","NT","Play","Spinsomersault","SpinSomersault.1","Sonso",0.970778917158225,0.00799289520426288,0.00799289520426288
"2875","101888","Action_48","Morph_104","NT","Play","Rollover","RollOver.1","Sonso",0.806475865866949,0.00621669626998224,0.00621669626998224
"2876","100567","Action_52","Morph_112","NT","Play","Spinroulade","SpinRoulade.1","Sonso",1.39624469197306,0.00488454706927176,0.00488454706927176
"2877","101096","Action_60","Morph_127","NT","Play","Swing","Swing.1","Sonso",0.470003629245736,0.0428507992895204,0.0475133214920071
"2878","100795","Action_60","Morph_127","NT","Playcontinue","Swing","Swing.1","Sonso",0.0392207131532813,0.0428507992895204,0.0475133214920071
"2879","100752","Action_50","Morph_108","NT","Playcontinue","Shake","Shake.2","Sonso",-0.328504066972036,0.00466252220248668,0.0122113676731794
"2880","100957","Action_53","Morph_113","NT","Play","Spinsomersault","SpinSomersault.1","Sonso",0.732367893713227,0.00799289520426288,0.00799289520426288
"2881","100567","Action_3","Morph_12","NT","Play","Bite","Bite.4","Sonso",-0.7339691750802,0.00177619893428064,0.0168738898756661
"2882","100948b","Action_14","Morph_33","NT","Play","Grab","Grab.5","Sonso",-1.42711635564015,0.0033303730017762,0.0353019538188277
"2883","100752","Action_60","Morph_127","NT","Playcontinue","Swing","Swing.1","Sonso",-0.083381608939051,0.0428507992895204,0.0475133214920071
"2884","100566","Action_33","Morph_61","NT","Play","Objectmove","ObjectMove.1","Sonso",-0.22314355131421,0.0317495559502664,0.0406305506216696
"2885","101285","Action_3","Morph_12","NT","Play","Bite","Bite.4","Sonso",-0.7339691750802,0.00177619893428064,0.0168738898756661
"2886","100566","Action_60","Morph_128","NT","Play","Swing","Swing.2","Sonso",0,0.00310834813499112,0.0475133214920071
"2887","101887","Action_21","Morph_43","NT","Play","Hittingobject","HitObject.5","Sonso",0.215111379616945,0.0044404973357016,0.00799289520426288
"2888","100753","Action_17","Morph_39","NT","Playcontinue","Hitobject","HitObject.1","Sonso",-0.328504066972036,0.0430728241563055,0.0559502664298401
"2889","100569","Action_48","Morph_104","NT","Play","Rollover","RollOver.1","Sonso",1.04380405217311,0.00621669626998224,0.00621669626998224
"2890","102329","Action_8","Morph_19","NT","Play","Dangle","Dangle.1","Sonso",0.0769610411361284,0.0484014209591474,0.0484014209591474
"2891","101892","Action_41","Morph_84","NT","Playcontinue","Pull","Pull.1","Sonso",-0.653926467406664,0.00821492007104796,0.0253108348134991
"2892","101887","Action_48","Morph_104","NT","Play","Rollover","RollOver.1","Sonso",1.1999647829284,0.00621669626998224,0.00621669626998224
"2893","100948b","Action_15","Morph_35","NT","Play","Grabhold","GrabHold.1","Sonso",0.970778917158225,0.00932504440497336,0.0204262877442274
"2894","100747","Action_14","Morph_34","NT","Play","Grab","Grab.6","Sonso",-0.27443684570176,0.00355239786856128,0.0353019538188277
"2895","100753","Action_60","Morph_129","NT","Playcontinue","Swing","Swing.3","Sonso",-0.174353387144778,0.0011101243339254,0.0475133214920071
"2896","100751","Action_60","Morph_127","NT","Play","Swing","Swing.1","Sonso",0.113328685307003,0.0428507992895204,0.0475133214920071
"2897","100742a","Action_42","Morph_95","NT","Playcontinue","Push","Push.8","Sonso",-0.916290731874155,0.00133214920071048,0.0466252220248668
"2898","100911a","Action_20","Morph_46","NT","Play","Hitother","HitOther.2","Sonso",-0.127833371509885,0.00932504440497336,0.0404085257548845
"2899","100567","Action_17","Morph_39","NT","Play","Hitobject","HitObject.1","Sonso",-0.385662480811985,0.0430728241563055,0.0559502664298401
"2900","102329","Action_60","Morph_128","NT","Play","Swing","Swing.2","Sonso",-0.127833371509885,0.00310834813499112,0.0475133214920071
"2901","100568","Action_52","Morph_112","NT","Stopbehaviour","Spinroulade","SpinRoulade.1","Sonso",0.246860077931526,0.00488454706927176,0.00488454706927176
"2902","101042","Action_20","Morph_45","NT","Play","Hitother","HitOther.1","Sonso",-0.916290731874155,0.0202042628774423,0.0404085257548845
"2903","100753","Action_8","Morph_19","NT","Playcontinue","Dangle","Dangle.1","Sonso",0.27763173659828,0.0484014209591474,0.0484014209591474
"2904","102356","Action_20","Morph_45","NT","Play","Hitother","HitOther.1","Sonso",-0.579818495252942,0.0202042628774423,0.0404085257548845
"2905","101096","Action_60","Morph_127","NT","Play","Swing","Swing.1","Sonso",0.364643113587909,0.0428507992895204,0.0475133214920071
"2906","100795","Action_8","Morph_19","NT","Playcontinue","Dangle","Dangle.1","Sonso",0.182321556793955,0.0484014209591474,0.0484014209591474
"2907","100948b","Action_14","Morph_31","NT","Play","Grab","Grab.3","Sonso",-0.510825623765991,0.00466252220248668,0.0353019538188277
"2908","102356","Action_8","Morph_19","NT","Play","Dangle","Dangle.1","Sonso",-0.083381608939051,0.0484014209591474,0.0484014209591474
"2909","101042","Action_17","Morph_39","NT","Play","Hitobject","HitObject.1","Sonso",-1.02165124753198,0.0430728241563055,0.0559502664298401
"2910","100567","Action_61","Morph_130","NT","Play","Throwobject","ThrowObject.1","Sonso",0.113328685307003,0.00244227353463588,0.00244227353463588
"2911","100742a","Action_14","Morph_34","NT","Playcontinue","Grab","Grab.6","Sonso",0.672944473242426,0.00355239786856128,0.0353019538188277
"2912","100753","Action_60","Morph_127","NT","Playcontinue","Swing","Swing.1","Sonso",0.27763173659828,0.0428507992895204,0.0475133214920071
"2913","100948b","Action_15","Morph_35","NT","Play","Grabhold","GrabHold.1","Sonso",0.908258560176891,0.00932504440497336,0.0204262877442274
"2914","100910","Action_60","Morph_127","NT","Play","Swing","Swing.1","Sonso",0.609765571620894,0.0428507992895204,0.0475133214920071
"2915","101894","Action_57","Morph_118","NT","Play","Stompobject","StompObject.4","Sonso",-0.22314355131421,0.005550621669627,0.0424067495559503
"2916","100570","Action_55","Morph_117","NT","Play","Stompingobject","StompObject.3","Sonso",-0.174353387144778,0.00688277087033748,0.0230905861456483
"2917","100522","Action_6","Morph_18","NT","Play","Bow","Bow.1","Sonso",-1.13943428318836,0.00177619893428064,0.00177619893428064
"2918","100949","Action_45","Morph_101","NT","Play","Reach","Reach.2","Sonso",0.113328685307003,0.0370781527531083,0.0801509769094138
"2919","100956","Action_57","Morph_115","NT","Play","Stompobject","StompObject.1","Sonso",-1.13943428318836,0.0337477797513321,0.0424067495559503
"2920","101867","Action_34","Morph_65","NT","Play","Objectshake","ObjectShake.1","Sonso",0.712949807856125,0.0746003552397869,0.108792184724689
"2921","101140","Action_55","Morph_117","NT","Moveaway","Stompingobject","StompObject.3","Sonso",0.542324290825362,0.00688277087033748,0.0230905861456483
"2922","101894","Action_55","Morph_116","NT","Play","Stompingobject","StompObject.2","Sonso",-0.510825623765991,0.0148756660746004,0.0230905861456483
"2923","100571","Action_57","Morph_115","NT","Play","Stompobject","StompObject.1","Sonso",-0.653926467406664,0.0337477797513321,0.0424067495559503
"2924","100570","Action_17","Morph_40","NT","Play","Hitobject","HitObject.2","Sonso",-0.510825623765991,0.0119893428063943,0.0559502664298401
"2925","100956","Action_17","Morph_39","NT","Play","Hitobject","HitObject.1","Sonso",-1.02165124753198,0.0430728241563055,0.0559502664298401
"2926","100522","Action_43","Morph_98","NT","Play","Raise","Raise.3","Sonso",0.444685821261446,0.00177619893428064,0.0113232682060391
"2927","100877","Action_34","Morph_65","NT","Play","Objectshake","ObjectShake.1","Sonso",0.56531380905006,0.0746003552397869,0.108792184724689
"2928","100877","Action_57","Morph_115","NT","Play","Stompobject","StompObject.1","Sonso",-0.385662480811985,0.0337477797513321,0.0424067495559503
"2929","100877","Action_57","Morph_115","NT","Play","Stompobject","StompObject.1","Sonso",-0.385662480811985,0.0337477797513321,0.0424067495559503
"2930","100522","Action_50","Morph_110","NT","Play","Shake","Shake.4","Sonso",-0.127833371509885,0.00399644760213144,0.0122113676731794
"2931","100571","Action_57","Morph_115","NT","Play","Stompobject","StompObject.1","Sonso",-0.7339691750802,0.0337477797513321,0.0424067495559503
"2932","100571","Action_57","Morph_115","NT","Play","Stompobject","StompObject.1","Sonso",-0.27443684570176,0.0337477797513321,0.0424067495559503
"2933","100571","Action_10","Morph_21","NT","Play","Drum","Drum.1","Sonso",-0.916290731874155,0.0033303730017762,0.0033303730017762
"2934","100910","Action_57","Morph_115","NT","Play","Stompobject","StompObject.1","Sonso",-0.44628710262842,0.0337477797513321,0.0424067495559503
"2935","101867","Action_33","Morph_64","NT","Play","Objectmove","ObjectMove.4","Sonso",0,0.00066607460035524,0.0406305506216696
"2936","100570","Action_21","Morph_42","NT","Play","Hittingobject","HitObject.4","Sonso",-0.27443684570176,0.00599467140319716,0.00799289520426288
"2937","100910","Action_34","Morph_67","NT","Play","Objectshake","ObjectShake.3","Sonso",0.78845736036427,0.0022202486678508,0.108792184724689
"2938","100956","Action_29","Morph_58","NT","Play","Locomotegallop","LocomoteGallop.1","Sonso",-0.0408219945202552,0.00821492007104796,0.00821492007104796
"2939","100949","Action_17","Morph_39","NT","Play","Hitobject","HitObject.1","Sonso",-0.22314355131421,0.0430728241563055,0.0559502664298401
"2940","100522","Action_6","Morph_18","NT","Play","Bow","Bow.1","Sonso",-0.083381608939051,0.00177619893428064,0.00177619893428064
"2941","100877","Action_34","Morph_67","NT","Play","Objectshake","ObjectShake.3","Sonso",-0.083381608939051,0.0022202486678508,0.108792184724689
"2942","100522","Action_6","Morph_18","NT","Play","Bow","Bow.1","Sonso",0.0535407669280298,0.00177619893428064,0.00177619893428064
"2943","100877","Action_57","Morph_115","NT","Play","Stompobject","StompObject.1","Sonso",-1.42711635564015,0.0337477797513321,0.0424067495559503
"2944","101867","Action_57","Morph_115","NT","Play","Stompobject","StompObject.1","Sonso",0,0.0337477797513321,0.0424067495559503
"2945","100956","Action_57","Morph_120","NT","Play","Stompobject","StompObject.6","Sonso",-0.385662480811985,0.00133214920071048,0.0424067495559503
"2946","100570","Action_17","Morph_39","NT","Play","Hitobject","HitObject.1","Sonso",-1.27296567581289,0.0430728241563055,0.0559502664298401
"2947","100910","Action_60","Morph_127","NT","Play","Swing","Swing.1","Sonso",0.182321556793955,0.0428507992895204,0.0475133214920071
"2948","100522","Action_43","Morph_98","NT","Play","Raise","Raise.3","Sonso",0.924258901523332,0.00177619893428064,0.0113232682060391
"2949","100570","Action_57","Morph_115","NT","Play","Stompobject","StompObject.1","Sonso",-0.44628710262842,0.0337477797513321,0.0424067495559503
"2950","100910","Action_60","Morph_127","NT","Play","Swing","Swing.1","Sonso",-0.174353387144778,0.0428507992895204,0.0475133214920071
"2951","100571","Action_17","Morph_39","NT","Play","Hitobject","HitObject.1","Sonso",-1.13943428318836,0.0430728241563055,0.0559502664298401
"2952","100910","Action_55","Morph_116","NT","Play","Stompingobject","StompObject.2","Sonso",-0.579818495252942,0.0148756660746004,0.0230905861456483
"2953","100956","Action_57","Morph_115","NT","Play","Stompobject","StompObject.1","Sonso",-0.27443684570176,0.0337477797513321,0.0424067495559503
"2954","100877","Action_8","Morph_19","NT","Play","Dangle","Dangle.1","Sonso",-0.916290731874155,0.0484014209591474,0.0484014209591474
"2955","100956","Action_57","Morph_115","NT","Play","Stompobject","StompObject.1","Sonso",-1.13943428318836,0.0337477797513321,0.0424067495559503
"2956","100910","Action_34","Morph_67","NT","Play","Objectshake","ObjectShake.3","Sonso",1.41585316336144,0.0022202486678508,0.108792184724689
"2957","100522","Action_16","Morph_38","NT","Play","Headstand","HeadStand.1","Sonso",-0.22314355131421,0.0066607460035524,0.0066607460035524
"2958","101043","Action_51","Morph_111","NT","Stopbehaviour","Spinpirouette","SpinPirouette.1","Sonso",0.609765571620894,0.00133214920071048,0.00133214920071048
"2959","101245","Action_60","Morph_127","NT","Play","Swing","Swing.1","Sonso",-0.0408219945202552,0.0428507992895204,0.0475133214920071
"2960","101245","Action_57","Morph_115","NT","Play","Stompobject","StompObject.1","Sonso",-0.916290731874155,0.0337477797513321,0.0424067495559503
"2961","101245","Action_60","Morph_127","NT","Play","Swing","Swing.1","Sonso",0.0953101798043249,0.0428507992895204,0.0475133214920071
"2962","101245","Action_9","Morph_20","NT","Play","Dangleshake","DangleShake.1","Sonso",0.678033542749897,0.00710479573712256,0.00710479573712256
"2963","100379","Action_29","Morph_58","NT","Play","Locomotegallop","LocomoteGallop.1","Sonso",0.113328685307003,0.00821492007104796,0.00821492007104796
"2964","101245","Action_8","Morph_19","NT","Play","Dangle","Dangle.1","Sonso",-0.116533816255952,0.0484014209591474,0.0484014209591474
"2965","101245","Action_8","Morph_19","NT","Play","Dangle","Dangle.1","Sonso",0.148420005118273,0.0484014209591474,0.0484014209591474
"2966","101245","Action_8","Morph_19","NT","Play","Dangle","Dangle.1","Sonso",-0.162518929497775,0.0484014209591474,0.0484014209591474
"2967","100378","Action_29","Morph_58","NT","Play","Locomotegallop","LocomoteGallop.1","Sonso",-0.7339691750802,0.00821492007104796,0.00821492007104796
"2968","102001a","Action_14","Morph_31","NT","Play","Grab","Grab.3","Sonso",-0.174353387144778,0.00466252220248668,0.0353019538188277
"2969","101089","Action_8","Morph_19","NT","Play","Dangle","Dangle.1","Sonso",-0.44628710262842,0.0484014209591474,0.0484014209591474
"2970","102144","Action_2","Morph_4","NT","Groom","Bigloudscratch","BigLoudScratch.2","Sonso",0.336472236621213,0.019316163410302,0.0577264653641208
"2971","102001a","Action_14","Morph_31","NT","Play","Grab","Grab.3","Sonso",-0.385662480811985,0.00466252220248668,0.0353019538188277
"2972","101093","Action_60","Morph_127","NT","Playcontinue","Swing","Swing.1","Sonso",0.307484699747961,0.0428507992895204,0.0475133214920071
"2973","101089","Action_60","Morph_127","NT","Play","Swing","Swing.1","Sonso",0.0392207131532813,0.0428507992895204,0.0475133214920071
"2974","101696","Action_53","Morph_113","NT","Stopbehaviour","Spinsomersault","SpinSomersault.1","Sonso",1.26976054486394,0.00799289520426288,0.00799289520426288
"2975","102144","Action_38","Morph_75","NT","Groom","Present","Present.1","Sonso",0.392042087776024,0.0170959147424512,0.0492895204262877
"2976","102001a","Action_20","Morph_45","NT","Play","Hitother","HitOther.1","Sonso",-0.174353387144778,0.0202042628774423,0.0404085257548845
"2977","102001a","Action_20","Morph_45","NT","Play","Hitother","HitOther.1","Sonso",0.0392207131532813,0.0202042628774423,0.0404085257548845
"2978","102001a","Action_63","Morph_137","NT","Play","Touch","Touch.6","Sonso",-0.44628710262842,0.00488454706927176,0.0341918294849023
"2979","102003a","Action_45","Morph_100","NT","Play","Reach","Reach.1","Sonso",-0.7339691750802,0.0408525754884547,0.0801509769094138
"2980","102001a","Action_34","Morph_65","NT","Play","Objectshake","ObjectShake.1","Sonso",0.858661619037519,0.0746003552397869,0.108792184724689
"2981","101741","Action_63","Morph_134","NT","Play","Touch","Touch.3","Sonso",0.307484699747961,0.00488454706927176,0.0341918294849023
"2982","101741","Action_14","Morph_30","NT","Play","Grab","Grab.2","Sonso",0.182321556793955,0.00799289520426288,0.0353019538188277
"2983","100884","Action_8","Morph_19","NT","Play","Dangle","Dangle.1","Sonso",-0.510825623765991,0.0484014209591474,0.0484014209591474
"2984","100884","Action_17","Morph_39","NT","Play","Hitobject","HitObject.1","Sonso",0.0769610411361284,0.0430728241563055,0.0559502664298401
"2985","101173","Action_17","Morph_39","NT","Play","Hitobject","HitObject.1","Sonso",-0.455706324544911,0.0430728241563055,0.0559502664298401
"2986","100883b","Action_60","Morph_127","NT","Play","Swing","Swing.1","Sonso",-0.083381608939051,0.0428507992895204,0.0475133214920071
"2987","100883b","Action_60","Morph_127","NT","Play","Swing","Swing.1","Sonso",0.0769610411361284,0.0428507992895204,0.0475133214920071
"2988","100883b","Action_60","Morph_127","NT","Play","Swing","Swing.1","Sonso",-0.653926467406664,0.0428507992895204,0.0475133214920071
"2989","101267","Action_29","Morph_58","NT","Play","Locomotegallop","LocomoteGallop.1","Sonso",-0.328504066972036,0.00821492007104796,0.00821492007104796
"2990","100726","Action_29","Morph_58","NT","Stopbehaviour","Locomotegallop","LocomoteGallop.1","Sonso",0.113328685307003,0.00821492007104796,0.00821492007104796
"2991","102145","Action_45","Morph_101","NT","Affiliation","Reach","Reach.2","Sonso",-1.13943428318836,0.0370781527531083,0.0801509769094138
"2992","100437","Action_17","Morph_40","NT","Play","Hitobject","HitObject.2","Sonso",-0.127833371509885,0.0119893428063943,0.0559502664298401
"2993","101614a","Action_14","Morph_32","NT","Play","Grab","Grab.4","Sonso",-1.13943428318836,0.00754884547069272,0.0353019538188277
"2994","102491a","Action_20","Morph_45","NT","Stopbehaviour","Hitother","HitOther.1","Sonso",-0.22314355131421,0.0202042628774423,0.0404085257548845
"2995","101544","Action_8","Morph_19","NT","Play","Dangle","Dangle.1","Sonso",0.215111379616945,0.0484014209591474,0.0484014209591474
"2996","101547","Action_20","Morph_45","NT","Play","Hitother","HitOther.1","Sonso",-0.7339691750802,0.0202042628774423,0.0404085257548845
"2997","101547","Action_8","Morph_19","NT","Play","Dangle","Dangle.1","Sonso",-0.174353387144778,0.0484014209591474,0.0484014209591474
"2998","101547","Action_14","Morph_32","NT","Play","Grab","Grab.4","Sonso",-0.579818495252942,0.00754884547069272,0.0353019538188277
"2999","100906b","Action_43","Morph_96","NT","Stopbehaviour","Raise","Raise.1","Sonso",-0.916290731874155,0.00865896980461812,0.0113232682060391
"3000","101547","Action_20","Morph_45","NT","Play","Hitother","HitOther.1","Sonso",-0.82098055206983,0.0202042628774423,0.0404085257548845
"3001","101547","Action_20","Morph_45","NT","Play","Hitother","HitOther.1","Sonso",-0.82098055206983,0.0202042628774423,0.0404085257548845
"3002","101805","Action_60","Morph_128","NT","Playcontinue","Swing","Swing.2","Sonso",0.215111379616945,0.00310834813499112,0.0475133214920071
"3003","101694","Action_20","Morph_50","NT","Play","Hitother","HitOther.6","Sonso",-0.385662480811985,0.00488454706927176,0.0404085257548845
"3004","100861","Action_60","Morph_128","NT","Play","Swing","Swing.2","Sonso",-0.083381608939051,0.00310834813499112,0.0475133214920071
"3005","100058","Action_32","Morph_60","NT","Playcontinue","Objectmouth","ObjectMouth.1","Sonso",-0.0408219945202552,0.00466252220248668,0.00466252220248668
"3006","100046","Action_63","Morph_140","NT","Playcontinue","Touch","Touch.9","Sonso",-0.083381608939051,0.00399644760213144,0.0341918294849023
"3007","101694","Action_20","Morph_50","NT","Play","Hitother","HitOther.6","Sonso",-0.579818495252942,0.00488454706927176,0.0404085257548845
"3008","100107","Action_45","Morph_102","NT","Play","Reach","Reach.3","Sonso",-0.385662480811985,0.0022202486678508,0.0801509769094138
"3009","101805","Action_60","Morph_127","NT","Playcontinue","Swing","Swing.1","Sonso",0.148420005118273,0.0428507992895204,0.0475133214920071
"3010","101799","Action_8","Morph_19","NT","Play","Dangle","Dangle.1","Sonso",0.364643113587909,0.0484014209591474,0.0484014209591474
"3011","101805","Action_45","Morph_101","NT","Playcontinue","Reach","Reach.2","Sonso",-0.22314355131421,0.0370781527531083,0.0801509769094138
"3012","100047","Action_16","Morph_38","NT","Playcontinue","Headstand","HeadStand.1","Sonso",-0.0408219945202552,0.0066607460035524,0.0066607460035524
"3013","100861","Action_25","Morph_52","NT","Play","Kickpunch","KickPunch.1","Sonso",-0.44628710262842,0.0022202486678508,0.0022202486678508
"3014","100273","Action_64","Morph_138","NT","Giveme","Touchlongother","Touch.7","Sonso",0.799307376388336,0.0044404973357016,0.0175399644760213
"3015","100273","Action_45","Morph_101","NT","Giveme","Reach","Reach.2","Sonso",0.0392207131532813,0.0370781527531083,0.0801509769094138
"3016","102142b","Action_38","Morph_79","NT","Affiliation","Present","Present.5","Sonso",-0.44628710262842,0.00688277087033748,0.0492895204262877
"3017","100273","Action_45","Morph_101","NT","Giveme","Reach","Reach.2","Sonso",-0.083381608939051,0.0370781527531083,0.0801509769094138
"3018","100191b","Action_39","Morph_82","OK","Sexualattention","Presentgenitalsbackwards","PresentGenitals.1","Sonso",0.392042087776024,0.0295293072824156,0.033303730017762
"3019","100154","Action_39","Morph_82","OK","Sexualattention","Presentgenitalsbackwards","PresentGenitals.1","Sonso",0.56531380905006,0.0295293072824156,0.033303730017762
"3020","100316","Action_39","Morph_82","OK","Sexualattention","Presentgenitalsbackwards","PresentGenitals.1","Sonso",0.0769610411361284,0.0295293072824156,0.033303730017762
"3021","100223","Action_55","Morph_116","OK","Play","Stompingobject","StompObject.2","Sonso",0.0392207131532813,0.0148756660746004,0.0230905861456483
"3022","100223","Action_17","Morph_39","OK","Play","Hitobject","HitObject.1","Sonso",-1.13943428318836,0.0430728241563055,0.0559502664298401
"3023","100223","Action_24","Morph_51","OK","Play","Jump","Jump.1","Sonso",-0.653926467406664,0.00732682060390764,0.00732682060390764
"3024","100223","Action_17","Morph_39","OK","Play","Hitobject","HitObject.1","Sonso",-0.579818495252942,0.0430728241563055,0.0559502664298401
"3025","100223","Action_20","Morph_45","OK","Play","Hitother","HitOther.1","Sonso",-1.6094379124341,0.0202042628774423,0.0404085257548845
"3026","100223","Action_17","Morph_40","OK","Play","Hitobject","HitObject.2","Sonso",-0.385662480811985,0.0119893428063943,0.0559502664298401
"3027","100223","Action_60","Morph_127","OK","Play","Swing","Swing.1","Sonso",-0.328504066972036,0.0428507992895204,0.0475133214920071
"3028","100145","Action_45","Morph_100","OK","Sociosexualattention","Reach","Reach.1","Sonso",-0.174353387144778,0.0408525754884547,0.0801509769094138
"3029","100314","Action_38","Morph_77","OK","Directattention","Present","Present.3","Sonso",0.182321556793955,0.00466252220248668,0.0492895204262877
"3030","100026","Action_39","Morph_82","OK","Staysame","Presentgenitalsbackwards","PresentGenitals.1","Sonso",0.392042087776024,0.0295293072824156,0.033303730017762
"3031","100082a","Action_2","Morph_3","OK","Groom","Bigloudscratch","BigLoudScratch.1","Sonso",0.8754687373539,0.0215364120781528,0.0577264653641208
"3032","100130","Action_39","Morph_82","OK","Staysame","Presentgenitalsbackwards","PresentGenitals.1","Sonso",0.148420005118273,0.0295293072824156,0.033303730017762
"3033","100120","Action_39","Morph_82","OK","Staysame","Presentgenitalsbackwards","PresentGenitals.1","Sonso",-0.579818495252942,0.0295293072824156,0.033303730017762
"3034","102408","Action_38","Morph_79","PN","Staysame","Present","Present.5","Sonso",-0.385662480811985,0.00688277087033748,0.0492895204262877
"3035","101168","Action_55","Morph_117","PS","Sexualattention","Stompingobject","StompObject.3","Sonso",0.113328685307003,0.00688277087033748,0.0230905861456483
"3036","101168","Action_55","Morph_117","PS","Sexualattention","Stompingobject","StompObject.3","Sonso",0.113328685307003,0.00688277087033748,0.0230905861456483
"3037","101169","Action_57","Morph_115","PS","Sexualattention","Stompobject","StompObject.1","Sonso",-0.82098055206983,0.0337477797513321,0.0424067495559503
"3038","100941b","Action_32","Morph_60","PS","Playcontinue","Objectmouth","ObjectMouth.1","Sonso",0.940007258491471,0.00466252220248668,0.00466252220248668
"3039","100939","Action_14","Morph_34","PS","Playcontinue","Grab","Grab.6","Sonso",-0.44628710262842,0.00355239786856128,0.0353019538188277
"3040","100206","Action_45","Morph_101","PS","Staysame","Reach","Reach.2","Sonso",-0.44628710262842,0.0370781527531083,0.0801509769094138
"3041","100197","Action_41","Morph_85","PS","Support","Pull","Pull.2","Sonso",0.924258901523332,0.00643872113676732,0.0253108348134991
"3042","100197","Action_4","Morph_16","PS","Support","Bitekiss","Bite.8","Sonso",-0.579818495252942,0.00288632326820604,0.00066607460035524
"3043","100819a","Action_16","Morph_38","PS","Play","Headstand","HeadStand.1","Sonso",0.336472236621213,0.0066607460035524,0.0066607460035524
"3044","100819a","Action_3","Morph_11","PS","Play","Bite","Bite.3","Sonso",0.307484699747961,0.00310834813499112,0.0168738898756661
"3045","102263","Action_63","Morph_139","PS","Play","Touch","Touch.8","Sonso",-1.89711998488588,0.00577264653641208,0.0341918294849023
"3046","100827","Action_15","Morph_37","PS","Playcontinue","Grabhold","GrabHold.3","Sonso",1.11185751541813,0.00532859680284192,0.0204262877442274
"3047","101217","Action_55","Morph_116","PS","Play","Stompingobject","StompObject.2","Sonso",-0.44628710262842,0.0148756660746004,0.0230905861456483
"3048","100823a","Action_50","Morph_110","PS","Play","Shake","Shake.4","Sonso",0.0392207131532813,0.00399644760213144,0.0122113676731794
"3049","100823a","Action_33","Morph_63","PS","Play","Objectmove","ObjectMove.3","Sonso",0.631271776841858,0.0011101243339254,0.0406305506216696
"3050","100825","Action_33","Morph_61","PS","Playcontinue","Objectmove","ObjectMove.1","Sonso",0.908258560176891,0.0317495559502664,0.0406305506216696
"3051","100826","Action_34","Morph_65","PS","Playcontinue","Objectshake","ObjectShake.1","Sonso",1.00063188030791,0.0746003552397869,0.108792184724689
"3052","101055a","Action_17","Morph_39","PS","Play","Hitobject","HitObject.1","Sonso",-0.27443684570176,0.0430728241563055,0.0559502664298401
"3053","101100","Action_14","Morph_32","PS","Playcontinue","Grab","Grab.4","Sonso",0.494696241836107,0.00754884547069272,0.0353019538188277
"3054","100622a","Action_42","Morph_88","PS","Sociosexualattention","Push","Push.1","Sonso",-0.27443684570176,0.0106571936056838,0.0466252220248668
"3055","101511","Action_39","Morph_83","PS","Staysame","Presentgenitalsbackwards","PresentGenitals.2","Sonso",-0.083381608939051,0.00577264653641208,0.033303730017762
"3056","100855","Action_59","Morph_125","PS","Play","Stroke","Stroke.2","Sonso",0.148420005118273,0.00155417406749556,0.00377442273534636
"3057","101232","Action_29","Morph_58","PS","Play","Locomotegallop","LocomoteGallop.1","Sonso",-1.02443289049386,0.00821492007104796,0.00821492007104796
"3058","100074","Action_63","Morph_134","PS","Staysame","Touch","Touch.3","Sonso",-0.653926467406664,0.00488454706927176,0.0341918294849023
"3059","100161","Action_63","Morph_132","PS","Staysame","Touch","Touch.1","Sonso",-0.328504066972036,0.0104351687388988,0.0341918294849023
"3060","100210","Action_63","Morph_136","PS","Staysame","Touch","Touch.5","Sonso",-1.02165124753198,0.00421847246891652,0.0341918294849023
"3061","101797","Action_34","Morph_66","PS","Sexualattention","Objectshake","ObjectShake.2","Sonso",0.418710334858185,0.0237566607460036,0.108792184724689
"3062","101797","Action_33","Morph_61","PS","Sexualattention","Objectmove","ObjectMove.1","Sonso",0.0392207131532813,0.0317495559502664,0.0406305506216696
"3063","100377b","Action_50","Morph_108","PS","Play","Shake","Shake.2","Sonso",-0.82098055206983,0.00466252220248668,0.0122113676731794
"3064","100275","Action_45","Morph_100","PS","Affiliation","Reach","Reach.1","Sonso",-0.510825623765991,0.0408525754884547,0.0801509769094138
"3065","101118","Action_57","Morph_115","PS","Play","Stompobject","StompObject.1","Sonso",-0.27443684570176,0.0337477797513321,0.0424067495559503
"3066","102265","Action_63","Morph_136","PS","Play","Touch","Touch.5","Sonso",-0.82098055206983,0.00421847246891652,0.0341918294849023
"3067","102265","Action_63","Morph_136","PS","Play","Touch","Touch.5","Sonso",-0.44628710262842,0.00421847246891652,0.0341918294849023
"3068","101951b","Action_43","Morph_96","PS","Play","Raise","Raise.1","Sonso",-0.82098055206983,0.00865896980461812,0.0113232682060391
"3069","101103","Action_48","Morph_104","PS","Playcontinue","Rollover","RollOver.1","Sonso",0.824175442966349,0.00621669626998224,0.00621669626998224
"3070","101101a","Action_17","Morph_41","PS","Play","Hitobject","HitObject.3","Sonso",-0.82098055206983,0.00510657193605684,0.0559502664298401
"3071","101104","Action_3","Morph_16","PS","Playcontinue","Bite","Bite.8","Sonso",-1.27296567581289,0.00288632326820604,0.0168738898756661
"3072","101663","Action_45","Morph_100","RE","Play","Reach","Reach.1","Sonso",-0.44628710262842,0.0408525754884547,0.0801509769094138
"3073","101005","Action_15","Morph_37","RE","Play","Grabhold","GrabHold.3","Sonso",0.955511445027436,0.00532859680284192,0.0204262877442274
"3074","101008a","Action_48","Morph_104","RE","Play","Rollover","RollOver.1","Sonso",0.148420005118273,0.00621669626998224,0.00621669626998224
"3075","101470","Action_39","Morph_82","RE","Sexualattention","Presentgenitalsbackwards","PresentGenitals.1","Sonso",0.0769610411361284,0.0295293072824156,0.033303730017762
"3076","101007","Action_48","Morph_104","RE","Play","Rollover","RollOver.1","Sonso",0.364643113587909,0.00621669626998224,0.00621669626998224
"3077","101013","Action_53","Morph_113","RE","Stopbehaviour","Spinsomersault","SpinSomersault.1","Sonso",0.27763173659828,0.00799289520426288,0.00799289520426288
"3078","101711","Action_39","Morph_82","RE","Sexualattention","Presentgenitalsbackwards","PresentGenitals.1","Sonso",1.3244189574018,0.0295293072824156,0.033303730017762
"3079","101012","Action_17","Morph_39","RE","Play","Hitobject","HitObject.1","Sonso",-0.579818495252942,0.0430728241563055,0.0559502664298401
"3080","101012","Action_34","Morph_65","RE","Play","Objectshake","ObjectShake.1","Sonso",0.215111379616945,0.0746003552397869,0.108792184724689
"3081","101468","Action_39","Morph_82","RE","Sexualattention","Presentgenitalsbackwards","PresentGenitals.1","Sonso",-0.127833371509885,0.0295293072824156,0.033303730017762
"3082","101015","Action_33","Morph_62","RE","Play","Objectmove","ObjectMove.2","Sonso",0.113328685307003,0.00643872113676732,0.0406305506216696
"3083","101015","Action_24","Morph_51","RE","Play","Jump","Jump.1","Sonso",-0.579818495252942,0.00732682060390764,0.00732682060390764
"3084","101007","Action_50","Morph_110","RE","Play","Shake","Shake.4","Sonso",0.27763173659828,0.00399644760213144,0.0122113676731794
"3085","101779","Action_39","Morph_82","RE","Sexualattention","Presentgenitalsbackwards","PresentGenitals.1","Sonso",0.518793793415168,0.0295293072824156,0.033303730017762
"3086","101012","Action_55","Morph_116","RE","Play","Stompingobject","StompObject.2","Sonso",-0.328504066972036,0.0148756660746004,0.0230905861456483
"3087","101010a","Action_50","Morph_108","RE","Play","Shake","Shake.2","Sonso",-0.44628710262842,0.00466252220248668,0.0122113676731794
"3088","101015","Action_33","Morph_61","RE","Play","Objectmove","ObjectMove.1","Sonso",0.418710334858185,0.0317495559502664,0.0406305506216696
"3089","101012","Action_33","Morph_61","RE","Play","Objectmove","ObjectMove.1","Sonso",-0.0408219945202552,0.0317495559502664,0.0406305506216696
"3090","101012","Action_60","Morph_127","RE","Play","Swing","Swing.1","Sonso",-0.174353387144778,0.0428507992895204,0.0475133214920071
"3091","101007","Action_60","Morph_127","RE","Play","Swing","Swing.1","Sonso",0.246860077931526,0.0428507992895204,0.0475133214920071
"3092","101007","Action_57","Morph_118","RE","Play","Stompobject","StompObject.4","Sonso",-0.7339691750802,0.005550621669627,0.0424067495559503
"3093","101007","Action_16","Morph_38","RE","Play","Headstand","HeadStand.1","Sonso",-0.653926467406664,0.0066607460035524,0.0066607460035524
"3094","102101b","Action_45","Morph_101","RE","Play","Reach","Reach.2","Sonso",0.0392207131532813,0.0370781527531083,0.0801509769094138
"3095","102099","Action_41","Morph_85","RE","Play","Pull","Pull.2","Sonso",0.518793793415168,0.00643872113676732,0.0253108348134991
"3096","102100","Action_45","Morph_101","RE","Play","Reach","Reach.2","Sonso",0.27763173659828,0.0370781527531083,0.0801509769094138
"3097","102094b","Action_39","Morph_82","RE","Sexualattention","Presentgenitalsbackwards","PresentGenitals.1","Sonso",1.12492959698548,0.0295293072824156,0.033303730017762
"3098","100971","Action_60","Morph_127","RE","Play","Swing","Swing.1","Sonso",0.0392207131532813,0.0428507992895204,0.0475133214920071
"3099","100971","Action_8","Morph_19","RE","Play","Dangle","Dangle.1","Sonso",-0.083381608939051,0.0484014209591474,0.0484014209591474
"3100","101018","Action_45","Morph_100","RE","Play","Reach","Reach.1","Sonso",-0.174353387144778,0.0408525754884547,0.0801509769094138
"3101","101529b","Action_45","Morph_100","RE","Play","Reach","Reach.1","Sonso",-0.0408219945202552,0.0408525754884547,0.0801509769094138
"3102","101016","Action_45","Morph_102","RE","Play","Reach","Reach.3","Sonso",0.587786664902119,0.0022202486678508,0.0801509769094138
"3103","101014","Action_45","Morph_100","RE","Play","Reach","Reach.1","Sonso",-0.127833371509885,0.0408525754884547,0.0801509769094138
"3104","101019","Action_63","Morph_132","RE","Playcontinue","Touch","Touch.1","Sonso",-0.083381608939051,0.0104351687388988,0.0341918294849023
"3105","101020b","Action_45","Morph_100","RE","Play","Reach","Reach.1","Sonso",-1.27296567581289,0.0408525754884547,0.0801509769094138
"3106","101522","Action_64","Morph_139","RE","Stopbehaviour","Touchlongother","Touch.8","Sonso",1.26976054486394,0.00577264653641208,0.0175399644760213
"3107","101522","Action_64","Morph_139","RE","Stopbehaviour","Touchlongother","Touch.8","Sonso",1.24703229378638,0.00577264653641208,0.0175399644760213
"3108","100539","Action_48","Morph_104","RE","Play","Rollover","RollOver.1","Sonso",1.26976054486394,0.00621669626998224,0.00621669626998224
"3109","102000","Action_41","Morph_85","RE","Play","Pull","Pull.2","Sonso",0.841567185678219,0.00643872113676732,0.0253108348134991
"3110","100540","Action_60","Morph_127","RE","Play","Swing","Swing.1","Sonso",0.182321556793955,0.0428507992895204,0.0475133214920071
"3111","100803","Action_2","Morph_4","RE","Groom","Bigloudscratch","BigLoudScratch.2","Sonso",0.56531380905006,0.019316163410302,0.0577264653641208
"3112","100803","Action_38","Morph_76","RE","Groom","Present","Present.2","Sonso",0.392042087776024,0.0135435168738899,0.0492895204262877
"3113","100541","Action_9","Morph_20","RE","Playcontinue","Dangleshake","DangleShake.1","Sonso",0.89199803930511,0.00710479573712256,0.00710479573712256
"3114","102005","Action_14","Morph_29","RE","Play","Grab","Grab.1","Sonso",-0.385662480811985,0.00821492007104796,0.0353019538188277
"3115","101669b","Action_8","Morph_19","RE","Play","Dangle","Dangle.1","Sonso",0.0392207131532813,0.0484014209591474,0.0484014209591474
"3116","102005","Action_14","Morph_29","RE","Play","Grab","Grab.1","Sonso",-0.385662480811985,0.00821492007104796,0.0353019538188277
"3117","102005","Action_15","Morph_37","RE","Play","Grabhold","GrabHold.3","Sonso",1.04380405217311,0.00532859680284192,0.0204262877442274
"3118","102173","Action_39","Morph_82","RE","Sexualattention","Presentgenitalsbackwards","PresentGenitals.1","Sonso",-0.0408219945202552,0.0295293072824156,0.033303730017762
"3119","101840a","Action_20","Morph_49","RE","Playcontinue","Hitother","HitOther.5","Sonso",-0.7339691750802,0.00599467140319716,0.0404085257548845
"3120","101838a","Action_17","Morph_40","RE","Playcontinue","Hitobject","HitObject.2","Sonso",-0.328504066972036,0.0119893428063943,0.0559502664298401
"3121","101833b","Action_48","Morph_104","RE","Play","Rollover","RollOver.1","Sonso",1.39624469197306,0.00621669626998224,0.00621669626998224
"3122","101399a","Action_43","Morph_96","RE","Groom","Raise","Raise.1","Sonso",-0.653926467406664,0.00865896980461812,0.0113232682060391
"3123","101840a","Action_21","Morph_42","RE","Playcontinue","Hittingobject","HitObject.4","Sonso",-0.82098055206983,0.00599467140319716,0.00799289520426288
"3124","101399a","Action_43","Morph_96","RE","Groom","Raise","Raise.1","Sonso",-0.328504066972036,0.00865896980461812,0.0113232682060391
"3125","101840a","Action_21","Morph_42","RE","Playcontinue","Hittingobject","HitObject.4","Sonso",-0.127833371509885,0.00599467140319716,0.00799289520426288
"3126","101849","Action_45","Morph_101","RE","Play","Reach","Reach.2","Sonso",-0.579818495252942,0.0370781527531083,0.0801509769094138
"3127","101843","Action_42","Morph_90","RE","Playcontinue","Push","Push.3","Sonso",-1.02165124753198,0.00510657193605684,0.0466252220248668
"3128","101843","Action_42","Morph_91","RE","Playcontinue","Push","Push.4","Sonso",-0.916290731874155,0.00932504440497336,0.0466252220248668
"3129","102031","Action_38","Morph_75","RE","Directattention","Present","Present.1","Sonso",0.364643113587909,0.0170959147424512,0.0492895204262877
"3130","101792","Action_38","Morph_75","RE","Groom","Present","Present.1","Sonso",0.0769610411361284,0.0170959147424512,0.0492895204262877
"3131","100704b","Action_2","Morph_4","RE","Groom","Bigloudscratch","BigLoudScratch.2","Sonso",0.470003629245736,0.019316163410302,0.0577264653641208
"3132","102015a","Action_38","Morph_76","RE","Groom","Present","Present.2","Sonso",0.542324290825362,0.0135435168738899,0.0492895204262877
"3133","101909b","Action_2","Morph_5","RE","Groom","Bigloudscratch","BigLoudScratch.3","Sonso",0.215111379616945,0.0119893428063943,0.0577264653641208
"3134","102016","Action_38","Morph_76","RE","Groom","Present","Present.2","Sonso",0.148420005118273,0.0135435168738899,0.0492895204262877
"3135","100974","Action_3","Morph_9","RE","Play","Bite","Bite.1","Sonso",-0.27443684570176,0.0044404973357016,0.0168738898756661
"3136","100974","Action_64","Morph_133","RE","Play","Touchlongother","Touch.2","Sonso",1.00063188030791,0.00754884547069272,0.0175399644760213
"3137","100973","Action_15","Morph_37","RE","Play","Grabhold","GrabHold.3","Sonso",1.15057202759882,0.00532859680284192,0.0204262877442274
"3138","100973","Action_3","Morph_9","RE","Play","Bite","Bite.1","Sonso",0.0769610411361284,0.0044404973357016,0.0168738898756661
"3139","102006","Action_14","Morph_30","RE","Play","Grab","Grab.2","Sonso",-0.174353387144778,0.00799289520426288,0.0353019538188277
"3140","101091","Action_14","Morph_30","RE","Play","Grab","Grab.2","Sonso",-0.510825623765991,0.00799289520426288,0.0353019538188277
"3141","101434","Action_41","Morph_85","RE","Play","Pull","Pull.2","Sonso",-0.083381608939051,0.00643872113676732,0.0253108348134991
"3142","102003b","Action_15","Morph_35","RE","Play","Grabhold","GrabHold.1","Sonso",1.12492959698548,0.00932504440497336,0.0204262877442274
"3143","102001b","Action_14","Morph_31","RE","Play","Grab","Grab.3","Sonso",-0.44628710262842,0.00466252220248668,0.0353019538188277
"3144","102001b","Action_14","Morph_31","RE","Play","Grab","Grab.3","Sonso",-0.44628710262842,0.00466252220248668,0.0353019538188277
"3145","102001b","Action_14","Morph_31","RE","Play","Grab","Grab.3","Sonso",-1.42711635564015,0.00466252220248668,0.0353019538188277
"3146","101999","Action_15","Morph_36","RE","Stopbehaviour","Grabhold","GrabHold.2","Sonso",1.33500106673234,0.005550621669627,0.0204262877442274
"3147","101763","Action_39","Morph_82","RE","Sexualattention","Presentgenitalsbackwards","PresentGenitals.1","Sonso",0.182321556793955,0.0295293072824156,0.033303730017762
"3148","101836","Action_16","Morph_38","RE","Play","Headstand","HeadStand.1","Sonso",0.182321556793955,0.0066607460035524,0.0066607460035524
"3149","101290","Action_33","Morph_61","RE","Play","Objectmove","ObjectMove.1","Sonso",0.392042087776024,0.0317495559502664,0.0406305506216696
"3150","102337","Action_14","Morph_33","RE","Stopbehaviour","Grab","Grab.5","Sonso",-0.7339691750802,0.0033303730017762,0.0353019538188277
"3151","101836","Action_41","Morph_84","RE","Play","Pull","Pull.1","Sonso",0.444685821261446,0.00821492007104796,0.0253108348134991
"3152","102174b","Action_39","Morph_82","RE","Sexualattention","Presentgenitalsbackwards","PresentGenitals.1","Sonso",0.444685821261446,0.0295293072824156,0.033303730017762
"3153","101171","Action_38","Morph_77","RE","Groom","Present","Present.3","Sonso",-0.174353387144778,0.00466252220248668,0.0492895204262877
"3154","100462","Action_14","Morph_32","RE","Play","Grab","Grab.4","Sonso",-0.579818495252942,0.00754884547069272,0.0353019538188277
"3155","100462","Action_57","Morph_115","RE","Play","Stompobject","StompObject.1","Sonso",-0.653926467406664,0.0337477797513321,0.0424067495559503
"3156","101828","Action_26","Morph_53","RE","Moveaway","Knockobject","KnockObject.1","Sonso",-0.328504066972036,0.00133214920071048,0.0011101243339254
"3157","100093","Action_38","Morph_76","RE","Directattention","Present","Present.2","Sonso",-0.0408219945202552,0.0135435168738899,0.0492895204262877
"3158","100095","Action_38","Morph_76","RE","Directattention","Present","Present.2","Sonso",0.27763173659828,0.0135435168738899,0.0492895204262877
"3159","101985","Action_32","Morph_60","RF","Play","Objectmouth","ObjectMouth.1","Sonso",0.307484699747961,0.00466252220248668,0.00466252220248668
"3160","100230","Action_15","Morph_36","RF","Play","Grabhold","GrabHold.2","Sonso",1.11185751541813,0.005550621669627,0.0204262877442274
"3161","101704","Action_45","Morph_100","RF","Play","Reach","Reach.1","Sonso",-1.13943428318836,0.0408525754884547,0.0801509769094138
"3162","100114","Action_45","Morph_100","RF","Climbonme","Reach","Reach.1","Sonso",-0.44628710262842,0.0408525754884547,0.0801509769094138
"3163","102185","Action_45","Morph_100","RF","Giveme","Reach","Reach.1","Sonso",-0.083381608939051,0.0408525754884547,0.0801509769094138
"3164","102239","Action_64","Morph_138","RF","Giveme","Touchlongother","Touch.7","Sonso",0.908258560176891,0.0044404973357016,0.0175399644760213
"3165","100114","Action_45","Morph_100","RF","Climbonme","Reach","Reach.1","Sonso",-0.27443684570176,0.0408525754884547,0.0801509769094138
"3166","100227","Action_32","Morph_60","RF","Play","Objectmouth","ObjectMouth.1","Sonso",0.78845736036427,0.00466252220248668,0.00466252220248668
"3167","101597","Action_20","Morph_45","RF","Play","Hitother","HitOther.1","Sonso",-0.579818495252942,0.0202042628774423,0.0404085257548845
"3168","101158","Action_60","Morph_128","RF","Play","Swing","Swing.2","Sonso",-0.0408219945202552,0.00310834813499112,0.0475133214920071
"3169","100886","Action_14","Morph_31","RF","Play","Grab","Grab.3","Sonso",-0.385662480811985,0.00466252220248668,0.0353019538188277
"3170","101162","Action_15","Morph_36","RF","Play","Grabhold","GrabHold.2","Sonso",0.970778917158225,0.005550621669627,0.0204262877442274
"3171","102460b","Action_8","Morph_19","RF","Play","Dangle","Dangle.1","Sonso",0,0.0484014209591474,0.0484014209591474
"3172","101163","Action_14","Morph_29","RF","Play","Grab","Grab.1","Sonso",-0.510825623765991,0.00821492007104796,0.0353019538188277
"3173","101159","Action_60","Morph_127","RF","Play","Swing","Swing.1","Sonso",0.336472236621213,0.0428507992895204,0.0475133214920071
"3174","101595","Action_8","Morph_19","RF","Play","Dangle","Dangle.1","Sonso",-0.579818495252942,0.0484014209591474,0.0484014209591474
"3175","101596","Action_8","Morph_19","RF","Play","Dangle","Dangle.1","Sonso",-0.385662480811985,0.0484014209591474,0.0484014209591474
"3176","101594","Action_8","Morph_19","RF","Play","Dangle","Dangle.1","Sonso",-1.6094379124341,0.0484014209591474,0.0484014209591474
"3177","101159","Action_60","Morph_127","RF","Play","Swing","Swing.1","Sonso",-0.44628710262842,0.0428507992895204,0.0475133214920071
"3178","101598","Action_20","Morph_45","RF","Play","Hitother","HitOther.1","Sonso",-1.42711635564015,0.0202042628774423,0.0404085257548845
"3179","101158","Action_8","Morph_19","RF","Play","Dangle","Dangle.1","Sonso",-0.916290731874155,0.0484014209591474,0.0484014209591474
"3180","100886","Action_14","Morph_31","RF","Play","Grab","Grab.3","Sonso",0.182321556793955,0.00466252220248668,0.0353019538188277
"3181","100886","Action_14","Morph_32","RF","Play","Grab","Grab.4","Sonso",0,0.00754884547069272,0.0353019538188277
"3182","101598","Action_8","Morph_19","RF","Play","Dangle","Dangle.1","Sonso",-0.385662480811985,0.0484014209591474,0.0484014209591474
"3183","101598","Action_20","Morph_46","RF","Play","Hitother","HitOther.2","Sonso",-0.510825623765991,0.00932504440497336,0.0404085257548845
"3184","101596","Action_20","Morph_45","RF","Play","Hitother","HitOther.1","Sonso",-0.579818495252942,0.0202042628774423,0.0404085257548845
"3185","101158","Action_60","Morph_127","RF","Play","Swing","Swing.1","Sonso",-0.127833371509885,0.0428507992895204,0.0475133214920071
"3186","101162","Action_14","Morph_31","RF","Play","Grab","Grab.3","Sonso",0.631271776841858,0.00466252220248668,0.0353019538188277
"3187","100886","Action_14","Morph_32","RF","Play","Grab","Grab.4","Sonso",-0.385662480811985,0.00754884547069272,0.0353019538188277
"3188","101597","Action_8","Morph_19","RF","Play","Dangle","Dangle.1","Sonso",-0.385662480811985,0.0484014209591474,0.0484014209591474
"3189","101598","Action_63","Morph_136","RF","Play","Touch","Touch.5","Sonso",-1.27296567581289,0.00421847246891652,0.0341918294849023
"3190","101158","Action_50","Morph_108","RF","Play","Shake","Shake.2","Sonso",0.418710334858185,0.00466252220248668,0.0122113676731794
"3191","101191","Action_13","Morph_27","RH","Moveaway","Fling","Fling.1","Sonso",-0.7339691750802,0.00688277087033748,0.0117673179396092
"3192","101191","Action_13","Morph_27","RH","Moveaway","Fling","Fling.1","Sonso",-0.579818495252942,0.00688277087033748,0.0117673179396092
"3193","101191","Action_13","Morph_27","RH","Moveaway","Fling","Fling.1","Sonso",-0.82098055206983,0.00688277087033748,0.0117673179396092
"3194","100909","Action_45","Morph_101","RH","Affiliation","Reach","Reach.2","Sonso",-0.385662480811985,0.0370781527531083,0.0801509769094138
"3195","100909","Action_45","Morph_101","RH","Affiliation","Reach","Reach.2","Sonso",-1.27296567581289,0.0370781527531083,0.0801509769094138
"3196","100909","Action_45","Morph_101","RH","Affiliation","Reach","Reach.2","Sonso",0.0392207131532813,0.0370781527531083,0.0801509769094138
"3197","100909","Action_45","Morph_101","RH","Affiliation","Reach","Reach.2","Sonso",-0.0418642040986989,0.0370781527531083,0.0801509769094138
"3198","100909","Action_45","Morph_101","RH","Affiliation","Reach","Reach.2","Sonso",-1.6094379124341,0.0370781527531083,0.0801509769094138
"3199","102237","Action_42","Morph_88","RH","Moveclose","Push","Push.1","Sonso",-0.385662480811985,0.0106571936056838,0.0466252220248668
"3200","101589","Action_45","Morph_100","RH","Climbonme","Reach","Reach.1","Sonso",-1.02165124753198,0.0408525754884547,0.0801509769094138
"3201","101592","Action_42","Morph_90","RH","Position","Push","Push.3","Sonso",-0.328504066972036,0.00510657193605684,0.0466252220248668
"3202","101150","Action_14","Morph_32","RH","Stopbehaviour","Grab","Grab.4","Sonso",0,0.00754884547069272,0.0353019538188277
"3203","102465","Action_45","Morph_100","RM","Playcontinue","Reach","Reach.1","Sonso",-0.579818495252942,0.0408525754884547,0.0801509769094138
"3204","101591a","Action_63","Morph_139","RM","Play","Touch","Touch.8","Sonso",-0.916290731874155,0.00577264653641208,0.0341918294849023
"3205","102019","Action_15","Morph_35","RM","Play","Grabhold","GrabHold.1","Sonso",1.30291275218084,0.00932504440497336,0.0204262877442274
"3206","101593","Action_64","Morph_139","RM","Play","Touchlongother","Touch.8","Sonso",1.29198368164865,0.00577264653641208,0.0175399644760213
"3207","100229","Action_59","Morph_124","RM","Play","Stroke","Stroke.1","Sonso",-0.653926467406664,0.0011101243339254,0.00377442273534636
"3208","100229","Action_59","Morph_124","RM","Play","Stroke","Stroke.1","Sonso",-0.27443684570176,0.0011101243339254,0.00377442273534636
"3209","101029","Action_14","Morph_32","RM","Play","Grab","Grab.4","Sonso",-0.44628710262842,0.00754884547069272,0.0353019538188277
"3210","101147","Action_21","Morph_42","RM","Play","Hittingobject","HitObject.4","Sonso",-0.328504066972036,0.00599467140319716,0.00799289520426288
"3211","101599","Action_45","Morph_102","RM","Play","Reach","Reach.3","Sonso",0,0.0022202486678508,0.0801509769094138
"3212","101161","Action_20","Morph_46","RM","Playcontinue","Hitother","HitOther.2","Sonso",-0.44628710262842,0.00932504440497336,0.0404085257548845
"3213","101161","Action_60","Morph_127","RM","Playcontinue","Swing","Swing.1","Sonso",0.113328685307003,0.0428507992895204,0.0475133214920071
"3214","101161","Action_23","Morph_47","RM","Playcontinue","Hittingother","HitOther.3","Sonso",0,0.00843694493783304,0.0157637655417407
"3215","101599","Action_45","Morph_100","RM","Play","Reach","Reach.1","Sonso",0.693147180559945,0.0408525754884547,0.0801509769094138
"3216","101878","Action_38","Morph_79","RM","Directattention","Present","Present.5","Sonso",0.113328685307003,0.00688277087033748,0.0492895204262877
"3217","102438","Action_55","Morph_116","RM","Play","Stompingobject","StompObject.2","Sonso",0.0769610411361284,0.0148756660746004,0.0230905861456483
"3218","102266b","Action_45","Morph_100","RM","Play","Reach","Reach.1","Sonso",-0.127833371509885,0.0408525754884547,0.0801509769094138
"3219","100140","Action_17","Morph_39","RS","Moveaway","Hitobject","HitObject.1","Sonso",-0.579818495252942,0.0430728241563055,0.0559502664298401
"3220","100140","Action_17","Morph_39","RS","Moveaway","Hitobject","HitObject.1","Sonso",-0.44628710262842,0.0430728241563055,0.0559502664298401
"3221","100140","Action_17","Morph_39","RS","Moveaway","Hitobject","HitObject.1","Sonso",-0.44628710262842,0.0430728241563055,0.0559502664298401
"3222","100900","Action_57","Morph_120","RS","Play","Stompobject","StompObject.6","Sonso",-0.27443684570176,0.00133214920071048,0.0424067495559503
"3223","102437","Action_34","Morph_65","RS","Moveaway","Objectshake","ObjectShake.1","Sonso",0.712949807856125,0.0746003552397869,0.108792184724689
"3224","102440","Action_24","Morph_51","RS","Play","Jump","Jump.1","Sonso",-0.579818495252942,0.00732682060390764,0.00732682060390764
"3225","102437","Action_60","Morph_127","RS","Moveaway","Swing","Swing.1","Sonso",0.0392207131532813,0.0428507992895204,0.0475133214920071
"3226","102440","Action_20","Morph_49","RS","Play","Hitother","HitOther.5","Sonso",-0.579818495252942,0.00599467140319716,0.0404085257548845
"3227","102440","Action_50","Morph_108","RS","Play","Shake","Shake.2","Sonso",-0.328504066972036,0.00466252220248668,0.0122113676731794
"3228","102437","Action_60","Morph_127","RS","Moveaway","Swing","Swing.1","Sonso",0.806475865866949,0.0428507992895204,0.0475133214920071
"3229","101151","Action_33","Morph_62","RS","Play","Objectmove","ObjectMove.2","Sonso",1.00063188030791,0.00643872113676732,0.0406305506216696
"3230","101151","Action_50","Morph_107","RS","Play","Shake","Shake.1","Sonso",0.418710334858185,0.00355239786856128,0.0122113676731794
"3231","101151","Action_50","Morph_107","RS","Play","Shake","Shake.1","Sonso",0.542324290825362,0.00355239786856128,0.0122113676731794
"3232","101152","Action_14","Morph_30","RS","Play","Grab","Grab.2","Sonso",-1.02165124753198,0.00799289520426288,0.0353019538188277
"3233","101152","Action_14","Morph_29","RS","Play","Grab","Grab.1","Sonso",-0.510825623765991,0.00821492007104796,0.0353019538188277
"3234","101587","Action_38","Morph_75","RS","Directattention","Present","Present.1","Sonso",-0.0408219945202552,0.0170959147424512,0.0492895204262877
"3235","101273b","Action_34","Morph_65","RS","Play","Objectshake","ObjectShake.1","Sonso",1.28093384546206,0.0746003552397869,0.108792184724689
"3236","100387a","Action_21","Morph_42","RS","Play","Hittingobject","HitObject.4","Sonso",0.148420005118273,0.00599467140319716,0.00799289520426288
"3237","102209","Action_45","Morph_100","RS","Play","Reach","Reach.1","Sonso",-0.7339691750802,0.0408525754884547,0.0801509769094138
"3238","101703p2","Action_10","Morph_21","RS","Attendme","Drum","Drum.1","Sonso",0.0769610411361284,0.0033303730017762,0.0033303730017762
"3239","101588","Action_38","Morph_75","RS","Directattention","Present","Present.1","Sonso",0.631271776841858,0.0170959147424512,0.0492895204262877
"3240","102268","Action_2","Morph_4","RS","Travel","Bigloudscratch","BigLoudScratch.2","Sonso",0.307484699747961,0.019316163410302,0.0577264653641208
"3241","101200","Action_45","Morph_101","RS","Giveme","Reach","Reach.2","Sonso",-0.083381608939051,0.0370781527531083,0.0801509769094138
"3242","101200","Action_45","Morph_101","RS","Giveme","Reach","Reach.2","Sonso",0.444685821261446,0.0370781527531083,0.0801509769094138
"3243","101703p1","Action_47","Morph_103","RS","Attendme","Rockingsit","Rocking.1","Sonso",0.444685821261446,0.00377442273534636,0.00377442273534636
"3244","101703p1","Action_10","Morph_21","RS","Attendme","Drum","Drum.1","Sonso",0.858661619037519,0.0033303730017762,0.0033303730017762
"3245","101703p1","Action_27","Morph_54","RS","Attendme","Leafclip","LeafClip.1","Sonso",1.24703229378638,0.0044404973357016,0.00599467140319716
"3246","101702","Action_10","Morph_21","RS","Attendme","Drum","Drum.1","Sonso",0.672944473242426,0.0033303730017762,0.0033303730017762
"3247","101034","Action_39","Morph_82","SB","Giveme","Presentgenitalsbackwards","PresentGenitals.1","Sonso",0.89199803930511,0.0295293072824156,0.033303730017762
"3248","100995a","Action_45","Morph_100","SE","Giveme","Reach","Reach.1","Sonso",-0.287682072451781,0.0408525754884547,0.0801509769094138
"3249","100859","Action_2","Morph_4","SM","Groom","Bigloudscratch","BigLoudScratch.2","Sonso",0.587786664902119,0.019316163410302,0.0577264653641208
"3250","100231","Action_17","Morph_39","SM","Moveaway","Hitobject","HitObject.1","Sonso",-1.02165124753198,0.0430728241563055,0.0559502664298401
"3251","100231","Action_17","Morph_39","SM","Moveaway","Hitobject","HitObject.1","Sonso",-0.328504066972036,0.0430728241563055,0.0559502664298401
"3252","100978a","Action_45","Morph_101","SM","Giveme","Reach","Reach.2","Sonso",0.307484699747961,0.0370781527531083,0.0801509769094138
"3253","100001a","Action_63","Morph_136","SM","Staysame","Touch","Touch.5","Sonso",-1.02165124753198,0.00421847246891652,0.0341918294849023
"3254","100979","Action_45","Morph_101","SM","Giveme","Reach","Reach.2","Sonso",-0.7339691750802,0.0370781527531083,0.0801509769094138
"3255","100128b","Action_40","Morph_82","SM","Sexualattention","Presentgenitalsforwards","PresentGenitals.1","Sonso",-0.083381608939051,0.0295293072824156,0.00199822380106572
"3256","102246a","Action_2","Morph_4","SQ","Groom","Bigloudscratch","BigLoudScratch.2","Sonso",1.01523067972906,0.019316163410302,0.0577264653641208
"3257","102442b","Action_38","Morph_75","SQ","Directattention","Present","Present.1","Sonso",0.8754687373539,0.0170959147424512,0.0492895204262877
"3258","102248","Action_38","Morph_75","SQ","Groom","Present","Present.1","Sonso",0.56531380905006,0.0170959147424512,0.0492895204262877
"3259","102080","Action_38","Morph_75","SQ","Directattention","Present","Present.1","Sonso",0.940007258491471,0.0170959147424512,0.0492895204262877
"3260","102231","Action_2","Morph_4","SQ","Groom","Bigloudscratch","BigLoudScratch.2","Sonso",0.364643113587909,0.019316163410302,0.0577264653641208
"3261","102230","Action_42","Morph_89","SQ","Position","Push","Push.2","Sonso",-0.579818495252942,0.00355239786856128,0.0466252220248668
"3262","102247","Action_2","Morph_4","SQ","Directattention","Bigloudscratch","BigLoudScratch.2","Sonso",0.494696241836107,0.019316163410302,0.0577264653641208
"3263","102248","Action_38","Morph_75","SQ","Groom","Present","Present.1","Sonso",0.246860077931526,0.0170959147424512,0.0492895204262877
"3264","102247","Action_38","Morph_77","SQ","Directattention","Present","Present.3","Sonso",-0.174353387144778,0.00466252220248668,0.0492895204262877
"3265","100369a","Action_2","Morph_4","SQ","Groom","Bigloudscratch","BigLoudScratch.2","Sonso",0.494696241836107,0.019316163410302,0.0577264653641208
"3266","100369a","Action_2","Morph_4","SQ","Groom","Bigloudscratch","BigLoudScratch.2","Sonso",0.364643113587909,0.019316163410302,0.0577264653641208
"3267","101540","Action_63","Morph_132","SQ","Play","Touch","Touch.1","Sonso",-0.82098055206983,0.0104351687388988,0.0341918294849023
"3268","101540","Action_63","Morph_132","SQ","Play","Touch","Touch.1","Sonso",-0.82098055206983,0.0104351687388988,0.0341918294849023
"3269","101540","Action_15","Morph_36","SQ","Play","Grabhold","GrabHold.2","Sonso",0.806475865866949,0.005550621669627,0.0204262877442274
"3270","101540","Action_63","Morph_132","SQ","Play","Touch","Touch.1","Sonso",-0.579818495252942,0.0104351687388988,0.0341918294849023
"3271","100176a","Action_2","Morph_6","SQ","Travel","Bigloudscratch","BigLoudScratch.4","Sonso",0.113328685307003,0.00421847246891652,0.0577264653641208
"3272","100176a","Action_2","Morph_3","SQ","Travel","Bigloudscratch","BigLoudScratch.1","Sonso",0.392042087776024,0.0215364120781528,0.0577264653641208
"3273","100176a","Action_2","Morph_3","SQ","Travel","Bigloudscratch","BigLoudScratch.1","Sonso",0.307484699747961,0.0215364120781528,0.0577264653641208
"3274","100176a","Action_2","Morph_4","SQ","Travel","Bigloudscratch","BigLoudScratch.2","Sonso",0.364643113587909,0.019316163410302,0.0577264653641208
"3275","101982a","Action_2","Morph_3","SQ","Groom","Bigloudscratch","BigLoudScratch.1","Sonso",1.00063188030791,0.0215364120781528,0.0577264653641208
"3276","101980a","Action_2","Morph_3","SQ","Groom","Bigloudscratch","BigLoudScratch.1","Sonso",0.494696241836107,0.0215364120781528,0.0577264653641208
"3277","101981a","Action_2","Morph_4","SQ","Groom","Bigloudscratch","BigLoudScratch.2","Sonso",0.364643113587909,0.019316163410302,0.0577264653641208
"3278","100309","Action_2","Morph_4","SQ","Directattention","Bigloudscratch","BigLoudScratch.2","Sonso",0.494696241836107,0.019316163410302,0.0577264653641208
"3279","100309","Action_38","Morph_77","SQ","Directattention","Present","Present.3","Sonso",0,0.00466252220248668,0.0492895204262877
"3280","100315","Action_38","Morph_75","SQ","Groom","Present","Present.1","Sonso",-1.6094379124341,0.0170959147424512,0.0492895204262877
"3281","100235","Action_42","Morph_91","SQ","Position","Push","Push.4","Sonso",0.0392207131532813,0.00932504440497336,0.0466252220248668
"3282","100292b","Action_64","Morph_135","SQ","Affiliation","Touchlongother","Touch.4","Sonso",0.89199803930511,0.00488454706927176,0.0175399644760213
"3283","100193b","Action_64","Morph_132","SQ","Support","Touchlongother","Touch.1","Sonso",0.955511445027436,0.0104351687388988,0.0175399644760213
"3284","101759b","Action_2","Morph_3","SQ","Directattention","Bigloudscratch","BigLoudScratch.1","Sonso",-0.328504066972036,0.0215364120781528,0.0577264653641208
"3285","101758a","Action_2","Morph_4","SQ","Groom","Bigloudscratch","BigLoudScratch.2","Sonso",0.806475865866949,0.019316163410302,0.0577264653641208
"3286","101761","Action_2","Morph_6","SQ","Directattention","Bigloudscratch","BigLoudScratch.4","Sonso",0.307484699747961,0.00421847246891652,0.0577264653641208
"3287","100286a","Action_39","Morph_83","SQ","Travel","Presentgenitalsbackwards","PresentGenitals.2","Sonso",-0.44628710262842,0.00577264653641208,0.033303730017762
"3288","100099","Action_39","Morph_83","ST","Staysame","Presentgenitalsbackwards","PresentGenitals.2","Sonso",0.0769610411361284,0.00577264653641208,0.033303730017762
"3289","101750","Action_45","Morph_100","ST","Playcontinue","Reach","Reach.1","Sonso",-0.82098055206983,0.0408525754884547,0.0801509769094138
"3290","100276a","Action_39","Morph_83","ST","Giveme","Presentgenitalsbackwards","PresentGenitals.2","Sonso",0.364643113587909,0.00577264653641208,0.033303730017762
"3291","100237a","Action_43","Morph_96","ST","Moveclose","Raise","Raise.1","Sonso",0.215111379616945,0.00865896980461812,0.0113232682060391
"3292","100025b","Action_39","Morph_83","ST","Affiliation","Presentgenitalsbackwards","PresentGenitals.2","Sonso",-0.27443684570176,0.00577264653641208,0.033303730017762
"3293","101416","Action_38","Morph_76","TK","Directattention","Present","Present.2","Sonso",0.858661619037519,0.0135435168738899,0.0492895204262877
"3294","102392","Action_45","Morph_101","TK","Giveme","Reach","Reach.2","Sonso",-0.579818495252942,0.0370781527531083,0.0801509769094138
"3295","102392","Action_45","Morph_101","TK","Giveme","Reach","Reach.2","Sonso",0,0.0370781527531083,0.0801509769094138
"3296","102391","Action_45","Morph_101","TK","Giveme","Reach","Reach.2","Sonso",0.494696241836107,0.0370781527531083,0.0801509769094138
"3297","102393","Action_64","Morph_138","TK","Giveme","Touchlongother","Touch.7","Sonso",0.824175442966349,0.0044404973357016,0.0175399644760213
"3298","102385a","Action_45","Morph_101","TK","Giveme","Reach","Reach.2","Sonso",0.518793793415168,0.0370781527531083,0.0801509769094138
"3299","102387","Action_45","Morph_101","TK","Giveme","Reach","Reach.2","Sonso",-0.385662480811985,0.0370781527531083,0.0801509769094138
"3300","102392","Action_45","Morph_101","TK","Giveme","Reach","Reach.2","Sonso",0.246860077931526,0.0370781527531083,0.0801509769094138
"3301","102385a","Action_45","Morph_101","TK","Giveme","Reach","Reach.2","Sonso",0.392042087776024,0.0370781527531083,0.0801509769094138
"3302","102393","Action_42","Morph_91","TK","Giveme","Push","Push.4","Sonso",-0.385662480811985,0.00932504440497336,0.0466252220248668
"3303","102393","Action_45","Morph_101","TK","Giveme","Reach","Reach.2","Sonso",0.470003629245736,0.0370781527531083,0.0801509769094138
"3304","102392","Action_59","Morph_125","TK","Giveme","Stroke","Stroke.2","Sonso",1.02961941718116,0.00155417406749556,0.00377442273534636
"3305","102389","Action_45","Morph_101","TK","Giveme","Reach","Reach.2","Sonso",-0.653926467406664,0.0370781527531083,0.0801509769094138
"3306","102392","Action_45","Morph_101","TK","Giveme","Reach","Reach.2","Sonso",0.0392207131532813,0.0370781527531083,0.0801509769094138
"3307","102390","Action_64","Morph_140","TK","Giveme","Touchlongother","Touch.9","Sonso",0.770108221696074,0.00399644760213144,0.0175399644760213
"3308","102392","Action_45","Morph_101","TK","Giveme","Reach","Reach.2","Sonso",-0.22314355131421,0.0370781527531083,0.0801509769094138
"3309","101721","Action_39","Morph_83","TK","Sociosexualattention","Presentgenitalsbackwards","PresentGenitals.2","Sonso",0.444685821261446,0.00577264653641208,0.033303730017762
"3310","100694","Action_38","Morph_75","TK","Groom","Present","Present.1","Sonso",0.215111379616945,0.0170959147424512,0.0492895204262877
"3311","100409b","Action_50","Morph_107","TK","Play","Shake","Shake.1","Sonso",-0.7339691750802,0.00355239786856128,0.0122113676731794
"3312","102068","Action_38","Morph_79","TK","Directattention","Present","Present.5","Sonso",0.518793793415168,0.00688277087033748,0.0492895204262877
"3313","100083","Action_39","Morph_82","VR","Sexualattention","Presentgenitalsbackwards","PresentGenitals.1","Sonso",0.940007258491471,0.0295293072824156,0.033303730017762
"3314","100005","Action_39","Morph_82","WL","Sexualattention","Presentgenitalsbackwards","PresentGenitals.1","Sonso",-0.0408219945202552,0.0295293072824156,0.033303730017762
"3315","100841","Action_38","Morph_78","WL","Directattention","Present","Present.4","Sonso",0.444685821261446,0.00288632326820604,0.0492895204262877
"3316","100838","Action_38","Morph_78","WL","Directattention","Present","Present.4","Sonso",-0.174353387144778,0.00288632326820604,0.0492895204262877
"3317","100237b","Action_45","Morph_101","WL","Moveclose","Reach","Reach.2","Sonso",-0.27443684570176,0.0370781527531083,0.0801509769094138
"3318","100184","Action_42","Morph_88","WL","Moveclose","Push","Push.1","Sonso",-0.328504066972036,0.0106571936056838,0.0466252220248668
"3319","101695","Action_39","Morph_82","WL","Sexualattention","Presentgenitalsbackwards","PresentGenitals.1","Sonso",-0.083381608939051,0.0295293072824156,0.033303730017762
"3320","100208","Action_60","Morph_127","ZD","Playcontinue","Swing","Swing.1","Sonso",0.0392207131532813,0.0428507992895204,0.0475133214920071
"3321","100207","Action_60","Morph_127","ZD","Playcontinue","Swing","Swing.1","Sonso",0.392042087776024,0.0428507992895204,0.0475133214920071
"3322","100970b","Action_33","Morph_61","ZD","Play","Objectmove","ObjectMove.1","Sonso",-0.44628710262842,0.0317495559502664,0.0406305506216696
"3323","101070","Action_20","Morph_45","ZD","Play","Hitother","HitOther.1","Sonso",-0.083381608939051,0.0202042628774423,0.0404085257548845
"3324","101070","Action_8","Morph_19","ZD","Play","Dangle","Dangle.1","Sonso",-0.653926467406664,0.0484014209591474,0.0484014209591474
"3325","100969","Action_17","Morph_39","ZD","Playcontinue","Hitobject","HitObject.1","Sonso",-0.27443684570176,0.0430728241563055,0.0559502664298401
"3326","101906","Action_38","Morph_79","ZD","Staysame","Present","Present.5","Sonso",-0.916290731874155,0.00688277087033748,0.0492895204262877
"3327","100103a","Action_57","Morph_115","ZD","Play","Stompobject","StompObject.1","Sonso",0.364643113587909,0.0337477797513321,0.0424067495559503
"3328","100103a","Action_17","Morph_39","ZD","Play","Hitobject","HitObject.1","Sonso",-0.44628710262842,0.0430728241563055,0.0559502664298401
"3329","100103a","Action_57","Morph_115","ZD","Play","Stompobject","StompObject.1","Sonso",-0.22314355131421,0.0337477797513321,0.0424067495559503
"3330","100960","Action_20","Morph_45","ZD","Play","Hitother","HitOther.1","Sonso",-0.385662480811985,0.0202042628774423,0.0404085257548845
"3331","100966a","Action_60","Morph_127","ZD","Play","Swing","Swing.1","Sonso",-0.44628710262842,0.0428507992895204,0.0475133214920071
"3332","101455a","Action_60","Morph_127","ZD","Play","Swing","Swing.1","Sonso",-0.083381608939051,0.0428507992895204,0.0475133214920071
"3333","101565b","Action_8","Morph_19","ZD","Play","Dangle","Dangle.1","Sonso",0.0769610411361284,0.0484014209591474,0.0484014209591474
"3334","101453","Action_20","Morph_45","ZD","Play","Hitother","HitOther.1","Sonso",-0.174353387144778,0.0202042628774423,0.0404085257548845
"3335","100192","Action_50","Morph_108","ZD","Play","Shake","Shake.2","Sonso",0.609765571620894,0.00466252220248668,0.0122113676731794
"3336","101884","Action_14","Morph_29","ZD","Playcontinue","Grab","Grab.1","Sonso",-0.328504066972036,0.00821492007104796,0.0353019538188277
"3337","101885","Action_55","Morph_116","ZD","Stopbehaviour","Stompingobject","StompObject.2","Sonso",0.336472236621213,0.0148756660746004,0.0230905861456483
"3338","101957","Action_14","Morph_33","ZD","Play","Grab","Grab.5","Sonso",-0.82098055206983,0.0033303730017762,0.0353019538188277
"3339","101966a","Action_57","Morph_115","ZD","Stopbehaviour","Stompobject","StompObject.1","Sonso",-0.083381608939051,0.0337477797513321,0.0424067495559503
"3340","101885","Action_57","Morph_115","ZD","Stopbehaviour","Stompobject","StompObject.1","Sonso",-1.02165124753198,0.0337477797513321,0.0424067495559503
"3341","101461","Action_8","Morph_19","ZD","Play","Dangle","Dangle.1","Sonso",0.609765571620894,0.0484014209591474,0.0484014209591474
"3342","101966a","Action_53","Morph_113","ZD","Stopbehaviour","Spinsomersault","SpinSomersault.1","Sonso",0.56531380905006,0.00799289520426288,0.00799289520426288
"3343","101568","Action_8","Morph_19","ZD","Playcontinue","Dangle","Dangle.1","Sonso",-1.13943428318836,0.0484014209591474,0.0484014209591474
"3344","101567a","Action_60","Morph_127","ZD","Playcontinue","Swing","Swing.1","Sonso",0.0769610411361284,0.0428507992895204,0.0475133214920071
"3345","100017","Action_38","Morph_79","ZD","Directattention","Present","Present.5","Sonso",0.444685821261446,0.00688277087033748,0.0492895204262877
"3346","101566a","Action_57","Morph_115","ZD","Playcontinue","Stompobject","StompObject.1","Sonso",-0.385662480811985,0.0337477797513321,0.0424067495559503
"3347","100016","Action_38","Morph_75","ZD","Directattention","Present","Present.1","Sonso",0.65232518603969,0.0170959147424512,0.0492895204262877
"3348","101166","Action_60","Morph_127","ZD","Play","Swing","Swing.1","Sonso",-0.579818495252942,0.0428507992895204,0.0475133214920071
"3349","101567a","Action_8","Morph_19","ZD","Playcontinue","Dangle","Dangle.1","Sonso",0.148420005118273,0.0484014209591474,0.0484014209591474
"3350","102059a","Action_16","Morph_38","ZD","Play","Headstand","HeadStand.1","Sonso",-0.127833371509885,0.0066607460035524,0.0066607460035524
"3351","100885a","Action_17","Morph_39","ZD","Play","Hitobject","HitObject.1","Sonso",-0.328504066972036,0.0430728241563055,0.0559502664298401
"3352","101778","Action_13","Morph_27","ZD","Staysame","Fling","Fling.1","Sonso",-1.02165124753198,0.00688277087033748,0.0117673179396092
"3353","101778","Action_57","Morph_120","ZD","Staysame","Stompobject","StompObject.6","Sonso",-0.7339691750802,0.00133214920071048,0.0424067495559503
"3354","100457a","Action_60","Morph_127","ZD","Playcontinue","Swing","Swing.1","Sonso",-0.44628710262842,0.0428507992895204,0.0475133214920071
"3355","100456","Action_34","Morph_65","ZD","Play","Objectshake","ObjectShake.1","Sonso",0.518793793415168,0.0746003552397869,0.108792184724689
"3356","101778","Action_21","Morph_42","ZD","Staysame","Hittingobject","HitObject.4","Sonso",-1.02165124753198,0.00599467140319716,0.00799289520426288
"3357","101778","Action_24","Morph_51","ZD","Staysame","Jump","Jump.1","Sonso",-1.27296567581289,0.00732682060390764,0.00732682060390764
"3358","100233b","Action_39","Morph_83","ZD","Affiliation","Presentgenitalsbackwards","PresentGenitals.2","Sonso",-0.44628710262842,0.00577264653641208,0.033303730017762
"3359","100991a","Action_13","Morph_27","ZD","Moveaway","Fling","Fling.1","Sonso",-1.02165124753198,0.00688277087033748,0.0117673179396092
"3360","101924","Action_38","Morph_79","ZD","Staysame","Present","Present.5","Sonso",0.307484699747961,0.00688277087033748,0.0492895204262877
"3361","102082","Action_45","Morph_100","ZD","Staysame","Reach","Reach.1","Sonso",-0.7339691750802,0.0408525754884547,0.0801509769094138
"3362","101722","Action_17","Morph_39","ZD","Play","Hitobject","HitObject.1","Sonso",-0.385662480811985,0.0430728241563055,0.0559502664298401
"3363","101288","Action_8","Morph_19","ZD","Play","Dangle","Dangle.1","Sonso",0.0392207131532813,0.0484014209591474,0.0484014209591474
"3364","101288","Action_60","Morph_127","ZD","Play","Swing","Swing.1","Sonso",0.113328685307003,0.0428507992895204,0.0475133214920071
"3365","101289","Action_14","Morph_33","ZD","Moveclose","Grab","Grab.5","Sonso",-0.82098055206983,0.0033303730017762,0.0353019538188277
"3366","101722","Action_20","Morph_45","ZD","Play","Hitother","HitOther.1","Sonso",-0.22314355131421,0.0202042628774423,0.0404085257548845
"3367","101289","Action_37","Morph_74","ZD","Moveclose","Poke","Poke.1","Sonso",-0.127833371509885,0.00266429840142096,0.00266429840142096
"3368","101289","Action_45","Morph_100","ZD","Moveclose","Reach","Reach.1","Sonso",0.215111379616945,0.0408525754884547,0.0801509769094138
"3369","101614b","Action_14","Morph_32","ZD","Play","Grab","Grab.4","Sonso",-0.653926467406664,0.00754884547069272,0.0353019538188277
"3370","101614b","Action_8","Morph_19","ZD","Play","Dangle","Dangle.1","Sonso",-0.385662480811985,0.0484014209591474,0.0484014209591474
"3371","101165","Action_14","Morph_30","ZD","Play","Grab","Grab.2","Sonso",-1.02165124753198,0.00799289520426288,0.0353019538188277
"3372","101471","Action_34","Morph_65","ZD","Moveaway","Objectshake","ObjectShake.1","Sonso",0.908258560176891,0.0746003552397869,0.108792184724689
"3373","101471","Action_57","Morph_115","ZD","Moveaway","Stompobject","StompObject.1","Sonso",-0.510825623765991,0.0337477797513321,0.0424067495559503
"3374","101615","Action_57","Morph_115","ZD","Playcontinue","Stompobject","StompObject.1","Sonso",-0.7339691750802,0.0337477797513321,0.0424067495559503
"3375","101614b","Action_3","Morph_9","ZD","Play","Bite","Bite.1","Sonso",-0.653926467406664,0.0044404973357016,0.0168738898756661
"3376","101471","Action_34","Morph_65","ZD","Moveaway","Objectshake","ObjectShake.1","Sonso",0.113328685307003,0.0746003552397869,0.108792184724689
"3377","101181","Action_63","Morph_134","ZD","Playcontinue","Touch","Touch.3","Sonso",-0.385662480811985,0.00488454706927176,0.0341918294849023
"3378","101182","Action_41","Morph_85","ZD","Playcontinue","Pull","Pull.2","Sonso",-0.0408219945202552,0.00643872113676732,0.0253108348134991
"3379","101289","Action_60","Morph_127","ZD","Moveclose","Swing","Swing.1","Sonso",-0.328504066972036,0.0428507992895204,0.0475133214920071
"3380","101471","Action_34","Morph_65","ZD","Moveaway","Objectshake","ObjectShake.1","Sonso",0.985816794522765,0.0746003552397869,0.108792184724689
"3381","102174a","Action_45","Morph_100","ZD","Sexualattention","Reach","Reach.1","Sonso",-0.916290731874155,0.0408525754884547,0.0801509769094138
"3382","101291","Action_32","Morph_60","ZD","Play","Objectmouth","ObjectMouth.1","Sonso",0.0392207131532813,0.00466252220248668,0.00466252220248668
"3383","101852","Action_63","Morph_132","ZD","Staysame","Touch","Touch.1","Sonso",-0.916290731874155,0.0104351687388988,0.0341918294849023
"3384","101031","Action_17","Morph_39","ZD","Giveme","Hitobject","HitObject.1","Sonso",-0.27443684570176,0.0430728241563055,0.0559502664298401
"3385","101031","Action_45","Morph_100","ZD","Giveme","Reach","Reach.1","Sonso",-2.12026353620009,0.0408525754884547,0.0801509769094138
"3386","101031","Action_17","Morph_40","ZD","Giveme","Hitobject","HitObject.2","Sonso",0,0.0119893428063943,0.0559502664298401
"3387","101031","Action_17","Morph_39","ZD","Giveme","Hitobject","HitObject.1","Sonso",-0.653926467406664,0.0430728241563055,0.0559502664298401
"3388","100997","Action_45","Morph_100","ZD","Giveme","Reach","Reach.1","Sonso",0.113328685307003,0.0408525754884547,0.0801509769094138
"3389","100997","Action_45","Morph_100","ZD","Giveme","Reach","Reach.1","Sonso",0.364643113587909,0.0408525754884547,0.0801509769094138
"3390","100997","Action_45","Morph_100","ZD","Giveme","Reach","Reach.1","Sonso",-0.44628710262842,0.0408525754884547,0.0801509769094138
"3391","100997","Action_45","Morph_100","ZD","Giveme","Reach","Reach.1","Sonso",-0.653926467406664,0.0408525754884547,0.0801509769094138
"3392","101031","Action_43","Morph_96","ZD","Giveme","Raise","Raise.1","Sonso",-0.7339691750802,0.00865896980461812,0.0113232682060391
"3393","101031","Action_43","Morph_96","ZD","Giveme","Raise","Raise.1","Sonso",-0.174353387144778,0.00865896980461812,0.0113232682060391
"3394","100997","Action_45","Morph_100","ZD","Giveme","Reach","Reach.1","Sonso",-1.02165124753198,0.0408525754884547,0.0801509769094138
"3395","101031","Action_45","Morph_100","ZD","Giveme","Reach","Reach.1","Sonso",-0.510825623765991,0.0408525754884547,0.0801509769094138
"3396","100997","Action_45","Morph_100","ZD","Giveme","Reach","Reach.1","Sonso",-0.916290731874155,0.0408525754884547,0.0801509769094138
"3397","101031","Action_50","Morph_110","ZD","Giveme","Shake","Shake.4","Sonso",-1.13943428318836,0.00399644760213144,0.0122113676731794
"3398","100997","Action_45","Morph_100","ZD","Giveme","Reach","Reach.1","Sonso",-0.22314355131421,0.0408525754884547,0.0801509769094138
"3399","100997","Action_45","Morph_100","ZD","Giveme","Reach","Reach.1","Sonso",-0.385662480811985,0.0408525754884547,0.0801509769094138
"3400","100455b","Action_17","Morph_39","ZD","Playcontinue","Hitobject","HitObject.1","Sonso",-0.083381608939051,0.0430728241563055,0.0559502664298401
"3401","101952a","Action_57","Morph_115","ZD","Play","Stompobject","StompObject.1","Sonso",-0.579818495252942,0.0337477797513321,0.0424067495559503
"3402","101480","Action_20","Morph_46","ZD","Play","Hitother","HitOther.2","Sonso",-0.510825623765991,0.00932504440497336,0.0404085257548845
"3403","101955","Action_60","Morph_127","ZD","Playcontinue","Swing","Swing.1","Sonso",0.0392207131532813,0.0428507992895204,0.0475133214920071
"3404","101952a","Action_34","Morph_68","ZD","Play","Objectshake","ObjectShake.4","Sonso",0.8754687373539,0.00288632326820604,0.108792184724689
"3405","101072a","Action_57","Morph_115","ZD","Play","Stompobject","StompObject.1","Sonso",-0.44628710262842,0.0337477797513321,0.0424067495559503
"3406","100446b","Action_14","Morph_29","ZD","Play","Grab","Grab.1","Sonso",-1.02165124753198,0.00821492007104796,0.0353019538188277
"3407","100455b","Action_17","Morph_39","ZD","Playcontinue","Hitobject","HitObject.1","Sonso",-0.27443684570176,0.0430728241563055,0.0559502664298401
"3408","100423a","Action_60","Morph_128","ZD","Play","Swing","Swing.2","Sonso",0.246860077931526,0.00310834813499112,0.0475133214920071
"3409","100416","Action_14","Morph_30","ZD","Play","Grab","Grab.2","Sonso",-0.579818495252942,0.00799289520426288,0.0353019538188277
"3410","101072a","Action_34","Morph_65","ZD","Play","Objectshake","ObjectShake.1","Sonso",1.24703229378638,0.0746003552397869,0.108792184724689
"3411","100400a","Action_60","Morph_127","ZD","Playcontinue","Swing","Swing.1","Sonso",-0.579818495252942,0.0428507992895204,0.0475133214920071
"3412","102128b","Action_45","Morph_100","ZD","Play","Reach","Reach.1","Sonso",-1.02165124753198,0.0408525754884547,0.0801509769094138
"3413","100405","Action_15","Morph_35","ZD","Playcontinue","Grabhold","GrabHold.1","Sonso",-0.174353387144778,0.00932504440497336,0.0204262877442274
"3414","100406b","Action_14","Morph_32","ZD","Play","Grab","Grab.4","Sonso",-1.27296567581289,0.00754884547069272,0.0353019538188277
"3415","100412","Action_60","Morph_127","ZD","Play","Swing","Swing.1","Sonso",0.215111379616945,0.0428507992895204,0.0475133214920071
"3416","101272a","Action_14","Morph_32","ZD","Playcontinue","Grab","Grab.4","Sonso",0.0392207131532813,0.00754884547069272,0.0353019538188277
"3417","100301","Action_8","Morph_19","ZD","Playcontinue","Dangle","Dangle.1","Sonso",0.113328685307003,0.0484014209591474,0.0484014209591474
"3418","101054","Action_8","Morph_19","ZD","Playcontinue","Dangle","Dangle.1","Sonso",-0.7339691750802,0.0484014209591474,0.0484014209591474
"3419","101272a","Action_15","Morph_36","ZD","Playcontinue","Grabhold","GrabHold.2","Sonso",0.712949807856125,0.005550621669627,0.0204262877442274
"3420","100846","Action_14","Morph_30","ZD","Playcontinue","Grab","Grab.2","Sonso",-0.82098055206983,0.00799289520426288,0.0353019538188277
"3421","101825","Action_14","Morph_33","ZD","Moveaway","Grab","Grab.5","Sonso",0.215111379616945,0.0033303730017762,0.0353019538188277
"3422","100405","Action_3","Morph_9","ZD","Playcontinue","Bite","Bite.1","Sonso",-0.579818495252942,0.0044404973357016,0.0168738898756661
"3423","100420b","Action_14","Morph_29","ZD","Play","Grab","Grab.1","Sonso",-0.7339691750802,0.00821492007104796,0.0353019538188277
"3424","102252","Action_8","Morph_19","ZD","Play","Dangle","Dangle.1","Sonso",0.182321556793955,0.0484014209591474,0.0484014209591474
"3425","100412","Action_61","Morph_130","ZD","Play","Throwobject","ThrowObject.1","Sonso",-0.174353387144778,0.00244227353463588,0.00244227353463588
"3426","102252","Action_60","Morph_127","ZD","Play","Swing","Swing.1","Sonso",0.0769610411361284,0.0428507992895204,0.0475133214920071
"3427","100847","Action_14","Morph_29","ZD","Playcontinue","Grab","Grab.1","Sonso",0.148420005118273,0.00821492007104796,0.0353019538188277
"3428","100301","Action_60","Morph_127","ZD","Playcontinue","Swing","Swing.1","Sonso",0.215111379616945,0.0428507992895204,0.0475133214920071
"3429","100406b","Action_45","Morph_100","ZD","Play","Reach","Reach.1","Sonso",-0.44628710262842,0.0408525754884547,0.0801509769094138
"3430","101054","Action_9","Morph_20","ZD","Playcontinue","Dangleshake","DangleShake.1","Sonso",0.908258560176891,0.00710479573712256,0.00710479573712256
"3431","101968b","Action_34","Morph_68","ZD","Stopbehaviour","Objectshake","ObjectShake.4","Sonso",0.113328685307003,0.00288632326820604,0.108792184724689
"3432","100415","Action_20","Morph_49","ZD","Play","Hitother","HitOther.5","Sonso",0.0769610411361284,0.00599467140319716,0.0404085257548845
"3433","101482b","Action_32","Morph_60","ZD","Play","Objectmouth","ObjectMouth.1","Sonso",0.444685821261446,0.00466252220248668,0.00466252220248668
"3434","100401a","Action_57","Morph_115","ZD","Play","Stompobject","StompObject.1","Sonso",-0.174353387144778,0.0337477797513321,0.0424067495559503
"3435","100401a","Action_60","Morph_127","ZD","Play","Swing","Swing.1","Sonso",0.148420005118273,0.0428507992895204,0.0475133214920071
"3436","100410","Action_8","Morph_19","ZD","Play","Dangle","Dangle.1","Sonso",-0.510825623765991,0.0484014209591474,0.0484014209591474
"3437","100412","Action_9","Morph_20","ZD","Play","Dangleshake","DangleShake.1","Sonso",0.609765571620894,0.00710479573712256,0.00710479573712256
"3438","101825","Action_63","Morph_133","ZD","Moveaway","Touch","Touch.2","Sonso",0.418710334858185,0.00754884547069272,0.0341918294849023
"3439","100399","Action_9","Morph_20","ZD","Play","Dangleshake","DangleShake.1","Sonso",0.56531380905006,0.00710479573712256,0.00710479573712256
"3440","100412","Action_14","Morph_34","ZD","Play","Grab","Grab.6","Sonso",-0.579818495252942,0.00355239786856128,0.0353019538188277
"3441","100400a","Action_50","Morph_110","ZD","Playcontinue","Shake","Shake.4","Sonso",0.148420005118273,0.00399644760213144,0.0122113676731794
"3442","100412","Action_3","Morph_11","ZD","Play","Bite","Bite.3","Sonso",-0.653926467406664,0.00310834813499112,0.0168738898756661
"3443","100846","Action_41","Morph_85","ZD","Playcontinue","Pull","Pull.2","Sonso",-0.328504066972036,0.00643872113676732,0.0253108348134991
"3444","101968b","Action_55","Morph_116","ZD","Stopbehaviour","Stompingobject","StompObject.2","Sonso",-0.27443684570176,0.0148756660746004,0.0230905861456483
"3445","100272","Action_59","Morph_125","ZD","Giveme","Stroke","Stroke.2","Sonso",0.712949807856125,0.00155417406749556,0.00377442273534636
"3446","101420","Action_42","Morph_93","ZD","Position","Push","Push.6","Sonso",-0.653926467406664,0.0066607460035524,0.0466252220248668
"3447","100862","Action_2","Morph_5","ZD","Directattention","Bigloudscratch","BigLoudScratch.3","Sonso",0.246860077931526,0.0119893428063943,0.0577264653641208
"3448","101442","Action_38","Morph_76","ZD","Groom","Present","Present.2","Sonso",-0.0408219945202552,0.0135435168738899,0.0492895204262877
"3449","100118","Action_45","Morph_101","ZD","Giveme","Reach","Reach.2","Sonso",-0.385662480811985,0.0370781527531083,0.0801509769094138
"3450","100031","Action_38","Morph_75","ZD","Directattention","Present","Present.1","Sonso",0.27763173659828,0.0170959147424512,0.0492895204262877
"3451","101983","Action_2","Morph_4","ZD","Groom","Bigloudscratch","BigLoudScratch.2","Sonso",0.712949807856125,0.019316163410302,0.0577264653641208
"3452","101432","Action_38","Morph_79","ZD","Groom","Present","Present.5","Sonso",-0.27443684570176,0.00688277087033748,0.0492895204262877
"3453","101437a","Action_38","Morph_76","ZD","Groom","Present","Present.2","Sonso",-0.7339691750802,0.0135435168738899,0.0492895204262877
"3454","100117","Action_64","Morph_140","ZD","Giveme","Touchlongother","Touch.9","Sonso",0.806475865866949,0.00399644760213144,0.0175399644760213
"3455","101431","Action_2","Morph_3","ZD","Groom","Bigloudscratch","BigLoudScratch.1","Sonso",0.246860077931526,0.0215364120781528,0.0577264653641208
"3456","102255a","Action_38","Morph_76","ZD","Groom","Present","Present.2","Sonso",0.0392207131532813,0.0135435168738899,0.0492895204262877
"3457","101440a","Action_38","Morph_76","ZD","Groom","Present","Present.2","Sonso",-0.0408219945202552,0.0135435168738899,0.0492895204262877
"3458","102255a","Action_2","Morph_3","ZD","Groom","Bigloudscratch","BigLoudScratch.1","Sonso",0.494696241836107,0.0215364120781528,0.0577264653641208
"3459","101441","Action_38","Morph_76","ZD","Groom","Present","Present.2","Sonso",0.246860077931526,0.0135435168738899,0.0492895204262877
"3460","101313","Action_38","Morph_75","ZD","Groom","Present","Present.1","Sonso",0.751416088683921,0.0170959147424512,0.0492895204262877
"3461","101421","Action_38","Morph_76","ZD","Position","Present","Present.2","Sonso",-0.27443684570176,0.0135435168738899,0.0492895204262877
"3462","101315","Action_2","Morph_5","ZD","Groom","Bigloudscratch","BigLoudScratch.3","Sonso",0.444685821261446,0.0119893428063943,0.0577264653641208
"3463","101443","Action_38","Morph_78","ZD","Groom","Present","Present.4","Sonso",0.470003629245736,0.00288632326820604,0.0492895204262877
"3464","100018","Action_38","Morph_77","ZD","Directattention","Present","Present.3","Sonso",0.246860077931526,0.00466252220248668,0.0492895204262877
"3465","101307","Action_38","Morph_75","ZD","Groom","Present","Present.1","Sonso",0.364643113587909,0.0170959147424512,0.0492895204262877
"3466","101983","Action_38","Morph_76","ZD","Groom","Present","Present.2","Sonso",-0.27443684570176,0.0135435168738899,0.0492895204262877
"3467","102051","Action_2","Morph_3","ZD","Groom","Bigloudscratch","BigLoudScratch.1","Sonso",0.0392207131532813,0.0215364120781528,0.0577264653641208
"3468","101439","Action_42","Morph_92","ZD","Position","Push","Push.5","Sonso",-0.916290731874155,0.0066607460035524,0.0466252220248668
"3469","100117","Action_45","Morph_101","ZD","Giveme","Reach","Reach.2","Sonso",1.60140574073684,0.0370781527531083,0.0801509769094138
"3470","100862","Action_2","Morph_3","ZD","Directattention","Bigloudscratch","BigLoudScratch.1","Sonso",-0.328504066972036,0.0215364120781528,0.0577264653641208
"3471","100612","Action_2","Morph_6","ZD","Directattention","Bigloudscratch","BigLoudScratch.4","Sonso",-0.22314355131421,0.00421847246891652,0.0577264653641208
"3472","100862","Action_2","Morph_5","ZD","Directattention","Bigloudscratch","BigLoudScratch.3","Sonso",-0.0408219945202552,0.0119893428063943,0.0577264653641208
"3473","101438","Action_38","Morph_76","ZD","Groom","Present","Present.2","Sonso",-0.174353387144778,0.0135435168738899,0.0492895204262877
"3474","101114","Action_20","Morph_49","ZD","Play","Hitother","HitOther.5","Sonso",-0.083381608939051,0.00599467140319716,0.0404085257548845
"3475","101314","Action_38","Morph_78","ZD","Groom","Present","Present.4","Sonso",0.970778917158225,0.00288632326820604,0.0492895204262877
"3476","100907","Action_20","Morph_45","ZF","Moveaway","Hitother","HitOther.1","Sonso",-0.579818495252942,0.0202042628774423,0.0404085257548845
"3477","100907","Action_20","Morph_46","ZF","Moveaway","Hitother","HitOther.2","Sonso",-0.7339691750802,0.00932504440497336,0.0404085257548845
"3478","102276b","Action_2","Morph_4","ZF","Groom","Bigloudscratch","BigLoudScratch.2","Sonso",0.113328685307003,0.019316163410302,0.0577264653641208
"3479","102277","Action_2","Morph_5","ZF","Groom","Bigloudscratch","BigLoudScratch.3","Sonso",-0.083381608939051,0.0119893428063943,0.0577264653641208
"3480","102277","Action_2","Morph_3","ZF","Groom","Bigloudscratch","BigLoudScratch.1","Sonso",0.470003629245736,0.0215364120781528,0.0577264653641208
"3481","102280","Action_38","Morph_77","ZF","Groom","Present","Present.3","Sonso",0.418710334858185,0.00466252220248668,0.0492895204262877
"3482","102281b","Action_38","Morph_75","ZF","Directattention","Present","Present.1","Sonso",0.940007258491471,0.0170959147424512,0.0492895204262877
"3483","102280","Action_2","Morph_4","ZF","Groom","Bigloudscratch","BigLoudScratch.2","Sonso",0,0.019316163410302,0.0577264653641208
"3484","102274","Action_2","Morph_6","ZF","Directattention","Bigloudscratch","BigLoudScratch.4","Sonso",0.182321556793955,0.00421847246891652,0.0577264653641208
"3485","102203","Action_20","Morph_45","ZF","Stopbehaviour","Hitother","HitOther.1","Sonso",-0.22314355131421,0.0202042628774423,0.0404085257548845
"3486","102199a","Action_13","Morph_28","ZF","Moveaway","Fling","Fling.2","Sonso",-0.82098055206983,0.00488454706927176,0.0117673179396092
"3487","100269a","Action_11","Morph_23","ZF","Affiliation","Embrace","Embrace.2","Sonso",0,0.00199822380106572,0.005550621669627
"3488","100198","Action_13","Morph_28","ZF","Moveaway","Fling","Fling.2","Sonso",0.113328685307003,0.00488454706927176,0.0117673179396092
"3489","102189","Action_63","Morph_132","ZF","Stopbehaviour","Touch","Touch.1","Sonso",-0.916290731874155,0.0104351687388988,0.0341918294849023
"3490","100619","Action_42","Morph_91","ZF","Moveaway","Push","Push.4","Sonso",-0.916290731874155,0.00932504440497336,0.0466252220248668
"3491","102202","Action_17","Morph_39","ZF","Stopbehaviour","Hitobject","HitObject.1","Sonso",-0.27443684570176,0.0430728241563055,0.0559502664298401
"3492","102198b","Action_20","Morph_50","ZF","Stopbehaviour","Hitother","HitOther.6","Sonso",-0.916290731874155,0.00488454706927176,0.0404085257548845
"3493","102195b","Action_45","Morph_101","ZF","Stopbehaviour","Reach","Reach.2","Sonso",-0.7339691750802,0.0370781527531083,0.0801509769094138
"3494","100996b","Action_42","Morph_88","ZF","Stopbehaviour","Push","Push.1","Sonso",-0.579818495252942,0.0106571936056838,0.0466252220248668
"3495","101311","Action_2","Morph_4","ZF","Groom","Bigloudscratch","BigLoudScratch.2","Sonso",0.65232518603969,0.019316163410302,0.0577264653641208
"3496","101311","Action_38","Morph_76","ZF","Groom","Present","Present.2","Sonso",0.27763173659828,0.0135435168738899,0.0492895204262877
"3497","100996b","Action_13","Morph_27","ZF","Stopbehaviour","Fling","Fling.1","Sonso",-0.653926467406664,0.00688277087033748,0.0117673179396092
"3498","102198b","Action_20","Morph_50","ZF","Stopbehaviour","Hitother","HitOther.6","Sonso",-0.82098055206983,0.00488454706927176,0.0404085257548845
"3499","102198b","Action_13","Morph_28","ZF","Stopbehaviour","Fling","Fling.2","Sonso",-0.653926467406664,0.00488454706927176,0.0117673179396092
"3500","100996b","Action_42","Morph_93","ZF","Stopbehaviour","Push","Push.6","Sonso",-0.22314355131421,0.0066607460035524,0.0466252220248668
"3501","100893","Action_11","Morph_22","ZF","Affiliation","Embrace","Embrace.1","Sonso",-0.174353387144778,0.00288632326820604,0.005550621669627
"3502","100720","Action_2","Morph_3","ZF","Groom","Bigloudscratch","BigLoudScratch.1","Sonso",0.418710334858185,0.0215364120781528,0.0577264653641208
"3503","101080","Action_45","Morph_101","ZF","Giveme","Reach","Reach.2","Sonso",-1.13943428318836,0.0370781527531083,0.0801509769094138
"3504","101080","Action_45","Morph_101","ZF","Giveme","Reach","Reach.2","Sonso",0.494696241836107,0.0370781527531083,0.0801509769094138
"3505","100152","Action_2","Morph_4","ZF","Groom","Bigloudscratch","BigLoudScratch.2","Sonso",0.444685821261446,0.019316163410302,0.0577264653641208
"3506","100152","Action_3","Morph_14","ZF","Groom","Bite","Bite.6","Sonso",-0.653926467406664,0.00266429840142096,0.0168738898756661
"3507","100057","Action_2","Morph_6","ZF","Stopbehaviour","Bigloudscratch","BigLoudScratch.4","Sonso",0.215111379616945,0.00421847246891652,0.0577264653641208
"3508","100143b","Action_2","Morph_3","ZF","Groom","Bigloudscratch","BigLoudScratch.1","Sonso",0.364643113587909,0.0215364120781528,0.0577264653641208
"3509","100536b","Action_2","Morph_5","ZF","Groom","Bigloudscratch","BigLoudScratch.3","Sonso",0.246860077931526,0.0119893428063943,0.0577264653641208
"3510","100061","Action_38","Morph_75","ZF","Directattention","Present","Present.1","Sonso",0.806475865866949,0.0170959147424512,0.0492895204262877
"3511","101112","Action_11","Morph_22","ZF","Affiliation","Embrace","Embrace.1","Sonso",0.27763173659828,0.00288632326820604,0.005550621669627
"3512","101080","Action_45","Morph_101","ZF","Giveme","Reach","Reach.2","Sonso",-0.510825623765991,0.0370781527531083,0.0801509769094138
"3513","101080","Action_45","Morph_101","ZF","Giveme","Reach","Reach.2","Sonso",-0.27443684570176,0.0370781527531083,0.0801509769094138
"3514","101081a","Action_45","Morph_101","ZF","Giveme","Reach","Reach.2","Sonso",0,0.0370781527531083,0.0801509769094138
"3515","100396b","Action_11","Morph_22","ZF","Affiliation","Embrace","Embrace.1","Sonso",-0.82098055206983,0.00288632326820604,0.005550621669627
"3516","100062","Action_38","Morph_78","ZF","Directattention","Present","Present.4","Sonso",1.18784342239605,0.00288632326820604,0.0492895204262877
"3517","101080","Action_45","Morph_101","ZF","Giveme","Reach","Reach.2","Sonso",1.29198368164865,0.0370781527531083,0.0801509769094138
"3518","101080","Action_45","Morph_101","ZF","Giveme","Reach","Reach.2","Sonso",-0.916290731874155,0.0370781527531083,0.0801509769094138
"3519","100144a","Action_2","Morph_3","ZF","Groom","Bigloudscratch","BigLoudScratch.1","Sonso",0.631271776841858,0.0215364120781528,0.0577264653641208
"3520","100303a","Action_2","Morph_3","ZF","Groom","Bigloudscratch","BigLoudScratch.1","Sonso",-0.083381608939051,0.0215364120781528,0.0577264653641208
"3521","101085a","Action_39","Morph_83","ZF","Sociosexualattention","Presentgenitalsbackwards","PresentGenitals.2","Sonso",0.27763173659828,0.00577264653641208,0.033303730017762
"3522","100303a","Action_2","Morph_3","ZF","Groom","Bigloudscratch","BigLoudScratch.1","Sonso",-0.22314355131421,0.0215364120781528,0.0577264653641208
"3523","102023","Action_2","Morph_4","ZF","Directattention","Bigloudscratch","BigLoudScratch.2","Sonso",0.672944473242426,0.019316163410302,0.0577264653641208
"3524","101079","Action_45","Morph_101","ZF","Giveme","Reach","Reach.2","Sonso",0.494696241836107,0.0370781527531083,0.0801509769094138
"3525","101303","Action_63","Morph_132","ZF","Staysame","Touch","Touch.1","Sonso",-0.22314355131421,0.0104351687388988,0.0341918294849023
"3526","101080","Action_45","Morph_101","ZF","Giveme","Reach","Reach.2","Sonso",0.542324290825362,0.0370781527531083,0.0801509769094138
"3527","101080","Action_45","Morph_101","ZF","Giveme","Reach","Reach.2","Sonso",-0.385662480811985,0.0370781527531083,0.0801509769094138
"3528","102023","Action_38","Morph_76","ZF","Directattention","Present","Present.2","Sonso",0.444685821261446,0.0135435168738899,0.0492895204262877
"3529","101080","Action_45","Morph_101","ZF","Giveme","Reach","Reach.2","Sonso",-0.916290731874155,0.0370781527531083,0.0801509769094138
"3530","100995b","Action_42","Morph_91","ZF","Stopbehaviour","Push","Push.4","Sonso",-2.59026716544583,0.00932504440497336,0.0466252220248668
"3531","100618","Action_42","Morph_92","ZF","Moveaway","Push","Push.5","Sonso",-0.7339691750802,0.0066607460035524,0.0466252220248668
"3532","100857","Action_2","Morph_3","ZF","Groom","Bigloudscratch","BigLoudScratch.1","Sonso",0.0769610411361284,0.0215364120781528,0.0577264653641208
"3533","100857","Action_2","Morph_3","ZF","Groom","Bigloudscratch","BigLoudScratch.1","Sonso",0,0.0215364120781528,0.0577264653641208
"3534","100025a","Action_45","Morph_100","ZF","Affiliation","Reach","Reach.1","Sonso",-0.579818495252942,0.0408525754884547,0.0801509769094138
"3535","100125","Action_34","Morph_65","ZF","Moveaway","Objectshake","ObjectShake.1","Sonso",-0.0408219945202552,0.0746003552397869,0.108792184724689
"3536","101084b","Action_13","Morph_28","ZF","Stopbehaviour","Fling","Fling.2","Sonso",-0.44628710262842,0.00488454706927176,0.0117673179396092
"3537","101082b","Action_20","Morph_45","ZF","Stopbehaviour","Hitother","HitOther.1","Sonso",-0.579818495252942,0.0202042628774423,0.0404085257548845
"3538","102401","Action_43","Morph_96","ZF","Stopbehaviour","Raise","Raise.1","Sonso",-0.27443684570176,0.00865896980461812,0.0113232682060391
"3539","100546","Action_50","Morph_107","ZG","Play","Shake","Shake.1","Sonso",-0.385662480811985,0.00355239786856128,0.0122113676731794
"3540","100547","Action_6","Morph_18","ZG","Play","Bow","Bow.1","Sonso",-0.27443684570176,0.00177619893428064,0.00177619893428064
"3541","100547","Action_57","Morph_115","ZG","Play","Stompobject","StompObject.1","Sonso",-0.7339691750802,0.0337477797513321,0.0424067495559503
"3542","100553","Action_63","Morph_133","ZG","Play","Touch","Touch.2","Sonso",-0.328504066972036,0.00754884547069272,0.0341918294849023
"3543","100547","Action_50","Morph_110","ZG","Play","Shake","Shake.4","Sonso",0.27763173659828,0.00399644760213144,0.0122113676731794
"3544","100546","Action_34","Morph_68","ZG","Play","Objectshake","ObjectShake.4","Sonso",-0.083381608939051,0.00288632326820604,0.108792184724689
"3545","100546","Action_34","Morph_66","ZG","Play","Objectshake","ObjectShake.2","Sonso",-0.7339691750802,0.0237566607460036,0.108792184724689
"3546","100547","Action_16","Morph_38","ZG","Play","Headstand","HeadStand.1","Sonso",-0.82098055206983,0.0066607460035524,0.0066607460035524
"3547","100546","Action_17","Morph_40","ZG","Play","Hitobject","HitObject.2","Sonso",-0.083381608939051,0.0119893428063943,0.0559502664298401
"3548","100553","Action_64","Morph_133","ZG","Play","Touchlongother","Touch.2","Sonso",1.09861228866811,0.00754884547069272,0.0175399644760213
"3549","100546","Action_43","Morph_96","ZG","Play","Raise","Raise.1","Sonso",-0.0408219945202552,0.00865896980461812,0.0113232682060391
"3550","100546","Action_50","Morph_110","ZG","Play","Shake","Shake.4","Sonso",-0.22314355131421,0.00399644760213144,0.0122113676731794
"3551","100547","Action_6","Morph_18","ZG","Play","Bow","Bow.1","Sonso",-1.02165124753198,0.00177619893428064,0.00177619893428064
"3552","100547","Action_16","Morph_38","ZG","Play","Headstand","HeadStand.1","Sonso",-0.22314355131421,0.0066607460035524,0.0066607460035524
"3553","100546","Action_17","Morph_40","ZG","Play","Hitobject","HitObject.2","Sonso",-0.27443684570176,0.0119893428063943,0.0559502664298401
"3554","101060","Action_27","Morph_54","ZG","Sexualattention","Leafclip","LeafClip.1","Sonso",0.609765571620894,0.0044404973357016,0.00599467140319716
"3555","101671b","Action_63","Morph_136","ZG","Play","Touch","Touch.5","Sonso",-0.22314355131421,0.00421847246891652,0.0341918294849023
"3556","100528","Action_57","Morph_119","ZG","Play","Stompobject","StompObject.5","Sonso",0.392042087776024,0.00155417406749556,0.0424067495559503
"3557","100528","Action_34","Morph_65","ZG","Play","Objectshake","ObjectShake.1","Sonso",-0.0408219945202552,0.0746003552397869,0.108792184724689
"3558","100528","Action_19","Morph_39","ZG","Play","Hitobjectother","HitObject.1","Sonso",0.215111379616945,0.0430728241563055,0.00088809946714032
"3559","100450b","Action_33","Morph_61","ZG","Play","Objectmove","ObjectMove.1","Sonso",-0.22314355131421,0.0317495559502664,0.0406305506216696
"3560","100528","Action_60","Morph_127","ZG","Play","Swing","Swing.1","Sonso",-0.083381608939051,0.0428507992895204,0.0475133214920071
"3561","100527","Action_26","Morph_53","ZG","Play","Knockobject","KnockObject.1","Sonso",-0.510825623765991,0.00133214920071048,0.0011101243339254
"3562","100528","Action_20","Morph_45","ZG","Play","Hitother","HitOther.1","Sonso",-1.6094379124341,0.0202042628774423,0.0404085257548845
"3563","100528","Action_19","Morph_39","ZG","Play","Hitobjectother","HitObject.1","Sonso",0.364643113587909,0.0430728241563055,0.00088809946714032
"3564","101358","Action_14","Morph_33","ZG","Play","Grab","Grab.5","Sonso",-0.174353387144778,0.0033303730017762,0.0353019538188277
"3565","101358","Action_41","Morph_84","ZG","Play","Pull","Pull.1","Sonso",-0.328504066972036,0.00821492007104796,0.0253108348134991
"3566","102327b","Action_42","Morph_92","ZG","Stopbehaviour","Push","Push.5","Sonso",-1.83258146374831,0.0066607460035524,0.0466252220248668
"3567","101542","Action_60","Morph_127","ZG","Playcontinue","Swing","Swing.1","Sonso",0.215111379616945,0.0428507992895204,0.0475133214920071
"3568","101808","Action_21","Morph_43","ZG","Moveaway","Hittingobject","HitObject.5","Sonso",-0.44628710262842,0.0044404973357016,0.00799289520426288
"3569","101808","Action_34","Morph_65","ZG","Moveaway","Objectshake","ObjectShake.1","Sonso",0.364643113587909,0.0746003552397869,0.108792184724689
"3570","101808","Action_33","Morph_61","ZG","Moveaway","Objectmove","ObjectMove.1","Sonso",-0.328504066972036,0.0317495559502664,0.0406305506216696
"3571","100435","Action_60","Morph_127","ZG","Stopbehaviour","Swing","Swing.1","Sonso",0.0769610411361284,0.0428507992895204,0.0475133214920071
"3572","101817","Action_17","Morph_40","ZG","Moveaway","Hitobject","HitObject.2","Sonso",-0.174353387144778,0.0119893428063943,0.0559502664298401
"3573","101811","Action_64","Morph_133","ZG","Play","Touchlongother","Touch.2","Sonso",0.924258901523332,0.00754884547069272,0.0175399644760213
"3574","101813b","Action_63","Morph_139","ZG","Play","Touch","Touch.8","Sonso",-0.82098055206983,0.00577264653641208,0.0341918294849023
"3575","101510","Action_20","Morph_45","ZG","Playcontinue","Hitother","HitOther.1","Sonso",0.0392207131532813,0.0202042628774423,0.0404085257548845
"3576","100234a","Action_39","Morph_83","ZG","Affiliation","Presentgenitalsbackwards","PresentGenitals.2","Sonso",-0.916290731874155,0.00577264653641208,0.033303730017762
"3577","100436b","Action_57","Morph_115","ZG","Play","Stompobject","StompObject.1","Sonso",-0.510825623765991,0.0337477797513321,0.0424067495559503
"3578","100433","Action_33","Morph_61","ZG","Play","Objectmove","ObjectMove.1","Sonso",0.587786664902119,0.0317495559502664,0.0406305506216696
"3579","100906a","Action_17","Morph_39","ZG","Moveaway","Hitobject","HitObject.1","Sonso",-0.44628710262842,0.0430728241563055,0.0559502664298401
"3580","100395","Action_55","Morph_117","ZG","Play","Stompingobject","StompObject.3","Sonso",0.444685821261446,0.00688277087033748,0.0230905861456483
"3581","101804","Action_8","Morph_19","ZG","Play","Dangle","Dangle.1","Sonso",-0.127833371509885,0.0484014209591474,0.0484014209591474
"3582","101806","Action_3","Morph_9","ZG","Play","Bite","Bite.1","Sonso",-0.385662480811985,0.0044404973357016,0.0168738898756661
"3583","102491b","Action_60","Morph_127","ZG","Stopbehaviour","Swing","Swing.1","Sonso",-1.27296567581289,0.0428507992895204,0.0475133214920071
"3584","100866","Action_24","Morph_51","ZG","Moveaway","Jump","Jump.1","Sonso",0.0392207131532813,0.00732682060390764,0.00732682060390764
"3585","100866","Action_17","Morph_40","ZG","Moveaway","Hitobject","HitObject.2","Sonso",-0.22314355131421,0.0119893428063943,0.0559502664298401
"3586","100865","Action_17","Morph_40","ZG","Moveaway","Hitobject","HitObject.2","Sonso",-0.127833371509885,0.0119893428063943,0.0559502664298401
"3587","100153","Action_3","Morph_11","ZG","Staysame","Bite","Bite.3","Sonso",-0.579818495252942,0.00310834813499112,0.0168738898756661
"3588","100454","Action_20","Morph_45","ZG","Playcontinue","Hitother","HitOther.1","Sonso",-0.083381608939051,0.0202042628774423,0.0404085257548845
"3589","101072b","Action_57","Morph_118","ZG","Play","Stompobject","StompObject.4","Sonso",-0.916290731874155,0.005550621669627,0.0424067495559503
"3590","100424","Action_14","Morph_29","ZG","Playcontinue","Grab","Grab.1","Sonso",-0.579818495252942,0.00821492007104796,0.0353019538188277
"3591","100460","Action_17","Morph_40","ZG","Play","Hitobject","HitObject.2","Sonso",-0.44628710262842,0.0119893428063943,0.0559502664298401
"3592","100455a","Action_19","Morph_40","ZG","Playcontinue","Hitobjectother","HitObject.2","Sonso",-0.579818495252942,0.0119893428063943,0.00088809946714032
"3593","100453b","Action_42","Morph_93","ZG","Play","Push","Push.6","Sonso",-3.2188758248682,0.0066607460035524,0.0466252220248668
"3594","101952b","Action_57","Morph_115","ZG","Play","Stompobject","StompObject.1","Sonso",-0.44628710262842,0.0337477797513321,0.0424067495559503
"3595","100413","Action_3","Morph_11","ZG","Play","Bite","Bite.3","Sonso",-0.510825623765991,0.00310834813499112,0.0168738898756661
"3596","101072b","Action_33","Morph_61","ZG","Play","Objectmove","ObjectMove.1","Sonso",0.364643113587909,0.0317495559502664,0.0406305506216696
"3597","100418","Action_14","Morph_30","ZG","Play","Grab","Grab.2","Sonso",-0.44628710262842,0.00799289520426288,0.0353019538188277
"3598","100453b","Action_57","Morph_118","ZG","Play","Stompobject","StompObject.4","Sonso",-0.328504066972036,0.005550621669627,0.0424067495559503
"3599","100446a","Action_50","Morph_107","ZG","Play","Shake","Shake.1","Sonso",-0.174353387144778,0.00355239786856128,0.0122113676731794
"3600","100453b","Action_18","Morph_39","ZG","Play","Hitobjectobject","HitObject.1","Sonso",-0.0408219945202552,0.0430728241563055,0.00466252220248668
"3601","101084a","Action_45","Morph_101","ZG","Giveme","Reach","Reach.2","Sonso",-0.328504066972036,0.0370781527531083,0.0801509769094138
"3602","101084a","Action_45","Morph_101","ZG","Giveme","Reach","Reach.2","Sonso",0.78845736036427,0.0370781527531083,0.0801509769094138
"3603","101061","Action_14","Morph_30","ZG","Play","Grab","Grab.2","Sonso",-1.27296567581289,0.00799289520426288,0.0353019538188277
"3604","101061","Action_14","Morph_30","ZG","Play","Grab","Grab.2","Sonso",0.0392207131532813,0.00799289520426288,0.0353019538188277
"3605","101082a","Action_45","Morph_101","ZG","Giveme","Reach","Reach.2","Sonso",0.56531380905006,0.0370781527531083,0.0801509769094138
"3606","101084a","Action_45","Morph_101","ZG","Giveme","Reach","Reach.2","Sonso",0.542324290825362,0.0370781527531083,0.0801509769094138
"3607","101045b","Action_17","Morph_39","ZG","Play","Hitobject","HitObject.1","Sonso",-0.22314355131421,0.0430728241563055,0.0559502664298401
"3608","101507b","Action_8","Morph_19","ZG","Playcontinue","Dangle","Dangle.1","Sonso",0.518793793415168,0.0484014209591474,0.0484014209591474
"3609","101700","Action_42","Morph_91","ZG","Play","Push","Push.4","Sonso",-0.510825623765991,0.00932504440497336,0.0466252220248668
"3610","101507b","Action_17","Morph_39","ZG","Playcontinue","Hitobject","HitObject.1","Sonso",-0.82098055206983,0.0430728241563055,0.0559502664298401
"3611","101507b","Action_55","Morph_116","ZG","Playcontinue","Stompingobject","StompObject.2","Sonso",0.215111379616945,0.0148756660746004,0.0230905861456483
"3612","101361","Action_14","Morph_29","ZG","Play","Grab","Grab.1","Sonso",-0.510825623765991,0.00821492007104796,0.0353019538188277
"3613","102132b","Action_13","Morph_28","ZG","Stopbehaviour","Fling","Fling.2","Sonso",-0.7339691750802,0.00488454706927176,0.0117673179396092
"3614","101045b","Action_33","Morph_61","ZG","Play","Objectmove","ObjectMove.1","Sonso",-0.328504066972036,0.0317495559502664,0.0406305506216696
"3615","102133b","Action_20","Morph_46","ZG","Stopbehaviour","Hitother","HitOther.2","Sonso",-0.82098055206983,0.00932504440497336,0.0404085257548845
"3616","101045b","Action_33","Morph_61","ZG","Play","Objectmove","ObjectMove.1","Sonso",-0.174353387144778,0.0317495559502664,0.0406305506216696
"3617","101505","Action_60","Morph_127","ZG","Play","Swing","Swing.1","Sonso",-0.22314355131421,0.0428507992895204,0.0475133214920071
"3618","101361","Action_15","Morph_35","ZG","Play","Grabhold","GrabHold.1","Sonso",0.985816794522765,0.00932504440497336,0.0204262877442274
"3619","101699","Action_57","Morph_120","ZG","Moveclose","Stompobject","StompObject.6","Sonso",-0.22314355131421,0.00133214920071048,0.0424067495559503
"3620","101045b","Action_41","Morph_86","ZG","Play","Pull","Pull.3","Sonso",0,0.00510657193605684,0.0253108348134991
"3621","101361","Action_15","Morph_35","ZG","Play","Grabhold","GrabHold.1","Sonso",1.18784342239605,0.00932504440497336,0.0204262877442274
"3622","102132b","Action_13","Morph_28","ZG","Stopbehaviour","Fling","Fling.2","Sonso",-0.916290731874155,0.00488454706927176,0.0117673179396092
"3623","101045b","Action_33","Morph_61","ZG","Play","Objectmove","ObjectMove.1","Sonso",-0.328504066972036,0.0317495559502664,0.0406305506216696
"3624","101699","Action_57","Morph_115","ZG","Moveclose","Stompobject","StompObject.1","Sonso",0.148420005118273,0.0337477797513321,0.0424067495559503
"3625","101045a","Action_8","Morph_19","ZG","Play","Dangle","Dangle.1","Sonso",-0.7339691750802,0.0484014209591474,0.0484014209591474
"3626","101969","Action_42","Morph_91","ZG","Position","Push","Push.4","Sonso",-0.385662480811985,0.00932504440497336,0.0466252220248668
"3627","101970","Action_42","Morph_91","ZG","Position","Push","Push.4","Sonso",0.215111379616945,0.00932504440497336,0.0466252220248668
"3628","101971","Action_42","Morph_91","ZG","Position","Push","Push.4","Sonso",-0.174353387144778,0.00932504440497336,0.0466252220248668
"3629","101973","Action_42","Morph_91","ZG","Position","Push","Push.4","Sonso",-0.22314355131421,0.00932504440497336,0.0466252220248668
"3630","101972","Action_42","Morph_91","ZG","Position","Push","Push.4","Sonso",-0.083381608939051,0.00932504440497336,0.0466252220248668
"3631","100552","Action_55","Morph_116","ZK","Play","Stompingobject","StompObject.2","Sonso",0.841567185678219,0.0148756660746004,0.0230905861456483
"3632","100766a","Action_40","Morph_82","ZK","Sexualattention","Presentgenitalsforwards","PresentGenitals.1","Sonso",-0.385662480811985,0.0295293072824156,0.00199822380106572
"3633","100051","Action_53","Morph_113","ZK","Play","Spinsomersault","SpinSomersault.1","Sonso",0.392042087776024,0.00799289520426288,0.00799289520426288
"3634","100051","Action_17","Morph_39","ZK","Play","Hitobject","HitObject.1","Sonso",-0.916290731874155,0.0430728241563055,0.0559502664298401
"3635","100864","Action_51","Morph_111","ZK","Playcontinue","Spinpirouette","SpinPirouette.1","Sonso",0.27763173659828,0.00133214920071048,0.00133214920071048
"3636","101784a","Action_34","Morph_65","ZK","Play","Objectshake","ObjectShake.1","Sonso",0.27763173659828,0.0746003552397869,0.108792184724689
"3637","101782","Action_53","Morph_113","ZK","Play","Spinsomersault","SpinSomersault.1","Sonso",-0.27443684570176,0.00799289520426288,0.00799289520426288
"3638","101359","Action_14","Morph_30","ZK","Play","Grab","Grab.2","Sonso",-0.510825623765991,0.00799289520426288,0.0353019538188277
"3639","100758","Action_20","Morph_50","ZK","Playcontinue","Hitother","HitOther.6","Sonso",-0.22314355131421,0.00488454706927176,0.0404085257548845
"3640","101949","Action_41","Morph_84","ZK","Play","Pull","Pull.1","Sonso",-0.174353387144778,0.00821492007104796,0.0253108348134991
"3641","101967","Action_50","Morph_107","ZK","Play","Shake","Shake.1","Sonso",-0.579818495252942,0.00355239786856128,0.0122113676731794
"3642","101822","Action_16","Morph_38","ZK","Play","Headstand","HeadStand.1","Sonso",-0.0408219945202552,0.0066607460035524,0.0066607460035524
"3643","101348b","Action_57","Morph_115","ZK","Playcontinue","Stompobject","StompObject.1","Sonso",-0.127833371509885,0.0337477797513321,0.0424067495559503
"3644","101346","Action_55","Morph_117","ZK","Play","Stompingobject","StompObject.3","Sonso",0.246860077931526,0.00688277087033748,0.0230905861456483
"3645","101949","Action_20","Morph_45","ZK","Play","Hitother","HitOther.1","Sonso",-0.385662480811985,0.0202042628774423,0.0404085257548845
"3646","101346","Action_33","Morph_61","ZK","Play","Objectmove","ObjectMove.1","Sonso",1.12492959698548,0.0317495559502664,0.0406305506216696
"3647","102126","Action_41","Morph_85","ZK","Playcontinue","Pull","Pull.2","Sonso",0.824175442966349,0.00643872113676732,0.0253108348134991
"3648","100851","Action_60","Morph_127","ZK","Play","Swing","Swing.1","Sonso",0.113328685307003,0.0428507992895204,0.0475133214920071
"3649","102361","Action_60","Morph_127","ZK","Play","Swing","Swing.1","Sonso",0.0769610411361284,0.0428507992895204,0.0475133214920071
"3650","102258","Action_17","Morph_39","ZK","Playcontinue","Hitobject","HitObject.1","Sonso",-1.13943428318836,0.0430728241563055,0.0559502664298401
"3651","101943","Action_8","Morph_19","ZK","Playcontinue","Dangle","Dangle.1","Sonso",0.940007258491471,0.0484014209591474,0.0484014209591474
"3652","101946","Action_14","Morph_32","ZK","Play","Grab","Grab.4","Sonso",-0.579818495252942,0.00754884547069272,0.0353019538188277
"3653","101917","Action_8","Morph_19","ZK","Playcontinue","Dangle","Dangle.1","Sonso",0.113328685307003,0.0484014209591474,0.0484014209591474
"3654","101352a","Action_41","Morph_84","ZK","Play","Pull","Pull.1","Sonso",-0.385662480811985,0.00821492007104796,0.0253108348134991
"3655","102359","Action_52","Morph_112","ZK","Stopbehaviour","Spinroulade","SpinRoulade.1","Sonso",0.182321556793955,0.00488454706927176,0.00488454706927176
"3656","101548","Action_3","Morph_11","ZK","Play","Bite","Bite.3","Sonso",-0.328504066972036,0.00310834813499112,0.0168738898756661
"3657","101946","Action_3","Morph_9","ZK","Play","Bite","Bite.1","Sonso",-0.510825623765991,0.0044404973357016,0.0168738898756661
"3658","102313","Action_8","Morph_19","ZK","Play","Dangle","Dangle.1","Sonso",-0.22314355131421,0.0484014209591474,0.0484014209591474
"3659","101548","Action_20","Morph_46","ZK","Play","Hitother","HitOther.2","Sonso",-0.653926467406664,0.00932504440497336,0.0404085257548845
"3660","101352a","Action_57","Morph_115","ZK","Play","Stompobject","StompObject.1","Sonso",-0.44628710262842,0.0337477797513321,0.0424067495559503
"3661","101917","Action_8","Morph_19","ZK","Playcontinue","Dangle","Dangle.1","Sonso",-0.127833371509885,0.0484014209591474,0.0484014209591474
"3662","101499","Action_52","Morph_112","ZK","Stopbehaviour","Spinroulade","SpinRoulade.1","Sonso",0.113328685307003,0.00488454706927176,0.00488454706927176
"3663","101546","Action_20","Morph_46","ZK","Play","Hitother","HitOther.2","Sonso",-0.7339691750802,0.00932504440497336,0.0404085257548845
"3664","101917","Action_60","Morph_127","ZK","Playcontinue","Swing","Swing.1","Sonso",-0.127833371509885,0.0428507992895204,0.0475133214920071
"3665","100761","Action_48","Morph_104","ZK","Playcontinue","Rollover","RollOver.1","Sonso",0.751416088683921,0.00621669626998224,0.00621669626998224
"3666","101917","Action_50","Morph_108","ZK","Playcontinue","Shake","Shake.2","Sonso",0.307484699747961,0.00466252220248668,0.0122113676731794
"3667","101917","Action_14","Morph_34","ZK","Playcontinue","Grab","Grab.6","Sonso",-1.83258146374831,0.00355239786856128,0.0353019538188277
"3668","101539","Action_55","Morph_116","ZK","Play","Stompingobject","StompObject.2","Sonso",-0.44628710262842,0.0148756660746004,0.0230905861456483
"3669","101917","Action_20","Morph_49","ZK","Playcontinue","Hitother","HitOther.5","Sonso",-0.916290731874155,0.00599467140319716,0.0404085257548845
"3670","101546","Action_20","Morph_46","ZK","Play","Hitother","HitOther.2","Sonso",-0.7339691750802,0.00932504440497336,0.0404085257548845
"3671","102313","Action_14","Morph_29","ZK","Play","Grab","Grab.1","Sonso",-0.7339691750802,0.00821492007104796,0.0353019538188277
"3672","101917","Action_20","Morph_46","ZK","Playcontinue","Hitother","HitOther.2","Sonso",-0.7339691750802,0.00932504440497336,0.0404085257548845
"3673","102258","Action_17","Morph_39","ZK","Playcontinue","Hitobject","HitObject.1","Sonso",-1.27296567581289,0.0430728241563055,0.0559502664298401
"3674","101551","Action_20","Morph_46","ZK","Play","Hitother","HitOther.2","Sonso",-0.328504066972036,0.00932504440497336,0.0404085257548845
"3675","101351","Action_14","Morph_32","ZK","Play","Grab","Grab.4","Sonso",-0.510825623765991,0.00754884547069272,0.0353019538188277
"3676","101352a","Action_20","Morph_46","ZK","Play","Hitother","HitOther.2","Sonso",-0.127833371509885,0.00932504440497336,0.0404085257548845
"3677","101950b","Action_17","Morph_39","ZK","Play","Hitobject","HitObject.1","Sonso",-0.82098055206983,0.0430728241563055,0.0559502664298401
"3678","102258","Action_55","Morph_116","ZK","Playcontinue","Stompingobject","StompObject.2","Sonso",-0.328504066972036,0.0148756660746004,0.0230905861456483
"3679","101946","Action_3","Morph_9","ZK","Play","Bite","Bite.1","Sonso",-0.916290731874155,0.0044404973357016,0.0168738898756661
"3680","101917","Action_3","Morph_9","ZK","Playcontinue","Bite","Bite.1","Sonso",-1.6094379124341,0.0044404973357016,0.0168738898756661
"3681","102358","Action_8","Morph_19","ZK","Play","Dangle","Dangle.1","Sonso",-1.13943428318836,0.0484014209591474,0.0484014209591474
"3682","101946","Action_15","Morph_37","ZK","Play","Grabhold","GrabHold.3","Sonso",1.52605630349505,0.00532859680284192,0.0204262877442274
"3683","101674","Action_60","Morph_127","ZK","Play","Swing","Swing.1","Sonso",0.246860077931526,0.0428507992895204,0.0475133214920071
"3684","101917","Action_60","Morph_127","ZK","Playcontinue","Swing","Swing.1","Sonso",-0.0408219945202552,0.0428507992895204,0.0475133214920071
"3685","102127","Action_55","Morph_117","ZK","Play","Stompingobject","StompObject.3","Sonso",0.0769610411361284,0.00688277087033748,0.0230905861456483
"3686","100545","Action_55","Morph_116","ZK","Play","Stompingobject","StompObject.2","Sonso",0.451075619360217,0.0148756660746004,0.0230905861456483
"3687","102127","Action_16","Morph_38","ZK","Play","Headstand","HeadStand.1","Sonso",-0.653926467406664,0.0066607460035524,0.0066607460035524
"3688","102338","Action_8","Morph_19","ZK","Play","Dangle","Dangle.1","Sonso",-0.44628710262842,0.0484014209591474,0.0484014209591474
"3689","102338","Action_14","Morph_30","ZK","Play","Grab","Grab.2","Sonso",-0.44628710262842,0.00799289520426288,0.0353019538188277
"3690","102318","Action_53","Morph_113","ZK","Stopbehaviour","Spinsomersault","SpinSomersault.1","Sonso",0.148420005118273,0.00799289520426288,0.00799289520426288
"3691","102338","Action_53","Morph_113","ZK","Play","Spinsomersault","SpinSomersault.1","Sonso",0.444685821261446,0.00799289520426288,0.00799289520426288
"3692","101802","Action_20","Morph_45","ZK","Playcontinue","Hitother","HitOther.1","Sonso",-0.653926467406664,0.0202042628774423,0.0404085257548845
"3693","101445","Action_17","Morph_39","ZK","Play","Hitobject","HitObject.1","Sonso",-1.13943428318836,0.0430728241563055,0.0559502664298401
"3694","102377","Action_14","Morph_32","ZK","Playcontinue","Grab","Grab.4","Sonso",-0.510825623765991,0.00754884547069272,0.0353019538188277
"3695","101800","Action_57","Morph_115","ZK","Play","Stompobject","StompObject.1","Sonso",-0.579818495252942,0.0337477797513321,0.0424067495559503
"3696","102376","Action_17","Morph_39","ZK","Playcontinue","Hitobject","HitObject.1","Sonso",-0.916290731874155,0.0430728241563055,0.0559502664298401
"3697","101800","Action_34","Morph_66","ZK","Play","Objectshake","ObjectShake.2","Sonso",1.02961941718116,0.0237566607460036,0.108792184724689
"3698","102377","Action_20","Morph_46","ZK","Playcontinue","Hitother","HitOther.2","Sonso",-0.510825623765991,0.00932504440497336,0.0404085257548845
"3699","100285b","Action_23","Morph_48","ZK","Moveaway","Hittingother","HitOther.4","Sonso",0.392042087776024,0.00732682060390764,0.0157637655417407
"3700","101579a","Action_20","Morph_46","ZK","Sexualattention","Hitother","HitOther.2","Sonso",-0.27443684570176,0.00932504440497336,0.0404085257548845
"3701","101362","Action_15","Morph_35","ZK","Play","Grabhold","GrabHold.1","Sonso",0.955511445027436,0.00932504440497336,0.0204262877442274
"3702","101508","Action_23","Morph_48","ZK","Play","Hittingother","HitOther.4","Sonso",0.392042087776024,0.00732682060390764,0.0157637655417407
"3703","101356","Action_23","Morph_48","ZK","Play","Hittingother","HitOther.4","Sonso",0.182321556793955,0.00732682060390764,0.0157637655417407
"3704","101508","Action_23","Morph_48","ZK","Play","Hittingother","HitOther.4","Sonso",0.182321556793955,0.00732682060390764,0.0157637655417407
"3705","101508","Action_3","Morph_9","ZK","Play","Bite","Bite.1","Sonso",-0.916290731874155,0.0044404973357016,0.0168738898756661
"3706","101508","Action_56","Morph_123","ZK","Play","Stompingother","StompOther.2","Sonso",0.182321556793955,0.00244227353463588,0.00266429840142096
"3707","101509","Action_58","Morph_122","ZK","Play","Stompother","StompOther.1","Sonso",-1.02165124753198,0.00244227353463588,0.00377442273534636
"3708","101509","Action_14","Morph_32","ZK","Play","Grab","Grab.4","Sonso",-1.13943428318836,0.00754884547069272,0.0353019538188277
"3709","101508","Action_23","Morph_48","ZK","Play","Hittingother","HitOther.4","Sonso",-0.27443684570176,0.00732682060390764,0.0157637655417407
"3710","101509","Action_20","Morph_46","ZK","Play","Hitother","HitOther.2","Sonso",-0.385662480811985,0.00932504440497336,0.0404085257548845
"3711","100268","Action_8","Morph_19","ZK","Play","Dangle","Dangle.1","Sonso",0.518793793415168,0.0484014209591474,0.0484014209591474
"3712","101509","Action_20","Morph_46","ZK","Play","Hitother","HitOther.2","Sonso",-0.0408219945202552,0.00932504440497336,0.0404085257548845
"3713","101356","Action_23","Morph_48","ZK","Play","Hittingother","HitOther.4","Sonso",-0.22314355131421,0.00732682060390764,0.0157637655417407
"3714","101509","Action_3","Morph_9","ZK","Play","Bite","Bite.1","Sonso",-2.12026353620009,0.0044404973357016,0.0168738898756661
"3715","101509","Action_56","Morph_123","ZK","Play","Stompingother","StompOther.2","Sonso",-0.7339691750802,0.00244227353463588,0.00266429840142096
"3716","101125","Action_53","Morph_113","ZK","Stopbehaviour","Spinsomersault","SpinSomersault.1","Sonso",0.518793793415168,0.00799289520426288,0.00799289520426288
"3717","101509","Action_20","Morph_46","ZK","Play","Hitother","HitOther.2","Sonso",-0.174353387144778,0.00932504440497336,0.0404085257548845
"3718","101509","Action_14","Morph_32","ZK","Play","Grab","Grab.4","Sonso",-0.82098055206983,0.00754884547069272,0.0353019538188277
"3719","100797a","Action_33","Morph_62","ZK","Sexualattention","Objectmove","ObjectMove.2","Sonso",0.609765571620894,0.00643872113676732,0.0406305506216696
"3720","100797a","Action_34","Morph_66","ZK","Sexualattention","Objectshake","ObjectShake.2","Sonso",0.392042087776024,0.0237566607460036,0.108792184724689
"3721","100797a","Action_34","Morph_66","ZK","Sexualattention","Objectshake","ObjectShake.2","Sonso",0.470003629245736,0.0237566607460036,0.108792184724689
"3722","101719a","Action_33","Morph_61","ZK","Sexualattention","Objectmove","ObjectMove.1","Sonso",0.693147180559945,0.0317495559502664,0.0406305506216696
"3723","102259","Action_38","Morph_79","ZK","Staysame","Present","Present.5","Sonso",-0.385662480811985,0.00688277087033748,0.0492895204262877
"3724","101718b","Action_39","Morph_83","ZK","Sociosexualattention","Presentgenitalsbackwards","PresentGenitals.2","Sonso",0.732367893713227,0.00577264653641208,0.033303730017762
"3725","100430","Action_60","Morph_127","ZK","Playcontinue","Swing","Swing.1","Sonso",0.392042087776024,0.0428507992895204,0.0475133214920071
"3726","100429b","Action_29","Morph_58","ZK","Play","Locomotegallop","LocomoteGallop.1","Sonso",-1.02165124753198,0.00821492007104796,0.00821492007104796
"3727","100431","Action_50","Morph_108","ZK","Play","Shake","Shake.2","Sonso",-1.13943428318836,0.00466252220248668,0.0122113676731794
"3728","100431","Action_9","Morph_20","ZK","Play","Dangleshake","DangleShake.1","Sonso",0.148420005118273,0.00710479573712256,0.00710479573712256
"3729","100430","Action_8","Morph_19","ZK","Playcontinue","Dangle","Dangle.1","Sonso",0.444685821261446,0.0484014209591474,0.0484014209591474
"3730","102490","Action_57","Morph_118","ZK","Play","Stompobject","StompObject.4","Sonso",-1.02165124753198,0.005550621669627,0.0424067495559503
"3731","100448","Action_3","Morph_14","ZK","Play","Bite","Bite.6","Sonso",-0.916290731874155,0.00266429840142096,0.0168738898756661
"3732","100448","Action_14","Morph_31","ZK","Play","Grab","Grab.3","Sonso",-0.510825623765991,0.00466252220248668,0.0353019538188277
"3733","102490","Action_17","Morph_39","ZK","Play","Hitobject","HitObject.1","Sonso",-0.579818495252942,0.0430728241563055,0.0559502664298401
"3734","102490","Action_17","Morph_39","ZK","Play","Hitobject","HitObject.1","Sonso",-0.82098055206983,0.0430728241563055,0.0559502664298401
"3735","102490","Action_34","Morph_66","ZK","Play","Objectshake","ObjectShake.2","Sonso",-0.0408219945202552,0.0237566607460036,0.108792184724689
"3736","101803","Action_52","Morph_112","ZK","Playcontinue","Spinroulade","SpinRoulade.1","Sonso",0.215111379616945,0.00488454706927176,0.00488454706927176
"3737","102490","Action_33","Morph_61","ZK","Play","Objectmove","ObjectMove.1","Sonso",-0.44628710262842,0.0317495559502664,0.0406305506216696
"3738","100045","Action_53","Morph_113","ZK","Stopbehaviour","Spinsomersault","SpinSomersault.1","Sonso",0.246860077931526,0.00799289520426288,0.00799289520426288
"3739","100448","Action_3","Morph_16","ZK","Play","Bite","Bite.8","Sonso",0.246860077931526,0.00288632326820604,0.0168738898756661
"3740","100448","Action_14","Morph_29","ZK","Play","Grab","Grab.1","Sonso",-0.7339691750802,0.00821492007104796,0.0353019538188277
"3741","100384","Action_29","Morph_58","ZK","Moveaway","Locomotegallop","LocomoteGallop.1","Sonso",-0.127833371509885,0.00821492007104796,0.00821492007104796
"3742","100384","Action_10","Morph_21","ZK","Moveaway","Drum","Drum.1","Sonso",-0.22314355131421,0.0033303730017762,0.0033303730017762
"3743","101951a","Action_60","Morph_127","ZK","Play","Swing","Swing.1","Sonso",-0.083381608939051,0.0428507992895204,0.0475133214920071
"3744","101117","Action_17","Morph_40","ZK","Play","Hitobject","HitObject.2","Sonso",-0.22314355131421,0.0119893428063943,0.0559502664298401
"3745","101951a","Action_8","Morph_19","ZK","Play","Dangle","Dangle.1","Sonso",-0.44628710262842,0.0484014209591474,0.0484014209591474
"3746","100059","Action_52","Morph_112","ZK","Stopbehaviour","Spinroulade","SpinRoulade.1","Sonso",1.33500106673234,0.00488454706927176,0.00488454706927176
"3747","100975","Action_45","Morph_101","ZK","Play","Reach","Reach.2","Sonso",0.246860077931526,0.0370781527531083,0.0801509769094138
"3748","102260","Action_8","Morph_19","ZK","Play","Dangle","Dangle.1","Sonso",0,0.0484014209591474,0.0484014209591474
"3749","102260","Action_55","Morph_116","ZK","Play","Stompingobject","StompObject.2","Sonso",-0.579818495252942,0.0148756660746004,0.0230905861456483
"3750","102260","Action_17","Morph_40","ZK","Play","Hitobject","HitObject.2","Sonso",-0.916290731874155,0.0119893428063943,0.0559502664298401
"3751","102260","Action_33","Morph_61","ZK","Play","Objectmove","ObjectMove.1","Sonso",-0.0408219945202552,0.0317495559502664,0.0406305506216696
"3752","102260","Action_29","Morph_58","ZK","Play","Locomotegallop","LocomoteGallop.1","Sonso",-1.13943428318836,0.00821492007104796,0.00821492007104796
"3753","100532","Action_20","Morph_45","ZK","Play","Hitother","HitOther.1","Sonso",-1.02165124753198,0.0202042628774423,0.0404085257548845
"3754","102266a","Action_8","Morph_19","ZK","Play","Dangle","Dangle.1","Sonso",-0.82098055206983,0.0484014209591474,0.0484014209591474
"3755","102404","Action_55","Morph_119","ZK","Playcontinue","Stompingobject","StompObject.5","Sonso",-0.653926467406664,0.00155417406749556,0.0230905861456483
"3756","100532","Action_14","Morph_32","ZK","Play","Grab","Grab.4","Sonso",-0.916290731874155,0.00754884547069272,0.0353019538188277
"3757","102267","Action_60","Morph_127","ZK","Playcontinue","Swing","Swing.1","Sonso",0.246860077931526,0.0428507992895204,0.0475133214920071
"3758","102267","Action_8","Morph_19","ZK","Playcontinue","Dangle","Dangle.1","Sonso",-0.510825623765991,0.0484014209591474,0.0484014209591474
"3759","101126","Action_14","Morph_30","ZK","Play","Grab","Grab.2","Sonso",-0.7339691750802,0.00799289520426288,0.0353019538188277
"3760","100071","Action_33","Morph_61","ZK","Moveaway","Objectmove","ObjectMove.1","Sonso",-0.22314355131421,0.0317495559502664,0.0406305506216696
"3761","101689","Action_23","Morph_47","ZK","Play","Hittingother","HitOther.3","Sonso",0.336472236621213,0.00843694493783304,0.0157637655417407
"3762","101478","Action_53","Morph_113","ZK","Stopbehaviour","Spinsomersault","SpinSomersault.1","Sonso",0.364643113587909,0.00799289520426288,0.00799289520426288
"3763","100849","Action_60","Morph_127","ZK","Play","Swing","Swing.1","Sonso",-0.22314355131421,0.0428507992895204,0.0475133214920071
"3764","100403","Action_10","Morph_21","ZK","Play","Drum","Drum.1","Sonso",0,0.0033303730017762,0.0033303730017762
"3765","101049","Action_20","Morph_49","ZK","Play","Hitother","HitOther.5","Sonso",-0.27443684570176,0.00599467140319716,0.0404085257548845
"3766","101483","Action_52","Morph_112","ZK","Stopbehaviour","Spinroulade","SpinRoulade.1","Sonso",0.148420005118273,0.00488454706927176,0.00488454706927176
"3767","100402a","Action_60","Morph_127","ZK","Play","Swing","Swing.1","Sonso",0.307484699747961,0.0428507992895204,0.0475133214920071
"3768","101272b","Action_33","Morph_62","ZK","Playcontinue","Objectmove","ObjectMove.2","Sonso",-0.82098055206983,0.00643872113676732,0.0406305506216696
"3769","100848","Action_8","Morph_19","ZK","Playcontinue","Dangle","Dangle.1","Sonso",-0.385662480811985,0.0484014209591474,0.0484014209591474
"3770","100403","Action_29","Morph_58","ZK","Play","Locomotegallop","LocomoteGallop.1","Sonso",-0.510825623765991,0.00821492007104796,0.00821492007104796
"3771","100401b","Action_14","Morph_32","ZK","Play","Grab","Grab.4","Sonso",0.0392207131532813,0.00754884547069272,0.0353019538188277
"3772","101968a","Action_43","Morph_96","ZK","Play","Raise","Raise.1","Sonso",-0.7339691750802,0.00865896980461812,0.0113232682060391
"3773","100402a","Action_55","Morph_117","ZK","Play","Stompingobject","StompObject.3","Sonso",0.631271776841858,0.00688277087033748,0.0230905861456483
"3774","100420a","Action_63","Morph_132","ZK","Play","Touch","Touch.1","Sonso",-0.328504066972036,0.0104351687388988,0.0341918294849023
"3775","102129","Action_20","Morph_45","ZK","Playcontinue","Hitother","HitOther.1","Sonso",-0.82098055206983,0.0202042628774423,0.0404085257548845
"3776","101481","Action_17","Morph_39","ZK","Play","Hitobject","HitObject.1","Sonso",-0.510825623765991,0.0430728241563055,0.0559502664298401
"3777","101048","Action_20","Morph_45","ZK","Play","Hitother","HitOther.1","Sonso",-0.510825623765991,0.0202042628774423,0.0404085257548845
"3778","101477","Action_60","Morph_127","ZK","Play","Swing","Swing.1","Sonso",0.392042087776024,0.0428507992895204,0.0475133214920071
"3779","102130","Action_8","Morph_19","ZK","Playcontinue","Dangle","Dangle.1","Sonso",-0.0408219945202552,0.0484014209591474,0.0484014209591474
"3780","100404","Action_8","Morph_19","ZK","Playcontinue","Dangle","Dangle.1","Sonso",0,0.0484014209591474,0.0484014209591474
"3781","101477","Action_17","Morph_39","ZK","Play","Hitobject","HitObject.1","Sonso",-1.6094379124341,0.0430728241563055,0.0559502664298401
"3782","101477","Action_8","Morph_19","ZK","Play","Dangle","Dangle.1","Sonso",0.113328685307003,0.0484014209591474,0.0484014209591474
"3783","101076","Action_41","Morph_84","ZK","Play","Pull","Pull.1","Sonso",0.113328685307003,0.00821492007104796,0.0253108348134991
"3784","101675","Action_20","Morph_45","ZK","Play","Hitother","HitOther.1","Sonso",-0.22314355131421,0.0202042628774423,0.0404085257548845
"3785","101482a","Action_50","Morph_107","ZK","Play","Shake","Shake.1","Sonso",0.27763173659828,0.00355239786856128,0.0122113676731794
"3786","101481","Action_29","Morph_58","ZK","Play","Locomotegallop","LocomoteGallop.1","Sonso",0.246860077931526,0.00821492007104796,0.00821492007104796
"3787","101481","Action_17","Morph_41","ZK","Play","Hitobject","HitObject.3","Sonso",-0.510825623765991,0.00510657193605684,0.0559502664298401
"3788","100400b","Action_41","Morph_85","ZK","Playcontinue","Pull","Pull.2","Sonso",-0.083381608939051,0.00643872113676732,0.0253108348134991
"3789","100420a","Action_14","Morph_29","ZK","Play","Grab","Grab.1","Sonso",-0.385662480811985,0.00821492007104796,0.0353019538188277
"3790","102130","Action_60","Morph_127","ZK","Playcontinue","Swing","Swing.1","Sonso",-0.0408219945202552,0.0428507992895204,0.0475133214920071
"3791","102128a","Action_55","Morph_116","ZK","Play","Stompingobject","StompObject.2","Sonso",-0.916290731874155,0.0148756660746004,0.0230905861456483
"3792","100791","Action_60","Morph_127","ZK","Play","Swing","Swing.1","Sonso",0.246860077931526,0.0428507992895204,0.0475133214920071
"3793","101968a","Action_17","Morph_40","ZK","Play","Hitobject","HitObject.2","Sonso",-0.127833371509885,0.0119893428063943,0.0559502664298401
"3794","100420a","Action_63","Morph_132","ZK","Play","Touch","Touch.1","Sonso",-0.510825623765991,0.0104351687388988,0.0341918294849023
"3795","102128a","Action_55","Morph_116","ZK","Play","Stompingobject","StompObject.2","Sonso",0,0.0148756660746004,0.0230905861456483
"3796","102129","Action_8","Morph_19","ZK","Playcontinue","Dangle","Dangle.1","Sonso",-0.44628710262842,0.0484014209591474,0.0484014209591474
"3797","101481","Action_17","Morph_39","ZK","Play","Hitobject","HitObject.1","Sonso",-1.13943428318836,0.0430728241563055,0.0559502664298401
"3798","101075","Action_17","Morph_39","ZK","Play","Hitobject","HitObject.1","Sonso",-0.44628710262842,0.0430728241563055,0.0559502664298401
"3799","100762","Action_29","Morph_58","ZK","Play","Locomotegallop","LocomoteGallop.1","Sonso",0,0.00821492007104796,0.00821492007104796
"3800","100542","Action_9","Morph_20","ZK","Playcontinue","Dangleshake","DangleShake.1","Sonso",0.712949807856125,0.00710479573712256,0.00710479573712256
"3801","100549p2","Action_8","Morph_19","ZK","Play","Dangle","Dangle.1","Sonso",-0.0408219945202552,0.0484014209591474,0.0484014209591474
"3802","100548","Action_8","Morph_19","ZK","Play","Dangle","Dangle.1","Sonso",-0.27443684570176,0.0484014209591474,0.0484014209591474
"3803","101046","Action_8","Morph_19","ZK","Play","Dangle","Dangle.1","Sonso",0.806475865866949,0.0484014209591474,0.0484014209591474
"3804","101653","Action_60","Morph_127","ZK","Playcontinue","Swing","Swing.1","Sonso",0.336472236621213,0.0428507992895204,0.0475133214920071
"3805","101047","Action_42","Morph_91","ZK","Play","Push","Push.4","Sonso",-1.27296567581289,0.00932504440497336,0.0466252220248668
"3806","101074","Action_16","Morph_38","ZK","Play","Headstand","HeadStand.1","Sonso",-0.579818495252942,0.0066607460035524,0.0066607460035524
"3807","100548","Action_63","Morph_133","ZK","Play","Touch","Touch.2","Sonso",-0.82098055206983,0.00754884547069272,0.0341918294849023
"3808","101047","Action_43","Morph_98","ZK","Play","Raise","Raise.3","Sonso",-0.579818495252942,0.00177619893428064,0.0113232682060391
"3809","101653","Action_60","Morph_127","ZK","Playcontinue","Swing","Swing.1","Sonso",0.182321556793955,0.0428507992895204,0.0475133214920071
"3810","101974","Action_2","Morph_5","ZK","Groom","Bigloudscratch","BigLoudScratch.3","Sonso",0.494696241836107,0.0119893428063943,0.0577264653641208
"3811","101038","Action_9","Morph_20","ZK","Play","Dangleshake","DangleShake.1","Sonso",0.56531380905006,0.00710479573712256,0.00710479573712256
"3812","100762","Action_52","Morph_112","ZK","Play","Spinroulade","SpinRoulade.1","Sonso",0.364643113587909,0.00488454706927176,0.00488454706927176
"3813","101974","Action_38","Morph_79","ZK","Groom","Present","Present.5","Sonso",0.955511445027436,0.00688277087033748,0.0492895204262877
"3814","101488","Action_17","Morph_39","ZK","Play","Hitobject","HitObject.1","Sonso",-0.653926467406664,0.0430728241563055,0.0559502664298401
"3815","100048","Action_33","Morph_63","ZK","Play","Objectmove","ObjectMove.3","Sonso",-0.44628710262842,0.0011101243339254,0.0406305506216696
"3816","101654","Action_20","Morph_46","ZK","Play","Hitother","HitOther.2","Sonso",-0.27443684570176,0.00932504440497336,0.0404085257548845
"3817","101654","Action_20","Morph_46","ZK","Play","Hitother","HitOther.2","Sonso",-0.82098055206983,0.00932504440497336,0.0404085257548845
"3818","101486","Action_60","Morph_127","ZK","Play","Swing","Swing.1","Sonso",0,0.0428507992895204,0.0475133214920071
"3819","102132a","Action_29","Morph_58","ZK","Play","Locomotegallop","LocomoteGallop.1","Sonso",0.148420005118273,0.00821492007104796,0.00821492007104796
"3820","101486","Action_60","Morph_127","ZK","Play","Swing","Swing.1","Sonso",0.148420005118273,0.0428507992895204,0.0475133214920071
"3821","101488","Action_17","Morph_39","ZK","Play","Hitobject","HitObject.1","Sonso",-0.27443684570176,0.0430728241563055,0.0559502664298401
"3822","101479","Action_60","Morph_127","ZK","Playcontinue","Swing","Swing.1","Sonso",-0.174353387144778,0.0428507992895204,0.0475133214920071
"3823","100549p2","Action_17","Morph_39","ZK","Play","Hitobject","HitObject.1","Sonso",-0.653926467406664,0.0430728241563055,0.0559502664298401
"3824","101958","Action_33","Morph_61","ZK","Play","Objectmove","ObjectMove.1","Sonso",-1.27296567581289,0.0317495559502664,0.0406305506216696
"3825","101507a","Action_55","Morph_116","ZK","Playcontinue","Stompingobject","StompObject.2","Sonso",-0.127833371509885,0.0148756660746004,0.0230905861456483
"3826","101653","Action_60","Morph_127","ZK","Playcontinue","Swing","Swing.1","Sonso",0.215111379616945,0.0428507992895204,0.0475133214920071
"3827","100549p1","Action_24","Morph_51","ZK","Play","Jump","Jump.1","Sonso",0.27763173659828,0.00732682060390764,0.00732682060390764
"3828","100373","Action_60","Morph_127","ZK","Play","Swing","Swing.1","Sonso",0.27763173659828,0.0428507992895204,0.0475133214920071
"3829","100762","Action_53","Morph_113","ZK","Play","Spinsomersault","SpinSomersault.1","Sonso",0.56531380905006,0.00799289520426288,0.00799289520426288
"3830","100549p1","Action_34","Morph_68","ZK","Play","Objectshake","ObjectShake.4","Sonso",0.494696241836107,0.00288632326820604,0.108792184724689
"3831","101488","Action_23","Morph_48","ZK","Play","Hittingother","HitOther.4","Sonso",0.0769610411361284,0.00732682060390764,0.0157637655417407
"3832","100048","Action_33","Morph_61","ZK","Play","Objectmove","ObjectMove.1","Sonso",-0.22314355131421,0.0317495559502664,0.0406305506216696
"3833","101044","Action_17","Morph_40","ZK","Play","Hitobject","HitObject.2","Sonso",-0.653926467406664,0.0119893428063943,0.0559502664298401
"3834","101677","Action_17","Morph_40","ZK","Play","Hitobject","HitObject.2","Sonso",-0.916290731874155,0.0119893428063943,0.0559502664298401
"3835","101677","Action_57","Morph_118","ZK","Play","Stompobject","StompObject.4","Sonso",-0.916290731874155,0.005550621669627,0.0424067495559503
"3836","101047","Action_43","Morph_98","ZK","Play","Raise","Raise.3","Sonso",-0.385662480811985,0.00177619893428064,0.0113232682060391
"3837","101958","Action_29","Morph_58","ZK","Play","Locomotegallop","LocomoteGallop.1","Sonso",-0.385662480811985,0.00821492007104796,0.00821492007104796
"3838","100049","Action_53","Morph_113","ZK","Stopbehaviour","Spinsomersault","SpinSomersault.1","Sonso",0.470003629245736,0.00799289520426288,0.00799289520426288
"3839","101486","Action_8","Morph_19","ZK","Play","Dangle","Dangle.1","Sonso",0.246860077931526,0.0484014209591474,0.0484014209591474
"3840","101783","Action_33","Morph_61","ZK","Play","Objectmove","ObjectMove.1","Sonso",-0.653926467406664,0.0317495559502664,0.0406305506216696
"3841","102111","Action_2","Morph_4","ZK","Groom","Bigloudscratch","BigLoudScratch.2","Sonso",0.418710334858185,0.019316163410302,0.0577264653641208
"3842","100398b","Action_9","Morph_20","ZK","Play","Dangleshake","DangleShake.1","Sonso",1.05779029414785,0.00710479573712256,0.00710479573712256
"3843","102111","Action_2","Morph_4","ZK","Groom","Bigloudscratch","BigLoudScratch.2","Sonso",0.470003629245736,0.019316163410302,0.0577264653641208
"3844","102116","Action_63","Morph_138","ZK","Affiliation","Touch","Touch.7","Sonso",-1.42711635564015,0.0044404973357016,0.0341918294849023
"3845","100419","Action_55","Morph_116","ZK","Play","Stompingobject","StompObject.2","Sonso",0.494696241836107,0.0148756660746004,0.0230905861456483
"3846","100419","Action_34","Morph_67","ZK","Play","Objectshake","ObjectShake.3","Sonso",0.336472236621213,0.0022202486678508,0.108792184724689
"3847","100398b","Action_57","Morph_115","ZK","Play","Stompobject","StompObject.1","Sonso",-0.653926467406664,0.0337477797513321,0.0424067495559503
"3848","102111","Action_38","Morph_79","ZK","Groom","Present","Present.5","Sonso",0.985816794522765,0.00688277087033748,0.0492895204262877
"3849","100398b","Action_8","Morph_19","ZK","Play","Dangle","Dangle.1","Sonso",0.0769610411361284,0.0484014209591474,0.0484014209591474
"3850","100398b","Action_50","Morph_108","ZK","Play","Shake","Shake.2","Sonso",0.693147180559945,0.00466252220248668,0.0122113676731794
"3851","102111","Action_2","Morph_6","ZK","Groom","Bigloudscratch","BigLoudScratch.4","Sonso",0.672944473242426,0.00421847246891652,0.0577264653641208
"3852","102326","Action_14","Morph_32","ZK","Playcontinue","Grab","Grab.4","Sonso",-0.7339691750802,0.00754884547069272,0.0353019538188277
"3853","102111","Action_2","Morph_4","ZK","Groom","Bigloudscratch","BigLoudScratch.2","Sonso",0.392042087776024,0.019316163410302,0.0577264653641208
"3854","102116","Action_45","Morph_100","ZK","Affiliation","Reach","Reach.1","Sonso",-0.174353387144778,0.0408525754884547,0.0801509769094138
"3855","100419","Action_57","Morph_115","ZK","Play","Stompobject","StompObject.1","Sonso",-0.083381608939051,0.0337477797513321,0.0424067495559503
"3856","100398b","Action_17","Morph_39","ZK","Play","Hitobject","HitObject.1","Sonso",-0.82098055206983,0.0430728241563055,0.0559502664298401
"3857","100419","Action_34","Morph_67","ZK","Play","Objectshake","ObjectShake.3","Sonso",0.215111379616945,0.0022202486678508,0.108792184724689
"3858","101913","Action_2","Morph_4","ZK","Directattention","Bigloudscratch","BigLoudScratch.2","Sonso",0.631271776841858,0.019316163410302,0.0577264653641208
"3859","102176","Action_2","Morph_3","ZK","Directattention","Bigloudscratch","BigLoudScratch.1","Sonso",0.56531380905006,0.0215364120781528,0.0577264653641208
"3860","101912","Action_38","Morph_77","ZK","Groom","Present","Present.3","Sonso",0.712949807856125,0.00466252220248668,0.0492895204262877
"3861","102182","Action_41","Morph_84","ZK","Groom","Pull","Pull.1","Sonso",-0.7339691750802,0.00821492007104796,0.0253108348134991
"3862","102181","Action_41","Morph_84","ZK","Groom","Pull","Pull.1","Sonso",0.307484699747961,0.00821492007104796,0.0253108348134991
"3863","102181","Action_41","Morph_84","ZK","Groom","Pull","Pull.1","Sonso",-0.510825623765991,0.00821492007104796,0.0253108348134991
"3864","101065","Action_63","Morph_133","ZK","Climbonyou","Touch","Touch.2","Sonso",0.0392207131532813,0.00754884547069272,0.0341918294849023
"3865","102182","Action_41","Morph_84","ZK","Groom","Pull","Pull.1","Sonso",-0.579818495252942,0.00821492007104796,0.0253108348134991
"3866","102182","Action_41","Morph_84","ZK","Groom","Pull","Pull.1","Sonso",-0.7339691750802,0.00821492007104796,0.0253108348134991
"3867","101785","Action_53","Morph_113","ZK","Play","Spinsomersault","SpinSomersault.1","Sonso",0.148420005118273,0.00799289520426288,0.00799289520426288
"3868","102177","Action_2","Morph_3","ZK","Directattention","Bigloudscratch","BigLoudScratch.1","Sonso",0.631271776841858,0.0215364120781528,0.0577264653641208
"3869","102181","Action_41","Morph_84","ZK","Groom","Pull","Pull.1","Sonso",-0.174353387144778,0.00821492007104796,0.0253108348134991
"3870","101656","Action_63","Morph_140","ZK","Givemenurse","Touch","Touch.9","Sonso",-1.02165124753198,0.00399644760213144,0.0341918294849023
"3871","101979","Action_41","Morph_84","ZK","Groom","Pull","Pull.1","Sonso",0.27763173659828,0.00821492007104796,0.0253108348134991
"3872","101912","Action_2","Morph_3","ZK","Groom","Bigloudscratch","BigLoudScratch.1","Sonso",0.392042087776024,0.0215364120781528,0.0577264653641208
"3873","102089","Action_2","Morph_5","ZK","Groom","Bigloudscratch","BigLoudScratch.3","Sonso",0.392042087776024,0.0119893428063943,0.0577264653641208
"3874","102181","Action_41","Morph_84","ZK","Groom","Pull","Pull.1","Sonso",-0.579818495252942,0.00821492007104796,0.0253108348134991
"3875","102177","Action_38","Morph_80","ZK","Directattention","Present","Present.6","Sonso",-1.13943428318836,0.00155417406749556,0.0492895204262877
"3876","102182","Action_2","Morph_5","ZK","Groom","Bigloudscratch","BigLoudScratch.3","Sonso",-0.174353387144778,0.0119893428063943,0.0577264653641208
"3877","101655","Action_63","Morph_140","ZK","Givemenurse","Touch","Touch.9","Sonso",-1.42711635564015,0.00399644760213144,0.0341918294849023
"3878","102177","Action_2","Morph_3","ZK","Directattention","Bigloudscratch","BigLoudScratch.1","Sonso",0.470003629245736,0.0215364120781528,0.0577264653641208
"3879","102182","Action_41","Morph_84","ZK","Groom","Pull","Pull.1","Sonso",-0.385662480811985,0.00821492007104796,0.0253108348134991
"3880","101921","Action_42","Morph_90","ZK","Position","Push","Push.3","Sonso",-0.653926467406664,0.00510657193605684,0.0466252220248668
"3881","102182","Action_41","Morph_84","ZK","Groom","Pull","Pull.1","Sonso",-0.510825623765991,0.00821492007104796,0.0253108348134991
"3882","101979","Action_38","Morph_76","ZK","Groom","Present","Present.2","Sonso",0.113328685307003,0.0135435168738899,0.0492895204262877
"3883","102088b","Action_2","Morph_4","ZK","Groom","Bigloudscratch","BigLoudScratch.2","Sonso",0.336472236621213,0.019316163410302,0.0577264653641208
"3884","101976","Action_38","Morph_75","ZK","Directattention","Present","Present.1","Sonso",0.89199803930511,0.0170959147424512,0.0492895204262877
"3885","101975","Action_2","Morph_6","ZK","Groom","Bigloudscratch","BigLoudScratch.4","Sonso",0.418710334858185,0.00421847246891652,0.0577264653641208
"3886","102181","Action_41","Morph_84","ZK","Groom","Pull","Pull.1","Sonso",-0.44628710262842,0.00821492007104796,0.0253108348134991
"3887","102090","Action_38","Morph_76","ZK","Directattention","Present","Present.2","Sonso",0.27763173659828,0.0135435168738899,0.0492895204262877
"3888","102182","Action_41","Morph_84","ZK","Groom","Pull","Pull.1","Sonso",-0.7339691750802,0.00821492007104796,0.0253108348134991
"3889","102270","Action_63","Morph_133","ZK","Affiliation","Touch","Touch.2","Sonso",-0.82098055206983,0.00754884547069272,0.0341918294849023
"3890","102181","Action_41","Morph_84","ZK","Groom","Pull","Pull.1","Sonso",-0.44628710262842,0.00821492007104796,0.0253108348134991
"3891","102182","Action_41","Morph_84","ZK","Groom","Pull","Pull.1","Sonso",-0.916290731874155,0.00821492007104796,0.0253108348134991
"3892","102182","Action_2","Morph_5","ZK","Groom","Bigloudscratch","BigLoudScratch.3","Sonso",0.182321556793955,0.0119893428063943,0.0577264653641208
"3893","102182","Action_41","Morph_84","ZK","Groom","Pull","Pull.1","Sonso",-0.579818495252942,0.00821492007104796,0.0253108348134991
"3894","102182","Action_41","Morph_84","ZK","Groom","Pull","Pull.1","Sonso",-1.13943428318836,0.00821492007104796,0.0253108348134991
"3895","102088b","Action_38","Morph_76","ZK","Groom","Present","Present.2","Sonso",0.246860077931526,0.0135435168738899,0.0492895204262877
"3896","102181","Action_41","Morph_84","ZK","Groom","Pull","Pull.1","Sonso",-0.653926467406664,0.00821492007104796,0.0253108348134991
"3897","102182","Action_41","Morph_84","ZK","Groom","Pull","Pull.1","Sonso",-0.7339691750802,0.00821492007104796,0.0253108348134991
"3898","102181","Action_2","Morph_3","ZK","Groom","Bigloudscratch","BigLoudScratch.1","Sonso",0.148420005118273,0.0215364120781528,0.0577264653641208
"3899","102177","Action_2","Morph_3","ZK","Directattention","Bigloudscratch","BigLoudScratch.1","Sonso",0.470003629245736,0.0215364120781528,0.0577264653641208
"3900","102181","Action_41","Morph_84","ZK","Groom","Pull","Pull.1","Sonso",-0.510825623765991,0.00821492007104796,0.0253108348134991
"3901","102182","Action_2","Morph_3","ZK","Groom","Bigloudscratch","BigLoudScratch.1","Sonso",0.364643113587909,0.0215364120781528,0.0577264653641208
"3902","101919","Action_42","Morph_92","ZK","Position","Push","Push.5","Sonso",-0.916290731874155,0.0066607460035524,0.0466252220248668
"3903","100155","Action_39","Morph_83","ZL","Staysame","Presentgenitalsbackwards","PresentGenitals.2","Sonso",0.148420005118273,0.00577264653641208,0.033303730017762
"3904","101073","Action_33","Morph_63","ZL","Play","Objectmove","ObjectMove.3","Sonso",0.609765571620894,0.0011101243339254,0.0406305506216696
"3905","101073","Action_20","Morph_45","ZL","Play","Hitother","HitOther.1","Sonso",-0.510825623765991,0.0202042628774423,0.0404085257548845
"3906","101073","Action_57","Morph_115","ZL","Play","Stompobject","StompObject.1","Sonso",-0.44628710262842,0.0337477797513321,0.0424067495559503
"3907","101069","Action_34","Morph_65","ZL","Play","Objectshake","ObjectShake.1","Sonso",0.27763173659828,0.0746003552397869,0.108792184724689
"3908","101069","Action_34","Morph_65","ZL","Play","Objectshake","ObjectShake.1","Sonso",0.215111379616945,0.0746003552397869,0.108792184724689
"3909","101069","Action_14","Morph_29","ZL","Play","Grab","Grab.1","Sonso",-0.510825623765991,0.00821492007104796,0.0353019538188277
"3910","100253a","Action_38","Morph_77","ZL","Directattention","Present","Present.3","Sonso",0.712949807856125,0.00466252220248668,0.0492895204262877
"3911","100252","Action_2","Morph_4","ZL","Groom","Bigloudscratch","BigLoudScratch.2","Sonso",0.336472236621213,0.019316163410302,0.0577264653641208
"3912","102220b","Action_2","Morph_3","ZL","Groom","Bigloudscratch","BigLoudScratch.1","Sonso",0.712949807856125,0.0215364120781528,0.0577264653641208
"3913","101052","Action_64","Morph_134","ZL","Play","Touchlongother","Touch.3","Sonso",1.3244189574018,0.00488454706927176,0.0175399644760213
"3914","101907","Action_45","Morph_101","ZL","Staysame","Reach","Reach.2","Sonso",-0.579818495252942,0.0370781527531083,0.0801509769094138
"3915","102219","Action_42","Morph_89","ZL","Position","Push","Push.2","Sonso",-0.44628710262842,0.00355239786856128,0.0466252220248668
"3916","101052","Action_64","Morph_134","ZL","Play","Touchlongother","Touch.3","Sonso",0.940007258491471,0.00488454706927176,0.0175399644760213
"3917","100100","Action_64","Morph_135","ZL","Stopbehaviour","Touchlongother","Touch.4","Sonso",-0.083381608939051,0.00488454706927176,0.0175399644760213
"3918","100962","Action_64","Morph_133","ZL","Play","Touchlongother","Touch.2","Sonso",0.89199803930511,0.00754884547069272,0.0175399644760213
"3919","100962","Action_3","Morph_14","ZL","Play","Bite","Bite.6","Sonso",-1.6094379124341,0.00266429840142096,0.0168738898756661
"3920","100443","Action_41","Morph_84","ZL","Play","Pull","Pull.1","Sonso",-0.82098055206983,0.00821492007104796,0.0253108348134991
"3921","100962","Action_3","Morph_11","ZL","Play","Bite","Bite.3","Sonso",-0.916290731874155,0.00310834813499112,0.0168738898756661
"3922","100318","Action_40","Morph_82","ZL","Sexualattention","Presentgenitalsforwards","PresentGenitals.1","Sonso",-0.083381608939051,0.0295293072824156,0.00199822380106572
"3923","101409","Action_63","Morph_136","ZL","Play","Touch","Touch.5","Sonso",-0.328504066972036,0.00421847246891652,0.0341918294849023
"3924","101409","Action_64","Morph_133","ZL","Play","Touchlongother","Touch.2","Sonso",0.751416088683921,0.00754884547069272,0.0175399644760213
"3925","101409","Action_23","Morph_47","ZL","Play","Hittingother","HitOther.3","Sonso",-0.27443684570176,0.00843694493783304,0.0157637655417407
"3926","101409","Action_64","Morph_133","ZL","Play","Touchlongother","Touch.2","Sonso",1.08518926833597,0.00754884547069272,0.0175399644760213
"3927","101409","Action_42","Morph_88","ZL","Play","Push","Push.1","Sonso",-0.916290731874155,0.0106571936056838,0.0466252220248668
"3928","100200","Action_34","Morph_65","ZL","Sexualattention","Objectshake","ObjectShake.1","Sonso",0.89199803930511,0.0746003552397869,0.108792184724689
"3929","100116a","Action_45","Morph_101","ZL","Affiliation","Reach","Reach.2","Sonso",-0.083381608939051,0.0370781527531083,0.0801509769094138
"3930","100205","Action_45","Morph_100","ZL","Sexualattention","Reach","Reach.1","Sonso",-0.22314355131421,0.0408525754884547,0.0801509769094138
"3931","101411","Action_3","Morph_14","ZL","Play","Bite","Bite.6","Sonso",-0.385662480811985,0.00266429840142096,0.0168738898756661
"3932","102343","Action_64","Morph_134","ZL","Affiliation","Touchlongother","Touch.3","Sonso",1.04380405217311,0.00488454706927176,0.0175399644760213
"3933","100019","Action_38","Morph_76","ZL","Directattention","Present","Present.2","Sonso",0.392042087776024,0.0135435168738899,0.0492895204262877
"3934","101098a","Action_45","Morph_100","ZL","Play","Reach","Reach.1","Sonso",0.307484699747961,0.0408525754884547,0.0801509769094138
"3935","102342b","Action_45","Morph_100","ZL","Play","Reach","Reach.1","Sonso",0,0.0408525754884547,0.0801509769094138
"3936","102113","Action_38","Morph_78","ZL","Directattention","Present","Present.4","Sonso",0.418710334858185,0.00288632326820604,0.0492895204262877
"3937","102114","Action_38","Morph_76","ZL","Directattention","Present","Present.2","Sonso",-0.328504066972036,0.0135435168738899,0.0492895204262877
"3938","102109","Action_38","Morph_75","ZL","Groom","Present","Present.1","Sonso",0.246860077931526,0.0170959147424512,0.0492895204262877
"3939","102360a","Action_20","Morph_45","ZL","Playcontinue","Hitother","HitOther.1","Sonso",-1.27296567581289,0.0202042628774423,0.0404085257548845
"3940","101506","Action_8","Morph_19","ZL","Play","Dangle","Dangle.1","Sonso",0.712949807856125,0.0484014209591474,0.0484014209591474
"3941","102360a","Action_20","Morph_45","ZL","Playcontinue","Hitother","HitOther.1","Sonso",-1.27296567581289,0.0202042628774423,0.0404085257548845
"3942","102047","Action_45","Morph_100","ZL","Staysame","Reach","Reach.1","Sonso",-0.22314355131421,0.0408525754884547,0.0801509769094138
"3943","100293","Action_63","Morph_135","ZL","Play","Touch","Touch.4","Sonso",-0.174353387144778,0.00488454706927176,0.0341918294849023
"3944","101410","Action_37","Morph_74","ZL","Play","Poke","Poke.1","Sonso",-0.579818495252942,0.00266429840142096,0.00266429840142096
"3945","101410","Action_15","Morph_35","ZL","Play","Grabhold","GrabHold.1","Sonso",0.955511445027436,0.00932504440497336,0.0204262877442274
"3946","101410","Action_37","Morph_74","ZL","Play","Poke","Poke.1","Sonso",-0.328504066972036,0.00266429840142096,0.00266429840142096
"3947","101435","Action_63","Morph_139","ZL","Play","Touch","Touch.8","Sonso",-0.44628710262842,0.00577264653641208,0.0341918294849023
"3948","101410","Action_14","Morph_29","ZL","Play","Grab","Grab.1","Sonso",-0.0408219945202552,0.00821492007104796,0.0353019538188277
"3949","101435","Action_63","Morph_139","ZL","Play","Touch","Touch.8","Sonso",-0.22314355131421,0.00577264653641208,0.0341918294849023
"3950","101101b","Action_63","Morph_133","ZL","Play","Touch","Touch.2","Sonso",-1.27296567581289,0.00754884547069272,0.0341918294849023
"3951","102050","Action_2","Morph_5","ZL","Groom","Bigloudscratch","BigLoudScratch.3","Sonso",0.392042087776024,0.0119893428063943,0.0577264653641208
"3952","102050","Action_2","Morph_3","ZL","Groom","Bigloudscratch","BigLoudScratch.1","Sonso",0.494696241836107,0.0215364120781528,0.0577264653641208
"3953","100094","Action_38","Morph_77","ZL","Directattention","Present","Present.3","Sonso",0.770108221696074,0.00466252220248668,0.0492895204262877
"3954","100092","Action_2","Morph_5","ZL","Groom","Bigloudscratch","BigLoudScratch.3","Sonso",0.392042087776024,0.0119893428063943,0.0577264653641208
"3955","100096","Action_38","Morph_76","ZL","Directattention","Present","Present.2","Sonso",0.182321556793955,0.0135435168738899,0.0492895204262877
"3956","101063","Action_39","Morph_83","ZL","Staysame","Presentgenitalsbackwards","PresentGenitals.2","Sonso",-0.27443684570176,0.00577264653641208,0.033303730017762
"3957","101436","Action_2","Morph_5","ZL","Groom","Bigloudscratch","BigLoudScratch.3","Sonso",0.418710334858185,0.0119893428063943,0.0577264653641208
"3958","102328","Action_2","Morph_5","ZL","Groom","Bigloudscratch","BigLoudScratch.3","Sonso",0.0392207131532813,0.0119893428063943,0.0577264653641208
"3959","101903","Action_38","Morph_81","ZL","Followme","Present","Present.7","Sonso",-0.916290731874155,0.00244227353463588,0.0492895204262877
"3960","101423","Action_17","Morph_39","ZL","Position","Hitobject","HitObject.1","Sonso",0,0.0430728241563055,0.0559502664298401
"3961","102253","Action_41","Morph_86","ZL","Position","Pull","Pull.3","Sonso",-0.385662480811985,0.00510657193605684,0.0253108348134991
"3962","102254","Action_2","Morph_5","ZL","Groom","Bigloudscratch","BigLoudScratch.3","Sonso",0.148420005118273,0.0119893428063943,0.0577264653641208
"3963","101306","Action_38","Morph_75","ZL","Directattention","Present","Present.1","Sonso",0.336472236621213,0.0170959147424512,0.0492895204262877
"3964","102218","Action_25","Morph_52","ZL","Moveaway","Kickpunch","KickPunch.1","Sonso",-0.579818495252942,0.0022202486678508,0.0022202486678508
"3965","102178","Action_42","Morph_93","ZL","Position","Push","Push.6","Sonso",-0.385662480811985,0.0066607460035524,0.0466252220248668
"3966","101417","Action_2","Morph_5","ZL","Directattention","Bigloudscratch","BigLoudScratch.3","Sonso",0.246860077931526,0.0119893428063943,0.0577264653641208
"3967","101305","Action_38","Morph_75","ZL","Directattention","Present","Present.1","Sonso",0.78845736036427,0.0170959147424512,0.0492895204262877
"3968","101964","Action_2","Morph_6","ZL","Groom","Bigloudscratch","BigLoudScratch.4","Sonso",0.494696241836107,0.00421847246891652,0.0577264653641208
"3969","101051","Action_64","Morph_133","ZL","Play","Touchlongother","Touch.2","Sonso",1.05779029414785,0.00754884547069272,0.0175399644760213
"3970","102255b","Action_2","Morph_5","ZL","Groom","Bigloudscratch","BigLoudScratch.3","Sonso",0.364643113587909,0.0119893428063943,0.0577264653641208
"3971","101437b","Action_42","Morph_90","ZL","Position","Push","Push.3","Sonso",-0.27443684570176,0.00510657193605684,0.0466252220248668
"3972","101422","Action_38","Morph_75","ZL","Groom","Present","Present.1","Sonso",0.732367893713227,0.0170959147424512,0.0492895204262877
"3973","101418","Action_38","Morph_76","ZL","Directattention","Present","Present.2","Sonso",0.0769610411361284,0.0135435168738899,0.0492895204262877
"3974","100417b","Action_15","Morph_36","ZL","Playcontinue","Grabhold","GrabHold.2","Sonso",0.924258901523332,0.005550621669627,0.0204262877442274
"3975","102218","Action_41","Morph_86","ZL","Moveaway","Pull","Pull.3","Sonso",-0.44628710262842,0.00510657193605684,0.0253108348134991
"3976","102328","Action_2","Morph_5","ZL","Groom","Bigloudscratch","BigLoudScratch.3","Sonso",0.444685821261446,0.0119893428063943,0.0577264653641208
"3977","101308","Action_38","Morph_75","ZL","Groom","Present","Present.1","Sonso",0.732367893713227,0.0170959147424512,0.0492895204262877
"3978","102255b","Action_2","Morph_3","ZL","Groom","Bigloudscratch","BigLoudScratch.1","Sonso",0.494696241836107,0.0215364120781528,0.0577264653641208
"3979","101898","Action_38","Morph_75","ZL","Groom","Present","Present.1","Sonso",0.56531380905006,0.0170959147424512,0.0492895204262877
"3980","101419","Action_38","Morph_80","ZL","Directattention","Present","Present.6","Sonso",0.148420005118273,0.00155417406749556,0.0492895204262877
"3981","101964","Action_2","Morph_3","ZL","Groom","Bigloudscratch","BigLoudScratch.1","Sonso",0.609765571620894,0.0215364120781528,0.0577264653641208
"3982","102257","Action_2","Morph_5","ZL","Directattention","Bigloudscratch","BigLoudScratch.3","Sonso",0.518793793415168,0.0119893428063943,0.0577264653641208
"3983","101440b","Action_2","Morph_4","ZL","Groom","Bigloudscratch","BigLoudScratch.2","Sonso",0.672944473242426,0.019316163410302,0.0577264653641208
"3984","101309","Action_45","Morph_101","ZL","Staysame","Reach","Reach.2","Sonso",-1.13943428318836,0.0370781527531083,0.0801509769094138
"3985","100414","Action_20","Morph_45","ZL","Play","Hitother","HitOther.1","Sonso",-0.328504066972036,0.0202042628774423,0.0404085257548845
"3986","100398a","Action_33","Morph_64","ZL","Play","Objectmove","ObjectMove.4","Sonso",0.940007258491471,0.00066607460035524,0.0406305506216696
"3987","100411","Action_14","Morph_31","ZL","Play","Grab","Grab.3","Sonso",-0.174353387144778,0.00466252220248668,0.0353019538188277
"3988","101637","Action_45","Morph_100","ZL","Sociosexualattention","Reach","Reach.1","Sonso",-0.653926467406664,0.0408525754884547,0.0801509769094138
"3989","100398a","Action_57","Morph_115","ZL","Play","Stompobject","StompObject.1","Sonso",-0.174353387144778,0.0337477797513321,0.0424067495559503
"3990","100422","Action_41","Morph_85","ZL","Play","Pull","Pull.2","Sonso",-0.510825623765991,0.00643872113676732,0.0253108348134991
"3991","100422","Action_41","Morph_85","ZL","Play","Pull","Pull.2","Sonso",-1.02165124753198,0.00643872113676732,0.0253108348134991
"3992","101959","Action_60","Morph_127","ZL","Play","Swing","Swing.1","Sonso",0.0769610411361284,0.0428507992895204,0.0475133214920071
"3993","100595b","Action_39","Morph_82","ZM","Sexualattention","Presentgenitalsbackwards","PresentGenitals.1","Sonso",0.470003629245736,0.0295293072824156,0.033303730017762
"3994","100050","Action_39","Morph_82","ZM","Sexualattention","Presentgenitalsbackwards","PresentGenitals.1","Sonso",0.246860077931526,0.0295293072824156,0.033303730017762
"3995","100013","Action_39","Morph_82","ZM","Sexualattention","Presentgenitalsbackwards","PresentGenitals.1","Sonso",-0.27443684570176,0.0295293072824156,0.033303730017762
"3996","101977","Action_38","Morph_78","ZM","Directattention","Present","Present.4","Sonso",-0.0408219945202552,0.00288632326820604,0.0492895204262877
"3997","101978","Action_42","Morph_92","ZM","Position","Push","Push.5","Sonso",0.27763173659828,0.0066607460035524,0.0466252220248668
"3998","101444","Action_2","Morph_3","ZM","Groom","Bigloudscratch","BigLoudScratch.1","Sonso",0.336472236621213,0.0215364120781528,0.0577264653641208
"3999","101933","Action_38","Morph_75","ZM","Directattention","Present","Present.1","Sonso",0.923861997370473,0.0170959147424512,0.0492895204262877
"4000","101920","Action_2","Morph_6","ZM","Directattention","Bigloudscratch","BigLoudScratch.4","Sonso",0.113328685307003,0.00421847246891652,0.0577264653641208
"4001","102088a","Action_38","Morph_76","ZM","Groom","Present","Present.2","Sonso",0.307484699747961,0.0135435168738899,0.0492895204262877
"4002","101062","Action_42","Morph_88","ZM","Travel","Push","Push.1","Sonso",-1.83258146374831,0.0106571936056838,0.0466252220248668
"4003","102088a","Action_2","Morph_5","ZM","Groom","Bigloudscratch","BigLoudScratch.3","Sonso",0.392042087776024,0.0119893428063943,0.0577264653641208
"4004","102107","Action_42","Morph_92","ZM","Position","Push","Push.5","Sonso",-1.02165124753198,0.0066607460035524,0.0466252220248668
"4005","102087","Action_42","Morph_92","ZM","Position","Push","Push.5","Sonso",-0.916290731874155,0.0066607460035524,0.0466252220248668
"4006","300631","Action_2","Morph_3","ABO","Groom","Bigloudscratch","BigLoudScratch.1","Waibira",0.346422567474381,0.0928057553956834,0.215827338129496
"4007","300631","Action_2","Morph_4","ABO","Groom","Bigloudscratch","BigLoudScratch.2","Waibira",0.110646520087064,0.0431654676258993,0.215827338129496
"4008","300550b","Action_2","Morph_3","ABO","Groom","Bigloudscratch","BigLoudScratch.1","Waibira",0.835514421846867,0.0928057553956834,0.215827338129496
"4009","300546b","Action_38","Morph_78","ABO","Groom","Present","Present.4","Waibira",0.199670195128568,0.0287769784172662,0.142446043165468
"4010","300549b","Action_2","Morph_6","ABO","Groom","Bigloudscratch","BigLoudScratch.4","Waibira",0.593879178901276,0.0201438848920863,0.215827338129496
"4011","300554b","Action_39","Morph_82","ABO","Sociosexualattention","Presentgenitalsbackwards","PresentGenitals.1","Waibira",-0.115410851511328,0.0474820143884892,0.0402877697841727
"4012","300549b","Action_38","Morph_78","ABO","Groom","Present","Present.4","Waibira",0.730924544893975,0.0287769784172662,0.142446043165468
"4013","300356","Action_45","Morph_100","ABO","Staysame","Reach","Reach.1","Waibira",1.21194097397511,0.0827338129496403,0.097841726618705
"4014","300481a","Action_2","Morph_4","ABO","Groom","Bigloudscratch","BigLoudScratch.2","Waibira",0.712459491592318,0.0431654676258993,0.215827338129496
"4015","300091","Action_63","Morph_136","ABO","Sociosexualattention","Touch","Touch.5","Waibira",-0.435408984481236,0.00719424460431655,0.0669064748201439
"4016","300091","Action_64","Morph_135","ABO","Sociosexualattention","Touchlongother","Touch.4","Waibira",0.888302695333986,0.00935251798561151,0.0100719424460432
"4017","300023","Action_64","Morph_132","ABO","Affiliation","Touchlongother","Touch.1","Waibira",1.11350090116186,0.0179856115107914,0.0100719424460432
"4018","300023","Action_45","Morph_100","ABO","Affiliation","Reach","Reach.1","Waibira",-0.636766847123838,0.0827338129496403,0.097841726618705
"4019","300797b","Action_43","Morph_96","AIM","Givemenurse","Raise","Raise.1","Waibira",-0.285018955032297,0.0258992805755396,0.0316546762589928
"4020","300748","Action_14","Morph_29","AIM","Giveme","Grab","Grab.1","Waibira",0.1016536537265,0.00359712230215827,0.0107913669064748
"4021","300892a","Action_43","Morph_97","AIM","Affiliation","Raise","Raise.2","Waibira",0.107957141505092,0.00575539568345324,0.0316546762589928
"4022","300748","Action_14","Morph_29","AIM","Giveme","Grab","Grab.1","Waibira",0.206200830583898,0.00359712230215827,0.0107913669064748
"4023","300747","Action_41","Morph_84","AIM","Giveme","Pull","Pull.1","Waibira",1.05152068113426,0.0079136690647482,0.0280575539568345
"4024","300799","Action_60","Morph_127","AIM","Play","Swing","Swing.1","Waibira",-0.424647927524938,0.0165467625899281,0.0172661870503597
"4025","300799","Action_39","Morph_82","AIM","Play","Presentgenitalsbackwards","PresentGenitals.1","Waibira",1.30589742404786,0.0474820143884892,0.0402877697841727
"4026","300797a","Action_42","Morph_88","AKK","Takeobjectnurse","Push","Push.1","Waibira",0.189793571632656,0.0115107913669065,0.0359712230215827
"4027","300797a","Action_45","Morph_100","AKK","Takeobjectnurse","Reach","Reach.1","Waibira",-0.233193887167711,0.0827338129496403,0.097841726618705
"4028","300797a","Action_2","Morph_4","AKK","Takeobjectnurse","Bigloudscratch","BigLoudScratch.2","Waibira",0.492865298388998,0.0431654676258993,0.215827338129496
"4029","300797a","Action_1","Morph_2","AKK","Takeobjectnurse","Beckon","Beckon.2","Waibira",-1.18090753139494,0.00359712230215827,0.00575539568345324
"4030","300797a","Action_42","Morph_88","AKK","Takeobjectnurse","Push","Push.1","Waibira",-1.18744350237473,0.0115107913669065,0.0359712230215827
"4031","300798","Action_42","Morph_88","AKK","Takeobjectnurse","Push","Push.1","Waibira",-0.410980288796275,0.0115107913669065,0.0359712230215827
"4032","300797a","Action_42","Morph_88","AKK","Takeobjectnurse","Push","Push.1","Waibira",-0.199671195129068,0.0115107913669065,0.0359712230215827
"4033","300797a","Action_42","Morph_88","AKK","Takeobjectnurse","Push","Push.1","Waibira",-0.610645959048202,0.0115107913669065,0.0359712230215827
"4034","300798","Action_63","Morph_133","AKK","Takeobjectnurse","Touch","Touch.2","Waibira",-0.25618340539241,0.00863309352517986,0.0669064748201439
"4035","300797a","Action_42","Morph_88","AKK","Takeobjectnurse","Push","Push.1","Waibira",-0.213193220461042,0.0115107913669065,0.0359712230215827
"4036","300798","Action_42","Morph_88","AKK","Takeobjectnurse","Push","Push.1","Waibira",-0.29975465368605,0.0115107913669065,0.0359712230215827
"4037","300892b","Action_45","Morph_100","AKK","Affiliation","Reach","Reach.1","Waibira",-0.104250021373799,0.0827338129496403,0.097841726618705
"4038","300672","Action_41","Morph_85","AKK","Position","Pull","Pull.2","Waibira",0.494696241836107,0.0115107913669065,0.0280575539568345
"4039","300672","Action_2","Morph_4","AKK","Position","Bigloudscratch","BigLoudScratch.2","Waibira",0.541742726400712,0.0431654676258993,0.215827338129496
"4040","300670","Action_42","Morph_89","AKK","Position","Push","Push.2","Waibira",0.356274863917393,0.0115107913669065,0.0359712230215827
"4041","300095","Action_38","Morph_78","AKK","Directattention","Present","Present.4","Waibira",1.31237867816972,0.0287769784172662,0.142446043165468
"4042","300757","Action_38","Morph_80","ALF","Directattention","Present","Present.6","Waibira",0.316269529303694,0.00575539568345324,0.142446043165468
"4043","300593a","Action_2","Morph_5","ALF","Groom","Bigloudscratch","BigLoudScratch.3","Waibira",0.29266961396282,0.0424460431654676,0.215827338129496
"4044","300595","Action_38","Morph_78","ALF","Groom","Present","Present.4","Waibira",0.454889991435687,0.0287769784172662,0.142446043165468
"4045","300592b","Action_38","Morph_77","ALF","Groom","Present","Present.3","Waibira",0.342880232916543,0.041726618705036,0.142446043165468
"4046","300054","Action_38","Morph_75","ALF","Groom","Present","Present.1","Waibira",1.31774781858478,0.0330935251798561,0.142446043165468
"4047","300056b","Action_38","Morph_77","ALF","Groom","Present","Present.3","Waibira",1.17062282464438,0.041726618705036,0.142446043165468
"4048","300055","Action_38","Morph_75","ALF","Groom","Present","Present.1","Waibira",1.34521191601866,0.0330935251798561,0.142446043165468
"4049","300532","Action_38","Morph_75","ALF","Groom","Present","Present.1","Waibira",1.21372509576861,0.0330935251798561,0.142446043165468
"4050","300755","Action_38","Morph_78","ALF","Groom","Present","Present.4","Waibira",-0.283690051182243,0.0287769784172662,0.142446043165468
"4051","300758b","Action_38","Morph_75","ALF","Groom","Present","Present.1","Waibira",0.588897159186146,0.0330935251798561,0.142446043165468
"4052","300352b","Action_38","Morph_77","ALF","Groom","Present","Present.3","Waibira",0.27763173659828,0.041726618705036,0.142446043165468
"4053","300220b","Action_38","Morph_77","ALF","Directattention","Present","Present.3","Waibira",1.02101104264456,0.041726618705036,0.142446043165468
"4054","300176b","Action_60","Morph_127","ALF","Affiliation","Swing","Swing.1","Waibira",-0.923818998294947,0.0165467625899281,0.0172661870503597
"4055","300367","Action_2","Morph_5","ALF","Groom","Bigloudscratch","BigLoudScratch.3","Waibira",0.147557564357615,0.0424460431654676,0.215827338129496
"4056","300173a","Action_45","Morph_100","ALF","Affiliation","Reach","Reach.1","Waibira",-0.29975465368605,0.0827338129496403,0.097841726618705
"4057","300182a","Action_45","Morph_100","ALF","Sexualattention","Reach","Reach.1","Waibira",-0.572701027484078,0.0827338129496403,0.097841726618705
"4058","300182a","Action_43","Morph_96","ALF","Sexualattention","Raise","Raise.1","Waibira",-0.18152187662339,0.0258992805755396,0.0316546762589928
"4059","300174","Action_39","Morph_83","ALF","Affiliation","Presentgenitalsbackwards","PresentGenitals.2","Waibira",0.511625303936555,0.0107913669064748,0.0402877697841727
"4060","300509","Action_45","Morph_100","ALF","Affiliation","Reach","Reach.1","Waibira",0.455524307980901,0.0827338129496403,0.097841726618705
"4061","300881","Action_34","Morph_65","AND","Sexualattention","Objectshake","ObjectShake.1","Waibira",1.16876004857019,0.0158273381294964,0.0201438848920863
"4062","300881","Action_33","Morph_61","AND","Sexualattention","Objectmove","ObjectMove.1","Waibira",0.418710334858185,0.018705035971223,0.0194244604316547
"4063","300839","Action_45","Morph_100","AND","Staysame","Reach","Reach.1","Waibira",-0.653926467406664,0.0827338129496403,0.097841726618705
"4064","300561a","Action_54","Morph_114","AND","Sexualattention","Stancebipedal","StanceBipedal.1","Waibira",-1.19732826160727,0.00359712230215827,0.00359712230215827
"4065","300671","Action_38","Morph_78","ARD","Groom","Present","Present.4","Waibira",-1.01887732064926,0.0287769784172662,0.142446043165468
"4066","300671","Action_2","Morph_6","ARD","Groom","Bigloudscratch","BigLoudScratch.4","Waibira",0.336472236621213,0.0201438848920863,0.215827338129496
"4067","300669","Action_38","Morph_75","ARD","Directattention","Present","Present.1","Waibira",0.755652385911342,0.0330935251798561,0.142446043165468
"4068","300159","Action_63","Morph_134","ARD","Affiliation","Touch","Touch.3","Waibira",-1.08767234862978,0.0115107913669065,0.0669064748201439
"4069","300270","Action_38","Morph_75","ARD","Directattention","Present","Present.1","Waibira",1.23547147138531,0.0330935251798561,0.142446043165468
"4070","300666b","Action_2","Morph_4","ARD","Groom","Bigloudscratch","BigLoudScratch.2","Waibira",0.518793793415168,0.0431654676258993,0.215827338129496
"4071","300770","Action_13","Morph_27","ARD","Moveaway","Fling","Fling.1","Waibira",-0.22314355131421,0.0165467625899281,0.0172661870503597
"4072","300022","Action_42","Morph_90","ARD","Position","Push","Push.3","Waibira",-0.556869562267398,0.00431654676258993,0.0359712230215827
"4073","300018","Action_2","Morph_3","ARD","Directattention","Bigloudscratch","BigLoudScratch.1","Waibira",0.758466646680588,0.0928057553956834,0.215827338129496
"4074","300018","Action_38","Morph_77","ARD","Directattention","Present","Present.3","Waibira",0.000999500333083423,0.041726618705036,0.142446043165468
"4075","300712","Action_2","Morph_6","ARU","Groom","Bigloudscratch","BigLoudScratch.4","Waibira",0.55790003115192,0.0201438848920863,0.215827338129496
"4076","300708","Action_2","Morph_5","ARU","Groom","Bigloudscratch","BigLoudScratch.3","Waibira",0.0344014267173323,0.0424460431654676,0.215827338129496
"4077","300708","Action_2","Morph_3","ARU","Groom","Bigloudscratch","BigLoudScratch.1","Waibira",0.410784269585764,0.0928057553956834,0.215827338129496
"4078","300564","Action_42","Morph_88","ARU","Takeobjectnurse","Push","Push.1","Waibira",-0.168418651624963,0.0115107913669065,0.0359712230215827
"4079","300564","Action_45","Morph_102","ARU","Takeobjectnurse","Reach","Reach.3","Waibira",0.297137231222536,0.00575539568345324,0.097841726618705
"4080","300710","Action_42","Morph_89","ARU","Position","Push","Push.2","Waibira",-0.655851395816248,0.0115107913669065,0.0359712230215827
"4081","300712","Action_38","Morph_78","ARU","Groom","Present","Present.4","Waibira",0.798407691217438,0.0287769784172662,0.142446043165468
"4082","300709a","Action_2","Morph_3","ARU","Groom","Bigloudscratch","BigLoudScratch.1","Waibira",0.358373500574314,0.0928057553956834,0.215827338129496
"4083","300709a","Action_2","Morph_5","ARU","Groom","Bigloudscratch","BigLoudScratch.3","Waibira",0.494696241836107,0.0424460431654676,0.215827338129496
"4084","300712","Action_2","Morph_5","ARU","Groom","Bigloudscratch","BigLoudScratch.3","Waibira",0.105260510657493,0.0424460431654676,0.215827338129496
"4085","300060","Action_38","Morph_76","ARU","Directattention","Present","Present.2","Waibira",0.508623200210791,0.0251798561151079,0.142446043165468
"4086","300702b","Action_39","Morph_82","ARU","Sexualattention","Presentgenitalsbackwards","PresentGenitals.1","Waibira",0.360467742177429,0.0474820143884892,0.0402877697841727
"4087","300702b","Action_39","Morph_82","ARU","Sexualattention","Presentgenitalsbackwards","PresentGenitals.1","Waibira",0.556754555654391,0.0474820143884892,0.0402877697841727
"4088","300684","Action_39","Morph_82","ARU","Sexualattention","Presentgenitalsbackwards","PresentGenitals.1","Waibira",0.538246219341983,0.0474820143884892,0.0402877697841727
"4089","300656b","Action_45","Morph_100","ARU","Affiliation","Reach","Reach.1","Waibira",0.41607528722018,0.0827338129496403,0.097841726618705
"4090","300711","Action_2","Morph_6","ASM","Directattention","Bigloudscratch","BigLoudScratch.4","Waibira",0.444044590075639,0.0201438848920863,0.215827338129496
"4091","300709b","Action_2","Morph_3","ASM","Groom","Bigloudscratch","BigLoudScratch.1","Waibira",0.0382587121170903,0.0928057553956834,0.215827338129496
"4092","300110","Action_43","Morph_96","ASM","Giveme","Raise","Raise.1","Waibira",-0.412489723045129,0.0258992805755396,0.0316546762589928
"4093","300711","Action_38","Morph_78","ASM","Directattention","Present","Present.4","Waibira",0.335042643811618,0.0287769784172662,0.142446043165468
"4094","300110","Action_45","Morph_100","ASM","Giveme","Reach","Reach.1","Waibira",0.0998453349697161,0.0827338129496403,0.097841726618705
"4095","300421a","Action_2","Morph_3","ATA","Directattention","Bigloudscratch","BigLoudScratch.1","Waibira",0.276873873735178,0.0928057553956834,0.215827338129496
"4096","300421a","Action_38","Morph_77","ATA","Directattention","Present","Present.3","Waibira",0.364643113587909,0.041726618705036,0.142446043165468
"4097","300421a","Action_2","Morph_5","ATA","Directattention","Bigloudscratch","BigLoudScratch.3","Waibira",0.182321556793955,0.0424460431654676,0.215827338129496
"4098","300406a","Action_45","Morph_100","ATA","Sociosexualattention","Reach","Reach.1","Waibira",0.0760346862759976,0.0827338129496403,0.097841726618705
"4099","300447b","Action_2","Morph_3","ATA","Groom","Bigloudscratch","BigLoudScratch.1","Waibira",0.268499253035007,0.0928057553956834,0.215827338129496
"4100","300478","Action_43","Morph_97","BH","Play","Raise","Raise.2","Waibira",-0.283690051182243,0.00575539568345324,0.0316546762589928
"4101","300382","Action_2","Morph_6","BH","Climbonme","Bigloudscratch","BigLoudScratch.4","Waibira",0.444685821261446,0.0201438848920863,0.215827338129496
"4102","300203b","Action_63","Morph_135","BH","Climbonme","Touch","Touch.4","Waibira",-1.3704210119636,0.00935251798561151,0.0669064748201439
"4103","300382","Action_17","Morph_41","BH","Climbonme","Hitobject","HitObject.3","Waibira",-0.350976922824095,0.00431654676258993,0.0482014388489209
"4104","300382","Action_43","Morph_97","BH","Climbonme","Raise","Raise.2","Waibira",-0.95711272639441,0.00575539568345324,0.0316546762589928
"4105","300188b","Action_63","Morph_140","BH","Affiliation","Touch","Touch.9","Waibira",0.314080546306312,0.00431654676258993,0.0669064748201439
"4106","300382","Action_2","Morph_3","BH","Climbonme","Bigloudscratch","BigLoudScratch.1","Waibira",0.0769610411361284,0.0928057553956834,0.215827338129496
"4107","300690b","Action_2","Morph_5","BH","Takeobjectnurse","Bigloudscratch","BigLoudScratch.3","Waibira",0.46436274935565,0.0424460431654676,0.215827338129496
"4108","300382","Action_63","Morph_137","BH","Climbonme","Touch","Touch.6","Waibira",-1.29462717259407,0.00647482014388489,0.0669064748201439
"4109","300686","Action_45","Morph_100","BH","Staysame","Reach","Reach.1","Waibira",-0.100925918589961,0.0827338129496403,0.097841726618705
"4110","300476b","Action_38","Morph_75","BH","Groom","Present","Present.1","Waibira",0.418710334858185,0.0330935251798561,0.142446043165468
"4111","300829","Action_60","Morph_127","BH","Moveaway","Swing","Swing.1","Waibira",0.0188217542405877,0.0165467625899281,0.0172661870503597
"4112","300315","Action_38","Morph_75","BH","Groom","Present","Present.1","Waibira",1.12428003541669,0.0330935251798561,0.142446043165468
"4113","300794","Action_45","Morph_100","BAR","Staysame","Reach","Reach.1","Waibira",-0.242071561199729,0.0827338129496403,0.097841726618705
"4114","300691","Action_60","Morph_127","BAR","Moveaway","Swing","Swing.1","Waibira",-0.127833371509885,0.0165467625899281,0.0172661870503597
"4115","300790a","Action_34","Morph_65","BEN","Sexualattention","Objectshake","ObjectShake.1","Waibira",-0.22314355131421,0.0158273381294964,0.0201438848920863
"4116","300790a","Action_40","Morph_82","BEN","Sexualattention","Presentgenitalsforwards","PresentGenitals.1","Waibira",-0.143870370419702,0.0474820143884892,0.0179856115107914
"4117","300290a","Action_45","Morph_100","BEN","Affiliation","Reach","Reach.1","Waibira",0.478095799143072,0.0827338129496403,0.097841726618705
"4118","300600","Action_38","Morph_75","BEN","Groom","Present","Present.1","Waibira",0.848011891120861,0.0330935251798561,0.142446043165468
"4119","300592a","Action_2","Morph_4","BEN","Groom","Bigloudscratch","BigLoudScratch.2","Waibira",0.486737828236901,0.0431654676258993,0.215827338129496
"4120","300594","Action_38","Morph_78","BEN","Directattention","Present","Present.4","Waibira",0.288181947493432,0.0287769784172662,0.142446043165468
"4121","300593b","Action_2","Morph_3","BEN","Groom","Bigloudscratch","BigLoudScratch.1","Waibira",0.392042087776024,0.0928057553956834,0.215827338129496
"4122","300601","Action_38","Morph_77","BEN","Groom","Present","Present.3","Waibira",-0.00601807232556302,0.041726618705036,0.142446043165468
"4123","300596","Action_2","Morph_3","BEN","Groom","Bigloudscratch","BigLoudScratch.1","Waibira",0.0544881852840698,0.0928057553956834,0.215827338129496
"4124","300614","Action_38","Morph_80","BEN","Directattention","Present","Present.6","Waibira",0.191446464570955,0.00575539568345324,0.142446043165468
"4125","300597","Action_2","Morph_4","BEN","Groom","Bigloudscratch","BigLoudScratch.2","Waibira",0.312618557741813,0.0431654676258993,0.215827338129496
"4126","300598","Action_2","Morph_3","BEN","Groom","Bigloudscratch","BigLoudScratch.1","Waibira",0.703097511413113,0.0928057553956834,0.215827338129496
"4127","300600","Action_2","Morph_5","BEN","Groom","Bigloudscratch","BigLoudScratch.3","Waibira",0.0769610411361284,0.0424460431654676,0.215827338129496
"4128","300601","Action_2","Morph_3","BEN","Groom","Bigloudscratch","BigLoudScratch.1","Waibira",0.222343231143441,0.0928057553956834,0.215827338129496
"4129","300599","Action_2","Morph_3","BEN","Groom","Bigloudscratch","BigLoudScratch.1","Waibira",0.360467742177429,0.0928057553956834,0.215827338129496
"4130","300599","Action_2","Morph_3","BEN","Groom","Bigloudscratch","BigLoudScratch.1","Waibira",0.625403528473426,0.0928057553956834,0.215827338129496
"4131","300008","Action_2","Morph_3","BEN","Directattention","Bigloudscratch","BigLoudScratch.1","Waibira",0.117783035656383,0.0928057553956834,0.215827338129496
"4132","300601","Action_2","Morph_3","BEN","Groom","Bigloudscratch","BigLoudScratch.1","Waibira",0.516410002059891,0.0928057553956834,0.215827338129496
"4133","300602","Action_2","Morph_6","BEN","Groom","Bigloudscratch","BigLoudScratch.4","Waibira",0.774266231844737,0.0201438848920863,0.215827338129496
"4134","300602","Action_38","Morph_78","BEN","Groom","Present","Present.4","Waibira",0.877134016672961,0.0287769784172662,0.142446043165468
"4135","300592a","Action_38","Morph_76","BEN","Groom","Present","Present.2","Waibira",0.0695260626486103,0.0251798561151079,0.142446043165468
"4136","300694","Action_17","Morph_39","BEN","Followme","Hitobject","HitObject.1","Waibira",-1.03845836584836,0.041726618705036,0.0482014388489209
"4137","300694","Action_17","Morph_39","BEN","Followme","Hitobject","HitObject.1","Waibira",-0.744440474947496,0.041726618705036,0.0482014388489209
"4138","300694","Action_57","Morph_115","BEN","Followme","Stompobject","StompObject.1","Waibira",-0.742337424750717,0.020863309352518,0.0258992805755396
"4139","300705","Action_57","Morph_115","BEN","Followme","Stompobject","StompObject.1","Waibira",-0.928869514081015,0.020863309352518,0.0258992805755396
"4140","300699","Action_57","Morph_115","BEN","Followme","Stompobject","StompObject.1","Waibira",-0.738144546490681,0.020863309352518,0.0258992805755396
"4141","300694","Action_17","Morph_39","BEN","Followme","Hitobject","HitObject.1","Waibira",-0.832409247893453,0.041726618705036,0.0482014388489209
"4142","300683","Action_17","Morph_39","BEN","Followme","Hitobject","HitObject.1","Waibira",-0.514164525031505,0.041726618705036,0.0482014388489209
"4143","300683","Action_2","Morph_5","BEN","Followme","Bigloudscratch","BigLoudScratch.3","Waibira",0.361164849211584,0.0424460431654676,0.215827338129496
"4144","300694","Action_17","Morph_39","BEN","Followme","Hitobject","HitObject.1","Waibira",-0.685179010910768,0.041726618705036,0.0482014388489209
"4145","300694","Action_17","Morph_39","BEN","Followme","Hitobject","HitObject.1","Waibira",-0.283690051182243,0.041726618705036,0.0482014388489209
"4146","300683","Action_33","Morph_61","BEN","Followme","Objectmove","ObjectMove.1","Waibira",-0.744440474947496,0.018705035971223,0.0194244604316547
"4147","300694","Action_57","Morph_119","BEN","Followme","Stompobject","StompObject.5","Waibira",-0.353821874956326,0.00431654676258993,0.0258992805755396
"4148","300705","Action_17","Morph_41","BEN","Followme","Hitobject","HitObject.3","Waibira",-0.748659890490204,0.00431654676258993,0.0482014388489209
"4149","300705","Action_31","Morph_59","BEN","Followme","Lunge","Lunge.1","Waibira",-0.454130280089445,0.00503597122302158,0.00503597122302158
"4150","300694","Action_33","Morph_61","BEN","Followme","Objectmove","ObjectMove.1","Waibira",-0.454130280089445,0.018705035971223,0.0194244604316547
"4151","300694","Action_2","Morph_5","BEN","Followme","Bigloudscratch","BigLoudScratch.3","Waibira",0.313349819200359,0.0424460431654676,0.215827338129496
"4152","300683","Action_17","Morph_41","BEN","Followme","Hitobject","HitObject.3","Waibira",-0.174353387144778,0.00431654676258993,0.0482014388489209
"4153","300683","Action_2","Morph_5","BEN","Followme","Bigloudscratch","BigLoudScratch.3","Waibira",-0.0855578883616465,0.0424460431654676,0.215827338129496
"4154","300694","Action_2","Morph_4","BEN","Followme","Bigloudscratch","BigLoudScratch.2","Waibira",0.136277618292548,0.0431654676258993,0.215827338129496
"4155","300694","Action_2","Morph_3","BEN","Followme","Bigloudscratch","BigLoudScratch.1","Waibira",0.684610849537659,0.0928057553956834,0.215827338129496
"4156","300699","Action_2","Morph_3","BEN","Followme","Bigloudscratch","BigLoudScratch.1","Waibira",0.463104887554579,0.0928057553956834,0.215827338129496
"4157","300694","Action_17","Morph_39","BEN","Followme","Hitobject","HitObject.1","Waibira",-1.45243416362444,0.041726618705036,0.0482014388489209
"4158","300705","Action_57","Morph_115","BEN","Followme","Stompobject","StompObject.1","Waibira",-0.928869514081015,0.020863309352518,0.0258992805755396
"4159","300694","Action_17","Morph_39","BEN","Followme","Hitobject","HitObject.1","Waibira",-0.334075112021491,0.041726618705036,0.0482014388489209
"4160","300694","Action_17","Morph_39","BEN","Followme","Hitobject","HitObject.1","Waibira",-0.665532013526972,0.041726618705036,0.0482014388489209
"4161","300694","Action_17","Morph_39","BEN","Followme","Hitobject","HitObject.1","Waibira",-0.277071893339765,0.041726618705036,0.0482014388489209
"4162","300683","Action_17","Morph_42","BEN","Followme","Hitobject","HitObject.4","Waibira",-0.928869514081015,0.00431654676258993,0.0482014388489209
"4163","300694","Action_17","Morph_39","BEN","Followme","Hitobject","HitObject.1","Waibira",-0.823255865906966,0.041726618705036,0.0482014388489209
"4164","300694","Action_17","Morph_39","BEN","Followme","Hitobject","HitObject.1","Waibira",-0.827822083886547,0.041726618705036,0.0482014388489209
"4165","300694","Action_17","Morph_39","BEN","Followme","Hitobject","HitObject.1","Waibira",-0.825536368605691,0.041726618705036,0.0482014388489209
"4166","300694","Action_17","Morph_39","BEN","Followme","Hitobject","HitObject.1","Waibira",-0.388607991041741,0.041726618705036,0.0482014388489209
"4167","300683","Action_2","Morph_3","BEN","Followme","Bigloudscratch","BigLoudScratch.1","Waibira",0.410120919644358,0.0928057553956834,0.215827338129496
"4168","300705","Action_2","Morph_3","BEN","Followme","Bigloudscratch","BigLoudScratch.1","Waibira",0.542324290825362,0.0928057553956834,0.215827338129496
"4169","300705","Action_57","Morph_115","BEN","Followme","Stompobject","StompObject.1","Waibira",-0.742337424750717,0.020863309352518,0.0258992805755396
"4170","300694","Action_17","Morph_39","BEN","Followme","Hitobject","HitObject.1","Waibira",-0.583396316600826,0.041726618705036,0.0482014388489209
"4171","300694","Action_17","Morph_39","BEN","Followme","Hitobject","HitObject.1","Waibira",-0.928869514081015,0.041726618705036,0.0482014388489209
"4172","300694","Action_17","Morph_39","BEN","Followme","Hitobject","HitObject.1","Waibira",-0.740238788093796,0.041726618705036,0.0482014388489209
"4173","300694","Action_57","Morph_115","BEN","Followme","Stompobject","StompObject.1","Waibira",-0.916290731874155,0.020863309352518,0.0258992805755396
"4174","300694","Action_2","Morph_3","BEN","Followme","Bigloudscratch","BigLoudScratch.1","Waibira",0.404130885095028,0.0928057553956834,0.215827338129496
"4175","300694","Action_57","Morph_115","BEN","Followme","Stompobject","StompObject.1","Waibira",-1.0300194972025,0.020863309352518,0.0258992805755396
"4176","300683","Action_17","Morph_39","BEN","Followme","Hitobject","HitObject.1","Waibira",-0.823255865906966,0.041726618705036,0.0482014388489209
"4177","300705","Action_17","Morph_39","BEN","Followme","Hitobject","HitObject.1","Waibira",-0.588787165235702,0.041726618705036,0.0482014388489209
"4178","300683","Action_34","Morph_65","BEN","Followme","Objectshake","ObjectShake.1","Waibira",-0.512493680866688,0.0158273381294964,0.0201438848920863
"4179","300705","Action_17","Morph_39","BEN","Followme","Hitobject","HitObject.1","Waibira",-0.514164525031505,0.041726618705036,0.0482014388489209
"4180","300683","Action_17","Morph_39","BEN","Followme","Hitobject","HitObject.1","Waibira",-1.61445045425764,0.041726618705036,0.0482014388489209
"4181","300694","Action_17","Morph_39","BEN","Followme","Hitobject","HitObject.1","Waibira",-0.834710744881732,0.041726618705036,0.0482014388489209
"4182","300705","Action_57","Morph_115","BEN","Followme","Stompobject","StompObject.1","Waibira",-0.657780036722654,0.020863309352518,0.0258992805755396
"4183","300694","Action_17","Morph_39","BEN","Followme","Hitobject","HitObject.1","Waibira",-0.832409247893453,0.041726618705036,0.0482014388489209
"4184","300705","Action_17","Morph_39","BEN","Followme","Hitobject","HitObject.1","Waibira",-0.460449416440924,0.041726618705036,0.0482014388489209
"4185","300699","Action_34","Morph_65","BEN","Followme","Objectshake","ObjectShake.1","Waibira",-0.675307262431614,0.0158273381294964,0.0201438848920863
"4186","300683","Action_17","Morph_39","BEN","Followme","Hitobject","HitObject.1","Waibira",-0.738144546490681,0.041726618705036,0.0482014388489209
"4187","300694","Action_31","Morph_59","BEN","Followme","Lunge","Lunge.1","Waibira",-1.43969513784701,0.00503597122302158,0.00503597122302158
"4188","300694","Action_33","Morph_61","BEN","Followme","Objectmove","ObjectMove.1","Waibira",-0.827822083886547,0.018705035971223,0.0194244604316547
"4189","300694","Action_17","Morph_39","BEN","Followme","Hitobject","HitObject.1","Waibira",-0.596020469829223,0.041726618705036,0.0482014388489209
"4190","300694","Action_17","Morph_39","BEN","Followme","Hitobject","HitObject.1","Waibira",-0.944175935363691,0.041726618705036,0.0482014388489209
"4191","300697","Action_17","Morph_39","BEN","Followme","Hitobject","HitObject.1","Waibira",-0.933945667112876,0.041726618705036,0.0482014388489209
"4192","300694","Action_17","Morph_39","BEN","Followme","Hitobject","HitObject.1","Waibira",-0.22314355131421,0.041726618705036,0.0482014388489209
"4193","300694","Action_17","Morph_39","BEN","Followme","Hitobject","HitObject.1","Waibira",-0.183922838160928,0.041726618705036,0.0482014388489209
"4194","300683","Action_2","Morph_4","BEN","Followme","Bigloudscratch","BigLoudScratch.2","Waibira",0.105260510657493,0.0431654676258993,0.215827338129496
"4195","300694","Action_17","Morph_39","BEN","Followme","Hitobject","HitObject.1","Waibira",-0.515838165589535,0.041726618705036,0.0482014388489209
"4196","300705","Action_57","Morph_115","BEN","Followme","Stompobject","StompObject.1","Waibira",-0.744440474947496,0.020863309352518,0.0258992805755396
"4197","300694","Action_57","Morph_115","BEN","Followme","Stompobject","StompObject.1","Waibira",-0.585190039054853,0.020863309352518,0.0258992805755396
"4198","300694","Action_17","Morph_39","BEN","Followme","Hitobject","HitObject.1","Waibira",-0.603306476560156,0.041726618705036,0.0482014388489209
"4199","300705","Action_57","Morph_115","BEN","Followme","Stompobject","StompObject.1","Waibira",-0.388607991041741,0.020863309352518,0.0258992805755396
"4200","300694","Action_2","Morph_4","BEN","Followme","Bigloudscratch","BigLoudScratch.2","Waibira",0.414094434806219,0.0431654676258993,0.215827338129496
"4201","300683","Action_2","Morph_3","BEN","Followme","Bigloudscratch","BigLoudScratch.1","Waibira",0.4421184257562,0.0928057553956834,0.215827338129496
"4202","300683","Action_17","Morph_39","BEN","Followme","Hitobject","HitObject.1","Waibira",-0.653926467406664,0.041726618705036,0.0482014388489209
"4203","300683","Action_17","Morph_39","BEN","Followme","Hitobject","HitObject.1","Waibira",-0.823255865906966,0.041726618705036,0.0482014388489209
"4204","300683","Action_17","Morph_39","BEN","Followme","Hitobject","HitObject.1","Waibira",-0.585190039054853,0.041726618705036,0.0482014388489209
"4205","300683","Action_33","Morph_61","BEN","Followme","Objectmove","ObjectMove.1","Waibira",-0.29035230100766,0.018705035971223,0.0194244604316547
"4206","300705","Action_57","Morph_115","BEN","Followme","Stompobject","StompObject.1","Waibira",-0.579818495252942,0.020863309352518,0.0258992805755396
"4207","300694","Action_17","Morph_42","BEN","Followme","Hitobject","HitObject.4","Waibira",-0.590590592234853,0.00431654676258993,0.0482014388489209
"4208","300694","Action_17","Morph_39","BEN","Followme","Hitobject","HitObject.1","Waibira",-0.460449416440924,0.041726618705036,0.0482014388489209
"4209","300705","Action_2","Morph_3","BEN","Followme","Bigloudscratch","BigLoudScratch.1","Waibira",0.486737828236901,0.0928057553956834,0.215827338129496
"4210","300694","Action_2","Morph_4","BEN","Followme","Bigloudscratch","BigLoudScratch.2","Waibira",0.246860077931526,0.0431654676258993,0.215827338129496
"4211","300694","Action_17","Morph_39","BEN","Followme","Hitobject","HitObject.1","Waibira",-0.653926467406664,0.041726618705036,0.0482014388489209
"4212","300699","Action_61","Morph_130","BEN","Followme","Throwobject","ThrowObject.1","Waibira",-1.02165124753198,0.00503597122302158,0.00503597122302158
"4213","300308","Action_45","Morph_101","BEN","Affiliation","Reach","Reach.2","Waibira",-0.385662480811985,0.00863309352517986,0.097841726618705
"4214","300613","Action_17","Morph_39","BEN","Groom","Hitobject","HitObject.1","Waibira",-0.544727175441672,0.041726618705036,0.0482014388489209
"4215","300610","Action_2","Morph_6","BEN","Groom","Bigloudscratch","BigLoudScratch.4","Waibira",0.662172376260515,0.0201438848920863,0.215827338129496
"4216","300613","Action_57","Morph_115","BEN","Groom","Stompobject","StompObject.1","Waibira",-1.6094379124341,0.020863309352518,0.0258992805755396
"4217","300611b","Action_2","Morph_5","BEN","Groom","Bigloudscratch","BigLoudScratch.3","Waibira",0.513422249613257,0.0424460431654676,0.215827338129496
"4218","300610","Action_38","Morph_78","BEN","Groom","Present","Present.4","Waibira",0.111541374732908,0.0287769784172662,0.142446043165468
"4219","300613","Action_2","Morph_3","BEN","Groom","Bigloudscratch","BigLoudScratch.1","Waibira",0.287432041196572,0.0928057553956834,0.215827338129496
"4220","300612a","Action_2","Morph_3","BEN","Affiliation","Bigloudscratch","BigLoudScratch.1","Waibira",0.483659955693221,0.0928057553956834,0.215827338129496
"4221","300612a","Action_2","Morph_6","BEN","Affiliation","Bigloudscratch","BigLoudScratch.4","Waibira",0.378436435720245,0.0201438848920863,0.215827338129496
"4222","300030","Action_38","Morph_77","BEN","Directattention","Present","Present.3","Waibira",1.25304864197253,0.041726618705036,0.142446043165468
"4223","300030","Action_2","Morph_3","BEN","Directattention","Bigloudscratch","BigLoudScratch.1","Waibira",0.568717102181768,0.0928057553956834,0.215827338129496
"4224","300401","Action_38","Morph_76","BEN","Directattention","Present","Present.2","Waibira",0.788002711572624,0.0251798561151079,0.142446043165468
"4225","300411","Action_38","Morph_77","BEN","Groom","Present","Present.3","Waibira",0.418710334858185,0.041726618705036,0.142446043165468
"4226","300411","Action_2","Morph_3","BEN","Groom","Bigloudscratch","BigLoudScratch.1","Waibira",0.364643113587909,0.0928057553956834,0.215827338129496
"4227","300410","Action_38","Morph_75","BEN","Directattention","Present","Present.1","Waibira",0.953201085894252,0.0330935251798561,0.142446043165468
"4228","300189b","Action_43","Morph_96","BEN","Directattention","Raise","Raise.1","Waibira",0.285930539412975,0.0258992805755396,0.0316546762589928
"4229","300189b","Action_38","Morph_78","BEN","Directattention","Present","Present.4","Waibira",1.49470023496368,0.0287769784172662,0.142446043165468
"4230","300329","Action_38","Morph_76","BEN","Groom","Present","Present.2","Waibira",1.0756847840244,0.0251798561151079,0.142446043165468
"4231","300425","Action_2","Morph_5","BEN","Groom","Bigloudscratch","BigLoudScratch.3","Waibira",0.27763173659828,0.0424460431654676,0.215827338129496
"4232","300261a","Action_63","Morph_132","BEN","Affiliation","Touch","Touch.1","Waibira",0,0.0179856115107914,0.0669064748201439
"4233","300443b","Action_38","Morph_75","BEN","Groom","Present","Present.1","Waibira",0.609221945622184,0.0330935251798561,0.142446043165468
"4234","300520","Action_38","Morph_77","BEN","Groom","Present","Present.3","Waibira",0.137149838147234,0.041726618705036,0.142446043165468
"4235","300520","Action_38","Morph_77","BEN","Groom","Present","Present.3","Waibira",0.0227394869694893,0.041726618705036,0.142446043165468
"4236","300739","Action_38","Morph_77","BEN","Groom","Present","Present.3","Waibira",0.520577915208669,0.041726618705036,0.142446043165468
"4237","300739","Action_2","Morph_7","BEN","Groom","Bigloudscratch","BigLoudScratch.5","Waibira",0.364643113587909,0.00647482014388489,0.215827338129496
"4238","300739","Action_2","Morph_3","BEN","Groom","Bigloudscratch","BigLoudScratch.1","Waibira",0.744315467134345,0.0928057553956834,0.215827338129496
"4239","300740","Action_38","Morph_76","BEN","Groom","Present","Present.2","Waibira",1.1339794325054,0.0251798561151079,0.142446043165468
"4240","300520","Action_2","Morph_4","BEN","Groom","Bigloudscratch","BigLoudScratch.2","Waibira",0.170586300575534,0.0431654676258993,0.215827338129496
"4241","300728","Action_45","Morph_100","BEN","Sexualattention","Reach","Reach.1","Waibira",-0.447850824604602,0.0827338129496403,0.097841726618705
"4242","300517b","Action_63","Morph_134","BEN","Support","Touch","Touch.3","Waibira",0.139761942375159,0.0115107913669065,0.0669064748201439
"4243","300514","Action_2","Morph_3","BEN","Sexualattention","Bigloudscratch","BigLoudScratch.1","Waibira",0.226338442210729,0.0928057553956834,0.215827338129496
"4244","300504b","Action_11","Morph_22","BEN","Affiliation","Embrace","Embrace.1","Waibira",-0.0100503358535015,0.00719424460431655,0.0165467625899281
"4245","300698a","Action_45","Morph_100","BEN","Affiliation","Reach","Reach.1","Waibira",-0.517514611916787,0.0827338129496403,0.097841726618705
"4246","300376b","Action_38","Morph_75","BEN","Groom","Present","Present.1","Waibira",1.09861228866811,0.0330935251798561,0.142446043165468
"4247","300850","Action_2","Morph_5","BEN","Groom","Bigloudscratch","BigLoudScratch.3","Waibira",0.148420005118273,0.0424460431654676,0.215827338129496
"4248","300850","Action_2","Morph_5","BEN","Groom","Bigloudscratch","BigLoudScratch.3","Waibira",-0.140412153716745,0.0424460431654676,0.215827338129496
"4249","300415","Action_2","Morph_3","BEN","Groom","Bigloudscratch","BigLoudScratch.1","Waibira",0.444044590075639,0.0928057553956834,0.215827338129496
"4250","300134","Action_63","Morph_132","BEN","Affiliation","Touch","Touch.1","Waibira",-1.05843049903528,0.0179856115107914,0.0669064748201439
"4251","300134","Action_45","Morph_100","BEN","Affiliation","Reach","Reach.1","Waibira",-0.653926467406664,0.0827338129496403,0.097841726618705
"4252","300072","Action_11","Morph_22","BEN","Affiliation","Embrace","Embrace.1","Waibira",-0.0314906670913708,0.00719424460431655,0.0165467625899281
"4253","300133","Action_57","Morph_115","BEN","Moveaway","Stompobject","StompObject.1","Waibira",-1.00512194558077,0.020863309352518,0.0258992805755396
"4254","300133","Action_34","Morph_65","BEN","Moveaway","Objectshake","ObjectShake.1","Waibira",-0.707246104939447,0.0158273381294964,0.0201438848920863
"4255","300133","Action_13","Morph_27","BEN","Moveaway","Fling","Fling.1","Waibira",-0.841647188878389,0.0165467625899281,0.0172661870503597
"4256","300496a","Action_38","Morph_75","BEN","Groom","Present","Present.1","Waibira",1.23547147138531,0.0330935251798561,0.142446043165468
"4257","300818b","Action_38","Morph_76","BEN","Groom","Present","Present.2","Waibira",0.504405055963068,0.0251798561151079,0.142446043165468
"4258","300249a","Action_40","Morph_82","BEN","Sexualattention","Presentgenitalsforwards","PresentGenitals.1","Waibira",0.583332314552739,0.0474820143884892,0.0179856115107914
"4259","300505a","Action_2","Morph_4","BEN","Groom","Bigloudscratch","BigLoudScratch.2","Waibira",0.168898536461814,0.0431654676258993,0.215827338129496
"4260","300505a","Action_38","Morph_76","BEN","Groom","Present","Present.2","Waibira",-0.0790432073404529,0.0251798561151079,0.142446043165468
"4261","300505a","Action_2","Morph_5","BEN","Groom","Bigloudscratch","BigLoudScratch.3","Waibira",0.198850858745165,0.0424460431654676,0.215827338129496
"4262","300197","Action_45","Morph_100","BEN","Giveme","Reach","Reach.1","Waibira",0.676509539406922,0.0827338129496403,0.097841726618705
"4263","300121","Action_38","Morph_76","BEN","Groom","Present","Present.2","Waibira",0.885006441834389,0.0251798561151079,0.142446043165468
"4264","300122b","Action_2","Morph_3","BEN","Groom","Bigloudscratch","BigLoudScratch.1","Waibira",0.489193323638877,0.0928057553956834,0.215827338129496
"4265","300583","Action_38","Morph_75","BEN","Groom","Present","Present.1","Waibira",1.10027756798717,0.0330935251798561,0.142446043165468
"4266","300471a","Action_2","Morph_3","BEN","Groom","Bigloudscratch","BigLoudScratch.1","Waibira",0.27763173659828,0.0928057553956834,0.215827338129496
"4267","300471a","Action_38","Morph_78","BEN","Groom","Present","Present.4","Waibira",-0.238257189124258,0.0287769784172662,0.142446043165468
"4268","300471a","Action_2","Morph_4","BEN","Groom","Bigloudscratch","BigLoudScratch.2","Waibira",0.147557564357615,0.0431654676258993,0.215827338129496
"4269","300813","Action_60","Morph_127","BEN","Moveaway","Swing","Swing.1","Waibira",-0.22314355131421,0.0165467625899281,0.0172661870503597
"4270","300690a","Action_2","Morph_3","BRI","Givemenurse","Bigloudscratch","BigLoudScratch.1","Waibira",0.515215972067284,0.0928057553956834,0.215827338129496
"4271","300563","Action_63","Morph_132","BRI","Play","Touch","Touch.1","Waibira",-0.0202027073175195,0.0179856115107914,0.0669064748201439
"4272","300188a","Action_63","Morph_140","BRI","Affiliation","Touch","Touch.9","Waibira",0.856540727468381,0.00431654676258993,0.0669064748201439
"4273","300690a","Action_43","Morph_97","BRI","Givemenurse","Raise","Raise.2","Waibira",-0.332679438382517,0.00575539568345324,0.0316546762589928
"4274","300203a","Action_43","Morph_96","BRI","Climbonyou","Raise","Raise.1","Waibira",-0.406465608441748,0.0258992805755396,0.0316546762589928
"4275","300462","Action_45","Morph_101","BRI","Giveme","Reach","Reach.2","Waibira",0.269263486927763,0.00863309352517986,0.097841726618705
"4276","300563","Action_41","Morph_86","BRI","Play","Pull","Pull.3","Waibira",-0.198450938723838,0.00503597122302158,0.0280575539568345
"4277","300832","Action_63","Morph_137","BRI","Climbonyou","Touch","Touch.6","Waibira",-0.27443684570176,0.00647482014388489,0.0669064748201439
"4278","300203a","Action_45","Morph_100","BRI","Climbonyou","Reach","Reach.1","Waibira",-0.247180129142451,0.0827338129496403,0.097841726618705
"4279","300827","Action_17","Morph_39","BRI","Play","Hitobject","HitObject.1","Waibira",-0.928869514081015,0.041726618705036,0.0482014388489209
"4280","300827","Action_17","Morph_39","BRI","Play","Hitobject","HitObject.1","Waibira",-0.336872316642553,0.041726618705036,0.0482014388489209
"4281","300827","Action_20","Morph_45","BRI","Play","Hitother","HitOther.1","Waibira",-0.229413164327805,0.00647482014388489,0.0122302158273381
"4282","300466","Action_15","Morph_35","BRI","Play","Grabhold","GrabHold.1","Waibira",0.858661619037519,0.00575539568345324,0.0107913669064748
"4283","300882","Action_20","Morph_45","BRI","Play","Hitother","HitOther.1","Waibira",-2.1803674602698,0.00647482014388489,0.0122302158273381
"4284","300882","Action_60","Morph_127","BRI","Play","Swing","Swing.1","Waibira",-0.510825623765991,0.0165467625899281,0.0172661870503597
"4285","300882","Action_41","Morph_84","BRI","Play","Pull","Pull.1","Waibira",-0.515838165589535,0.0079136690647482,0.0280575539568345
"4286","300882","Action_20","Morph_45","BRI","Play","Hitother","HitOther.1","Waibira",-1.87080267656851,0.00647482014388489,0.0122302158273381
"4287","300882","Action_60","Morph_127","BRI","Play","Swing","Swing.1","Waibira",-0.359536176219765,0.0165467625899281,0.0172661870503597
"4288","300882","Action_20","Morph_45","BRI","Play","Hitother","HitOther.1","Waibira",-1.42711635564015,0.00647482014388489,0.0122302158273381
"4289","300882","Action_20","Morph_45","BRI","Play","Hitother","HitOther.1","Waibira",-0.653926467406664,0.00647482014388489,0.0122302158273381
"4290","300882","Action_60","Morph_127","BRI","Play","Swing","Swing.1","Waibira",-0.127833371509885,0.0165467625899281,0.0172661870503597
"4291","300882","Action_60","Morph_127","BRI","Play","Swing","Swing.1","Waibira",-0.174353387144778,0.0165467625899281,0.0172661870503597
"4292","300882","Action_60","Morph_127","BRI","Play","Swing","Swing.1","Waibira",-0.066139802504545,0.0165467625899281,0.0172661870503597
"4293","300882","Action_20","Morph_45","BRI","Play","Hitother","HitOther.1","Waibira",-2.14558134418438,0.00647482014388489,0.0122302158273381
"4294","300882","Action_20","Morph_50","BRI","Play","Hitother","HitOther.6","Waibira",-1.83258146374831,0.00359712230215827,0.0122302158273381
"4295","300474","Action_41","Morph_85","BRI","Play","Pull","Pull.2","Waibira",-0.510825623765991,0.0115107913669065,0.0280575539568345
"4296","300475","Action_33","Morph_61","BRI","Play","Objectmove","ObjectMove.1","Waibira",-0.336872316642553,0.018705035971223,0.0194244604316547
"4297","300475","Action_57","Morph_115","BRI","Play","Stompobject","StompObject.1","Waibira",-0.594207232705042,0.020863309352518,0.0258992805755396
"4298","300787","Action_20","Morph_50","BRI","Playcontinue","Hitother","HitOther.6","Waibira",-0.390084006069862,0.00359712230215827,0.0122302158273381
"4299","300316b","Action_11","Morph_22","BRI","Affiliation","Embrace","Embrace.1","Waibira",-0.328504066972036,0.00719424460431655,0.0165467625899281
"4300","300316b","Action_63","Morph_137","BRI","Affiliation","Touch","Touch.6","Waibira",-0.385662480811985,0.00647482014388489,0.0669064748201439
"4301","300619","Action_39","Morph_83","BRT","Staysame","Presentgenitalsbackwards","PresentGenitals.2","Waibira",-0.127833371509885,0.0107913669064748,0.0402877697841727
"4302","300780","Action_38","Morph_75","BRT","Groom","Present","Present.1","Waibira",1.07942946925134,0.0330935251798561,0.142446043165468
"4303","300780","Action_2","Morph_3","BRT","Groom","Bigloudscratch","BigLoudScratch.1","Waibira",0.626473047291953,0.0928057553956834,0.215827338129496
"4304","300674b","Action_17","Morph_39","BRT","Sociosexualattention","Hitobject","HitObject.1","Waibira",-0.524248644098131,0.041726618705036,0.0482014388489209
"4305","300811","Action_45","Morph_100","BRT","Staysame","Reach","Reach.1","Waibira",-0.457284856837961,0.0827338129496403,0.097841726618705
"4306","300848","Action_11","Morph_24","CHN","Affiliation","Embrace","Embrace.3","Waibira",-0.510825623765991,0.00431654676258993,0.0165467625899281
"4307","300789a","Action_2","Morph_4","CHN","Position","Bigloudscratch","BigLoudScratch.2","Waibira",0.424613926946925,0.0431654676258993,0.215827338129496
"4308","300611a","Action_2","Morph_6","DAI","Groom","Bigloudscratch","BigLoudScratch.4","Waibira",0.818898385865506,0.0201438848920863,0.215827338129496
"4309","300612b","Action_11","Morph_23","DAI","Affiliation","Embrace","Embrace.2","Waibira",0.00498754151103897,0.00359712230215827,0.0165467625899281
"4310","300611a","Action_38","Morph_78","DAI","Groom","Present","Present.4","Waibira",1.07431959609907,0.0287769784172662,0.142446043165468
"4311","300170b","Action_39","Morph_82","DAI","Sexualattention","Presentgenitalsbackwards","PresentGenitals.1","Waibira",0.368801123736573,0.0474820143884892,0.0402877697841727
"4312","300251","Action_54","Morph_114","DAU","Sexualattention","Stancebipedal","StanceBipedal.1","Waibira",0.0563803334361077,0.00359712230215827,0.00359712230215827
"4313","300251","Action_27","Morph_55","DAU","Sexualattention","Leafclip","LeafClip.2","Waibira",1.32388690099127,0.00863309352517986,0.0115107913669065
"4314","300251","Action_2","Morph_6","DAU","Sexualattention","Bigloudscratch","BigLoudScratch.4","Waibira",0.527682740832414,0.0201438848920863,0.215827338129496
"4315","300251","Action_27","Morph_54","DAU","Sexualattention","Leafclip","LeafClip.1","Waibira",1.04591449966766,0.00287769784172662,0.0115107913669065
"4316","300251","Action_40","Morph_82","DAU","Sexualattention","Presentgenitalsforwards","PresentGenitals.1","Waibira",-0.363843433417345,0.0474820143884892,0.0179856115107914
"4317","300251","Action_40","Morph_82","DAU","Sexualattention","Presentgenitalsforwards","PresentGenitals.1","Waibira",0.0363319292473902,0.0474820143884892,0.0179856115107914
"4318","300539b","Action_15","Morph_36","DAU","Affiliation","Grabhold","GrabHold.2","Waibira",1.16377561457452,0.00359712230215827,0.0107913669064748
"4319","300237","Action_17","Morph_39","DAU","Stopbehaviour","Hitobject","HitObject.1","Waibira",-0.391562202939173,0.041726618705036,0.0482014388489209
"4320","300620a","Action_60","Morph_127","DAU","Sexualattention","Swing","Swing.1","Waibira",0.518198378095404,0.0165467625899281,0.0172661870503597
"4321","300643","Action_64","Morph_132","DAU","Affiliation","Touchlongother","Touch.1","Waibira",1.22729862962943,0.0179856115107914,0.0100719424460432
"4322","300278","Action_47","Morph_103","DAU","Sexualattention","Rockingsit","Rocking.1","Waibira",0.651804217025563,0.00863309352517986,0.00863309352517986
"4323","300278","Action_34","Morph_65","DAU","Sexualattention","Objectshake","ObjectShake.1","Waibira",1.10393145014571,0.0158273381294964,0.0201438848920863
"4324","300278","Action_47","Morph_103","DAU","Sexualattention","Rockingsit","Rocking.1","Waibira",0.872547808926236,0.00863309352517986,0.00863309352517986
"4325","300278","Action_47","Morph_103","DAU","Sexualattention","Rockingsit","Rocking.1","Waibira",0.920282753143692,0.00863309352517986,0.00863309352517986
"4326","300278","Action_47","Morph_103","DAU","Sexualattention","Rockingsit","Rocking.1","Waibira",1.08146612983314,0.00863309352517986,0.00863309352517986
"4327","300605","Action_42","Morph_92","DAU","Position","Push","Push.5","Waibira",-1.8578992717326,0.00431654676258993,0.0359712230215827
"4328","300566","Action_34","Morph_65","DAU","Sexualattention","Objectshake","ObjectShake.1","Waibira",0.48057258059497,0.0158273381294964,0.0201438848920863
"4329","300607b","Action_2","Morph_5","DAU","Groom","Bigloudscratch","BigLoudScratch.3","Waibira",0.192271887647123,0.0424460431654676,0.215827338129496
"4330","300605","Action_42","Morph_92","DAU","Position","Push","Push.5","Waibira",-1.21402314017944,0.00431654676258993,0.0359712230215827
"4331","300033","Action_41","Morph_85","DAU","Position","Pull","Pull.2","Waibira",-0.249744233111389,0.0115107913669065,0.0280575539568345
"4332","300603","Action_2","Morph_4","DAU","Groom","Bigloudscratch","BigLoudScratch.2","Waibira",1.038154319631,0.0431654676258993,0.215827338129496
"4333","300648b","Action_47","Morph_103","DAU","Moveaway","Rockingsit","Rocking.1","Waibira",0.795703768885037,0.00863309352517986,0.00863309352517986
"4334","300648b","Action_31","Morph_59","DAU","Moveaway","Lunge","Lunge.1","Waibira",-0.332679438382517,0.00503597122302158,0.00503597122302158
"4335","300649b","Action_34","Morph_65","DAU","Moveaway","Objectshake","ObjectShake.1","Waibira",1.26214736837701,0.0158273381294964,0.0201438848920863
"4336","300651b","Action_31","Morph_59","DAU","Moveaway","Lunge","Lunge.1","Waibira",-0.823255865906966,0.00503597122302158,0.00503597122302158
"4337","300603","Action_38","Morph_78","DAU","Groom","Present","Present.4","Waibira",0.0676586484738149,0.0287769784172662,0.142446043165468
"4338","300566","Action_47","Morph_103","DAU","Sexualattention","Rockingsit","Rocking.1","Waibira",0.731887008875876,0.00863309352517986,0.00863309352517986
"4339","300322","Action_38","Morph_77","DOU","Directattention","Present","Present.3","Waibira",0.0217614917815127,0.041726618705036,0.142446043165468
"4340","300569a","Action_45","Morph_101","DOU","Affiliation","Reach","Reach.2","Waibira",0.43567095016523,0.00863309352517986,0.097841726618705
"4341","300392b","Action_64","Morph_132","DOU","Affiliation","Touchlongother","Touch.1","Waibira",1.21194097397511,0.0179856115107914,0.0100719424460432
"4342","300536a","Action_43","Morph_96","DOU","Groom","Raise","Raise.1","Waibira",0.273075920062419,0.0258992805755396,0.0316546762589928
"4343","300721","Action_39","Morph_82","EIL","Sexualattention","Presentgenitalsbackwards","PresentGenitals.1","Waibira",0.288931291852213,0.0474820143884892,0.0402877697841727
"4344","300657","Action_43","Morph_96","EIL","Moveaway","Raise","Raise.1","Waibira",-0.215671536475509,0.0258992805755396,0.0316546762589928
"4345","300657","Action_60","Morph_127","EIL","Moveaway","Swing","Swing.1","Waibira",-0.0232686269393543,0.0165467625899281,0.0172661870503597
"4346","300793","Action_60","Morph_127","FID","Sexualattention","Swing","Swing.1","Waibira",0.207014169384326,0.0165467625899281,0.0172661870503597
"4347","300793","Action_40","Morph_82","FID","Sexualattention","Presentgenitalsforwards","PresentGenitals.1","Waibira",0.349247428109936,0.0474820143884892,0.0179856115107914
"4348","300439","Action_2","Morph_3","FID","Groom","Bigloudscratch","BigLoudScratch.1","Waibira",0.27002713721306,0.0928057553956834,0.215827338129496
"4349","300057","Action_2","Morph_4","FID","Groom","Bigloudscratch","BigLoudScratch.2","Waibira",0.373630384588146,0.0431654676258993,0.215827338129496
"4350","300056a","Action_2","Morph_3","FID","Groom","Bigloudscratch","BigLoudScratch.1","Waibira",0.339325305603619,0.0928057553956834,0.215827338129496
"4351","300479a","Action_38","Morph_75","FID","Affiliation","Present","Present.1","Waibira",-0.385662480811985,0.0330935251798561,0.142446043165468
"4352","300057","Action_38","Morph_76","FID","Groom","Present","Present.2","Waibira",-0.346724613085564,0.0251798561151079,0.142446043165468
"4353","300057","Action_2","Morph_5","FID","Groom","Bigloudscratch","BigLoudScratch.3","Waibira",0.322807874427155,0.0424460431654676,0.215827338129496
"4354","300058","Action_38","Morph_76","FID","Groom","Present","Present.2","Waibira",0.283674051054242,0.0251798561151079,0.142446043165468
"4355","300034","Action_43","Morph_96","FID","Staysame","Raise","Raise.1","Waibira",0.0198026272961797,0.0258992805755396,0.0316546762589928
"4356","300701","Action_45","Morph_100","FID","Staysame","Reach","Reach.1","Waibira",-0.336872316642553,0.0827338129496403,0.097841726618705
"4357","300701","Action_45","Morph_100","FID","Staysame","Reach","Reach.1","Waibira",0.364643113587909,0.0827338129496403,0.097841726618705
"4358","300701","Action_45","Morph_100","FID","Staysame","Reach","Reach.1","Waibira",-0.944175935363691,0.0827338129496403,0.097841726618705
"4359","300189a","Action_2","Morph_4","FID","Groom","Bigloudscratch","BigLoudScratch.2","Waibira",0.55790003115192,0.0431654676258993,0.215827338129496
"4360","300692","Action_2","Morph_5","FID","Groom","Bigloudscratch","BigLoudScratch.3","Waibira",0.630739720431328,0.0424460431654676,0.215827338129496
"4361","300386","Action_63","Morph_135","FID","Sexualattention","Touch","Touch.4","Waibira",-1.02165124753198,0.00935251798561151,0.0669064748201439
"4362","300635a","Action_2","Morph_3","FID","Groom","Bigloudscratch","BigLoudScratch.1","Waibira",0.441475545631197,0.0928057553956834,0.215827338129496
"4363","300635a","Action_43","Morph_96","FID","Groom","Raise","Raise.1","Waibira",-0.153151179494175,0.0258992805755396,0.0316546762589928
"4364","300502","Action_40","Morph_82","FID","Sexualattention","Presentgenitalsforwards","PresentGenitals.1","Waibira",0.0778865386570712,0.0474820143884892,0.0179856115107914
"4365","300502","Action_43","Morph_96","FID","Sexualattention","Raise","Raise.1","Waibira",-0.423120043346885,0.0258992805755396,0.0316546762589928
"4366","300875b","Action_42","Morph_92","FID","Stopbehaviour","Push","Push.5","Waibira",-0.341082849178896,0.00431654676258993,0.0359712230215827
"4367","300269","Action_34","Morph_65","FID","Sexualattention","Objectshake","ObjectShake.1","Waibira",1.05709560846518,0.0158273381294964,0.0201438848920863
"4368","300269","Action_60","Morph_127","FID","Sexualattention","Swing","Swing.1","Waibira",0.29416103854949,0.0165467625899281,0.0172661870503597
"4369","300269","Action_33","Morph_61","FID","Sexualattention","Objectmove","ObjectMove.1","Waibira",-0.249744233111389,0.018705035971223,0.0194244604316547
"4370","300027","Action_2","Morph_4","FID","Groom","Bigloudscratch","BigLoudScratch.2","Waibira",0.198030850499135,0.0431654676258993,0.215827338129496
"4371","300027","Action_2","Morph_4","FID","Groom","Bigloudscratch","BigLoudScratch.2","Waibira",0.62057648772511,0.0431654676258993,0.215827338129496
"4372","300366","Action_38","Morph_78","GER","Directattention","Present","Present.4","Waibira",0.215111379616945,0.0287769784172662,0.142446043165468
"4373","300554a","Action_63","Morph_134","GER","Sociosexualattention","Touch","Touch.3","Waibira",-0.253602758798918,0.0115107913669065,0.0669064748201439
"4374","300546a","Action_2","Morph_7","GER","Groom","Bigloudscratch","BigLoudScratch.5","Waibira",0.892817375688513,0.00647482014388489,0.215827338129496
"4375","300550a","Action_2","Morph_3","GER","Groom","Bigloudscratch","BigLoudScratch.1","Waibira",0.879211723632734,0.0928057553956834,0.215827338129496
"4376","300547","Action_38","Morph_80","GER","Groom","Present","Present.6","Waibira",-0.233193887167711,0.00575539568345324,0.142446043165468
"4377","300549a","Action_2","Morph_7","GER","Groom","Bigloudscratch","BigLoudScratch.5","Waibira",0.698632110790515,0.00647482014388489,0.215827338129496
"4378","300548","Action_2","Morph_7","GER","Groom","Bigloudscratch","BigLoudScratch.5","Waibira",0.958200134951365,0.00647482014388489,0.215827338129496
"4379","300547","Action_2","Morph_4","GER","Groom","Bigloudscratch","BigLoudScratch.2","Waibira",0.850578188508774,0.0431654676258993,0.215827338129496
"4380","300547","Action_2","Morph_5","GER","Groom","Bigloudscratch","BigLoudScratch.3","Waibira",0.666289726390063,0.0424460431654676,0.215827338129496
"4381","300554a","Action_17","Morph_39","GER","Sociosexualattention","Hitobject","HitObject.1","Waibira",-0.962334670375562,0.041726618705036,0.0482014388489209
"4382","300554a","Action_23","Morph_47","GER","Sociosexualattention","Hittingother","HitOther.3","Waibira",-0.691149177897272,0.00719424460431655,0.00719424460431655
"4383","300550a","Action_2","Morph_5","GER","Groom","Bigloudscratch","BigLoudScratch.3","Waibira",0.630739720431328,0.0424460431654676,0.215827338129496
"4384","300617","Action_2","Morph_6","GER","Groom","Bigloudscratch","BigLoudScratch.4","Waibira",0.559044196036465,0.0201438848920863,0.215827338129496
"4385","300351","Action_38","Morph_80","GER","Groom","Present","Present.6","Waibira",-0.489390343045926,0.00575539568345324,0.142446043165468
"4386","300351","Action_2","Morph_5","GER","Groom","Bigloudscratch","BigLoudScratch.3","Waibira",0.350656871613169,0.0424460431654676,0.215827338129496
"4387","300350","Action_2","Morph_3","GER","Groom","Bigloudscratch","BigLoudScratch.1","Waibira",0.336472236621213,0.0928057553956834,0.215827338129496
"4388","300351","Action_2","Morph_5","GER","Groom","Bigloudscratch","BigLoudScratch.3","Waibira",0.0468835858988505,0.0424460431654676,0.215827338129496
"4389","300616","Action_38","Morph_76","GER","Groom","Present","Present.2","Waibira",0.493475985430878,0.0251798561151079,0.142446043165468
"4390","300618","Action_38","Morph_78","GER","Groom","Present","Present.4","Waibira",-0.196014883925957,0.0287769784172662,0.142446043165468
"4391","300617","Action_2","Morph_5","GER","Groom","Bigloudscratch","BigLoudScratch.3","Waibira",0.436963775167535,0.0424460431654676,0.215827338129496
"4392","300352a","Action_2","Morph_5","GER","Groom","Bigloudscratch","BigLoudScratch.3","Waibira",0.307484699747961,0.0424460431654676,0.215827338129496
"4393","300350","Action_38","Morph_77","GER","Groom","Present","Present.3","Waibira",0.304539189518204,0.041726618705036,0.142446043165468
"4394","300616","Action_2","Morph_4","GER","Groom","Bigloudscratch","BigLoudScratch.2","Waibira",-0.026343975339602,0.0431654676258993,0.215827338129496
"4395","300351","Action_38","Morph_80","GER","Groom","Present","Present.6","Waibira",-0.00501254182354429,0.00575539568345324,0.142446043165468
"4396","300421b","Action_2","Morph_5","GER","Groom","Bigloudscratch","BigLoudScratch.3","Waibira",0.0769610411361284,0.0424460431654676,0.215827338129496
"4397","300421b","Action_2","Morph_3","GER","Groom","Bigloudscratch","BigLoudScratch.1","Waibira",0.470003629245736,0.0928057553956834,0.215827338129496
"4398","300476a","Action_2","Morph_4","GER","Groom","Bigloudscratch","BigLoudScratch.2","Waibira",0.56531380905006,0.0431654676258993,0.215827338129496
"4399","300477","Action_2","Morph_5","GER","Groom","Bigloudscratch","BigLoudScratch.3","Waibira",0.211070970079941,0.0424460431654676,0.215827338129496
"4400","300328","Action_2","Morph_3","GER","Groom","Bigloudscratch","BigLoudScratch.1","Waibira",0.357674444271816,0.0928057553956834,0.215827338129496
"4401","300327","Action_42","Morph_92","GER","Position","Push","Push.5","Waibira",-0.655851395816248,0.00431654676258993,0.0359712230215827
"4402","300328","Action_2","Morph_6","GER","Groom","Bigloudscratch","BigLoudScratch.4","Waibira",0.0363319292473902,0.0201438848920863,0.215827338129496
"4403","300831","Action_2","Morph_4","GER","Groom","Bigloudscratch","BigLoudScratch.2","Waibira",0,0.0431654676258993,0.215827338129496
"4404","300831","Action_2","Morph_3","GER","Groom","Bigloudscratch","BigLoudScratch.1","Waibira",0.307484699747961,0.0928057553956834,0.215827338129496
"4405","300539a","Action_45","Morph_102","GER","Affiliation","Reach","Reach.3","Waibira",-0.242071561199729,0.00575539568345324,0.097841726618705
"4406","300575b","Action_38","Morph_77","GER","Groom","Present","Present.3","Waibira",0.690142671539647,0.041726618705036,0.142446043165468
"4407","300575b","Action_2","Morph_5","GER","Groom","Bigloudscratch","BigLoudScratch.3","Waibira",0.728031582413447,0.0424460431654676,0.215827338129496
"4408","300575b","Action_2","Morph_3","GER","Groom","Bigloudscratch","BigLoudScratch.1","Waibira",0.326421900767711,0.0928057553956834,0.215827338129496
"4409","300489","Action_39","Morph_83","GER","Sexualattention","Presentgenitalsbackwards","PresentGenitals.2","Waibira",0.215111379616945,0.0107913669064748,0.0402877697841727
"4410","300226","Action_45","Morph_100","GER","Giveme","Reach","Reach.1","Waibira",0.96964190737115,0.0827338129496403,0.097841726618705
"4411","300779","Action_2","Morph_7","GER","Groom","Bigloudscratch","BigLoudScratch.5","Waibira",0.684106435907796,0.00647482014388489,0.215827338129496
"4412","300836","Action_45","Morph_100","GER","Affiliation","Reach","Reach.1","Waibira",-0.510825623765991,0.0827338129496403,0.097841726618705
"4413","300836","Action_34","Morph_65","GER","Affiliation","Objectshake","ObjectShake.1","Waibira",0.609221945622184,0.0158273381294964,0.0201438848920863
"4414","300851b","Action_38","Morph_76","GER","Groom","Present","Present.2","Waibira",0.225540675913931,0.0251798561151079,0.142446043165468
"4415","300851b","Action_2","Morph_4","GER","Groom","Bigloudscratch","BigLoudScratch.2","Waibira",0.955126755659353,0.0431654676258993,0.215827338129496
"4416","300148","Action_2","Morph_3","GER","Travel","Bigloudscratch","BigLoudScratch.1","Waibira",0.633397176154171,0.0928057553956834,0.215827338129496
"4417","300135b","Action_38","Morph_77","GER","Groom","Present","Present.3","Waibira",-0.269187489815617,0.041726618705036,0.142446043165468
"4418","300135b","Action_2","Morph_3","GER","Groom","Bigloudscratch","BigLoudScratch.1","Waibira",0.327863862084613,0.0928057553956834,0.215827338129496
"4419","300136a","Action_2","Morph_3","GER","Directattention","Bigloudscratch","BigLoudScratch.1","Waibira",0.20294084399669,0.0928057553956834,0.215827338129496
"4420","300136a","Action_38","Morph_77","GER","Directattention","Present","Present.3","Waibira",0.340748793388473,0.041726618705036,0.142446043165468
"4421","300136a","Action_2","Morph_3","GER","Directattention","Bigloudscratch","BigLoudScratch.1","Waibira",0.048790164169432,0.0928057553956834,0.215827338129496
"4422","300673","Action_38","Morph_77","GER","Groom","Present","Present.3","Waibira",-0.0222456089473197,0.041726618705036,0.142446043165468
"4423","300734b","Action_2","Morph_3","GER","Groom","Bigloudscratch","BigLoudScratch.1","Waibira",0.751416088683921,0.0928057553956834,0.215827338129496
"4424","300845","Action_2","Morph_3","GER","Groom","Bigloudscratch","BigLoudScratch.1","Waibira",0.273075920062419,0.0928057553956834,0.215827338129496
"4425","300731a","Action_2","Morph_3","GER","Groom","Bigloudscratch","BigLoudScratch.1","Waibira",0.712949807856125,0.0928057553956834,0.215827338129496
"4426","300551","Action_41","Morph_85","GER","Position","Pull","Pull.2","Waibira",-0.115410851511328,0.0115107913669065,0.0280575539568345
"4427","300733a","Action_2","Morph_4","GER","Groom","Bigloudscratch","BigLoudScratch.2","Waibira",0.182321556793955,0.0431654676258993,0.215827338129496
"4428","300138a","Action_2","Morph_3","GER","Groom","Bigloudscratch","BigLoudScratch.1","Waibira",0.405465108108164,0.0928057553956834,0.215827338129496
"4429","300138a","Action_38","Morph_77","GER","Groom","Present","Present.3","Waibira",-0.0366639843715915,0.041726618705036,0.142446043165468
"4430","300673","Action_2","Morph_3","GER","Groom","Bigloudscratch","BigLoudScratch.1","Waibira",0.697139201829483,0.0928057553956834,0.215827338129496
"4431","300141","Action_2","Morph_3","GER","Directattention","Bigloudscratch","BigLoudScratch.1","Waibira",0.62807518381623,0.0928057553956834,0.215827338129496
"4432","300141","Action_38","Morph_77","GER","Directattention","Present","Present.3","Waibira",0.509825123432407,0.041726618705036,0.142446043165468
"4433","300552","Action_38","Morph_78","GER","Groom","Present","Present.4","Waibira",0.361861470626032,0.0287769784172662,0.142446043165468
"4434","300732a","Action_2","Morph_5","GER","Groom","Bigloudscratch","BigLoudScratch.3","Waibira",0.494696241836107,0.0424460431654676,0.215827338129496
"4435","300331","Action_2","Morph_4","GER","Directattention","Bigloudscratch","BigLoudScratch.2","Waibira",0.418052223613636,0.0431654676258993,0.215827338129496
"4436","300331","Action_38","Morph_76","GER","Directattention","Present","Present.2","Waibira",0.112435429329788,0.0251798561151079,0.142446043165468
"4437","300845","Action_38","Morph_77","GER","Groom","Present","Present.3","Waibira",0,0.041726618705036,0.142446043165468
"4438","300405","Action_2","Morph_4","GER","Travel","Bigloudscratch","BigLoudScratch.2","Waibira",0.78845736036427,0.0431654676258993,0.215827338129496
"4439","300016","Action_2","Morph_5","GER","Directattention","Bigloudscratch","BigLoudScratch.3","Waibira",0.339325305603619,0.0424460431654676,0.215827338129496
"4440","300543b","Action_2","Morph_4","GER","Groom","Bigloudscratch","BigLoudScratch.2","Waibira",0.438899884194402,0.0431654676258993,0.215827338129496
"4441","300016","Action_38","Morph_80","GER","Directattention","Present","Present.6","Waibira",0.00299550897979837,0.00575539568345324,0.142446043165468
"4442","300555a","Action_38","Morph_78","GER","Groom","Present","Present.4","Waibira",-0.0222456089473197,0.0287769784172662,0.142446043165468
"4443","300555a","Action_2","Morph_3","GER","Groom","Bigloudscratch","BigLoudScratch.1","Waibira",0.338612801120324,0.0928057553956834,0.215827338129496
"4444","300544b","Action_2","Morph_4","GER","Groom","Bigloudscratch","BigLoudScratch.2","Waibira",-0.0439518875291828,0.0431654676258993,0.215827338129496
"4445","300706","Action_38","Morph_79","GER","Directattention","Present","Present.5","Waibira",0.63974640383283,0.00359712230215827,0.142446043165468
"4446","300172","Action_42","Morph_89","GER","Position","Push","Push.2","Waibira",-1.70925824771631,0.0115107913669065,0.0359712230215827
"4447","300012","Action_41","Morph_85","GER","Position","Pull","Pull.2","Waibira",-0.481266821524446,0.0115107913669065,0.0280575539568345
"4448","300009","Action_42","Morph_88","GER","Position","Push","Push.1","Waibira",-0.396009949337409,0.0115107913669065,0.0359712230215827
"4449","300011","Action_42","Morph_89","GER","Position","Push","Push.2","Waibira",-1.10262031006565,0.0115107913669065,0.0359712230215827
"4450","300111","Action_38","Morph_77","GER","Directattention","Present","Present.3","Waibira",0.395414772254663,0.041726618705036,0.142446043165468
"4451","300111","Action_2","Morph_3","GER","Directattention","Bigloudscratch","BigLoudScratch.1","Waibira",0.286681572118197,0.0928057553956834,0.215827338129496
"4452","300116","Action_41","Morph_85","GER","Position","Pull","Pull.2","Waibira",-0.100925918589961,0.0115107913669065,0.0280575539568345
"4453","300118","Action_2","Morph_3","GER","Groom","Bigloudscratch","BigLoudScratch.1","Waibira",0.529451087889156,0.0928057553956834,0.215827338129496
"4454","300112","Action_38","Morph_78","GER","Directattention","Present","Present.4","Waibira",0.749527513996053,0.0287769784172662,0.142446043165468
"4455","300113","Action_41","Morph_85","GER","Position","Pull","Pull.2","Waibira",-1.11474167059799,0.0115107913669065,0.0280575539568345
"4456","300117","Action_2","Morph_6","GER","Groom","Bigloudscratch","BigLoudScratch.4","Waibira",0.555033878430311,0.0201438848920863,0.215827338129496
"4457","300524","Action_2","Morph_5","GER","Groom","Bigloudscratch","BigLoudScratch.3","Waibira",0.394741144745189,0.0424460431654676,0.215827338129496
"4458","300114","Action_38","Morph_78","GER","Directattention","Present","Present.4","Waibira",0.521171915820135,0.0287769784172662,0.142446043165468
"4459","300113","Action_41","Morph_85","GER","Position","Pull","Pull.2","Waibira",-1.17765549600856,0.0115107913669065,0.0280575539568345
"4460","300332a","Action_2","Morph_5","GER","Groom","Bigloudscratch","BigLoudScratch.3","Waibira",0.215111379616945,0.0424460431654676,0.215827338129496
"4461","300335","Action_2","Morph_7","GER","Groom","Bigloudscratch","BigLoudScratch.5","Waibira",-0.385662480811985,0.00647482014388489,0.215827338129496
"4462","300333a","Action_2","Morph_5","GER","Groom","Bigloudscratch","BigLoudScratch.3","Waibira",0.27763173659828,0.0424460431654676,0.215827338129496
"4463","300335","Action_41","Morph_86","GER","Groom","Pull","Pull.3","Waibira",-1.13943428318836,0.00503597122302158,0.0280575539568345
"4464","300015","Action_38","Morph_78","GER","Directattention","Present","Present.4","Waibira",0.248421358498478,0.0287769784172662,0.142446043165468
"4465","300015","Action_2","Morph_3","GER","Directattention","Bigloudscratch","BigLoudScratch.1","Waibira",0.597186789414034,0.0928057553956834,0.215827338129496
"4466","300220a","Action_2","Morph_3","ILA","Groom","Bigloudscratch","BigLoudScratch.1","Waibira",0.385262400790645,0.0928057553956834,0.215827338129496
"4467","300575a","Action_2","Morph_5","ILA","Groom","Bigloudscratch","BigLoudScratch.3","Waibira",0.404130885095028,0.0424460431654676,0.215827338129496
"4468","300576","Action_2","Morph_5","ILA","Directattention","Bigloudscratch","BigLoudScratch.3","Waibira",0.29266961396282,0.0424460431654676,0.215827338129496
"4469","300090b","Action_63","Morph_135","ILA","Affiliation","Touch","Touch.4","Waibira",0.320633172591467,0.00935251798561151,0.0669064748201439
"4470","300089a","Action_1","Morph_2","ILA","Moveclose","Beckon","Beckon.2","Waibira",-0.449416995637347,0.00359712230215827,0.00575539568345324
"4471","300037","Action_42","Morph_89","ILA","Position","Push","Push.2","Waibira",-0.82098055206983,0.0115107913669065,0.0359712230215827
"4472","300038","Action_2","Morph_3","ILA","Groom","Bigloudscratch","BigLoudScratch.1","Waibira",0.42918163472548,0.0928057553956834,0.215827338129496
"4473","300254a","Action_2","Morph_3","ILA","Groom","Bigloudscratch","BigLoudScratch.1","Waibira",0.753301103379692,0.0928057553956834,0.215827338129496
"4474","300252","Action_2","Morph_3","ILA","Groom","Bigloudscratch","BigLoudScratch.1","Waibira",0.714908672341458,0.0928057553956834,0.215827338129496
"4475","300253a","Action_38","Morph_77","ILA","Groom","Present","Present.3","Waibira",0.218331994316988,0.041726618705036,0.142446043165468
"4476","300807","Action_63","Morph_140","JAK","Giveme","Touch","Touch.9","Waibira",0.1016536537265,0.00431654676258993,0.0669064748201439
"4477","300807","Action_45","Morph_100","JAK","Giveme","Reach","Reach.1","Waibira",0.464991087422191,0.0827338129496403,0.097841726618705
"4478","300807","Action_45","Morph_100","JAK","Giveme","Reach","Reach.1","Waibira",-0.353821874956326,0.0827338129496403,0.097841726618705
"4479","300645","Action_45","Morph_100","JIN","Giveme","Reach","Reach.1","Waibira",0.332894415273329,0.0827338129496403,0.097841726618705
"4480","300759a","Action_23","Morph_47","JIN","Affiliation","Hittingother","HitOther.3","Waibira",0.147557564357615,0.00719424460431655,0.00719424460431655
"4481","300759a","Action_63","Morph_132","JIN","Affiliation","Touch","Touch.1","Waibira",-1.83258146374831,0.0179856115107914,0.0669064748201439
"4482","300796","Action_40","Morph_82","JNO","Sexualattention","Presentgenitalsforwards","PresentGenitals.1","Waibira",0.0198026272961797,0.0474820143884892,0.0179856115107914
"4483","300723","Action_40","Morph_82","JNO","Sexualattention","Presentgenitalsforwards","PresentGenitals.1","Waibira",0.148420005118273,0.0474820143884892,0.0179856115107914
"4484","300887","Action_40","Morph_82","JNO","Sexualattention","Presentgenitalsforwards","PresentGenitals.1","Waibira",-1.1551826401565,0.0474820143884892,0.0179856115107914
"4485","300830","Action_40","Morph_82","JNO","Sexualattention","Presentgenitalsforwards","PresentGenitals.1","Waibira",0.0392207131532813,0.0474820143884892,0.0179856115107914
"4486","300888","Action_40","Morph_82","JNO","Sexualattention","Presentgenitalsforwards","PresentGenitals.1","Waibira",0.268499253035007,0.0474820143884892,0.0179856115107914
"4487","300889","Action_2","Morph_4","JNO","Sexualattention","Bigloudscratch","BigLoudScratch.2","Waibira",0.392042087776024,0.0431654676258993,0.215827338129496
"4488","300826","Action_40","Morph_82","JNO","Sexualattention","Presentgenitalsforwards","PresentGenitals.1","Waibira",0.117783035656383,0.0474820143884892,0.0179856115107914
"4489","300886","Action_27","Morph_54","JNO","Sexualattention","Leafclip","LeafClip.1","Waibira",0.468752847344083,0.00287769784172662,0.0115107913669065
"4490","300889","Action_40","Morph_82","JNO","Sexualattention","Presentgenitalsforwards","PresentGenitals.1","Waibira",0.494696241836107,0.0474820143884892,0.0179856115107914
"4491","300889","Action_57","Morph_115","JNO","Sexualattention","Stompobject","StompObject.1","Waibira",-0.510825623765991,0.020863309352518,0.0258992805755396
"4492","300735","Action_40","Morph_82","JNO","Sexualattention","Presentgenitalsforwards","PresentGenitals.1","Waibira",0.517602608045014,0.0474820143884892,0.0179856115107914
"4493","300735","Action_1","Morph_2","JNO","Sexualattention","Beckon","Beckon.2","Waibira",-0.825536368605691,0.00359712230215827,0.00575539568345324
"4494","300888","Action_57","Morph_115","JNO","Sexualattention","Stompobject","StompObject.1","Waibira",-0.45886588483528,0.020863309352518,0.0258992805755396
"4495","300888","Action_27","Morph_54","JNO","Sexualattention","Leafclip","LeafClip.1","Waibira",0.79795754491229,0.00287769784172662,0.0115107913669065
"4496","300890","Action_40","Morph_82","JNO","Sexualattention","Presentgenitalsforwards","PresentGenitals.1","Waibira",-0.22314355131421,0.0474820143884892,0.0179856115107914
"4497","300889","Action_54","Morph_114","JNO","Sexualattention","Stancebipedal","StanceBipedal.1","Waibira",-0.519193873436507,0.00359712230215827,0.00359712230215827
"4498","300888","Action_40","Morph_82","JNO","Sexualattention","Presentgenitalsforwards","PresentGenitals.1","Waibira",0.436317571590929,0.0474820143884892,0.0179856115107914
"4499","300886","Action_27","Morph_55","JNO","Sexualattention","Leafclip","LeafClip.2","Waibira",0.244513577050402,0.00863309352517986,0.0115107913669065
"4500","300889","Action_40","Morph_82","JNO","Sexualattention","Presentgenitalsforwards","PresentGenitals.1","Waibira",0.218331994316988,0.0474820143884892,0.0179856115107914
"4501","300889","Action_2","Morph_3","JNO","Sexualattention","Bigloudscratch","BigLoudScratch.1","Waibira",0.65232518603969,0.0928057553956834,0.215827338129496
"4502","300889","Action_54","Morph_114","JNO","Sexualattention","Stancebipedal","StanceBipedal.1","Waibira",-0.132389188045746,0.00359712230215827,0.00359712230215827
"4503","300888","Action_40","Morph_82","JNO","Sexualattention","Presentgenitalsforwards","PresentGenitals.1","Waibira",-0.941608539858445,0.0474820143884892,0.0179856115107914
"4504","300886","Action_27","Morph_54","JNO","Sexualattention","Leafclip","LeafClip.1","Waibira",0.804241228065532,0.00287769784172662,0.0115107913669065
"4505","300889","Action_40","Morph_82","JNO","Sexualattention","Presentgenitalsforwards","PresentGenitals.1","Waibira",-0.519193873436507,0.0474820143884892,0.0179856115107914
"4506","300830","Action_40","Morph_82","JNO","Sexualattention","Presentgenitalsforwards","PresentGenitals.1","Waibira",0.751416088683921,0.0474820143884892,0.0179856115107914
"4507","300828","Action_33","Morph_61","JNO","Stopbehaviour","Objectmove","ObjectMove.1","Waibira",-0.0449973659307358,0.018705035971223,0.0194244604316547
"4508","300636","Action_43","Morph_96","JNO","Staysame","Raise","Raise.1","Waibira",-1.13943428318836,0.0258992805755396,0.0316546762589928
"4509","300296","Action_45","Morph_100","KET","Affiliation","Reach","Reach.1","Waibira",0.0760346862759976,0.0827338129496403,0.097841726618705
"4510","300040","Action_38","Morph_76","KET","Directattention","Present","Present.2","Waibira",-0.0586889963486796,0.0251798561151079,0.142446043165468
"4511","300039","Action_42","Morph_89","KET","Position","Push","Push.2","Waibira",-0.197232169529709,0.0115107913669065,0.0359712230215827
"4512","300109b","Action_4","Morph_13","KET","Affiliation","Bitekiss","Bite.5","Waibira",-0.174353387144778,0.00215827338129496,0.00719424460431655
"4513","300538","Action_39","Morph_82","KET","Sexualattention","Presentgenitalsbackwards","PresentGenitals.1","Waibira",0.0139029051689914,0.0474820143884892,0.0402877697841727
"4514","300463","Action_20","Morph_50","KET","Staysame","Hitother","HitOther.6","Waibira",-0.918793862092274,0.00359712230215827,0.0122302158273381
"4515","300452b","Action_63","Morph_135","KEV","Affiliation","Touch","Touch.4","Waibira",-0.328504066972036,0.00935251798561151,0.0669064748201439
"4516","300261b","Action_63","Morph_132","KEV","Affiliation","Touch","Touch.1","Waibira",-0.608806032126194,0.0179856115107914,0.0669064748201439
"4517","300443a","Action_2","Morph_4","KEV","Groom","Bigloudscratch","BigLoudScratch.2","Waibira",0.347129531095201,0.0431654676258993,0.215827338129496
"4518","300436","Action_38","Morph_77","KEV","Groom","Present","Present.3","Waibira",0.44018854416655,0.041726618705036,0.142446043165468
"4519","300443a","Action_2","Morph_6","KEV","Groom","Bigloudscratch","BigLoudScratch.4","Waibira",0.570979546585738,0.0201438848920863,0.215827338129496
"4520","300540","Action_34","Morph_65","KEV","Sexualattention","Objectshake","ObjectShake.1","Waibira",0.520577915208669,0.0158273381294964,0.0201438848920863
"4521","300248a","Action_57","Morph_115","KEV","Stopbehaviour","Stompobject","StompObject.1","Waibira",-1.19732826160727,0.020863309352518,0.0258992805755396
"4522","300005b","Action_45","Morph_101","KEV","Support","Reach","Reach.2","Waibira",-0.139262067333508,0.00863309352517986,0.097841726618705
"4523","300198","Action_33","Morph_61","KEV","Stopbehaviour","Objectmove","ObjectMove.1","Waibira",-0.53102833108351,0.018705035971223,0.0194244604316547
"4524","300198","Action_31","Morph_59","KEV","Stopbehaviour","Lunge","Lunge.1","Waibira",-0.646263594661095,0.00503597122302158,0.00503597122302158
"4525","300342a","Action_2","Morph_4","KEV","Groom","Bigloudscratch","BigLoudScratch.2","Waibira",0.318453731118535,0.0431654676258993,0.215827338129496
"4526","300446","Action_42","Morph_90","KEV","Position","Push","Push.3","Waibira",-0.579818495252942,0.00431654676258993,0.0359712230215827
"4527","300086","Action_45","Morph_100","KEV","Giveme","Reach","Reach.1","Waibira",0.473123756581979,0.0827338129496403,0.097841726618705
"4528","300470b","Action_11","Morph_22","KEV","Affiliation","Embrace","Embrace.1","Waibira",-0.406465608441748,0.00719424460431655,0.0165467625899281
"4529","300199","Action_45","Morph_100","KEV","Giveme","Reach","Reach.1","Waibira",1.07704811075227,0.0827338129496403,0.097841726618705
"4530","300086","Action_64","Morph_140","KEV","Giveme","Touchlongother","Touch.9","Waibira",1.87640694328834,0.00431654676258993,0.0100719424460432
"4531","300086","Action_45","Morph_100","KEV","Giveme","Reach","Reach.1","Waibira",-0.0449973659307358,0.0827338129496403,0.097841726618705
"4532","300342a","Action_38","Morph_76","KEV","Groom","Present","Present.2","Waibira",0.551583616238158,0.0251798561151079,0.142446043165468
"4533","300429","Action_42","Morph_89","KEV","Position","Push","Push.2","Waibira",-1.02443289049386,0.0115107913669065,0.0359712230215827
"4534","300428","Action_42","Morph_89","KEV","Position","Push","Push.2","Waibira",-0.7339691750802,0.0115107913669065,0.0359712230215827
"4535","300427b","Action_2","Morph_3","KEV","Groom","Bigloudscratch","BigLoudScratch.1","Waibira",0.564745465755421,0.0928057553956834,0.215827338129496
"4536","300430","Action_38","Morph_77","KEV","Directattention","Present","Present.3","Waibira",0.770108221696074,0.041726618705036,0.142446043165468
"4537","300453a","Action_59","Morph_125","KEV","Affiliation","Stroke","Stroke.2","Waibira",-0.328504066972036,0.00287769784172662,0.00575539568345324
"4538","300453a","Action_63","Morph_134","KEV","Affiliation","Touch","Touch.3","Waibira",-1.02165124753198,0.0115107913669065,0.0669064748201439
"4539","300453a","Action_45","Morph_100","KEV","Affiliation","Reach","Reach.1","Waibira",-0.328504066972036,0.0827338129496403,0.097841726618705
"4540","300640","Action_60","Morph_127","KIB","Play","Swing","Swing.1","Waibira",1.07124109187198,0.0165467625899281,0.0172661870503597
"4541","300640","Action_13","Morph_27","KIB","Play","Fling","Fling.1","Waibira",-0.230671817735001,0.0165467625899281,0.0172661870503597
"4542","300404","Action_4","Morph_9","KID","Staysame","Bitekiss","Bite.1","Waibira",-0.916290731874155,0.00575539568345324,0.00719424460431655
"4543","300769","Action_43","Morph_96","KIL","Groom","Raise","Raise.1","Waibira",0.107059072293408,0.0258992805755396,0.0316546762589928
"4544","300129","Action_38","Morph_77","KIL","Directattention","Present","Present.3","Waibira",0.923861997370473,0.041726618705036,0.142446043165468
"4545","300773","Action_38","Morph_76","KIL","Groom","Present","Present.2","Waibira",0.591668011610091,0.0251798561151079,0.142446043165468
"4546","300769","Action_38","Morph_75","KIL","Groom","Present","Present.1","Waibira",0.3859424416193,0.0330935251798561,0.142446043165468
"4547","300128","Action_2","Morph_3","KIL","Groom","Bigloudscratch","BigLoudScratch.1","Waibira",0.212689093410351,0.0928057553956834,0.215827338129496
"4548","300769","Action_2","Morph_3","KIL","Groom","Bigloudscratch","BigLoudScratch.1","Waibira",0.0723206615796261,0.0928057553956834,0.215827338129496
"4549","300130","Action_38","Morph_78","KIL","Directattention","Present","Present.4","Waibira",-0.321583624127462,0.0287769784172662,0.142446043165468
"4550","300560","Action_39","Morph_83","KIL","Sociosexualattention","Presentgenitalsbackwards","PresentGenitals.2","Waibira",0.27763173659828,0.0107913669064748,0.0402877697841727
"4551","300873a","Action_38","Morph_77","KIL","Groom","Present","Present.3","Waibira",1.14676733055516,0.041726618705036,0.142446043165468
"4552","300715","Action_63","Morph_134","KIL","Staysame","Touch","Touch.3","Waibira",-1.42711635564015,0.0115107913669065,0.0669064748201439
"4553","300715","Action_43","Morph_96","KIL","Staysame","Raise","Raise.1","Waibira",-0.579818495252942,0.0258992805755396,0.0316546762589928
"4554","300163","Action_38","Morph_75","KIP","Directattention","Present","Present.1","Waibira",0.617345467143663,0.0330935251798561,0.142446043165468
"4555","300127","Action_38","Morph_75","KIP","Directattention","Present","Present.1","Waibira",0.996579563102958,0.0330935251798561,0.142446043165468
"4556","300534","Action_63","Morph_134","KIP","Takeobjectnurse","Touch","Touch.3","Waibira",-0.941608539858445,0.0115107913669065,0.0669064748201439
"4557","300771","Action_17","Morph_39","KIP","Moveaway","Hitobject","HitObject.1","Waibira",-0.691149177897272,0.041726618705036,0.0482014388489209
"4558","300771","Action_17","Morph_41","KIP","Moveaway","Hitobject","HitObject.3","Waibira",-0.949330585952355,0.00431654676258993,0.0482014388489209
"4559","300771","Action_57","Morph_115","KIP","Moveaway","Stompobject","StompObject.1","Waibira",-0.858021823750179,0.020863309352518,0.0258992805755396
"4560","300771","Action_17","Morph_39","KIP","Moveaway","Hitobject","HitObject.1","Waibira",-0.544727175441672,0.041726618705036,0.0482014388489209
"4561","300772","Action_21","Morph_42","KIP","Moveaway","Hittingobject","HitObject.4","Waibira",-0.478035800943,0.00431654676258993,0.00719424460431655
"4562","300862","Action_14","Morph_33","LAF","Sociosexualattention","Grab","Grab.5","Waibira",0.0667236320429081,0.00287769784172662,0.0107913669064748
"4563","300666a","Action_2","Morph_3","LAF","Groom","Bigloudscratch","BigLoudScratch.1","Waibira",0.56531380905006,0.0928057553956834,0.215827338129496
"4564","300730","Action_45","Morph_100","LAF","Staysame","Reach","Reach.1","Waibira",0.564176799262985,0.0827338129496403,0.097841726618705
"4565","300833","Action_63","Morph_136","LAF","Staysame","Touch","Touch.5","Waibira",-0.44628710262842,0.00719424460431655,0.0669064748201439
"4566","300635b","Action_38","Morph_76","LAF","Groom","Present","Present.2","Waibira",0.211070970079941,0.0251798561151079,0.142446043165468
"4567","300851a","Action_2","Morph_3","LAF","Groom","Bigloudscratch","BigLoudScratch.1","Waibira",0.494086299761693,0.0928057553956834,0.215827338129496
"4568","300679","Action_45","Morph_101","LAF","Giveme","Reach","Reach.2","Waibira",-0.390084006069862,0.00863309352517986,0.097841726618705
"4569","300678a","Action_40","Morph_82","LAF","Sociosexualattention","Presentgenitalsforwards","PresentGenitals.1","Waibira",0.671923544108319,0.0474820143884892,0.0179856115107914
"4570","300397b","Action_45","Morph_100","LAF","Staysame","Reach","Reach.1","Waibira",-1.63989711991881,0.0827338129496403,0.097841726618705
"4571","300175","Action_63","Morph_132","LAF","Affiliation","Touch","Touch.1","Waibira",0.0695260626486103,0.0179856115107914,0.0669064748201439
"4572","300808","Action_4","Morph_13","LAF","Affiliation","Bitekiss","Bite.5","Waibira",0.806029337616618,0.00215827338129496,0.00719424460431655
"4573","300675","Action_11","Morph_22","LAM","Play","Embrace","Embrace.1","Waibira",0.107957141505092,0.00719424460431655,0.0165467625899281
"4574","300676a","Action_11","Morph_23","LAM","Play","Embrace","Embrace.2","Waibira",0.336472236621213,0.00359712230215827,0.0165467625899281
"4575","300676a","Action_23","Morph_47","LAM","Play","Hittingother","HitOther.3","Waibira",0.213497174262404,0.00719424460431655,0.00719424460431655
"4576","300675","Action_3","Morph_9","LAM","Play","Bite","Bite.1","Waibira",-0.336872316642553,0.00575539568345324,0.0115107913669065
"4577","300465","Action_55","Morph_117","LAM","Play","Stompingobject","StompObject.3","Waibira",-0.277071893339765,0.00287769784172662,0.00431654676258993
"4578","300465","Action_2","Morph_5","LAM","Play","Bigloudscratch","BigLoudScratch.3","Waibira",0.148420005118273,0.0424460431654676,0.215827338129496
"4579","300674a","Action_17","Morph_42","LAM","Sociosexualattention","Hitobject","HitObject.4","Waibira",-0.385662480811985,0.00431654676258993,0.0482014388489209
"4580","300674a","Action_39","Morph_83","LAM","Sociosexualattention","Presentgenitalsbackwards","PresentGenitals.2","Waibira",0.129272335704139,0.0107913669064748,0.0402877697841727
"4581","300216","Action_38","Morph_75","LAM","Directattention","Present","Present.1","Waibira",1.46856535355268,0.0330935251798561,0.142446043165468
"4582","300215","Action_41","Morph_85","LAM","Position","Pull","Pull.2","Waibira",-0.44628710262842,0.0115107913669065,0.0280575539568345
"4583","300217","Action_38","Morph_77","LAM","Directattention","Present","Present.3","Waibira",1.88888617995878,0.041726618705036,0.142446043165468
"4584","300217","Action_2","Morph_3","LAM","Directattention","Bigloudscratch","BigLoudScratch.1","Waibira",-0.0586889963486796,0.0928057553956834,0.215827338129496
"4585","300293","Action_64","Morph_133","LAM","Climbonyou","Touchlongother","Touch.2","Waibira",-0.136965855073157,0.00863309352517986,0.0100719424460432
"4586","300271","Action_57","Morph_119","LAM","Play","Stompobject","StompObject.5","Waibira",-0.627359440021942,0.00431654676258993,0.0258992805755396
"4587","300274","Action_57","Morph_119","LAM","Attendme","Stompobject","StompObject.5","Waibira",-0.154317360384357,0.00431654676258993,0.0258992805755396
"4588","300271","Action_33","Morph_61","LAM","Play","Objectmove","ObjectMove.1","Waibira",-0.424647927524938,0.018705035971223,0.0194244604316547
"4589","300274","Action_57","Morph_119","LAM","Attendme","Stompobject","StompObject.5","Waibira",-0.393042588109607,0.00431654676258993,0.0258992805755396
"4590","300274","Action_57","Morph_115","LAM","Attendme","Stompobject","StompObject.1","Waibira",-0.452556715642015,0.020863309352518,0.0258992805755396
"4591","300274","Action_33","Morph_61","LAM","Attendme","Objectmove","ObjectMove.1","Waibira",0.285178942233662,0.018705035971223,0.0194244604316547
"4592","300271","Action_63","Morph_133","LAM","Play","Touch","Touch.2","Waibira",-1.41469383564159,0.00863309352517986,0.0669064748201439
"4593","300653","Action_14","Morph_29","LAM","Playcontinue","Grab","Grab.1","Waibira",-0.473208760194684,0.00359712230215827,0.0107913669064748
"4594","300685","Action_20","Morph_45","LAM","Play","Hitother","HitOther.1","Waibira",-0.239527030564734,0.00647482014388489,0.0122302158273381
"4595","300170a","Action_2","Morph_4","LAN","Sexualattention","Bigloudscratch","BigLoudScratch.2","Waibira",0.362557607096888,0.0431654676258993,0.215827338129496
"4596","300170a","Action_47","Morph_103","LAN","Sexualattention","Rockingsit","Rocking.1","Waibira",0.0285874568519125,0.00863309352517986,0.00863309352517986
"4597","300135a","Action_38","Morph_76","LIL","Groom","Present","Present.2","Waibira",-0.313341819232359,0.0251798561151079,0.142446043165468
"4598","300135a","Action_43","Morph_96","LIL","Groom","Raise","Raise.1","Waibira",-0.713349887877465,0.0258992805755396,0.0316546762589928
"4599","300136b","Action_38","Morph_76","LIL","Directattention","Present","Present.2","Waibira",0.823736750263547,0.0251798561151079,0.142446043165468
"4600","300135a","Action_20","Morph_50","LIL","Groom","Hitother","HitOther.6","Waibira",-1.72597172869005,0.00359712230215827,0.0122302158273381
"4601","300248b","Action_43","Morph_96","LIL","Affiliation","Raise","Raise.1","Waibira",-0.424647927524938,0.0258992805755396,0.0316546762589928
"4602","300248b","Action_45","Morph_100","LIL","Affiliation","Reach","Reach.1","Waibira",-0.193584749072665,0.0827338129496403,0.097841726618705
"4603","300248b","Action_43","Morph_96","LIL","Affiliation","Raise","Raise.1","Waibira",0.00299550897979837,0.0258992805755396,0.0316546762589928
"4604","300843a","Action_45","Morph_100","LIL","Affiliation","Reach","Reach.1","Waibira",0.891588119233783,0.0827338129496403,0.097841726618705
"4605","300195","Action_33","Morph_61","LIR","Moveaway","Objectmove","ObjectMove.1","Waibira",-0.867500567704723,0.018705035971223,0.0194244604316547
"4606","300195","Action_57","Morph_115","LIR","Moveaway","Stompobject","StompObject.1","Waibira",-0.867500567704723,0.020863309352518,0.0258992805755396
"4607","300210","Action_43","Morph_96","LIR","Takeobjectnurse","Raise","Raise.1","Waibira",-0.0418642040986989,0.0258992805755396,0.0316546762589928
"4608","300878","Action_45","Morph_100","LIR","Travel","Reach","Reach.1","Waibira",0.113328685307003,0.0827338129496403,0.097841726618705
"4609","300211","Action_38","Morph_75","LIR","Directattention","Present","Present.1","Waibira",1.48794801484639,0.0330935251798561,0.142446043165468
"4610","300681","Action_42","Morph_92","LIR","Takeobjectnurse","Push","Push.5","Waibira",-0.328504066972036,0.00431654676258993,0.0359712230215827
"4611","300681","Action_42","Morph_88","LIR","Takeobjectnurse","Push","Push.1","Waibira",-0.145025772050258,0.0115107913669065,0.0359712230215827
"4612","300272","Action_42","Morph_92","LIR","Stopbehaviour","Push","Push.5","Waibira",-0.105360515657826,0.00431654676258993,0.0359712230215827
"4613","300815","Action_39","Morph_82","LIR","Sexualattention","Presentgenitalsbackwards","PresentGenitals.1","Waibira",1.17279168684236,0.0474820143884892,0.0402877697841727
"4614","300090a","Action_45","Morph_100","LIZ","Affiliation","Reach","Reach.1","Waibira",-0.742337424750717,0.0827338129496403,0.097841726618705
"4615","300090a","Action_63","Morph_135","LIZ","Affiliation","Touch","Touch.4","Waibira",-0.0140989243795016,0.00935251798561151,0.0669064748201439
"4616","300071","Action_43","Morph_96","LIZ","Giveme","Raise","Raise.1","Waibira",0.157003748809665,0.0258992805755396,0.0316546762589928
"4617","300070","Action_41","Morph_84","LIZ","Giveme","Pull","Pull.1","Waibira",-1.20731170559145,0.0079136690647482,0.0280575539568345
"4618","300071","Action_45","Morph_100","LIZ","Giveme","Reach","Reach.1","Waibira",-0.783071888087932,0.0827338129496403,0.097841726618705
"4619","300071","Action_45","Morph_100","LIZ","Giveme","Reach","Reach.1","Waibira",-0.269187489815617,0.0827338129496403,0.097841726618705
"4620","300516","Action_41","Morph_84","LIZ","Giveme","Pull","Pull.1","Waibira",-0.0222456089473197,0.0079136690647482,0.0280575539568345
"4621","300516","Action_45","Morph_100","LIZ","Giveme","Reach","Reach.1","Waibira",0.137149838147234,0.0827338129496403,0.097841726618705
"4622","300516","Action_41","Morph_84","LIZ","Giveme","Pull","Pull.1","Waibira",0.693647055601596,0.0079136690647482,0.0280575539568345
"4623","300516","Action_45","Morph_100","LIZ","Giveme","Reach","Reach.1","Waibira",-0.0439518875291828,0.0827338129496403,0.097841726618705
"4624","300526","Action_38","Morph_79","LIZ","Groom","Present","Present.5","Waibira",0.400787518557053,0.00359712230215827,0.142446043165468
"4625","300099a","Action_15","Morph_36","LIZ","Play","Grabhold","GrabHold.2","Waibira",0.990284411782481,0.00359712230215827,0.0107913669064748
"4626","300310b","Action_43","Morph_96","LIZ","Play","Raise","Raise.1","Waibira",0.148420005118273,0.0258992805755396,0.0316546762589928
"4627","300077","Action_13","Morph_27","LIZ","Moveaway","Fling","Fling.1","Waibira",-0.621757184473272,0.0165467625899281,0.0172661870503597
"4628","300077","Action_13","Morph_27","LIZ","Moveaway","Fling","Fling.1","Waibira",-0.151986356997882,0.0165467625899281,0.0172661870503597
"4629","300005a","Action_45","Morph_100","LKU","Support","Reach","Reach.1","Waibira",-0.514164525031505,0.0827338129496403,0.097841726618705
"4630","300003","Action_39","Morph_83","LKU","Affiliation","Presentgenitalsbackwards","PresentGenitals.2","Waibira",0.605408266251939,0.0107913669064748,0.0402877697841727
"4631","300276b","Action_20","Morph_45","LKU","Stopbehaviour","Hitother","HitOther.1","Waibira",-0.699165252885508,0.00647482014388489,0.0122302158273381
"4632","300281","Action_17","Morph_39","LKU","Sexualattention","Hitobject","HitObject.1","Waibira",-0.454130280089445,0.041726618705036,0.0482014388489209
"4633","300281","Action_61","Morph_130","LKU","Sexualattention","Throwobject","ThrowObject.1","Waibira",-0.127833371509885,0.00503597122302158,0.00503597122302158
"4634","300281","Action_2","Morph_3","LKU","Sexualattention","Bigloudscratch","BigLoudScratch.1","Waibira",0.288931291852213,0.0928057553956834,0.215827338129496
"4635","300281","Action_57","Morph_119","LKU","Sexualattention","Stompobject","StompObject.5","Waibira",-0.368169323364468,0.00431654676258993,0.0258992805755396
"4636","300281","Action_57","Morph_115","LKU","Sexualattention","Stompobject","StompObject.1","Waibira",-0.489390343045926,0.020863309352518,0.0258992805755396
"4637","300281","Action_43","Morph_97","LKU","Sexualattention","Raise","Raise.2","Waibira",-0.744440474947496,0.00575539568345324,0.0316546762589928
"4638","300281","Action_61","Morph_130","LKU","Sexualattention","Throwobject","ThrowObject.1","Waibira",-0.336872316642553,0.00503597122302158,0.00503597122302158
"4639","300819","Action_61","Morph_130","LKU","Moveaway","Throwobject","ThrowObject.1","Waibira",-0.661648513500574,0.00503597122302158,0.00503597122302158
"4640","300820","Action_61","Morph_130","LKU","Moveaway","Throwobject","ThrowObject.1","Waibira",-0.334075112021491,0.00503597122302158,0.00503597122302158
"4641","300004","Action_13","Morph_27","LKU","Moveaway","Fling","Fling.1","Waibira",-0.663588378318401,0.0165467625899281,0.0172661870503597
"4642","300004","Action_13","Morph_27","LKU","Moveaway","Fling","Fling.1","Waibira",-0.707246104939447,0.0165467625899281,0.0172661870503597
"4643","300087","Action_15","Morph_36","LOT","Affiliation","Grabhold","GrabHold.2","Waibira",0.181487876045377,0.00359712230215827,0.0107913669064748
"4644","300125a","Action_39","Morph_82","LOT","Support","Presentgenitalsbackwards","PresentGenitals.1","Waibira",-0.0790432073404529,0.0474820143884892,0.0402877697841727
"4645","300504a","Action_39","Morph_83","LOT","Affiliation","Presentgenitalsbackwards","PresentGenitals.2","Waibira",0.108854404912082,0.0107913669064748,0.0402877697841727
"4646","300567","Action_63","Morph_133","LOT","Affiliation","Touch","Touch.2","Waibira",-0.713349887877465,0.00863309352517986,0.0669064748201439
"4647","300517a","Action_39","Morph_82","LOT","Support","Presentgenitalsbackwards","PresentGenitals.1","Waibira",0.551007413398823,0.0474820143884892,0.0402877697841727
"4648","300569b","Action_63","Morph_132","LOT","Affiliation","Touch","Touch.1","Waibira",-1.25176346816228,0.0179856115107914,0.0669064748201439
"4649","300569b","Action_63","Morph_134","LOT","Affiliation","Touch","Touch.3","Waibira",-0.84863208340034,0.0115107913669065,0.0669064748201439
"4650","300569b","Action_63","Morph_132","LOT","Affiliation","Touch","Touch.1","Waibira",-0.026343975339602,0.0179856115107914,0.0669064748201439
"4651","300804","Action_39","Morph_82","LOT","Sexualattention","Presentgenitalsbackwards","PresentGenitals.1","Waibira",0.910674993088519,0.0474820143884892,0.0402877697841727
"4652","300518","Action_15","Morph_35","LOT","Giveme","Grabhold","GrabHold.1","Waibira",1.22612560896707,0.00575539568345324,0.0107913669064748
"4653","300519","Action_2","Morph_7","LOT","Groom","Bigloudscratch","BigLoudScratch.5","Waibira",0.665775983763813,0.00647482014388489,0.215827338129496
"4654","300518","Action_63","Morph_132","LOT","Giveme","Touch","Touch.1","Waibira",0.322083499169113,0.0179856115107914,0.0669064748201439
"4655","300074","Action_43","Morph_96","LOT","Climbonme","Raise","Raise.1","Waibira",-0.20089294237939,0.0258992805755396,0.0316546762589928
"4656","300123","Action_41","Morph_86","LOT","Climbonme","Pull","Pull.3","Waibira",0.195566783543975,0.00503597122302158,0.0280575539568345
"4657","300123","Action_41","Morph_86","LOT","Climbonme","Pull","Pull.3","Waibira",0.217527812528574,0.00503597122302158,0.0280575539568345
"4658","300123","Action_41","Morph_84","LOT","Climbonme","Pull","Pull.1","Waibira",-0.663588378318401,0.0079136690647482,0.0280575539568345
"4659","300074","Action_38","Morph_77","LOT","Climbonme","Present","Present.3","Waibira",0.784814369085769,0.041726618705036,0.142446043165468
"4660","300123","Action_41","Morph_85","LOT","Climbonme","Pull","Pull.2","Waibira",-1.08767234862978,0.0115107913669065,0.0280575539568345
"4661","300098","Action_38","Morph_75","LOT","Groom","Present","Present.1","Waibira",0.968503603321089,0.0330935251798561,0.142446043165468
"4662","300312","Action_14","Morph_33","LOT","Affiliation","Grab","Grab.5","Waibira",-1.13943428318836,0.00287769784172662,0.0107913669064748
"4663","300312","Action_63","Morph_136","LOT","Affiliation","Touch","Touch.5","Waibira",-0.385662480811985,0.00719424460431655,0.0669064748201439
"4664","300088","Action_63","Morph_134","LOT","Affiliation","Touch","Touch.3","Waibira",0.72124861067082,0.0115107913669065,0.0669064748201439
"4665","300506","Action_39","Morph_82","LOT","Sexualattention","Presentgenitalsbackwards","PresentGenitals.1","Waibira",-0.287682072451781,0.0474820143884892,0.0402877697841727
"4666","300099b","Action_63","Morph_137","LTS","Stopbehaviour","Touch","Touch.6","Waibira",-0.328504066972036,0.00647482014388489,0.0669064748201439
"4667","300825","Action_33","Morph_61","MAC","Sexualattention","Objectmove","ObjectMove.1","Waibira",-0.180323554131282,0.018705035971223,0.0194244604316547
"4668","300825","Action_33","Morph_61","MAC","Sexualattention","Objectmove","ObjectMove.1","Waibira",-0.586986984731555,0.018705035971223,0.0194244604316547
"4669","300736","Action_40","Morph_82","MAC","Sexualattention","Presentgenitalsforwards","PresentGenitals.1","Waibira",0.535908404133454,0.0474820143884892,0.0179856115107914
"4670","300825","Action_34","Morph_65","MAC","Sexualattention","Objectshake","ObjectShake.1","Waibira",0.60103189165214,0.0158273381294964,0.0201438848920863
"4671","300825","Action_34","Morph_65","MAC","Sexualattention","Objectshake","ObjectShake.1","Waibira",0.302324349188651,0.0158273381294964,0.0201438848920863
"4672","300825","Action_27","Morph_55","MAC","Sexualattention","Leafclip","LeafClip.2","Waibira",1.28564495296996,0.00863309352517986,0.0115107913669065
"4673","300374","Action_45","Morph_100","MAC","Staysame","Reach","Reach.1","Waibira",-1.13943428318836,0.0827338129496403,0.097841726618705
"4674","300698b","Action_45","Morph_100","MAC","Affiliation","Reach","Reach.1","Waibira",0.357674444271816,0.0827338129496403,0.097841726618705
"4675","300733b","Action_38","Morph_76","MAC","Groom","Present","Present.2","Waibira",-0.0408219945202552,0.0251798561151079,0.142446043165468
"4676","300731b","Action_2","Morph_5","MAC","Groom","Bigloudscratch","BigLoudScratch.3","Waibira",0.470003629245736,0.0424460431654676,0.215827338129496
"4677","300299a","Action_2","Morph_3","MAC","Directattention","Bigloudscratch","BigLoudScratch.1","Waibira",0.251536625815428,0.0928057553956834,0.215827338129496
"4678","300733b","Action_2","Morph_5","MAC","Groom","Bigloudscratch","BigLoudScratch.3","Waibira",0.0610950993598108,0.0424460431654676,0.215827338129496
"4679","300734a","Action_2","Morph_3","MAC","Groom","Bigloudscratch","BigLoudScratch.1","Waibira",0.364643113587909,0.0928057553956834,0.215827338129496
"4680","300138b","Action_2","Morph_3","MAC","Groom","Bigloudscratch","BigLoudScratch.1","Waibira",0.0685927914656117,0.0928057553956834,0.215827338129496
"4681","300844b","Action_14","Morph_33","MAC","Affiliation","Grab","Grab.5","Waibira",-0.44628710262842,0.00287769784172662,0.0107913669064748
"4682","300299a","Action_38","Morph_77","MAC","Directattention","Present","Present.3","Waibira",1.35196168203939,0.041726618705036,0.142446043165468
"4683","300732b","Action_2","Morph_4","MAC","Groom","Bigloudscratch","BigLoudScratch.2","Waibira",0.392042087776024,0.0431654676258993,0.215827338129496
"4684","300732b","Action_38","Morph_77","MAC","Groom","Present","Present.3","Waibira",0.78845736036427,0.041726618705036,0.142446043165468
"4685","300734a","Action_38","Morph_77","MAC","Groom","Present","Present.3","Waibira",0.669878553620591,0.041726618705036,0.142446043165468
"4686","300109a","Action_63","Morph_134","MAC","Affiliation","Touch","Touch.3","Waibira",-0.366725279792234,0.0115107913669065,0.0669064748201439
"4687","300109a","Action_4","Morph_13","MAC","Affiliation","Bitekiss","Bite.5","Waibira",0.372941916402604,0.00215827338129496,0.00719424460431655
"4688","300109a","Action_11","Morph_24","MAC","Affiliation","Embrace","Embrace.3","Waibira",-1.53711725085447,0.00431654676258993,0.0165467625899281
"4689","300714","Action_11","Morph_22","MAC","Affiliation","Embrace","Embrace.1","Waibira",-0.22314355131421,0.00719424460431655,0.0165467625899281
"4690","300719b","Action_23","Morph_47","MAC","Affiliation","Hittingother","HitOther.3","Waibira",0.452348694007015,0.00719424460431655,0.00719424460431655
"4691","300345","Action_2","Morph_3","MAC","Groom","Bigloudscratch","BigLoudScratch.1","Waibira",0.587786664902119,0.0928057553956834,0.215827338129496
"4692","300339","Action_2","Morph_4","MAC","Directattention","Bigloudscratch","BigLoudScratch.2","Waibira",0.246860077931526,0.0431654676258993,0.215827338129496
"4693","300181","Action_38","Morph_78","MAC","Directattention","Present","Present.4","Waibira",1.01523067972906,0.0287769784172662,0.142446043165468
"4694","300180","Action_38","Morph_76","MAC","Directattention","Present","Present.2","Waibira",0.319907219746518,0.0251798561151079,0.142446043165468
"4695","300535","Action_42","Morph_90","MAC","Position","Push","Push.3","Waibira",0.0188217542405877,0.00431654676258993,0.0359712230215827
"4696","300537a","Action_2","Morph_4","MAC","Groom","Bigloudscratch","BigLoudScratch.2","Waibira",0.0815799869924228,0.0431654676258993,0.215827338129496
"4697","300535","Action_2","Morph_5","MAC","Position","Bigloudscratch","BigLoudScratch.3","Waibira",0.0544881852840698,0.0424460431654676,0.215827338129496
"4698","300490","Action_39","Morph_83","MAS","Staysame","Presentgenitalsbackwards","PresentGenitals.2","Waibira",-0.763569644856491,0.0107913669064748,0.0402877697841727
"4699","300007","Action_55","Morph_117","MAS","Moveaway","Stompingobject","StompObject.3","Waibira",-0.179126665897435,0.00287769784172662,0.00431654676258993
"4700","300543a","Action_2","Morph_5","MAS","Groom","Bigloudscratch","BigLoudScratch.3","Waibira",0.77794778225241,0.0424460431654676,0.215827338129496
"4701","300393b","Action_45","Morph_101","MAS","Staysame","Reach","Reach.2","Waibira",-0.450985623409974,0.00863309352517986,0.097841726618705
"4702","300396","Action_45","Morph_100","MAS","Staysame","Reach","Reach.1","Waibira",-0.397496938458987,0.0827338129496403,0.097841726618705
"4703","300578a","Action_42","Morph_89","MIK","Groom","Push","Push.2","Waibira",-0.253602758798918,0.0115107913669065,0.0359712230215827
"4704","300577","Action_42","Morph_90","MIK","Position","Push","Push.3","Waibira",0.509825123432407,0.00431654676258993,0.0359712230215827
"4705","300574a","Action_38","Morph_77","MIK","Groom","Present","Present.3","Waibira",-0.0965109003808437,0.041726618705036,0.142446043165468
"4706","300574a","Action_2","Morph_3","MIK","Groom","Bigloudscratch","BigLoudScratch.1","Waibira",0.273075920062419,0.0928057553956834,0.215827338129496
"4707","300468","Action_39","Morph_82","MN","Sexualattention","Presentgenitalsbackwards","PresentGenitals.1","Waibira",0.0554347068881005,0.0474820143884892,0.0402877697841727
"4708","300555b","Action_38","Morph_76","MN","Groom","Present","Present.2","Waibira",1.08822519578162,0.0251798561151079,0.142446043165468
"4709","300553","Action_2","Morph_4","MN","Groom","Bigloudscratch","BigLoudScratch.2","Waibira",0.41607528722018,0.0431654676258993,0.215827338129496
"4710","300544a","Action_38","Morph_75","MN","Groom","Present","Present.1","Waibira",0.417393678973438,0.0330935251798561,0.142446043165468
"4711","300553","Action_38","Morph_75","MN","Groom","Present","Present.1","Waibira",0.728996833453643,0.0330935251798561,0.142446043165468
"4712","300259","Action_31","Morph_59","MN","Moveaway","Lunge","Lunge.1","Waibira",-0.151986356997882,0.00503597122302158,0.00503597122302158
"4713","300126","Action_17","Morph_39","MN","Staysame","Hitobject","HitObject.1","Waibira",-0.515838165589535,0.041726618705036,0.0482014388489209
"4714","300150a","Action_20","Morph_45","MN","Moveaway","Hitother","HitOther.1","Waibira",-0.709276562489829,0.00647482014388489,0.0122302158273381
"4715","300260a","Action_63","Morph_132","MN","Affiliation","Touch","Touch.1","Waibira",0.0119285708652738,0.0179856115107914,0.0669064748201439
"4716","300481b","Action_38","Morph_76","MOR","Groom","Present","Present.2","Waibira",0.770108221696074,0.0251798561151079,0.142446043165468
"4717","300406b","Action_39","Morph_82","MOR","Sociosexualattention","Presentgenitalsbackwards","PresentGenitals.1","Waibira",0,0.0474820143884892,0.0402877697841727
"4718","300480","Action_38","Morph_75","MOR","Sociosexualattention","Present","Present.1","Waibira",-0.653926467406664,0.0330935251798561,0.142446043165468
"4719","300880","Action_45","Morph_100","MRA","Playcontinue","Reach","Reach.1","Waibira",0.0382587121170903,0.0827338129496403,0.097841726618705
"4720","300879","Action_45","Morph_100","MRA","Play","Reach","Reach.1","Waibira",0.343589704390077,0.0827338129496403,0.097841726618705
"4721","300687","Action_38","Morph_75","MRA","Groom","Present","Present.1","Waibira",-0.133531392624523,0.0330935251798561,0.142446043165468
"4722","300883","Action_15","Morph_35","MRA","Giveme","Grabhold","GrabHold.1","Waibira",1.05117121406797,0.00575539568345324,0.0107913669064748
"4723","300884","Action_14","Morph_29","MRA","Giveme","Grab","Grab.1","Waibira",0.691646054433678,0.00359712230215827,0.0107913669064748
"4724","300883","Action_14","Morph_29","MRA","Giveme","Grab","Grab.1","Waibira",-0.586986984731555,0.00359712230215827,0.0107913669064748
"4725","300884","Action_15","Morph_35","MRA","Giveme","Grabhold","GrabHold.1","Waibira",1.31479835941482,0.00575539568345324,0.0107913669064748
"4726","300883","Action_15","Morph_35","MRA","Giveme","Grabhold","GrabHold.1","Waibira",0.905027539595444,0.00575539568345324,0.0107913669064748
"4727","300883","Action_15","Morph_35","MRA","Giveme","Grabhold","GrabHold.1","Waibira",1.02961941718116,0.00575539568345324,0.0107913669064748
"4728","300557","Action_17","Morph_39","MSD","Moveaway","Hitobject","HitObject.1","Waibira",-0.780886094867952,0.041726618705036,0.0482014388489209
"4729","300812","Action_39","Morph_82","MSD","Sexualattention","Presentgenitalsbackwards","PresentGenitals.1","Waibira",-0.0512932943875506,0.0474820143884892,0.0402877697841727
"4730","300574b","Action_2","Morph_5","MSD","Groom","Bigloudscratch","BigLoudScratch.3","Waibira",0.459321780898875,0.0424460431654676,0.215827338129496
"4731","300578b","Action_38","Morph_78","MSD","Groom","Present","Present.4","Waibira",0.553885113226438,0.0287769784172662,0.142446043165468
"4732","300578b","Action_2","Morph_6","MSD","Groom","Bigloudscratch","BigLoudScratch.4","Waibira",0.949338585920355,0.0201438848920863,0.215827338129496
"4733","300573","Action_2","Morph_3","MSD","Groom","Bigloudscratch","BigLoudScratch.1","Waibira",0.55043087835835,0.0928057553956834,0.215827338129496
"4734","300574b","Action_2","Morph_5","MSD","Groom","Bigloudscratch","BigLoudScratch.3","Waibira",0.372252973902051,0.0424460431654676,0.215827338129496
"4735","300531","Action_4","Morph_9","MUG","Staysame","Bitekiss","Bite.1","Waibira",-0.199671195129068,0.00575539568345324,0.00719424460431655
"4736","300843b","Action_45","Morph_101","MUG","Affiliation","Reach","Reach.2","Waibira",0.858661619037519,0.00863309352517986,0.097841726618705
"4737","300626","Action_38","Morph_75","MUG","Groom","Present","Present.1","Waibira",0.693647055601596,0.0330935251798561,0.142446043165468
"4738","300145","Action_38","Morph_77","MUG","Directattention","Present","Present.3","Waibira",-0.170788320980282,0.041726618705036,0.142446043165468
"4739","300860a","Action_2","Morph_5","MUG","Groom","Bigloudscratch","BigLoudScratch.3","Waibira",0.156148682489931,0.0424460431654676,0.215827338129496
"4740","300774","Action_2","Morph_4","MUG","Groom","Bigloudscratch","BigLoudScratch.2","Waibira",0.113328685307003,0.0431654676258993,0.215827338129496
"4741","300145","Action_2","Morph_3","MUG","Directattention","Bigloudscratch","BigLoudScratch.1","Waibira",0.3293037471426,0.0928057553956834,0.215827338129496
"4742","300861","Action_42","Morph_89","MUG","Position","Push","Push.2","Waibira",-0.691149177897272,0.0115107913669065,0.0359712230215827
"4743","300024b","Action_38","Morph_77","MUG","Directattention","Present","Present.3","Waibira",1.00136690422927,0.041726618705036,0.142446043165468
"4744","300173b","Action_11","Morph_22","NAL","Affiliation","Embrace","Embrace.1","Waibira",-0.149660774554406,0.00719424460431655,0.0165467625899281
"4745","300279","Action_2","Morph_7","NAL","Directattention","Bigloudscratch","BigLoudScratch.5","Waibira",0.0601539228197471,0.00647482014388489,0.215827338129496
"4746","300279","Action_38","Morph_77","NAL","Directattention","Present","Present.3","Waibira",0.567016903415733,0.041726618705036,0.142446043165468
"4747","300310a","Action_60","Morph_127","NAL","Play","Swing","Swing.1","Waibira",0.0769610411361284,0.0165467625899281,0.0172661870503597
"4748","300284","Action_38","Morph_75","NAL","Directattention","Present","Present.1","Waibira",1.38754358052032,0.0330935251798561,0.142446043165468
"4749","300511","Action_60","Morph_127","NAL","Followme","Swing","Swing.1","Waibira",0.224742272677907,0.0165467625899281,0.0172661870503597
"4750","300510","Action_41","Morph_85","NAL","Climbonyou","Pull","Pull.2","Waibira",-1.02722229258144,0.0115107913669065,0.0280575539568345
"4751","300285","Action_2","Morph_5","NAL","Groom","Bigloudscratch","BigLoudScratch.3","Waibira",0.163818085229395,0.0424460431654676,0.215827338129496
"4752","300510","Action_2","Morph_5","NAL","Climbonyou","Bigloudscratch","BigLoudScratch.3","Waibira",0.474991170756775,0.0424460431654676,0.215827338129496
"4753","300103","Action_2","Morph_6","NAL","Groom","Bigloudscratch","BigLoudScratch.4","Waibira",0.322083499169113,0.0201438848920863,0.215827338129496
"4754","300511","Action_2","Morph_4","NAL","Followme","Bigloudscratch","BigLoudScratch.2","Waibira",-0.119910296672558,0.0431654676258993,0.215827338129496
"4755","300101","Action_2","Morph_3","NAL","Groom","Bigloudscratch","BigLoudScratch.1","Waibira",0.49956243148728,0.0928057553956834,0.215827338129496
"4756","300511","Action_2","Morph_3","NAL","Followme","Bigloudscratch","BigLoudScratch.1","Waibira",-0.155484902840395,0.0928057553956834,0.215827338129496
"4757","300510","Action_41","Morph_85","NAL","Climbonyou","Pull","Pull.2","Waibira",-1.03563748950672,0.0115107913669065,0.0280575539568345
"4758","300523","Action_63","Morph_133","NAL","Play","Touch","Touch.2","Waibira",-0.0439518875291828,0.00863309352517986,0.0669064748201439
"4759","300100","Action_2","Morph_3","NAL","Groom","Bigloudscratch","BigLoudScratch.1","Waibira",0.0962188577405429,0.0928057553956834,0.215827338129496
"4760","300100","Action_2","Morph_3","NAL","Groom","Bigloudscratch","BigLoudScratch.1","Waibira",0.417393678973438,0.0928057553956834,0.215827338129496
"4761","300102","Action_2","Morph_4","NAL","Groom","Bigloudscratch","BigLoudScratch.2","Waibira",0.366031038862757,0.0431654676258993,0.215827338129496
"4762","300510","Action_41","Morph_85","NAL","Climbonyou","Pull","Pull.2","Waibira",-0.549913012474038,0.0115107913669065,0.0280575539568345
"4763","300510","Action_2","Morph_4","NAL","Climbonyou","Bigloudscratch","BigLoudScratch.2","Waibira",0.126632650933366,0.0431654676258993,0.215827338129496
"4764","300105b","Action_38","Morph_77","NAL","Groom","Present","Present.3","Waibira",0.63710578967632,0.041726618705036,0.142446043165468
"4765","300511","Action_2","Morph_3","NAL","Followme","Bigloudscratch","BigLoudScratch.1","Waibira",-0.420071260497527,0.0928057553956834,0.215827338129496
"4766","300103","Action_38","Morph_77","NAL","Groom","Present","Present.3","Waibira",-0.127833371509885,0.041726618705036,0.142446043165468
"4767","300510","Action_2","Morph_4","NAL","Climbonyou","Bigloudscratch","BigLoudScratch.2","Waibira",0.0825012215117438,0.0431654676258993,0.215827338129496
"4768","300283","Action_38","Morph_77","NAL","Groom","Present","Present.3","Waibira",1.14454122055651,0.041726618705036,0.142446043165468
"4769","300511","Action_2","Morph_3","NAL","Followme","Bigloudscratch","BigLoudScratch.1","Waibira",-0.320205264157341,0.0928057553956834,0.215827338129496
"4770","300067","Action_11","Morph_22","NAL","Affiliation","Embrace","Embrace.1","Waibira",0.138021297897375,0.00719424460431655,0.0165467625899281
"4771","300458","Action_45","Morph_100","NEV","Affiliation","Reach","Reach.1","Waibira",-0.460449416440924,0.0827338129496403,0.097841726618705
"4772","300620b","Action_39","Morph_82","NEV","Sexualattention","Presentgenitalsbackwards","PresentGenitals.1","Waibira",0.27763173659828,0.0474820143884892,0.0402877697841727
"4773","300323","Action_63","Morph_132","NEV","Staysame","Touch","Touch.1","Waibira",-0.00803217169726427,0.0179856115107914,0.0669064748201439
"4774","300777","Action_63","Morph_137","NEV","Staysame","Touch","Touch.6","Waibira",-0.174353387144778,0.00647482014388489,0.0669064748201439
"4775","300743","Action_2","Morph_7","NEV","Groom","Bigloudscratch","BigLoudScratch.5","Waibira",0.418710334858185,0.00647482014388489,0.215827338129496
"4776","300628","Action_2","Morph_3","NEV","Groom","Bigloudscratch","BigLoudScratch.1","Waibira",0.306749135169007,0.0928057553956834,0.215827338129496
"4777","300348b","Action_42","Morph_88","NEV","Climbonme","Push","Push.1","Waibira",-0.27443684570176,0.0115107913669065,0.0359712230215827
"4778","300529b","Action_38","Morph_75","NEV","Groom","Present","Present.1","Waibira",0.514618422004687,0.0330935251798561,0.142446043165468
"4779","300621","Action_63","Morph_137","NGO","Staysame","Touch","Touch.6","Waibira",-0.603306476560156,0.00647482014388489,0.0669064748201439
"4780","300621","Action_39","Morph_83","NGO","Staysame","Presentgenitalsbackwards","PresentGenitals.2","Waibira",0.425267735404344,0.0107913669064748,0.0402877697841727
"4781","300744","Action_38","Morph_79","NGO","Groom","Present","Present.5","Waibira",0.93883469630905,0.00359712230215827,0.142446043165468
"4782","300348a","Action_59","Morph_125","NIM","Climbonyou","Stroke","Stroke.2","Waibira",0.0237165266173161,0.00287769784172662,0.00575539568345324
"4783","300183","Action_2","Morph_3","NIM","Climbonyou","Bigloudscratch","BigLoudScratch.1","Waibira",0.327863862084613,0.0928057553956834,0.215827338129496
"4784","300083","Action_43","Morph_96","NIM","Climbonyou","Raise","Raise.1","Waibira",-0.742337424750717,0.0258992805755396,0.0316546762589928
"4785","300183","Action_45","Morph_100","NIM","Climbonyou","Reach","Reach.1","Waibira",0.106160195828391,0.0827338129496403,0.097841726618705
"4786","300183","Action_2","Morph_4","NIM","Climbonyou","Bigloudscratch","BigLoudScratch.2","Waibira",0.24059046491793,0.0431654676258993,0.215827338129496
"4787","300627","Action_38","Morph_75","NIM","Groom","Present","Present.1","Waibira",0.239803992207317,0.0330935251798561,0.142446043165468
"4788","300782","Action_45","Morph_101","NMK","Giveme","Reach","Reach.2","Waibira",0.708035793053696,0.00863309352517986,0.097841726618705
"4789","300874","Action_41","Morph_84","NMK","Giveme","Pull","Pull.1","Waibira",-0.586986984731555,0.0079136690647482,0.0280575539568345
"4790","300782","Action_63","Morph_140","NMK","Giveme","Touch","Touch.9","Waibira",0.084341148433751,0.00431654676258993,0.0669064748201439
"4791","300846","Action_4","Morph_9","NOA","Staysame","Bitekiss","Bite.1","Waibira",-0.083381608939051,0.00575539568345324,0.00719424460431655
"4792","300530","Action_40","Morph_82","NOA","Sexualattention","Presentgenitalsforwards","PresentGenitals.1","Waibira",-0.49593701127224,0.0474820143884892,0.0179856115107914
"4793","300497","Action_63","Morph_132","NOA","Staysame","Touch","Touch.1","Waibira",0.731887008875876,0.0179856115107914,0.0669064748201439
"4794","300528b","Action_38","Morph_75","NOA","Groom","Present","Present.1","Waibira",0.365337317017385,0.0330935251798561,0.142446043165468
"4795","300838a","Action_39","Morph_83","NOA","Sociosexualattention","Presentgenitalsbackwards","PresentGenitals.2","Waibira",-0.450985623409974,0.0107913669064748,0.0402877697841727
"4796","300314","Action_38","Morph_76","NR","Directattention","Present","Present.2","Waibira",-0.0212236364516267,0.0251798561151079,0.142446043165468
"4797","300314","Action_2","Morph_4","NR","Directattention","Bigloudscratch","BigLoudScratch.2","Waibira",0.318453731118535,0.0431654676258993,0.215827338129496
"4798","300872","Action_13","Morph_27","NR","Moveaway","Fling","Fling.1","Waibira",-0.823255865906966,0.0165467625899281,0.0172661870503597
"4799","300872","Action_13","Morph_27","NR","Moveaway","Fling","Fling.1","Waibira",-0.0460439385014068,0.0165467625899281,0.0172661870503597
"4800","300238","Action_39","Morph_82","NR","Sexualattention","Presentgenitalsbackwards","PresentGenitals.1","Waibira",0.173953307123438,0.0474820143884892,0.0402877697841727
"4801","300150b","Action_57","Morph_119","NR","Staysame","Stompobject","StompObject.5","Waibira",-0.449416995637347,0.00431654676258993,0.0258992805755396
"4802","300150b","Action_57","Morph_115","NR","Staysame","Stompobject","StompObject.1","Waibira",-0.82098055206983,0.020863309352518,0.0258992805755396
"4803","300150b","Action_57","Morph_115","NR","Staysame","Stompobject","StompObject.1","Waibira",-0.549913012474038,0.020863309352518,0.0258992805755396
"4804","300068b","Action_43","Morph_97","NR","Affiliation","Raise","Raise.2","Waibira",-0.199671195129068,0.00575539568345324,0.0316546762589928
"4805","300094b","Action_11","Morph_23","NR","Affiliation","Embrace","Embrace.2","Waibira",0.997317570516528,0.00359712230215827,0.0165467625899281
"4806","300105a","Action_2","Morph_3","NR","Groom","Bigloudscratch","BigLoudScratch.1","Waibira",0.520577915208669,0.0928057553956834,0.215827338129496
"4807","300512","Action_42","Morph_88","NR","Takeobjectnurse","Push","Push.1","Waibira",-0.102032725565152,0.0115107913669065,0.0359712230215827
"4808","300146","Action_39","Morph_82","NR","Affiliation","Presentgenitalsbackwards","PresentGenitals.1","Waibira",0.296394013053802,0.0474820143884892,0.0402877697841727
"4809","300157","Action_55","Morph_117","NR","Moveaway","Stompingobject","StompObject.3","Waibira",-0.16369609267079,0.00287769784172662,0.00431654676258993
"4810","300182b","Action_39","Morph_82","ONY","Sexualattention","Presentgenitalsbackwards","PresentGenitals.1","Waibira",0.00299550897979837,0.0474820143884892,0.0402877697841727
"4811","300021","Action_42","Morph_89","ONY","Position","Push","Push.2","Waibira",-0.941608539858445,0.0115107913669065,0.0359712230215827
"4812","300020","Action_38","Morph_78","ONY","Directattention","Present","Present.4","Waibira",-0.27443684570176,0.0287769784172662,0.142446043165468
"4813","300020","Action_2","Morph_3","ONY","Directattention","Bigloudscratch","BigLoudScratch.1","Waibira",0.266203040774657,0.0928057553956834,0.215827338129496
"4814","300017","Action_2","Morph_3","ONY","Directattention","Bigloudscratch","BigLoudScratch.1","Waibira",0.5675839575846,0.0928057553956834,0.215827338129496
"4815","300201","Action_45","Morph_100","ONY","Giveme","Reach","Reach.1","Waibira",0.46373401623214,0.0827338129496403,0.097841726618705
"4816","300029","Action_39","Morph_82","ONY","Sexualattention","Presentgenitalsbackwards","PresentGenitals.1","Waibira",0.237440856015034,0.0474820143884892,0.0402877697841727
"4817","300652","Action_45","Morph_100","ONY","Giveme","Reach","Reach.1","Waibira",0.491030996437811,0.0827338129496403,0.097841726618705
"4818","300032","Action_2","Morph_6","ONY","Directattention","Bigloudscratch","BigLoudScratch.4","Waibira",0.608678023933495,0.0201438848920863,0.215827338129496
"4819","300652","Action_45","Morph_100","ONY","Giveme","Reach","Reach.1","Waibira",0.182321556793955,0.0827338129496403,0.097841726618705
"4820","300650","Action_45","Morph_100","ONY","Giveme","Reach","Reach.1","Waibira",0.354873321992104,0.0827338129496403,0.097841726618705
"4821","300651a","Action_45","Morph_100","ONY","Giveme","Reach","Reach.1","Waibira",0.436963775167535,0.0827338129496403,0.097841726618705
"4822","300650","Action_45","Morph_100","ONY","Giveme","Reach","Reach.1","Waibira",0.146694379150803,0.0827338129496403,0.097841726618705
"4823","300604","Action_38","Morph_78","ONY","Directattention","Present","Present.4","Waibira",-0.449416995637347,0.0287769784172662,0.142446043165468
"4824","300031","Action_2","Morph_6","ONY","Directattention","Bigloudscratch","BigLoudScratch.4","Waibira",0.454255272277596,0.0201438848920863,0.215827338129496
"4825","300650","Action_45","Morph_100","ONY","Giveme","Reach","Reach.1","Waibira",0.153579087928301,0.0827338129496403,0.097841726618705
"4826","300652","Action_45","Morph_100","ONY","Giveme","Reach","Reach.1","Waibira",0.911479174876933,0.0827338129496403,0.097841726618705
"4827","300652","Action_45","Morph_100","ONY","Giveme","Reach","Reach.1","Waibira",0.995841010632164,0.0827338129496403,0.097841726618705
"4828","300651a","Action_45","Morph_100","ONY","Giveme","Reach","Reach.1","Waibira",0.344298672870677,0.0827338129496403,0.097841726618705
"4829","300649a","Action_45","Morph_100","ONY","Giveme","Reach","Reach.1","Waibira",0.0392207131532813,0.0827338129496403,0.097841726618705
"4830","300652","Action_45","Morph_100","ONY","Giveme","Reach","Reach.1","Waibira",0.980954245199877,0.0827338129496403,0.097841726618705
"4831","300606","Action_38","Morph_75","ONY","Directattention","Present","Present.1","Waibira",0.712459491592318,0.0330935251798561,0.142446043165468
"4832","300649a","Action_45","Morph_100","ONY","Giveme","Reach","Reach.1","Waibira",0.378436435720245,0.0827338129496403,0.097841726618705
"4833","300649a","Action_45","Morph_100","ONY","Giveme","Reach","Reach.1","Waibira",0.20294084399669,0.0827338129496403,0.097841726618705
"4834","300650","Action_45","Morph_100","ONY","Giveme","Reach","Reach.1","Waibira",-0.123298216344494,0.0827338129496403,0.097841726618705
"4835","300652","Action_45","Morph_100","ONY","Giveme","Reach","Reach.1","Waibira",-0.0714960017050699,0.0827338129496403,0.097841726618705
"4836","300647","Action_45","Morph_100","ONY","Giveme","Reach","Reach.1","Waibira",0.242946178610389,0.0827338129496403,0.097841726618705
"4837","300652","Action_45","Morph_100","ONY","Giveme","Reach","Reach.1","Waibira",0.325700139639302,0.0827338129496403,0.097841726618705
"4838","300651a","Action_45","Morph_100","ONY","Giveme","Reach","Reach.1","Waibira",-0.638658995275876,0.0827338129496403,0.097841726618705
"4839","300650","Action_45","Morph_100","ONY","Giveme","Reach","Reach.1","Waibira",-0.00501254182354429,0.0827338129496403,0.097841726618705
"4840","300032","Action_38","Morph_78","ONY","Directattention","Present","Present.4","Waibira",0.194744076792512,0.0287769784172662,0.142446043165468
"4841","300604","Action_2","Morph_6","ONY","Directattention","Bigloudscratch","BigLoudScratch.4","Waibira",0.363948427905231,0.0201438848920863,0.215827338129496
"4842","300648a","Action_45","Morph_100","ONY","Giveme","Reach","Reach.1","Waibira",0.455524307980901,0.0827338129496403,0.097841726618705
"4843","300031","Action_38","Morph_78","ONY","Directattention","Present","Present.4","Waibira",1.19936219176825,0.0287769784172662,0.142446043165468
"4844","300650","Action_45","Morph_100","ONY","Giveme","Reach","Reach.1","Waibira",-0.0910193983871685,0.0827338129496403,0.097841726618705
"4845","300607a","Action_2","Morph_5","ONY","Groom","Bigloudscratch","BigLoudScratch.3","Waibira",0.404798219120461,0.0424460431654676,0.215827338129496
"4846","300042","Action_38","Morph_75","ONY","Directattention","Present","Present.1","Waibira",1.27536280041261,0.0330935251798561,0.142446043165468
"4847","300200","Action_45","Morph_100","ONY","Giveme","Reach","Reach.1","Waibira",1.3770013142083,0.0827338129496403,0.097841726618705
"4848","300041","Action_38","Morph_78","ONY","Directattention","Present","Present.4","Waibira",0.0723206615796261,0.0287769784172662,0.142446043165468
"4849","300727a","Action_60","Morph_127","PAV","Moveaway","Swing","Swing.1","Waibira",0.152721087017664,0.0165467625899281,0.0172661870503597
"4850","300727a","Action_60","Morph_127","PAV","Moveaway","Swing","Swing.1","Waibira",0.308219723669329,0.0165467625899281,0.0172661870503597
"4851","300667","Action_38","Morph_75","PAV","Groom","Present","Present.1","Waibira",0.986935571443487,0.0330935251798561,0.142446043165468
"4852","300073","Action_45","Morph_100","PEN","Giveme","Reach","Reach.1","Waibira",0.4421184257562,0.0827338129496403,0.097841726618705
"4853","300364","Action_23","Morph_47","PEN","Climbonme","Hittingother","HitOther.3","Waibira",0.630739720431328,0.00719424460431655,0.00719424460431655
"4854","300515","Action_2","Morph_4","PEN","Climbonme","Bigloudscratch","BigLoudScratch.2","Waibira",0.347129531095201,0.0431654676258993,0.215827338129496
"4855","300515","Action_42","Morph_88","PEN","Climbonme","Push","Push.1","Waibira",-0.466808738349216,0.0115107913669065,0.0359712230215827
"4856","300084","Action_64","Morph_135","PEN","Giveme","Touchlongother","Touch.4","Waibira",1.65994089460721,0.00935251798561151,0.0100719424460432
"4857","300085","Action_45","Morph_100","PEN","Giveme","Reach","Reach.1","Waibira",0.14583044821154,0.0827338129496403,0.097841726618705
"4858","300767","Action_39","Morph_82","QEN","Staysame","Presentgenitalsbackwards","PresentGenitals.1","Waibira",0.392042087776024,0.0474820143884892,0.0402877697841727
"4859","300194","Action_45","Morph_100","QEN","Giveme","Reach","Reach.1","Waibira",0.820660500858905,0.0827338129496403,0.097841726618705
"4860","300194","Action_45","Morph_100","QEN","Giveme","Reach","Reach.1","Waibira",0.173953307123438,0.0827338129496403,0.097841726618705
"4861","300496b","Action_2","Morph_5","QEN","Groom","Bigloudscratch","BigLoudScratch.3","Waibira",0.27763173659828,0.0424460431654676,0.215827338129496
"4862","300076","Action_64","Morph_135","QEN","Giveme","Touchlongother","Touch.4","Waibira",1.58760121782493,0.00935251798561151,0.0100719424460432
"4863","300803a","Action_39","Morph_82","QEN","Affiliation","Presentgenitalsbackwards","PresentGenitals.1","Waibira",-0.481266821524446,0.0474820143884892,0.0402877697841727
"4864","300496b","Action_2","Morph_3","QEN","Groom","Bigloudscratch","BigLoudScratch.1","Waibira",0.377751269540649,0.0928057553956834,0.215827338129496
"4865","300081","Action_45","Morph_100","QEN","Giveme","Reach","Reach.1","Waibira",0.496523839055131,0.0827338129496403,0.097841726618705
"4866","300078a","Action_45","Morph_102","QEN","Affiliation","Reach","Reach.3","Waibira",0.713929719742474,0.00575539568345324,0.097841726618705
"4867","300081","Action_45","Morph_100","QEN","Giveme","Reach","Reach.1","Waibira",0.82329786502499,0.0827338129496403,0.097841726618705
"4868","300080","Action_45","Morph_100","QEN","Giveme","Reach","Reach.1","Waibira",0.327143141332695,0.0827338129496403,0.097841726618705
"4869","300078a","Action_39","Morph_82","QEN","Affiliation","Presentgenitalsbackwards","PresentGenitals.1","Waibira",0.373630384588146,0.0474820143884892,0.0402877697841727
"4870","300065","Action_38","Morph_77","QEN","Directattention","Present","Present.3","Waibira",1.3169442829851,0.041726618705036,0.142446043165468
"4871","300442","Action_43","Morph_97","QEN","Groom","Raise","Raise.2","Waibira",-0.083381608939051,0.00575539568345324,0.0316546762589928
"4872","300442","Action_63","Morph_132","QEN","Groom","Touch","Touch.1","Waibira",0.0382587121170903,0.0179856115107914,0.0669064748201439
"4873","300561b","Action_39","Morph_82","RAC","Sexualattention","Presentgenitalsbackwards","PresentGenitals.1","Waibira",0.609221945622184,0.0474820143884892,0.0402877697841727
"4874","300656a","Action_39","Morph_82","RAC","Affiliation","Presentgenitalsbackwards","PresentGenitals.1","Waibira",0.935701125393978,0.0474820143884892,0.0402877697841727
"4875","300655","Action_39","Morph_82","RAC","Sexualattention","Presentgenitalsbackwards","PresentGenitals.1","Waibira",0.858661619037519,0.0474820143884892,0.0402877697841727
"4876","300131","Action_15","Morph_36","RAC","Stopbehaviour","Grabhold","GrabHold.2","Waibira",1.10988188092634,0.00359712230215827,0.0107913669064748
"4877","300661a","Action_45","Morph_100","RIT","Affiliation","Reach","Reach.1","Waibira",0.0198026272961797,0.0827338129496403,0.097841726618705
"4878","300719a","Action_45","Morph_101","RIT","Affiliation","Reach","Reach.2","Waibira",-0.245900538436826,0.00863309352517986,0.097841726618705
"4879","300668a","Action_45","Morph_101","RIT","Affiliation","Reach","Reach.2","Waibira",-0.215671536475509,0.00863309352517986,0.097841726618705
"4880","300659a","Action_45","Morph_100","RIT","Affiliation","Reach","Reach.1","Waibira",0.176471143115779,0.0827338129496403,0.097841726618705
"4881","300760","Action_45","Morph_101","RIT","Affiliation","Reach","Reach.2","Waibira",0.732367893713227,0.00863309352517986,0.097841726618705
"4882","300562","Action_45","Morph_100","ROB","Staysame","Reach","Reach.1","Waibira",-0.331285709933913,0.0827338129496403,0.097841726618705
"4883","300562","Action_45","Morph_100","ROB","Staysame","Reach","Reach.1","Waibira",-0.285018955032297,0.0827338129496403,0.097841726618705
"4884","300873b","Action_2","Morph_5","ROB","Groom","Bigloudscratch","BigLoudScratch.3","Waibira",0.338612801120324,0.0424460431654676,0.215827338129496
"4885","300232","Action_17","Morph_39","ROB","Stopbehaviour","Hitobject","HitObject.1","Waibira",-0.244622582991334,0.041726618705036,0.0482014388489209
"4886","300233","Action_43","Morph_96","ROB","Stopbehaviour","Raise","Raise.1","Waibira",-0.780886094867952,0.0258992805755396,0.0316546762589928
"4887","300232","Action_21","Morph_42","ROB","Stopbehaviour","Hittingobject","HitObject.4","Waibira",-0.29035230100766,0.00431654676258993,0.00719424460431655
"4888","300400b","Action_39","Morph_83","ROB","Staysame","Presentgenitalsbackwards","PresentGenitals.2","Waibira",0.518793793415168,0.0107913669064748,0.0402877697841727
"4889","300659b","Action_63","Morph_132","RWZ","Affiliation","Touch","Touch.1","Waibira",0.0372957847436969,0.0179856115107914,0.0669064748201439
"4890","300294","Action_41","Morph_84","RWZ","Giveme","Pull","Pull.1","Waibira",0.375692949774494,0.0079136690647482,0.0280575539568345
"4891","300494","Action_2","Morph_5","SAM","Groom","Bigloudscratch","BigLoudScratch.3","Waibira",0.27763173659828,0.0424460431654676,0.215827338129496
"4892","300494","Action_38","Morph_76","SAM","Groom","Present","Present.2","Waibira",0.186479566942618,0.0251798561151079,0.142446043165468
"4893","300491","Action_42","Morph_89","SAM","Position","Push","Push.2","Waibira",-0.27443684570176,0.0115107913669065,0.0359712230215827
"4894","300492","Action_2","Morph_3","SAM","Groom","Bigloudscratch","BigLoudScratch.1","Waibira",0.609221945622184,0.0928057553956834,0.215827338129496
"4895","300492","Action_38","Morph_77","SAM","Groom","Present","Present.3","Waibira",0.617345467143663,0.041726618705036,0.142446043165468
"4896","300494","Action_2","Morph_4","SAM","Groom","Bigloudscratch","BigLoudScratch.2","Waibira",0.336472236621213,0.0431654676258993,0.215827338129496
"4897","300818a","Action_2","Morph_4","SAM","Groom","Bigloudscratch","BigLoudScratch.2","Waibira",-0.0212236364516267,0.0431654676258993,0.215827338129496
"4898","300010","Action_38","Morph_77","SAM","Directattention","Present","Present.3","Waibira",0.739553553374101,0.041726618705036,0.142446043165468
"4899","300634","Action_38","Morph_76","SAM","Groom","Present","Present.2","Waibira",0.195566783543975,0.0251798561151079,0.142446043165468
"4900","300316a","Action_45","Morph_100","SDT","Affiliation","Reach","Reach.1","Waibira",-0.510825623765991,0.0827338129496403,0.097841726618705
"4901","300316a","Action_11","Morph_22","SDT","Affiliation","Embrace","Embrace.1","Waibira",-0.583396316600826,0.00719424460431655,0.0165467625899281
"4902","300240","Action_54","Morph_114","SDT","Play","Stancebipedal","StanceBipedal.1","Waibira",-0.901402119380404,0.00359712230215827,0.00359712230215827
"4903","300240","Action_57","Morph_115","SDT","Play","Stompobject","StompObject.1","Waibira",-0.393042588109607,0.020863309352518,0.0258992805755396
"4904","300063","Action_1","Morph_2","SDT","Stopbehaviour","Beckon","Beckon.2","Waibira",-0.283690051182243,0.00359712230215827,0.00575539568345324
"4905","300384","Action_39","Morph_82","SHY","Sociosexualattention","Presentgenitalsbackwards","PresentGenitals.1","Waibira",0.0870947068509337,0.0474820143884892,0.0402877697841727
"4906","300720","Action_45","Morph_100","SHY","Climbonme","Reach","Reach.1","Waibira",-0.238257189124258,0.0827338129496403,0.097841726618705
"4907","300344b","Action_63","Morph_137","SUL","Staysame","Touch","Touch.6","Waibira",-0.746547957287061,0.00647482014388489,0.0669064748201439
"4908","300447a","Action_2","Morph_3","TAL","Groom","Bigloudscratch","BigLoudScratch.1","Waibira",0.436317571590929,0.0928057553956834,0.215827338129496
"4909","300447a","Action_38","Morph_78","TAL","Groom","Present","Present.4","Waibira",-0.592397277459802,0.0287769784172662,0.142446043165468
"4910","300122a","Action_2","Morph_3","TAL","Groom","Bigloudscratch","BigLoudScratch.1","Waibira",0.55043087835835,0.0928057553956834,0.215827338129496
"4911","300505b","Action_2","Morph_4","TAL","Groom","Bigloudscratch","BigLoudScratch.2","Waibira",0.226338442210729,0.0431654676258993,0.215827338129496
"4912","300505b","Action_38","Morph_76","TAL","Groom","Present","Present.2","Waibira",0.729961153682662,0.0251798561151079,0.142446043165468
"4913","300485","Action_2","Morph_3","TAL","Directattention","Bigloudscratch","BigLoudScratch.1","Waibira",0.518198378095404,0.0928057553956834,0.215827338129496
"4914","300122a","Action_38","Morph_76","TAL","Groom","Present","Present.2","Waibira",0.456158222423683,0.0251798561151079,0.142446043165468
"4915","300484","Action_38","Morph_78","TAL","Groom","Present","Present.4","Waibira",0.335757695683344,0.0287769784172662,0.142446043165468
"4916","300485","Action_38","Morph_77","TAL","Directattention","Present","Present.3","Waibira",0.295650242100958,0.041726618705036,0.142446043165468
"4917","300584","Action_2","Morph_4","TAL","Groom","Bigloudscratch","BigLoudScratch.2","Waibira",0.35697489894773,0.0431654676258993,0.215827338129496
"4918","300119b","Action_38","Morph_77","TAL","Directattention","Present","Present.3","Waibira",1.16002091679675,0.041726618705036,0.142446043165468
"4919","300115","Action_38","Morph_78","TAL","Directattention","Present","Present.4","Waibira",0.882940752192601,0.0287769784172662,0.142446043165468
"4920","300120","Action_38","Morph_75","TAL","Directattention","Present","Present.1","Waibira",1.36174548819848,0.0330935251798561,0.142446043165468
"4921","300160","Action_38","Morph_76","TAL","Directattention","Present","Present.2","Waibira",0.858661619037519,0.0251798561151079,0.142446043165468
"4922","300469","Action_42","Morph_90","TAL","Position","Push","Push.3","Waibira",-0.175544572514931,0.00431654676258993,0.0359712230215827
"4923","300229","Action_45","Morph_100","TAL","Giveme","Reach","Reach.1","Waibira",2.09899904089537,0.0827338129496403,0.097841726618705
"4924","300445","Action_42","Morph_89","TAL","Position","Push","Push.2","Waibira",-0.275753501586507,0.0115107913669065,0.0359712230215827
"4925","300343","Action_2","Morph_3","TAL","Groom","Bigloudscratch","BigLoudScratch.1","Waibira",0.470003629245736,0.0928057553956834,0.215827338129496
"4926","300470a","Action_38","Morph_79","TAL","Affiliation","Present","Present.5","Waibira",0.133656384812674,0.00359712230215827,0.142446043165468
"4927","300342b","Action_38","Morph_76","TAL","Groom","Present","Present.2","Waibira",0.500169043577462,0.0251798561151079,0.142446043165468
"4928","300229","Action_45","Morph_100","TAL","Giveme","Reach","Reach.1","Waibira",1.6124334214139,0.0827338129496403,0.097841726618705
"4929","300342b","Action_2","Morph_4","TAL","Groom","Bigloudscratch","BigLoudScratch.2","Waibira",-0.103140758919513,0.0431654676258993,0.215827338129496
"4930","300397a","Action_17","Morph_39","TAL","Moveaway","Hitobject","HitObject.1","Waibira",-0.673344553263766,0.041726618705036,0.0482014388489209
"4931","300397a","Action_13","Morph_27","TAL","Moveaway","Fling","Fling.1","Waibira",-1.16475209117265,0.0165467625899281,0.0172661870503597
"4932","300527","Action_38","Morph_76","TAL","Groom","Present","Present.2","Waibira",0.333611004340181,0.0251798561151079,0.142446043165468
"4933","300792","Action_38","Morph_78","TAL","Groom","Present","Present.4","Waibira",1.17495585525544,0.0287769784172662,0.142446043165468
"4934","300397a","Action_17","Morph_41","TAL","Moveaway","Hitobject","HitObject.3","Waibira",-0.667479433811368,0.00431654676258993,0.0482014388489209
"4935","300525","Action_45","Morph_100","TAL","Sexualattention","Reach","Reach.1","Waibira",0.24059046491793,0.0827338129496403,0.097841726618705
"4936","300338","Action_38","Morph_76","TAL","Groom","Present","Present.2","Waibira",-0.083381608939051,0.0251798561151079,0.142446043165468
"4937","300585","Action_27","Morph_55","TAL","Sexualattention","Leafclip","LeafClip.2","Waibira",1.20297230399235,0.00863309352517986,0.0115107913669065
"4938","300585","Action_27","Morph_55","TAL","Sexualattention","Leafclip","LeafClip.2","Waibira",1.60883773236207,0.00863309352517986,0.0115107913669065
"4939","300585","Action_27","Morph_55","TAL","Sexualattention","Leafclip","LeafClip.2","Waibira",0.529451087889156,0.00863309352517986,0.0115107913669065
"4940","300585","Action_27","Morph_55","TAL","Sexualattention","Leafclip","LeafClip.2","Waibira",1.22583213867883,0.00863309352517986,0.0115107913669065
"4941","300585","Action_27","Morph_55","TAL","Sexualattention","Leafclip","LeafClip.2","Waibira",1.23866404411587,0.00863309352517986,0.0115107913669065
"4942","300529a","Action_2","Morph_6","TAL","Groom","Bigloudscratch","BigLoudScratch.4","Waibira",0.683096844706444,0.0201438848920863,0.215827338129496
"4943","300528a","Action_1","Morph_2","TAL","Groom","Beckon","Beckon.2","Waibira",-0.0576291128366364,0.00359712230215827,0.00575539568345324
"4944","300153","Action_33","Morph_61","TAL","Sexualattention","Objectmove","ObjectMove.1","Waibira",-1.05843049903528,0.018705035971223,0.0194244604316547
"4945","300153","Action_33","Morph_61","TAL","Sexualattention","Objectmove","ObjectMove.1","Waibira",0.0953101798043249,0.018705035971223,0.0194244604316547
"4946","300153","Action_34","Morph_65","TAL","Sexualattention","Objectshake","ObjectShake.1","Waibira",0.242161557149972,0.0158273381294964,0.0201438848920863
"4947","300078b","Action_15","Morph_36","TAL","Affiliation","Grabhold","GrabHold.2","Waibira",0.212689093410351,0.00359712230215827,0.0107913669064748
"4948","300722","Action_60","Morph_127","TAL","Moveaway","Swing","Swing.1","Waibira",0.267734434642085,0.0165467625899281,0.0172661870503597
"4949","300503","Action_45","Morph_100","TAL","Staysame","Reach","Reach.1","Waibira",-0.594207232705042,0.0827338129496403,0.097841726618705
"4950","300246","Action_11","Morph_24","TAL","Support","Embrace","Embrace.3","Waibira",-0.738144546490681,0.00431654676258993,0.0165467625899281
"4951","300372b","Action_38","Morph_77","TAL","Directattention","Present","Present.3","Waibira",0.444044590075639,0.041726618705036,0.142446043165468
"4952","300336","Action_39","Morph_82","TAT","Sexualattention","Presentgenitalsbackwards","PresentGenitals.1","Waibira",0.470003629245736,0.0474820143884892,0.0402877697841727
"4953","300385","Action_39","Morph_82","TAT","Sexualattention","Presentgenitalsbackwards","PresentGenitals.1","Waibira",-0.185125484126689,0.0474820143884892,0.0402877697841727
"4954","300385","Action_39","Morph_82","TAT","Sexualattention","Presentgenitalsbackwards","PresentGenitals.1","Waibira",-0.663588378318401,0.0474820143884892,0.0402877697841727
"4955","300533","Action_38","Morph_75","TAT","Groom","Present","Present.1","Waibira",0.154436353304419,0.0330935251798561,0.142446043165468
"4956","300049","Action_41","Morph_84","TBY","Giveme","Pull","Pull.1","Waibira",-0.209487224866724,0.0079136690647482,0.0280575539568345
"4957","300049","Action_64","Morph_140","TBY","Giveme","Touchlongother","Touch.9","Waibira",1.20267195859289,0.00431654676258993,0.0100719424460432
"4958","300761a","Action_2","Morph_3","TBY","Followme","Bigloudscratch","BigLoudScratch.1","Waibira",0.501381164937991,0.0928057553956834,0.215827338129496
"4959","300047","Action_41","Morph_84","TBY","Giveme","Pull","Pull.1","Waibira",-0.132389188045746,0.0079136690647482,0.0280575539568345
"4960","300761a","Action_63","Morph_132","TBY","Followme","Touch","Touch.1","Waibira",0.178146185383474,0.0179856115107914,0.0669064748201439
"4961","300044","Action_38","Morph_77","TBY","Groom","Present","Present.3","Waibira",0.789366038300488,0.041726618705036,0.142446043165468
"4962","300761a","Action_43","Morph_96","TBY","Followme","Raise","Raise.1","Waibira",-0.579818495252942,0.0258992805755396,0.0316546762589928
"4963","300761a","Action_14","Morph_33","TBY","Followme","Grab","Grab.5","Waibira",-0.596020469829223,0.00287769784172662,0.0107913669064748
"4964","300045","Action_2","Morph_3","TBY","Travel","Bigloudscratch","BigLoudScratch.1","Waibira",0.390013003549243,0.0928057553956834,0.215827338129496
"4965","300045","Action_43","Morph_96","TBY","Travel","Raise","Raise.1","Waibira",0.0217614917815127,0.0258992805755396,0.0316546762589928
"4966","300044","Action_2","Morph_3","TBY","Groom","Bigloudscratch","BigLoudScratch.1","Waibira",0.160416721405905,0.0928057553956834,0.215827338129496
"4967","300392a","Action_45","Morph_100","TIB","Affiliation","Reach","Reach.1","Waibira",0.392042087776024,0.0827338129496403,0.097841726618705
"4968","300759b","Action_45","Morph_100","TIB","Affiliation","Reach","Reach.1","Waibira",-0.225646681532328,0.0827338129496403,0.097841726618705
"4969","300048","Action_41","Morph_86","TIB","Position","Pull","Pull.3","Waibira",-0.133531392624523,0.00503597122302158,0.0280575539568345
"4970","300660","Action_2","Morph_6","TIB","Affiliation","Bigloudscratch","BigLoudScratch.4","Waibira",0.575489137091713,0.0201438848920863,0.215827338129496
"4971","300713","Action_38","Morph_77","TIB","Climbonme","Present","Present.3","Waibira",0.120446153075867,0.041726618705036,0.142446043165468
"4972","300052","Action_38","Morph_78","TRS","Directattention","Present","Present.4","Waibira",1.00283533327434,0.0287769784172662,0.142446043165468
"4973","300053","Action_38","Morph_78","TRS","Groom","Present","Present.4","Waibira",0.7738050835774,0.0287769784172662,0.142446043165468
"4974","300319","Action_45","Morph_100","TRS","Affiliation","Reach","Reach.1","Waibira",0.182321556793955,0.0827338129496403,0.097841726618705
"4975","300581","Action_39","Morph_83","TRS","Staysame","Presentgenitalsbackwards","PresentGenitals.2","Waibira",0.806475865866949,0.0107913669064748,0.0402877697841727
"4976","300582","Action_34","Morph_65","TRS","Support","Objectshake","ObjectShake.1","Waibira",0.163818085229395,0.0158273381294964,0.0201438848920863
"4977","300471b","Action_2","Morph_5","TRS","Groom","Bigloudscratch","BigLoudScratch.3","Waibira",0.0392207131532813,0.0424460431654676,0.215827338129496
"4978","300789b","Action_38","Morph_75","TRS","Groom","Present","Present.1","Waibira",1.15876621148786,0.0330935251798561,0.142446043165468
"4979","300253b","Action_38","Morph_75","TRS","Groom","Present","Present.1","Waibira",0.633927820899974,0.0330935251798561,0.142446043165468
"4980","300254b","Action_38","Morph_77","TRS","Groom","Present","Present.3","Waibira",0.425921116675547,0.041726618705036,0.142446043165468
"4981","300254b","Action_2","Morph_3","TRS","Groom","Bigloudscratch","BigLoudScratch.1","Waibira",0.238229188732251,0.0928057553956834,0.215827338129496
"4982","300426","Action_2","Morph_5","TRS","Groom","Bigloudscratch","BigLoudScratch.3","Waibira",0.391366183728663,0.0424460431654676,0.215827338129496
"4983","300426","Action_2","Morph_3","TRS","Groom","Bigloudscratch","BigLoudScratch.1","Waibira",0,0.0928057553956834,0.215827338129496
"4984","300856","Action_38","Morph_77","TRS","Groom","Present","Present.3","Waibira",0.246860077931526,0.041726618705036,0.142446043165468
"4985","300856","Action_2","Morph_3","TRS","Groom","Bigloudscratch","BigLoudScratch.1","Waibira",0.215111379616945,0.0928057553956834,0.215827338129496
"4986","300537b","Action_2","Morph_3","TRS","Groom","Bigloudscratch","BigLoudScratch.1","Waibira",0.835947979191617,0.0928057553956834,0.215827338129496
"4987","300380","Action_63","Morph_135","TRS","Sociosexualattention","Touch","Touch.4","Waibira",-1.42711635564015,0.00935251798561151,0.0669064748201439
"4988","300266","Action_38","Morph_75","TRS","Directattention","Present","Present.1","Waibira",0.438899884194402,0.0330935251798561,0.142446043165468
"4989","300380","Action_59","Morph_125","TRS","Sociosexualattention","Stroke","Stroke.2","Waibira",0.182321556793955,0.00287769784172662,0.00575539568345324
"4990","300775","Action_2","Morph_6","TRS","Groom","Bigloudscratch","BigLoudScratch.4","Waibira",0.188966099512623,0.0201438848920863,0.215827338129496
"4991","300223","Action_38","Morph_78","TRS","Directattention","Present","Present.4","Waibira",1.02352948254375,0.0287769784172662,0.142446043165468
"4992","300860b","Action_38","Morph_77","TRS","Groom","Present","Present.3","Waibira",0.707050085728937,0.041726618705036,0.142446043165468
"4993","300775","Action_38","Morph_78","TRS","Groom","Present","Present.4","Waibira",-0.471604910612709,0.0287769784172662,0.142446043165468
"4994","300859","Action_38","Morph_76","TRS","Directattention","Present","Present.2","Waibira",0.276115436080316,0.0251798561151079,0.142446043165468
"4995","300716","Action_57","Morph_115","TRS","Moveaway","Stompobject","StompObject.1","Waibira",-0.830113035633103,0.020863309352518,0.0258992805755396
"4996","300014","Action_13","Morph_27","TRS","Moveaway","Fling","Fling.1","Waibira",-0.44628710262842,0.0165467625899281,0.0172661870503597
"4997","300876","Action_2","Morph_5","TRS","Groom","Bigloudscratch","BigLoudScratch.3","Waibira",0.307484699747961,0.0424460431654676,0.215827338129496
"4998","300433a","Action_45","Morph_100","TRS","Affiliation","Reach","Reach.1","Waibira",-0.941608539858445,0.0827338129496403,0.097841726618705
"4999","300433a","Action_45","Morph_100","TRS","Affiliation","Reach","Reach.1","Waibira",-1.67664666212755,0.0827338129496403,0.097841726618705
"5000","300191","Action_38","Morph_78","TRS","Directattention","Present","Present.4","Waibira",0.471876873627416,0.0287769784172662,0.142446043165468
"5001","300190","Action_38","Morph_78","TRS","Groom","Present","Present.4","Waibira",1.27926578836137,0.0287769784172662,0.142446043165468
"5002","300433a","Action_45","Morph_102","TRS","Affiliation","Reach","Reach.3","Waibira",-0.84629836005412,0.00575539568345324,0.097841726618705
"5003","300178","Action_63","Morph_132","URS","Affiliation","Touch","Touch.1","Waibira",-0.517514611916787,0.0179856115107914,0.0669064748201439
"5004","300453b","Action_63","Morph_135","URS","Affiliation","Touch","Touch.4","Waibira",-0.0408219945202552,0.00935251798561151,0.0669064748201439
"5005","300169","Action_47","Morph_103","URS","Sexualattention","Rockingsit","Rocking.1","Waibira",0.247641022914597,0.00863309352517986,0.00863309352517986
"5006","300260b","Action_23","Morph_47","URS","Affiliation","Hittingother","HitOther.3","Waibira",-0.303811454381665,0.00719424460431655,0.00719424460431655
"5007","300024a","Action_2","Morph_3","URS","Groom","Bigloudscratch","BigLoudScratch.1","Waibira",0.638690994763886,0.0928057553956834,0.215827338129496
"5008","300025","Action_38","Morph_75","URS","Directattention","Present","Present.1","Waibira",0.718327479090244,0.0330935251798561,0.142446043165468
"5009","300762","Action_60","Morph_127","URS","Sexualattention","Swing","Swing.1","Waibira",0.53062825106217,0.0165467625899281,0.0172661870503597
"5010","300414","Action_2","Morph_5","URS","Groom","Bigloudscratch","BigLoudScratch.3","Waibira",0.246860077931526,0.0424460431654676,0.215827338129496
"5011","300372a","Action_2","Morph_3","URS","Groom","Bigloudscratch","BigLoudScratch.1","Waibira",0.364643113587909,0.0928057553956834,0.215827338129496
"5012","300419","Action_2","Morph_3","URS","Groom","Bigloudscratch","BigLoudScratch.1","Waibira",0.518198378095404,0.0928057553956834,0.215827338129496
"5013","300420","Action_2","Morph_4","URS","Directattention","Bigloudscratch","BigLoudScratch.2","Waibira",0.364643113587909,0.0431654676258993,0.215827338129496
"5014","300420","Action_38","Morph_76","URS","Directattention","Present","Present.2","Waibira",-0.524248644098131,0.0251798561151079,0.142446043165468
"5015","300419","Action_2","Morph_3","URS","Groom","Bigloudscratch","BigLoudScratch.1","Waibira",0.336472236621213,0.0928057553956834,0.215827338129496
"5016","300166","Action_39","Morph_82","VET","Sexualattention","Presentgenitalsbackwards","PresentGenitals.1","Waibira",0.249201085633499,0.0474820143884892,0.0402877697841727
"5017","300171","Action_38","Morph_75","VET","Directattention","Present","Present.1","Waibira",0.882527101721346,0.0330935251798561,0.142446043165468
"5018","280173a","Action_63","Morph_133","TUA","Groom","Touch","Touch.2","Bossou",0.134530892957606,0.00805585392051558,0.0429645542427497
"5019","280173a","Action_63","Morph_133","TUA","Groom","Touch","Touch.2","Bossou",-0.460449416440924,0.00805585392051558,0.0429645542427497
"5020","280399a","Action_60","Morph_128","NA_chimp","Play","Swing","Swing.2","Bossou",-0.147340587898709,0.0037593984962406,0.0370569280343716
"5021","280399a","Action_8","Morph_19","NA_chimp","Play","Dangle","Dangle.1","Bossou",-0.0866478067256722,0.0257787325456498,0.0257787325456498
"5022","280399a","Action_9","Morph_20","NA_chimp","Play","Dangleshake","DangleShake.1","Bossou",-0.189950583958446,0.00268528464017186,0.00268528464017186
"5023","280399a","Action_17","Morph_39","NA_chimp","Play","Hitobject","HitObject.1","Bossou",-0.462035459596559,0.0327604726100967,0.0408163265306122
"5024","280399a","Action_60","Morph_127","NA_chimp","Play","Swing","Swing.1","Bossou",0.0870947068509337,0.0306122448979592,0.0370569280343716
"5025","280055a","Action_17","Morph_39","FOKAIYE","Sociosexualattention","Hitobject","HitObject.1","Bossou",0.181487876045377,0.0327604726100967,0.0408163265306122
"5026","280055a","Action_17","Morph_39","FOKAIYE","Sociosexualattention","Hitobject","HitObject.1","Bossou",-0.426178149705706,0.0327604726100967,0.0408163265306122
"5027","280055a","Action_21","Morph_42","FOKAIYE","Sociosexualattention","Hittingobject","HitObject.4","Bossou",-0.185125484126689,0.00590762620837809,0.0118152524167562
"5028","280055a","Action_57","Morph_115","FOKAIYE","Sociosexualattention","Stompobject","StompObject.1","Bossou",-0.632993257740198,0.0150375939849624,0.0236305048335124
"5029","280055a","Action_21","Morph_42","FOKAIYE","Sociosexualattention","Hittingobject","HitObject.4","Bossou",-0.642454066244427,0.00590762620837809,0.0118152524167562
"5030","280043","Action_38","Morph_75","FOTAIU","Groom","Present","Present.1","Bossou",1.22788462437225,0.0150375939849624,0.0596133190118153
"5031","280043","Action_2","Morph_4","FOTAIU","Groom","Bigloudscratch","BigLoudScratch.2","Bossou",0.376379527213068,0.0150375939849624,0.0241675617615467
"5032","280528b","Action_13","Morph_28","JIRE","Stopbehaviour","Fling","Fling.2","Bossou",-1.20064501423326,0.0209452201933405,0.0773361976369495
"5033","280467","Action_41","Morph_86","TUA","Position","Pull","Pull.3","Bossou",-0.798507696217772,0.00698174006444683,0.0177228786251343
"5034","280567","Action_14","Morph_31","YOLO","Play","Grab","Grab.3","Bossou",-0.834710744881732,0.00805585392051558,0.023093447905478
"5035","280284","Action_13","Morph_27","KAI","Moveaway","Fling","Fling.1","Bossou",-0.825536368605691,0.056390977443609,0.0773361976369495
"5036","280428b","Action_60","Morph_127","FOTAIU","Moveaway","Swing","Swing.1","Bossou",-0.627359440021942,0.0306122448979592,0.0370569280343716
"5037","280194b","Action_38","Morph_79","KAI","Affiliation","Present","Present.5","Bossou",-0.0877389143080067,0.0134264232008593,0.0596133190118153
"5038","280058","Action_13","Morph_28","VUAVUA","Moveaway","Fling","Fling.2","Bossou",-0.832409247893453,0.0209452201933405,0.0773361976369495
"5039","280408","Action_1","Morph_1","YO","Affiliation","Beckon","Beckon.1","Bossou",-0.0470916075338506,0.00966702470461869,0.0123523093447905
"5040","280408","Action_4","Morph_13","YO","Affiliation","Bitekiss","Bite.5","Bossou",-1.0700248318162,0.0075187969924812,0.0306122448979592
"5041","280539","Action_43","Morph_96","POKURU","Sexualattention","Raise","Raise.1","Bossou",-0.309246250367621,0.0268528464017186,0.0349087003222342
"5042","280539","Action_54","Morph_114","POKURU","Sexualattention","Stancebipedal","StanceBipedal.1","Bossou",-0.309246250367621,0.0171858216970999,0.0171858216970999
"5043","280050","Action_57","Morph_115","JEJE","Play","Stompobject","StompObject.1","Bossou",-0.433864582629862,0.0150375939849624,0.0236305048335124
"5044","280050","Action_55","Morph_116","JEJE","Play","Stompingobject","StompObject.2","Bossou",-0.202116184122134,0.00912996777658432,0.0150375939849624
"5045","280050","Action_17","Morph_39","JEJE","Play","Hitobject","HitObject.1","Bossou",-0.7339691750802,0.0327604726100967,0.0408163265306122
"5046","280596","Action_42","Morph_92","JIRE","Position","Push","Push.5","Bossou",-0.0866478067256722,0.00644468313641246,0.0596133190118153
"5047","280393","Action_38","Morph_76","FANA","Groom","Present","Present.2","Bossou",0.233489843368354,0.00590762620837809,0.0596133190118153
"5048","280614a","Action_50","Morph_107","JEJE","Affiliation","Shake","Shake.1","Bossou",-1.00239343092757,0.0139634801288937,0.0343716433941998
"5049","280614a","Action_50","Morph_107","JEJE","Affiliation","Shake","Shake.1","Bossou",-0.76142602131324,0.0139634801288937,0.0343716433941998
"5050","280614a","Action_50","Morph_107","JEJE","Affiliation","Shake","Shake.1","Bossou",-0.455706324544911,0.0139634801288937,0.0343716433941998
"5051","280597","Action_45","Morph_101","JEJE","Giveme","Reach","Reach.2","Bossou",-0.379797361359587,0.027389903329753,0.0719656283566058
"5052","280597","Action_63","Morph_132","JEJE","Giveme","Touch","Touch.1","Bossou",-2.14558134418438,0.00859291084854995,0.0429645542427497
"5053","280392","Action_38","Morph_79","FANA","Groom","Present","Present.5","Bossou",0.0246926125903714,0.0134264232008593,0.0596133190118153
"5054","280133","Action_39","Morph_82","VEVE","Sexualattention","Presentgenitalsbackwards","PresentGenitals.1","Bossou",0.740984509974105,0.0354457572502685,0.0290010741138561
"5055","280640a","Action_45","Morph_101","JIRE","Affiliation","Reach","Reach.2","Bossou",-1.20064501423326,0.027389903329753,0.0719656283566058
"5056","280640a","Action_15","Morph_35","JIRE","Affiliation","Grabhold","GrabHold.1","Bossou",1.03069027218265,0.00214822771213749,0.0037593984962406
"5057","280397a","Action_45","Morph_100","YUNRO","Affiliation","Reach","Reach.1","Bossou",0.378436435720245,0.0435016111707841,0.0719656283566058
"5058","280397a","Action_45","Morph_100","YUNRO","Affiliation","Reach","Reach.1","Bossou",-1.20397280432594,0.0435016111707841,0.0719656283566058
"5059","280045","Action_20","Morph_45","FOKAIYE","Playcontinue","Hitother","HitOther.1","Bossou",-0.391562202939173,0.0263157894736842,0.0402792696025779
"5060","280538","Action_50","Morph_107","YOLO","Sexualattention","Shake","Shake.1","Bossou",-0.837017550979647,0.0139634801288937,0.0343716433941998
"5061","280283a","Action_34","Morph_65","VUI","Sexualattention","Objectshake","ObjectShake.1","Bossou",1.99224832997746,0.00966702470461869,0.014500537056928
"5062","280229b","Action_45","Morph_101","PILI","Affiliation","Reach","Reach.2","Bossou",-0.841647188878389,0.027389903329753,0.0719656283566058
"5063","280348b","Action_39","Morph_82","YO","Sexualattention","Presentgenitalsbackwards","PresentGenitals.1","Bossou",-0.774357235985488,0.0354457572502685,0.0290010741138561
"5064","280404","Action_15","Morph_35","YUNRO","Play","Grabhold","GrabHold.1","Bossou",0.8754687373539,0.00214822771213749,0.0037593984962406
"5065","280476a","Action_13","Morph_27","YOLO","Play","Fling","Fling.1","Bossou",0.0806579030174545,0.056390977443609,0.0773361976369495
"5066","280639","Action_20","Morph_45","FOTAIU","Stopbehaviour","Hitother","HitOther.1","Bossou",-0.404965233066513,0.0263157894736842,0.0402792696025779
"5067","280239","Action_13","Morph_27","JIRE","Stopbehaviour","Fling","Fling.1","Bossou",-0.510825623765991,0.056390977443609,0.0773361976369495
"5068","280543","Action_38","Morph_80","YOLO","Sexualattention","Present","Present.6","Bossou",0.383900930192324,0.00322234156820623,0.0596133190118153
"5069","280466","Action_41","Morph_85","TUA","Position","Pull","Pull.2","Bossou",-0.455706324544911,0.00322234156820623,0.0177228786251343
"5070","280472","Action_45","Morph_101","TUA","Sociosexualattention","Reach","Reach.2","Bossou",-1.38230233985035,0.027389903329753,0.0719656283566058
"5071","280352a","Action_45","Morph_101","NA_chimp","Affiliation","Reach","Reach.2","Bossou",-0.569161200778954,0.027389903329753,0.0719656283566058
"5072","280352a","Action_64","Morph_132","NA_chimp","Affiliation","Touchlongother","Touch.1","Bossou",0.93491619599732,0.00859291084854995,0.0112781954887218
"5073","280020","Action_39","Morph_82","VELU","Sexualattention","Presentgenitalsbackwards","PresentGenitals.1","Bossou",0.000999500333083423,0.0354457572502685,0.0290010741138561
"5074","280449","Action_20","Morph_45","YOLO","Play","Hitother","HitOther.1","Bossou",0.017839918128331,0.0263157894736842,0.0402792696025779
"5075","280608","Action_38","Morph_77","KAI","Groom","Present","Present.3","Bossou",0.774266231844737,0.0166487647690655,0.0596133190118153
"5076","280637","Action_45","Morph_100","FANA","Climbonme","Reach","Reach.1","Bossou",0.360467742177429,0.0435016111707841,0.0719656283566058
"5077","280399b","Action_8","Morph_19","YUNRO","Play","Dangle","Dangle.1","Bossou",-0.342490308946776,0.0257787325456498,0.0257787325456498
"5078","280173b","Action_39","Morph_82","JIRE","Affiliation","Presentgenitalsbackwards","PresentGenitals.1","Bossou",-0.189950583958446,0.0354457572502685,0.0290010741138561
"5079","280173b","Action_39","Morph_82","JIRE","Affiliation","Presentgenitalsbackwards","PresentGenitals.1","Bossou",-0.673344553263766,0.0354457572502685,0.0290010741138561
"5080","280362","Action_38","Morph_75","PAMA","Groom","Present","Present.1","Bossou",0.717839793150317,0.0150375939849624,0.0596133190118153
"5081","280564","Action_45","Morph_100","YOLO","Giveme","Reach","Reach.1","Bossou",-0.53785429615391,0.0435016111707841,0.0719656283566058
"5082","280564","Action_64","Morph_132","YOLO","Giveme","Touchlongother","Touch.1","Bossou",0.743364896720563,0.00859291084854995,0.0112781954887218
"5083","280428a","Action_20","Morph_45","VUAVUA","Play","Hitother","HitOther.1","Bossou",0.0334347760862374,0.0263157894736842,0.0402792696025779
"5084","280428a","Action_20","Morph_45","VUAVUA","Play","Hitother","HitOther.1","Bossou",-0.567395975254385,0.0263157894736842,0.0402792696025779
"5085","280198b","Action_20","Morph_45","VUI","Stopbehaviour","Hitother","HitOther.1","Bossou",-0.457284856837961,0.0263157894736842,0.0402792696025779
"5086","280194a","Action_50","Morph_107","NA_chimp","Affiliation","Shake","Shake.1","Bossou",-0.655851395816248,0.0139634801288937,0.0343716433941998
"5087","280194a","Action_35","Morph_70","NA_chimp","Affiliation","Out","Out.1","Bossou",-0.553385238184787,0.0102040816326531,0.0150375939849624
"5088","280194a","Action_42","Morph_88","NA_chimp","Affiliation","Push","Push.1","Bossou",-1.73160554640831,0.0128893662728249,0.0596133190118153
"5089","280194a","Action_36","Morph_73","NA_chimp","Affiliation","Overstance","OverStance.2","Bossou",-0.139262067333508,0.00483351235230934,0.0134264232008593
"5090","280047","Action_38","Morph_77","PAMA","Groom","Present","Present.3","Bossou",0.877965617552487,0.0166487647690655,0.0596133190118153
"5091","280036","Action_64","Morph_140","YOLO","Affiliation","Touchlongother","Touch.9","Bossou",-0.327116141697188,0.00698174006444683,0.0112781954887218
"5092","280580a","Action_20","Morph_45","FANLE","Play","Hitother","HitOther.1","Bossou",-0.221894331913778,0.0263157894736842,0.0402792696025779
"5093","280594","Action_42","Morph_91","JIRE","Moveaway","Push","Push.4","Bossou",-1.32050662058189,0.00805585392051558,0.0596133190118153
"5094","280046","Action_13","Morph_27","FOKAIYE","Stopbehaviour","Fling","Fling.1","Bossou",-0.0222456089473197,0.056390977443609,0.0773361976369495
"5095","280283b","Action_39","Morph_82","NINA","Sexualattention","Presentgenitalsbackwards","PresentGenitals.1","Bossou",0.16296882827814,0.0354457572502685,0.0290010741138561
"5096","280348a","Action_35","Morph_70","NA_chimp","Sexualattention","Out","Out.1","Bossou",-1.48280526150073,0.0102040816326531,0.0150375939849624
"5097","280279","Action_38","Morph_75","NINA","Groom","Present","Present.1","Bossou",-0.653926467406664,0.0150375939849624,0.0596133190118153
"5098","280476b","Action_60","Morph_127","FOTAIU","Play","Swing","Swing.1","Bossou",0.0334347760862374,0.0306122448979592,0.0370569280343716
"5099","280626","Action_13","Morph_27","FANLE","Stopbehaviour","Fling","Fling.1","Bossou",-0.510825623765991,0.056390977443609,0.0773361976369495
"5100","280417","Action_42","Morph_89","FANA","Affiliation","Push","Push.2","Bossou",-0.166054584330083,0.00537056928034372,0.0596133190118153
"5101","280521","Action_40","Morph_82","FANWA","Sexualattention","Presentgenitalsforwards","PresentGenitals.1","Bossou",0.0657877405380032,0.0354457572502685,0.00859291084854995
"5102","280471","Action_38","Morph_77","NINA","Groom","Present","Present.3","Bossou",0.0657877405380032,0.0166487647690655,0.0596133190118153
"5103","280256","Action_63","Morph_132","KAI","Stopbehaviour","Touch","Touch.1","Bossou",-0.198450938723838,0.00859291084854995,0.0429645542427497
"5104","280352b","Action_45","Morph_101","JIRE","Affiliation","Reach","Reach.2","Bossou",-0.886731929632611,0.027389903329753,0.0719656283566058
"5105","280063","Action_41","Morph_84","JIRE","Position","Pull","Pull.1","Bossou",-0.331285709933913,0.0037593984962406,0.0177228786251343
"5106","280616","Action_46","Morph_103","JEJE","Sexualattention","Rockingbipedal","Rocking.1","Bossou",0.569848964215452,0.00322234156820623,0.00214822771213749
"5107","280616","Action_50","Morph_107","JEJE","Sexualattention","Shake","Shake.1","Bossou",-0.404965233066513,0.0139634801288937,0.0343716433941998
"5108","280233b","Action_13","Morph_27","VUAVUA","Affiliation","Fling","Fling.1","Bossou",-0.325730140089311,0.056390977443609,0.0773361976369495
"5109","280233b","Action_38","Morph_79","VUAVUA","Affiliation","Present","Present.5","Bossou",-0.834710744881732,0.0134264232008593,0.0596133190118153
"5110","280609","Action_38","Morph_77","FANA","Takeobjectnurse","Present","Present.3","Bossou",-0.141563564321787,0.0166487647690655,0.0596133190118153
"5111","280184b","Action_60","Morph_127","FOTAIU","Stopbehaviour","Swing","Swing.1","Bossou",0.115112807100505,0.0306122448979592,0.0370569280343716
"5112","280574b","Action_20","Morph_49","FANLE","Stopbehaviour","Hitother","HitOther.5","Bossou",-0.0325231917055601,0.00268528464017186,0.0402792696025779
"5113","280574b","Action_60","Morph_127","FANLE","Stopbehaviour","Swing","Swing.1","Bossou",-0.263965545834465,0.0306122448979592,0.0370569280343716
"5114","280329a","Action_63","Morph_138","YO","Affiliation","Touch","Touch.7","Bossou",-0.066139802504545,0.0107411385606874,0.0429645542427497
"5115","280557","Action_38","Morph_77","JIRE","Climbonme","Present","Present.3","Bossou",0.0334347760862374,0.0166487647690655,0.0596133190118153
"5116","280403","Action_20","Morph_45","YUNRO","Play","Hitother","HitOther.1","Bossou",-0.147340587898709,0.0263157894736842,0.0402792696025779
"5117","280221","Action_4","Morph_10","JIRE","Affiliation","Bitekiss","Bite.2","Bossou",-0.192371892647456,0.0128893662728249,0.0306122448979592
"5118","280477b","Action_20","Morph_45","YOLO","Play","Hitother","HitOther.1","Bossou",-1.04982212449868,0.0263157894736842,0.0402792696025779
"5119","280461","Action_38","Morph_77","YO","Groom","Present","Present.3","Bossou",-1.20064501423326,0.0166487647690655,0.0596133190118153
"5120","280625","Action_13","Morph_28","JIRE","Stopbehaviour","Fling","Fling.2","Bossou",-0.627359440021942,0.0209452201933405,0.0773361976369495
"5121","280349a","Action_5","Morph_17","NA_chimp","Sexualattention","Bounce","Bounce.1","Bossou",-0.515838165589535,0.0204081632653061,0.0204081632653061
"5122","280349a","Action_54","Morph_114","NA_chimp","Sexualattention","Stancebipedal","StanceBipedal.1","Bossou",-0.896488104577975,0.0171858216970999,0.0171858216970999
"5123","280424b","Action_20","Morph_45","NTO","Stopbehaviour","Hitother","HitOther.1","Bossou",-1.09961278900169,0.0263157894736842,0.0402792696025779
"5124","280025b","Action_1","Morph_1","PELEY","Play","Beckon","Beckon.1","Bossou",-0.50916034444693,0.00966702470461869,0.0123523093447905
"5125","280025b","Action_60","Morph_127","PELEY","Play","Swing","Swing.1","Bossou",-0.0335567835288428,0.0306122448979592,0.0370569280343716
"5126","280025b","Action_51","Morph_111","PELEY","Play","Spinpirouette","SpinPirouette.1","Bossou",-0.834710744881732,0.00322234156820623,0.00322234156820623
"5127","280025b","Action_23","Morph_48","PELEY","Play","Hittingother","HitOther.4","Bossou",-0.309246250367621,0.00429645542427497,0.00483351235230934
"5128","280056","Action_38","Morph_81","FOTAIU","Climbonme","Present","Present.7","Bossou",0.237440856015034,0.00214822771213749,0.0596133190118153
"5129","280072","Action_41","Morph_85","PELEY","Play","Pull","Pull.2","Bossou",-0.253602758798918,0.00322234156820623,0.0177228786251343
"5130","280566b","Action_42","Morph_93","YO","Stopbehaviour","Push","Push.6","Bossou",-0.565633860260986,0.00805585392051558,0.0596133190118153
"5131","280581a","Action_45","Morph_100","FANLE","Playcontinue","Reach","Reach.1","Bossou",-0.916290731874155,0.0435016111707841,0.0719656283566058
"5132","280615b","Action_13","Morph_27","PELEY","Moveaway","Fling","Fling.1","Bossou",-0.567395975254385,0.056390977443609,0.0773361976369495
"5133","280266a","Action_54","Morph_114","NTO","Affiliation","Stancebipedal","StanceBipedal.1","Bossou",-0.415515443961666,0.0171858216970999,0.0171858216970999
"5134","280266a","Action_60","Morph_129","NTO","Affiliation","Swing","Swing.3","Bossou",-0.0110609473594249,0.00214822771213749,0.0370569280343716
"5135","280266a","Action_4","Morph_10","NTO","Affiliation","Bitekiss","Bite.2","Bossou",-1.84516024595517,0.0128893662728249,0.0306122448979592
"5136","280498","Action_38","Morph_77","FANA","Climbonme","Present","Present.3","Bossou",0.288931291852213,0.0166487647690655,0.0596133190118153
"5137","280524","Action_38","Morph_78","FANA","Directattention","Present","Present.4","Bossou",0.7738050835774,0.00214822771213749,0.0596133190118153
"5138","280220","Action_8","Morph_19","YOLO","Play","Dangle","Dangle.1","Bossou",-0.843970070294529,0.0257787325456498,0.0257787325456498
"5139","280560","Action_38","Morph_77","FOTAIU","Moveclose","Present","Present.3","Bossou",0.406131552651325,0.0166487647690655,0.0596133190118153
"5140","280560","Action_45","Morph_100","FOTAIU","Moveclose","Reach","Reach.1","Bossou",0.223943231484774,0.0435016111707841,0.0719656283566058
"5141","280551","Action_41","Morph_85","YOLO","Stopbehaviour","Pull","Pull.2","Bossou",-1.20064501423326,0.00322234156820623,0.0177228786251343
"5142","280551","Action_60","Morph_127","YOLO","Stopbehaviour","Swing","Swing.1","Bossou",-0.0682788407532944,0.0306122448979592,0.0370569280343716
"5143","280191","Action_13","Morph_28","JIRE","Moveaway","Fling","Fling.2","Bossou",-0.916290731874155,0.0209452201933405,0.0773361976369495
"5144","280044","Action_38","Morph_75","FOTAIU","Directattention","Present","Present.1","Bossou",0.657520002916794,0.0150375939849624,0.0596133190118153
"5145","280370","Action_2","Morph_4","JIRE","Travel","Bigloudscratch","BigLoudScratch.2","Bossou",-0.028399474521698,0.0150375939849624,0.0241675617615467
"5146","280370","Action_45","Morph_100","JIRE","Travel","Reach","Reach.1","Bossou",-0.499226487922639,0.0435016111707841,0.0719656283566058
"5147","280649","Action_1","Morph_1","FANLE","Play","Beckon","Beckon.1","Bossou",-0.693147180559945,0.00966702470461869,0.0123523093447905
"5148","280148a","Action_8","Morph_19","FANLE","Play","Dangle","Dangle.1","Bossou",-0.0335567835288428,0.0257787325456498,0.0257787325456498
"5149","280148a","Action_17","Morph_39","FANLE","Play","Hitobject","HitObject.1","Bossou",-0.867500567704723,0.0327604726100967,0.0408163265306122
"5150","280148a","Action_17","Morph_39","FANLE","Play","Hitobject","HitObject.1","Bossou",-0.703197516413447,0.0327604726100967,0.0408163265306122
"5151","280184a","Action_45","Morph_101","NINA","Moveaway","Reach","Reach.2","Bossou",0.301584977620772,0.027389903329753,0.0719656283566058
"5152","280219","Action_38","Morph_75","JIRE","Groom","Present","Present.1","Bossou",0.441475545631197,0.0150375939849624,0.0596133190118153
"5153","280064","Action_41","Morph_86","JIRE","Stopbehaviour","Pull","Pull.3","Bossou",-0.454130280089445,0.00698174006444683,0.0177228786251343
"5154","280339","Action_38","Morph_76","NINA","Directattention","Present","Present.2","Bossou",0.746213901496638,0.00590762620837809,0.0596133190118153
"5155","280329b","Action_63","Morph_138","PAMA","Affiliation","Touch","Touch.7","Bossou",-0.026343975339602,0.0107411385606874,0.0429645542427497
"5156","280401","Action_8","Morph_19","NA_chimp","Playcontinue","Dangle","Dangle.1","Bossou",-0.476424197048658,0.0257787325456498,0.0257787325456498
"5157","280374","Action_45","Morph_100","JIRE","Affiliation","Reach","Reach.1","Bossou",-0.465215112513938,0.0435016111707841,0.0719656283566058
"5158","280364","Action_13","Morph_27","FANA","Moveaway","Fling","Fling.1","Bossou",-0.50916034444693,0.056390977443609,0.0773361976369495
"5159","280375","Action_38","Morph_80","FOAF","Groom","Present","Present.6","Bossou",-0.22314355131421,0.00322234156820623,0.0596133190118153
"5160","280025a","Action_42","Morph_93","FANLE","Stopbehaviour","Push","Push.6","Bossou",0.155292884406035,0.00805585392051558,0.0596133190118153
"5161","280025a","Action_43","Morph_96","FANLE","Stopbehaviour","Raise","Raise.1","Bossou",-1.20064501423326,0.0268528464017186,0.0349087003222342
"5162","280025a","Action_20","Morph_45","FANLE","Stopbehaviour","Hitother","HitOther.1","Bossou",-0.567395975254385,0.0263157894736842,0.0402792696025779
"5163","280025a","Action_13","Morph_27","FANLE","Stopbehaviour","Fling","Fling.1","Bossou",-0.693147180559945,0.056390977443609,0.0773361976369495
"5164","280025a","Action_15","Morph_35","FANLE","Stopbehaviour","Grabhold","GrabHold.1","Bossou",1.01884732019925,0.00214822771213749,0.0037593984962406
"5165","280424a","Action_63","Morph_138","NA_chimp","Play","Touch","Touch.7","Bossou",-0.455706324544911,0.0107411385606874,0.0429645542427497
"5166","280424a","Action_45","Morph_100","NA_chimp","Play","Reach","Reach.1","Bossou",-0.796287939479459,0.0435016111707841,0.0719656283566058
"5167","280424a","Action_14","Morph_31","NA_chimp","Play","Grab","Grab.3","Bossou",-1.69826912614072,0.00805585392051558,0.023093447905478
"5168","280424a","Action_41","Morph_86","NA_chimp","Play","Pull","Pull.3","Bossou",-0.659712404473708,0.00698174006444683,0.0177228786251343
"5169","280373","Action_20","Morph_45","JIRE","Stopbehaviour","Hitother","HitOther.1","Bossou",-0.76142602131324,0.0263157894736842,0.0402792696025779
"5170","280641a","Action_39","Morph_82","VELU","Affiliation","Presentgenitalsbackwards","PresentGenitals.1","Bossou",0.361164849211584,0.0354457572502685,0.0290010741138561
"5171","280369","Action_38","Morph_79","FOAF","Groom","Present","Present.5","Bossou",0.0732504617395927,0.0134264232008593,0.0596133190118153
"5172","280581b","Action_45","Morph_100","JEJE","Playcontinue","Reach","Reach.1","Bossou",-0.95711272639441,0.0435016111707841,0.0719656283566058
"5173","280071","Action_41","Morph_86","JIRE","Position","Pull","Pull.3","Bossou",0.0411419433311752,0.00698174006444683,0.0177228786251343
"5174","280137","Action_45","Morph_100","JEJE","Giveme","Reach","Reach.1","Bossou",-0.158995731490458,0.0435016111707841,0.0719656283566058
"5175","280593","Action_5","Morph_17","YOLO","Sociosexualattention","Bounce","Bounce.1","Bossou",0.000999500333083423,0.0204081632653061,0.0204081632653061
"5176","280593","Action_39","Morph_83","YOLO","Sociosexualattention","Presentgenitalsbackwards","PresentGenitals.2","Bossou",-0.243346258631729,0.00214822771213749,0.0290010741138561
"5177","280593","Action_43","Morph_96","YOLO","Sociosexualattention","Raise","Raise.1","Bossou",-0.874669057183336,0.0268528464017186,0.0349087003222342
"5178","280136","Action_39","Morph_82","VEVE","Sexualattention","Presentgenitalsbackwards","PresentGenitals.1","Bossou",0.55790003115192,0.0354457572502685,0.0290010741138561
"5179","280070","Action_38","Morph_79","JIRE","Directattention","Present","Present.5","Bossou",0.408128225527648,0.0134264232008593,0.0596133190118153
"5180","280266b","Action_4","Morph_10","YO","Affiliation","Bitekiss","Bite.2","Bossou",-1.77785656405906,0.0128893662728249,0.0306122448979592
"5181","280266b","Action_11","Morph_23","YO","Affiliation","Embrace","Embrace.2","Bossou",-0.306525160253261,0.00268528464017186,0.00859291084854995
"5182","280054","Action_3","Morph_11","FOAF","Play","Bite","Bite.3","Bossou",-0.671385688778433,0.00214822771213749,0.00644468313641246
"5183","280195b","Action_54","Morph_114","JIRE","Moveaway","Stancebipedal","StanceBipedal.1","Bossou",-0.896488104577975,0.0171858216970999,0.0171858216970999
"5184","280606","Action_63","Morph_140","FANA","Affiliation","Touch","Touch.9","Bossou",-0.122167633974208,0.00698174006444683,0.0429645542427497
"5185","280223","Action_38","Morph_75","JIRE","Groom","Present","Present.1","Bossou",-0.438504962186365,0.0150375939849624,0.0596133190118153
"5186","280319","Action_42","Morph_92","YO","Climbonme","Push","Push.5","Bossou",0.0778865386570712,0.00644468313641246,0.0596133190118153
"5187","280319","Action_42","Morph_88","YO","Climbonme","Push","Push.1","Bossou",-0.517514611916787,0.0128893662728249,0.0596133190118153
"5188","280563","Action_45","Morph_101","PAMA","Giveme","Reach","Reach.2","Bossou",-0.243346258631729,0.027389903329753,0.0719656283566058
"5189","280552","Action_43","Morph_96","JEJE","Sexualattention","Raise","Raise.1","Bossou",-1.00239343092757,0.0268528464017186,0.0349087003222342
"5190","280192","Action_45","Morph_100","JIRE","Affiliation","Reach","Reach.1","Bossou",-0.397496938458987,0.0435016111707841,0.0719656283566058
"5191","280400","Action_8","Morph_19","NA_chimp","Playcontinue","Dangle","Dangle.1","Bossou",-0.320205264157341,0.0257787325456498,0.0257787325456498
"5192","280338","Action_38","Morph_79","NINA","Groom","Present","Present.5","Bossou",-0.321583624127462,0.0134264232008593,0.0596133190118153
"5193","280019","Action_38","Morph_79","PELEY","Staysame","Present","Present.5","Bossou",0.263133199530368,0.0134264232008593,0.0596133190118153
"5194","280148b","Action_33","Morph_61","JEJE","Play","Objectmove","ObjectMove.1","Bossou",0.590006421640432,0.0193340494092374,0.0349087003222342
"5195","280148b","Action_8","Morph_19","JEJE","Play","Dangle","Dangle.1","Bossou",0.114221144090023,0.0257787325456498,0.0257787325456498
"5196","280148b","Action_20","Morph_46","JEJE","Play","Hitother","HitOther.2","Bossou",-0.216913001563574,0.00805585392051558,0.0402792696025779
"5197","280579","Action_63","Morph_138","JEJE","Giveme","Touch","Touch.7","Bossou",0.288181947493432,0.0107411385606874,0.0429645542427497
"5198","280104","Action_13","Morph_28","TUA","Stopbehaviour","Fling","Fling.2","Bossou",-1.09362474715707,0.0209452201933405,0.0773361976369495
"5199","280286","Action_40","Morph_82","YOLO","Sexualattention","Presentgenitalsforwards","PresentGenitals.1","Bossou",-0.0161293819298836,0.0354457572502685,0.00859291084854995
"5200","280489","Action_42","Morph_90","TUA","Position","Push","Push.3","Bossou",-0.567395975254385,0.0134264232008593,0.0596133190118153
"5201","280363a","Action_1","Morph_1","TUA","Sexualattention","Beckon","Beckon.1","Bossou",0.263133199530368,0.00966702470461869,0.0123523093447905
"5202","280321a","Action_36","Morph_73","YUNRO","Sociosexualattention","Overstance","OverStance.2","Bossou",0.0506931143155182,0.00483351235230934,0.0134264232008593
"5203","280269","Action_13","Morph_27","JIRE","Moveaway","Fling","Fling.1","Bossou",-1.05843049903528,0.056390977443609,0.0773361976369495
"5204","280586","Action_42","Morph_93","JIRE","Takeobjectnurse","Push","Push.6","Bossou",-0.180323554131282,0.00805585392051558,0.0596133190118153
"5205","280053b","Action_8","Morph_19","PELEY","Play","Dangle","Dangle.1","Bossou",0.200488860749404,0.0257787325456498,0.0257787325456498
"5206","280053b","Action_8","Morph_19","PELEY","Play","Dangle","Dangle.1","Bossou",-0.0377018671840115,0.0257787325456498,0.0257787325456498
"5207","280053b","Action_8","Morph_19","PELEY","Play","Dangle","Dangle.1","Bossou",-0.138113302129634,0.0257787325456498,0.0257787325456498
"5208","280096a","Action_20","Morph_45","FOTAIU","Stopbehaviour","Hitother","HitOther.1","Bossou",-0.147340587898709,0.0263157894736842,0.0402792696025779
"5209","280096a","Action_43","Morph_98","FOTAIU","Stopbehaviour","Raise","Raise.3","Bossou",0.44660705143934,0.00590762620837809,0.0349087003222342
"5210","280096a","Action_2","Morph_6","FOTAIU","Stopbehaviour","Bigloudscratch","BigLoudScratch.4","Bossou",-0.0460439385014068,0.00322234156820623,0.0241675617615467
"5211","280096a","Action_54","Morph_114","FOTAIU","Stopbehaviour","Stancebipedal","StanceBipedal.1","Bossou",-0.149660774554406,0.0171858216970999,0.0171858216970999
"5212","280162","Action_38","Morph_75","VUAVUA","Groom","Present","Present.1","Bossou",0,0.0150375939849624,0.0596133190118153
"5213","280618b","Action_13","Morph_27","JIRE","Stopbehaviour","Fling","Fling.1","Bossou",-0.309246250367621,0.056390977443609,0.0773361976369495
"5214","280618b","Action_42","Morph_88","JIRE","Stopbehaviour","Push","Push.1","Bossou",-0.404965233066513,0.0128893662728249,0.0596133190118153
"5215","280618b","Action_63","Morph_133","JIRE","Stopbehaviour","Touch","Touch.2","Bossou",-1.78976146656538,0.00805585392051558,0.0429645542427497
"5216","280618b","Action_41","Morph_86","JIRE","Stopbehaviour","Pull","Pull.3","Bossou",-0.627359440021942,0.00698174006444683,0.0177228786251343
"5217","280350","Action_42","Morph_93","JOKURO","Moveaway","Push","Push.6","Bossou",-0.556869562267398,0.00805585392051558,0.0596133190118153
"5218","280291","Action_38","Morph_75","YO","Groom","Present","Present.1","Bossou",1.28647402583768,0.0150375939849624,0.0596133190118153
"5219","280587a","Action_45","Morph_101","FANLE","Affiliation","Reach","Reach.2","Bossou",-0.567395975254385,0.027389903329753,0.0719656283566058
"5220","280587a","Action_43","Morph_96","FANLE","Affiliation","Raise","Raise.1","Bossou",-0.659712404473708,0.0268528464017186,0.0349087003222342
"5221","280587a","Action_13","Morph_27","FANLE","Affiliation","Fling","Fling.1","Bossou",-0.796287939479459,0.056390977443609,0.0773361976369495
"5222","280587a","Action_63","Morph_137","FANLE","Affiliation","Touch","Touch.6","Bossou",-0.332679438382517,0.00322234156820623,0.0429645542427497
"5223","280587a","Action_3","Morph_12","FANLE","Affiliation","Bite","Bite.4","Bossou",-1.89047544216721,0.00214822771213749,0.00644468313641246
"5224","280587a","Action_29","Morph_58","FANLE","Affiliation","Locomotegallop","LocomoteGallop.1","Bossou",-0.482886255076749,0.0134264232008593,0.0134264232008593
"5225","280120","Action_45","Morph_100","FOTAIU","Affiliation","Reach","Reach.1","Bossou",-0.218156009803171,0.0435016111707841,0.0719656283566058
"5226","280120","Action_64","Morph_138","FOTAIU","Affiliation","Touchlongother","Touch.7","Bossou",0.730442965303642,0.0107411385606874,0.0112781954887218
"5227","280517","Action_1","Morph_1","JIRE","Moveclose","Beckon","Beckon.1","Bossou",-0.141563564321787,0.00966702470461869,0.0123523093447905
"5228","280517","Action_1","Morph_1","JIRE","Moveclose","Beckon","Beckon.1","Bossou",0.0962188577405429,0.00966702470461869,0.0123523093447905
"5229","280517","Action_1","Morph_1","JIRE","Moveclose","Beckon","Beckon.1","Bossou",-0.404965233066513,0.00966702470461869,0.0123523093447905
"5230","280261a","Action_45","Morph_100","FOAF","Affiliation","Reach","Reach.1","Bossou",-0.514164525031505,0.0435016111707841,0.0719656283566058
"5231","280261a","Action_45","Morph_101","FOAF","Affiliation","Reach","Reach.2","Bossou",-0.53785429615391,0.027389903329753,0.0719656283566058
"5232","280547a","Action_13","Morph_27","YOLO","Moveaway","Fling","Fling.1","Bossou",-0.76142602131324,0.056390977443609,0.0773361976369495
"5233","280418","Action_38","Morph_75","FOAF","Directattention","Present","Present.1","Bossou",0.246078522596706,0.0150375939849624,0.0596133190118153
"5234","280418","Action_63","Morph_140","JIRE","Affiliation","Touch","Touch.9","Bossou",0.0334347760862374,0.00698174006444683,0.0429645542427497
"5235","280129","Action_45","Morph_100","JEJE","Giveme","Reach","Reach.1","Bossou",0.260824618281898,0.0435016111707841,0.0719656283566058
"5236","280605","Action_63","Morph_132","FANA","Climbonme","Touch","Touch.1","Bossou",-0.629233854816292,0.00859291084854995,0.0429645542427497
"5237","280110","Action_40","Morph_82","TUA","Sexualattention","Presentgenitalsforwards","PresentGenitals.1","Bossou",-0.0790432073404529,0.0354457572502685,0.00859291084854995
"5238","280114a","Action_35","Morph_71","FOTAIU","Staysame","Out","Out.2","Bossou",-0.16369609267079,0.00429645542427497,0.0150375939849624
"5239","280114a","Action_42","Morph_90","FOTAIU","Staysame","Push","Push.3","Bossou",-0.901402119380404,0.0134264232008593,0.0596133190118153
"5240","280114a","Action_28","Morph_57","FOTAIU","Staysame","Locomotebipedal","LocomoteBipedal.2","Bossou",0.205386829724951,0.00429645542427497,0.0155746509129968
"5241","280344","Action_4","Morph_10","NINA","Affiliation","Bitekiss","Bite.2","Bossou",-0.349557476169868,0.0128893662728249,0.0306122448979592
"5242","280371","Action_42","Morph_93","JIRE","Climbonme","Push","Push.6","Bossou",-0.306525160253261,0.00805585392051558,0.0596133190118153
"5243","280371","Action_38","Morph_75","JIRE","Climbonme","Present","Present.1","Bossou",0.258510695151501,0.0150375939849624,0.0596133190118153
"5244","280214","Action_45","Morph_100","TUA","Stopbehaviour","Reach","Reach.1","Bossou",-0.23572233352107,0.0435016111707841,0.0719656283566058
"5245","280249a","Action_38","Morph_79","YOLO","Play","Present","Present.5","Bossou",0.2207406666979,0.0134264232008593,0.0596133190118153
"5246","280249a","Action_14","Morph_29","YOLO","Play","Grab","Grab.1","Bossou",-0.978166135592243,0.0037593984962406,0.023093447905478
"5247","280387a","Action_43","Morph_98","NA_chimp","Play","Raise","Raise.3","Bossou",-1.03563748950672,0.00590762620837809,0.0349087003222342
"5248","280387a","Action_13","Morph_27","NA_chimp","Play","Fling","Fling.1","Bossou",-0.805196684368568,0.056390977443609,0.0773361976369495
"5249","280387a","Action_57","Morph_115","NA_chimp","Play","Stompobject","StompObject.1","Bossou",-1.20731170559145,0.0150375939849624,0.0236305048335124
"5250","280111","Action_38","Morph_77","VELU","Groom","Present","Present.3","Bossou",-1.22417551164346,0.0166487647690655,0.0596133190118153
"5251","280128","Action_45","Morph_100","JEJE","Giveme","Reach","Reach.1","Bossou",-0.0725706928348354,0.0435016111707841,0.0719656283566058
"5252","280602","Action_43","Morph_96","YOLO","Play","Raise","Raise.1","Bossou",-0.161343150408763,0.0268528464017186,0.0349087003222342
"5253","280516","Action_13","Morph_27","JIRE","Moveaway","Fling","Fling.1","Bossou",-0.693147180559945,0.056390977443609,0.0773361976369495
"5254","280516","Action_13","Morph_28","JIRE","Moveaway","Fling","Fling.2","Bossou",-0.837017550979647,0.0209452201933405,0.0773361976369495
"5255","280121","Action_45","Morph_100","FOKAIYE","Affiliation","Reach","Reach.1","Bossou",-0.825536368605691,0.0435016111707841,0.0719656283566058
"5256","280121","Action_45","Morph_100","FOKAIYE","Affiliation","Reach","Reach.1","Bossou",-0.470003629245736,0.0435016111707841,0.0719656283566058
"5257","280035b","Action_17","Morph_40","FANLE","Play","Hitobject","HitObject.2","Bossou",-0.450985623409974,0.00483351235230934,0.0408163265306122
"5258","280035b","Action_20","Morph_45","FANLE","Play","Hitother","HitOther.1","Bossou",-1.22417551164346,0.0263157894736842,0.0402792696025779
"5259","280035b","Action_60","Morph_127","FANLE","Play","Swing","Swing.1","Bossou",-0.277071893339765,0.0306122448979592,0.0370569280343716
"5260","280035b","Action_1","Morph_1","FANLE","Play","Beckon","Beckon.1","Bossou",-0.640554730440775,0.00966702470461869,0.0123523093447905
"5261","280035b","Action_38","Morph_81","FANLE","Play","Present","Present.7","Bossou",-1.13631415585212,0.00214822771213749,0.0596133190118153
"5262","280035b","Action_63","Morph_134","FANLE","Play","Touch","Touch.3","Bossou",-0.991553216374702,0.00698174006444683,0.0429645542427497
"5263","280035b","Action_16","Morph_38","FANLE","Play","Headstand","HeadStand.1","Bossou",0.00995033085316809,0.00161117078410311,0.00161117078410311
"5264","280035b","Action_14","Morph_31","FANLE","Play","Grab","Grab.3","Bossou",-0.727738625329564,0.00805585392051558,0.023093447905478
"5265","280514","Action_39","Morph_82","JOYA","Sociosexualattention","Presentgenitalsbackwards","PresentGenitals.1","Bossou",0.0962188577405429,0.0354457572502685,0.0290010741138561
"5266","280326b","Action_4","Morph_10","YO","Affiliation","Bitekiss","Bite.2","Bossou",0.335042643811618,0.0128893662728249,0.0306122448979592
"5267","280126","Action_38","Morph_81","FOTAIU","Climbonme","Present","Present.7","Bossou",0.420682073913025,0.00214822771213749,0.0596133190118153
"5268","280126","Action_38","Morph_75","FOTAIU","Climbonme","Present","Present.1","Bossou",-0.155484902840395,0.0150375939849624,0.0596133190118153
"5269","280126","Action_2","Morph_3","FOTAIU","Climbonme","Bigloudscratch","BigLoudScratch.1","Bossou",0.276873873735178,0.00322234156820623,0.0241675617615467
"5270","280232","Action_38","Morph_79","VUAVUA","Affiliation","Present","Present.5","Bossou",0.0344014267173323,0.0134264232008593,0.0596133190118153
"5271","280163","Action_50","Morph_108","JEJE","Play","Shake","Shake.2","Bossou",-0.29035230100766,0.00214822771213749,0.0343716433941998
"5272","280334b","Action_42","Morph_93","JIRE","Takeobjectnurse","Push","Push.6","Bossou",-0.261364764134408,0.00805585392051558,0.0596133190118153
"5273","280318","Action_42","Morph_88","FANA","Climbonme","Push","Push.1","Bossou",0.487352267580348,0.0128893662728249,0.0596133190118153
"5274","280619b","Action_63","Morph_133","JEJE","Affiliation","Touch","Touch.2","Bossou",-0.404965233066513,0.00805585392051558,0.0429645542427497
"5275","280382a","Action_45","Morph_100","FOTAIU","Affiliation","Reach","Reach.1","Bossou",-0.199671195129068,0.0435016111707841,0.0719656283566058
"5276","280268","Action_40","Morph_82","VUI","Sexualattention","Presentgenitalsforwards","PresentGenitals.1","Bossou",-1.12701176318981,0.0354457572502685,0.00859291084854995
"5277","280268","Action_50","Morph_108","VUI","Sexualattention","Shake","Shake.2","Bossou",-0.173163619009189,0.00214822771213749,0.0343716433941998
"5278","280257b","Action_20","Morph_46","YOLO","Play","Hitother","HitOther.2","Bossou",-0.687165108882398,0.00805585392051558,0.0402792696025779
"5279","280578","Action_63","Morph_134","JEJE","Climbonyou","Touch","Touch.3","Bossou",0.0344014267173323,0.00698174006444683,0.0429645542427497
"5280","280253b","Action_60","Morph_127","YOLO","Stopbehaviour","Swing","Swing.1","Bossou",-0.226900600191922,0.0306122448979592,0.0370569280343716
"5281","280105","Action_13","Morph_27","TUA","Moveaway","Fling","Fling.1","Bossou",-0.327116141697188,0.056390977443609,0.0773361976369495
"5282","280501","Action_50","Morph_107","PAMA","Play","Shake","Shake.1","Bossou",-0.263965545834465,0.0139634801288937,0.0343716433941998
"5283","280501","Action_5","Morph_17","PAMA","Play","Bounce","Bounce.1","Bossou",-0.142716302201595,0.0204081632653061,0.0204081632653061
"5284","280124","Action_14","Morph_31","JEJE","Play","Grab","Grab.3","Bossou",-0.825536368605691,0.00805585392051558,0.023093447905478
"5285","280321b","Action_39","Morph_82","PILI","Sociosexualattention","Presentgenitalsbackwards","PresentGenitals.1","Bossou",-0.22314355131421,0.0354457572502685,0.0290010741138561
"5286","280363b","Action_39","Morph_82","JIRE","Sexualattention","Presentgenitalsbackwards","PresentGenitals.1","Bossou",0.782987884559735,0.0354457572502685,0.0290010741138561
"5287","280304","Action_64","Morph_138","FANA","Affiliation","Touchlongother","Touch.7","Bossou",0.894045122926835,0.0107411385606874,0.0112781954887218
"5288","280585","Action_38","Morph_77","FANA","Takeobjectnurse","Present","Present.3","Bossou",-0.659712404473708,0.0166487647690655,0.0596133190118153
"5289","280053a","Action_29","Morph_58","JEJE","Play","Locomotegallop","LocomoteGallop.1","Bossou",0.0401817896328318,0.0134264232008593,0.0134264232008593
"5290","280053a","Action_55","Morph_116","JEJE","Play","Stompingobject","StompObject.2","Bossou",-0.569161200778954,0.00912996777658432,0.0150375939849624
"5291","280053a","Action_57","Morph_115","JEJE","Play","Stompobject","StompObject.1","Bossou",-0.245900538436826,0.0150375939849624,0.0236305048335124
"5292","280053a","Action_57","Morph_115","JEJE","Play","Stompobject","StompObject.1","Bossou",-0.677273831403655,0.0150375939849624,0.0236305048335124
"5293","280053a","Action_21","Morph_43","JEJE","Play","Hittingobject","HitObject.5","Bossou",-0.0954101848046582,0.00537056928034372,0.0118152524167562
"5294","280053a","Action_21","Morph_42","JEJE","Play","Hittingobject","HitObject.4","Bossou",-0.975510091534126,0.00590762620837809,0.0118152524167562
"5295","280149","Action_8","Morph_19","JEJE","Playcontinue","Dangle","Dangle.1","Bossou",-0.401971218853909,0.0257787325456498,0.0257787325456498
"5296","280149","Action_14","Morph_30","JEJE","Playcontinue","Grab","Grab.2","Bossou",-0.913793851675568,0.00429645542427497,0.023093447905478
"5297","280161","Action_38","Morph_79","YOLO","Groom","Present","Present.5","Bossou",0.790727508898809,0.0134264232008593,0.0596133190118153
"5298","280096b","Action_38","Morph_79","JIRE","Affiliation","Present","Present.5","Bossou",0.0657877405380032,0.0134264232008593,0.0596133190118153
"5299","280248","Action_20","Morph_45","YO","Stopbehaviour","Hitother","HitOther.1","Bossou",-0.640554730440775,0.0263157894736842,0.0402792696025779
"5300","280306","Action_13","Morph_27","KAI","Moveaway","Fling","Fling.1","Bossou",-0.783071888087932,0.056390977443609,0.0773361976369495
"5301","280306","Action_13","Morph_27","KAI","Moveaway","Fling","Fling.1","Bossou",-0.572701027484078,0.056390977443609,0.0773361976369495
"5302","280353","Action_42","Morph_88","NA_chimp","Position","Push","Push.1","Bossou",-0.321583624127462,0.0128893662728249,0.0596133190118153
"5303","280353","Action_5","Morph_17","NA_chimp","Position","Bounce","Bounce.1","Bossou",-0.462035459596559,0.0204081632653061,0.0204081632653061
"5304","280309","Action_63","Morph_140","KAI","Affiliation","Touch","Touch.9","Bossou",0.153579087928301,0.00698174006444683,0.0429645542427497
"5305","280199","Action_13","Morph_27","NINA","Moveaway","Fling","Fling.1","Bossou",-0.396009949337409,0.056390977443609,0.0773361976369495
"5306","280079","Action_45","Morph_100","JEJE","Giveme","Reach","Reach.1","Bossou",-0.176737178500054,0.0435016111707841,0.0719656283566058
"5307","280086","Action_20","Morph_45","FOTAIU","Stopbehaviour","Hitother","HitOther.1","Bossou",-0.245900538436826,0.0263157894736842,0.0402792696025779
"5308","280547b","Action_39","Morph_82","FOTAIU","Sexualattention","Presentgenitalsbackwards","PresentGenitals.1","Bossou",-0.455706324544911,0.0354457572502685,0.0290010741138561
"5309","280261b","Action_14","Morph_33","YOLO","Affiliation","Grab","Grab.5","Bossou",-0.209487224866724,0.00537056928034372,0.023093447905478
"5310","280261b","Action_14","Morph_33","YOLO","Affiliation","Grab","Grab.5","Bossou",-0.85566611005772,0.00537056928034372,0.023093447905478
"5311","280114b","Action_35","Morph_70","JEJE","Staysame","Out","Out.1","Bossou",-0.102032725565152,0.0102040816326531,0.0150375939849624
"5312","280114b","Action_43","Morph_96","JEJE","Staysame","Raise","Raise.1","Bossou",-0.693147180559945,0.0268528464017186,0.0349087003222342
"5313","280038","Action_38","Morph_76","PAMA","Directattention","Present","Present.2","Bossou",0.161268147596122,0.00590762620837809,0.0596133190118153
"5314","280630b","Action_13","Morph_27","JIRE","Stopbehaviour","Fling","Fling.1","Bossou",-0.567395975254385,0.056390977443609,0.0773361976369495
"5315","280216","Action_13","Morph_27","JIRE","Moveaway","Fling","Fling.1","Bossou",-0.691149177897272,0.056390977443609,0.0773361976369495
"5316","280098","Action_13","Morph_27","TUA","Moveaway","Fling","Fling.1","Bossou",-0.736054681571222,0.056390977443609,0.0773361976369495
"5317","280039","Action_45","Morph_100","PAMA","Affiliation","Reach","Reach.1","Bossou",-0.731888008876376,0.0435016111707841,0.0719656283566058
"5318","280099","Action_13","Morph_27","TUA","Moveaway","Fling","Fling.1","Bossou",-0.427710717055484,0.056390977443609,0.0773361976369495
"5319","280099","Action_13","Morph_27","TUA","Moveaway","Fling","Fling.1","Bossou",-1.56064774826467,0.056390977443609,0.0773361976369495
"5320","280249b","Action_36","Morph_73","JURU","Affiliation","Overstance","OverStance.2","Bossou",0.348541960708543,0.00483351235230934,0.0134264232008593
"5321","280112","Action_41","Morph_86","FOTAIU","Climbonme","Pull","Pull.3","Bossou",-0.500875292912823,0.00698174006444683,0.0177228786251343
"5322","280087","Action_31","Morph_59","FOTAIU","Moveaway","Lunge","Lunge.1","Bossou",0.569283193337559,0.00214822771213749,0.00214822771213749
"5323","280612","Action_13","Morph_27","YOLO","Moveaway","Fling","Fling.1","Bossou",-0.403467105445491,0.056390977443609,0.0773361976369495
"5324","280612","Action_13","Morph_27","YOLO","Moveaway","Fling","Fling.1","Bossou",-0.141563564321787,0.056390977443609,0.0773361976369495
"5325","280612","Action_13","Morph_27","YOLO","Moveaway","Fling","Fling.1","Bossou",-0.834710744881732,0.056390977443609,0.0773361976369495
"5326","280078","Action_63","Morph_135","JEJE","Giveme","Touch","Touch.4","Bossou",-0.970219073899711,0.00483351235230934,0.0429645542427497
"5327","280203","Action_38","Morph_79","NA_chimp","Sociosexualattention","Present","Present.5","Bossou",-0.204567165741274,0.0134264232008593,0.0596133190118153
"5328","280358","Action_38","Morph_80","NINA","Sexualattention","Present","Present.6","Bossou",0.431132854856742,0.00322234156820623,0.0596133190118153
"5329","280535a","Action_4","Morph_10","JIRE","Affiliation","Bitekiss","Bite.2","Bossou",-0.50916034444693,0.0128893662728249,0.0306122448979592
"5330","280122","Action_50","Morph_109","TUA","Sexualattention","Shake","Shake.3","Bossou",-0.160168752152821,0.0177228786251343,0.0343716433941998
"5331","280122","Action_50","Morph_109","TUA","Sexualattention","Shake","Shake.3","Bossou",-0.972861083362549,0.0177228786251343,0.0343716433941998
"5332","280035a","Action_54","Morph_114","PELEY","Play","Stancebipedal","StanceBipedal.1","Bossou",-1.11169752821677,0.0171858216970999,0.0171858216970999
"5333","280035a","Action_50","Morph_109","PELEY","Play","Shake","Shake.3","Bossou",-0.019182819416774,0.0177228786251343,0.0343716433941998
"5334","280035a","Action_50","Morph_109","PELEY","Play","Shake","Shake.3","Bossou",-0.921303273697699,0.0177228786251343,0.0343716433941998
"5335","280035a","Action_1","Morph_1","PELEY","Play","Beckon","Beckon.1","Bossou",-1.2837377727948,0.00966702470461869,0.0123523093447905
"5336","280035a","Action_50","Morph_109","PELEY","Play","Shake","Shake.3","Bossou",0.0751074724868055,0.0177228786251343,0.0343716433941998
"5337","280035a","Action_35","Morph_70","PELEY","Play","Out","Out.1","Bossou",-0.376877651256252,0.0102040816326531,0.0150375939849624
"5338","280035a","Action_20","Morph_45","PELEY","Play","Hitother","HitOther.1","Bossou",-1.73160554640831,0.0263157894736842,0.0402792696025779
"5339","280308","Action_13","Morph_27","TUA","Moveaway","Fling","Fling.1","Bossou",-0.197232169529709,0.056390977443609,0.0773361976369495
"5340","280308","Action_13","Morph_27","TUA","Moveaway","Fling","Fling.1","Bossou",-0.522560879984412,0.056390977443609,0.0773361976369495
"5341","280226","Action_38","Morph_77","VELU","Directattention","Present","Present.3","Bossou",1.23256026117785,0.0166487647690655,0.0596133190118153
"5342","280305","Action_42","Morph_91","FANA","Climbonme","Push","Push.4","Bossou",0.0440168854167743,0.00805585392051558,0.0596133190118153
"5343","280483b","Action_60","Morph_127","NA_chimp","Stopbehaviour","Swing","Swing.1","Bossou",-0.309246250367621,0.0306122448979592,0.0370569280343716
"5344","280160","Action_48","Morph_104","FANLE","Playcontinue","Rollover","RollOver.1","Bossou",1.14549587456696,0.00429645542427497,0.00429645542427497
"5345","280231","Action_4","Morph_10","VUAVUA","Affiliation","Bitekiss","Bite.2","Bossou",0.276115436080316,0.0128893662728249,0.0306122448979592
"5346","280231","Action_42","Morph_92","VUAVUA","Affiliation","Push","Push.5","Bossou",-1.27296567581289,0.00644468313641246,0.0596133190118153
"5347","280326a","Action_4","Morph_10","FANA","Affiliation","Bitekiss","Bite.2","Bossou",0.952043901579973,0.0128893662728249,0.0306122448979592
"5348","280334a","Action_45","Morph_100","JOKURO","Givemenurse","Reach","Reach.1","Bossou",-0.443166975292176,0.0435016111707841,0.0719656283566058
"5349","280632","Action_63","Morph_133","FANLE","Stopbehaviour","Touch","Touch.2","Bossou",-0.76142602131324,0.00805585392051558,0.0429645542427497
"5350","280382b","Action_64","Morph_138","NA_chimp","Affiliation","Touchlongother","Touch.7","Bossou",-0.00501254182354429,0.0107411385606874,0.0112781954887218
"5351","280619a","Action_39","Morph_83","JIRE","Affiliation","Presentgenitalsbackwards","PresentGenitals.2","Bossou",0.211070970079941,0.00214822771213749,0.0290010741138561
"5352","280584","Action_42","Morph_90","JIRE","Stopbehaviour","Push","Push.3","Bossou",-1.20397280432594,0.0134264232008593,0.0596133190118153
"5353","280379","Action_38","Morph_80","NA_chimp","Groom","Present","Present.6","Bossou",0.0852598439508234,0.00322234156820623,0.0596133190118153
"5354","280125","Action_42","Morph_89","FOTAIU","Takeobjectnurse","Push","Push.2","Bossou",-0.486133011175619,0.00537056928034372,0.0596133190118153
"5355","280500","Action_39","Morph_82","FANLE","Sexualattention","Presentgenitalsbackwards","PresentGenitals.1","Bossou",-0.263965545834465,0.0354457572502685,0.0290010741138561
"5356","280106","Action_36","Morph_73","TUA","Support","Overstance","OverStance.2","Bossou",0.47374661552457,0.00483351235230934,0.0134264232008593
"5357","280106","Action_57","Morph_115","TUA","Support","Stompobject","StompObject.1","Bossou",-0.811930716549912,0.0150375939849624,0.0236305048335124
"5358","280257a","Action_54","Morph_114","PONI","Play","Stancebipedal","StanceBipedal.1","Bossou",-0.740238788093796,0.0171858216970999,0.0171858216970999
"5359","280257a","Action_60","Morph_129","PONI","Play","Swing","Swing.3","Bossou",0.64500680523201,0.00214822771213749,0.0370569280343716
"5360","280253a","Action_21","Morph_42","JURU","Play","Hittingobject","HitObject.4","Bossou",-0.510825623765991,0.00590762620837809,0.0118152524167562
"5361","280253a","Action_24","Morph_51","JURU","Play","Jump","Jump.1","Bossou",-0.629233854816292,0.0128893662728249,0.0128893662728249
"5362","280253a","Action_17","Morph_40","JURU","Play","Hitobject","HitObject.2","Bossou",-1.55589714550607,0.00483351235230934,0.0408163265306122
"5363","280253a","Action_24","Morph_51","JURU","Play","Jump","Jump.1","Bossou",-0.0943106794712413,0.0128893662728249,0.0128893662728249
"5364","280201","Action_8","Morph_19","FOTAIU","Play","Dangle","Dangle.1","Bossou",-0.787457860031187,0.0257787325456498,0.0257787325456498
"5365","280520a","Action_4","Morph_13","FANA","Affiliation","Bitekiss","Bite.5","Bossou",-0.916290731874155,0.0075187969924812,0.0306122448979592
"5366","280439","Action_13","Morph_28","TUA","Moveaway","Fling","Fling.2","Bossou",-1.45671682541644,0.0209452201933405,0.0773361976369495
"5367","280572a","Action_43","Morph_96","FANLE","Play","Raise","Raise.1","Bossou",-0.693147180559945,0.0268528464017186,0.0349087003222342
"5368","280572a","Action_60","Morph_127","FANLE","Play","Swing","Swing.1","Bossou",-0.0682788407532944,0.0306122448979592,0.0370569280343716
"5369","280330","Action_63","Morph_140","YUNRO","Affiliation","Touch","Touch.9","Bossou",-0.555125882662571,0.00698174006444683,0.0429645542427497
"5370","280438b","Action_45","Morph_101","PILI","Stopbehaviour","Reach","Reach.2","Bossou",-1.09661428600544,0.027389903329753,0.0719656283566058
"5371","280438b","Action_14","Morph_31","PILI","Stopbehaviour","Grab","Grab.3","Bossou",-2.29263476214088,0.00805585392051558,0.023093447905478
"5372","280208","Action_34","Morph_66","NA_chimp","Sexualattention","Objectshake","ObjectShake.2","Bossou",0.920282753143692,0.00322234156820623,0.014500537056928
"5373","280208","Action_45","Morph_100","NA_chimp","Sexualattention","Reach","Reach.1","Bossou",0.142367241286922,0.0435016111707841,0.0719656283566058
"5374","280208","Action_42","Morph_88","NA_chimp","Sexualattention","Push","Push.1","Bossou",-0.0682788407532944,0.0128893662728249,0.0596133190118153
"5375","280588","Action_50","Morph_107","JEJE","Play","Shake","Shake.1","Bossou",-1.04982212449868,0.0139634801288937,0.0343716433941998
"5376","280588","Action_54","Morph_114","JEJE","Play","Stancebipedal","StanceBipedal.1","Bossou",-0.916290731874155,0.0171858216970999,0.0171858216970999
"5377","280588","Action_50","Morph_107","JEJE","Play","Shake","Shake.1","Bossou",-1.60445037092306,0.0139634801288937,0.0343716433941998
"5378","280588","Action_57","Morph_119","JEJE","Play","Stompobject","StompObject.5","Bossou",-0.796287939479459,0.00322234156820623,0.0236305048335124
"5379","280588","Action_57","Morph_119","JEJE","Play","Stompobject","StompObject.5","Bossou",-0.18152187662339,0.00322234156820623,0.0236305048335124
"5380","280588","Action_57","Morph_115","JEJE","Play","Stompobject","StompObject.1","Bossou",-1.2623083813389,0.0150375939849624,0.0236305048335124
"5381","280588","Action_57","Morph_115","JEJE","Play","Stompobject","StompObject.1","Bossou",-1.14885350510486,0.0150375939849624,0.0236305048335124
"5382","280588","Action_43","Morph_96","JEJE","Play","Raise","Raise.1","Bossou",-0.596020469829223,0.0268528464017186,0.0349087003222342
"5383","280164","Action_38","Morph_75","FOTAIU","Directattention","Present","Present.1","Bossou",0.766397642299538,0.0150375939849624,0.0596133190118153
"5384","280158","Action_8","Morph_19","JEJE","Playcontinue","Dangle","Dangle.1","Bossou",-0.433864582629862,0.0257787325456498,0.0257787325456498
"5385","280158","Action_8","Morph_19","JEJE","Playcontinue","Dangle","Dangle.1","Bossou",-0.638658995275876,0.0257787325456498,0.0257787325456498
"5386","280158","Action_8","Morph_19","JEJE","Playcontinue","Dangle","Dangle.1","Bossou",-0.253602758798918,0.0257787325456498,0.0257787325456498
"5387","280158","Action_9","Morph_20","JEJE","Playcontinue","Dangleshake","DangleShake.1","Bossou",0.832909122935104,0.00268528464017186,0.00268528464017186
"5388","280158","Action_8","Morph_19","JEJE","Playcontinue","Dangle","Dangle.1","Bossou",-0.134674903326602,0.0257787325456498,0.0257787325456498
"5389","280158","Action_55","Morph_116","JEJE","Playcontinue","Stompingobject","StompObject.2","Bossou",-1.21402314017944,0.00912996777658432,0.0150375939849624
"5390","280158","Action_60","Morph_128","JEJE","Playcontinue","Swing","Swing.2","Bossou",-0.0222456089473197,0.0037593984962406,0.0370569280343716
"5391","280158","Action_57","Morph_118","JEJE","Playcontinue","Stompobject","StompObject.4","Bossou",-0.574475650842447,0.00429645542427497,0.0236305048335124
"5392","280158","Action_34","Morph_65","JEJE","Playcontinue","Objectshake","ObjectShake.1","Bossou",0.78754785598143,0.00966702470461869,0.014500537056928
"5393","280158","Action_17","Morph_39","JEJE","Playcontinue","Hitobject","HitObject.1","Bossou",-0.27443684570176,0.0327604726100967,0.0408163265306122
"5394","280158","Action_33","Morph_61","JEJE","Playcontinue","Objectmove","ObjectMove.1","Bossou",0.0449733656427312,0.0193340494092374,0.0349087003222342
"5395","280510a","Action_38","Morph_77","JEJE","Directattention","Present","Present.3","Bossou",0.956664626012428,0.0166487647690655,0.0596133190118153
"5396","280316a","Action_13","Morph_27","TUA","Moveaway","Fling","Fling.1","Bossou",-0.70117935225721,0.056390977443609,0.0773361976369495
"5397","280316a","Action_13","Morph_27","TUA","Moveaway","Fling","Fling.1","Bossou",-0.70117935225721,0.056390977443609,0.0773361976369495
"5398","280316a","Action_13","Morph_27","TUA","Moveaway","Fling","Fling.1","Bossou",-0.715392789507265,0.056390977443609,0.0773361976369495
"5399","280412a","Action_40","Morph_82","NA_chimp","Sexualattention","Presentgenitalsforwards","PresentGenitals.1","Bossou",0.19062035960865,0.0354457572502685,0.00859291084854995
"5400","280412a","Action_40","Morph_82","NA_chimp","Sexualattention","Presentgenitalsforwards","PresentGenitals.1","Bossou",-0.403467105445491,0.0354457572502685,0.00859291084854995
"5401","280412a","Action_43","Morph_96","NA_chimp","Sexualattention","Raise","Raise.1","Bossou",-0.350976922824095,0.0268528464017186,0.0349087003222342
"5402","280412a","Action_43","Morph_98","NA_chimp","Sexualattention","Raise","Raise.3","Bossou",0.438899884194402,0.00590762620837809,0.0349087003222342
"5403","280458","Action_13","Morph_27","JIRE","Stopbehaviour","Fling","Fling.1","Bossou",-0.693147180559945,0.056390977443609,0.0773361976369495
"5404","280458","Action_45","Morph_100","JIRE","Stopbehaviour","Reach","Reach.1","Bossou",-1.69826912614072,0.0435016111707841,0.0719656283566058
"5405","280115b","Action_28","Morph_57","FOTAIU","Sociosexualattention","Locomotebipedal","LocomoteBipedal.2","Bossou",0.27002713721306,0.00429645542427497,0.0155746509129968
"5406","280115b","Action_39","Morph_82","FOTAIU","Sociosexualattention","Presentgenitalsbackwards","PresentGenitals.1","Bossou",-0.145025772050258,0.0354457572502685,0.0290010741138561
"5407","280115b","Action_50","Morph_108","FOTAIU","Sociosexualattention","Shake","Shake.2","Bossou",-0.401971218853909,0.00214822771213749,0.0343716433941998
"5408","280218a","Action_23","Morph_48","YOLO","Affiliation","Hittingother","HitOther.4","Bossou",-0.397496938458987,0.00429645542427497,0.00483351235230934
"5409","280218a","Action_36","Morph_73","YOLO","Affiliation","Overstance","OverStance.2","Bossou",-0.115410851511328,0.00483351235230934,0.0134264232008593
"5410","280154a","Action_39","Morph_82","VUAVUA","Sexualattention","Presentgenitalsbackwards","PresentGenitals.1","Bossou",-0.318828801448618,0.0354457572502685,0.0290010741138561
"5411","280457b","Action_38","Morph_77","NINA","Groom","Present","Present.3","Bossou",-0.874669057183336,0.0166487647690655,0.0596133190118153
"5412","280340b","Action_4","Morph_10","JOKURO","Affiliation","Bitekiss","Bite.2","Bossou",-0.313341819232359,0.0128893662728249,0.0306122448979592
"5413","280177","Action_45","Morph_100","NINA","Climbonme","Reach","Reach.1","Bossou",-0.302457358033935,0.0435016111707841,0.0719656283566058
"5414","280177","Action_38","Morph_75","NINA","Climbonme","Present","Present.1","Bossou",0.509825123432407,0.0150375939849624,0.0596133190118153
"5415","280228a","Action_4","Morph_13","VUI","Affiliation","Bitekiss","Bite.5","Bossou",-0.565633860260986,0.0075187969924812,0.0306122448979592
"5416","280048b","Action_21","Morph_44","JEJE","Play","Hittingobject","HitObject.6","Bossou",-0.532730459154041,0.00161117078410311,0.0118152524167562
"5417","280324","Action_42","Morph_91","VUI","Climbonme","Push","Push.4","Bossou",0.443402947448557,0.00805585392051558,0.0596133190118153
"5418","280324","Action_42","Morph_91","VUI","Climbonme","Push","Push.4","Bossou",-0.186329578191493,0.00805585392051558,0.0596133190118153
"5419","280031","Action_20","Morph_46","PELEY","Play","Hitother","HitOther.2","Bossou",-0.693147180559945,0.00805585392051558,0.0402792696025779
"5420","280188","Action_45","Morph_100","NINA","Groom","Reach","Reach.1","Bossou",-0.534435489405125,0.0435016111707841,0.0719656283566058
"5421","2805012","Action_38","Morph_75","JEJE","Directattention","Present","Present.1","Bossou",1.06574468504249,0.0150375939849624,0.0596133190118153
"5422","280482","Action_40","Morph_82","VUI","Sexualattention","Presentgenitalsforwards","PresentGenitals.1","Bossou",-0.834710744881732,0.0354457572502685,0.00859291084854995
"5423","280159","Action_38","Morph_79","YOLO","Directattention","Present","Present.5","Bossou",0.578858034157818,0.0134264232008593,0.0596133190118153
"5424","280052a","Action_29","Morph_58","PELEY","Play","Locomotegallop","LocomoteGallop.1","Bossou",-0.146182510178081,0.0134264232008593,0.0134264232008593
"5425","280052a","Action_14","Morph_30","PELEY","Play","Grab","Grab.2","Bossou",-0.814185508937001,0.00429645542427497,0.023093447905478
"5426","280595b","Action_13","Morph_27","YOLO","Moveaway","Fling","Fling.1","Bossou",-0.725670372265505,0.056390977443609,0.0773361976369495
"5427","280460a","Action_60","Morph_127","NTO","Play","Swing","Swing.1","Bossou",-0.481266821524446,0.0306122448979592,0.0370569280343716
"5428","280345","Action_55","Morph_117","NA_chimp","Sexualattention","Stompingobject","StompObject.3","Bossou",-0.328504066972036,0.00429645542427497,0.0150375939849624
"5429","280345","Action_55","Morph_117","NA_chimp","Sexualattention","Stompingobject","StompObject.3","Bossou",-0.562118918153541,0.00429645542427497,0.0150375939849624
"5430","280345","Action_5","Morph_17","NA_chimp","Sexualattention","Bounce","Bounce.1","Bossou",0.182321556793955,0.0204081632653061,0.0204081632653061
"5431","280345","Action_24","Morph_51","NA_chimp","Sexualattention","Jump","Jump.1","Bossou",-0.328504066972036,0.0128893662728249,0.0128893662728249
"5432","280345","Action_20","Morph_46","NA_chimp","Sexualattention","Hitother","HitOther.2","Bossou",-0.865122445299756,0.00805585392051558,0.0402792696025779
"5433","280331","Action_64","Morph_138","NA_chimp","Affiliation","Touchlongother","Touch.7","Bossou",1.03318448334565,0.0107411385606874,0.0112781954887218
"5434","280505","Action_40","Morph_82","FOAF","Travel","Presentgenitalsforwards","PresentGenitals.1","Bossou",-0.567395975254385,0.0354457572502685,0.00859291084854995
"5435","280505","Action_55","Morph_117","FOAF","Travel","Stompingobject","StompObject.3","Bossou",-0.693147180559945,0.00429645542427497,0.0150375939849624
"5436","280651a","Action_8","Morph_19","PELEY","Play","Dangle","Dangle.1","Bossou",-0.403467105445491,0.0257787325456498,0.0257787325456498
"5437","280651a","Action_24","Morph_51","PELEY","Play","Jump","Jump.1","Bossou",0.406797553341943,0.0128893662728249,0.0128893662728249
"5438","280651a","Action_24","Morph_51","PELEY","Play","Jump","Jump.1","Bossou",0.449800921928216,0.0128893662728249,0.0128893662728249
"5439","280651a","Action_24","Morph_51","PELEY","Play","Jump","Jump.1","Bossou",0.398776119957368,0.0128893662728249,0.0128893662728249
"5440","280651a","Action_24","Morph_51","PELEY","Play","Jump","Jump.1","Bossou",0.368109321564396,0.0128893662728249,0.0128893662728249
"5441","280651a","Action_24","Morph_51","PELEY","Play","Jump","Jump.1","Bossou",0.263901543786378,0.0128893662728249,0.0128893662728249
"5442","280651a","Action_24","Morph_51","PELEY","Play","Jump","Jump.1","Bossou",0.288181947493432,0.0128893662728249,0.0128893662728249
"5443","280103","Action_13","Morph_28","TUA","Moveaway","Fling","Fling.2","Bossou",-1.14570389620196,0.0209452201933405,0.0773361976369495
"5444","280381","Action_38","Morph_76","NA_chimp","Directattention","Present","Present.2","Bossou",0.170586300575534,0.00590762620837809,0.0596133190118153
"5445","280252b","Action_13","Morph_27","YOLO","Stopbehaviour","Fling","Fling.1","Bossou",-0.0714960017050699,0.056390977443609,0.0773361976369495
"5446","280252b","Action_13","Morph_27","YOLO","Stopbehaviour","Fling","Fling.1","Bossou",-0.0618754037180875,0.056390977443609,0.0773361976369495
"5447","280568","Action_1","Morph_1","FOTAIU","Climbonme","Beckon","Beckon.1","Bossou",-0.243346258631729,0.00966702470461869,0.0123523093447905
"5448","280568","Action_21","Morph_43","FOTAIU","Climbonme","Hittingobject","HitObject.5","Bossou",-0.50916034444693,0.00537056928034372,0.0118152524167562
"5449","280568","Action_21","Morph_43","FOTAIU","Climbonme","Hittingobject","HitObject.5","Bossou",-0.355247391947547,0.00537056928034372,0.0118152524167562
"5450","280568","Action_17","Morph_39","FOTAIU","Climbonme","Hitobject","HitObject.1","Bossou",-0.565633860260986,0.0327604726100967,0.0408163265306122
"5451","280568","Action_38","Morph_77","FOTAIU","Climbonme","Present","Present.3","Bossou",0.962792565525575,0.0166487647690655,0.0596133190118153
"5452","280572b","Action_33","Morph_61","JEJE","Play","Objectmove","ObjectMove.1","Bossou",-1.79576749062559,0.0193340494092374,0.0349087003222342
"5453","280572b","Action_17","Morph_39","JEJE","Play","Hitobject","HitObject.1","Bossou",-1.38629436111989,0.0327604726100967,0.0408163265306122
"5454","280572b","Action_57","Morph_119","JEJE","Play","Stompobject","StompObject.5","Bossou",-1.45243416362444,0.00322234156820623,0.0236305048335124
"5455","280572b","Action_55","Morph_117","JEJE","Play","Stompingobject","StompObject.3","Bossou",-0.959720289801491,0.00429645542427497,0.0150375939849624
"5456","280572b","Action_57","Morph_119","JEJE","Play","Stompobject","StompObject.5","Bossou",-1.00239343092757,0.00322234156820623,0.0236305048335124
"5457","280572b","Action_29","Morph_58","JEJE","Play","Locomotegallop","LocomoteGallop.1","Bossou",-0.332679438382517,0.0134264232008593,0.0134264232008593
"5458","280572b","Action_43","Morph_96","JEJE","Play","Raise","Raise.1","Bossou",-1.14885350510486,0.0268528464017186,0.0349087003222342
"5459","280572b","Action_17","Morph_39","JEJE","Play","Hitobject","HitObject.1","Bossou",-1.78976146656538,0.0327604726100967,0.0408163265306122
"5460","280572b","Action_17","Morph_39","JEJE","Play","Hitobject","HitObject.1","Bossou",-1.60445037092306,0.0327604726100967,0.0408163265306122
"5461","280101","Action_13","Morph_27","TUA","Moveaway","Fling","Fling.1","Bossou",-0.481266821524446,0.056390977443609,0.0773361976369495
"5462","280101","Action_17","Morph_39","TUA","Moveaway","Hitobject","HitObject.1","Bossou",-0.567395975254385,0.0327604726100967,0.0408163265306122
"5463","280347","Action_64","Morph_138","KAI","Affiliation","Touchlongother","Touch.7","Bossou",1.15373158788919,0.0107411385606874,0.0112781954887218
"5464","280583","Action_63","Morph_134","JIRE","Position","Touch","Touch.3","Bossou",-0.596020469829223,0.00698174006444683,0.0429645542427497
"5465","280355b","Action_63","Morph_138","NA_chimp","Affiliation","Touch","Touch.7","Bossou",0.243730184922598,0.0107411385606874,0.0429645542427497
"5466","280390","Action_39","Morph_82","FANA","Sexualattention","Presentgenitalsbackwards","PresentGenitals.1","Bossou",1.03354029192439,0.0354457572502685,0.0290010741138561
"5467","280217","Action_50","Morph_109","NA_chimp","Sexualattention","Shake","Shake.3","Bossou",-1.16155208844198,0.0177228786251343,0.0343716433941998
"5468","280372","Action_42","Morph_88","TUA","Position","Push","Push.1","Bossou",-1.48280526150073,0.0128893662728249,0.0596133190118153
"5469","280510b","Action_42","Morph_90","PELEY","Position","Push","Push.3","Bossou",0.876301723657792,0.0134264232008593,0.0596133190118153
"5470","280328","Action_63","Morph_135","YO","Stopbehaviour","Touch","Touch.4","Bossou",-0.832409247893453,0.00483351235230934,0.0429645542427497
"5471","280080","Action_64","Morph_132","JEJE","Giveme","Touchlongother","Touch.1","Bossou",-0.0618754037180875,0.00859291084854995,0.0112781954887218
"5472","280119","Action_13","Morph_27","JIRE","Stopbehaviour","Fling","Fling.1","Bossou",-0.807436326962073,0.056390977443609,0.0773361976369495
"5473","280534b","Action_42","Morph_93","FOAF","Stopbehaviour","Push","Push.6","Bossou",-0.50916034444693,0.00805585392051558,0.0596133190118153
"5474","280027","Action_42","Morph_90","FANLE","Position","Push","Push.3","Bossou",-0.404965233066513,0.0134264232008593,0.0596133190118153
"5475","280027","Action_42","Morph_91","FANLE","Position","Push","Push.4","Bossou",-1.32050662058189,0.00805585392051558,0.0596133190118153
"5476","280027","Action_42","Morph_90","FANLE","Position","Push","Push.3","Bossou",-0.837017550979647,0.0134264232008593,0.0596133190118153
"5477","280033","Action_42","Morph_91","PELEY","Travel","Push","Push.4","Bossou",-0.837017550979647,0.00805585392051558,0.0596133190118153
"5478","280033","Action_42","Morph_90","PELEY","Travel","Push","Push.3","Bossou",-1.00239343092757,0.0134264232008593,0.0596133190118153
"5479","280357","Action_34","Morph_65","JA","Play","Objectshake","ObjectShake.1","Bossou",1.02604159583327,0.00966702470461869,0.014500537056928
"5480","280357","Action_48","Morph_104","JA","Play","Rollover","RollOver.1","Bossou",1.0952733874026,0.00429645542427497,0.00429645542427497
"5481","280316b","Action_43","Morph_96","VUI","Stopbehaviour","Raise","Raise.1","Bossou",-0.752897184965719,0.0268528464017186,0.0349087003222342
"5482","280316b","Action_13","Morph_27","VUI","Stopbehaviour","Fling","Fling.1","Bossou",-1.39030238251743,0.056390977443609,0.0773361976369495
"5483","280197","Action_63","Morph_140","YO","Staysame","Touch","Touch.9","Bossou",0.651804217025563,0.00698174006444683,0.0429645542427497
"5484","280412b","Action_39","Morph_82","PAMA","Sexualattention","Presentgenitalsbackwards","PresentGenitals.1","Bossou",0.157003748809665,0.0354457572502685,0.0290010741138561
"5485","280218b","Action_39","Morph_82","PAMA","Affiliation","Presentgenitalsbackwards","PresentGenitals.1","Bossou",0.0188217542405877,0.0354457572502685,0.0290010741138561
"5486","280154b","Action_40","Morph_82","YOLO","Sexualattention","Presentgenitalsforwards","PresentGenitals.1","Bossou",0.352064331381049,0.0354457572502685,0.00859291084854995
"5487","280115a","Action_5","Morph_17","JIRE","Sociosexualattention","Bounce","Bounce.1","Bossou",0.332894415273329,0.0204081632653061,0.0204081632653061
"5488","280115a","Action_36","Morph_72","JIRE","Sociosexualattention","Overstance","OverStance.1","Bossou",-0.486133011175619,0.00698174006444683,0.0134264232008593
"5489","280196","Action_45","Morph_100","KAI","Affiliation","Reach","Reach.1","Bossou",0.188966099512623,0.0435016111707841,0.0719656283566058
"5490","280340a","Action_4","Morph_10","PAMA","Affiliation","Bitekiss","Bite.2","Bossou",0.327143141332695,0.0128893662728249,0.0306122448979592
"5491","280356","Action_38","Morph_77","JIRE","Givemenurse","Present","Present.3","Bossou",0.113328685307003,0.0166487647690655,0.0596133190118153
"5492","280356","Action_45","Morph_100","JIRE","Givemenurse","Reach","Reach.1","Bossou",-0.0512932943875506,0.0435016111707841,0.0719656283566058
"5493","280228b","Action_4","Morph_13","KAI","Affiliation","Bitekiss","Bite.5","Bossou",-1.30195321268614,0.0075187969924812,0.0306122448979592
"5494","280048a","Action_61","Morph_130","PELEY","Play","Throwobject","ThrowObject.1","Bossou",-0.525939261576039,0.0161117078410312,0.0161117078410312
"5495","280048a","Action_20","Morph_46","PELEY","Play","Hitother","HitOther.2","Bossou",-0.457284856837961,0.00805585392051558,0.0402792696025779
"5496","280048a","Action_21","Morph_43","PELEY","Play","Hittingobject","HitObject.5","Bossou",-0.524248644098131,0.00537056928034372,0.0118152524167562
"5497","280026","Action_14","Morph_34","FANLE","Playcontinue","Grab","Grab.6","Bossou",-0.567395975254385,0.00161117078410311,0.023093447905478
"5498","280118","Action_13","Morph_27","FOTAIU","Stopbehaviour","Fling","Fling.1","Bossou",-0.687165108882398,0.056390977443609,0.0773361976369495
"5499","280081","Action_63","Morph_132","JEJE","Giveme","Touch","Touch.1","Bossou",-0.08446915662645,0.00859291084854995,0.0429645542427497
"5500","280354","Action_39","Morph_82","JIRE","Sociosexualattention","Presentgenitalsbackwards","PresentGenitals.1","Bossou",-0.166054584330083,0.0354457572502685,0.0290010741138561
"5501","280391","Action_11","Morph_24","VELU","Support","Embrace","Embrace.3","Bossou",-0.0449973659307358,0.00214822771213749,0.00859291084854995
"5502","2805011","Action_38","Morph_77","JEJE","Directattention","Present","Present.3","Bossou",1.45977713787969,0.0166487647690655,0.0596133190118153
"5503","280604a","Action_60","Morph_127","FANLE","Play","Swing","Swing.1","Bossou",0.0334347760862374,0.0306122448979592,0.0370569280343716
"5504","280604a","Action_60","Morph_127","FANLE","Play","Swing","Swing.1","Bossou",0.361164849211584,0.0306122448979592,0.0370569280343716
"5505","280604a","Action_9","Morph_20","FANLE","Play","Dangleshake","DangleShake.1","Bossou",-0.510825623765991,0.00268528464017186,0.00268528464017186
"5506","280604a","Action_8","Morph_19","FANLE","Play","Dangle","Dangle.1","Bossou",-0.596020469829223,0.0257787325456498,0.0257787325456498
"5507","280209","Action_42","Morph_88","NA_chimp","Position","Push","Push.1","Bossou",-0.208254938820459,0.0128893662728249,0.0596133190118153
"5508","280460b","Action_60","Morph_127","FOTAIU","Play","Swing","Swing.1","Bossou",-0.659712404473708,0.0306122448979592,0.0370569280343716
"5509","280595a","Action_45","Morph_100","JEJE","Giveme","Reach","Reach.1","Bossou",-1.00239343092757,0.0435016111707841,0.0719656283566058
"5510","280167a","Action_43","Morph_96","TUA","Groom","Raise","Raise.1","Bossou",-0.215671536475509,0.0268528464017186,0.0349087003222342
"5511","280346","Action_8","Morph_19","JA","Play","Dangle","Dangle.1","Bossou",0.503801008829026,0.0257787325456498,0.0257787325456498
"5512","280346","Action_60","Morph_127","JA","Play","Swing","Swing.1","Bossou",-0.400477566597125,0.0306122448979592,0.0370569280343716
"5513","280100","Action_17","Morph_39","TUA","Moveaway","Hitobject","HitObject.1","Bossou",-0.562118918153541,0.0327604726100967,0.0408163265306122
"5514","280569","Action_20","Morph_46","VELU","Moveaway","Hitother","HitOther.2","Bossou",-0.455706324544911,0.00805585392051558,0.0402792696025779
"5515","280506","Action_39","Morph_82","FANA","Sexualattention","Presentgenitalsbackwards","PresentGenitals.1","Bossou",-0.76142602131324,0.0354457572502685,0.0290010741138561
"5516","280380","Action_38","Morph_75","NA_chimp","Directattention","Present","Present.1","Bossou",0.858237800425538,0.0150375939849624,0.0596133190118153
"5517","280251b","Action_23","Morph_48","JURU","Play","Hittingother","HitOther.4","Bossou",-0.213193220461042,0.00429645542427497,0.00483351235230934
"5518","280251b","Action_20","Morph_49","JURU","Play","Hitother","HitOther.5","Bossou",-1.45243416362444,0.00268528464017186,0.0402792696025779
"5519","280571b","Action_17","Morph_39","FOTAIU","Stopbehaviour","Hitobject","HitObject.1","Bossou",-0.916290731874155,0.0327604726100967,0.0408163265306122
"5520","280571b","Action_17","Morph_39","FOTAIU","Stopbehaviour","Hitobject","HitObject.1","Bossou",-1.89711998488588,0.0327604726100967,0.0408163265306122
"5521","280571b","Action_17","Morph_39","FOTAIU","Stopbehaviour","Hitobject","HitObject.1","Bossou",-1.09661428600544,0.0327604726100967,0.0408163265306122
"5522","280571b","Action_57","Morph_115","FOTAIU","Stopbehaviour","Stompobject","StompObject.1","Bossou",-1.78976146656538,0.0150375939849624,0.0236305048335124
"5523","280259a","Action_16","Morph_38","YOLO","Play","Headstand","HeadStand.1","Bossou",-0.823255865906966,0.00161117078410311,0.00161117078410311
"5524","280259a","Action_51","Morph_111","YOLO","Play","Spinpirouette","SpinPirouette.1","Bossou",0.123102197133983,0.00322234156820623,0.00322234156820623
"5525","280259a","Action_20","Morph_45","YOLO","Play","Hitother","HitOther.1","Bossou",-1.33180617583582,0.0263157894736842,0.0402792696025779
"5526","280083","Action_38","Morph_75","JIRE","Directattention","Present","Present.1","Bossou",0.661656513468574,0.0150375939849624,0.0596133190118153
"5527","280207","Action_38","Morph_75","NINA","Climbonme","Present","Present.1","Bossou",-0.00300450902029872,0.0150375939849624,0.0596133190118153
"5528","280601b","Action_8","Morph_19","JURU","Playcontinue","Dangle","Dangle.1","Bossou",-0.455706324544911,0.0257787325456498,0.0257787325456498
"5529","280246","Action_13","Morph_27","JIRE","Moveaway","Fling","Fling.1","Bossou",-0.752897184965719,0.056390977443609,0.0773361976369495
"5530","280529","Action_62","Morph_131","FANWA","Stopbehaviour","Throwthreat","ThrowThreat.1","Bossou",-0.0682788407532944,0.0193340494092374,0.0193340494092374
"5531","280529","Action_54","Morph_114","FANWA","Stopbehaviour","Stancebipedal","StanceBipedal.1","Bossou",-1.09961278900169,0.0171858216970999,0.0171858216970999
"5532","280135b","Action_39","Morph_82","VEVE","Sexualattention","Presentgenitalsbackwards","PresentGenitals.1","Bossou",0.287432041196572,0.0354457572502685,0.0290010741138561
"5533","280420","Action_13","Morph_27","YOLO","Stopbehaviour","Fling","Fling.1","Bossou",-0.309246250367621,0.056390977443609,0.0773361976369495
"5534","280014b","Action_13","Morph_27","FOKAIYE","Stopbehaviour","Fling","Fling.1","Bossou",-0.50916034444693,0.056390977443609,0.0773361976369495
"5535","280014b","Action_24","Morph_51","FOKAIYE","Stopbehaviour","Jump","Jump.1","Bossou",-0.916290731874155,0.0128893662728249,0.0128893662728249
"5536","280014b","Action_24","Morph_51","FOKAIYE","Stopbehaviour","Jump","Jump.1","Bossou",-0.913793851675568,0.0128893662728249,0.0128893662728249
"5537","280014b","Action_20","Morph_45","FOKAIYE","Stopbehaviour","Hitother","HitOther.1","Bossou",-0.76142602131324,0.0263157894736842,0.0402792696025779
"5538","280532","Action_42","Morph_91","FANLE","Position","Push","Push.4","Bossou",-2.01740615076038,0.00805585392051558,0.0596133190118153
"5539","280144","Action_39","Morph_82","VUAVUA","Sexualattention","Presentgenitalsbackwards","PresentGenitals.1","Bossou",0.0148886124937506,0.0354457572502685,0.0290010741138561
"5540","280262","Action_16","Morph_38","YOLO","Play","Headstand","HeadStand.1","Bossou",-0.138113302129634,0.00161117078410311,0.00161117078410311
"5541","280426","Action_38","Morph_77","NINA","Directattention","Present","Present.3","Bossou",1.07158361628019,0.0166487647690655,0.0596133190118153
"5542","280179","Action_4","Morph_10","NTO","Affiliation","Bitekiss","Bite.2","Bossou",-0.891598119283784,0.0128893662728249,0.0306122448979592
"5543","280200a","Action_14","Morph_33","NINA","Playcontinue","Grab","Grab.5","Bossou",-0.29035230100766,0.00537056928034372,0.023093447905478
"5544","280200a","Action_14","Morph_33","NINA","Playcontinue","Grab","Grab.5","Bossou",-0.70117935225721,0.00537056928034372,0.023093447905478
"5545","280267","Action_50","Morph_109","VUI","Sexualattention","Shake","Shake.3","Bossou",-0.0242926925690446,0.0177228786251343,0.0343716433941998
"5546","280267","Action_5","Morph_17","VUI","Sexualattention","Bounce","Bounce.1","Bossou",-0.379797361359587,0.0204081632653061,0.0204081632653061
"5547","280315b","Action_45","Morph_100","YO","Affiliation","Reach","Reach.1","Bossou",-0.220646671115623,0.0435016111707841,0.0719656283566058
"5548","280092","Action_38","Morph_77","JIRE","Directattention","Present","Present.3","Bossou",-1.27296567581289,0.0166487647690655,0.0596133190118153
"5549","280157b","Action_33","Morph_61","JEJE","Play","Objectmove","ObjectMove.1","Bossou",0.494086299761693,0.0193340494092374,0.0349087003222342
"5550","280157b","Action_33","Morph_61","JEJE","Play","Objectmove","ObjectMove.1","Bossou",0.70408712059828,0.0193340494092374,0.0349087003222342
"5551","280648a","Action_50","Morph_107","PELEY","Attendme","Shake","Shake.1","Bossou",-1.09661428600544,0.0139634801288937,0.0343716433941998
"5552","280648a","Action_50","Morph_107","PELEY","Attendme","Shake","Shake.1","Bossou",-1.79576749062559,0.0139634801288937,0.0343716433941998
"5553","280648a","Action_60","Morph_127","PELEY","Attendme","Swing","Swing.1","Bossou",-0.104250021373799,0.0306122448979592,0.0370569280343716
"5554","280648a","Action_20","Morph_45","PELEY","Attendme","Hitother","HitOther.1","Bossou",-0.142716302201595,0.0263157894736842,0.0402792696025779
"5555","280648a","Action_63","Morph_132","PELEY","Attendme","Touch","Touch.1","Bossou",-0.455706324544911,0.00859291084854995,0.0429645542427497
"5556","280648a","Action_20","Morph_45","PELEY","Attendme","Hitother","HitOther.1","Bossou",-0.916290731874155,0.0263157894736842,0.0402792696025779
"5557","280648a","Action_33","Morph_62","PELEY","Attendme","Objectmove","ObjectMove.2","Bossou",0.337899788612398,0.0123523093447905,0.0349087003222342
"5558","280545a","Action_61","Morph_130","FOTAIU","Playcontinue","Throwobject","ThrowObject.1","Bossou",-0.265268477614881,0.0161117078410312,0.0161117078410312
"5559","280545a","Action_8","Morph_19","FOTAIU","Playcontinue","Dangle","Dangle.1","Bossou",-0.265268477614881,0.0257787325456498,0.0257787325456498
"5560","280545a","Action_60","Morph_127","FOTAIU","Playcontinue","Swing","Swing.1","Bossou",-0.0682788407532944,0.0306122448979592,0.0370569280343716
"5561","280589b","Action_20","Morph_46","JEJE","Play","Hitother","HitOther.2","Bossou",-0.0855578883616465,0.00805585392051558,0.0402792696025779
"5562","280406","Action_41","Morph_84","NA_chimp","Play","Pull","Pull.1","Bossou",-0.17197526473981,0.0037593984962406,0.0177228786251343
"5563","280178","Action_4","Morph_10","JIRE","Affiliation","Bitekiss","Bite.2","Bossou",-0.867500567704723,0.0128893662728249,0.0306122448979592
"5564","280085","Action_4","Morph_15","FANLE","Staysame","Bitekiss","Bite.7","Bossou",-0.964955903855436,0.0037593984962406,0.0306122448979592
"5565","280433","Action_38","Morph_75","PAMA","Groom","Present","Present.1","Bossou",1.1999647829284,0.0150375939849624,0.0596133190118153
"5566","280165","Action_43","Morph_96","FOKAIYE","Sociosexualattention","Raise","Raise.1","Bossou",-0.105360515657826,0.0268528464017186,0.0349087003222342
"5567","280263","Action_64","Morph_134","YOLO","Support","Touchlongother","Touch.3","Bossou",1.1718627504077,0.00698174006444683,0.0112781954887218
"5568","280341b","Action_3","Morph_15","FOAF","Affiliation","Bite","Bite.7","Bossou",-0.278392025544688,0.0037593984962406,0.00644468313641246
"5569","280421","Action_20","Morph_45","JOYA","Play","Hitother","HitOther.1","Bossou",-1.09961278900169,0.0263157894736842,0.0402792696025779
"5570","280174","Action_43","Morph_96","KAI","Affiliation","Raise","Raise.1","Bossou",-0.527632742082372,0.0268528464017186,0.0349087003222342
"5571","280174","Action_43","Morph_96","KAI","Affiliation","Raise","Raise.1","Bossou",-2.7333680090865,0.0268528464017186,0.0349087003222342
"5572","280082","Action_38","Morph_77","YOLO","Groom","Present","Present.3","Bossou",-0.725670372265505,0.0166487647690655,0.0596133190118153
"5573","280222a","Action_4","Morph_13","JIRE","Affiliation","Bitekiss","Bite.5","Bossou",-0.432322562278047,0.0075187969924812,0.0306122448979592
"5574","280156","Action_38","Morph_76","FANA","Directattention","Present","Present.2","Bossou",0.920282753143692,0.00590762620837809,0.0596133190118153
"5575","280206","Action_8","Morph_19","VUAVUA","Playcontinue","Dangle","Dangle.1","Bossou",-0.487760350834995,0.0257787325456498,0.0257787325456498
"5576","280621","Action_61","Morph_130","FANWA","Play","Throwobject","ThrowObject.1","Bossou",-0.834710744881732,0.0161117078410312,0.0161117078410312
"5577","280621","Action_33","Morph_61","FANWA","Play","Objectmove","ObjectMove.1","Bossou",-0.837017550979647,0.0193340494092374,0.0349087003222342
"5578","280621","Action_33","Morph_61","FANWA","Play","Objectmove","ObjectMove.1","Bossou",-1.20397280432594,0.0193340494092374,0.0349087003222342
"5579","280621","Action_17","Morph_39","FANWA","Play","Hitobject","HitObject.1","Bossou",-1.00239343092757,0.0327604726100967,0.0408163265306122
"5580","280509","Action_17","Morph_39","FOAF","Moveaway","Hitobject","HitObject.1","Bossou",-0.50916034444693,0.0327604726100967,0.0408163265306122
"5581","280251a","Action_38","Morph_79","YOLO","Play","Present","Present.5","Bossou",-0.278392025544688,0.0134264232008593,0.0596133190118153
"5582","280508","Action_42","Morph_88","FANA","Moveaway","Push","Push.1","Bossou",-0.309246250367621,0.0128893662728249,0.0596133190118153
"5583","280573","Action_42","Morph_88","JIRE","Moveaway","Push","Push.1","Bossou",-1.00239343092757,0.0128893662728249,0.0596133190118153
"5584","280259b","Action_14","Morph_34","NTO","Play","Grab","Grab.6","Bossou",-0.719491155899547,0.00161117078410311,0.023093447905478
"5585","280259b","Action_23","Morph_48","NTO","Play","Hittingother","HitOther.4","Bossou",-0.213193220461042,0.00429645542427497,0.00483351235230934
"5586","280210","Action_57","Morph_115","NA_chimp","Sexualattention","Stompobject","StompObject.1","Bossou",-0.636766847123838,0.0150375939849624,0.0236305048335124
"5587","280210","Action_55","Morph_117","NA_chimp","Sexualattention","Stompingobject","StompObject.3","Bossou",-0.691149177897272,0.00429645542427497,0.0150375939849624
"5588","280210","Action_57","Morph_115","NA_chimp","Sexualattention","Stompobject","StompObject.1","Bossou",-0.532730459154041,0.0150375939849624,0.0236305048335124
"5589","280210","Action_57","Morph_115","NA_chimp","Sexualattention","Stompobject","StompObject.1","Bossou",-0.980829253011726,0.0150375939849624,0.0236305048335124
"5590","280210","Action_5","Morph_17","NA_chimp","Sexualattention","Bounce","Bounce.1","Bossou",-1.10262031006565,0.0204081632653061,0.0204081632653061
"5591","280204","Action_45","Morph_101","NTO","Climbonyou","Reach","Reach.2","Bossou",-0.532730459154041,0.027389903329753,0.0719656283566058
"5592","280245","Action_13","Morph_27","JIRE","Moveaway","Fling","Fling.1","Bossou",-0.869884359059999,0.056390977443609,0.0773361976369495
"5593","280601a","Action_45","Morph_100","YOLO","Playcontinue","Reach","Reach.1","Bossou",-0.76142602131324,0.0435016111707841,0.0719656283566058
"5594","280601a","Action_45","Morph_100","YOLO","Playcontinue","Reach","Reach.1","Bossou",-1.20064501423326,0.0435016111707841,0.0719656283566058
"5595","280601a","Action_45","Morph_100","YOLO","Playcontinue","Reach","Reach.1","Bossou",-0.75928698306449,0.0435016111707841,0.0719656283566058
"5596","280601a","Action_63","Morph_132","YOLO","Playcontinue","Touch","Touch.1","Bossou",-1.52785792544168,0.00859291084854995,0.0429645542427497
"5597","280185","Action_41","Morph_86","JIRE","Stopbehaviour","Pull","Pull.3","Bossou",-0.661648513500574,0.00698174006444683,0.0177228786251343
"5598","280185","Action_14","Morph_31","JIRE","Stopbehaviour","Grab","Grab.3","Bossou",-2.65926003693278,0.00805585392051558,0.023093447905478
"5599","280327","Action_38","Morph_76","YO","Groom","Present","Present.2","Bossou",-0.610645959048202,0.00590762620837809,0.0596133190118153
"5600","280135a","Action_54","Morph_114","JEJE","Sexualattention","Stancebipedal","StanceBipedal.1","Bossou",-0.0460439385014068,0.0171858216970999,0.0171858216970999
"5601","280531","Action_38","Morph_75","FANA","Directattention","Present","Present.1","Bossou",0.876717956754332,0.0150375939849624,0.0596133190118153
"5602","280314","Action_45","Morph_101","YUNRO","Giveme","Reach","Reach.2","Bossou",0.352767319107715,0.027389903329753,0.0719656283566058
"5603","280028","Action_33","Morph_61","PELEY","Play","Objectmove","ObjectMove.1","Bossou",-0.0682788407532944,0.0193340494092374,0.0349087003222342
"5604","280028","Action_33","Morph_61","PELEY","Play","Objectmove","ObjectMove.1","Bossou",-0.916290731874155,0.0193340494092374,0.0349087003222342
"5605","280028","Action_33","Morph_61","PELEY","Play","Objectmove","ObjectMove.1","Bossou",-0.837017550979647,0.0193340494092374,0.0349087003222342
"5606","280431","Action_42","Morph_88","TUA","Position","Push","Push.1","Bossou",-0.161343150408763,0.0128893662728249,0.0596133190118153
"5607","280200b","Action_60","Morph_127","FOTAIU","Stopbehaviour","Swing","Swing.1","Bossou",-0.220646671115623,0.0306122448979592,0.0370569280343716
"5608","280315a","Action_45","Morph_100","YUNRO","Affiliation","Reach","Reach.1","Bossou",-0.827822083886547,0.0435016111707841,0.0719656283566058
"5609","280091","Action_60","Morph_127","TUA","Position","Swing","Swing.1","Bossou",0.441475545631197,0.0306122448979592,0.0370569280343716
"5610","280455","Action_20","Morph_45","NINA","Takeobjectnurse","Hitother","HitOther.1","Bossou",-0.567395975254385,0.0263157894736842,0.0402792696025779
"5611","280455","Action_38","Morph_77","NINA","Takeobjectnurse","Present","Present.3","Bossou",-0.455706324544911,0.0166487647690655,0.0596133190118153
"5612","280157a","Action_33","Morph_61","FANLE","Play","Objectmove","ObjectMove.1","Bossou",0.827678073517551,0.0193340494092374,0.0349087003222342
"5613","280157a","Action_60","Morph_128","FANLE","Play","Swing","Swing.2","Bossou",-0.00300450902029872,0.0037593984962406,0.0370569280343716
"5614","280157a","Action_33","Morph_61","FANLE","Play","Objectmove","ObjectMove.1","Bossou",0.2207406666979,0.0193340494092374,0.0349087003222342
"5615","280157a","Action_17","Morph_39","FANLE","Play","Hitobject","HitObject.1","Bossou",-0.388607991041741,0.0327604726100967,0.0408163265306122
"5616","280648b","Action_20","Morph_45","FANA","Moveaway","Hitother","HitOther.1","Bossou",-1.00239343092757,0.0263157894736842,0.0402792696025779
"5617","280545b","Action_43","Morph_96","YOLO","Playcontinue","Raise","Raise.1","Bossou",-0.104250021373799,0.0268528464017186,0.0349087003222342
"5618","280589a","Action_29","Morph_58","FANLE","Play","Locomotegallop","LocomoteGallop.1","Bossou",-0.596020469829223,0.0134264232008593,0.0134264232008593
"5619","280029","Action_51","Morph_111","PELEY","Play","Spinpirouette","SpinPirouette.1","Bossou",0.862467925176648,0.00322234156820623,0.00322234156820623
"5620","280430","Action_45","Morph_100","JURU","Giveme","Reach","Reach.1","Bossou",-0.104250021373799,0.0435016111707841,0.0719656283566058
"5621","280430","Action_45","Morph_101","JURU","Giveme","Reach","Reach.2","Bossou",-0.162518929497775,0.027389903329753,0.0719656283566058
"5622","280430","Action_64","Morph_135","JURU","Giveme","Touchlongother","Touch.4","Bossou",0.750944279286162,0.00483351235230934,0.0112781954887218
"5623","280430","Action_45","Morph_101","JURU","Giveme","Reach","Reach.2","Bossou",-0.356674943938732,0.027389903329753,0.0719656283566058
"5624","280530","Action_38","Morph_79","FANA","Groom","Present","Present.5","Bossou",0.155292884406035,0.0134264232008593,0.0596133190118153
"5625","280644","Action_13","Morph_28","FOTAIU","Moveaway","Fling","Fling.2","Bossou",-0.309246250367621,0.0209452201933405,0.0773361976369495
"5626","280341a","Action_28","Morph_57","NA_chimp","Affiliation","Locomotebipedal","LocomoteBipedal.2","Bossou",0.159564569671338,0.00429645542427497,0.0155746509129968
"5627","280341a","Action_54","Morph_114","NA_chimp","Affiliation","Stancebipedal","StanceBipedal.1","Bossou",-0.590590592234853,0.0171858216970999,0.0171858216970999
"5628","280341a","Action_12","Morph_26","NA_chimp","Affiliation","Fingermouth","FingerMouth.1","Bossou",0.213497174262404,0.00429645542427497,0.00429645542427497
"5629","280422","Action_41","Morph_86","JIRE","Climbonme","Pull","Pull.3","Bossou",0.569848964215452,0.00698174006444683,0.0177228786251343
"5630","280222b","Action_4","Morph_13","PAMA","Affiliation","Bitekiss","Bite.5","Bossou",-1.00239343092757,0.0075187969924812,0.0306122448979592
"5631","280288","Action_63","Morph_140","FOTAIU","Staysame","Touch","Touch.9","Bossou",-0.648173814917214,0.00698174006444683,0.0429645542427497
"5632","280068","Action_38","Morph_77","PAMA","Directattention","Present","Present.3","Bossou",1.18601247894894,0.0166487647690655,0.0596133190118153
"5633","280244","Action_13","Morph_27","JIRE","Stopbehaviour","Fling","Fling.1","Bossou",-0.579818495252942,0.056390977443609,0.0773361976369495
"5634","280155","Action_38","Morph_79","FANA","Groom","Present","Present.5","Bossou",-0.0130852395486555,0.0134264232008593,0.0596133190118153
"5635","280205","Action_13","Morph_28","VELU","Moveaway","Fling","Fling.2","Bossou",-0.49429632181478,0.0209452201933405,0.0773361976369495
"5636","280211","Action_48","Morph_104","PILI","Play","Rollover","RollOver.1","Bossou",0.908258560176891,0.00429645542427497,0.00429645542427497
"5637","280051a","Action_20","Morph_45","PELEY","Play","Hitother","HitOther.1","Bossou",-0.640554730440775,0.0263157894736842,0.0402792696025779
"5638","280622","Action_1","Morph_2","JEJE","Affiliation","Beckon","Beckon.2","Bossou",-0.18152187662339,0.00268528464017186,0.0123523093447905
"5639","280628b","Action_13","Morph_27","YO","Stopbehaviour","Fling","Fling.1","Bossou",0.000999500333083423,0.056390977443609,0.0773361976369495
"5640","280576","Action_42","Morph_92","JIRE","Moveaway","Push","Push.5","Bossou",-0.429245636773568,0.00644468313641246,0.0596133190118153
"5641","280576","Action_42","Morph_88","JIRE","Moveaway","Push","Push.1","Bossou",-1.25878104082093,0.0128893662728249,0.0596133190118153
"5642","280486","Action_4","Morph_10","PILI","Affiliation","Bitekiss","Bite.2","Bossou",-1.09661428600544,0.0128893662728249,0.0306122448979592
"5643","280005b","Action_60","Morph_127","VUAVUA","Sexualattention","Swing","Swing.1","Bossou",-0.0682788407532944,0.0306122448979592,0.0370569280343716
"5644","280005b","Action_39","Morph_82","VUAVUA","Sexualattention","Presentgenitalsbackwards","PresentGenitals.1","Bossou",-0.265268477614881,0.0354457572502685,0.0290010741138561
"5645","280005b","Action_39","Morph_82","VUAVUA","Sexualattention","Presentgenitalsbackwards","PresentGenitals.1","Bossou",-0.567395975254385,0.0354457572502685,0.0290010741138561
"5646","280005b","Action_39","Morph_82","VUAVUA","Sexualattention","Presentgenitalsbackwards","PresentGenitals.1","Bossou",-0.18152187662339,0.0354457572502685,0.0290010741138561
"5647","280151","Action_55","Morph_116","JEJE","Play","Stompingobject","StompObject.2","Bossou",-0.433864582629862,0.00912996777658432,0.0150375939849624
"5648","280151","Action_55","Morph_116","JEJE","Play","Stompingobject","StompObject.2","Bossou",-0.433864582629862,0.00912996777658432,0.0150375939849624
"5649","280151","Action_57","Morph_118","JEJE","Play","Stompobject","StompObject.4","Bossou",-0.502526820951296,0.00429645542427497,0.0236305048335124
"5650","280606b","Action_8","Morph_19","FANLE","Playcontinue","Dangle","Dangle.1","Bossou",0.141499562273699,0.0257787325456498,0.0257787325456498
"5651","280606b","Action_20","Morph_45","FANLE","Playcontinue","Hitother","HitOther.1","Bossou",-1.20064501423326,0.0263157894736842,0.0402792696025779
"5652","280240","Action_1","Morph_1","JIRE","Moveclose","Beckon","Beckon.1","Bossou",-0.562118918153541,0.00966702470461869,0.0123523093447905
"5653","280023","Action_42","Morph_93","FOTAIU","Moveaway","Push","Push.6","Bossou",-0.404965233066513,0.00805585392051558,0.0596133190118153
"5654","280023","Action_41","Morph_84","FOTAIU","Moveaway","Pull","Pull.1","Bossou",-1.00239343092757,0.0037593984962406,0.0177228786251343
"5655","280076b","Action_13","Morph_27","JEJE","Stopbehaviour","Fling","Fling.1","Bossou",-1.62964061975162,0.056390977443609,0.0773361976369495
"5656","280518","Action_38","Morph_75","FANLE","Directattention","Present","Present.1","Bossou",1.21491274436427,0.0150375939849624,0.0596133190118153
"5657","280075","Action_13","Morph_27","FANLE","Moveaway","Fling","Fling.1","Bossou",-0.879476758751439,0.056390977443609,0.0773361976369495
"5658","280075","Action_13","Morph_27","FANLE","Moveaway","Fling","Fling.1","Bossou",-0.49593701127224,0.056390977443609,0.0773361976369495
"5659","280075","Action_13","Morph_27","FANLE","Moveaway","Fling","Fling.1","Bossou",-1.08470938349912,0.056390977443609,0.0773361976369495
"5660","280075","Action_13","Morph_27","FANLE","Moveaway","Fling","Fling.1","Bossou",-1.03282454813011,0.056390977443609,0.0773361976369495
"5661","280264","Action_45","Morph_101","YO","Play","Reach","Reach.2","Bossou",-0.0408219945202552,0.027389903329753,0.0719656283566058
"5662","280541","Action_38","Morph_77","VELU","Attendme","Present","Present.3","Bossou",-0.142716302201595,0.0166487647690655,0.0596133190118153
"5663","280016","Action_23","Morph_48","FOKAIYE","Play","Hittingother","HitOther.4","Bossou",-0.691149177897272,0.00429645542427497,0.00483351235230934
"5664","280123a","Action_55","Morph_116","JEJE","Play","Stompingobject","StompObject.2","Bossou",0.0237165266173161,0.00912996777658432,0.0150375939849624
"5665","280123a","Action_57","Morph_118","JEJE","Play","Stompobject","StompObject.4","Bossou",-0.916290731874155,0.00429645542427497,0.0236305048335124
"5666","280123a","Action_50","Morph_107","JEJE","Play","Shake","Shake.1","Bossou",-0.770028224895903,0.0139634801288937,0.0343716433941998
"5667","280123a","Action_55","Morph_116","JEJE","Play","Stompingobject","StompObject.2","Bossou",0.236651901339002,0.00912996777658432,0.0150375939849624
"5668","280123a","Action_1","Morph_1","JEJE","Play","Beckon","Beckon.1","Bossou",-0.265268477614881,0.00966702470461869,0.0123523093447905
"5669","280123a","Action_1","Morph_2","JEJE","Play","Beckon","Beckon.2","Bossou",-0.657780036722654,0.00268528464017186,0.0123523093447905
"5670","280123a","Action_1","Morph_1","JEJE","Play","Beckon","Beckon.1","Bossou",-0.141563564321787,0.00966702470461869,0.0123523093447905
"5671","280123a","Action_17","Morph_41","JEJE","Play","Hitobject","HitObject.3","Bossou",-0.342490308946776,0.00537056928034372,0.0408163265306122
"5672","280123a","Action_60","Morph_128","JEJE","Play","Swing","Swing.2","Bossou",0.330741561912228,0.0037593984962406,0.0370569280343716
"5673","280123a","Action_17","Morph_39","JEJE","Play","Hitobject","HitObject.1","Bossou",-0.481266821524446,0.0327604726100967,0.0408163265306122
"5674","280123a","Action_60","Morph_127","JEJE","Play","Swing","Swing.1","Bossou",0.207014169384326,0.0306122448979592,0.0370569280343716
"5675","280123a","Action_57","Morph_115","JEJE","Play","Stompobject","StompObject.1","Bossou",-0.536143431750281,0.0150375939849624,0.0236305048335124
"5676","280123a","Action_55","Morph_116","JEJE","Play","Stompingobject","StompObject.2","Bossou",0.239803992207317,0.00912996777658432,0.0150375939849624
"5677","280123a","Action_55","Morph_116","JEJE","Play","Stompingobject","StompObject.2","Bossou",0.167207918983906,0.00912996777658432,0.0150375939849624
"5678","280123a","Action_55","Morph_116","JEJE","Play","Stompingobject","StompObject.2","Bossou",-0.449416995637347,0.00912996777658432,0.0150375939849624
"5679","280123a","Action_60","Morph_128","JEJE","Play","Swing","Swing.2","Bossou",0.316998126785834,0.0037593984962406,0.0370569280343716
"5680","280123a","Action_50","Morph_109","JEJE","Play","Shake","Shake.3","Bossou",-0.371063681390832,0.0177228786251343,0.0343716433941998
"5681","280123a","Action_60","Morph_127","JEJE","Play","Swing","Swing.1","Bossou",-0.599656837472606,0.0306122448979592,0.0370569280343716
"5682","280123a","Action_50","Morph_109","JEJE","Play","Shake","Shake.3","Bossou",-1.04128722204884,0.0177228786251343,0.0343716433941998
"5683","280633b","Action_13","Morph_27","JIRE","Stopbehaviour","Fling","Fling.1","Bossou",0.288931291852213,0.056390977443609,0.0773361976369495
"5684","280405a","Action_21","Morph_44","VUI","Play","Hittingobject","HitObject.6","Bossou",-0.0725706928348354,0.00161117078410311,0.0118152524167562
"5685","280405a","Action_17","Morph_41","VUI","Play","Hitobject","HitObject.3","Bossou",-0.210721031315653,0.00537056928034372,0.0408163265306122
"5686","280405a","Action_17","Morph_41","VUI","Play","Hitobject","HitObject.3","Bossou",-0.867500567704723,0.00537056928034372,0.0408163265306122
"5687","280405a","Action_17","Morph_41","VUI","Play","Hitobject","HitObject.3","Bossou",-0.356674943938732,0.00537056928034372,0.0408163265306122
"5688","280405a","Action_17","Morph_39","VUI","Play","Hitobject","HitObject.1","Bossou",-1.07880966137193,0.0327604726100967,0.0408163265306122
"5689","280405a","Action_61","Morph_130","VUI","Play","Throwobject","ThrowObject.1","Bossou",-0.486133011175619,0.0161117078410312,0.0161117078410312
"5690","280323","Action_13","Morph_27","JIRE","Stopbehaviour","Fling","Fling.1","Bossou",-1.17765549600856,0.056390977443609,0.0773361976369495
"5691","280094","Action_45","Morph_100","JEJE","Giveme","Reach","Reach.1","Bossou",0.114221144090023,0.0435016111707841,0.0719656283566058
"5692","280322","Action_13","Morph_28","YUNRO","Moveaway","Fling","Fling.2","Bossou",-0.616186139423817,0.0209452201933405,0.0773361976369495
"5693","280095","Action_45","Morph_100","JEJE","Giveme","Reach","Reach.1","Bossou",-0.182721636815294,0.0435016111707841,0.0719656283566058
"5694","280562a","Action_45","Morph_100","YOLO","Giveme","Reach","Reach.1","Bossou",-0.693147180559945,0.0435016111707841,0.0719656283566058
"5695","280265","Action_2","Morph_3","YO","Travel","Bigloudscratch","BigLoudScratch.1","Bossou",0.370873663338545,0.00322234156820623,0.0241675617615467
"5696","280536a","Action_38","Morph_80","JEJE","Sexualattention","Present","Present.6","Bossou",-0.355247391947547,0.00322234156820623,0.0596133190118153
"5697","280536a","Action_35","Morph_70","JEJE","Sexualattention","Out","Out.1","Bossou",-0.76142602131324,0.0102040816326531,0.0150375939849624
"5698","280024","Action_63","Morph_137","PELEY","Staysame","Touch","Touch.6","Bossou",-1.09661428600544,0.00322234156820623,0.0429645542427497
"5699","280024","Action_36","Morph_73","PELEY","Staysame","Overstance","OverStance.2","Bossou",-1.00239343092757,0.00483351235230934,0.0134264232008593
"5700","280181","Action_45","Morph_100","NTO","Play","Reach","Reach.1","Bossou",-0.551647618286246,0.0435016111707841,0.0719656283566058
"5701","280459","Action_64","Morph_140","JIRE","Affiliation","Touchlongother","Touch.9","Bossou",1.17957764749121,0.00698174006444683,0.0112781954887218
"5702","280143","Action_4","Morph_10","YOLO","Affiliation","Bitekiss","Bite.2","Bossou",-0.432322562278047,0.0128893662728249,0.0306122448979592
"5703","280600a","Action_14","Morph_30","YOLO","Play","Grab","Grab.2","Bossou",-0.834710744881732,0.00429645542427497,0.023093447905478
"5704","280241","Action_13","Morph_27","JIRE","Moveaway","Fling","Fling.1","Bossou",-0.719491155899547,0.056390977443609,0.0773361976369495
"5705","280172","Action_38","Morph_79","JIRE","Groom","Present","Present.5","Bossou",0.202124184090134,0.0134264232008593,0.0596133190118153
"5706","280084","Action_42","Morph_93","YOLO","Moveaway","Push","Push.6","Bossou",-0.435408984481236,0.00805585392051558,0.0596133190118153
"5707","280624a","Action_20","Morph_45","YO","Play","Hitother","HitOther.1","Bossou",-0.691149177897272,0.0263157894736842,0.0402792696025779
"5708","280624a","Action_63","Morph_134","YO","Play","Touch","Touch.3","Bossou",-0.693147180559945,0.00698174006444683,0.0429645542427497
"5709","280624a","Action_42","Morph_90","YO","Play","Push","Push.3","Bossou",-1.00239343092757,0.0134264232008593,0.0596133190118153
"5710","280273","Action_45","Morph_100","TUA","Sexualattention","Reach","Reach.1","Bossou",-0.744440474947496,0.0435016111707841,0.0719656283566058
"5711","280273","Action_45","Morph_100","TUA","Sexualattention","Reach","Reach.1","Bossou",-1.09661428600544,0.0435016111707841,0.0719656283566058
"5712","280487","Action_34","Morph_66","VUI","Sexualattention","Objectshake","ObjectShake.2","Bossou",1.34495139758551,0.00322234156820623,0.014500537056928
"5713","280180a","Action_63","Morph_132","NINA","Affiliation","Touch","Touch.1","Bossou",-0.585190039054853,0.00859291084854995,0.0429645542427497
"5714","280180a","Action_45","Morph_101","NINA","Affiliation","Reach","Reach.2","Bossou",-0.891598119283784,0.027389903329753,0.0719656283566058
"5715","280577","Action_33","Morph_61","YOLO","Sexualattention","Objectmove","ObjectMove.1","Bossou",-0.95711272639441,0.0193340494092374,0.0349087003222342
"5716","280522a","Action_54","Morph_114","JEJE","Affiliation","Stancebipedal","StanceBipedal.1","Bossou",-0.404965233066513,0.0171858216970999,0.0171858216970999
"5717","280522a","Action_35","Morph_71","JEJE","Affiliation","Out","Out.2","Bossou",0.126632650933366,0.00429645542427497,0.0150375939849624
"5718","280006","Action_40","Morph_82","FOAF","Sexualattention","Presentgenitalsforwards","PresentGenitals.1","Bossou",-0.104250021373799,0.0354457572502685,0.00859291084854995
"5719","280481","Action_45","Morph_100","NINA","Affiliation","Reach","Reach.1","Bossou",-0.834710744881732,0.0435016111707841,0.0719656283566058
"5720","280485","Action_13","Morph_28","PILI","Stopbehaviour","Fling","Fling.2","Bossou",-0.59783700075562,0.0209452201933405,0.0773361976369495
"5721","280271","Action_41","Morph_86","YOLO","Affiliation","Pull","Pull.3","Bossou",0.000999500333083423,0.00698174006444683,0.0177228786251343
"5722","280271","Action_11","Morph_22","YOLO","Affiliation","Embrace","Embrace.1","Bossou",-0.913793851675568,0.00161117078410311,0.00859291084854995
"5723","280377","Action_64","Morph_138","NA_chimp","Affiliation","Touchlongother","Touch.7","Bossou",1.12719974552002,0.0107411385606874,0.0112781954887218
"5724","280320","Action_63","Morph_132","JIRE","Staysame","Touch","Touch.1","Bossou",-0.331285709933913,0.00859291084854995,0.0429645542427497
"5725","280166","Action_45","Morph_100","JEJE","Giveme","Reach","Reach.1","Bossou",0.109750863959119,0.0435016111707841,0.0719656283566058
"5726","280152","Action_34","Morph_65","FANLE","Playcontinue","Objectshake","ObjectShake.1","Bossou",1.42695634283878,0.00966702470461869,0.014500537056928
"5727","280606a","Action_45","Morph_100","JEJE","Playcontinue","Reach","Reach.1","Bossou",-0.567395975254385,0.0435016111707841,0.0719656283566058
"5728","280606a","Action_20","Morph_45","JEJE","Playcontinue","Hitother","HitOther.1","Bossou",-0.379797361359587,0.0263157894736842,0.0402792696025779
"5729","280170","Action_64","Morph_138","YOLO","Giveme","Touchlongother","Touch.7","Bossou",0.987308219109435,0.0107411385606874,0.0112781954887218
"5730","280243","Action_42","Morph_90","JIRE","Climbonme","Push","Push.3","Bossou",-1.04696905551627,0.0134264232008593,0.0596133190118153
"5731","280643","Action_42","Morph_91","JEJE","Stopbehaviour","Push","Push.4","Bossou",-0.18152187662339,0.00805585392051558,0.0596133190118153
"5732","280419","Action_13","Morph_27","TUA","Moveaway","Fling","Fling.1","Bossou",-0.834710744881732,0.056390977443609,0.0773361976369495
"5733","280141","Action_39","Morph_82","FANLE","Sexualattention","Presentgenitalsbackwards","PresentGenitals.1","Bossou",-0.407968238326283,0.0354457572502685,0.0290010741138561
"5734","280183","Action_63","Morph_138","FOTAIU","Giveme","Touch","Touch.7","Bossou",-0.653926467406664,0.0107411385606874,0.0429645542427497
"5735","280437","Action_45","Morph_100","JIRE","Climbonme","Reach","Reach.1","Bossou",-0.834710744881732,0.0435016111707841,0.0719656283566058
"5736","280073","Action_42","Morph_88","VUAVUA","Climbonme","Push","Push.1","Bossou",-0.551647618286246,0.0128893662728249,0.0596133190118153
"5737","280073","Action_42","Morph_88","VUAVUA","Climbonme","Push","Push.1","Bossou",-0.657780036722654,0.0128893662728249,0.0596133190118153
"5738","280073","Action_42","Morph_90","VUAVUA","Climbonme","Push","Push.3","Bossou",-1.50959257746438,0.0134264232008593,0.0596133190118153
"5739","280542","Action_33","Morph_61","YOLO","Sexualattention","Objectmove","ObjectMove.1","Bossou",0.383900930192324,0.0193340494092374,0.0349087003222342
"5740","280542","Action_34","Morph_65","YOLO","Sexualattention","Objectshake","ObjectShake.1","Bossou",-0.141563564321787,0.00966702470461869,0.014500537056928
"5741","280542","Action_33","Morph_61","YOLO","Sexualattention","Objectmove","ObjectMove.1","Bossou",-0.567395975254385,0.0193340494092374,0.0349087003222342
"5742","280542","Action_33","Morph_61","YOLO","Sexualattention","Objectmove","ObjectMove.1","Bossou",-0.104250021373799,0.0193340494092374,0.0349087003222342
"5743","280544a","Action_33","Morph_61","YOLO","Sexualattention","Objectmove","ObjectMove.1","Bossou",-0.510825623765991,0.0193340494092374,0.0349087003222342
"5744","280544a","Action_34","Morph_65","YOLO","Sexualattention","Objectshake","ObjectShake.1","Bossou",0.99436226729431,0.00966702470461869,0.014500537056928
"5745","280544a","Action_28","Morph_57","YOLO","Sexualattention","Locomotebipedal","LocomoteBipedal.2","Bossou",0.943516718127747,0.00429645542427497,0.0155746509129968
"5746","280131","Action_45","Morph_100","JEJE","Giveme","Reach","Reach.1","Bossou",0.280657457514817,0.0435016111707841,0.0719656283566058
"5747","280453","Action_11","Morph_23","NINA","Affiliation","Embrace","Embrace.2","Bossou",0.579418415231602,0.00268528464017186,0.00859291084854995
"5748","280097","Action_13","Morph_27","JIRE","Moveaway","Fling","Fling.1","Bossou",-0.638658995275876,0.056390977443609,0.0773361976369495
"5749","280405b","Action_34","Morph_65","NA_chimp","Play","Objectshake","ObjectShake.1","Bossou",0.822419516264084,0.00966702470461869,0.014500537056928
"5750","280405b","Action_60","Morph_127","NA_chimp","Play","Swing","Swing.1","Bossou",0.156148682489931,0.0306122448979592,0.0370569280343716
"5751","280037","Action_42","Morph_90","FOAF","Position","Push","Push.3","Bossou",-0.313341819232359,0.0134264232008593,0.0596133190118153
"5752","280037","Action_42","Morph_90","FOAF","Position","Push","Push.3","Bossou",-1.2413285908697,0.0134264232008593,0.0596133190118153
"5753","280608","Action_48","Morph_104","NA_chimp","Play","Rollover","RollOver.1","Bossou",0.7026023393307,0.00429645542427497,0.00429645542427497
"5754","280608","Action_63","Morph_132","NA_chimp","Play","Touch","Touch.1","Bossou",-0.916290731874155,0.00859291084854995,0.0429645542427497
"5755","280452","Action_14","Morph_29","FOTAIU","Play","Grab","Grab.1","Bossou",-0.95711272639441,0.0037593984962406,0.023093447905478
"5756","280452","Action_14","Morph_29","FOTAIU","Play","Grab","Grab.1","Bossou",-0.798507696217772,0.0037593984962406,0.023093447905478
"5757","280130","Action_45","Morph_100","JEJE","Giveme","Reach","Reach.1","Bossou",0.366031038862757,0.0435016111707841,0.0719656283566058
"5758","280617","Action_50","Morph_107","JEJE","Sexualattention","Shake","Shake.1","Bossou",-0.916290731874155,0.0139634801288937,0.0343716433941998
"5759","280617","Action_50","Morph_107","JEJE","Sexualattention","Shake","Shake.1","Bossou",-0.76142602131324,0.0139634801288937,0.0343716433941998
"5760","280617","Action_50","Morph_107","JEJE","Sexualattention","Shake","Shake.1","Bossou",-0.567395975254385,0.0139634801288937,0.0343716433941998
"5761","280617","Action_35","Morph_70","JEJE","Sexualattention","Out","Out.1","Bossou",-0.104250021373799,0.0102040816326531,0.0150375939849624
"5762","280077","Action_45","Morph_101","JEJE","Giveme","Reach","Reach.2","Bossou",0.0188217542405877,0.027389903329753,0.0719656283566058
"5763","280436","Action_38","Morph_77","PAMA","Groom","Present","Present.3","Bossou",-0.18152187662339,0.0166487647690655,0.0596133190118153
"5764","280536b","Action_45","Morph_101","YO","Sexualattention","Reach","Reach.2","Bossou",-0.916290731874155,0.027389903329753,0.0719656283566058
"5765","280134b","Action_45","Morph_100","JIRE","Sexualattention","Reach","Reach.1","Bossou",-0.346724613085564,0.0435016111707841,0.0719656283566058
"5766","280620","Action_42","Morph_93","FANA","Stopbehaviour","Push","Push.6","Bossou",0.0962188577405429,0.00805585392051558,0.0596133190118153
"5767","280182","Action_13","Morph_28","NINA","Stopbehaviour","Fling","Fling.2","Bossou",-0.454130280089445,0.0209452201933405,0.0773361976369495
"5768","280140","Action_45","Morph_100","FOTAIU","Climbonme","Reach","Reach.1","Bossou",0.112435429329788,0.0435016111707841,0.0719656283566058
"5769","280307","Action_13","Morph_27","KAI","Moveaway","Fling","Fling.1","Bossou",-0.278392025544688,0.056390977443609,0.0773361976369495
"5770","280307","Action_13","Morph_27","KAI","Moveaway","Fling","Fling.1","Bossou",-0.278392025544688,0.056390977443609,0.0773361976369495
"5771","280307","Action_13","Morph_27","KAI","Moveaway","Fling","Fling.1","Bossou",-0.681218609694672,0.056390977443609,0.0773361976369495
"5772","280642","Action_14","Morph_30","FOKAIYE","Stopbehaviour","Grab","Grab.2","Bossou",-0.567395975254385,0.00429645542427497,0.023093447905478
"5773","280313","Action_13","Morph_27","TUA","Moveaway","Fling","Fling.1","Bossou",-0.789658080940789,0.056390977443609,0.0773361976369495
"5774","280242","Action_42","Morph_88","YO","Takeobjectnurse","Push","Push.1","Bossou",-0.433864582629862,0.0128893662728249,0.0596133190118153
"5775","280242","Action_42","Morph_88","YO","Takeobjectnurse","Push","Push.1","Bossou",-0.780886094867952,0.0128893662728249,0.0596133190118153
"5776","280293","Action_45","Morph_100","PILI","Climbonme","Reach","Reach.1","Bossou",-0.210721031315653,0.0435016111707841,0.0719656283566058
"5777","280600b","Action_8","Morph_19","JURU","Play","Dangle","Dangle.1","Bossou",-0.455706324544911,0.0257787325456498,0.0257787325456498
"5778","280171","Action_42","Morph_92","YO","Moveaway","Push","Push.5","Bossou",-1.51412773262978,0.00644468313641246,0.0596133190118153
"5779","280171","Action_42","Morph_92","YO","Moveaway","Push","Push.5","Bossou",-0.638658995275876,0.00644468313641246,0.0596133190118153
"5780","280153","Action_8","Morph_19","FOKAIYE","Playcontinue","Dangle","Dangle.1","Bossou",-0.066139802504545,0.0257787325456498,0.0257787325456498
"5781","280202","Action_45","Morph_100","YO","Climbonme","Reach","Reach.1","Bossou",-0.127833371509885,0.0435016111707841,0.0719656283566058
"5782","280624b","Action_20","Morph_45","FANWA","Play","Hitother","HitOther.1","Bossou",-1.00239343092757,0.0263157894736842,0.0402792696025779
"5783","280270","Action_13","Morph_28","JIRE","Stopbehaviour","Fling","Fling.2","Bossou",-0.669430653942629,0.0209452201933405,0.0773361976369495
"5784","280270","Action_13","Morph_28","JIRE","Stopbehaviour","Fling","Fling.2","Bossou",-0.941608539858445,0.0209452201933405,0.0773361976369495
"5785","280270","Action_13","Morph_28","JIRE","Stopbehaviour","Fling","Fling.2","Bossou",-0.923818998294947,0.0209452201933405,0.0773361976369495
"5786","280247","Action_13","Morph_27","FOAF","Moveaway","Fling","Fling.1","Bossou",-0.543004522130226,0.056390977443609,0.0773361976369495
"5787","280180b","Action_12","Morph_26","FOTAIU","Affiliation","Fingermouth","FingerMouth.1","Bossou",-0.669430653942629,0.00429645542427497,0.00429645542427497
"5788","280484","Action_8","Morph_19","PONI","Play","Dangle","Dangle.1","Bossou",0.155292884406035,0.0257787325456498,0.0257787325456498
"5789","280484","Action_8","Morph_19","PONI","Play","Dangle","Dangle.1","Bossou",-0.243346258631729,0.0257787325456498,0.0257787325456498
"5790","280484","Action_60","Morph_127","PONI","Play","Swing","Swing.1","Bossou",-0.355247391947547,0.0306122448979592,0.0370569280343716
"5791","280570b","Action_17","Morph_40","FOTAIU","Stopbehaviour","Hitobject","HitObject.2","Bossou",-1.20397280432594,0.00483351235230934,0.0408163265306122
"5792","280570b","Action_17","Morph_39","FOTAIU","Stopbehaviour","Hitobject","HitObject.1","Bossou",-1.38629436111989,0.0327604726100967,0.0408163265306122
"5793","280570b","Action_55","Morph_117","FOTAIU","Stopbehaviour","Stompingobject","StompObject.3","Bossou",-0.404965233066513,0.00429645542427497,0.0150375939849624
"5794","280570b","Action_57","Morph_115","FOTAIU","Stopbehaviour","Stompobject","StompObject.1","Bossou",-1.14885350510486,0.0150375939849624,0.0236305048335124
"5795","250096","Action_13","Morph_28","JIRE","Stopbehaviour","Fling","Fling.2","Bossou",-1.73727128394399,0.0209452201933405,0.0773361976369495
"5796","250084b","Action_45","Morph_101","FOAF","Affiliation","Reach","Reach.2","Bossou",-1.15836229307388,0.027389903329753,0.0719656283566058
"5797","250045a","Action_44","Morph_99","FLANLE","Support","Rakeself","RakeSelf.1","Bossou",-0.931404369684203,0.00537056928034372,0.00537056928034372
"5798","250045a","Action_44","Morph_99","FLANLE","Support","Rakeself","RakeSelf.1","Bossou",-0.675307262431614,0.00537056928034372,0.00537056928034372
"5799","250045a","Action_29","Morph_58","FLANLE","Support","Locomotegallop","LocomoteGallop.1","Bossou",-0.191160505461159,0.0134264232008593,0.0134264232008593
"5800","250072","Action_2","Morph_4","JEJE","Groom","Bigloudscratch","BigLoudScratch.2","Bossou",0.535323095366378,0.0150375939849624,0.0241675617615467
"5801","250029","Action_61","Morph_130","FLANLE","Play","Throwobject","ThrowObject.1","Bossou",0.493475985430878,0.0161117078410312,0.0161117078410312
"5802","250021","Action_12","Morph_26","FANWA","Affiliation","Fingermouth","FingerMouth.1","Bossou",-0.834710744881732,0.00429645542427497,0.00429645542427497
"5803","250147a","Action_50","Morph_109","JEJE","Moveaway","Shake","Shake.3","Bossou",-0.22314355131421,0.0177228786251343,0.0343716433941998
"5804","250147a","Action_24","Morph_51","JEJE","Moveaway","Jump","Jump.1","Bossou",-0.352398387171472,0.0128893662728249,0.0128893662728249
"5805","250147a","Action_29","Morph_58","JEJE","Moveaway","Locomotegallop","LocomoteGallop.1","Bossou",0.00697561373642514,0.0134264232008593,0.0134264232008593
"5806","250147a","Action_35","Morph_71","JEJE","Moveaway","Out","Out.2","Bossou",-0.785262469467751,0.00429645542427497,0.0150375939849624
"5807","250147a","Action_13","Morph_27","JEJE","Moveaway","Fling","Fling.1","Bossou",-1.13320373343773,0.056390977443609,0.0773361976369495
"5808","250097","Action_13","Morph_28","JIRE","Stopbehaviour","Fling","Fling.2","Bossou",-0.231932057347289,0.0209452201933405,0.0773361976369495
"5809","250095","Action_13","Morph_28","JIRE","Moveaway","Fling","Fling.2","Bossou",-1.44816976483798,0.0209452201933405,0.0773361976369495
"5810","250084a","Action_50","Morph_109","JEJE","Affiliation","Shake","Shake.3","Bossou",0.150142658429719,0.0177228786251343,0.0343716433941998
"5811","250023","Action_17","Morph_42","JEJE","Stopbehaviour","Hitobject","HitObject.4","Bossou",-0.515838165589535,0.00590762620837809,0.0408163265306122
"5812","250023","Action_17","Morph_40","JEJE","Stopbehaviour","Hitobject","HitObject.2","Bossou",-0.665532013526972,0.00483351235230934,0.0408163265306122
"5813","250131a","Action_45","Morph_101","VELU","Affiliation","Reach","Reach.2","Bossou",0.178146185383474,0.027389903329753,0.0719656283566058
"5814","250102","Action_17","Morph_39","FOAF","Stopbehaviour","Hitobject","HitObject.1","Bossou",-0.744440474947496,0.0327604726100967,0.0408163265306122
"5815","250101","Action_45","Morph_101","FLANLE","Affiliation","Reach","Reach.2","Bossou",-0.697155201957484,0.027389903329753,0.0719656283566058
"5816","250022","Action_63","Morph_135","FANLE","Giveme","Touch","Touch.4","Bossou",-0.653926467406664,0.00483351235230934,0.0429645542427497
"5817","250147b","Action_24","Morph_51","FOAF","Stopbehaviour","Jump","Jump.1","Bossou",0.504405055963068,0.0128893662728249,0.0128893662728249
"5818","250039","Action_33","Morph_62","FLANLE","Play","Objectmove","ObjectMove.2","Bossou",-0.0345914447696191,0.0123523093447905,0.0349087003222342
"5819","250137","Action_50","Morph_107","FANLE","Climbonme","Shake","Shake.1","Bossou",-0.457284856837961,0.0139634801288937,0.0343716433941998
"5820","250137","Action_54","Morph_114","FANLE","Climbonme","Stancebipedal","StanceBipedal.1","Bossou",-0.3078847797693,0.0171858216970999,0.0171858216970999
"5821","250137","Action_54","Morph_114","FANLE","Climbonme","Stancebipedal","StanceBipedal.1","Bossou",-0.572701027484078,0.0171858216970999,0.0171858216970999
"5822","250137","Action_38","Morph_76","FANLE","Climbonme","Present","Present.2","Bossou",0.248421358498478,0.00590762620837809,0.0596133190118153
"5823","250137","Action_60","Morph_127","FANLE","Climbonme","Swing","Swing.1","Bossou",-1.45671682541644,0.0306122448979592,0.0370569280343716
"5824","250099a","Action_43","Morph_96","FLANLE","Play","Raise","Raise.1","Bossou",-0.0356271776431512,0.0268528464017186,0.0349087003222342
"5825","250099a","Action_60","Morph_127","FLANLE","Play","Swing","Swing.1","Bossou",0.134530892957606,0.0306122448979592,0.0370569280343716
"5826","250099a","Action_24","Morph_51","FLANLE","Play","Jump","Jump.1","Bossou",-0.510825623765991,0.0128893662728249,0.0128893662728249
"5827","250099a","Action_34","Morph_66","FLANLE","Play","Objectshake","ObjectShake.2","Bossou",1.24703229378638,0.00322234156820623,0.014500537056928
"5828","250106","Action_13","Morph_28","FOAF","Stopbehaviour","Fling","Fling.2","Bossou",-1.44392347395653,0.0209452201933405,0.0773361976369495
"5829","250106","Action_57","Morph_115","FOAF","Stopbehaviour","Stompobject","StompObject.1","Bossou",-0.928869514081015,0.0150375939849624,0.0236305048335124
"5830","250120b","Action_11","Morph_23","JIRE","Affiliation","Embrace","Embrace.2","Bossou",-0.332679438382517,0.00268528464017186,0.00859291084854995
"5831","250141b","Action_61","Morph_130","FLANLE","Play","Throwobject","ThrowObject.1","Bossou",0.12751332029896,0.0161117078410312,0.0161117078410312
"5832","250141b","Action_61","Morph_130","FLANLE","Play","Throwobject","ThrowObject.1","Bossou",0.484276288532454,0.0161117078410312,0.0161117078410312
"5833","250139a","Action_62","Morph_131","FLANLE","Play","Throwthreat","ThrowThreat.1","Bossou",-0.236988958136263,0.0193340494092374,0.0193340494092374
"5834","250139a","Action_62","Morph_131","FLANLE","Play","Throwthreat","ThrowThreat.1","Bossou",0.387979793767145,0.0193340494092374,0.0193340494092374
"5835","250139a","Action_61","Morph_130","FLANLE","Play","Throwobject","ThrowObject.1","Bossou",0.199670195128568,0.0161117078410312,0.0161117078410312
"5836","250139a","Action_33","Morph_63","FLANLE","Play","Objectmove","ObjectMove.3","Bossou",-0.563874844855806,0.00214822771213749,0.0349087003222342
"5837","250139a","Action_61","Morph_130","FLANLE","Play","Throwobject","ThrowObject.1","Bossou",-0.188742124596877,0.0161117078410312,0.0161117078410312
"5838","250080b","Action_13","Morph_27","FANLE","Moveaway","Fling","Fling.1","Bossou",-0.82098055206983,0.056390977443609,0.0773361976369495
"5839","250038","Action_18","Morph_39","FLANLE","Moveaway","Hitobjectobject","HitObject.1","Bossou",0.285930539412975,0.0327604726100967,0.00268528464017186
"5840","250038","Action_33","Morph_62","FLANLE","Moveaway","Objectmove","ObjectMove.2","Bossou",-0.45886588483528,0.0123523093447905,0.0349087003222342
"5841","250038","Action_33","Morph_61","FLANLE","Moveaway","Objectmove","ObjectMove.1","Bossou",-0.767870726755882,0.0193340494092374,0.0349087003222342
"5842","250082","Action_2","Morph_4","FOAF","Groom","Bigloudscratch","BigLoudScratch.2","Bossou",-0.420071260497527,0.0150375939849624,0.0241675617615467
"5843","250082","Action_38","Morph_75","FOAF","Groom","Present","Present.1","Bossou",-0.2484613592985,0.0150375939849624,0.0596133190118153
"5844","250051","Action_4","Morph_12","FLANLE","Affiliation","Bitekiss","Bite.4","Bossou",-0.269187489815617,0.00214822771213749,0.0306122448979592
"5845","250051","Action_4","Morph_12","FLANLE","Affiliation","Bitekiss","Bite.4","Bossou",-0.183922838160928,0.00214822771213749,0.0306122448979592
"5846","250099b","Action_45","Morph_101","YO","Play","Reach","Reach.2","Bossou",0.112435429329788,0.027389903329753,0.0719656283566058
"5847","250105","Action_17","Morph_39","FOAF","Stopbehaviour","Hitobject","HitObject.1","Bossou",-0.328504066972036,0.0327604726100967,0.0408163265306122
"5848","250120a","Action_35","Morph_70","FOAF","Affiliation","Out","Out.1","Bossou",-0.484508315448617,0.0102040816326531,0.0150375939849624
"5849","250120a","Action_36","Morph_72","FOAF","Affiliation","Overstance","OverStance.1","Bossou",-0.585190039054853,0.00698174006444683,0.0134264232008593
"5850","250139b","Action_13","Morph_27","YO","Stopbehaviour","Fling","Fling.1","Bossou",-0.482886255076749,0.056390977443609,0.0773361976369495
"5851","250139b","Action_13","Morph_27","YO","Stopbehaviour","Fling","Fling.1","Bossou",-0.525939261576039,0.056390977443609,0.0773361976369495
"5852","250139b","Action_13","Morph_27","YO","Stopbehaviour","Fling","Fling.1","Bossou",-0.928869514081015,0.056390977443609,0.0773361976369495
"5853","250139b","Action_14","Morph_31","YO","Stopbehaviour","Grab","Grab.3","Bossou",-0.926341067727656,0.00805585392051558,0.023093447905478
"5854","250139b","Action_13","Morph_27","YO","Stopbehaviour","Fling","Fling.1","Bossou",-0.928869514081015,0.056390977443609,0.0773361976369495
"5855","250085b","Action_63","Morph_134","YO","Affiliation","Touch","Touch.3","Bossou",-0.345311185288417,0.00698174006444683,0.0429645542427497
"5856","250003a","Action_39","Morph_82","FANA","Sexualattention","Presentgenitalsbackwards","PresentGenitals.1","Bossou",-0.457284856837961,0.0354457572502685,0.0290010741138561
"5857","250030a","Action_61","Morph_130","FLANLE","Play","Throwobject","ThrowObject.1","Bossou",0.88128512267534,0.0161117078410312,0.0161117078410312
"5858","250050a","Action_36","Morph_72","JEJE","Affiliation","Overstance","OverStance.1","Bossou",0.0276151670329734,0.00698174006444683,0.0134264232008593
"5859","250050a","Action_50","Morph_109","JEJE","Affiliation","Shake","Shake.3","Bossou",-0.372514007968479,0.0177228786251343,0.0343716433941998
"5860","250028a","Action_18","Morph_39","FLANLE","Play","Hitobjectobject","HitObject.1","Bossou",-0.544727175441672,0.0327604726100967,0.00268528464017186
"5861","250028a","Action_61","Morph_130","FLANLE","Play","Throwobject","ThrowObject.1","Bossou",0.291175961706037,0.0161117078410312,0.0161117078410312
"5862","250071","Action_45","Morph_101","FANLE","Climbonme","Reach","Reach.2","Bossou",-0.228156093137754,0.027389903329753,0.0719656283566058
"5863","250071","Action_1","Morph_1","FANLE","Climbonme","Beckon","Beckon.1","Bossou",0,0.00966702470461869,0.0123523093447905
"5864","250091","Action_61","Morph_130","FLANLE","Groom","Throwobject","ThrowObject.1","Bossou",0.815807193295833,0.0161117078410312,0.0161117078410312
"5865","250133","Action_61","Morph_130","FLANLE","Playcontinue","Throwobject","ThrowObject.1","Bossou",0.493475985430878,0.0161117078410312,0.0161117078410312
"5866","250003b","Action_50","Morph_109","JEJE","Sexualattention","Shake","Shake.3","Bossou",-0.186329578191493,0.0177228786251343,0.0343716433941998
"5867","250003b","Action_24","Morph_51","JEJE","Sexualattention","Jump","Jump.1","Bossou",-0.572701027484078,0.0128893662728249,0.0128893662728249
"5868","250003b","Action_36","Morph_72","JEJE","Sexualattention","Overstance","OverStance.1","Bossou",-0.665532013526972,0.00698174006444683,0.0134264232008593
"5869","250116","Action_33","Morph_63","FLANLE","Play","Objectmove","ObjectMove.3","Bossou",0.206200830583898,0.00214822771213749,0.0349087003222342
"5870","250030b","Action_13","Morph_27","JIRE","Moveaway","Fling","Fling.1","Bossou",-0.7339691750802,0.056390977443609,0.0773361976369495
"5871","250030b","Action_17","Morph_40","JIRE","Moveaway","Hitobject","HitObject.2","Bossou",-0.539568092631645,0.00483351235230934,0.0408163265306122
"5872","250030b","Action_13","Morph_27","JIRE","Moveaway","Fling","Fling.1","Bossou",-1.17441400208439,0.056390977443609,0.0773361976369495
"5873","250044","Action_42","Morph_88","JEJE","Moveaway","Push","Push.1","Bossou",0.713439883827708,0.0128893662728249,0.0596133190118153
"5874","250028b","Action_13","Morph_27","JIRE","Stopbehaviour","Fling","Fling.1","Bossou",-0.555125882662571,0.056390977443609,0.0773361976369495
"5875","250028b","Action_13","Morph_28","JIRE","Stopbehaviour","Fling","Fling.2","Bossou",-1.23100147671386,0.0209452201933405,0.0773361976369495
"5876","250142","Action_8","Morph_19","FLANLE","Play","Dangle","Dangle.1","Bossou",-0.231932057347289,0.0257787325456498,0.0257787325456498
"5877","250142","Action_57","Morph_115","FLANLE","Play","Stompobject","StompObject.1","Bossou",-1.43969513784701,0.0150375939849624,0.0236305048335124
"5878","250012","Action_50","Morph_109","FANLE","Staysame","Shake","Shake.3","Bossou",0.0916671885258239,0.0177228786251343,0.0343716433941998
"5879","250135","Action_61","Morph_130","FLANLE","Moveaway","Throwobject","ThrowObject.1","Bossou",0.717351869256763,0.0161117078410312,0.0161117078410312
"5880","250047","Action_36","Morph_72","JIRE","Affiliation","Overstance","OverStance.1","Bossou",0.60267527739587,0.00698174006444683,0.0134264232008593
"5881","250077","Action_50","Morph_109","JEJE","Stopbehaviour","Shake","Shake.3","Bossou",-0.644357016390513,0.0177228786251343,0.0343716433941998
"5882","250077","Action_50","Morph_109","JEJE","Stopbehaviour","Shake","Shake.3","Bossou",0.242946178610389,0.0177228786251343,0.0343716433941998
"5883","250077","Action_35","Morph_70","JEJE","Stopbehaviour","Out","Out.1","Bossou",-0.372514007968479,0.0102040816326531,0.0150375939849624
"5884","250070","Action_28","Morph_56","JEJE","Affiliation","Locomotebipedal","LocomoteBipedal.1","Bossou",0.107059072293408,0.0112781954887218,0.0155746509129968
"5885","250070","Action_35","Morph_71","JEJE","Affiliation","Out","Out.2","Bossou",-0.505838082254952,0.00429645542427497,0.0150375939849624
"5886","250037","Action_13","Morph_27","JEJE","Moveaway","Fling","Fling.1","Bossou",-0.916290731874155,0.056390977443609,0.0773361976369495
"5887","250016","Action_36","Morph_72","JIRE","Affiliation","Overstance","OverStance.1","Bossou",-0.514164525031505,0.00698174006444683,0.0134264232008593
"5888","250053","Action_17","Morph_40","FLANLE","Affiliation","Hitobject","HitObject.2","Bossou",-0.592397277459802,0.00483351235230934,0.0408163265306122
"5889","250053","Action_5","Morph_17","FLANLE","Affiliation","Bounce","Bounce.1","Bossou",0.272314595320659,0.0204081632653061,0.0204081632653061
"5890","250067","Action_2","Morph_4","JIRE","Followme","Bigloudscratch","BigLoudScratch.2","Bossou",-0.127833371509885,0.0150375939849624,0.0241675617615467
"5891","250067","Action_2","Morph_4","JIRE","Followme","Bigloudscratch","BigLoudScratch.2","Bossou",-0.388607991041741,0.0150375939849624,0.0241675617615467
"5892","250017","Action_2","Morph_4","FANLE","Staysame","Bigloudscratch","BigLoudScratch.2","Bossou",0.27002713721306,0.0150375939849624,0.0241675617615467
"5893","250017","Action_50","Morph_109","FANLE","Staysame","Shake","Shake.3","Bossou",-0.3147107448397,0.0177228786251343,0.0343716433941998
"5894","250042a","Action_46","Morph_103","FLANLE","Play","Rockingbipedal","Rocking.1","Bossou",0.507419830631158,0.00322234156820623,0.00214822771213749
"5895","250042a","Action_61","Morph_130","FLANLE","Play","Throwobject","ThrowObject.1","Bossou",0.511025603768657,0.0161117078410312,0.0161117078410312
"5896","250146","Action_54","Morph_114","FLANLE","Play","Stancebipedal","StanceBipedal.1","Bossou",0.438254930931155,0.0171858216970999,0.0171858216970999
"5897","250146","Action_28","Morph_56","FLANLE","Play","Locomotebipedal","LocomoteBipedal.1","Bossou",0.759870812602853,0.0112781954887218,0.0155746509129968
"5898","250146","Action_5","Morph_17","FLANLE","Play","Bounce","Bounce.1","Bossou",-0.325730140089311,0.0204081632653061,0.0204081632653061
"5899","250146","Action_43","Morph_96","FLANLE","Play","Raise","Raise.1","Bossou",-0.675307262431614,0.0268528464017186,0.0349087003222342
"5900","250002b","Action_39","Morph_82","FANA","Sexualattention","Presentgenitalsbackwards","PresentGenitals.1","Bossou",-0.154317360384357,0.0354457572502685,0.0290010741138561
"5901","250129","Action_17","Morph_39","FLANLE","Play","Hitobject","HitObject.1","Bossou",-0.167235919375914,0.0327604726100967,0.0408163265306122
"5902","250129","Action_33","Morph_61","FLANLE","Play","Objectmove","ObjectMove.1","Bossou",0.185649346886629,0.0193340494092374,0.0349087003222342
"5903","250129","Action_24","Morph_51","FLANLE","Play","Jump","Jump.1","Bossou",-0.484508315448617,0.0128893662728249,0.0128893662728249
"5904","250015","Action_50","Morph_109","FANLE","Staysame","Shake","Shake.3","Bossou",-0.360969868221613,0.0177228786251343,0.0343716433941998
"5905","250015","Action_2","Morph_4","FANLE","Staysame","Bigloudscratch","BigLoudScratch.2","Bossou",0.511625303936555,0.0150375939849624,0.0241675617615467
"5906","250078","Action_4","Morph_13","FANA","Affiliation","Bitekiss","Bite.5","Bossou",-0.954511944694353,0.0075187969924812,0.0306122448979592
"5907","250078","Action_4","Morph_13","FANA","Affiliation","Bitekiss","Bite.5","Bossou",-1.30195321268614,0.0075187969924812,0.0306122448979592
"5908","250008","Action_13","Morph_27","FOAF","Stopbehaviour","Fling","Fling.1","Bossou",-0.931404369684203,0.056390977443609,0.0773361976369495
"5909","250065","Action_62","Morph_131","FLANLE","Play","Throwthreat","ThrowThreat.1","Bossou",0.348541960708543,0.0193340494092374,0.0193340494092374
"5910","250014","Action_13","Morph_28","FOAF","Stopbehaviour","Fling","Fling.2","Bossou",-0.721546655081643,0.0209452201933405,0.0773361976369495
"5911","250043","Action_48","Morph_104","FOAF","Playcontinue","Rollover","RollOver.1","Bossou",0.526502103150998,0.00429645542427497,0.00429645542427497
"5912","250134","Action_61","Morph_130","FLANLE","Play","Throwobject","ThrowObject.1","Bossou",0.137149838147234,0.0161117078410312,0.0161117078410312
"5913","250019","Action_50","Morph_109","FANLE","Staysame","Shake","Shake.3","Bossou",-0.599656837472606,0.0177228786251343,0.0343716433941998
"5914","250019","Action_50","Morph_109","FANLE","Staysame","Shake","Shake.3","Bossou",-0.621757184473272,0.0177228786251343,0.0343716433941998
"5915","250019","Action_5","Morph_17","FANLE","Staysame","Bounce","Bounce.1","Bossou",-0.52932909533055,0.0204081632653061,0.0204081632653061
"5916","250019","Action_50","Morph_109","FANLE","Staysame","Shake","Shake.3","Bossou",0.0305292050348228,0.0177228786251343,0.0343716433941998
"5917","250060","Action_61","Morph_130","FLANLE","Play","Throwobject","ThrowObject.1","Bossou",0.51402051466251,0.0161117078410312,0.0161117078410312
"5918","250060","Action_50","Morph_109","FLANLE","Play","Shake","Shake.3","Bossou",-0.679244275390954,0.0177228786251343,0.0343716433941998
"5919","250011","Action_21","Morph_39","FOAF","Stopbehaviour","Hittingobject","HitObject.1","Bossou",-0.579818495252942,0.0327604726100967,0.0118152524167562
"5920","250041b","Action_45","Morph_101","JEJE","Stopbehaviour","Reach","Reach.2","Bossou",-0.657780036722654,0.027389903329753,0.0719656283566058
"5921","250010","Action_3","Morph_15","FANWA","Affiliation","Bite","Bite.7","Bossou",-0.486133011175619,0.0037593984962406,0.00644468313641246
"5922","250074","Action_42","Morph_90","FANLE","Groom","Push","Push.3","Bossou",0.427878702945064,0.0134264232008593,0.0596133190118153
"5923","250036","Action_24","Morph_51","FLANLE","Play","Jump","Jump.1","Bossou",-0.336872316642553,0.0128893662728249,0.0128893662728249
"5924","250036","Action_17","Morph_42","FLANLE","Play","Hitobject","HitObject.4","Bossou",-0.455706324544911,0.00590762620837809,0.0408163265306122
"5925","250036","Action_29","Morph_58","FLANLE","Play","Locomotegallop","LocomoteGallop.1","Bossou",0.17730901497041,0.0134264232008593,0.0134264232008593
"5926","250036","Action_34","Morph_66","FLANLE","Play","Objectshake","ObjectShake.2","Bossou",0.287432041196572,0.00322234156820623,0.014500537056928
"5927","250036","Action_34","Morph_65","FLANLE","Play","Objectshake","ObjectShake.1","Bossou",0.354171813720614,0.00966702470461869,0.014500537056928
"5928","250061","Action_34","Morph_65","FLANLE","Playcontinue","Objectshake","ObjectShake.1","Bossou",0.306749135169007,0.00966702470461869,0.014500537056928
"5929","250061","Action_43","Morph_96","FLANLE","Playcontinue","Raise","Raise.1","Bossou",-0.388607991041741,0.0268528464017186,0.0349087003222342
"5930","250018","Action_4","Morph_13","JIRE","Affiliation","Bitekiss","Bite.5","Bossou",0.267734434642085,0.0075187969924812,0.0306122448979592
"5931","250052","Action_33","Morph_63","FLANLE","Play","Objectmove","ObjectMove.3","Bossou",-0.194799078305067,0.00214822771213749,0.0349087003222342
"5932","250052","Action_33","Morph_62","FLANLE","Play","Objectmove","ObjectMove.2","Bossou",0.059211859631846,0.0123523093447905,0.0349087003222342
"5933","250052","Action_33","Morph_62","FLANLE","Play","Objectmove","ObjectMove.2","Bossou",0.193920692637306,0.0123523093447905,0.0349087003222342
"5934","250052","Action_29","Morph_58","FLANLE","Play","Locomotegallop","LocomoteGallop.1","Bossou",-0.544727175441672,0.0134264232008593,0.0134264232008593
"5935","250124","Action_45","Morph_101","FANA","Affiliation","Reach","Reach.2","Bossou",0.711968934800533,0.027389903329753,0.0719656283566058
"5936","250144b","Action_13","Morph_27","FANA","Play","Fling","Fling.1","Bossou",-0.0932123817221787,0.056390977443609,0.0773361976369495
"5937","250024b","Action_31","Morph_59","JEJE","Stopbehaviour","Lunge","Lunge.1","Bossou",0.0980337402713654,0.00214822771213749,0.00214822771213749
"5938","250024b","Action_17","Morph_39","JEJE","Stopbehaviour","Hitobject","HitObject.1","Bossou",-0.24079848655293,0.0327604726100967,0.0408163265306122
"5939","250126","Action_13","Morph_28","FANLE","Moveaway","Fling","Fling.2","Bossou",-0.941608539858445,0.0209452201933405,0.0773361976369495
"5940","250034","Action_17","Morph_39","FLANLE","Play","Hitobject","HitObject.1","Bossou",0.0372957847436969,0.0327604726100967,0.0408163265306122
"5941","250034","Action_5","Morph_17","FLANLE","Play","Bounce","Bounce.1","Bossou",0.113328685307003,0.0204081632653061,0.0204081632653061
"5942","250034","Action_28","Morph_56","FLANLE","Play","Locomotebipedal","LocomoteBipedal.1","Bossou",-0.154317360384357,0.0112781954887218,0.0155746509129968
"5943","250034","Action_5","Morph_17","FLANLE","Play","Bounce","Bounce.1","Bossou",-0.342490308946776,0.0204081632653061,0.0204081632653061
"5944","250034","Action_57","Morph_115","FLANLE","Play","Stompobject","StompObject.1","Bossou",0.0815799869924228,0.0150375939849624,0.0236305048335124
"5945","250041a","Action_62","Morph_131","FLANLE","Play","Throwthreat","ThrowThreat.1","Bossou",0.208638865111328,0.0193340494092374,0.0193340494092374
"5946","250041a","Action_62","Morph_131","FLANLE","Play","Throwthreat","ThrowThreat.1","Bossou",0.14583044821154,0.0193340494092374,0.0193340494092374
"5947","250041a","Action_62","Morph_131","FLANLE","Play","Throwthreat","ThrowThreat.1","Bossou",0.268499253035007,0.0193340494092374,0.0193340494092374
"5948","250041a","Action_62","Morph_131","FLANLE","Play","Throwthreat","ThrowThreat.1","Bossou",-0.285018955032297,0.0193340494092374,0.0193340494092374
"5949","250035","Action_13","Morph_27","JEJE","Moveaway","Fling","Fling.1","Bossou",-0.603306476560156,0.056390977443609,0.0773361976369495
"5950","250079","Action_4","Morph_13","FANA","Affiliation","Bitekiss","Bite.5","Bossou",-0.306525160253261,0.0075187969924812,0.0306122448979592
"5951","250127","Action_42","Morph_88","YO","Moveclose","Push","Push.1","Bossou",0.0741793981742515,0.0128893662728249,0.0596133190118153
"5952","250069","Action_38","Morph_76","FANLE","Climbonme","Present","Present.2","Bossou",-0.520875959619492,0.00590762620837809,0.0596133190118153
"5953","250020","Action_2","Morph_4","FANLE","Staysame","Bigloudscratch","BigLoudScratch.2","Bossou",1.19966353273784,0.0150375939849624,0.0241675617615467
"5954","250020","Action_44","Morph_99","FANLE","Staysame","Rakeself","RakeSelf.1","Bossou",-0.410980288796275,0.00537056928034372,0.00537056928034372
"5955","250020","Action_44","Morph_99","FANLE","Staysame","Rakeself","RakeSelf.1","Bossou",-0.53785429615391,0.00537056928034372,0.00537056928034372
"5956","250020","Action_44","Morph_99","FANLE","Staysame","Rakeself","RakeSelf.1","Bossou",-0.731888008876376,0.00537056928034372,0.00537056928034372
"5957","250020","Action_5","Morph_17","FANLE","Staysame","Bounce","Bounce.1","Bossou",1.06712162157674,0.0204081632653061,0.0204081632653061
"5958","250020","Action_46","Morph_103","FANLE","Staysame","Rockingbipedal","Rocking.1","Bossou",0.989541193613748,0.00322234156820623,0.00214822771213749
"5959","250020","Action_46","Morph_103","FANLE","Staysame","Rockingbipedal","Rocking.1","Bossou",0.89771934628872,0.00322234156820623,0.00214822771213749
"5960","250024a","Action_33","Morph_62","FLANLE","Play","Objectmove","ObjectMove.2","Bossou",0.308219723669329,0.0123523093447905,0.0349087003222342
"5961","250024a","Action_24","Morph_51","FLANLE","Play","Jump","Jump.1","Bossou",-0.596020469829223,0.0128893662728249,0.0128893662728249
"5962","250024a","Action_29","Morph_58","FLANLE","Play","Locomotegallop","LocomoteGallop.1","Bossou",-0.667479433811368,0.0134264232008593,0.0134264232008593
"5963","250024a","Action_29","Morph_58","FLANLE","Play","Locomotegallop","LocomoteGallop.1","Bossou",-0.841647188878389,0.0134264232008593,0.0134264232008593
"5964","250024a","Action_5","Morph_17","FLANLE","Play","Bounce","Bounce.1","Bossou",-0.224394333215862,0.0204081632653061,0.0204081632653061
"5965","250024a","Action_33","Morph_62","FLANLE","Play","Objectmove","ObjectMove.2","Bossou",-0.811930716549912,0.0123523093447905,0.0349087003222342
"5966","250076a","Action_15","Morph_36","FOAF","Playcontinue","Grabhold","GrabHold.2","Bossou",1.07704811075227,0.00161117078410311,0.0037593984962406
"5967","250149b","Action_57","Morph_115","FANLE","Stopbehaviour","Stompobject","StompObject.1","Bossou",-1.82015894374975,0.0150375939849624,0.0236305048335124
"5968","250149b","Action_20","Morph_45","FANLE","Stopbehaviour","Hitother","HitOther.1","Bossou",-1.13943428318836,0.0263157894736842,0.0402792696025779
"5969","250145a","Action_62","Morph_131","FLANLE","Play","Throwthreat","ThrowThreat.1","Bossou",-0.460449416440924,0.0193340494092374,0.0193340494092374
"5970","250145a","Action_62","Morph_131","FLANLE","Play","Throwthreat","ThrowThreat.1","Bossou",-0.29169009384932,0.0193340494092374,0.0193340494092374
"5971","250145a","Action_61","Morph_130","FLANLE","Play","Throwobject","ThrowObject.1","Bossou",-0.282362910974181,0.0161117078410312,0.0161117078410312
"5972","250145a","Action_14","Morph_31","FLANLE","Play","Grab","Grab.3","Bossou",-0.850971265753513,0.00805585392051558,0.023093447905478
"5973","250004","Action_28","Morph_56","JEJE","Moveaway","Locomotebipedal","LocomoteBipedal.1","Bossou",0.427878702945064,0.0112781954887218,0.0155746509129968
"5974","250004","Action_50","Morph_109","JEJE","Moveaway","Shake","Shake.3","Bossou",-0.381260419411347,0.0177228786251343,0.0343716433941998
"5975","250040","Action_62","Morph_131","FLANLE","Play","Throwthreat","ThrowThreat.1","Bossou",0.655445313375934,0.0193340494092374,0.0193340494092374
"5976","250040","Action_62","Morph_131","FLANLE","Play","Throwthreat","ThrowThreat.1","Bossou",0.142367241286922,0.0193340494092374,0.0193340494092374
"5977","250040","Action_62","Morph_131","FLANLE","Play","Throwthreat","ThrowThreat.1","Bossou",-0.3051673867928,0.0193340494092374,0.0193340494092374
"5978","250040","Action_62","Morph_131","FLANLE","Play","Throwthreat","ThrowThreat.1","Bossou",-0.596020469829223,0.0193340494092374,0.0193340494092374
"5979","250040","Action_43","Morph_96","FLANLE","Play","Raise","Raise.1","Bossou",0.258510695151501,0.0268528464017186,0.0349087003222342
"5980","250031a","Action_5","Morph_17","FLANLE","Play","Bounce","Bounce.1","Bossou",-0.124430078378177,0.0204081632653061,0.0204081632653061
"5981","250031a","Action_5","Morph_17","FLANLE","Play","Bounce","Bounce.1","Bossou",0.0620353909194527,0.0204081632653061,0.0204081632653061
"5982","250081a","Action_35","Morph_70","FLANLE","Play","Out","Out.1","Bossou",-0.827822083886547,0.0102040816326531,0.0150375939849624
"5983","250123b","Action_4","Morph_11","VELU","Affiliation","Bitekiss","Bite.3","Bossou",-0.0449973659307358,0.00214822771213749,0.0306122448979592
"5984","250076b","Action_3","Morph_12","FANWA","Playcontinue","Bite","Bite.4","Bossou",0.211070970079941,0.00214822771213749,0.00644468313641246
"5985","250059","Action_45","Morph_101","FANLE","Climbonme","Reach","Reach.2","Bossou",-0.594207232705042,0.027389903329753,0.0719656283566058
"5986","250033","Action_28","Morph_56","JEJE","Affiliation","Locomotebipedal","LocomoteBipedal.1","Bossou",0.308954207727321,0.0112781954887218,0.0155746509129968
"5987","250058","Action_51","Morph_111","FLANLE","Stopbehaviour","Spinpirouette","SpinPirouette.1","Bossou",0.234281295724666,0.00322234156820623,0.00322234156820623
"5988","250031b","Action_2","Morph_4","FOAF","Play","Bigloudscratch","BigLoudScratch.2","Bossou",0.427878702945064,0.0150375939849624,0.0241675617615467
"5989","250006","Action_13","Morph_27","FOAF","Moveaway","Fling","Fling.1","Bossou",-0.335472736288129,0.056390977443609,0.0773361976369495
"5990","250006","Action_13","Morph_27","FOAF","Moveaway","Fling","Fling.1","Bossou",-0.336872316642553,0.056390977443609,0.0773361976369495
"5991","250081b","Action_45","Morph_101","FANWA","Play","Reach","Reach.2","Bossou",-0.655851395816248,0.027389903329753,0.0719656283566058
"5992","250123a","Action_63","Morph_140","FANA","Affiliation","Touch","Touch.9","Bossou",-0.49593701127224,0.00698174006444683,0.0429645542427497
"5993","250032","Action_48","Morph_104","FOAF","Playcontinue","Rollover","RollOver.1","Bossou",0.451712359273484,0.00429645542427497,0.00429645542427497
"5994","250128a","Action_62","Morph_131","FLANLE","Affiliation","Throwthreat","ThrowThreat.1","Bossou",0.0741793981742515,0.0193340494092374,0.0193340494092374
"5995","250138","Action_54","Morph_114","FLANLE","Play","Stancebipedal","StanceBipedal.1","Bossou",0.102556588325092,0.0171858216970999,0.0171858216970999
"5996","250138","Action_62","Morph_131","FLANLE","Play","Throwthreat","ThrowThreat.1","Bossou",-0.543004522130226,0.0193340494092374,0.0193340494092374
"5997","250138","Action_62","Morph_131","FLANLE","Play","Throwthreat","ThrowThreat.1","Bossou",-0.931404369684203,0.0193340494092374,0.0193340494092374
"5998","250138","Action_62","Morph_131","FLANLE","Play","Throwthreat","ThrowThreat.1","Bossou",-0.282362910974181,0.0193340494092374,0.0193340494092374
"5999","250138","Action_18","Morph_39","FLANLE","Play","Hitobjectobject","HitObject.1","Bossou",-0.199671195129068,0.0327604726100967,0.00268528464017186
"6000","250109","Action_13","Morph_28","JEJE","Moveaway","Fling","Fling.2","Bossou",-0.524248644098131,0.0209452201933405,0.0773361976369495
"6001","250109","Action_17","Morph_39","JEJE","Moveaway","Hitobject","HitObject.1","Bossou",-0.396009949337409,0.0327604726100967,0.0408163265306122
"6002","250062a","Action_11","Morph_24","YO","Affiliation","Embrace","Embrace.3","Bossou",0.521765563804325,0.00214822771213749,0.00859291084854995
"6003","25007b","Action_13","Morph_27","FOAF","Moveaway","Fling","Fling.1","Bossou",-0.161343150408763,0.056390977443609,0.0773361976369495
"6004","25007b","Action_13","Morph_27","FOAF","Moveaway","Fling","Fling.1","Bossou",-0.911303190363116,0.056390977443609,0.0773361976369495
"6005","25007b","Action_13","Morph_27","FOAF","Moveaway","Fling","Fling.1","Bossou",-0.3147107448397,0.056390977443609,0.0773361976369495
"6006","250128b","Action_45","Morph_101","VELU","Affiliation","Reach","Reach.2","Bossou",-0.0470916075338506,0.027389903329753,0.0719656283566058
"6007","250027","Action_5","Morph_17","FLANLE","Play","Bounce","Bounce.1","Bossou",0.273836665629728,0.0204081632653061,0.0204081632653061
"6008","250113","Action_63","Morph_138","FANLE","Affiliation","Touch","Touch.7","Bossou",-0.586986984731555,0.0107411385606874,0.0429645542427497
"6009","250026","Action_5","Morph_17","FLANLE","Play","Bounce","Bounce.1","Bossou",0.410120919644358,0.0204081632653061,0.0204081632653061
"6010","250026","Action_29","Morph_58","FLANLE","Play","Locomotegallop","LocomoteGallop.1","Bossou",0.81447946572747,0.0134264232008593,0.0134264232008593
"6011","250118","Action_1","Morph_2","FLANLE","Play","Beckon","Beckon.2","Bossou",-0.342490308946776,0.00268528464017186,0.0123523093447905
"6012","250118","Action_50","Morph_109","FLANLE","Play","Shake","Shake.3","Bossou",-0.916290731874155,0.0177228786251343,0.0343716433941998
"6013","250118","Action_1","Morph_2","FLANLE","Play","Beckon","Beckon.2","Bossou",-0.679244275390954,0.00268528464017186,0.0123523093447905
"6014","250062b","Action_11","Morph_22","FANWA","Affiliation","Embrace","Embrace.1","Bossou",0.524136637825663,0.00161117078410311,0.00859291084854995
"6015","250063b","Action_13","Morph_27","YO","Play","Fling","Fling.1","Bossou",-0.750776293396582,0.056390977443609,0.0773361976369495
"6016","250063b","Action_14","Morph_31","YO","Play","Grab","Grab.3","Bossou",-0.703197516413447,0.00805585392051558,0.023093447905478
"6017","250136","Action_62","Morph_131","FLANLE","Play","Throwthreat","ThrowThreat.1","Bossou",0.415415438961332,0.0193340494092374,0.0193340494092374
"6018","250046b","Action_17","Morph_39","JEJE","Moveaway","Hitobject","HitObject.1","Bossou",-0.569161200778954,0.0327604726100967,0.0408163265306122
"6019","250046b","Action_57","Morph_115","JEJE","Moveaway","Stompobject","StompObject.1","Bossou",-0.423120043346885,0.0150375939849624,0.0236305048335124
"6020","250046b","Action_57","Morph_119","JEJE","Moveaway","Stompobject","StompObject.5","Bossou",0.389335726178281,0.00322234156820623,0.0236305048335124
"6021","250143b","Action_13","Morph_27","FANA","Moveaway","Fling","Fling.1","Bossou",-0.740238788093796,0.056390977443609,0.0773361976369495
"6022","250140a","Action_28","Morph_56","FANWA","Affiliation","Locomotebipedal","LocomoteBipedal.1","Bossou",-0.297059234264378,0.0112781954887218,0.0155746509129968
"6023","250140a","Action_39","Morph_83","FANWA","Affiliation","Presentgenitalsbackwards","PresentGenitals.2","Bossou",-0.378336440719912,0.00214822771213749,0.0290010741138561
"6024","250009a","Action_50","Morph_109","FANLE","Affiliation","Shake","Shake.3","Bossou",-0.400477566597125,0.0177228786251343,0.0343716433941998
"6025","250009a","Action_5","Morph_17","FANLE","Affiliation","Bounce","Bounce.1","Bossou",-0.44628710262842,0.0204081632653061,0.0204081632653061
"6026","250125a","Action_62","Morph_131","FLANLE","Affiliation","Throwthreat","ThrowThreat.1","Bossou",-0.59783700075562,0.0193340494092374,0.0193340494092374
"6027","250063a","Action_61","Morph_130","FLANLE","Play","Throwobject","ThrowObject.1","Bossou",-0.44628710262842,0.0161117078410312,0.0161117078410312
"6028","250046a","Action_44","Morph_99","FLANLE","Support","Rakeself","RakeSelf.1","Bossou",-0.522560879984412,0.00537056928034372,0.00537056928034372
"6029","250046a","Action_29","Morph_58","FLANLE","Support","Locomotegallop","LocomoteGallop.1","Bossou",0.202124184090134,0.0134264232008593,0.0134264232008593
"6030","250046a","Action_44","Morph_99","FLANLE","Support","Rakeself","RakeSelf.1","Bossou",-0.839329690738027,0.00537056928034372,0.00537056928034372
"6031","250083","Action_2","Morph_4","JEJE","Groom","Bigloudscratch","BigLoudScratch.2","Bossou",-0.396009949337409,0.0150375939849624,0.0241675617615467
"6032","250143a","Action_33","Morph_62","FLANLE","Play","Objectmove","ObjectMove.2","Bossou",-0.059750004405774,0.0123523093447905,0.0349087003222342
"6033","250143a","Action_8","Morph_19","FLANLE","Play","Dangle","Dangle.1","Bossou",0.41607528722018,0.0257787325456498,0.0257787325456498
"6034","250115","Action_45","Morph_100","FANA","Moveclose","Reach","Reach.1","Bossou",-0.295714244149045,0.0435016111707841,0.0719656283566058
"6035","250114","Action_5","Morph_17","FANA","Play","Bounce","Bounce.1","Bossou",-0.160168752152821,0.0204081632653061,0.0204081632653061
"6036","250092a","Action_42","Morph_90","FANLE","Moveaway","Push","Push.3","Bossou",-0.894040122939335,0.0134264232008593,0.0596133190118153
"6037","250140b","Action_63","Morph_135","YO","Affiliation","Touch","Touch.4","Bossou",-0.744440474947496,0.00483351235230934,0.0429645542427497
"6038","250009b","Action_64","Morph_137","JEJE","Affiliation","Touchlongother","Touch.6","Bossou",1.21846725047639,0.00322234156820623,0.0112781954887218
"6039","250125b","Action_45","Morph_101","YO","Affiliation","Reach","Reach.2","Bossou",-0.614336000135655,0.027389903329753,0.0719656283566058
"6040","250125b","Action_63","Morph_135","YO","Affiliation","Touch","Touch.4","Bossou",-0.328504066972036,0.00483351235230934,0.0429645542427497
"6041","250152","Action_63","Morph_132","FANLE","Stopbehaviour","Touch","Touch.1","Bossou",-0.0181639706276712,0.00859291084854995,0.0429645542427497
"6042","250224a","Action_39","Morph_82","VUAVUA","Sexualattention","Presentgenitalsbackwards","PresentGenitals.1","Bossou",1.15120473878728,0.0354457572502685,0.0290010741138561
"6043","250227","Action_2","Morph_4","PELEY","Givemenurse","Bigloudscratch","BigLoudScratch.2","Bossou",-0.23572233352107,0.0150375939849624,0.0241675617615467
"6044","250227","Action_2","Morph_4","PELEY","Givemenurse","Bigloudscratch","BigLoudScratch.2","Bossou",0.0525924501191706,0.0150375939849624,0.0241675617615467
"6045","250227","Action_2","Morph_4","PELEY","Givemenurse","Bigloudscratch","BigLoudScratch.2","Bossou",0.184818436992542,0.0150375939849624,0.0241675617615467
"6046","250227","Action_2","Morph_4","PELEY","Givemenurse","Bigloudscratch","BigLoudScratch.2","Bossou",-0.0449973659307358,0.0150375939849624,0.0241675617615467
"6047","250211a","Action_13","Morph_28","TUA","Moveaway","Fling","Fling.2","Bossou",-0.556869562267398,0.0209452201933405,0.0773361976369495
"6048","250211a","Action_13","Morph_28","TUA","Moveaway","Fling","Fling.2","Bossou",-1.41881755282545,0.0209452201933405,0.0773361976369495
"6049","250182","Action_2","Morph_4","TUA","Groom","Bigloudscratch","BigLoudScratch.2","Bossou",0.456158222423683,0.0150375939849624,0.0241675617615467
"6050","250182","Action_2","Morph_4","TUA","Groom","Bigloudscratch","BigLoudScratch.2","Bossou",0.915490411703386,0.0150375939849624,0.0241675617615467
"6051","250182","Action_38","Morph_75","TUA","Groom","Present","Present.1","Bossou",0.115112807100505,0.0150375939849624,0.0596133190118153
"6052","250180","Action_4","Morph_13","JEJE","Groom","Bitekiss","Bite.5","Bossou",-0.197232169529709,0.0075187969924812,0.0306122448979592
"6053","250176","Action_45","Morph_101","FANLE","Giveme","Reach","Reach.2","Bossou",-0.121038328377056,0.027389903329753,0.0719656283566058
"6054","250177","Action_29","Morph_58","YOLO","Play","Locomotegallop","LocomoteGallop.1","Bossou",0.699129252237493,0.0134264232008593,0.0134264232008593
"6055","250177","Action_48","Morph_104","YOLO","Play","Rollover","RollOver.1","Bossou",0.706556867469863,0.00429645542427497,0.00429645542427497
"6056","250211b","Action_13","Morph_28","JEJE","Moveaway","Fling","Fling.2","Bossou",-0.975510091534126,0.0209452201933405,0.0773361976369495
"6057","250211b","Action_35","Morph_70","JEJE","Moveaway","Out","Out.1","Bossou",-0.713349887877465,0.0102040816326531,0.0150375939849624
"6058","250168","Action_63","Morph_140","YO","Moveaway","Touch","Touch.9","Bossou",-1.4784096500277,0.00698174006444683,0.0429645542427497
"6059","250173","Action_12","Morph_26","FANLE","Affiliation","Fingermouth","FingerMouth.1","Bossou",-0.32989392126109,0.00429645542427497,0.00429645542427497
"6060","250184a","Action_2","Morph_4","TUA","Groom","Bigloudscratch","BigLoudScratch.2","Bossou",0.19638881400539,0.0150375939849624,0.0241675617615467
"6061","250184a","Action_2","Morph_4","TUA","Groom","Bigloudscratch","BigLoudScratch.2","Bossou",0.301584977620772,0.0150375939849624,0.0241675617615467
"6062","250184a","Action_2","Morph_3","TUA","Groom","Bigloudscratch","BigLoudScratch.1","Bossou",0.0468835858988505,0.00322234156820623,0.0241675617615467
"6063","250184a","Action_2","Morph_3","TUA","Groom","Bigloudscratch","BigLoudScratch.1","Bossou",0.372252973902051,0.00322234156820623,0.0241675617615467
"6064","250184a","Action_2","Morph_3","TUA","Groom","Bigloudscratch","BigLoudScratch.1","Bossou",1.0591782194227,0.00322234156820623,0.0241675617615467
"6065","250184a","Action_2","Morph_4","TUA","Groom","Bigloudscratch","BigLoudScratch.2","Bossou",0.356274863917393,0.0150375939849624,0.0241675617615467
"6066","250184a","Action_2","Morph_4","TUA","Groom","Bigloudscratch","BigLoudScratch.2","Bossou",0.459953293392234,0.0150375939849624,0.0241675617615467
"6067","250184a","Action_2","Morph_4","TUA","Groom","Bigloudscratch","BigLoudScratch.2","Bossou",0.394741144745189,0.0150375939849624,0.0241675617615467
"6068","250184a","Action_2","Morph_4","TUA","Groom","Bigloudscratch","BigLoudScratch.2","Bossou",0.497740384217335,0.0150375939849624,0.0241675617615467
"6069","250184a","Action_2","Morph_4","TUA","Groom","Bigloudscratch","BigLoudScratch.2","Bossou",0.614103973219493,0.0150375939849624,0.0241675617615467
"6070","250184a","Action_2","Morph_6","TUA","Groom","Bigloudscratch","BigLoudScratch.4","Bossou",0.714908672341458,0.00322234156820623,0.0241675617615467
"6071","250225a","Action_39","Morph_82","PELEY","Sexualattention","Presentgenitalsbackwards","PresentGenitals.1","Bossou",0.163818085229395,0.0354457572502685,0.0290010741138561
"6072","250238","Action_5","Morph_17","FOKAIYE","Play","Bounce","Bounce.1","Bossou",-0.0377018671840115,0.0204081632653061,0.0204081632653061
"6073","250238","Action_28","Morph_56","FOKAIYE","Play","Locomotebipedal","LocomoteBipedal.1","Bossou",-0.342490308946776,0.0112781954887218,0.0155746509129968
"6074","250238","Action_57","Morph_115","FOKAIYE","Play","Stompobject","StompObject.1","Bossou",-1.14885350510486,0.0150375939849624,0.0236305048335124
"6075","250184b","Action_2","Morph_4","YOLO","Groom","Bigloudscratch","BigLoudScratch.2","Bossou",0.325700139639302,0.0150375939849624,0.0241675617615467
"6076","250225a","Action_43","Morph_96","PELEY","Sexualattention","Raise","Raise.1","Bossou",-0.335472736288129,0.0268528464017186,0.0349087003222342
"6077","250225a","Action_43","Morph_96","PELEY","Sexualattention","Raise","Raise.1","Bossou",0.819779831493311,0.0268528464017186,0.0349087003222342
"6078","250156","Action_39","Morph_82","FANA","Groom","Presentgenitalsbackwards","PresentGenitals.1","Bossou",-0.541284831250699,0.0354457572502685,0.0290010741138561
"6079","250183a","Action_45","Morph_101","TUA","Groom","Reach","Reach.2","Bossou",-0.616186139423817,0.027389903329753,0.0719656283566058
"6080","250198","Action_17","Morph_39","JEJE","Play","Hitobject","HitObject.1","Bossou",-0.325730140089311,0.0327604726100967,0.0408163265306122
"6081","250198","Action_8","Morph_19","JEJE","Play","Dangle","Dangle.1","Bossou",0.371563556432483,0.0257787325456498,0.0257787325456498
"6082","250155b","Action_54","Morph_114","FANLE","Affiliation","Stancebipedal","StanceBipedal.1","Bossou",0.0372957847436969,0.0171858216970999,0.0171858216970999
"6083","250240","Action_28","Morph_56","PELEY","Sexualattention","Locomotebipedal","LocomoteBipedal.1","Bossou",0.0971267107307228,0.0112781954887218,0.0155746509129968
"6084","250240","Action_43","Morph_96","PELEY","Sexualattention","Raise","Raise.1","Bossou",-0.334075112021491,0.0268528464017186,0.0349087003222342
"6085","250199","Action_28","Morph_56","YOLO","Affiliation","Locomotebipedal","LocomoteBipedal.1","Bossou",0.242946178610389,0.0112781954887218,0.0155746509129968
"6086","250199","Action_60","Morph_127","YOLO","Affiliation","Swing","Swing.1","Bossou",-0.0181639706276712,0.0306122448979592,0.0370569280343716
"6087","250231b","Action_23","Morph_48","FANLE","Takeobject","Hittingother","HitOther.4","Bossou",0.114221144090023,0.00429645542427497,0.00483351235230934
"6088","250231b","Action_45","Morph_101","FANLE","Takeobject","Reach","Reach.2","Bossou",-1.46967597005894,0.027389903329753,0.0719656283566058
"6089","250231b","Action_20","Morph_45","FANLE","Takeobject","Hitother","HitOther.1","Bossou",-0.721546655081643,0.0263157894736842,0.0402792696025779
"6090","250231b","Action_42","Morph_90","FANLE","Takeobject","Push","Push.3","Bossou",-0.322963886596421,0.0134264232008593,0.0596133190118153
"6091","250231b","Action_28","Morph_56","FANLE","Takeobject","Locomotebipedal","LocomoteBipedal.1","Bossou",0.049742091894814,0.0112781954887218,0.0155746509129968
"6092","250210","Action_28","Morph_56","FOAF","Affiliation","Locomotebipedal","LocomoteBipedal.1","Bossou",0.109750863959119,0.0112781954887218,0.0155746509129968
"6093","250210","Action_29","Morph_58","FOAF","Affiliation","Locomotegallop","LocomoteGallop.1","Bossou",-0.543004522130226,0.0134264232008593,0.0134264232008593
"6094","250183b","Action_39","Morph_82","YO","Groom","Presentgenitalsbackwards","PresentGenitals.1","Bossou",0.642905964123199,0.0354457572502685,0.0290010741138561
"6095","250209","Action_41","Morph_86","VUAVUA","Climbonme","Pull","Pull.3","Bossou",0.25696509978972,0.00698174006444683,0.0177228786251343
"6096","250209","Action_41","Morph_86","VUAVUA","Climbonme","Pull","Pull.3","Bossou",-2.5133061243097,0.00698174006444683,0.0177228786251343
"6097","250209","Action_41","Morph_85","VUAVUA","Climbonme","Pull","Pull.2","Bossou",-0.785262469467751,0.00322234156820623,0.0177228786251343
"6098","250155a","Action_36","Morph_72","FANA","Affiliation","Overstance","OverStance.1","Bossou",-0.289016295464918,0.00698174006444683,0.0134264232008593
"6099","250187a","Action_29","Morph_58","JEJE","Affiliation","Locomotegallop","LocomoteGallop.1","Bossou",0.0148886124937506,0.0134264232008593,0.0134264232008593
"6100","250217","Action_13","Morph_28","TUA","Moveaway","Fling","Fling.2","Bossou",-0.729811164931537,0.0209452201933405,0.0773361976369495
"6101","250216a","Action_13","Morph_28","JIRE","Stopbehaviour","Fling","Fling.2","Bossou",-0.298406035814757,0.0209452201933405,0.0773361976369495
"6102","250201a","Action_8","Morph_19","JEJE","Play","Dangle","Dangle.1","Bossou",-0.287682072451781,0.0257787325456498,0.0257787325456498
"6103","250201a","Action_57","Morph_119","JEJE","Play","Stompobject","StompObject.5","Bossou",-0.570929547835696,0.00322234156820623,0.0236305048335124
"6104","250201a","Action_9","Morph_20","JEJE","Play","Dangleshake","DangleShake.1","Bossou",-0.213193220461042,0.00268528464017186,0.00268528464017186
"6105","250201a","Action_28","Morph_56","JEJE","Play","Locomotebipedal","LocomoteBipedal.1","Bossou",-0.0470916075338506,0.0112781954887218,0.0155746509129968
"6106","250201a","Action_60","Morph_127","JEJE","Play","Swing","Swing.1","Bossou",0.109750863959119,0.0306122448979592,0.0370569280343716
"6107","250230a","Action_20","Morph_45","JIRE","Stopbehaviour","Hitother","HitOther.1","Bossou",-0.342490308946776,0.0263157894736842,0.0402792696025779
"6108","250201b","Action_13","Morph_28","FANLE","Play","Fling","Fling.2","Bossou",-1.22077992264232,0.0209452201933405,0.0773361976369495
"6109","250201b","Action_54","Morph_114","FANLE","Play","Stancebipedal","StanceBipedal.1","Bossou",-1.2623083813389,0.0171858216970999,0.0171858216970999
"6110","250154b","Action_42","Morph_88","YOLO","Moveaway","Push","Push.1","Bossou",-0.0449973659307358,0.0128893662728249,0.0596133190118153
"6111","250188","Action_39","Morph_82","FANA","Affiliation","Presentgenitalsbackwards","PresentGenitals.1","Bossou",0.623261053095779,0.0354457572502685,0.0290010741138561
"6112","250219","Action_12","Morph_26","FANA","Affiliation","Fingermouth","FingerMouth.1","Bossou",-0.0253178079842899,0.00429645542427497,0.00429645542427497
"6113","250215","Action_13","Morph_27","JIRE","Moveaway","Fling","Fling.1","Bossou",-0.29169009384932,0.056390977443609,0.0773361976369495
"6114","250229a","Action_14","Morph_31","JEJE","Play","Grab","Grab.3","Bossou",-1.05555279920766,0.00805585392051558,0.023093447905478
"6115","250229a","Action_45","Morph_101","JEJE","Play","Reach","Reach.2","Bossou",-0.936493439191674,0.027389903329753,0.0719656283566058
"6116","250202b","Action_35","Morph_70","JEJE","Stopbehaviour","Out","Out.1","Bossou",-0.729811164931537,0.0102040816326531,0.0150375939849624
"6117","250191","Action_64","Morph_133","FANLE","Support","Touchlongother","Touch.2","Bossou",1.03709143201986,0.00805585392051558,0.0112781954887218
"6118","250229b","Action_35","Morph_70","FANLE","Play","Out","Out.1","Bossou",-1.22077992264232,0.0102040816326531,0.0150375939849624
"6119","250229b","Action_50","Morph_108","FANLE","Play","Shake","Shake.2","Bossou",-0.476424197048658,0.00214822771213749,0.0343716433941998
"6120","250229b","Action_60","Morph_127","FANLE","Play","Swing","Swing.1","Bossou",-1.50058350752202,0.0306122448979592,0.0370569280343716
"6121","250229b","Action_28","Morph_56","FANLE","Play","Locomotebipedal","LocomoteBipedal.1","Bossou",-0.116533816255952,0.0112781954887218,0.0155746509129968
"6122","250202a","Action_21","Morph_43","FANLE","Playcontinue","Hittingobject","HitObject.5","Bossou",0.249201085633499,0.00537056928034372,0.0118152524167562
"6123","250202a","Action_17","Morph_39","FANLE","Playcontinue","Hitobject","HitObject.1","Bossou",-0.151986356997882,0.0327604726100967,0.0408163265306122
"6124","250202a","Action_17","Morph_41","FANLE","Playcontinue","Hitobject","HitObject.3","Bossou",-0.685179010910768,0.00537056928034372,0.0408163265306122
"6125","250202a","Action_17","Morph_41","FANLE","Playcontinue","Hitobject","HitObject.3","Bossou",-0.740238788093796,0.00537056928034372,0.0408163265306122
"6126","250207","Action_54","Morph_114","YOLO","Moveaway","Stancebipedal","StanceBipedal.1","Bossou",-0.798507696217772,0.0171858216970999,0.0171858216970999
"6127","250193","Action_42","Morph_93","FANLE","Play","Push","Push.6","Bossou",-0.49429632181478,0.00805585392051558,0.0596133190118153
"6128","250193","Action_20","Morph_45","FANLE","Play","Hitother","HitOther.1","Bossou",-0.310609577095486,0.0263157894736842,0.0402792696025779
"6129","250193","Action_20","Morph_49","FANLE","Play","Hitother","HitOther.5","Bossou",-0.426178149705706,0.00268528464017186,0.0402792696025779
"6130","250206","Action_39","Morph_82","JIRE","Groom","Presentgenitalsbackwards","PresentGenitals.1","Bossou",0.910272659548592,0.0354457572502685,0.0290010741138561
"6131","250194","Action_38","Morph_81","FOTAIU","Groom","Present","Present.7","Bossou",0.686122565622981,0.00214822771213749,0.0596133190118153
"6132","250214b","Action_13","Morph_28","JIRE","Stopbehaviour","Fling","Fling.2","Bossou",-0.693147180559945,0.0209452201933405,0.0773361976369495
"6133","250214b","Action_17","Morph_39","JIRE","Stopbehaviour","Hitobject","HitObject.1","Bossou",0.137149838147234,0.0327604726100967,0.0408163265306122
"6134","250214b","Action_13","Morph_28","JIRE","Stopbehaviour","Fling","Fling.2","Bossou",-0.309246250367621,0.0209452201933405,0.0773361976369495
"6135","250195a","Action_8","Morph_19","FANA","Play","Dangle","Dangle.1","Bossou",0.556181325486788,0.0257787325456498,0.0257787325456498
"6136","250195a","Action_8","Morph_19","FANA","Play","Dangle","Dangle.1","Bossou",1.13365763041091,0.0257787325456498,0.0257787325456498
"6137","250195a","Action_45","Morph_101","FANA","Play","Reach","Reach.2","Bossou",0.0563803334361077,0.027389903329753,0.0719656283566058
"6138","250226a","Action_24","Morph_51","PELEY","Affiliation","Jump","Jump.1","Bossou",-0.0629397997738742,0.0128893662728249,0.0128893662728249
"6139","250226a","Action_8","Morph_19","PELEY","Affiliation","Dangle","Dangle.1","Bossou",-0.921303273697699,0.0257787325456498,0.0257787325456498
"6140","250226a","Action_29","Morph_58","PELEY","Affiliation","Locomotegallop","LocomoteGallop.1","Bossou",0.391366183728663,0.0134264232008593,0.0134264232008593
"6141","250226a","Action_60","Morph_127","PELEY","Affiliation","Swing","Swing.1","Bossou",-0.366725279792234,0.0306122448979592,0.0370569280343716
"6142","250228a","Action_43","Morph_96","PELEY","Sexualattention","Raise","Raise.1","Bossou",0.829861003875767,0.0268528464017186,0.0349087003222342
"6143","250228a","Action_63","Morph_135","PELEY","Sexualattention","Touch","Touch.4","Bossou",-0.825536368605691,0.00483351235230934,0.0429645542427497
"6144","250236","Action_28","Morph_56","FOKAIYE","Stopbehaviour","Locomotebipedal","LocomoteBipedal.1","Bossou",0.166361537215225,0.0112781954887218,0.0155746509129968
"6145","250236","Action_35","Morph_71","FOKAIYE","Stopbehaviour","Out","Out.2","Bossou",-0.951917909517306,0.00429645542427497,0.0150375939849624
"6146","250236","Action_20","Morph_45","FOKAIYE","Stopbehaviour","Hitother","HitOther.1","Bossou",-0.933945667112876,0.0263157894736842,0.0402792696025779
"6147","250218a","Action_63","Morph_133","FOKAIYE","Climbonyou","Touch","Touch.2","Bossou",-0.558616287602339,0.00805585392051558,0.0429645542427497
"6148","250166","Action_63","Morph_138","YO","Affiliation","Touch","Touch.7","Bossou",-0.484508315448617,0.0107411385606874,0.0429645542427497
"6149","250172a","Action_63","Morph_132","YOLO","Affiliation","Touch","Touch.1","Bossou",0.48057258059497,0.00859291084854995,0.0429645542427497
"6150","250172a","Action_42","Morph_89","YOLO","Affiliation","Push","Push.2","Bossou",0.728996833453643,0.00537056928034372,0.0596133190118153
"6151","250172a","Action_4","Morph_13","YOLO","Affiliation","Bitekiss","Bite.5","Bossou",-1.13010295575948,0.0075187969924812,0.0306122448979592
"6152","250195b","Action_20","Morph_45","JEJE","Play","Hitother","HitOther.1","Bossou",-0.432322562278047,0.0263157894736842,0.0402792696025779
"6153","250226b","Action_63","Morph_134","VELU","Affiliation","Touch","Touch.3","Bossou",-0.807436326962073,0.00698174006444683,0.0429645542427497
"6154","250213b","Action_42","Morph_91","FOTAIU","Stopbehaviour","Push","Push.4","Bossou",-0.213193220461042,0.00805585392051558,0.0596133190118153
"6155","250164","Action_54","Morph_114","FANA","Affiliation","Stancebipedal","StanceBipedal.1","Bossou",-0.160168752152821,0.0171858216970999,0.0171858216970999
"6156","250164","Action_5","Morph_17","FANA","Affiliation","Bounce","Bounce.1","Bossou",-0.027371196796132,0.0204081632653061,0.0204081632653061
"6157","250164","Action_36","Morph_72","FANA","Affiliation","Overstance","OverStance.1","Bossou",-0.481266821524446,0.00698174006444683,0.0134264232008593
"6158","250228b","Action_39","Morph_82","VUAVUA","Sexualattention","Presentgenitalsbackwards","PresentGenitals.1","Bossou",-0.285018955032297,0.0354457572502685,0.0290010741138561
"6159","250204b","Action_31","Morph_59","FANLE","Moveaway","Lunge","Lunge.1","Bossou",0.244513577050402,0.00214822771213749,0.00214822771213749
"6160","250235","Action_28","Morph_56","FOKAIYE","Play","Locomotebipedal","LocomoteBipedal.1","Bossou",0.322083499169113,0.0112781954887218,0.0155746509129968
"6161","250235","Action_20","Morph_45","FOKAIYE","Play","Hitother","HitOther.1","Bossou",-0.767870726755882,0.0263157894736842,0.0402792696025779
"6162","250151b","Action_64","Morph_133","FANLE","Affiliation","Touchlongother","Touch.2","Bossou",1.13879407830094,0.00805585392051558,0.0112781954887218
"6163","250234","Action_13","Morph_28","FOTAIU","Moveaway","Fling","Fling.2","Bossou",-0.585190039054853,0.0209452201933405,0.0773361976369495
"6164","250218b","Action_38","Morph_78","FOTAIU","Climbonme","Present","Present.4","Bossou",-0.486133011175619,0.00214822771213749,0.0596133190118153
"6165","250165","Action_12","Morph_26","FANA","Support","Fingermouth","FingerMouth.1","Bossou",0.322083499169113,0.00429645542427497,0.00429645542427497
"6166","250223","Action_39","Morph_82","VELU","Sexualattention","Presentgenitalsbackwards","PresentGenitals.1","Bossou",0.245296355955343,0.0354457572502685,0.0290010741138561
"6167","250222","Action_39","Morph_82","VUAVUA","Sexualattention","Presentgenitalsbackwards","PresentGenitals.1","Bossou",0.406797553341943,0.0354457572502685,0.0290010741138561
"6168","250205b","Action_38","Morph_77","FOTAIU","Climbonme","Present","Present.3","Bossou",0.0295588022415444,0.0166487647690655,0.0596133190118153
"6169","250212b","Action_42","Morph_91","FOKAIYE","Stopbehaviour","Push","Push.4","Bossou",-0.325730140089311,0.00805585392051558,0.0596133190118153
"6170","250212b","Action_42","Morph_90","FOKAIYE","Stopbehaviour","Push","Push.3","Bossou",-0.539568092631645,0.0134264232008593,0.0596133190118153
"6171","250212b","Action_42","Morph_90","FOKAIYE","Stopbehaviour","Push","Push.3","Bossou",-1.0700248318162,0.0134264232008593,0.0596133190118153
"6172","250212b","Action_14","Morph_33","FOKAIYE","Stopbehaviour","Grab","Grab.5","Bossou",-1.1551826401565,0.00537056928034372,0.023093447905478
"6173","250212b","Action_13","Morph_27","FOKAIYE","Stopbehaviour","Fling","Fling.1","Bossou",-0.994252273343867,0.056390977443609,0.0773361976369495
"6174","250233","Action_13","Morph_28","FOTAIU","Moveaway","Fling","Fling.2","Bossou",-0.105360515657826,0.0209452201933405,0.0773361976369495
"6175","250220","Action_35","Morph_70","TUA","Moveaway","Out","Out.1","Bossou",-1.06711362160874,0.0102040816326531,0.0150375939849624
"6176","250220","Action_31","Morph_59","TUA","Moveaway","Lunge","Lunge.1","Bossou",-1.69826912614072,0.00214822771213749,0.00214822771213749
"6177","250205a","Action_28","Morph_56","FOKAIYE","Climbonyou","Locomotebipedal","LocomoteBipedal.1","Bossou",0.698632110790515,0.0112781954887218,0.0155746509129968
"6178","250205a","Action_43","Morph_98","FOKAIYE","Climbonyou","Raise","Raise.3","Bossou",-0.20089294237939,0.00590762620837809,0.0349087003222342
"6179","250179","Action_45","Morph_101","YO","Affiliation","Reach","Reach.2","Bossou",-0.126697653045958,0.027389903329753,0.0719656283566058
"6180","250232","Action_33","Morph_62","FOKAIYE","Moveclose","Objectmove","ObjectMove.2","Bossou",0.017839918128331,0.0123523093447905,0.0349087003222342
"6181","250232","Action_55","Morph_116","FOKAIYE","Moveclose","Stompingobject","StompObject.2","Bossou",-0.199671195129068,0.00912996777658432,0.0150375939849624
"6182","250232","Action_5","Morph_17","FOKAIYE","Moveclose","Bounce","Bounce.1","Bossou",0.0825012215117438,0.0204081632653061,0.0204081632653061
"6183","280187a","Action_8","Morph_19","FOTAIU","Play","Dangle","Dangle.1","Bossou",-1.06421086195078,0.0257787325456498,0.0257787325456498
"6184","280187a","Action_14","Morph_33","FOTAIU","Play","Grab","Grab.5","Bossou",-0.928869514081015,0.00537056928034372,0.023093447905478
"6185","280168","Action_38","Morph_79","YO","Groom","Present","Present.5","Bossou",-0.215671536475509,0.0134264232008593,0.0596133190118153
"6186","280335","Action_42","Morph_90","KAI","Position","Push","Push.3","Bossou",-1.20731170559145,0.0134264232008593,0.0596133190118153
"6187","280647","Action_13","Morph_28","FOTAIU","Moveaway","Fling","Fling.2","Bossou",-0.510825623765991,0.0209452201933405,0.0773361976369495
"6188","280647","Action_13","Morph_27","FOTAIU","Moveaway","Fling","Fling.1","Bossou",-0.22314355131421,0.056390977443609,0.0773361976369495
"6189","280647","Action_17","Morph_39","FOTAIU","Moveaway","Hitobject","HitObject.1","Bossou",-0.404965233066513,0.0327604726100967,0.0408163265306122
"6190","280653","Action_60","Morph_127","PELEY","Playcontinue","Swing","Swing.1","Bossou",0.0657877405380032,0.0306122448979592,0.0370569280343716
"6191","280623a","Action_62","Morph_131","FANWA","Play","Throwthreat","ThrowThreat.1","Bossou",-0.18152187662339,0.0193340494092374,0.0193340494092374
"6192","280623a","Action_62","Morph_131","FANWA","Play","Throwthreat","ThrowThreat.1","Bossou",-0.455706324544911,0.0193340494092374,0.0193340494092374
"6193","280590","Action_38","Morph_75","FOTAIU","Climbonme","Present","Present.1","Bossou",0.0657877405380032,0.0150375939849624,0.0596133190118153
"6194","280602","Action_42","Morph_91","JIRE","Moveaway","Push","Push.4","Bossou",-0.725670372265505,0.00805585392051558,0.0596133190118153
"6195","280317a","Action_63","Morph_138","VUI","Affiliation","Touch","Touch.7","Bossou",-0.576253429088446,0.0107411385606874,0.0429645542427497
"6196","280317a","Action_4","Morph_10","VUI","Affiliation","Bitekiss","Bite.2","Bossou",-0.725670372265505,0.0128893662728249,0.0306122448979592
"6197","280376","Action_34","Morph_65","FOAF","Play","Objectshake","ObjectShake.1","Bossou",0.46436274935565,0.00966702470461869,0.014500537056928
"6198","280376","Action_45","Morph_100","FOAF","Play","Reach","Reach.1","Bossou",-0.63487827243597,0.0435016111707841,0.0719656283566058
"6199","280274b","Action_39","Morph_82","YO","Sociosexualattention","Presentgenitalsbackwards","PresentGenitals.1","Bossou",0.33718626735487,0.0354457572502685,0.0290010741138561
"6200","280012a","Action_43","Morph_96","FOKAIYE","Stopbehaviour","Raise","Raise.1","Bossou",-0.403467105445491,0.0268528464017186,0.0349087003222342
"6201","280012a","Action_43","Morph_96","FOKAIYE","Stopbehaviour","Raise","Raise.1","Bossou",-1.09661428600544,0.0268528464017186,0.0349087003222342
"6202","280478b","Action_45","Morph_100","YOLO","Play","Reach","Reach.1","Bossou",-0.798507696217772,0.0435016111707841,0.0719656283566058
"6203","280389b","Action_4","Morph_10","TUA","Affiliation","Bitekiss","Bite.2","Bossou",-0.75928698306449,0.0128893662728249,0.0306122448979592
"6204","280281a","Action_60","Morph_129","NINA","Affiliation","Swing","Swing.3","Bossou",-0.0171461588349705,0.00214822771213749,0.0370569280343716
"6205","280496","Action_34","Morph_65","NA_chimp","Sexualattention","Objectshake","ObjectShake.1","Bossou",0.0806579030174545,0.00966702470461869,0.014500537056928
"6206","280496","Action_33","Morph_61","NA_chimp","Sexualattention","Objectmove","ObjectMove.1","Bossou",-0.161343150408763,0.0193340494092374,0.0349087003222342
"6207","280496","Action_34","Morph_66","NA_chimp","Sexualattention","Objectshake","ObjectShake.2","Bossou",1.1999647829284,0.00322234156820623,0.014500537056928
"6208","280395a","Action_39","Morph_82","JIRE","Support","Presentgenitalsbackwards","PresentGenitals.1","Bossou",-0.00300450902029872,0.0354457572502685,0.0290010741138561
"6209","280145b","Action_45","Morph_100","JEJE","Playcontinue","Reach","Reach.1","Bossou",-0.444725822061467,0.0435016111707841,0.0719656283566058
"6210","280145b","Action_14","Morph_30","JEJE","Playcontinue","Grab","Grab.2","Bossou",-0.140412153716745,0.00429645542427497,0.023093447905478
"6211","280145b","Action_63","Morph_134","JEJE","Playcontinue","Touch","Touch.3","Bossou",-0.519193873436507,0.00698174006444683,0.0429645542427497
"6212","280069","Action_42","Morph_93","JIRE","Position","Push","Push.6","Bossou",-1.69826912614072,0.00805585392051558,0.0596133190118153
"6213","280507","Action_45","Morph_100","FANA","Affiliation","Reach","Reach.1","Bossou",0.263133199530368,0.0435016111707841,0.0719656283566058
"6214","280507","Action_15","Morph_36","FANA","Affiliation","Grabhold","GrabHold.2","Bossou",0.819339205797705,0.00161117078410311,0.0037593984962406
"6215","280102b","Action_3","Morph_15","TUA","Affiliation","Bite","Bite.7","Bossou",0.43567095016523,0.0037593984962406,0.00644468313641246
"6216","280102b","Action_3","Morph_15","TUA","Affiliation","Bite","Bite.7","Bossou",-0.802962046567152,0.0037593984962406,0.00644468313641246
"6217","280102b","Action_3","Morph_15","TUA","Affiliation","Bite","Bite.7","Bossou",-0.986176859338322,0.0037593984962406,0.00644468313641246
"6218","280102b","Action_3","Morph_15","TUA","Affiliation","Bite","Bite.7","Bossou",-0.683196849706777,0.0037593984962406,0.00644468313641246
"6219","280102b","Action_4","Morph_10","TUA","Affiliation","Bitekiss","Bite.2","Bossou",1.04168914126849,0.0128893662728249,0.0306122448979592
"6220","280413","Action_38","Morph_80","PAMA","Directattention","Present","Present.6","Bossou",-0.462035459596559,0.00322234156820623,0.0596133190118153
"6221","280030a","Action_33","Morph_61","PELEY","Play","Objectmove","ObjectMove.1","Bossou",0.0344014267173323,0.0193340494092374,0.0349087003222342
"6222","280030a","Action_43","Morph_96","PELEY","Play","Raise","Raise.1","Bossou",-0.627359440021942,0.0268528464017186,0.0349087003222342
"6223","280030a","Action_14","Morph_31","PELEY","Play","Grab","Grab.3","Bossou",-1.20397280432594,0.00805585392051558,0.023093447905478
"6224","280030a","Action_28","Morph_56","PELEY","Play","Locomotebipedal","LocomoteBipedal.1","Bossou",-0.404965233066513,0.0112781954887218,0.0155746509129968
"6225","280030a","Action_14","Morph_29","PELEY","Play","Grab","Grab.1","Bossou",-0.75928698306449,0.0037593984962406,0.023093447905478
"6226","280030a","Action_21","Morph_42","PELEY","Play","Hittingobject","HitObject.4","Bossou",-0.355247391947547,0.00590762620837809,0.0118152524167562
"6227","280030a","Action_20","Morph_45","PELEY","Play","Hitother","HitOther.1","Bossou",-0.916290731874155,0.0263157894736842,0.0402792696025779
"6228","280146a","Action_8","Morph_19","FANLE","Play","Dangle","Dangle.1","Bossou",-0.103140758919513,0.0257787325456498,0.0257787325456498
"6229","280146a","Action_8","Morph_19","FANLE","Play","Dangle","Dangle.1","Bossou",-0.823255865906966,0.0257787325456498,0.0257787325456498
"6230","280146a","Action_17","Morph_39","FANLE","Play","Hitobject","HitObject.1","Bossou",-1.14256417619729,0.0327604726100967,0.0408163265306122
"6231","280146a","Action_24","Morph_51","FANLE","Play","Jump","Jump.1","Bossou",0.212689093410351,0.0128893662728249,0.0128893662728249
"6232","280146a","Action_17","Morph_39","FANLE","Play","Hitobject","HitObject.1","Bossou",-0.489390343045926,0.0327604726100967,0.0408163265306122
"6233","280146a","Action_57","Morph_118","FANLE","Play","Stompobject","StompObject.4","Bossou",-1.18417017702976,0.00429645542427497,0.0236305048335124
"6234","280146a","Action_17","Morph_39","FANLE","Play","Hitobject","HitObject.1","Bossou",-1.46533756846034,0.0327604726100967,0.0408163265306122
"6235","280146a","Action_17","Morph_39","FANLE","Play","Hitobject","HitObject.1","Bossou",-0.576253429088446,0.0327604726100967,0.0408163265306122
"6236","280146a","Action_17","Morph_39","FANLE","Play","Hitobject","HitObject.1","Bossou",-0.776528789498996,0.0327604726100967,0.0408163265306122
"6237","280146a","Action_17","Morph_39","FANLE","Play","Hitobject","HitObject.1","Bossou",-1.13943428318836,0.0327604726100967,0.0408163265306122
"6238","280519b","Action_13","Morph_27","JIRE","Stopbehaviour","Fling","Fling.1","Bossou",-0.265268477614881,0.056390977443609,0.0773361976369495
"6239","280492b","Action_28","Morph_56","VUAVUA","Play","Locomotebipedal","LocomoteBipedal.1","Bossou",-0.161343150408763,0.0112781954887218,0.0155746509129968
"6240","280492b","Action_43","Morph_96","VUAVUA","Play","Raise","Raise.1","Bossou",-0.596020469829223,0.0268528464017186,0.0349087003222342
"6241","280497","Action_40","Morph_82","NA_chimp","Sexualattention","Presentgenitalsforwards","PresentGenitals.1","Bossou",-0.455706324544911,0.0354457572502685,0.00859291084854995
"6242","280497","Action_33","Morph_62","NA_chimp","Sexualattention","Objectmove","ObjectMove.2","Bossou",0.541160823562064,0.0123523093447905,0.0349087003222342
"6243","280488a","Action_4","Morph_10","PAMA","Affiliation","Bitekiss","Bite.2","Bossou",0.88335423162789,0.0128893662728249,0.0306122448979592
"6244","280627b","Action_4","Morph_11","YO","Affiliation","Bitekiss","Bite.3","Bossou",-0.403467105445491,0.00214822771213749,0.0306122448979592
"6245","280599","Action_45","Morph_101","JEJE","Giveme","Reach","Reach.2","Bossou",-1.04982212449868,0.027389903329753,0.0719656283566058
"6246","280255b","Action_38","Morph_79","YOLO","Affiliation","Present","Present.5","Bossou",-0.567395975254385,0.0134264232008593,0.0596133190118153
"6247","280224b","Action_43","Morph_96","NA_chimp","Stopbehaviour","Raise","Raise.1","Bossou",-0.562118918153541,0.0268528464017186,0.0349087003222342
"6248","280260","Action_21","Morph_44","FOAF","Sexualattention","Hittingobject","HitObject.6","Bossou",0.231111720963387,0.00161117078410311,0.0118152524167562
"6249","280260","Action_40","Morph_82","FOAF","Sexualattention","Presentgenitalsforwards","PresentGenitals.1","Bossou",0.242946178610389,0.0354457572502685,0.00859291084854995
"6250","280603","Action_42","Morph_92","JIRE","Moveaway","Push","Push.5","Bossou",-0.691149177897272,0.00644468313641246,0.0596133190118153
"6251","280591","Action_40","Morph_82","FOAF","Sexualattention","Presentgenitalsforwards","PresentGenitals.1","Bossou",0.210260925483196,0.0354457572502685,0.00859291084854995
"6252","280652","Action_20","Morph_45","FOTAIU","Stopbehaviour","Hitother","HitOther.1","Bossou",-0.356674943938732,0.0263157894736842,0.0402792696025779
"6253","280440","Action_13","Morph_27","TUA","Moveaway","Fling","Fling.1","Bossou",-0.796287939479459,0.056390977443609,0.0773361976369495
"6254","280169","Action_38","Morph_77","YO","Directattention","Present","Present.3","Bossou",1.2624303738975,0.0166487647690655,0.0596133190118153
"6255","280559","Action_13","Morph_27","JIRE","Moveaway","Fling","Fling.1","Bossou",-0.691149177897272,0.056390977443609,0.0773361976369495
"6256","280554","Action_48","Morph_104","YOLO","Play","Rollover","RollOver.1","Bossou",0.848011891120861,0.00429645542427497,0.00429645542427497
"6257","280187b","Action_45","Morph_100","NINA","Play","Reach","Reach.1","Bossou",0.22314355131421,0.0435016111707841,0.0719656283566058
"6258","280442","Action_38","Morph_78","YO","Directattention","Present","Present.4","Bossou",0.155292884406035,0.00214822771213749,0.0596133190118153
"6259","280650","Action_14","Morph_34","FOKAIYE","Play","Grab","Grab.6","Bossou",-0.265268477614881,0.00161117078410311,0.023093447905478
"6260","280336","Action_38","Morph_76","KAI","Groom","Present","Present.2","Bossou",0.106160195828391,0.00590762620837809,0.0596133190118153
"6261","280623b","Action_13","Morph_27","VELU","Moveaway","Fling","Fling.1","Bossou",-0.627359440021942,0.056390977443609,0.0773361976369495
"6262","280623b","Action_13","Morph_27","VELU","Moveaway","Fling","Fling.1","Bossou",-0.913793851675568,0.056390977443609,0.0773361976369495
"6263","280601","Action_42","Morph_92","JIRE","Stopbehaviour","Push","Push.5","Bossou",-0.627359440021942,0.00644468313641246,0.0596133190118153
"6264","280317b","Action_4","Morph_10","YO","Affiliation","Bitekiss","Bite.2","Bossou",-0.381260419411347,0.0128893662728249,0.0306122448979592
"6265","280389a","Action_4","Morph_10","YO","Affiliation","Bitekiss","Bite.2","Bossou",-0.75928698306449,0.0128893662728249,0.0306122448979592
"6266","280281b","Action_34","Morph_65","VUI","Affiliation","Objectshake","ObjectShake.1","Bossou",0.909870164071232,0.00966702470461869,0.014500537056928
"6267","280281b","Action_50","Morph_107","VUI","Affiliation","Shake","Shake.1","Bossou",-0.729811164931537,0.0139634801288937,0.0343716433941998
"6268","280281b","Action_5","Morph_17","VUI","Affiliation","Bounce","Bounce.1","Bossou",-0.699165252885508,0.0204081632653061,0.0204081632653061
"6269","280281b","Action_36","Morph_72","VUI","Affiliation","Overstance","OverStance.1","Bossou",-0.646263594661095,0.00698174006444683,0.0134264232008593
"6270","280281b","Action_36","Morph_72","VUI","Affiliation","Overstance","OverStance.1","Bossou",-0.0682788407532944,0.00698174006444683,0.0134264232008593
"6271","280495","Action_40","Morph_82","NA_chimp","Sexualattention","Presentgenitalsforwards","PresentGenitals.1","Bossou",-1.00239343092757,0.0354457572502685,0.00859291084854995
"6272","280365","Action_38","Morph_79","VUI","Sociosexualattention","Present","Present.5","Bossou",-0.510825623765991,0.0134264232008593,0.0596133190118153
"6273","280533","Action_5","Morph_17","YOLO","Sexualattention","Bounce","Bounce.1","Bossou",0.000999500333083423,0.0204081632653061,0.0204081632653061
"6274","280533","Action_33","Morph_61","YOLO","Sexualattention","Objectmove","ObjectMove.1","Bossou",-0.0682788407532944,0.0193340494092374,0.0349087003222342
"6275","280533","Action_33","Morph_61","YOLO","Sexualattention","Objectmove","ObjectMove.1","Bossou",-0.916290731874155,0.0193340494092374,0.0349087003222342
"6276","280533","Action_63","Morph_133","YOLO","Sexualattention","Touch","Touch.2","Bossou",-0.265268477614881,0.00805585392051558,0.0429645542427497
"6277","280533","Action_34","Morph_65","YOLO","Sexualattention","Objectshake","ObjectShake.1","Bossou",0.313349819200359,0.00966702470461869,0.014500537056928
"6278","280395b","Action_54","Morph_114","TUA","Support","Stancebipedal","StanceBipedal.1","Bossou",-0.562118918153541,0.0171858216970999,0.0171858216970999
"6279","280395b","Action_60","Morph_127","TUA","Support","Swing","Swing.1","Bossou",-0.433864582629862,0.0306122448979592,0.0370569280343716
"6280","280145a","Action_33","Morph_61","FANLE","Playcontinue","Objectmove","ObjectMove.1","Bossou",0.151862349309246,0.0193340494092374,0.0349087003222342
"6281","280145a","Action_60","Morph_128","FANLE","Playcontinue","Swing","Swing.2","Bossou",-0.436955775199535,0.0037593984962406,0.0370569280343716
"6282","280145a","Action_8","Morph_19","FANLE","Playcontinue","Dangle","Dangle.1","Bossou",-0.470003629245736,0.0257787325456498,0.0257787325456498
"6283","280333","Action_42","Morph_90","JIRE","Climbonme","Push","Push.3","Bossou",0.161268147596122,0.0134264232008593,0.0596133190118153
"6284","280333","Action_38","Morph_75","JIRE","Climbonme","Present","Present.1","Bossou",-0.25618340539241,0.0150375939849624,0.0596133190118153
"6285","280102a","Action_45","Morph_100","FOTAIU","Affiliation","Reach","Reach.1","Bossou",1.36200166855085,0.0435016111707841,0.0719656283566058
"6286","280102a","Action_38","Morph_76","FOTAIU","Affiliation","Present","Present.2","Bossou",0.500775287912489,0.00590762620837809,0.0596133190118153
"6287","280139","Action_40","Morph_82","JEJE","Sexualattention","Presentgenitalsforwards","PresentGenitals.1","Bossou",0.0478373294141601,0.0354457572502685,0.00859291084854995
"6288","280030b","Action_43","Morph_98","FANLE","Stopbehaviour","Raise","Raise.3","Bossou",-1.00239343092757,0.00590762620837809,0.0349087003222342
"6289","280030b","Action_13","Morph_27","FANLE","Stopbehaviour","Fling","Fling.1","Bossou",-0.50916034444693,0.056390977443609,0.0773361976369495
"6290","280030b","Action_42","Morph_90","FANLE","Stopbehaviour","Push","Push.3","Bossou",-0.0325231917055601,0.0134264232008593,0.0596133190118153
"6291","280030b","Action_36","Morph_72","FANLE","Stopbehaviour","Overstance","OverStance.1","Bossou",-2.00991547903123,0.00698174006444683,0.0134264232008593
"6292","280367","Action_41","Morph_84","JIRE","Stopbehaviour","Pull","Pull.1","Bossou",-1.04412410338404,0.0037593984962406,0.0177228786251343
"6293","280367","Action_42","Morph_92","JIRE","Stopbehaviour","Push","Push.5","Bossou",-1.04412410338404,0.00644468313641246,0.0596133190118153
"6294","280367","Action_41","Morph_84","JIRE","Stopbehaviour","Pull","Pull.1","Bossou",-1.25878104082093,0.0037593984962406,0.0177228786251343
"6295","280146b","Action_34","Morph_65","JEJE","Play","Objectshake","ObjectShake.1","Bossou",0.958200134951365,0.00966702470461869,0.014500537056928
"6296","280146b","Action_8","Morph_19","JEJE","Play","Dangle","Dangle.1","Bossou",-0.541284831250699,0.0257787325456498,0.0257787325456498
"6297","280146b","Action_57","Morph_118","JEJE","Play","Stompobject","StompObject.4","Bossou",-0.731888008876376,0.00429645542427497,0.0236305048335124
"6298","280146b","Action_17","Morph_39","JEJE","Play","Hitobject","HitObject.1","Bossou",-0.731888008876376,0.0327604726100967,0.0408163265306122
"6299","280146b","Action_17","Morph_39","JEJE","Play","Hitobject","HitObject.1","Bossou",-0.767870726755882,0.0327604726100967,0.0408163265306122
"6300","280146b","Action_20","Morph_46","JEJE","Play","Hitother","HitOther.2","Bossou",-0.443166975292176,0.00805585392051558,0.0402792696025779
"6301","280494","Action_42","Morph_91","YO","Climbonme","Push","Push.4","Bossou",-0.0682788407532944,0.00805585392051558,0.0596133190118153
"6302","280492a","Action_34","Morph_65","FOTAIU","Play","Objectshake","ObjectShake.1","Bossou",-0.0161293819298836,0.00966702470461869,0.014500537056928
"6303","280492a","Action_33","Morph_61","FOTAIU","Play","Objectmove","ObjectMove.1","Bossou",-0.874669057183336,0.0193340494092374,0.0349087003222342
"6304","280004","Action_42","Morph_88","VUAVUA","Climbonme","Push","Push.1","Bossou",-0.693147180559945,0.0128893662728249,0.0596133190118153
"6305","280290","Action_40","Morph_82","YOLO","Sexualattention","Presentgenitalsforwards","PresentGenitals.1","Bossou",0.233489843368354,0.0354457572502685,0.00859291084854995
"6306","280627a","Action_61","Morph_130","FANWA","Affiliation","Throwobject","ThrowObject.1","Bossou",0.237440856015034,0.0161117078410312,0.0161117078410312
"6307","280627a","Action_61","Morph_130","FANWA","Affiliation","Throwobject","ThrowObject.1","Bossou",0.42853038103916,0.0161117078410312,0.0161117078410312
"6308","280627a","Action_43","Morph_96","FANWA","Affiliation","Raise","Raise.1","Bossou",-0.403467105445491,0.0268528464017186,0.0349087003222342
"6309","280627a","Action_38","Morph_77","FANWA","Affiliation","Present","Present.3","Bossou",-1.20397280432594,0.0166487647690655,0.0596133190118153
"6310","280488b","Action_4","Morph_10","KAI","Affiliation","Bitekiss","Bite.2","Bossou",-1.25878104082093,0.0128893662728249,0.0306122448979592
"6311","280224a","Action_5","Morph_17","VUI","Play","Bounce","Bounce.1","Bossou",-0.356674943938732,0.0204081632653061,0.0204081632653061
"6312","280224a","Action_28","Morph_56","VUI","Play","Locomotebipedal","LocomoteBipedal.1","Bossou",-0.811930716549912,0.0112781954887218,0.0155746509129968
"6313","280224a","Action_17","Morph_39","VUI","Play","Hitobject","HitObject.1","Bossou",-0.675307262431614,0.0327604726100967,0.0408163265306122
"6314","280224a","Action_57","Morph_115","VUI","Play","Stompobject","StompObject.1","Bossou",-0.978166135592243,0.0150375939849624,0.0236305048335124
"6315","280255a","Action_63","Morph_133","JURU","Affiliation","Touch","Touch.2","Bossou",-1.16155208844198,0.00805585392051558,0.0429645542427497
"6316","280255a","Action_38","Morph_78","JURU","Affiliation","Present","Present.4","Bossou",-1.42295834549148,0.00214822771213749,0.0596133190118153
"6317","280549","Action_60","Morph_127","FOTAIU","Play","Swing","Swing.1","Bossou",-0.104250021373799,0.0306122448979592,0.0370569280343716
"6318","280337","Action_39","Morph_82","NINA","Sexualattention","Presentgenitalsbackwards","PresentGenitals.1","Bossou",-0.302457358033935,0.0354457572502685,0.0290010741138561
"6319","280443","Action_41","Morph_85","TUA","Position","Pull","Pull.2","Bossou",-0.567395975254385,0.00322234156820623,0.0177228786251343
"6320","280474","Action_13","Morph_28","PILI","Moveaway","Fling","Fling.2","Bossou",-0.874669057183336,0.0209452201933405,0.0773361976369495
"6321","280655","Action_39","Morph_82","VUAVUA","Sexualattention","Presentgenitalsbackwards","PresentGenitals.1","Bossou",0.0657877405380032,0.0354457572502685,0.0290010741138561
"6322","280003a","Action_14","Morph_30","PELEY","Playcontinue","Grab","Grab.2","Bossou",-0.834710744881732,0.00429645542427497,0.023093447905478
"6323","280093a","Action_43","Morph_96","FANLE","Support","Raise","Raise.1","Bossou",-0.999672340813206,0.0268528464017186,0.0349087003222342
"6324","280093a","Action_11","Morph_23","FANLE","Support","Embrace","Embrace.2","Bossou",-0.424647927524938,0.00268528464017186,0.00859291084854995
"6325","280059","Action_39","Morph_82","PAMA","Sexualattention","Presentgenitalsbackwards","PresentGenitals.1","Bossou",-0.921303273697699,0.0354457572502685,0.0290010741138561
"6326","280468","Action_38","Morph_75","YOLO","Directattention","Present","Present.1","Bossou",0.685618914139154,0.0150375939849624,0.0596133190118153
"6327","280254a","Action_2","Morph_6","JIRE","Travel","Bigloudscratch","BigLoudScratch.4","Bossou",0.247641022914597,0.00322234156820623,0.0241675617615467
"6328","280254a","Action_45","Morph_100","JIRE","Travel","Reach","Reach.1","Bossou",-1.38230233985035,0.0435016111707841,0.0719656283566058
"6329","280237","Action_45","Morph_100","FOTAIU","Support","Reach","Reach.1","Bossou",-1.53711725085447,0.0435016111707841,0.0719656283566058
"6330","280234","Action_38","Morph_79","FANA","Directattention","Present","Present.5","Bossou",0.8754687373539,0.0134264232008593,0.0596133190118153
"6331","280067","Action_38","Morph_77","PAMA","Directattention","Present","Present.3","Bossou",0.767326578734197,0.0166487647690655,0.0596133190118153
"6332","280427b","Action_20","Morph_45","NTO","Stopbehaviour","Hitother","HitOther.1","Bossou",-1.15201306539522,0.0263157894736842,0.0402792696025779
"6333","280402","Action_39","Morph_82","NINA","Sexualattention","Presentgenitalsbackwards","PresentGenitals.1","Bossou",1.22934811065716,0.0354457572502685,0.0290010741138561
"6334","280147b","Action_55","Morph_116","JEJE","Play","Stompingobject","StompObject.2","Bossou",0.0898407039997895,0.00912996777658432,0.0150375939849624
"6335","280147b","Action_33","Morph_62","JEJE","Play","Objectmove","ObjectMove.2","Bossou",0.349952398177906,0.0123523093447905,0.0349087003222342
"6336","280147b","Action_8","Morph_19","JEJE","Play","Dangle","Dangle.1","Bossou",-0.318828801448618,0.0257787325456498,0.0257787325456498
"6337","280147b","Action_33","Morph_61","JEJE","Play","Objectmove","ObjectMove.1","Bossou",0.592221261969985,0.0193340494092374,0.0349087003222342
"6338","280147b","Action_55","Morph_116","JEJE","Play","Stompingobject","StompObject.2","Bossou",-0.463624022281697,0.00912996777658432,0.0150375939849624
"6339","280147b","Action_33","Morph_61","JEJE","Play","Objectmove","ObjectMove.1","Bossou",-0.295714244149045,0.0193340494092374,0.0349087003222342
"6340","280490","Action_5","Morph_17","NA_chimp","Sexualattention","Bounce","Bounce.1","Bossou",0.42853038103916,0.0204081632653061,0.0204081632653061
"6341","280490","Action_5","Morph_17","NA_chimp","Sexualattention","Bounce","Bounce.1","Bossou",0.337899788612398,0.0204081632653061,0.0204081632653061
"6342","280490","Action_41","Morph_84","NA_chimp","Sexualattention","Pull","Pull.1","Bossou",-1.32050662058189,0.0037593984962406,0.0177228786251343
"6343","280407b","Action_60","Morph_127","NA_chimp","Play","Swing","Swing.1","Bossou",-0.452556715642015,0.0306122448979592,0.0370569280343716
"6344","280407b","Action_20","Morph_45","NA_chimp","Play","Hitother","HitOther.1","Bossou",-0.215671536475509,0.0263157894736842,0.0402792696025779
"6345","280150b","Action_33","Morph_62","JEJE","Playcontinue","Objectmove","ObjectMove.2","Bossou",0.527092596229863,0.0123523093447905,0.0349087003222342
"6346","280150b","Action_60","Morph_127","JEJE","Playcontinue","Swing","Swing.1","Bossou",0.417393678973438,0.0306122448979592,0.0370569280343716
"6347","280409","Action_38","Morph_77","NINA","Groom","Present","Present.3","Bossou",0.284426779731108,0.0166487647690655,0.0596133190118153
"6348","280414","Action_45","Morph_100","PILI","Affiliation","Reach","Reach.1","Bossou",-0.102032725565152,0.0435016111707841,0.0719656283566058
"6349","280414","Action_45","Morph_100","PILI","Affiliation","Reach","Reach.1","Bossou",-0.71743987312899,0.0435016111707841,0.0719656283566058
"6350","280414","Action_45","Morph_100","PILI","Affiliation","Reach","Reach.1","Bossou",-0.211956361923645,0.0435016111707841,0.0719656283566058
"6351","280414","Action_55","Morph_117","PILI","Affiliation","Stompingobject","StompObject.3","Bossou",0.235862323721984,0.00429645542427497,0.0150375939849624
"6352","280042","Action_38","Morph_75","PAMA","Directattention","Present","Present.1","Bossou",0.625403528473426,0.0150375939849624,0.0596133190118153
"6353","280598","Action_14","Morph_33","JEJE","Giveme","Grab","Grab.5","Bossou",-0.0866478067256722,0.00537056928034372,0.023093447905478
"6354","280598","Action_45","Morph_101","JEJE","Giveme","Reach","Reach.2","Bossou",-1.09661428600544,0.027389903329753,0.0719656283566058
"6355","280598","Action_63","Morph_138","JEJE","Giveme","Touch","Touch.7","Bossou",-0.874669057183336,0.0107411385606874,0.0429645542427497
"6356","280537","Action_63","Morph_140","YO","Affiliation","Touch","Touch.9","Bossou",-0.104250021373799,0.00698174006444683,0.0429645542427497
"6357","280479a","Action_33","Morph_62","YOLO","Play","Objectmove","ObjectMove.2","Bossou",-0.798507696217772,0.0123523093447905,0.0349087003222342
"6358","280479a","Action_43","Morph_96","YOLO","Play","Raise","Raise.1","Bossou",-1.25878104082093,0.0268528464017186,0.0349087003222342
"6359","280001","Action_36","Morph_72","YOLO","Support","Overstance","OverStance.1","Bossou",0.000999500333083423,0.00698174006444683,0.0134264232008593
"6360","280394","Action_13","Morph_27","NINA","Moveaway","Fling","Fling.1","Bossou",-0.978166135592243,0.056390977443609,0.0773361976369495
"6361","280066","Action_39","Morph_82","PAMA","Sexualattention","Presentgenitalsbackwards","PresentGenitals.1","Bossou",-0.478035800943,0.0354457572502685,0.0290010741138561
"6362","280638b","Action_5","Morph_17","PELEY","Play","Bounce","Bounce.1","Bossou",-0.18152187662339,0.0204081632653061,0.0204081632653061
"6363","280236","Action_13","Morph_28","VUI","Moveaway","Fling","Fling.2","Bossou",-0.653926467406664,0.0209452201933405,0.0773361976369495
"6364","280469","Action_42","Morph_89","TUA","Position","Push","Push.2","Bossou",-0.837017550979647,0.00537056928034372,0.0596133190118153
"6365","280469","Action_42","Morph_89","TUA","Position","Push","Push.2","Bossou",-0.627359440021942,0.00537056928034372,0.0596133190118153
"6366","280516b","Action_62","Morph_131","JOYA","Moveaway","Throwthreat","ThrowThreat.1","Bossou",0.263133199530368,0.0193340494092374,0.0193340494092374
"6367","280351b","Action_63","Morph_138","JOKURO","Affiliation","Touch","Touch.7","Bossou",0.296394013053802,0.0107411385606874,0.0429645542427497
"6368","280605","Action_8","Morph_19","FANLE","Playcontinue","Dangle","Dangle.1","Bossou",0.000999500333083423,0.0257787325456498,0.0257787325456498
"6369","280605","Action_60","Morph_127","FANLE","Playcontinue","Swing","Swing.1","Bossou",0.154436353304419,0.0306122448979592,0.0370569280343716
"6370","280108","Action_2","Morph_3","VUAVUA","Travel","Bigloudscratch","BigLoudScratch.1","Bossou",0.40212620684265,0.00322234156820623,0.0241675617615467
"6371","280108","Action_2","Morph_4","VUAVUA","Travel","Bigloudscratch","BigLoudScratch.2","Bossou",0.342170257735851,0.0150375939849624,0.0241675617615467
"6372","280108","Action_2","Morph_4","VUAVUA","Travel","Bigloudscratch","BigLoudScratch.2","Bossou",0.603222473031958,0.0150375939849624,0.0241675617615467
"6373","280654","Action_13","Morph_27","FOTAIU","Stopbehaviour","Fling","Fling.1","Bossou",0.0344014267173323,0.056390977443609,0.0773361976369495
"6374","280057b","Action_43","Morph_98","JEJE","Stopbehaviour","Raise","Raise.3","Bossou",-1.18744350237473,0.00590762620837809,0.0349087003222342
"6375","280057b","Action_20","Morph_49","JEJE","Stopbehaviour","Hitother","HitOther.5","Bossou",-0.742337424750717,0.00268528464017186,0.0402792696025779
"6376","280238a","Action_1","Morph_1","FOTAIU","Affiliation","Beckon","Beckon.1","Bossou",-0.507497833673316,0.00966702470461869,0.0123523093447905
"6377","280238a","Action_1","Morph_1","FOTAIU","Affiliation","Beckon","Beckon.1","Bossou",-0.484508315448617,0.00966702470461869,0.0123523093447905
"6378","280238a","Action_11","Morph_23","FOTAIU","Affiliation","Embrace","Embrace.2","Bossou",0.0852598439508234,0.00268528464017186,0.00859291084854995
"6379","280368b","Action_45","Morph_100","FOAF","Stopbehaviour","Reach","Reach.1","Bossou",0.21591750622247,0.0435016111707841,0.0719656283566058
"6380","280475","Action_13","Morph_27","PILI","Stopbehaviour","Fling","Fling.1","Bossou",-0.725670372265505,0.056390977443609,0.0773361976369495
"6381","280446","Action_45","Morph_100","JURU","Climbonyou","Reach","Reach.1","Bossou",-0.356674943938732,0.0435016111707841,0.0719656283566058
"6382","280656","Action_62","Morph_131","FOTAIU","Moveaway","Throwthreat","ThrowThreat.1","Bossou",-0.913793851675568,0.0193340494092374,0.0193340494092374
"6383","280258","Action_42","Morph_91","PAMA","Stopbehaviour","Push","Push.4","Bossou",-0.605136303237232,0.00805585392051558,0.0596133190118153
"6384","280258","Action_14","Morph_31","PAMA","Stopbehaviour","Grab","Grab.3","Bossou",-1.34707364796661,0.00805585392051558,0.023093447905478
"6385","280258","Action_41","Morph_86","PAMA","Stopbehaviour","Pull","Pull.3","Bossou",-1.14256417619729,0.00698174006444683,0.0177228786251343
"6386","280093b","Action_45","Morph_100","FANA","Support","Reach","Reach.1","Bossou",-0.921303273697699,0.0435016111707841,0.0719656283566058
"6387","280093b","Action_11","Morph_24","FANA","Support","Embrace","Embrace.3","Bossou",-0.0140989243795016,0.00214822771213749,0.00859291084854995
"6388","280607","Action_45","Morph_101","FANLE","Giveme","Reach","Reach.2","Bossou",-0.482886255076749,0.027389903329753,0.0719656283566058
"6389","280065","Action_24","Morph_51","PELEY","Stopbehaviour","Jump","Jump.1","Bossou",-0.187535123846842,0.0128893662728249,0.0128893662728249
"6390","280065","Action_57","Morph_118","PELEY","Stopbehaviour","Stompobject","StompObject.4","Bossou",-0.398986142010455,0.00429645542427497,0.0236305048335124
"6391","280254b","Action_43","Morph_96","JURU","Climbonme","Raise","Raise.1","Bossou",-0.999672340813206,0.0268528464017186,0.0349087003222342
"6392","280427a","Action_45","Morph_100","VUAVUA","Play","Reach","Reach.1","Bossou",-1.25878104082093,0.0435016111707841,0.0719656283566058
"6393","280427a","Action_14","Morph_33","VUAVUA","Play","Grab","Grab.5","Bossou",-2.00991547903123,0.00537056928034372,0.023093447905478
"6394","280427a","Action_45","Morph_100","VUAVUA","Play","Reach","Reach.1","Bossou",-1.00239343092757,0.0435016111707841,0.0719656283566058
"6395","280415","Action_54","Morph_114","NA_chimp","Sexualattention","Stancebipedal","StanceBipedal.1","Bossou",-1.1679623668029,0.0171858216970999,0.0171858216970999
"6396","280147a","Action_60","Morph_127","FANLE","Play","Swing","Swing.1","Bossou",0.404130885095028,0.0306122448979592,0.0370569280343716
"6397","280147a","Action_24","Morph_51","FANLE","Play","Jump","Jump.1","Bossou",0.0601539228197471,0.0128893662728249,0.0128893662728249
"6398","280147a","Action_33","Morph_62","FANLE","Play","Objectmove","ObjectMove.2","Bossou",-0.267879445155601,0.0123523093447905,0.0349087003222342
"6399","280147a","Action_33","Morph_62","FANLE","Play","Objectmove","ObjectMove.2","Bossou",0.410784269585764,0.0123523093447905,0.0349087003222342
"6400","280407a","Action_60","Morph_128","VUI","Moveaway","Swing","Swing.2","Bossou",-0.348140041488895,0.0037593984962406,0.0370569280343716
"6401","280407a","Action_60","Morph_127","VUI","Moveaway","Swing","Swing.1","Bossou",-0.309246250367621,0.0306122448979592,0.0370569280343716
"6402","280407a","Action_60","Morph_127","VUI","Moveaway","Swing","Swing.1","Bossou",0.131028262406404,0.0306122448979592,0.0370569280343716
"6403","280407a","Action_51","Morph_111","VUI","Moveaway","Spinpirouette","SpinPirouette.1","Bossou",0.573236883887388,0.00322234156820623,0.00322234156820623
"6404","280407a","Action_60","Morph_127","VUI","Moveaway","Swing","Swing.1","Bossou",-0.180323554131282,0.0306122448979592,0.0370569280343716
"6405","280407a","Action_42","Morph_92","VUI","Moveaway","Push","Push.5","Bossou",-1.02165124753198,0.00644468313641246,0.0596133190118153
"6406","280600","Action_45","Morph_101","JEJE","Giveme","Reach","Reach.2","Bossou",0.169742774587095,0.027389903329753,0.0719656283566058
"6407","280634b","Action_13","Morph_27","JIRE","Stopbehaviour","Fling","Fling.1","Bossou",-0.455706324544911,0.056390977443609,0.0773361976369495
"6408","280150a","Action_60","Morph_127","FANLE","Playcontinue","Swing","Swing.1","Bossou",0.369492447649347,0.0306122448979592,0.0370569280343716
"6409","280150a","Action_8","Morph_19","FANLE","Playcontinue","Dangle","Dangle.1","Bossou",-0.481266821524446,0.0257787325456498,0.0257787325456498
"6410","280150a","Action_17","Morph_39","FANLE","Playcontinue","Hitobject","HitObject.1","Bossou",-1.24479479884619,0.0327604726100967,0.0408163265306122
"6411","280150a","Action_55","Morph_116","FANLE","Playcontinue","Stompingobject","StompObject.2","Bossou",-0.153151179494175,0.00912996777658432,0.0150375939849624
"6412","280150a","Action_17","Morph_39","FANLE","Playcontinue","Hitobject","HitObject.1","Bossou",-1.38230233985035,0.0327604726100967,0.0408163265306122
"6413","280040","Action_45","Morph_100","PAMA","Affiliation","Reach","Reach.1","Bossou",-0.515838165589535,0.0435016111707841,0.0719656283566058
"6414","280041","Action_38","Morph_77","PAMA","Groom","Present","Present.3","Bossou",0.473123756581979,0.0166487647690655,0.0596133190118153
"6415","280492","Action_38","Morph_75","PAMA","Climbonme","Present","Present.1","Bossou",-0.142716302201595,0.0150375939849624,0.0596133190118153
"6416","280492","Action_42","Morph_89","PAMA","Climbonme","Push","Push.2","Bossou",0.0657877405380032,0.00537056928034372,0.0596133190118153
"6417","280049","Action_13","Morph_27","JIRE","Stopbehaviour","Fling","Fling.1","Bossou",-0.906340401020987,0.056390977443609,0.0773361976369495
"6418","280479b","Action_8","Morph_19","FOTAIU","Play","Dangle","Dangle.1","Bossou",-0.379797361359587,0.0257787325456498,0.0257787325456498
"6419","280002","Action_43","Morph_96","PELEY","Stopbehaviour","Raise","Raise.1","Bossou",-0.834710744881732,0.0268528464017186,0.0349087003222342
"6420","280002","Action_1","Morph_1","PELEY","Stopbehaviour","Beckon","Beckon.1","Bossou",-0.76142602131324,0.00966702470461869,0.0123523093447905
"6421","280116","Action_38","Morph_79","FOTAIU","Directattention","Present","Present.5","Bossou",-0.70117935225721,0.0134264232008593,0.0596133190118153
"6422","280638a","Action_55","Morph_116","JEJE","Play","Stompingobject","StompObject.2","Bossou",-0.355247391947547,0.00912996777658432,0.0150375939849624
"6423","280638a","Action_57","Morph_118","JEJE","Play","Stompobject","StompObject.4","Bossou",-0.627359440021942,0.00429645542427497,0.0236305048335124
"6424","280013a","Action_21","Morph_43","FOKAIYE","Play","Hittingobject","HitObject.5","Bossou",0.406131552651325,0.00537056928034372,0.0118152524167562
"6425","280013a","Action_20","Morph_49","FOKAIYE","Play","Hitother","HitOther.5","Bossou",-0.356674943938732,0.00268528464017186,0.0402792696025779
"6426","280235","Action_13","Morph_27","JIRE","Moveaway","Fling","Fling.1","Bossou",-0.755022584278033,0.056390977443609,0.0773361976369495
"6427","280366","Action_45","Morph_100","JOKURO","Climbonyou","Reach","Reach.1","Bossou",-0.746547957287061,0.0435016111707841,0.0719656283566058
"6428","280411","Action_38","Morph_75","PAMA","Directattention","Present","Present.1","Bossou",0.254642218373581,0.0150375939849624,0.0596133190118153
"6429","280480b","Action_61","Morph_130","YOLO","Play","Throwobject","ThrowObject.1","Bossou",-0.379797361359587,0.0161117078410312,0.0161117078410312
"6430","280480b","Action_17","Morph_40","YOLO","Play","Hitobject","HitObject.2","Bossou",-0.53785429615391,0.00483351235230934,0.0408163265306122
"6431","280480b","Action_33","Morph_62","YOLO","Play","Objectmove","ObjectMove.2","Bossou",-0.309246250367621,0.0123523093447905,0.0349087003222342
"6432","280480b","Action_33","Morph_62","YOLO","Play","Objectmove","ObjectMove.2","Bossou",-0.263965545834465,0.0123523093447905,0.0349087003222342
"6433","280351a","Action_12","Morph_26","YO","Affiliation","Fingermouth","FingerMouth.1","Bossou",0.245296355955343,0.00429645542427497,0.00429645542427497
"6434","280057a","Action_57","Morph_118","FANLE","Stopbehaviour","Stompobject","StompObject.4","Bossou",-0.211956361923645,0.00429645542427497,0.0236305048335124
"6435","280553","Action_45","Morph_100","VUAVUA","Position","Reach","Reach.1","Bossou",-0.309246250367621,0.0435016111707841,0.0719656283566058
"6436","280553","Action_42","Morph_91","VUAVUA","Position","Push","Push.4","Bossou",-0.834710744881732,0.00805585392051558,0.0596133190118153
"6437","280238b","Action_11","Morph_22","JURU","Affiliation","Embrace","Embrace.1","Bossou",0.0620353909194527,0.00161117078410311,0.00859291084854995
"6438","280368a","Action_63","Morph_135","JIRE","Affiliation","Touch","Touch.4","Bossou",-0.742337424750717,0.00483351235230934,0.0429645542427497
"6439","280368a","Action_60","Morph_127","JIRE","Affiliation","Swing","Swing.1","Bossou",-0.238257189124258,0.0306122448979592,0.0370569280343716
"6440","280444","Action_13","Morph_28","JIRE","Stopbehaviour","Fling","Fling.2","Bossou",-1.25878104082093,0.0209452201933405,0.0773361976369495
"6441","280444","Action_13","Morph_27","JIRE","Stopbehaviour","Fling","Fling.1","Bossou",-1.32050662058189,0.056390977443609,0.0773361976369495
"6442","280629b","Action_15","Morph_36","YO","Stopbehaviour","Grabhold","GrabHold.2","Bossou",1.01848624418882,0.00161117078410311,0.0037593984962406
"6443","280629b","Action_42","Morph_90","YO","Stopbehaviour","Push","Push.3","Bossou",-0.263965545834465,0.0134264232008593,0.0596133190118153
"6444","280629b","Action_64","Morph_134","YO","Stopbehaviour","Touchlongother","Touch.3","Bossou",1.16440002920611,0.00698174006444683,0.0112781954887218
