"","Communication_number","gesture_record_anon","morphs_anon","Signaller","Goal","Lumped_Gs","morph","Social_unit","log","rFq_morph","rFq_action"
"1","102357","Action_2","Morph_3","BB","Groom","Bigloudscratch","BigLoudScratch.1","Sonso",1.28093384546206,0.0215364120781528,0.0577264653641208
"2","102357","Action_2","Morph_4","BB","Groom","Bigloudscratch","BigLoudScratch.2","Sonso",1.11185751541813,0.019316163410302,0.0577264653641208
"3","100466a","Action_20","Morph_50","BB","Play","Hitother","HitOther.6","Sonso",-1.02165124753198,0.00488454706927176,0.0404085257548845
"4","100468","Action_45","Morph_101","BB","Play","Reach","Reach.2","Sonso",0.542324290825362,0.0370781527531083,0.0801509769094138
"5","100468","Action_15","Morph_35","BB","Play","Grabhold","GrabHold.1","Sonso",1.56024766824333,0.00932504440497336,0.0204262877442274
"6","100466a","Action_14","Morph_29","BB","Play","Grab","Grab.1","Sonso",0.444685821261446,0.00821492007104796,0.0353019538188277
"7","100466a","Action_14","Morph_29","BB","Play","Grab","Grab.1","Sonso",0.494696241836107,0.00821492007104796,0.0353019538188277
"8","101408","Action_2","Morph_3","BB","Groom","Bigloudscratch","BigLoudScratch.1","Sonso",0.985816794522765,0.0215364120781528,0.0577264653641208
"9","101304b","Action_2","Morph_4","BB","Groom","Bigloudscratch","BigLoudScratch.2","Sonso",0.336472236621213,0.019316163410302,0.0577264653641208
"10","102434","Action_38","Morph_79","BB","Directattention","Present","Present.5","Sonso",1.35583515363518,0.00688277087033748,0.0492895204262877
"11","100551","Action_45","Morph_100","BB","Affiliation","Reach","Reach.1","Sonso",0.246860077931526,0.0408525754884547,0.0801509769094138
"12","102272","Action_2","Morph_4","BH","Travel","Bigloudscratch","BigLoudScratch.2","Sonso",0.732367893713227,0.019316163410302,0.0577264653641208
"13","100804","Action_15","Morph_35","BH","Climbonme","Grabhold","GrabHold.1","Sonso",1.52605630349505,0.00932504440497336,0.0204262877442274
"14","102348","Action_23","Morph_47","BH","Playcontinue","Hittingother","HitOther.3","Sonso",0.89199803930511,0.00843694493783304,0.0157637655417407
"15","102350","Action_23","Morph_47","BH","Playcontinue","Hittingother","HitOther.3","Sonso",0.693147180559945,0.00843694493783304,0.0157637655417407
"16","102349","Action_42","Morph_95","BH","Playcontinue","Push","Push.8","Sonso",0.712949807856125,0.00133214920071048,0.0466252220248668
"17","101768","Action_41","Morph_84","BH","Climbonme","Pull","Pull.1","Sonso",-0.083381608939051,0.00821492007104796,0.0253108348134991
"18","102289a","Action_2","Morph_3","BH","Groom","Bigloudscratch","BigLoudScratch.1","Sonso",1.81807677754543,0.0215364120781528,0.0577264653641208
"19","102288","Action_38","Morph_77","BH","Directattention","Present","Present.3","Sonso",0.751416088683921,0.00466252220248668,0.0492895204262877
"20","102456","Action_38","Morph_77","BH","Groom","Present","Present.3","Sonso",1.3244189574018,0.00466252220248668,0.0492895204262877
"21","102296","Action_38","Morph_75","BH","Directattention","Present","Present.1","Sonso",0.307484699747961,0.0170959147424512,0.0492895204262877
"22","102297","Action_38","Morph_76","BH","Directattention","Present","Present.2","Sonso",1.34547236659964,0.0135435168738899,0.0492895204262877
"23","102289a","Action_2","Morph_5","BH","Groom","Bigloudscratch","BigLoudScratch.3","Sonso",0.908258560176891,0.0119893428063943,0.0577264653641208
"24","102290","Action_38","Morph_75","BH","Directattention","Present","Present.1","Sonso",1.58514521986506,0.0170959147424512,0.0492895204262877
"25","102293","Action_38","Morph_75","BH","Directattention","Present","Present.1","Sonso",1.23547147138531,0.0170959147424512,0.0492895204262877
"26","102214","Action_42","Morph_91","BH","Play","Push","Push.4","Sonso",0.56531380905006,0.00932504440497336,0.0466252220248668
"27","102292","Action_38","Morph_75","BH","Directattention","Present","Present.1","Sonso",0.955511445027436,0.0170959147424512,0.0492895204262877
"28","102380","Action_23","Morph_47","BH","Play","Hittingother","HitOther.3","Sonso",0.444685821261446,0.00843694493783304,0.0157637655417407
"29","101350","Action_13","Morph_27","BH","Moveaway","Fling","Fling.1","Sonso",-0.7339691750802,0.00688277087033748,0.0117673179396092
"30","101350","Action_43","Morph_96","BH","Moveaway","Raise","Raise.1","Sonso",-0.127833371509885,0.00865896980461812,0.0113232682060391
"31","101350","Action_13","Morph_27","BH","Moveaway","Fling","Fling.1","Sonso",-0.510825623765991,0.00688277087033748,0.0117673179396092
"32","101350","Action_13","Morph_27","BH","Moveaway","Fling","Fling.1","Sonso",-0.82098055206983,0.00688277087033748,0.0117673179396092
"33","101379b","Action_39","Morph_82","BH","Sexualattention","Presentgenitalsbackwards","PresentGenitals.1","Sonso",1.26976054486394,0.0295293072824156,0.033303730017762
"34","100766b","Action_39","Morph_82","BH","Sexualattention","Presentgenitalsbackwards","PresentGenitals.1","Sonso",0.307484699747961,0.0295293072824156,0.033303730017762
"35","101129b","Action_57","Morph_115","BT","Play","Stompobject","StompObject.1","Sonso",-0.510825623765991,0.0337477797513321,0.0424067495559503
"36","100529","Action_29","Morph_58","BT","Play","Locomotegallop","LocomoteGallop.1","Sonso",1.57691472072854,0.00821492007104796,0.00821492007104796
"37","102452","Action_55","Morph_116","BT","Play","Stompingobject","StompObject.2","Sonso",1.17557332980424,0.0148756660746004,0.0230905861456483
"38","102454","Action_57","Morph_115","BT","Playcontinue","Stompobject","StompObject.1","Sonso",0.182321556793955,0.0337477797513321,0.0424067495559503
"39","102452","Action_20","Morph_45","BT","Play","Hitother","HitOther.1","Sonso",-0.27443684570176,0.0202042628774423,0.0404085257548845
"40","100898a","Action_33","Morph_61","BT","Play","Objectmove","ObjectMove.1","Sonso",0.672944473242426,0.0317495559502664,0.0406305506216696
"41","100898a","Action_9","Morph_20","BT","Play","Dangleshake","DangleShake.1","Sonso",2.598235335095,0.00710479573712256,0.00710479573712256
"42","101008b","Action_20","Morph_50","BT","Play","Hitother","HitOther.6","Sonso",0.0769610411361284,0.00488454706927176,0.0404085257548845
"43","101172","Action_38","Morph_77","BT","Groom","Present","Present.3","Sonso",0.215111379616945,0.00466252220248668,0.0492895204262877
"44","101006","Action_25","Morph_52","BT","Playcontinue","Kickpunch","KickPunch.1","Sonso",-0.328504066972036,0.0022202486678508,0.0022202486678508
"45","100999","Action_45","Morph_100","BT","Giveme","Reach","Reach.1","Sonso",0.494696241836107,0.0408525754884547,0.0801509769094138
"46","100999","Action_45","Morph_100","BT","Giveme","Reach","Reach.1","Sonso",0.494696241836107,0.0408525754884547,0.0801509769094138
"47","100772p2","Action_34","Morph_66","DN","Groom","Objectshake","ObjectShake.2","Sonso",1.6094379124341,0.0237566607460036,0.108792184724689
"48","100772p1","Action_2","Morph_6","DN","Groom","Bigloudscratch","BigLoudScratch.4","Sonso",1.7227665977411,0.00421847246891652,0.0577264653641208
"49","100772p1","Action_34","Morph_65","DN","Groom","Objectshake","ObjectShake.1","Sonso",0.307484699747961,0.0746003552397869,0.108792184724689
"50","100772p1","Action_2","Morph_4","DN","Groom","Bigloudscratch","BigLoudScratch.2","Sonso",1.95727390770563,0.019316163410302,0.0577264653641208
"51","102394","Action_34","Morph_65","DN","Moveaway","Objectshake","ObjectShake.1","Sonso",0.0769610411361284,0.0746003552397869,0.108792184724689
"52","102394","Action_34","Morph_65","DN","Moveaway","Objectshake","ObjectShake.1","Sonso",-0.127833371509885,0.0746003552397869,0.108792184724689
"53","100626","Action_57","Morph_115","DN","Followme","Stompobject","StompObject.1","Sonso",-0.22314355131421,0.0337477797513321,0.0424067495559503
"54","100648","Action_17","Morph_39","DN","Followme","Hitobject","HitObject.1","Sonso",-0.44628710262842,0.0430728241563055,0.0559502664298401
"55","100645p3","Action_17","Morph_39","DN","Followme","Hitobject","HitObject.1","Sonso",-0.82098055206983,0.0430728241563055,0.0559502664298401
"56","100628a","Action_33","Morph_61","DN","Followme","Objectmove","ObjectMove.1","Sonso",0.470003629245736,0.0317495559502664,0.0406305506216696
"57","100637p4","Action_34","Morph_66","DN","Followme","Objectshake","ObjectShake.2","Sonso",2.10413415427021,0.0237566607460036,0.108792184724689
"58","100645p1","Action_24","Morph_51","DN","Followme","Jump","Jump.1","Sonso",0,0.00732682060390764,0.00732682060390764
"59","100626","Action_57","Morph_115","DN","Followme","Stompobject","StompObject.1","Sonso",-0.22314355131421,0.0337477797513321,0.0424067495559503
"60","100654","Action_17","Morph_40","DN","Followme","Hitobject","HitObject.2","Sonso",-0.7339691750802,0.0119893428063943,0.0559502664298401
"61","100628","Action_49","Morph_105","DN","Followme","Rub","Rub.1","Sonso",1.72988406550997,0.0044404973357016,0.0066607460035524
"62","100650","Action_33","Morph_61","DN","Followme","Objectmove","ObjectMove.1","Sonso",0.0769610411361284,0.0317495559502664,0.0406305506216696
"63","100625","Action_34","Morph_66","DN","Followme","Objectshake","ObjectShake.2","Sonso",1.86872051036418,0.0237566607460036,0.108792184724689
"64","100643p1","Action_34","Morph_65","DN","Followme","Objectshake","ObjectShake.1","Sonso",0.182321556793955,0.0746003552397869,0.108792184724689
"65","100634","Action_34","Morph_65","DN","Followme","Objectshake","ObjectShake.1","Sonso",0.0392207131532813,0.0746003552397869,0.108792184724689
"66","100653a","Action_34","Morph_66","DN","Followme","Objectshake","ObjectShake.2","Sonso",0.609765571620894,0.0237566607460036,0.108792184724689
"67","100625","Action_34","Morph_65","DN","Followme","Objectshake","ObjectShake.1","Sonso",1.51732262352629,0.0746003552397869,0.108792184724689
"68","100648","Action_17","Morph_39","DN","Followme","Hitobject","HitObject.1","Sonso",-0.82098055206983,0.0430728241563055,0.0559502664298401
"69","100655","Action_60","Morph_127","DN","Followme","Swing","Swing.1","Sonso",-0.083381608939051,0.0428507992895204,0.0475133214920071
"70","100648","Action_24","Morph_51","DN","Followme","Jump","Jump.1","Sonso",-0.27443684570176,0.00732682060390764,0.00732682060390764
"71","100652b","Action_23","Morph_48","DN","Sociosexualattention","Hittingother","HitOther.4","Sonso",0.908258560176891,0.00732682060390764,0.0157637655417407
"72","100626","Action_34","Morph_65","DN","Followme","Objectshake","ObjectShake.1","Sonso",1.52605630349505,0.0746003552397869,0.108792184724689
"73","100637p5","Action_24","Morph_51","DN","Followme","Jump","Jump.1","Sonso",-0.510825623765991,0.00732682060390764,0.00732682060390764
"74","100634","Action_34","Morph_65","DN","Followme","Objectshake","ObjectShake.1","Sonso",0.56531380905006,0.0746003552397869,0.108792184724689
"75","100637p4","Action_34","Morph_65","DN","Followme","Objectshake","ObjectShake.1","Sonso",0.631271776841858,0.0746003552397869,0.108792184724689
"76","100649b","Action_49","Morph_105","DN","Sociosexualattention","Rub","Rub.1","Sonso",2.92530980925744,0.0044404973357016,0.0066607460035524
"77","100637p4","Action_34","Morph_66","DN","Followme","Objectshake","ObjectShake.2","Sonso",1.35583515363518,0.0237566607460036,0.108792184724689
"78","100644p1","Action_34","Morph_65","DN","Followme","Objectshake","ObjectShake.1","Sonso",0.908258560176891,0.0746003552397869,0.108792184724689
"79","100623","Action_55","Morph_117","DN","Followme","Stompingobject","StompObject.3","Sonso",0.985816794522765,0.00688277087033748,0.0230905861456483
"80","100645p1","Action_33","Morph_61","DN","Followme","Objectmove","ObjectMove.1","Sonso",-0.82098055206983,0.0317495559502664,0.0406305506216696
"81","100648","Action_34","Morph_65","DN","Followme","Objectshake","ObjectShake.1","Sonso",0.307484699747961,0.0746003552397869,0.108792184724689
"82","100625","Action_34","Morph_65","DN","Followme","Objectshake","ObjectShake.1","Sonso",1.6094379124341,0.0746003552397869,0.108792184724689
"83","100647","Action_18","Morph_39","DN","Followme","Hitobjectobject","HitObject.1","Sonso",-0.385662480811985,0.0430728241563055,0.00466252220248668
"84","100645p1","Action_17","Morph_39","DN","Followme","Hitobject","HitObject.1","Sonso",0,0.0430728241563055,0.0559502664298401
"85","100633","Action_33","Morph_61","DN","Followme","Objectmove","ObjectMove.1","Sonso",-0.510825623765991,0.0317495559502664,0.0406305506216696
"86","100626","Action_34","Morph_65","DN","Followme","Objectshake","ObjectShake.1","Sonso",0.908258560176891,0.0746003552397869,0.108792184724689
"87","100625","Action_34","Morph_65","DN","Followme","Objectshake","ObjectShake.1","Sonso",1.52605630349505,0.0746003552397869,0.108792184724689
"88","100623","Action_34","Morph_65","DN","Followme","Objectshake","ObjectShake.1","Sonso",0.470003629245736,0.0746003552397869,0.108792184724689
"89","100645p2","Action_60","Morph_127","DN","Followme","Swing","Swing.1","Sonso",-0.083381608939051,0.0428507992895204,0.0475133214920071
"90","100637p5","Action_57","Morph_118","DN","Followme","Stompobject","StompObject.4","Sonso",-0.7339691750802,0.005550621669627,0.0424067495559503
"91","100641a","Action_22","Morph_43","DN","Followme","Hittingobjectobject","HitObject.5","Sonso",0.518793793415168,0.0044404973357016,0.00266429840142096
"92","100641a","Action_34","Morph_65","DN","Followme","Objectshake","ObjectShake.1","Sonso",1.12492959698548,0.0746003552397869,0.108792184724689
"93","100654","Action_34","Morph_65","DN","Followme","Objectshake","ObjectShake.1","Sonso",0.182321556793955,0.0746003552397869,0.108792184724689
"94","100642","Action_34","Morph_65","DN","Followme","Objectshake","ObjectShake.1","Sonso",0,0.0746003552397869,0.108792184724689
"95","100645p1","Action_57","Morph_118","DN","Followme","Stompobject","StompObject.4","Sonso",-0.510825623765991,0.005550621669627,0.0424067495559503
"96","100644p1","Action_17","Morph_41","DN","Followme","Hitobject","HitObject.3","Sonso",-0.510825623765991,0.00510657193605684,0.0559502664298401
"97","100642","Action_60","Morph_128","DN","Followme","Swing","Swing.2","Sonso",-0.328504066972036,0.00310834813499112,0.0475133214920071
"98","100624","Action_34","Morph_65","DN","Followme","Objectshake","ObjectShake.1","Sonso",1.12492959698548,0.0746003552397869,0.108792184724689
"99","100643p1","Action_34","Morph_66","DN","Followme","Objectshake","ObjectShake.2","Sonso",1.54329810992956,0.0237566607460036,0.108792184724689
"100","100625","Action_34","Morph_65","DN","Followme","Objectshake","ObjectShake.1","Sonso",1.87364662870024,0.0746003552397869,0.108792184724689
"101","100636b","Action_49","Morph_105","DN","Sociosexualattention","Rub","Rub.1","Sonso",1.79840401194672,0.0044404973357016,0.0066607460035524
"102","100637p2","Action_34","Morph_65","DN","Followme","Objectshake","ObjectShake.1","Sonso",2.1701959049483,0.0746003552397869,0.108792184724689
"103","100645p1","Action_34","Morph_65","DN","Followme","Objectshake","ObjectShake.1","Sonso",0.908258560176891,0.0746003552397869,0.108792184724689
"104","100626","Action_34","Morph_65","DN","Followme","Objectshake","ObjectShake.1","Sonso",1.33500106673234,0.0746003552397869,0.108792184724689
"105","100645p1","Action_34","Morph_65","DN","Followme","Objectshake","ObjectShake.1","Sonso",1.28093384546206,0.0746003552397869,0.108792184724689
"106","100642","Action_34","Morph_65","DN","Followme","Objectshake","ObjectShake.1","Sonso",0.924258901523332,0.0746003552397869,0.108792184724689
"107","100647","Action_34","Morph_65","DN","Followme","Objectshake","ObjectShake.1","Sonso",-0.083381608939051,0.0746003552397869,0.108792184724689
"108","100628a","Action_34","Morph_65","DN","Followme","Objectshake","ObjectShake.1","Sonso",0.542324290825362,0.0746003552397869,0.108792184724689
"109","100645p3","Action_34","Morph_66","DN","Followme","Objectshake","ObjectShake.2","Sonso",-0.7339691750802,0.0237566607460036,0.108792184724689
"110","100628a","Action_17","Morph_39","DN","Followme","Hitobject","HitObject.1","Sonso",-0.44628710262842,0.0430728241563055,0.0559502664298401
"111","100629p2","Action_34","Morph_65","DN","Followme","Objectshake","ObjectShake.1","Sonso",0.985816794522765,0.0746003552397869,0.108792184724689
"112","100635p1","Action_34","Morph_65","DN","Followme","Objectshake","ObjectShake.1","Sonso",0.418710334858185,0.0746003552397869,0.108792184724689
"113","100653a","Action_57","Morph_115","DN","Followme","Stompobject","StompObject.1","Sonso",-0.0408219945202552,0.0337477797513321,0.0424067495559503
"114","100654","Action_24","Morph_51","DN","Followme","Jump","Jump.1","Sonso",-0.328504066972036,0.00732682060390764,0.00732682060390764
"115","100631p1","Action_34","Morph_66","DN","Followme","Objectshake","ObjectShake.2","Sonso",0.336472236621213,0.0237566607460036,0.108792184724689
"116","100655","Action_24","Morph_51","DN","Followme","Jump","Jump.1","Sonso",-0.083381608939051,0.00732682060390764,0.00732682060390764
"117","100655","Action_57","Morph_115","DN","Followme","Stompobject","StompObject.1","Sonso",-0.653926467406664,0.0337477797513321,0.0424067495559503
"118","100645p3","Action_57","Morph_115","DN","Followme","Stompobject","StompObject.1","Sonso",-0.653926467406664,0.0337477797513321,0.0424067495559503
"119","100629p2","Action_34","Morph_65","DN","Followme","Objectshake","ObjectShake.1","Sonso",1.76473079684014,0.0746003552397869,0.108792184724689
"120","100651","Action_34","Morph_65","DN","Followme","Objectshake","ObjectShake.1","Sonso",1.13783300182139,0.0746003552397869,0.108792184724689
"121","100647","Action_33","Morph_61","DN","Followme","Objectmove","ObjectMove.1","Sonso",0.364643113587909,0.0317495559502664,0.0406305506216696
"122","100645p3","Action_34","Morph_65","DN","Followme","Objectshake","ObjectShake.1","Sonso",-0.127833371509885,0.0746003552397869,0.108792184724689
"123","100644p2","Action_34","Morph_66","DN","Followme","Objectshake","ObjectShake.2","Sonso",0.78845736036427,0.0237566607460036,0.108792184724689
"124","100645p3","Action_33","Morph_61","DN","Followme","Objectmove","ObjectMove.1","Sonso",-0.916290731874155,0.0317495559502664,0.0406305506216696
"125","100625","Action_34","Morph_65","DN","Followme","Objectshake","ObjectShake.1","Sonso",0.587786664902119,0.0746003552397869,0.108792184724689
"126","100634","Action_17","Morph_39","DN","Followme","Hitobject","HitObject.1","Sonso",0.0392207131532813,0.0430728241563055,0.0559502664298401
"127","100629p1","Action_34","Morph_65","DN","Followme","Objectshake","ObjectShake.1","Sonso",1.83098018238134,0.0746003552397869,0.108792184724689
"128","100635p1","Action_34","Morph_66","DN","Followme","Objectshake","ObjectShake.2","Sonso",1.82454929205105,0.0237566607460036,0.108792184724689
"129","100654","Action_17","Morph_40","DN","Followme","Hitobject","HitObject.2","Sonso",-0.916290731874155,0.0119893428063943,0.0559502664298401
"130","100623","Action_34","Morph_65","DN","Followme","Objectshake","ObjectShake.1","Sonso",0.65232518603969,0.0746003552397869,0.108792184724689
"131","100645p3","Action_17","Morph_39","DN","Followme","Hitobject","HitObject.1","Sonso",0.215111379616945,0.0430728241563055,0.0559502664298401
"132","100637p5","Action_34","Morph_66","DN","Followme","Objectshake","ObjectShake.2","Sonso",0.307484699747961,0.0237566607460036,0.108792184724689
"133","100645p3","Action_24","Morph_51","DN","Followme","Jump","Jump.1","Sonso",-0.44628710262842,0.00732682060390764,0.00732682060390764
"134","100629p2","Action_34","Morph_66","DN","Followme","Objectshake","ObjectShake.2","Sonso",0.970778917158225,0.0237566607460036,0.108792184724689
"135","100650","Action_34","Morph_69","DN","Followme","Objectshake","ObjectShake.5","Sonso",0.89199803930511,0.0011101243339254,0.108792184724689
"136","100634","Action_34","Morph_65","DN","Followme","Objectshake","ObjectShake.1","Sonso",1.41585316336144,0.0746003552397869,0.108792184724689
"137","100641a","Action_34","Morph_65","DN","Followme","Objectshake","ObjectShake.1","Sonso",0.0760346862759976,0.0746003552397869,0.108792184724689
"138","100629p2","Action_34","Morph_65","DN","Followme","Objectshake","ObjectShake.1","Sonso",1.08518926833597,0.0746003552397869,0.108792184724689
"139","100642","Action_34","Morph_65","DN","Followme","Objectshake","ObjectShake.1","Sonso",0.609765571620894,0.0746003552397869,0.108792184724689
"140","100654","Action_24","Morph_51","DN","Followme","Jump","Jump.1","Sonso",-0.328504066972036,0.00732682060390764,0.00732682060390764
"141","100645p2","Action_34","Morph_65","DN","Followme","Objectshake","ObjectShake.1","Sonso",0.806475865866949,0.0746003552397869,0.108792184724689
"142","100647","Action_33","Morph_61","DN","Followme","Objectmove","ObjectMove.1","Sonso",-0.385662480811985,0.0317495559502664,0.0406305506216696
"143","100626","Action_34","Morph_65","DN","Followme","Objectshake","ObjectShake.1","Sonso",1.44456326924387,0.0746003552397869,0.108792184724689
"144","100645p3","Action_34","Morph_65","DN","Followme","Objectshake","ObjectShake.1","Sonso",1.00063188030791,0.0746003552397869,0.108792184724689
"145","100625","Action_34","Morph_66","DN","Followme","Objectshake","ObjectShake.2","Sonso",1.18784342239605,0.0237566607460036,0.108792184724689
"146","100643p1","Action_61","Morph_130","DN","Followme","Throwobject","ThrowObject.1","Sonso",-0.653926467406664,0.00244227353463588,0.00244227353463588
"147","100637p1","Action_34","Morph_65","DN","Followme","Objectshake","ObjectShake.1","Sonso",0.940007258491471,0.0746003552397869,0.108792184724689
"148","100624","Action_34","Morph_65","DN","Followme","Objectshake","ObjectShake.1","Sonso",1.49962304642689,0.0746003552397869,0.108792184724689
"149","100648","Action_34","Morph_65","DN","Followme","Objectshake","ObjectShake.1","Sonso",0.307484699747961,0.0746003552397869,0.108792184724689
"150","100637p5","Action_34","Morph_65","DN","Followme","Objectshake","ObjectShake.1","Sonso",0.732367893713227,0.0746003552397869,0.108792184724689
"151","100629p2","Action_34","Morph_66","DN","Followme","Objectshake","ObjectShake.2","Sonso",0.56531380905006,0.0237566607460036,0.108792184724689
"152","100644p1","Action_60","Morph_127","DN","Followme","Swing","Swing.1","Sonso",0.0769610411361284,0.0428507992895204,0.0475133214920071
"153","100645p3","Action_34","Morph_65","DN","Followme","Objectshake","ObjectShake.1","Sonso",0,0.0746003552397869,0.108792184724689
"154","100644p1","Action_34","Morph_66","DN","Followme","Objectshake","ObjectShake.2","Sonso",1.07158361628019,0.0237566607460036,0.108792184724689
"155","100637p5","Action_17","Morph_39","DN","Followme","Hitobject","HitObject.1","Sonso",-0.510825623765991,0.0430728241563055,0.0559502664298401
"156","100655","Action_34","Morph_65","DN","Followme","Objectshake","ObjectShake.1","Sonso",1.23547147138531,0.0746003552397869,0.108792184724689
"157","100628a","Action_34","Morph_65","DN","Followme","Objectshake","ObjectShake.1","Sonso",0.215111379616945,0.0746003552397869,0.108792184724689
"158","100624","Action_17","Morph_39","DN","Followme","Hitobject","HitObject.1","Sonso",0.0392207131532813,0.0430728241563055,0.0559502664298401
"159","100651","Action_34","Morph_65","DN","Followme","Objectshake","ObjectShake.1","Sonso",1.05779029414785,0.0746003552397869,0.108792184724689
"160","100625","Action_34","Morph_66","DN","Followme","Objectshake","ObjectShake.2","Sonso",1.75785791755237,0.0237566607460036,0.108792184724689
"161","100643p2","Action_34","Morph_65","DN","Followme","Objectshake","ObjectShake.1","Sonso",1.67147330335355,0.0746003552397869,0.108792184724689
"162","100647","Action_34","Morph_65","DN","Followme","Objectshake","ObjectShake.1","Sonso",-0.083381608939051,0.0746003552397869,0.108792184724689
"163","100631p1","Action_34","Morph_66","DN","Followme","Objectshake","ObjectShake.2","Sonso",1.17557332980424,0.0237566607460036,0.108792184724689
"164","100637p4","Action_34","Morph_66","DN","Followme","Objectshake","ObjectShake.2","Sonso",2.04898233419513,0.0237566607460036,0.108792184724689
"165","100624","Action_34","Morph_65","DN","Followme","Objectshake","ObjectShake.1","Sonso",0.8754687373539,0.0746003552397869,0.108792184724689
"166","100645p3","Action_34","Morph_65","DN","Followme","Objectshake","ObjectShake.1","Sonso",0,0.0746003552397869,0.108792184724689
"167","100631p1","Action_34","Morph_66","DN","Followme","Objectshake","ObjectShake.2","Sonso",1.45395300959371,0.0237566607460036,0.108792184724689
"168","100644p1","Action_57","Morph_115","DN","Followme","Stompobject","StompObject.1","Sonso",-0.510825623765991,0.0337477797513321,0.0424067495559503
"169","100645p3","Action_34","Morph_65","DN","Followme","Objectshake","ObjectShake.1","Sonso",-0.27443684570176,0.0746003552397869,0.108792184724689
"170","100637p1","Action_34","Morph_66","DN","Followme","Objectshake","ObjectShake.2","Sonso",1.57691472072854,0.0237566607460036,0.108792184724689
"171","100624","Action_34","Morph_65","DN","Followme","Objectshake","ObjectShake.1","Sonso",0.148420005118273,0.0746003552397869,0.108792184724689
"172","100625","Action_47","Morph_103","DN","Followme","Rockingsit","Rocking.1","Sonso",1.89311196348834,0.00377442273534636,0.00377442273534636
"173","100644p1","Action_17","Morph_39","DN","Followme","Hitobject","HitObject.1","Sonso",-0.328504066972036,0.0430728241563055,0.0559502664298401
"174","100648","Action_34","Morph_65","DN","Followme","Objectshake","ObjectShake.1","Sonso",0.307484699747961,0.0746003552397869,0.108792184724689
"175","100631p1","Action_34","Morph_66","DN","Followme","Objectshake","ObjectShake.2","Sonso",0.751416088683921,0.0237566607460036,0.108792184724689
"176","100637p5","Action_34","Morph_66","DN","Followme","Objectshake","ObjectShake.2","Sonso",0.542324290825362,0.0237566607460036,0.108792184724689
"177","100645p3","Action_60","Morph_127","DN","Followme","Swing","Swing.1","Sonso",-0.328504066972036,0.0428507992895204,0.0475133214920071
"178","100634","Action_34","Morph_66","DN","Followme","Objectshake","ObjectShake.2","Sonso",0.693147180559945,0.0237566607460036,0.108792184724689
"179","100645p2","Action_60","Morph_127","DN","Followme","Swing","Swing.1","Sonso",0.542324290825362,0.0428507992895204,0.0475133214920071
"180","100645p1","Action_34","Morph_66","DN","Followme","Objectshake","ObjectShake.2","Sonso",0.631271776841858,0.0237566607460036,0.108792184724689
"181","100692","Action_42","Morph_93","DN","Position","Push","Push.6","Sonso",-0.44628710262842,0.0066607460035524,0.0466252220248668
"182","100691","Action_42","Morph_93","DN","Position","Push","Push.6","Sonso",-0.27443684570176,0.0066607460035524,0.0466252220248668
"183","100693","Action_42","Morph_93","DN","Position","Push","Push.6","Sonso",-0.22314355131421,0.0066607460035524,0.0466252220248668
"184","100701","Action_38","Morph_79","DN","Directattention","Present","Present.5","Sonso",2.09924416897602,0.00688277087033748,0.0492895204262877
"185","100449","Action_11","Morph_22","DN","Play","Embrace","Embrace.1","Sonso",1.24703229378638,0.00288632326820604,0.005550621669627
"186","102386","Action_63","Morph_132","DN","Stopbehaviour","Touch","Touch.1","Sonso",-0.7339691750802,0.0104351687388988,0.0341918294849023
"187","102385b","Action_13","Morph_28","DN","Stopbehaviour","Fling","Fling.2","Sonso",-0.879476758751439,0.00488454706927176,0.0117673179396092
"188","100695","Action_38","Morph_78","DN","Groom","Present","Present.4","Sonso",0.65232518603969,0.00288632326820604,0.0492895204262877
"189","100607","Action_34","Morph_69","DN","Followme","Objectshake","ObjectShake.5","Sonso",0.336472236621213,0.0011101243339254,0.108792184724689
"190","100600","Action_49","Morph_105","DN","Followme","Rub","Rub.1","Sonso",1.18784342239605,0.0044404973357016,0.0066607460035524
"191","100578","Action_34","Morph_65","DN","Followme","Objectshake","ObjectShake.1","Sonso",1.78507048107726,0.0746003552397869,0.108792184724689
"192","100595a","Action_22","Morph_43","DN","Followme","Hittingobjectobject","HitObject.5","Sonso",0.444685821261446,0.0044404973357016,0.00266429840142096
"193","100595a","Action_34","Morph_65","DN","Followme","Objectshake","ObjectShake.1","Sonso",0.182321556793955,0.0746003552397869,0.108792184724689
"194","100518","Action_34","Morph_65","DN","Followme","Objectshake","ObjectShake.1","Sonso",1.708377860289,0.0746003552397869,0.108792184724689
"195","100499","Action_61","Morph_130","DN","Followme","Throwobject","ThrowObject.1","Sonso",-0.82098055206983,0.00244227353463588,0.00244227353463588
"196","100500","Action_34","Morph_65","DN","Followme","Objectshake","ObjectShake.1","Sonso",1.11185751541813,0.0746003552397869,0.108792184724689
"197","100499","Action_33","Morph_62","DN","Followme","Objectmove","ObjectMove.2","Sonso",-0.510825623765991,0.00643872113676732,0.0406305506216696
"198","100595a","Action_34","Morph_65","DN","Followme","Objectshake","ObjectShake.1","Sonso",0.494696241836107,0.0746003552397869,0.108792184724689
"199","100515","Action_34","Morph_65","DN","Followme","Objectshake","ObjectShake.1","Sonso",1.3244189574018,0.0746003552397869,0.108792184724689
"200","100590p2","Action_34","Morph_65","DN","Followme","Objectshake","ObjectShake.1","Sonso",0.113328685307003,0.0746003552397869,0.108792184724689
"201","100601","Action_22","Morph_43","DN","Followme","Hittingobjectobject","HitObject.5","Sonso",2.33795223683134,0.0044404973357016,0.00266429840142096
"202","100606","Action_34","Morph_66","DN","Followme","Objectshake","ObjectShake.2","Sonso",1.04380405217311,0.0237566607460036,0.108792184724689
"203","100575","Action_50","Morph_107","DN","Followme","Shake","Shake.1","Sonso",1.09861228866811,0.00355239786856128,0.0122113676731794
"204","100594","Action_34","Morph_65","DN","Followme","Objectshake","ObjectShake.1","Sonso",0.336472236621213,0.0746003552397869,0.108792184724689
"205","100601","Action_18","Morph_39","DN","Followme","Hitobjectobject","HitObject.1","Sonso",0.518793793415168,0.0430728241563055,0.00466252220248668
"206","100589","Action_34","Morph_65","DN","Followme","Objectshake","ObjectShake.1","Sonso",0.392042087776024,0.0746003552397869,0.108792184724689
"207","100594","Action_24","Morph_51","DN","Followme","Jump","Jump.1","Sonso",-0.385662480811985,0.00732682060390764,0.00732682060390764
"208","100578","Action_34","Morph_65","DN","Followme","Objectshake","ObjectShake.1","Sonso",2.52732736567195,0.0746003552397869,0.108792184724689
"209","100501","Action_34","Morph_65","DN","Followme","Objectshake","ObjectShake.1","Sonso",1.18784342239605,0.0746003552397869,0.108792184724689
"210","100509","Action_60","Morph_127","DN","Followme","Swing","Swing.1","Sonso",0.712949807856125,0.0428507992895204,0.0475133214920071
"211","100499","Action_60","Morph_127","DN","Followme","Swing","Swing.1","Sonso",0.148420005118273,0.0428507992895204,0.0475133214920071
"212","100516p2","Action_34","Morph_65","DN","Followme","Objectshake","ObjectShake.1","Sonso",2.25339484880327,0.0746003552397869,0.108792184724689
"213","100586","Action_34","Morph_66","DN","Followme","Objectshake","ObjectShake.2","Sonso",1.30291275218084,0.0237566607460036,0.108792184724689
"214","100511p1","Action_33","Morph_64","DN","Followme","Objectmove","ObjectMove.4","Sonso",-0.127833371509885,0.00066607460035524,0.0406305506216696
"215","100596","Action_34","Morph_65","DN","Followme","Objectshake","ObjectShake.1","Sonso",1.21194097397511,0.0746003552397869,0.108792184724689
"216","100578","Action_34","Morph_65","DN","Followme","Objectshake","ObjectShake.1","Sonso",1.91692261218206,0.0746003552397869,0.108792184724689
"217","100602p2","Action_34","Morph_65","DN","Followme","Objectshake","ObjectShake.1","Sonso",1.79840401194672,0.0746003552397869,0.108792184724689
"218","100590p1","Action_17","Morph_41","DN","Followme","Hitobject","HitObject.3","Sonso",-0.44628710262842,0.00510657193605684,0.0559502664298401
"219","100586","Action_34","Morph_65","DN","Followme","Objectshake","ObjectShake.1","Sonso",0.444685821261446,0.0746003552397869,0.108792184724689
"220","100508","Action_34","Morph_65","DN","Followme","Objectshake","ObjectShake.1","Sonso",2.13298230860787,0.0746003552397869,0.108792184724689
"221","100601","Action_34","Morph_66","DN","Followme","Objectshake","ObjectShake.2","Sonso",1.64093657949347,0.0237566607460036,0.108792184724689
"222","100579","Action_34","Morph_65","DN","Followme","Objectshake","ObjectShake.1","Sonso",1.77833644889591,0.0746003552397869,0.108792184724689
"223","100601","Action_34","Morph_65","DN","Followme","Objectshake","ObjectShake.1","Sonso",1.35583515363518,0.0746003552397869,0.108792184724689
"224","100578","Action_60","Morph_127","DN","Followme","Swing","Swing.1","Sonso",0.0392207131532813,0.0428507992895204,0.0475133214920071
"225","100519","Action_34","Morph_65","DN","Followme","Objectshake","ObjectShake.1","Sonso",0.732367893713227,0.0746003552397869,0.108792184724689
"226","100508","Action_60","Morph_127","DN","Followme","Swing","Swing.1","Sonso",0.693147180559945,0.0428507992895204,0.0475133214920071
"227","100500","Action_61","Morph_130","DN","Followme","Throwobject","ThrowObject.1","Sonso",0.418710334858185,0.00244227353463588,0.00244227353463588
"228","100589","Action_34","Morph_65","DN","Followme","Objectshake","ObjectShake.1","Sonso",0.8754687373539,0.0746003552397869,0.108792184724689
"229","100593","Action_33","Morph_61","DN","Followme","Objectmove","ObjectMove.1","Sonso",1.68639895357023,0.0317495559502664,0.0406305506216696
"230","100591","Action_34","Morph_65","DN","Followme","Objectshake","ObjectShake.1","Sonso",-0.127833371509885,0.0746003552397869,0.108792184724689
"231","100500","Action_33","Morph_62","DN","Followme","Objectmove","ObjectMove.2","Sonso",0.841567185678219,0.00643872113676732,0.0406305506216696
"232","100589","Action_17","Morph_41","DN","Followme","Hitobject","HitObject.3","Sonso",-0.510825623765991,0.00510657193605684,0.0559502664298401
"233","100511p1","Action_57","Morph_115","DN","Followme","Stompobject","StompObject.1","Sonso",-0.7339691750802,0.0337477797513321,0.0424067495559503
"234","100588","Action_34","Morph_66","DN","Followme","Objectshake","ObjectShake.2","Sonso",1.64865862558738,0.0237566607460036,0.108792184724689
"235","100595a","Action_57","Morph_115","DN","Followme","Stompobject","StompObject.1","Sonso",-1.02165124753198,0.0337477797513321,0.0424067495559503
"236","100608","Action_42","Morph_92","DN","Position","Push","Push.5","Sonso",0.182321556793955,0.0066607460035524,0.0466252220248668
"237","100605","Action_34","Morph_65","DN","Followme","Objectshake","ObjectShake.1","Sonso",0.336472236621213,0.0746003552397869,0.108792184724689
"238","100557","Action_34","Morph_65","DN","Followme","Objectshake","ObjectShake.1","Sonso",0.970778917158225,0.0746003552397869,0.108792184724689
"239","100515","Action_33","Morph_61","DN","Followme","Objectmove","ObjectMove.1","Sonso",0.770108221696074,0.0317495559502664,0.0406305506216696
"240","100519","Action_34","Morph_65","DN","Followme","Objectshake","ObjectShake.1","Sonso",0.89199803930511,0.0746003552397869,0.108792184724689
"241","100597","Action_33","Morph_61","DN","Followme","Objectmove","ObjectMove.1","Sonso",1.41585316336144,0.0317495559502664,0.0406305506216696
"242","100518","Action_60","Morph_127","DN","Followme","Swing","Swing.1","Sonso",-0.0408219945202552,0.0428507992895204,0.0475133214920071
"243","100504","Action_34","Morph_65","DN","Followme","Objectshake","ObjectShake.1","Sonso",1.21194097397511,0.0746003552397869,0.108792184724689
"244","100559","Action_34","Morph_65","DN","Followme","Objectshake","ObjectShake.1","Sonso",1.88706964903238,0.0746003552397869,0.108792184724689
"245","100602p1","Action_34","Morph_65","DN","Followme","Objectshake","ObjectShake.1","Sonso",2.70001802940495,0.0746003552397869,0.108792184724689
"246","100498","Action_33","Morph_61","DN","Followme","Objectmove","ObjectMove.1","Sonso",0.215111379616945,0.0317495559502664,0.0406305506216696
"247","100516p3","Action_33","Morph_61","DN","Followme","Objectmove","ObjectMove.1","Sonso",1.1999647829284,0.0317495559502664,0.0406305506216696
"248","100557","Action_34","Morph_65","DN","Followme","Objectshake","ObjectShake.1","Sonso",1.56024766824333,0.0746003552397869,0.108792184724689
"249","100593","Action_22","Morph_43","DN","Followme","Hittingobjectobject","HitObject.5","Sonso",0.56531380905006,0.0044404973357016,0.00266429840142096
"250","100577","Action_34","Morph_65","DN","Sexualattention","Objectshake","ObjectShake.1","Sonso",1.43508452528932,0.0746003552397869,0.108792184724689
"251","100498","Action_60","Morph_127","DN","Followme","Swing","Swing.1","Sonso",0.148420005118273,0.0428507992895204,0.0475133214920071
"252","100509","Action_33","Morph_61","DN","Followme","Objectmove","ObjectMove.1","Sonso",0.364643113587909,0.0317495559502664,0.0406305506216696
"253","100509","Action_33","Morph_61","DN","Followme","Objectmove","ObjectMove.1","Sonso",0.924258901523332,0.0317495559502664,0.0406305506216696
"254","100517","Action_34","Morph_65","DN","Followme","Objectshake","ObjectShake.1","Sonso",1.01523067972906,0.0746003552397869,0.108792184724689
"255","100597","Action_33","Morph_61","DN","Followme","Objectmove","ObjectMove.1","Sonso",0.494696241836107,0.0317495559502664,0.0406305506216696
"256","100578","Action_34","Morph_65","DN","Followme","Objectshake","ObjectShake.1","Sonso",1.00063188030791,0.0746003552397869,0.108792184724689
"257","100589","Action_24","Morph_51","DN","Followme","Jump","Jump.1","Sonso",-0.385662480811985,0.00732682060390764,0.00732682060390764
"258","100585","Action_34","Morph_65","DN","Followme","Objectshake","ObjectShake.1","Sonso",1.70110510095992,0.0746003552397869,0.108792184724689
"259","100600","Action_34","Morph_65","DN","Followme","Objectshake","ObjectShake.1","Sonso",0.908258560176891,0.0746003552397869,0.108792184724689
"260","100575","Action_34","Morph_65","DN","Followme","Objectshake","ObjectShake.1","Sonso",1.64865862558738,0.0746003552397869,0.108792184724689
"261","100519","Action_34","Morph_65","DN","Followme","Objectshake","ObjectShake.1","Sonso",0.418710334858185,0.0746003552397869,0.108792184724689
"262","100607","Action_34","Morph_66","DN","Followme","Objectshake","ObjectShake.2","Sonso",0.364643113587909,0.0237566607460036,0.108792184724689
"263","100519","Action_34","Morph_65","DN","Followme","Objectshake","ObjectShake.1","Sonso",0.113328685307003,0.0746003552397869,0.108792184724689
"264","100589","Action_34","Morph_66","DN","Followme","Objectshake","ObjectShake.2","Sonso",1.11185751541813,0.0237566607460036,0.108792184724689
"265","100595a","Action_34","Morph_69","DN","Followme","Objectshake","ObjectShake.5","Sonso",0.246860077931526,0.0011101243339254,0.108792184724689
"266","100557","Action_34","Morph_65","DN","Followme","Objectshake","ObjectShake.1","Sonso",0.770108221696074,0.0746003552397869,0.108792184724689
"267","100578","Action_34","Morph_65","DN","Followme","Objectshake","ObjectShake.1","Sonso",1.70110510095992,0.0746003552397869,0.108792184724689
"268","100510","Action_34","Morph_65","DN","Sexualattention","Objectshake","ObjectShake.1","Sonso",0.336472236621213,0.0746003552397869,0.108792184724689
"269","100589","Action_34","Morph_66","DN","Followme","Objectshake","ObjectShake.2","Sonso",1.11185751541813,0.0237566607460036,0.108792184724689
"270","100515","Action_57","Morph_115","DN","Followme","Stompobject","StompObject.1","Sonso",-0.44628710262842,0.0337477797513321,0.0424067495559503
"271","100507","Action_33","Morph_61","DN","Followme","Objectmove","ObjectMove.1","Sonso",0.587786664902119,0.0317495559502664,0.0406305506216696
"272","100601","Action_34","Morph_66","DN","Followme","Objectshake","ObjectShake.2","Sonso",1.44456326924387,0.0237566607460036,0.108792184724689
"273","100578","Action_34","Morph_65","DN","Followme","Objectshake","ObjectShake.1","Sonso",2.08442908319087,0.0746003552397869,0.108792184724689
"274","100519","Action_34","Morph_65","DN","Followme","Objectshake","ObjectShake.1","Sonso",0.770108221696074,0.0746003552397869,0.108792184724689
"275","100599","Action_34","Morph_65","DN","Followme","Objectshake","ObjectShake.1","Sonso",1.1999647829284,0.0746003552397869,0.108792184724689
"276","100513","Action_34","Morph_68","DN","Followme","Objectshake","ObjectShake.4","Sonso",1.09861228866811,0.00288632326820604,0.108792184724689
"277","100602p1","Action_34","Morph_65","DN","Followme","Objectshake","ObjectShake.1","Sonso",2.11866225483312,0.0746003552397869,0.108792184724689
"278","100590p2","Action_17","Morph_39","DN","Followme","Hitobject","HitObject.1","Sonso",-0.7339691750802,0.0430728241563055,0.0559502664298401
"279","100586","Action_17","Morph_39","DN","Followme","Hitobject","HitObject.1","Sonso",0.0769610411361284,0.0430728241563055,0.0559502664298401
"280","100594","Action_18","Morph_40","DN","Followme","Hitobjectobject","HitObject.2","Sonso",-0.44628710262842,0.0119893428063943,0.00466252220248668
"281","100596","Action_60","Morph_127","DN","Followme","Swing","Swing.1","Sonso",-0.22314355131421,0.0428507992895204,0.0475133214920071
"282","100591","Action_34","Morph_65","DN","Followme","Objectshake","ObjectShake.1","Sonso",2.20165917440409,0.0746003552397869,0.108792184724689
"283","100582","Action_17","Morph_39","DN","Stopbehaviour","Hitobject","HitObject.1","Sonso",-0.385662480811985,0.0430728241563055,0.0559502664298401
"284","100508","Action_49","Morph_105","DN","Followme","Rub","Rub.1","Sonso",2.07442899985629,0.0044404973357016,0.0066607460035524
"285","100593","Action_18","Morph_39","DN","Followme","Hitobjectobject","HitObject.1","Sonso",0,0.0430728241563055,0.00466252220248668
"286","100507","Action_33","Morph_61","DN","Followme","Objectmove","ObjectMove.1","Sonso",1.18784342239605,0.0317495559502664,0.0406305506216696
"287","100578","Action_17","Morph_39","DN","Followme","Hitobject","HitObject.1","Sonso",-0.174353387144778,0.0430728241563055,0.0559502664298401
"288","100508","Action_60","Morph_127","DN","Followme","Swing","Swing.1","Sonso",0.336472236621213,0.0428507992895204,0.0475133214920071
"289","100518","Action_60","Morph_127","DN","Followme","Swing","Swing.1","Sonso",-0.44628710262842,0.0428507992895204,0.0475133214920071
"290","100509","Action_61","Morph_130","DN","Followme","Throwobject","ThrowObject.1","Sonso",-0.0408219945202552,0.00244227353463588,0.00244227353463588
"291","100511p1","Action_33","Morph_61","DN","Followme","Objectmove","ObjectMove.1","Sonso",-0.27443684570176,0.0317495559502664,0.0406305506216696
"292","100587","Action_34","Morph_65","DN","Followme","Objectshake","ObjectShake.1","Sonso",1.67147330335355,0.0746003552397869,0.108792184724689
"293","100597","Action_33","Morph_61","DN","Followme","Objectmove","ObjectMove.1","Sonso",0.444685821261446,0.0317495559502664,0.0406305506216696
"294","100601","Action_34","Morph_65","DN","Followme","Objectshake","ObjectShake.1","Sonso",1.63315443905142,0.0746003552397869,0.108792184724689
"295","100594","Action_34","Morph_65","DN","Followme","Objectshake","ObjectShake.1","Sonso",1.62531126159039,0.0746003552397869,0.108792184724689
"296","100594","Action_34","Morph_65","DN","Followme","Objectshake","ObjectShake.1","Sonso",1.67147330335355,0.0746003552397869,0.108792184724689
"297","100586","Action_34","Morph_65","DN","Followme","Objectshake","ObjectShake.1","Sonso",1.87487437593856,0.0746003552397869,0.108792184724689
"298","100579","Action_34","Morph_66","DN","Followme","Objectshake","ObjectShake.2","Sonso",2.24495598015741,0.0237566607460036,0.108792184724689
"299","100580","Action_34","Morph_65","DN","Followme","Objectshake","ObjectShake.1","Sonso",2.41233595695316,0.0746003552397869,0.108792184724689
"300","100591","Action_34","Morph_65","DN","Followme","Objectshake","ObjectShake.1","Sonso",0.841567185678219,0.0746003552397869,0.108792184724689
"301","100575","Action_34","Morph_66","DN","Followme","Objectshake","ObjectShake.2","Sonso",1.21194097397511,0.0237566607460036,0.108792184724689
"302","100508","Action_17","Morph_39","DN","Followme","Hitobject","HitObject.1","Sonso",-0.083381608939051,0.0430728241563055,0.0559502664298401
"303","100580","Action_33","Morph_61","DN","Followme","Objectmove","ObjectMove.1","Sonso",0.631271776841858,0.0317495559502664,0.0406305506216696
"304","100577","Action_34","Morph_66","DN","Sexualattention","Objectshake","ObjectShake.2","Sonso",2.45100509811232,0.0237566607460036,0.108792184724689
"305","100601","Action_34","Morph_65","DN","Followme","Objectshake","ObjectShake.1","Sonso",0.494696241836107,0.0746003552397869,0.108792184724689
"306","100508","Action_34","Morph_65","DN","Followme","Objectshake","ObjectShake.1","Sonso",2.18380155700408,0.0746003552397869,0.108792184724689
"307","100595a","Action_18","Morph_39","DN","Followme","Hitobjectobject","HitObject.1","Sonso",0.27763173659828,0.0430728241563055,0.00466252220248668
"308","100575","Action_34","Morph_65","DN","Followme","Objectshake","ObjectShake.1","Sonso",2.79239134953596,0.0746003552397869,0.108792184724689
"309","100577","Action_34","Morph_66","DN","Sexualattention","Objectshake","ObjectShake.2","Sonso",2.2364452904895,0.0237566607460036,0.108792184724689
"310","100557","Action_33","Morph_61","DN","Followme","Objectmove","ObjectMove.1","Sonso",0.27763173659828,0.0317495559502664,0.0406305506216696
"311","100595a","Action_34","Morph_65","DN","Followme","Objectshake","ObjectShake.1","Sonso",1.26976054486394,0.0746003552397869,0.108792184724689
"312","100509","Action_33","Morph_62","DN","Followme","Objectmove","ObjectMove.2","Sonso",-0.083381608939051,0.00643872113676732,0.0406305506216696
"313","100498","Action_33","Morph_62","DN","Followme","Objectmove","ObjectMove.2","Sonso",1.49962304642689,0.00643872113676732,0.0406305506216696
"314","100519","Action_33","Morph_61","DN","Followme","Objectmove","ObjectMove.1","Sonso",0.955511445027436,0.0317495559502664,0.0406305506216696
"315","100504","Action_22","Morph_43","DN","Followme","Hittingobjectobject","HitObject.5","Sonso",0.148420005118273,0.0044404973357016,0.00266429840142096
"316","100558","Action_60","Morph_127","DN","Followme","Swing","Swing.1","Sonso",0.148420005118273,0.0428507992895204,0.0475133214920071
"317","100503","Action_34","Morph_65","DN","Followme","Objectshake","ObjectShake.1","Sonso",1.05779029414785,0.0746003552397869,0.108792184724689
"318","100504","Action_18","Morph_39","DN","Followme","Hitobjectobject","HitObject.1","Sonso",-0.27443684570176,0.0430728241563055,0.00466252220248668
"319","100588","Action_34","Morph_65","DN","Followme","Objectshake","ObjectShake.1","Sonso",1.708377860289,0.0746003552397869,0.108792184724689
"320","100593","Action_34","Morph_65","DN","Followme","Objectshake","ObjectShake.1","Sonso",0.364643113587909,0.0746003552397869,0.108792184724689
"321","100507","Action_34","Morph_65","DN","Followme","Objectshake","ObjectShake.1","Sonso",0.27763173659828,0.0746003552397869,0.108792184724689
"322","100590p2","Action_34","Morph_65","DN","Followme","Objectshake","ObjectShake.1","Sonso",0.732367893713227,0.0746003552397869,0.108792184724689
"323","100591","Action_34","Morph_65","DN","Followme","Objectshake","ObjectShake.1","Sonso",-0.127833371509885,0.0746003552397869,0.108792184724689
"324","100600","Action_24","Morph_51","DN","Followme","Jump","Jump.1","Sonso",-0.653926467406664,0.00732682060390764,0.00732682060390764
"325","100513","Action_33","Morph_62","DN","Followme","Objectmove","ObjectMove.2","Sonso",0.751416088683921,0.00643872113676732,0.0406305506216696
"326","100592","Action_49","Morph_105","DN","Sociosexualattention","Rub","Rub.1","Sonso",1.72988406550997,0.0044404973357016,0.0066607460035524
"327","100508","Action_60","Morph_127","DN","Followme","Swing","Swing.1","Sonso",0.418710334858185,0.0428507992895204,0.0475133214920071
"328","100501","Action_17","Morph_39","DN","Followme","Hitobject","HitObject.1","Sonso",-0.083381608939051,0.0430728241563055,0.0559502664298401
"329","100575","Action_34","Morph_66","DN","Followme","Objectshake","ObjectShake.2","Sonso",1.69377906086785,0.0237566607460036,0.108792184724689
"330","100511p1","Action_60","Morph_127","DN","Followme","Swing","Swing.1","Sonso",0.444685821261446,0.0428507992895204,0.0475133214920071
"331","100581","Action_34","Morph_65","DN","Followme","Objectshake","ObjectShake.1","Sonso",1.85629799036563,0.0746003552397869,0.108792184724689
"332","100600","Action_34","Morph_65","DN","Followme","Objectshake","ObjectShake.1","Sonso",1.07158361628019,0.0746003552397869,0.108792184724689
"333","100498","Action_33","Morph_61","DN","Followme","Objectmove","ObjectMove.1","Sonso",-0.0408219945202552,0.0317495559502664,0.0406305506216696
"334","100589","Action_34","Morph_65","DN","Followme","Objectshake","ObjectShake.1","Sonso",1.33500106673234,0.0746003552397869,0.108792184724689
"335","100594","Action_34","Morph_65","DN","Followme","Objectshake","ObjectShake.1","Sonso",-0.22314355131421,0.0746003552397869,0.108792184724689
"336","100508","Action_33","Morph_62","DN","Followme","Objectmove","ObjectMove.2","Sonso",0.336472236621213,0.00643872113676732,0.0406305506216696
"337","100590p3","Action_34","Morph_65","DN","Followme","Objectshake","ObjectShake.1","Sonso",2.11384296839717,0.0746003552397869,0.108792184724689
"338","100595a","Action_55","Morph_116","DN","Followme","Stompingobject","StompObject.2","Sonso",0,0.0148756660746004,0.0230905861456483
"339","100606","Action_34","Morph_65","DN","Followme","Objectshake","ObjectShake.1","Sonso",0.732367893713227,0.0746003552397869,0.108792184724689
"340","100507","Action_34","Morph_65","DN","Followme","Objectshake","ObjectShake.1","Sonso",1.01523067972906,0.0746003552397869,0.108792184724689
"341","100504","Action_34","Morph_65","DN","Followme","Objectshake","ObjectShake.1","Sonso",1.16315080980568,0.0746003552397869,0.108792184724689
"342","100498","Action_33","Morph_61","DN","Followme","Objectmove","ObjectMove.1","Sonso",-0.127833371509885,0.0317495559502664,0.0406305506216696
"343","100515","Action_34","Morph_65","DN","Followme","Objectshake","ObjectShake.1","Sonso",0.444685821261446,0.0746003552397869,0.108792184724689
"344","100503","Action_33","Morph_61","DN","Followme","Objectmove","ObjectMove.1","Sonso",1.39624469197306,0.0317495559502664,0.0406305506216696
"345","100598","Action_34","Morph_65","DN","Followme","Objectshake","ObjectShake.1","Sonso",1.81807677754543,0.0746003552397869,0.108792184724689
"346","100511p2","Action_34","Morph_65","DN","Followme","Objectshake","ObjectShake.1","Sonso",2.19722457733622,0.0746003552397869,0.108792184724689
"347","100575","Action_34","Morph_66","DN","Followme","Objectshake","ObjectShake.2","Sonso",0.609765571620894,0.0237566607460036,0.108792184724689
"348","100607","Action_57","Morph_115","DN","Followme","Stompobject","StompObject.1","Sonso",-0.82098055206983,0.0337477797513321,0.0424067495559503
"349","100518","Action_24","Morph_51","DN","Followme","Jump","Jump.1","Sonso",-0.510825623765991,0.00732682060390764,0.00732682060390764
"350","100511p1","Action_33","Morph_61","DN","Followme","Objectmove","ObjectMove.1","Sonso",0.631271776841858,0.0317495559502664,0.0406305506216696
"351","100588","Action_34","Morph_65","DN","Followme","Objectshake","ObjectShake.1","Sonso",2.27006190128849,0.0746003552397869,0.108792184724689
"352","100591","Action_49","Morph_105","DN","Followme","Rub","Rub.1","Sonso",1.64865862558738,0.0044404973357016,0.0066607460035524
"353","100500","Action_34","Morph_65","DN","Followme","Objectshake","ObjectShake.1","Sonso",0.732367893713227,0.0746003552397869,0.108792184724689
"354","100596","Action_57","Morph_115","DN","Followme","Stompobject","StompObject.1","Sonso",-0.510825623765991,0.0337477797513321,0.0424067495559503
"355","100519","Action_57","Morph_115","DN","Followme","Stompobject","StompObject.1","Sonso",-0.44628710262842,0.0337477797513321,0.0424067495559503
"356","100498","Action_2","Morph_4","DN","Followme","Bigloudscratch","BigLoudScratch.2","Sonso",1.42551507427317,0.019316163410302,0.0577264653641208
"357","100594","Action_50","Morph_108","DN","Followme","Shake","Shake.2","Sonso",0.0392207131532813,0.00466252220248668,0.0122113676731794
"358","100595a","Action_34","Morph_65","DN","Followme","Objectshake","ObjectShake.1","Sonso",1.15057202759882,0.0746003552397869,0.108792184724689
"359","100605","Action_34","Morph_66","DN","Followme","Objectshake","ObjectShake.2","Sonso",2.01223279198639,0.0237566607460036,0.108792184724689
"360","100520","Action_34","Morph_65","DN","Groom","Objectshake","ObjectShake.1","Sonso",0.8754687373539,0.0746003552397869,0.108792184724689
"361","100590p2","Action_34","Morph_65","DN","Followme","Objectshake","ObjectShake.1","Sonso",0.824175442966349,0.0746003552397869,0.108792184724689
"362","100500","Action_17","Morph_39","DN","Followme","Hitobject","HitObject.1","Sonso",-0.127833371509885,0.0430728241563055,0.0559502664298401
"363","100593","Action_18","Morph_39","DN","Followme","Hitobjectobject","HitObject.1","Sonso",-0.916290731874155,0.0430728241563055,0.00466252220248668
"364","100507","Action_34","Morph_65","DN","Followme","Objectshake","ObjectShake.1","Sonso",0.113328685307003,0.0746003552397869,0.108792184724689
"365","100515","Action_33","Morph_61","DN","Followme","Objectmove","ObjectMove.1","Sonso",-0.22314355131421,0.0317495559502664,0.0406305506216696
"366","100520","Action_50","Morph_107","DN","Groom","Shake","Shake.1","Sonso",-0.127833371509885,0.00355239786856128,0.0122113676731794
"367","100514","Action_33","Morph_62","DN","Followme","Objectmove","ObjectMove.2","Sonso",0.148420005118273,0.00643872113676732,0.0406305506216696
"368","100557","Action_50","Morph_107","DN","Followme","Shake","Shake.1","Sonso",-0.174353387144778,0.00355239786856128,0.0122113676731794
"369","100508","Action_60","Morph_127","DN","Followme","Swing","Swing.1","Sonso",0.955511445027436,0.0428507992895204,0.0475133214920071
"370","100593","Action_22","Morph_43","DN","Followme","Hittingobjectobject","HitObject.5","Sonso",1.05779029414785,0.0044404973357016,0.00266429840142096
"371","100575","Action_34","Morph_65","DN","Followme","Objectshake","ObjectShake.1","Sonso",1.83098018238134,0.0746003552397869,0.108792184724689
"372","100595a","Action_34","Morph_65","DN","Followme","Objectshake","ObjectShake.1","Sonso",0.336472236621213,0.0746003552397869,0.108792184724689
"373","100594","Action_34","Morph_65","DN","Followme","Objectshake","ObjectShake.1","Sonso",1.04380405217311,0.0746003552397869,0.108792184724689
"374","100498","Action_33","Morph_61","DN","Followme","Objectmove","ObjectMove.1","Sonso",0.470003629245736,0.0317495559502664,0.0406305506216696
"375","100559","Action_33","Morph_61","DN","Followme","Objectmove","ObjectMove.1","Sonso",-0.328504066972036,0.0317495559502664,0.0406305506216696
"376","100594","Action_34","Morph_66","DN","Followme","Objectshake","ObjectShake.2","Sonso",1.64093657949347,0.0237566607460036,0.108792184724689
"377","100596","Action_60","Morph_127","DN","Followme","Swing","Swing.1","Sonso",0.0769610411361284,0.0428507992895204,0.0475133214920071
"378","100511p2","Action_34","Morph_65","DN","Followme","Objectshake","ObjectShake.1","Sonso",0.924258901523332,0.0746003552397869,0.108792184724689
"379","100590p2","Action_34","Morph_65","DN","Followme","Objectshake","ObjectShake.1","Sonso",0.494696241836107,0.0746003552397869,0.108792184724689
"380","100593","Action_22","Morph_43","DN","Followme","Hittingobjectobject","HitObject.5","Sonso",0.470003629245736,0.0044404973357016,0.00266429840142096
"381","100595a","Action_22","Morph_43","DN","Followme","Hittingobjectobject","HitObject.5","Sonso",1.24703229378638,0.0044404973357016,0.00266429840142096
"382","100517","Action_34","Morph_65","DN","Followme","Objectshake","ObjectShake.1","Sonso",1.68639895357023,0.0746003552397869,0.108792184724689
"383","100607","Action_57","Morph_115","DN","Followme","Stompobject","StompObject.1","Sonso",-0.579818495252942,0.0337477797513321,0.0424067495559503
"384","100511p1","Action_33","Morph_63","DN","Followme","Objectmove","ObjectMove.3","Sonso",0.908258560176891,0.0011101243339254,0.0406305506216696
"385","100597","Action_34","Morph_65","DN","Followme","Objectshake","ObjectShake.1","Sonso",0.8754687373539,0.0746003552397869,0.108792184724689
"386","100594","Action_34","Morph_66","DN","Followme","Objectshake","ObjectShake.2","Sonso",-0.0418642040986989,0.0237566607460036,0.108792184724689
"387","100594","Action_49","Morph_105","DN","Followme","Rub","Rub.1","Sonso",1.92278773163446,0.0044404973357016,0.0066607460035524
"388","100557","Action_34","Morph_65","DN","Followme","Objectshake","ObjectShake.1","Sonso",1.04380405217311,0.0746003552397869,0.108792184724689
"389","100590p1","Action_34","Morph_65","DN","Followme","Objectshake","ObjectShake.1","Sonso",1.1999647829284,0.0746003552397869,0.108792184724689
"390","100515","Action_34","Morph_65","DN","Followme","Objectshake","ObjectShake.1","Sonso",1.72988406550997,0.0746003552397869,0.108792184724689
"391","100513","Action_34","Morph_68","DN","Followme","Objectshake","ObjectShake.4","Sonso",0.418710334858185,0.00288632326820604,0.108792184724689
"392","100514","Action_60","Morph_129","DN","Followme","Swing","Swing.3","Sonso",1.36609165380237,0.0011101243339254,0.0475133214920071
"393","100602p1","Action_33","Morph_61","DN","Followme","Objectmove","ObjectMove.1","Sonso",0.672944473242426,0.0317495559502664,0.0406305506216696
"394","100557","Action_33","Morph_61","DN","Followme","Objectmove","ObjectMove.1","Sonso",1.29198368164865,0.0317495559502664,0.0406305506216696
"395","100516p4","Action_34","Morph_65","DN","Followme","Objectshake","ObjectShake.1","Sonso",0.841567185678219,0.0746003552397869,0.108792184724689
"396","100515","Action_34","Morph_65","DN","Followme","Objectshake","ObjectShake.1","Sonso",0.940007258491471,0.0746003552397869,0.108792184724689
"397","100514","Action_33","Morph_61","DN","Followme","Objectmove","ObjectMove.1","Sonso",1.78507048107726,0.0317495559502664,0.0406305506216696
"398","100508","Action_34","Morph_65","DN","Followme","Objectshake","ObjectShake.1","Sonso",0.732367893713227,0.0746003552397869,0.108792184724689
"399","100500","Action_34","Morph_65","DN","Followme","Objectshake","ObjectShake.1","Sonso",1.30291275218084,0.0746003552397869,0.108792184724689
"400","100597","Action_17","Morph_39","DN","Followme","Hitobject","HitObject.1","Sonso",-0.083381608939051,0.0430728241563055,0.0559502664298401
"401","100589","Action_34","Morph_65","DN","Followme","Objectshake","ObjectShake.1","Sonso",0.148420005118273,0.0746003552397869,0.108792184724689
"402","100607","Action_34","Morph_69","DN","Followme","Objectshake","ObjectShake.5","Sonso",0.148420005118273,0.0011101243339254,0.108792184724689
"403","100607","Action_34","Morph_66","DN","Followme","Objectshake","ObjectShake.2","Sonso",0.732367893713227,0.0237566607460036,0.108792184724689
"404","100501","Action_34","Morph_65","DN","Followme","Objectshake","ObjectShake.1","Sonso",0.444685821261446,0.0746003552397869,0.108792184724689
"405","100500","Action_33","Morph_61","DN","Followme","Objectmove","ObjectMove.1","Sonso",0.470003629245736,0.0317495559502664,0.0406305506216696
"406","100598","Action_34","Morph_66","DN","Followme","Objectshake","ObjectShake.2","Sonso",1.7227665977411,0.0237566607460036,0.108792184724689
"407","100594","Action_21","Morph_43","DN","Followme","Hittingobject","HitObject.5","Sonso",0.858661619037519,0.0044404973357016,0.00799289520426288
"408","100498","Action_33","Morph_61","DN","Followme","Objectmove","ObjectMove.1","Sonso",0.518793793415168,0.0317495559502664,0.0406305506216696
"409","100518","Action_33","Morph_61","DN","Followme","Objectmove","ObjectMove.1","Sonso",-0.27443684570176,0.0317495559502664,0.0406305506216696
"410","100607","Action_24","Morph_51","DN","Followme","Jump","Jump.1","Sonso",-0.0408219945202552,0.00732682060390764,0.00732682060390764
"411","100520","Action_18","Morph_39","DN","Groom","Hitobjectobject","HitObject.1","Sonso",-0.44628710262842,0.0430728241563055,0.00466252220248668
"412","100502","Action_33","Morph_62","DN","Followme","Objectmove","ObjectMove.2","Sonso",1.49962304642689,0.00643872113676732,0.0406305506216696
"413","100588","Action_34","Morph_66","DN","Followme","Objectshake","ObjectShake.2","Sonso",1.56024766824333,0.0237566607460036,0.108792184724689
"414","100597","Action_34","Morph_65","DN","Followme","Objectshake","ObjectShake.1","Sonso",0.418710334858185,0.0746003552397869,0.108792184724689
"415","100586","Action_34","Morph_65","DN","Followme","Objectshake","ObjectShake.1","Sonso",0.985816794522765,0.0746003552397869,0.108792184724689
"416","100559","Action_34","Morph_65","DN","Followme","Objectshake","ObjectShake.1","Sonso",0.470003629245736,0.0746003552397869,0.108792184724689
"417","100509","Action_33","Morph_62","DN","Followme","Objectmove","ObjectMove.2","Sonso",-0.0408219945202552,0.00643872113676732,0.0406305506216696
"418","100501","Action_34","Morph_65","DN","Followme","Objectshake","ObjectShake.1","Sonso",1.56024766824333,0.0746003552397869,0.108792184724689
"419","100519","Action_57","Morph_115","DN","Followme","Stompobject","StompObject.1","Sonso",-0.385662480811985,0.0337477797513321,0.0424067495559503
"420","100601","Action_22","Morph_43","DN","Followme","Hittingobjectobject","HitObject.5","Sonso",1.59330853050422,0.0044404973357016,0.00266429840142096
"421","100509","Action_61","Morph_130","DN","Followme","Throwobject","ThrowObject.1","Sonso",0.732367893713227,0.00244227353463588,0.00244227353463588
"422","100599","Action_34","Morph_65","DN","Followme","Objectshake","ObjectShake.1","Sonso",1.40609698841607,0.0746003552397869,0.108792184724689
"423","100595a","Action_34","Morph_65","DN","Followme","Objectshake","ObjectShake.1","Sonso",1.3244189574018,0.0746003552397869,0.108792184724689
"424","100596","Action_34","Morph_65","DN","Followme","Objectshake","ObjectShake.1","Sonso",0.65232518603969,0.0746003552397869,0.108792184724689
"425","100602p1","Action_57","Morph_115","DN","Followme","Stompobject","StompObject.1","Sonso",-0.127833371509885,0.0337477797513321,0.0424067495559503
"426","100509","Action_34","Morph_65","DN","Followme","Objectshake","ObjectShake.1","Sonso",1.79175946922805,0.0746003552397869,0.108792184724689
"427","100575","Action_34","Morph_65","DN","Followme","Objectshake","ObjectShake.1","Sonso",1.16315080980568,0.0746003552397869,0.108792184724689
"428","100607","Action_34","Morph_65","DN","Followme","Objectshake","ObjectShake.1","Sonso",0.364643113587909,0.0746003552397869,0.108792184724689
"429","100507","Action_33","Morph_61","DN","Followme","Objectmove","ObjectMove.1","Sonso",0.27763173659828,0.0317495559502664,0.0406305506216696
"430","100575","Action_34","Morph_65","DN","Followme","Objectshake","ObjectShake.1","Sonso",2.14710019015365,0.0746003552397869,0.108792184724689
"431","100555","Action_60","Morph_127","DN","Followme","Swing","Swing.1","Sonso",-0.328504066972036,0.0428507992895204,0.0475133214920071
"432","100516p1","Action_34","Morph_65","DN","Followme","Objectshake","ObjectShake.1","Sonso",1.95727390770563,0.0746003552397869,0.108792184724689
"433","100559","Action_60","Morph_127","DN","Followme","Swing","Swing.1","Sonso",-0.22314355131421,0.0428507992895204,0.0475133214920071
"434","100577","Action_34","Morph_65","DN","Sexualattention","Objectshake","ObjectShake.1","Sonso",1.07158361628019,0.0746003552397869,0.108792184724689
"435","100500","Action_34","Morph_65","DN","Followme","Objectshake","ObjectShake.1","Sonso",0.65232518603969,0.0746003552397869,0.108792184724689
"436","100509","Action_33","Morph_61","DN","Followme","Objectmove","ObjectMove.1","Sonso",-0.22314355131421,0.0317495559502664,0.0406305506216696
"437","100590p3","Action_49","Morph_105","DN","Followme","Rub","Rub.1","Sonso",2.46129678414887,0.0044404973357016,0.0066607460035524
"438","100595a","Action_18","Morph_39","DN","Followme","Hitobjectobject","HitObject.1","Sonso",0.148420005118273,0.0430728241563055,0.00466252220248668
"439","100504","Action_22","Morph_43","DN","Followme","Hittingobjectobject","HitObject.5","Sonso",0.364643113587909,0.0044404973357016,0.00266429840142096
"440","100600","Action_34","Morph_66","DN","Followme","Objectshake","ObjectShake.2","Sonso",1.70110510095992,0.0237566607460036,0.108792184724689
"441","100505","Action_18","Morph_39","DN","Followme","Hitobjectobject","HitObject.1","Sonso",0,0.0430728241563055,0.00466252220248668
"442","100590p1","Action_34","Morph_65","DN","Followme","Objectshake","ObjectShake.1","Sonso",1.1999647829284,0.0746003552397869,0.108792184724689
"443","100507","Action_33","Morph_61","DN","Followme","Objectmove","ObjectMove.1","Sonso",0.65232518603969,0.0317495559502664,0.0406305506216696
"444","101251","Action_23","Morph_47","FA","Play","Hittingother","HitOther.3","Sonso",0.518793793415168,0.00843694493783304,0.0157637655417407
"445","100211","Action_37","Morph_74","FA","Travel","Poke","Poke.1","Sonso",0.336472236621213,0.00266429840142096,0.00266429840142096
"446","102418","Action_20","Morph_46","FA","Stopbehaviour","Hitother","HitOther.2","Sonso",-0.385662480811985,0.00932504440497336,0.0404085257548845
"447","102414","Action_17","Morph_39","FA","Play","Hitobject","HitObject.1","Sonso",-0.385662480811985,0.0430728241563055,0.0559502664298401
"448","102413","Action_57","Morph_115","FA","Play","Stompobject","StompObject.1","Sonso",-1.27296567581289,0.0337477797513321,0.0424067495559503
"449","102414","Action_17","Morph_41","FA","Play","Hitobject","HitObject.3","Sonso",-0.44628710262842,0.00510657193605684,0.0559502664298401
"450","102414","Action_17","Morph_41","FA","Play","Hitobject","HitObject.3","Sonso",0.0392207131532813,0.00510657193605684,0.0559502664298401
"451","102414","Action_57","Morph_115","FA","Play","Stompobject","StompObject.1","Sonso",-0.22314355131421,0.0337477797513321,0.0424067495559503
"452","102413","Action_17","Morph_39","FA","Play","Hitobject","HitObject.1","Sonso",-1.83258146374831,0.0430728241563055,0.0559502664298401
"453","102413","Action_55","Morph_116","FA","Play","Stompingobject","StompObject.2","Sonso",0.307484699747961,0.0148756660746004,0.0230905861456483
"454","100209","Action_52","Morph_112","FA","Stopbehaviour","Spinroulade","SpinRoulade.1","Sonso",0.307484699747961,0.00488454706927176,0.00488454706927176
"455","102332","Action_42","Morph_93","FD","Position","Push","Push.6","Sonso",0.148420005118273,0.0066607460035524,0.0466252220248668
"456","100202","Action_34","Morph_65","FD","Sexualattention","Objectshake","ObjectShake.1","Sonso",0.712949807856125,0.0746003552397869,0.108792184724689
"457","100977","Action_45","Morph_101","FD","Giveme","Reach","Reach.2","Sonso",1.49962304642689,0.0370781527531083,0.0801509769094138
"458","100977","Action_45","Morph_101","FD","Giveme","Reach","Reach.2","Sonso",1.70110510095992,0.0370781527531083,0.0801509769094138
"459","100215","Action_40","Morph_82","FD","Sexualattention","Presentgenitalsforwards","PresentGenitals.1","Sonso",1.91692261218206,0.0295293072824156,0.00199822380106572
"460","100875b","Action_63","Morph_134","FD","Sociosexualattention","Touch","Touch.3","Sonso",0.609765571620894,0.00488454706927176,0.0341918294849023
"461","100858","Action_38","Morph_75","FD","Groom","Present","Present.1","Sonso",1.18784342239605,0.0170959147424512,0.0492895204262877
"462","100860","Action_2","Morph_4","FD","Groom","Bigloudscratch","BigLoudScratch.2","Sonso",1.04380405217311,0.019316163410302,0.0577264653641208
"463","101582","Action_38","Morph_75","FD","Directattention","Present","Present.1","Sonso",1.28093384546206,0.0170959147424512,0.0492895204262877
"464","101581","Action_38","Morph_75","FD","Directattention","Present","Present.1","Sonso",0.806475865866949,0.0170959147424512,0.0492895204262877
"465","100676a","Action_2","Morph_5","FK","Groom","Bigloudscratch","BigLoudScratch.3","Sonso",1.23547147138531,0.0119893428063943,0.0577264653641208
"466","100676a","Action_2","Morph_3","FK","Groom","Bigloudscratch","BigLoudScratch.1","Sonso",1.50851199384414,0.0215364120781528,0.0577264653641208
"467","100250a","Action_2","Morph_3","FK","Groom","Bigloudscratch","BigLoudScratch.1","Sonso",1.01523067972906,0.0215364120781528,0.0577264653641208
"468","100249a","Action_2","Morph_5","FK","Groom","Bigloudscratch","BigLoudScratch.3","Sonso",1.59330853050422,0.0119893428063943,0.0577264653641208
"469","100250a","Action_2","Morph_3","FK","Groom","Bigloudscratch","BigLoudScratch.1","Sonso",0.8754687373539,0.0215364120781528,0.0577264653641208
"470","100249a","Action_2","Morph_3","FK","Groom","Bigloudscratch","BigLoudScratch.1","Sonso",1.59330853050422,0.0215364120781528,0.0577264653641208
"471","101109","Action_34","Morph_65","FK","Play","Objectshake","ObjectShake.1","Sonso",1.31372366828506,0.0746003552397869,0.108792184724689
"472","101109","Action_34","Morph_65","FK","Play","Objectshake","ObjectShake.1","Sonso",1.00063188030791,0.0746003552397869,0.108792184724689
"473","100332","Action_32","Morph_60","FK","Sexualattention","Objectmouth","ObjectMouth.1","Sonso",1.49962304642689,0.00466252220248668,0.00466252220248668
"474","101769","Action_34","Morph_66","FK","Sexualattention","Objectshake","ObjectShake.2","Sonso",2.45787797740008,0.0237566607460036,0.108792184724689
"475","101755a","Action_55","Morph_117","FK","Moveaway","Stompingobject","StompObject.3","Sonso",0.336472236621213,0.00688277087033748,0.0230905861456483
"476","101755a","Action_34","Morph_65","FK","Moveaway","Objectshake","ObjectShake.1","Sonso",1.22377543162212,0.0746003552397869,0.108792184724689
"477","101106","Action_34","Morph_65","FK","Moveaway","Objectshake","ObjectShake.1","Sonso",0.518793793415168,0.0746003552397869,0.108792184724689
"478","102233","Action_2","Morph_5","FK","Groom","Bigloudscratch","BigLoudScratch.3","Sonso",0.841567185678219,0.0119893428063943,0.0577264653641208
"479","102229a","Action_2","Morph_3","FK","Groom","Bigloudscratch","BigLoudScratch.1","Sonso",1.16315080980568,0.0215364120781528,0.0577264653641208
"480","100328","Action_3","Morph_9","FK","Affiliation","Bite","Bite.1","Sonso",1.00063188030791,0.0044404973357016,0.0168738898756661
"481","100428b","Action_9","Morph_20","FK","Play","Dangleshake","DangleShake.1","Sonso",1.7509374747078,0.00710479573712256,0.00710479573712256
"482","101179","Action_20","Morph_45","FK","Play","Hitother","HitOther.1","Sonso",-0.75928698306449,0.0202042628774423,0.0404085257548845
"483","101179","Action_32","Morph_60","FK","Play","Objectmouth","ObjectMouth.1","Sonso",0.625403528473426,0.00466252220248668,0.00466252220248668
"484","101179","Action_60","Morph_127","FK","Play","Swing","Swing.1","Sonso",0.819339205797705,0.0428507992895204,0.0475133214920071
"485","100368","Action_13","Morph_27","FK","Moveaway","Fling","Fling.1","Sonso",-0.653926467406664,0.00688277087033748,0.0117673179396092
"486","100867","Action_34","Morph_69","FK","Moveaway","Objectshake","ObjectShake.5","Sonso",0.824175442966349,0.0011101243339254,0.108792184724689
"487","100867","Action_17","Morph_40","FK","Moveaway","Hitobject","HitObject.2","Sonso",-0.7339691750802,0.0119893428063943,0.0559502664298401
"488","100867","Action_17","Morph_40","FK","Moveaway","Hitobject","HitObject.2","Sonso",-0.22314355131421,0.0119893428063943,0.0559502664298401
"489","100867","Action_21","Morph_44","FK","Moveaway","Hittingobject","HitObject.6","Sonso",0.148420005118273,0.00155417406749556,0.00799289520426288
"490","100867","Action_24","Morph_51","FK","Moveaway","Jump","Jump.1","Sonso",-0.44628710262842,0.00732682060390764,0.00732682060390764
"491","100195","Action_45","Morph_100","FK","Giveme","Reach","Reach.1","Sonso",1.00063188030791,0.0408525754884547,0.0801509769094138
"492","100941a","Action_9","Morph_20","FK","Playcontinue","Dangleshake","DangleShake.1","Sonso",0.751416088683921,0.00710479573712256,0.00710479573712256
"493","100941a","Action_32","Morph_60","FK","Playcontinue","Objectmouth","ObjectMouth.1","Sonso",3.7869131943853,0.00466252220248668,0.00466252220248668
"494","100262b","Action_60","Morph_127","FK","Moveaway","Swing","Swing.1","Sonso",0.392042087776024,0.0428507992895204,0.0475133214920071
"495","100970a","Action_34","Morph_65","FK","Play","Objectshake","ObjectShake.1","Sonso",0.113328685307003,0.0746003552397869,0.108792184724689
"496","100677","Action_2","Morph_4","FL","Directattention","Bigloudscratch","BigLoudScratch.2","Sonso",0.65232518603969,0.019316163410302,0.0577264653641208
"497","100676b","Action_2","Morph_3","FL","Groom","Bigloudscratch","BigLoudScratch.1","Sonso",1.18784342239605,0.0215364120781528,0.0577264653641208
"498","101030","Action_39","Morph_82","FL","Giveme","Presentgenitalsbackwards","PresentGenitals.1","Sonso",1.57691472072854,0.0295293072824156,0.033303730017762
"499","100347","Action_43","Morph_96","GR","Affiliation","Raise","Raise.1","Sonso",0.0769610411361284,0.00865896980461812,0.0113232682060391
"500","102331","Action_2","Morph_5","GS","Directattention","Bigloudscratch","BigLoudScratch.3","Sonso",0.712949807856125,0.0119893428063943,0.0577264653641208
"501","100738b","Action_63","Morph_138","GS","Play","Touch","Touch.7","Sonso",0.246860077931526,0.0044404973357016,0.0341918294849023
"502","100738b","Action_63","Morph_132","GS","Play","Touch","Touch.1","Sonso",1.00063188030791,0.0104351687388988,0.0341918294849023
"503","100934","Action_40","Morph_82","GS","Sexualattention","Presentgenitalsforwards","PresentGenitals.1","Sonso",0.609765571620894,0.0295293072824156,0.00199822380106572
"504","100856","Action_37","Morph_74","HL","Play","Poke","Poke.1","Sonso",0.113328685307003,0.00266429840142096,0.00266429840142096
"505","101366","Action_42","Morph_91","HL","Position","Push","Push.4","Sonso",0.246860077931526,0.00932504440497336,0.0466252220248668
"506","100817","Action_38","Morph_79","HL","Groom","Present","Present.5","Sonso",0.89199803930511,0.00688277087033748,0.0492895204262877
"507","101748b","Action_9","Morph_20","HL","Play","Dangleshake","DangleShake.1","Sonso",1.3244189574018,0.00710479573712256,0.00710479573712256
"508","101748b","Action_34","Morph_66","HL","Play","Objectshake","ObjectShake.2","Sonso",-0.174353387144778,0.0237566607460036,0.108792184724689
"509","101270","Action_50","Morph_107","HL","Playcontinue","Shake","Shake.1","Sonso",0.672944473242426,0.00355239786856128,0.0122113676731794
"510","101277a","Action_34","Morph_65","HL","Playcontinue","Objectshake","ObjectShake.1","Sonso",-0.328504066972036,0.0746003552397869,0.108792184724689
"511","101277a","Action_33","Morph_61","HL","Playcontinue","Objectmove","ObjectMove.1","Sonso",0.89199803930511,0.0317495559502664,0.0406305506216696
"512","101277a","Action_57","Morph_115","HL","Playcontinue","Stompobject","StompObject.1","Sonso",-0.0408219945202552,0.0337477797513321,0.0424067495559503
"513","102432","Action_1","Morph_2","HL","Play","Beckon","Beckon.2","Sonso",-0.27443684570176,0.00133214920071048,0.00155417406749556
"514","102432","Action_50","Morph_108","HL","Play","Shake","Shake.2","Sonso",0.89199803930511,0.00466252220248668,0.0122113676731794
"515","102079","Action_2","Morph_3","HL","Groom","Bigloudscratch","BigLoudScratch.1","Sonso",0.732367893713227,0.0215364120781528,0.0577264653641208
"516","102077","Action_38","Morph_78","HL","Directattention","Present","Present.4","Sonso",1.08518926833597,0.00288632326820604,0.0492895204262877
"517","100248","Action_38","Morph_77","HR","Groom","Present","Present.3","Sonso",0.8754687373539,0.00466252220248668,0.0492895204262877
"518","100066","Action_59","Morph_124","HR","Giveme","Stroke","Stroke.1","Sonso",1.31372366828506,0.0011101243339254,0.00377442273534636
"519","100066","Action_59","Morph_124","HR","Giveme","Stroke","Stroke.1","Sonso",0.8754687373539,0.0011101243339254,0.00377442273534636
"520","100249b","Action_38","Morph_75","HT","Groom","Present","Present.1","Sonso",1.25846098961001,0.0170959147424512,0.0492895204262877
"521","100672","Action_42","Morph_90","HT","Takeobject","Push","Push.3","Sonso",2.278292400425,0.00510657193605684,0.0466252220248668
"522","100671","Action_64","Morph_139","HT","Takeobject","Touchlongother","Touch.8","Sonso",1.15057202759882,0.00577264653641208,0.0175399644760213
"523","100670","Action_64","Morph_133","HT","Takeobject","Touchlongother","Touch.2","Sonso",2.11866225483312,0.00754884547069272,0.0175399644760213
"524","100672","Action_63","Morph_137","HT","Takeobject","Touch","Touch.6","Sonso",-0.328504066972036,0.00488454706927176,0.0341918294849023
"525","100674","Action_42","Morph_90","HT","Takeobject","Push","Push.3","Sonso",0.672944473242426,0.00510657193605684,0.0466252220248668
"526","100667","Action_42","Morph_93","HT","Takeobject","Push","Push.6","Sonso",0.307484699747961,0.0066607460035524,0.0466252220248668
"527","100671","Action_42","Morph_90","HT","Takeobject","Push","Push.3","Sonso",1.66392609771817,0.00510657193605684,0.0466252220248668
"528","100666","Action_42","Morph_88","HT","Takeobject","Push","Push.1","Sonso",0.985816794522765,0.0106571936056838,0.0466252220248668
"529","100672","Action_42","Morph_90","HT","Takeobject","Push","Push.3","Sonso",0.392042087776024,0.00510657193605684,0.0466252220248668
"530","100663","Action_42","Morph_88","HT","Takeobject","Push","Push.1","Sonso",-0.083381608939051,0.0106571936056838,0.0466252220248668
"531","100666","Action_42","Morph_90","HT","Takeobject","Push","Push.3","Sonso",0.940007258491471,0.00510657193605684,0.0466252220248668
"532","100666","Action_42","Morph_90","HT","Takeobject","Push","Push.3","Sonso",1.04380405217311,0.00510657193605684,0.0466252220248668
"533","100666","Action_64","Morph_139","HT","Takeobject","Touchlongother","Touch.8","Sonso",1.45395300959371,0.00577264653641208,0.0175399644760213
"534","100674","Action_64","Morph_137","HT","Takeobject","Touchlongother","Touch.6","Sonso",1.83736998048011,0.00488454706927176,0.0175399644760213
"535","100667","Action_42","Morph_93","HT","Takeobject","Push","Push.6","Sonso",0.148420005118273,0.0066607460035524,0.0466252220248668
"536","100670","Action_42","Morph_88","HT","Takeobject","Push","Push.1","Sonso",0.0392207131532813,0.0106571936056838,0.0466252220248668
"537","100669","Action_42","Morph_90","HT","Takeobject","Push","Push.3","Sonso",1.81156209652423,0.00510657193605684,0.0466252220248668
"538","100667","Action_42","Morph_93","HT","Takeobject","Push","Push.6","Sonso",0.246860077931526,0.0066607460035524,0.0466252220248668
"539","100666","Action_45","Morph_100","HT","Takeobject","Reach","Reach.1","Sonso",0.470003629245736,0.0408525754884547,0.0801509769094138
"540","100669","Action_63","Morph_139","HT","Takeobject","Touch","Touch.8","Sonso",0,0.00577264653641208,0.0341918294849023
"541","100065","Action_63","Morph_137","HT","Stopbehaviour","Touch","Touch.6","Sonso",0.924258901523332,0.00488454706927176,0.0341918294849023
"542","100108","Action_42","Morph_92","HT","Climbonme","Push","Push.5","Sonso",-0.127833371509885,0.0066607460035524,0.0466252220248668
"543","100247","Action_47","Morph_103","HT","Position","Rockingsit","Rocking.1","Sonso",1.25846098961001,0.00377442273534636,0.00377442273534636
"544","100247","Action_47","Morph_103","HT","Position","Rockingsit","Rocking.1","Sonso",0.336472236621213,0.00377442273534636,0.00377442273534636
"545","100247","Action_42","Morph_89","HT","Position","Push","Push.2","Sonso",0.148420005118273,0.00355239786856128,0.0466252220248668
"546","100247","Action_55","Morph_117","HT","Position","Stompingobject","StompObject.3","Sonso",0.824175442966349,0.00688277087033748,0.0230905861456483
"547","100251","Action_42","Morph_92","HT","Position","Push","Push.5","Sonso",0.89199803930511,0.0066607460035524,0.0466252220248668
"548","101363","Action_42","Morph_90","HT","Moveclose","Push","Push.3","Sonso",0.56531380905006,0.00510657193605684,0.0466252220248668
"549","100621","Action_42","Morph_90","HT","Moveaway","Push","Push.3","Sonso",0.336472236621213,0.00510657193605684,0.0466252220248668
"550","100621","Action_42","Morph_90","HT","Moveaway","Push","Push.3","Sonso",-0.385662480811985,0.00510657193605684,0.0466252220248668
"551","101364","Action_41","Morph_85","HT","Moveclose","Pull","Pull.2","Sonso",0.307484699747961,0.00643872113676732,0.0253108348134991
"552","101369","Action_42","Morph_88","HT","Takeobjectnurse","Push","Push.1","Sonso",1.47247205736094,0.0106571936056838,0.0466252220248668
"553","101363","Action_42","Morph_89","HT","Moveclose","Push","Push.2","Sonso",0.418710334858185,0.00355239786856128,0.0466252220248668
"554","101368b","Action_41","Morph_86","HT","Takeobjectnurse","Pull","Pull.3","Sonso",0.940007258491471,0.00510657193605684,0.0253108348134991
"555","100620","Action_42","Morph_93","HT","Moveaway","Push","Push.6","Sonso",-0.7339691750802,0.0066607460035524,0.0466252220248668
"556","101770","Action_42","Morph_91","HT","Climbonme","Push","Push.4","Sonso",-0.127833371509885,0.00932504440497336,0.0466252220248668
"557","101363","Action_42","Morph_88","HT","Moveclose","Push","Push.1","Sonso",1.22377543162212,0.0106571936056838,0.0466252220248668
"558","102062b","Action_39","Morph_82","HT","Sexualattention","Presentgenitalsbackwards","PresentGenitals.1","Sonso",0.824175442966349,0.0295293072824156,0.033303730017762
"559","100298","Action_39","Morph_83","HT","Staysame","Presentgenitalsbackwards","PresentGenitals.2","Sonso",0.940007258491471,0.00577264653641208,0.033303730017762
"560","100298","Action_45","Morph_100","HT","Staysame","Reach","Reach.1","Sonso",-0.385662480811985,0.0408525754884547,0.0801509769094138
"561","100253b","Action_38","Morph_77","HT","Directattention","Present","Present.3","Sonso",1.05779029414785,0.00466252220248668,0.0492895204262877
"562","101302","Action_45","Morph_102","HW","Play","Reach","Reach.3","Sonso",0.113328685307003,0.0022202486678508,0.0801509769094138
"563","101562","Action_23","Morph_47","HW","Affiliation","Hittingother","HitOther.3","Sonso",1.69377906086785,0.00843694493783304,0.0157637655417407
"564","101301","Action_14","Morph_29","HW","Play","Grab","Grab.1","Sonso",0.0392207131532813,0.00821492007104796,0.0353019538188277
"565","102324b","Action_45","Morph_102","HW","Play","Reach","Reach.3","Sonso",1.16315080980568,0.0022202486678508,0.0801509769094138
"566","100259b","Action_63","Morph_134","HW","Affiliation","Touch","Touch.3","Sonso",0.587786664902119,0.00488454706927176,0.0341918294849023
"567","101667b","Action_64","Morph_135","HW","Support","Touchlongother","Touch.4","Sonso",1.1999647829284,0.00488454706927176,0.0175399644760213
"568","100863b","Action_64","Morph_132","HW","Affiliation","Touchlongother","Touch.1","Sonso",1.49962304642689,0.0104351687388988,0.0175399644760213
"569","100350","Action_13","Morph_27","HW","Moveaway","Fling","Fling.1","Sonso",-0.27443684570176,0.00688277087033748,0.0117673179396092
"570","100698","Action_39","Morph_82","HW","Sexualattention","Presentgenitalsbackwards","PresentGenitals.1","Sonso",0.494696241836107,0.0295293072824156,0.033303730017762
"571","101767","Action_37","Morph_74","HW","Play","Poke","Poke.1","Sonso",-1.02165124753198,0.00266429840142096,0.00266429840142096
"572","101767","Action_37","Morph_74","HW","Play","Poke","Poke.1","Sonso",-0.579818495252942,0.00266429840142096,0.00266429840142096
"573","102431","Action_38","Morph_75","HW","Directattention","Present","Present.1","Sonso",1.09861228866811,0.0170959147424512,0.0492895204262877
"574","100126","Action_34","Morph_65","HW","Sexualattention","Objectshake","ObjectShake.1","Sonso",0.693147180559945,0.0746003552397869,0.108792184724689
"575","100348b","Action_64","Morph_135","HW","Affiliation","Touchlongother","Touch.4","Sonso",1.99605993274078,0.00488454706927176,0.0175399644760213
"576","100043a","Action_2","Morph_5","HW","Groom","Bigloudscratch","BigLoudScratch.3","Sonso",0.751416088683921,0.0119893428063943,0.0577264653641208
"577","101188","Action_45","Morph_100","HW","Giveme","Reach","Reach.1","Sonso",0.65232518603969,0.0408525754884547,0.0801509769094138
"578","100040a","Action_2","Morph_5","HW","Groom","Bigloudscratch","BigLoudScratch.3","Sonso",1.21194097397511,0.0119893428063943,0.0577264653641208
"579","101897","Action_63","Morph_132","HW","Staysame","Touch","Touch.1","Sonso",0.78845736036427,0.0104351687388988,0.0341918294849023
"580","100177a","Action_2","Morph_3","HW","Groom","Bigloudscratch","BigLoudScratch.1","Sonso",-0.127833371509885,0.0215364120781528,0.0577264653641208
"581","100043b","Action_2","Morph_3","HW","Groom","Bigloudscratch","BigLoudScratch.1","Sonso",1.33500106673234,0.0215364120781528,0.0577264653641208
"582","101467","Action_27","Morph_54","HW","Sexualattention","Leafclip","LeafClip.1","Sonso",1.34547236659964,0.0044404973357016,0.00599467140319716
"583","101553","Action_34","Morph_65","HW","Sexualattention","Objectshake","ObjectShake.1","Sonso",0.148420005118273,0.0746003552397869,0.108792184724689
"584","101469","Action_27","Morph_54","HW","Sexualattention","Leafclip","LeafClip.1","Sonso",0.148420005118273,0.0044404973357016,0.00599467140319716
"585","101469","Action_17","Morph_39","HW","Sexualattention","Hitobject","HitObject.1","Sonso",-0.22314355131421,0.0430728241563055,0.0559502664298401
"586","101781","Action_27","Morph_54","HW","Sexualattention","Leafclip","LeafClip.1","Sonso",0.908258560176891,0.0044404973357016,0.00599467140319716
"587","101553","Action_34","Morph_65","HW","Sexualattention","Objectshake","ObjectShake.1","Sonso",1.48160454092422,0.0746003552397869,0.108792184724689
"588","100191a","Action_17","Morph_39","HW","Moveclose","Hitobject","HitObject.1","Sonso",0,0.0430728241563055,0.0559502664298401
"589","102184","Action_13","Morph_27","HW","Moveaway","Fling","Fling.1","Sonso",-0.083381608939051,0.00688277087033748,0.0117673179396092
"590","101011","Action_14","Morph_33","HW","Playcontinue","Grab","Grab.5","Sonso",-0.133531392624523,0.0033303730017762,0.0353019538188277
"591","102149","Action_38","Morph_75","HW","Groom","Present","Present.1","Sonso",1.64865862558738,0.0170959147424512,0.0492895204262877
"592","101010b","Action_20","Morph_45","HW","Play","Hitother","HitOther.1","Sonso",0,0.0202042628774423,0.0404085257548845
"593","101009","Action_14","Morph_33","HW","Play","Grab","Grab.5","Sonso",0.246860077931526,0.0033303730017762,0.0353019538188277
"594","100142","Action_63","Morph_138","HW","Affiliation","Touch","Touch.7","Sonso",1.12492959698548,0.0044404973357016,0.0341918294849023
"595","102235","Action_2","Morph_5","HW","Groom","Bigloudscratch","BigLoudScratch.3","Sonso",0.970778917158225,0.0119893428063943,0.0577264653641208
"596","102234","Action_38","Morph_78","HW","Groom","Present","Present.4","Sonso",1.23547147138531,0.00288632326820604,0.0492895204262877
"597","102246b","Action_42","Morph_89","HW","Position","Push","Push.2","Sonso",-0.0408219945202552,0.00355239786856128,0.0466252220248668
"598","102249","Action_38","Morph_76","HW","Groom","Present","Present.2","Sonso",0.418710334858185,0.0135435168738899,0.0492895204262877
"599","102232","Action_42","Morph_92","HW","Position","Push","Push.5","Sonso",-0.27443684570176,0.0066607460035524,0.0466252220248668
"600","102249","Action_2","Morph_3","HW","Groom","Bigloudscratch","BigLoudScratch.1","Sonso",1.40609698841607,0.0215364120781528,0.0577264653641208
"601","102235","Action_2","Morph_6","HW","Groom","Bigloudscratch","BigLoudScratch.4","Sonso",1.04380405217311,0.00421847246891652,0.0577264653641208
"602","101113","Action_17","Morph_39","HW","Play","Hitobject","HitObject.1","Sonso",-0.385662480811985,0.0430728241563055,0.0559502664298401
"603","101113","Action_20","Morph_50","HW","Play","Hitother","HitOther.6","Sonso",-0.174353387144778,0.00488454706927176,0.0404085257548845
"604","102276a","Action_2","Morph_4","HW","Groom","Bigloudscratch","BigLoudScratch.2","Sonso",0.693147180559945,0.019316163410302,0.0577264653641208
"605","102275","Action_2","Morph_5","HW","Groom","Bigloudscratch","BigLoudScratch.3","Sonso",0.970778917158225,0.0119893428063943,0.0577264653641208
"606","102276a","Action_38","Morph_75","HW","Groom","Present","Present.1","Sonso",1.02961941718116,0.0170959147424512,0.0492895204262877
"607","102273","Action_2","Morph_3","HW","Groom","Bigloudscratch","BigLoudScratch.1","Sonso",-0.174353387144778,0.0215364120781528,0.0577264653641208
"608","102281a","Action_2","Morph_3","HW","Groom","Bigloudscratch","BigLoudScratch.1","Sonso",1.67147330335355,0.0215364120781528,0.0577264653641208
"609","102323","Action_48","Morph_104","HW","Playcontinue","Rollover","RollOver.1","Sonso",1.11185751541813,0.00621669626998224,0.00621669626998224
"610","102220a","Action_2","Morph_3","HW","Groom","Bigloudscratch","BigLoudScratch.1","Sonso",0,0.0215364120781528,0.0577264653641208
"611","102220a","Action_38","Morph_75","HW","Groom","Present","Present.1","Sonso",1.44456326924387,0.0170959147424512,0.0492895204262877
"612","101367","Action_63","Morph_135","HY","Stopbehaviour","Touch","Touch.4","Sonso",0.631271776841858,0.00488454706927176,0.0341918294849023
"613","101368a","Action_45","Morph_101","HY","Givemenurse","Reach","Reach.2","Sonso",1.01523067972906,0.0370781527531083,0.0801509769094138
"614","101367","Action_63","Morph_135","HY","Stopbehaviour","Touch","Touch.4","Sonso",1.54329810992956,0.00488454706927176,0.0341918294849023
"615","101367","Action_14","Morph_33","HY","Stopbehaviour","Grab","Grab.5","Sonso",1.31372366828506,0.0033303730017762,0.0353019538188277
"616","101367","Action_14","Morph_33","HY","Stopbehaviour","Grab","Grab.5","Sonso",0.924258901523332,0.0033303730017762,0.0353019538188277
"617","101873","Action_38","Morph_76","JL","Groom","Present","Present.2","Sonso",0.751416088683921,0.0135435168738899,0.0492895204262877
"618","100189","Action_64","Morph_133","JL","Stopbehaviour","Touchlongother","Touch.2","Sonso",1.00063188030791,0.00754884547069272,0.0175399644760213
"619","100196","Action_33","Morph_61","JL","Moveaway","Objectmove","ObjectMove.1","Sonso",0.27763173659828,0.0317495559502664,0.0406305506216696
"620","100781","Action_39","Morph_82","JL","Sexualattention","Presentgenitalsbackwards","PresentGenitals.1","Sonso",0.113328685307003,0.0295293072824156,0.033303730017762
"621","101253","Action_39","Morph_82","JL","Sexualattention","Presentgenitalsbackwards","PresentGenitals.1","Sonso",0.732367893713227,0.0295293072824156,0.033303730017762
"622","100340","Action_39","Morph_82","JL","Affiliation","Presentgenitalsbackwards","PresentGenitals.1","Sonso",1.08518926833597,0.0295293072824156,0.033303730017762
"623","100167","Action_39","Morph_82","JL","Sexualattention","Presentgenitalsbackwards","PresentGenitals.1","Sonso",0.631271776841858,0.0295293072824156,0.033303730017762
"624","100168","Action_63","Morph_132","JL","Sociosexualattention","Touch","Touch.1","Sonso",0.0769610411361284,0.0104351687388988,0.0341918294849023
"625","100343","Action_45","Morph_100","JL","Affiliation","Reach","Reach.1","Sonso",0,0.0408525754884547,0.0801509769094138
"626","101036a","Action_11","Morph_23","JL","Affiliation","Embrace","Embrace.2","Sonso",1.99061032797322,0.00199822380106572,0.005550621669627
"627","100139","Action_63","Morph_132","JL","Sociosexualattention","Touch","Touch.1","Sonso",0.27763173659828,0.0104351687388988,0.0341918294849023
"628","102241a","Action_45","Morph_102","JL","Staysame","Reach","Reach.3","Sonso",1.05779029414785,0.0022202486678508,0.0801509769094138
"629","100342b","Action_39","Morph_82","JL","Affiliation","Presentgenitalsbackwards","PresentGenitals.1","Sonso",-0.127833371509885,0.0295293072824156,0.033303730017762
"630","102241a","Action_45","Morph_102","JL","Staysame","Reach","Reach.3","Sonso",1.64093657949347,0.0022202486678508,0.0801509769094138
"631","101189","Action_39","Morph_82","JL","Giveme","Presentgenitalsbackwards","PresentGenitals.1","Sonso",0.113328685307003,0.0295293072824156,0.033303730017762
"632","100343","Action_63","Morph_140","JL","Affiliation","Touch","Touch.9","Sonso",0.307484699747961,0.00399644760213144,0.0341918294849023
"633","100168","Action_45","Morph_100","JL","Sociosexualattention","Reach","Reach.1","Sonso",-0.22314355131421,0.0408525754884547,0.0801509769094138
"634","100782b","Action_39","Morph_82","JL","Sociosexualattention","Presentgenitalsbackwards","PresentGenitals.1","Sonso",0.542324290825362,0.0295293072824156,0.033303730017762
"635","101556","Action_39","Morph_82","JL","Sexualattention","Presentgenitalsbackwards","PresentGenitals.1","Sonso",1.00063188030791,0.0295293072824156,0.033303730017762
"636","100389","Action_39","Morph_83","JN","Sociosexualattention","Presentgenitalsbackwards","PresentGenitals.2","Sonso",0.672944473242426,0.00577264653641208,0.033303730017762
"637","100087","Action_42","Morph_94","JN","Climbonme","Push","Push.7","Sonso",0.732367893713227,0.00288632326820604,0.0466252220248668
"638","100085","Action_38","Morph_81","JN","Climbonme","Present","Present.7","Sonso",1.56024766824333,0.00244227353463588,0.0492895204262877
"639","102488","Action_17","Morph_39","JN","Position","Hitobject","HitObject.1","Sonso",-0.174353387144778,0.0430728241563055,0.0559502664298401
"640","100439","Action_42","Morph_90","JN","Stopbehaviour","Push","Push.3","Sonso",-0.328504066972036,0.00510657193605684,0.0466252220248668
"641","100085","Action_38","Morph_81","JN","Climbonme","Present","Present.7","Sonso",0.364643113587909,0.00244227353463588,0.0492895204262877
"642","101128","Action_42","Morph_88","JN","Moveclose","Push","Push.1","Sonso",1.12492959698548,0.0106571936056838,0.0466252220248668
"643","100445","Action_41","Morph_85","JN","Stopbehaviour","Pull","Pull.2","Sonso",0.672944473242426,0.00643872113676732,0.0253108348134991
"644","101143","Action_23","Morph_47","JN","Moveclose","Hittingother","HitOther.3","Sonso",0.0392207131532813,0.00843694493783304,0.0157637655417407
"645","100182","Action_42","Morph_88","JN","Climbonme","Push","Push.1","Sonso",0.418710334858185,0.0106571936056838,0.0466252220248668
"646","100086","Action_42","Morph_88","JN","Climbonme","Push","Push.1","Sonso",0.8754687373539,0.0106571936056838,0.0466252220248668
"647","100085","Action_42","Morph_88","JN","Climbonme","Push","Push.1","Sonso",0.27763173659828,0.0106571936056838,0.0466252220248668
"648","100084","Action_38","Morph_81","JN","Climbonme","Present","Present.7","Sonso",-0.22314355131421,0.00244227353463588,0.0492895204262877
"649","101937","Action_41","Morph_85","JN","Climbonme","Pull","Pull.2","Sonso",0.609765571620894,0.00643872113676732,0.0253108348134991
"650","100438","Action_42","Morph_92","JN","Stopbehaviour","Push","Push.5","Sonso",-0.82098055206983,0.0066607460035524,0.0466252220248668
"651","102424","Action_42","Morph_88","JN","Climbonme","Push","Push.1","Sonso",-0.27443684570176,0.0106571936056838,0.0466252220248668
"652","100087","Action_42","Morph_88","JN","Climbonme","Push","Push.1","Sonso",0.631271776841858,0.0106571936056838,0.0466252220248668
"653","100089","Action_38","Morph_81","JN","Climbonme","Present","Present.7","Sonso",0.712949807856125,0.00244227353463588,0.0492895204262877
"654","100088","Action_38","Morph_81","JN","Climbonme","Present","Present.7","Sonso",0.647626665258136,0.00244227353463588,0.0492895204262877
"655","102421a","Action_38","Morph_76","JN","Groom","Present","Present.2","Sonso",1.17557332980424,0.0135435168738899,0.0492895204262877
"656","102422a","Action_2","Morph_4","JN","Directattention","Bigloudscratch","BigLoudScratch.2","Sonso",1.37624402526639,0.019316163410302,0.0577264653641208
"657","101686b","Action_42","Morph_91","JN","Position","Push","Push.4","Sonso",0.56531380905006,0.00932504440497336,0.0466252220248668
"658","101600","Action_38","Morph_78","JN","Directattention","Present","Present.4","Sonso",1.56024766824333,0.00288632326820604,0.0492895204262877
"659","100440","Action_42","Morph_91","JN","Position","Push","Push.4","Sonso",0.364643113587909,0.00932504440497336,0.0466252220248668
"660","102102","Action_1","Morph_2","JN","Moveclose","Beckon","Beckon.2","Sonso",-0.174353387144778,0.00133214920071048,0.00155417406749556
"661","100238","Action_39","Morph_82","JN","Sexualattention","Presentgenitalsbackwards","PresentGenitals.1","Sonso",0,0.0295293072824156,0.033303730017762
"662","100216","Action_3","Morph_14","JN","Staysame","Bite","Bite.6","Sonso",2.57413778351594,0.00266429840142096,0.0168738898756661
"663","100531","Action_20","Morph_45","JN","Staysame","Hitother","HitOther.1","Sonso",-1.13943428318836,0.0202042628774423,0.0404085257548845
"664","100523","Action_63","Morph_138","JS","Play","Touch","Touch.7","Sonso",0.113328685307003,0.0044404973357016,0.0341918294849023
"665","101129a","Action_33","Morph_61","JS","Play","Objectmove","ObjectMove.1","Sonso",0.0769610411361284,0.0317495559502664,0.0406305506216696
"666","102033","Action_45","Morph_100","JS","Climbonme","Reach","Reach.1","Sonso",-0.0408219945202552,0.0408525754884547,0.0801509769094138
"667","102470","Action_56","Morph_123","JS","Play","Stompingother","StompOther.2","Sonso",0.148420005118273,0.00244227353463588,0.00266429840142096
"668","100173","Action_1","Morph_2","JS","Position","Beckon","Beckon.2","Sonso",0.182321556793955,0.00133214920071048,0.00155417406749556
"669","101685","Action_64","Morph_137","JS","Giveme","Touchlongother","Touch.6","Sonso",2.54631527791664,0.00488454706927176,0.0175399644760213
"670","100173","Action_1","Morph_2","JS","Position","Beckon","Beckon.2","Sonso",0.542324290825362,0.00133214920071048,0.00155417406749556
"671","101684","Action_45","Morph_101","JS","Giveme","Reach","Reach.2","Sonso",1.76473079684014,0.0370781527531083,0.0801509769094138
"672","102472","Action_60","Morph_128","JS","Play","Swing","Swing.2","Sonso",0.392042087776024,0.00310834813499112,0.0475133214920071
"673","102472","Action_20","Morph_45","JS","Play","Hitother","HitOther.1","Sonso",-0.82098055206983,0.0202042628774423,0.0404085257548845
"674","102103","Action_14","Morph_29","JS","Play","Grab","Grab.1","Sonso",0.444685821261446,0.00821492007104796,0.0353019538188277
"675","102103","Action_20","Morph_46","JS","Play","Hitother","HitOther.2","Sonso",-0.127833371509885,0.00932504440497336,0.0404085257548845
"676","101611","Action_8","Morph_19","JS","Play","Dangle","Dangle.1","Sonso",0.908258560176891,0.0484014209591474,0.0484014209591474
"677","101613","Action_60","Morph_127","JS","Play","Swing","Swing.1","Sonso",-0.22314355131421,0.0428507992895204,0.0475133214920071
"678","102479","Action_55","Morph_117","JS","Play","Stompingobject","StompObject.3","Sonso",0.56531380905006,0.00688277087033748,0.0230905861456483
"679","101612","Action_8","Morph_19","JS","Play","Dangle","Dangle.1","Sonso",0.587786664902119,0.0484014209591474,0.0484014209591474
"680","101613","Action_8","Morph_19","JS","Play","Dangle","Dangle.1","Sonso",1.81156209652423,0.0484014209591474,0.0484014209591474
"681","101613","Action_60","Morph_128","JS","Play","Swing","Swing.2","Sonso",0.364643113587909,0.00310834813499112,0.0475133214920071
"682","102479","Action_17","Morph_39","JS","Play","Hitobject","HitObject.1","Sonso",-1.02165124753198,0.0430728241563055,0.0559502664298401
"683","102479","Action_57","Morph_118","JS","Play","Stompobject","StompObject.4","Sonso",-0.653926467406664,0.005550621669627,0.0424067495559503
"684","101613","Action_8","Morph_19","JS","Play","Dangle","Dangle.1","Sonso",1.81807677754543,0.0484014209591474,0.0484014209591474
"685","101613","Action_8","Morph_19","JS","Play","Dangle","Dangle.1","Sonso",-0.27443684570176,0.0484014209591474,0.0484014209591474
"686","101613","Action_60","Morph_127","JS","Play","Swing","Swing.1","Sonso",0.392042087776024,0.0428507992895204,0.0475133214920071
"687","101613","Action_60","Morph_127","JS","Play","Swing","Swing.1","Sonso",0.940007258491471,0.0428507992895204,0.0475133214920071
"688","101613","Action_60","Morph_127","JS","Play","Swing","Swing.1","Sonso",0.246860077931526,0.0428507992895204,0.0475133214920071
"689","102479","Action_57","Morph_119","JS","Play","Stompobject","StompObject.5","Sonso",-0.328504066972036,0.00155417406749556,0.0424067495559503
"690","101611","Action_8","Morph_19","JS","Play","Dangle","Dangle.1","Sonso",1.81156209652423,0.0484014209591474,0.0484014209591474
"691","102487","Action_57","Morph_118","JS","Play","Stompobject","StompObject.4","Sonso",-0.510825623765991,0.005550621669627,0.0424067495559503
"692","102483","Action_55","Morph_117","JS","Play","Stompingobject","StompObject.3","Sonso",0.841567185678219,0.00688277087033748,0.0230905861456483
"693","102487","Action_17","Morph_39","JS","Play","Hitobject","HitObject.1","Sonso",-1.27296567581289,0.0430728241563055,0.0559502664298401
"694","102487","Action_17","Morph_39","JS","Play","Hitobject","HitObject.1","Sonso",-0.916290731874155,0.0430728241563055,0.0559502664298401
"695","101941","Action_8","Morph_19","JS","Play","Dangle","Dangle.1","Sonso",0.924258901523332,0.0484014209591474,0.0484014209591474
"696","101940","Action_52","Morph_112","JS","Stopbehaviour","Spinroulade","SpinRoulade.1","Sonso",0.693147180559945,0.00488454706927176,0.00488454706927176
"697","101941","Action_8","Morph_19","JS","Play","Dangle","Dangle.1","Sonso",0.824175442966349,0.0484014209591474,0.0484014209591474
"698","100470","Action_45","Morph_100","JS","Play","Reach","Reach.1","Sonso",0.307484699747961,0.0408525754884547,0.0801509769094138
"699","101609","Action_57","Morph_118","JS","Play","Stompobject","StompObject.4","Sonso",-0.653926467406664,0.005550621669627,0.0424067495559503
"700","100470","Action_45","Morph_100","JS","Play","Reach","Reach.1","Sonso",0.0769610411361284,0.0408525754884547,0.0801509769094138
"701","100470","Action_45","Morph_100","JS","Play","Reach","Reach.1","Sonso",0.418710334858185,0.0408525754884547,0.0801509769094138
"702","101609","Action_34","Morph_67","JS","Play","Objectshake","ObjectShake.3","Sonso",0.182321556793955,0.0022202486678508,0.108792184724689
"703","101609","Action_8","Morph_19","JS","Play","Dangle","Dangle.1","Sonso",0.712949807856125,0.0484014209591474,0.0484014209591474
"704","101609","Action_34","Morph_65","JS","Play","Objectshake","ObjectShake.1","Sonso",0.924258901523332,0.0746003552397869,0.108792184724689
"705","101610","Action_34","Morph_65","JS","Play","Objectshake","ObjectShake.1","Sonso",0.8754687373539,0.0746003552397869,0.108792184724689
"706","101610","Action_34","Morph_66","JS","Play","Objectshake","ObjectShake.2","Sonso",0.712949807856125,0.0237566607460036,0.108792184724689
"707","101609","Action_34","Morph_66","JS","Play","Objectshake","ObjectShake.2","Sonso",0.858661619037519,0.0237566607460036,0.108792184724689
"708","101609","Action_8","Morph_19","JS","Play","Dangle","Dangle.1","Sonso",0.924258901523332,0.0484014209591474,0.0484014209591474
"709","102484","Action_21","Morph_43","JS","Play","Hittingobject","HitObject.5","Sonso",0.672944473242426,0.0044404973357016,0.00799289520426288
"710","102484","Action_55","Morph_116","JS","Play","Stompingobject","StompObject.2","Sonso",0.392042087776024,0.0148756660746004,0.0230905861456483
"711","100213","Action_4","Morph_13","JS","Staysame","Bitekiss","Bite.5","Sonso",0.246860077931526,0.0011101243339254,0.00066607460035524
"712","101855","Action_34","Morph_65","JS","Play","Objectshake","ObjectShake.1","Sonso",-0.328504066972036,0.0746003552397869,0.108792184724689
"713","101855","Action_34","Morph_65","JS","Play","Objectshake","ObjectShake.1","Sonso",0.609765571620894,0.0746003552397869,0.108792184724689
"714","101857a","Action_8","Morph_19","JS","Playcontinue","Dangle","Dangle.1","Sonso",0.970778917158225,0.0484014209591474,0.0484014209591474
"715","101856","Action_20","Morph_45","JS","Play","Hitother","HitOther.1","Sonso",-1.02165124753198,0.0202042628774423,0.0404085257548845
"716","101855","Action_8","Morph_19","JS","Play","Dangle","Dangle.1","Sonso",-1.42711635564015,0.0484014209591474,0.0484014209591474
"717","101857a","Action_34","Morph_67","JS","Playcontinue","Objectshake","ObjectShake.3","Sonso",0.494696241836107,0.0022202486678508,0.108792184724689
"718","101856","Action_8","Morph_19","JS","Play","Dangle","Dangle.1","Sonso",0.732367893713227,0.0484014209591474,0.0484014209591474
"719","100104","Action_17","Morph_39","JS","Sexualattention","Hitobject","HitObject.1","Sonso",-0.44628710262842,0.0430728241563055,0.0559502664298401
"720","100105","Action_40","Morph_82","JS","Sexualattention","Presentgenitalsforwards","PresentGenitals.1","Sonso",1.65632149833295,0.0295293072824156,0.00199822380106572
"721","100105","Action_20","Morph_45","JS","Sexualattention","Hitother","HitOther.1","Sonso",-0.510825623765991,0.0202042628774423,0.0404085257548845
"722","100104","Action_45","Morph_101","JS","Sexualattention","Reach","Reach.2","Sonso",0.89199803930511,0.0370781527531083,0.0801509769094138
"723","102476","Action_17","Morph_39","JS","Play","Hitobject","HitObject.1","Sonso",-0.82098055206983,0.0430728241563055,0.0559502664298401
"724","102476","Action_55","Morph_117","JS","Play","Stompingobject","StompObject.3","Sonso",1.80500469597808,0.00688277087033748,0.0230905861456483
"725","102476","Action_55","Morph_117","JS","Play","Stompingobject","StompObject.3","Sonso",0.751416088683921,0.00688277087033748,0.0230905861456483
"726","102476","Action_55","Morph_117","JS","Play","Stompingobject","StompObject.3","Sonso",0.824175442966349,0.00688277087033748,0.0230905861456483
"727","102094a","Action_21","Morph_42","JS","Sexualattention","Hittingobject","HitObject.4","Sonso",-0.083381608939051,0.00599467140319716,0.00799289520426288
"728","102094a","Action_34","Morph_65","JS","Sexualattention","Objectshake","ObjectShake.1","Sonso",0.364643113587909,0.0746003552397869,0.108792184724689
"729","102101a","Action_55","Morph_116","JS","Sexualattention","Stompingobject","StompObject.2","Sonso",0.0769610411361284,0.0148756660746004,0.0230905861456483
"730","102094a","Action_33","Morph_62","JS","Sexualattention","Objectmove","ObjectMove.2","Sonso",0.494696241836107,0.00643872113676732,0.0406305506216696
"731","102101a","Action_34","Morph_65","JS","Sexualattention","Objectshake","ObjectShake.1","Sonso",0.908258560176891,0.0746003552397869,0.108792184724689
"732","102101a","Action_33","Morph_61","JS","Sexualattention","Objectmove","ObjectMove.1","Sonso",-0.174353387144778,0.0317495559502664,0.0406305506216696
"733","102094a","Action_34","Morph_66","JS","Sexualattention","Objectshake","ObjectShake.2","Sonso",1.34547236659964,0.0237566607460036,0.108792184724689
"734","102094a","Action_21","Morph_42","JS","Sexualattention","Hittingobject","HitObject.4","Sonso",-1.02165124753198,0.00599467140319716,0.00799289520426288
"735","102101a","Action_34","Morph_66","JS","Sexualattention","Objectshake","ObjectShake.2","Sonso",2.55567572067621,0.0237566607460036,0.108792184724689
"736","101876","Action_17","Morph_39","JS","Play","Hitobject","HitObject.1","Sonso",0.148420005118273,0.0430728241563055,0.0559502664298401
"737","101877","Action_45","Morph_100","JS","Play","Reach","Reach.1","Sonso",1.58514521986506,0.0408525754884547,0.0801509769094138
"738","102468","Action_20","Morph_46","JS","Play","Hitother","HitOther.2","Sonso",-0.7339691750802,0.00932504440497336,0.0404085257548845
"739","102462","Action_17","Morph_39","JS","Play","Hitobject","HitObject.1","Sonso",-1.02165124753198,0.0430728241563055,0.0559502664298401
"740","102462","Action_17","Morph_41","JS","Play","Hitobject","HitObject.3","Sonso",-0.579818495252942,0.00510657193605684,0.0559502664298401
"741","101875","Action_8","Morph_19","JS","Play","Dangle","Dangle.1","Sonso",1.74396880539171,0.0484014209591474,0.0484014209591474
"742","102469","Action_20","Morph_46","JS","Playcontinue","Hitother","HitOther.2","Sonso",-0.510825623765991,0.00932504440497336,0.0404085257548845
"743","102462","Action_17","Morph_39","JS","Play","Hitobject","HitObject.1","Sonso",-0.510825623765991,0.0430728241563055,0.0559502664298401
"744","102462","Action_8","Morph_19","JS","Play","Dangle","Dangle.1","Sonso",1.47247205736094,0.0484014209591474,0.0484014209591474
"745","102462","Action_17","Morph_41","JS","Play","Hitobject","HitObject.3","Sonso",-0.44628710262842,0.00510657193605684,0.0559502664298401
"746","102463","Action_8","Morph_19","JS","Play","Dangle","Dangle.1","Sonso",1.42551507427317,0.0484014209591474,0.0484014209591474
"747","102463","Action_20","Morph_45","JS","Play","Hitother","HitOther.1","Sonso",-0.579818495252942,0.0202042628774423,0.0404085257548845
"748","101875","Action_17","Morph_39","JS","Play","Hitobject","HitObject.1","Sonso",-0.385662480811985,0.0430728241563055,0.0559502664298401
"749","102462","Action_17","Morph_39","JS","Play","Hitobject","HitObject.1","Sonso",-0.328504066972036,0.0430728241563055,0.0559502664298401
"750","102462","Action_26","Morph_53","JS","Play","Knockobject","KnockObject.1","Sonso",-1.27296567581289,0.00133214920071048,0.0011101243339254
"751","102461","Action_45","Morph_100","JS","Play","Reach","Reach.1","Sonso",0.182321556793955,0.0408525754884547,0.0801509769094138
"752","102463","Action_20","Morph_45","JS","Play","Hitother","HitOther.1","Sonso",-0.579818495252942,0.0202042628774423,0.0404085257548845
"753","100103b","Action_57","Morph_115","JS","Play","Stompobject","StompObject.1","Sonso",0.0392207131532813,0.0337477797513321,0.0424067495559503
"754","100103b","Action_33","Morph_61","JS","Play","Objectmove","ObjectMove.1","Sonso",0.113328685307003,0.0317495559502664,0.0406305506216696
"755","101110","Action_17","Morph_39","JT","Play","Hitobject","HitObject.1","Sonso",0.148420005118273,0.0430728241563055,0.0559502664298401
"756","101110","Action_34","Morph_65","JT","Play","Objectshake","ObjectShake.1","Sonso",-0.22314355131421,0.0746003552397869,0.108792184724689
"757","102034","Action_2","Morph_4","JT","Groom","Bigloudscratch","BigLoudScratch.2","Sonso",1.61740608208328,0.019316163410302,0.0577264653641208
"758","101686a","Action_2","Morph_3","JT","Groom","Bigloudscratch","BigLoudScratch.1","Sonso",1.74396880539171,0.0215364120781528,0.0577264653641208
"759","102421b","Action_2","Morph_3","JT","Directattention","Bigloudscratch","BigLoudScratch.1","Sonso",0.751416088683921,0.0215364120781528,0.0577264653641208
"760","102422b","Action_2","Morph_4","JT","Directattention","Bigloudscratch","BigLoudScratch.2","Sonso",0.924258901523332,0.019316163410302,0.0577264653641208
"761","102035","Action_42","Morph_92","JT","Position","Push","Push.5","Sonso",-0.174353387144778,0.0066607460035524,0.0466252220248668
"762","102036","Action_2","Morph_3","JT","Directattention","Bigloudscratch","BigLoudScratch.1","Sonso",0.8754687373539,0.0215364120781528,0.0577264653641208
"763","102034","Action_38","Morph_76","JT","Groom","Present","Present.2","Sonso",1.64865862558738,0.0135435168738899,0.0492895204262877
"764","100972","Action_41","Morph_84","JT","Play","Pull","Pull.1","Sonso",0.970778917158225,0.00821492007104796,0.0253108348134991
"765","101766","Action_8","Morph_19","JT","Play","Dangle","Dangle.1","Sonso",0.770108221696074,0.0484014209591474,0.0484014209591474
"766","101986","Action_60","Morph_127","JT","Play","Swing","Swing.1","Sonso",1.89911798754855,0.0428507992895204,0.0475133214920071
"767","101145","Action_41","Morph_86","JT","Moveclose","Pull","Pull.3","Sonso",0.667829372575655,0.00510657193605684,0.0253108348134991
"768","100391","Action_42","Morph_91","JT","Stopbehaviour","Push","Push.4","Sonso",0.113328685307003,0.00932504440497336,0.0466252220248668
"769","100391","Action_42","Morph_91","JT","Stopbehaviour","Push","Push.4","Sonso",-0.385662480811985,0.00932504440497336,0.0466252220248668
"770","101683b","Action_17","Morph_39","JT","Play","Hitobject","HitObject.1","Sonso",-0.579818495252942,0.0430728241563055,0.0559502664298401
"771","100890","Action_34","Morph_65","JT","Play","Objectshake","ObjectShake.1","Sonso",0.0392207131532813,0.0746003552397869,0.108792184724689
"772","101604b","Action_34","Morph_65","JT","Play","Objectshake","ObjectShake.1","Sonso",0.732367893713227,0.0746003552397869,0.108792184724689
"773","100891b","Action_57","Morph_115","JT","Playcontinue","Stompobject","StompObject.1","Sonso",-0.579818495252942,0.0337477797513321,0.0424067495559503
"774","101683b","Action_17","Morph_39","JT","Play","Hitobject","HitObject.1","Sonso",-0.579818495252942,0.0430728241563055,0.0559502664298401
"775","100967","Action_17","Morph_40","JT","Play","Hitobject","HitObject.2","Sonso",0.113328685307003,0.0119893428063943,0.0559502664298401
"776","101130","Action_39","Morph_82","JT","Staysame","Presentgenitalsbackwards","PresentGenitals.1","Sonso",0.732367893713227,0.0295293072824156,0.033303730017762
"777","100850","Action_14","Morph_30","JT","Play","Grab","Grab.2","Sonso",0.364643113587909,0.00799289520426288,0.0353019538188277
"778","100220","Action_39","Morph_82","JT","Sexualattention","Presentgenitalsbackwards","PresentGenitals.1","Sonso",0.307484699747961,0.0295293072824156,0.033303730017762
"779","100963","Action_50","Morph_108","JT","Play","Shake","Shake.2","Sonso",0.65232518603969,0.00466252220248668,0.0122113676731794
"780","100965","Action_60","Morph_127","JT","Playcontinue","Swing","Swing.1","Sonso",0.113328685307003,0.0428507992895204,0.0475133214920071
"781","100961a","Action_33","Morph_61","JT","Play","Objectmove","ObjectMove.1","Sonso",-0.328504066972036,0.0317495559502664,0.0406305506216696
"782","100390","Action_33","Morph_61","JT","Moveaway","Objectmove","ObjectMove.1","Sonso",-0.44628710262842,0.0317495559502664,0.0406305506216696
"783","100912b","Action_17","Morph_39","JT","Play","Hitobject","HitObject.1","Sonso",-0.44628710262842,0.0430728241563055,0.0559502664298401
"784","100912b","Action_34","Morph_65","JT","Play","Objectshake","ObjectShake.1","Sonso",1.71559810826249,0.0746003552397869,0.108792184724689
"785","100913","Action_8","Morph_19","JT","Playcontinue","Dangle","Dangle.1","Sonso",0.806475865866949,0.0484014209591474,0.0484014209591474
"786","100917","Action_8","Morph_19","JT","Play","Dangle","Dangle.1","Sonso",1.25846098961001,0.0484014209591474,0.0484014209591474
"787","100912b","Action_55","Morph_116","JT","Play","Stompingobject","StompObject.2","Sonso",0.113328685307003,0.0148756660746004,0.0230905861456483
"788","100913","Action_8","Morph_19","JT","Playcontinue","Dangle","Dangle.1","Sonso",0.418710334858185,0.0484014209591474,0.0484014209591474
"789","100563","Action_9","Morph_20","JT","Play","Dangleshake","DangleShake.1","Sonso",-0.0408219945202552,0.00710479573712256,0.00710479573712256
"790","100564","Action_53","Morph_113","JT","Stopbehaviour","Spinsomersault","SpinSomersault.1","Sonso",-0.083381608939051,0.00799289520426288,0.00799289520426288
"791","100919b","Action_8","Morph_19","JT","Play","Dangle","Dangle.1","Sonso",1.29198368164865,0.0484014209591474,0.0484014209591474
"792","100916","Action_34","Morph_65","JT","Play","Objectshake","ObjectShake.1","Sonso",0.0392207131532813,0.0746003552397869,0.108792184724689
"793","100563","Action_57","Morph_118","JT","Play","Stompobject","StompObject.4","Sonso",-0.44628710262842,0.005550621669627,0.0424067495559503
"794","100916","Action_8","Morph_19","JT","Play","Dangle","Dangle.1","Sonso",1.49065437644413,0.0484014209591474,0.0484014209591474
"795","100563","Action_8","Morph_19","JT","Play","Dangle","Dangle.1","Sonso",1.64093657949347,0.0484014209591474,0.0484014209591474
"796","100916","Action_34","Morph_65","JT","Play","Objectshake","ObjectShake.1","Sonso",0.307484699747961,0.0746003552397869,0.108792184724689
"797","102093","Action_45","Morph_100","JT","Play","Reach","Reach.1","Sonso",2.03339760317843,0.0408525754884547,0.0801509769094138
"798","102093","Action_41","Morph_87","JT","Play","Pull","Pull.4","Sonso",2.40514168131914,0.00532859680284192,0.0253108348134991
"799","101616","Action_17","Morph_39","JT","Playcontinue","Hitobject","HitObject.1","Sonso",-0.0408219945202552,0.0430728241563055,0.0559502664298401
"800","102093","Action_15","Morph_35","JT","Play","Grabhold","GrabHold.1","Sonso",1.05779029414785,0.00932504440497336,0.0204262877442274
"801","102093","Action_37","Morph_74","JT","Play","Poke","Poke.1","Sonso",-0.916290731874155,0.00266429840142096,0.00266429840142096
"802","101124","Action_55","Morph_116","JT","Play","Stompingobject","StompObject.2","Sonso",-0.127833371509885,0.0148756660746004,0.0230905861456483
"803","100920","Action_55","Morph_116","JT","Play","Stompingobject","StompObject.2","Sonso",-0.7339691750802,0.0148756660746004,0.0230905861456483
"804","100920","Action_57","Morph_118","JT","Play","Stompobject","StompObject.4","Sonso",-0.385662480811985,0.005550621669627,0.0424067495559503
"805","101124","Action_33","Morph_61","JT","Play","Objectmove","ObjectMove.1","Sonso",0.693147180559945,0.0317495559502664,0.0406305506216696
"806","102477","Action_34","Morph_65","JT","Play","Objectshake","ObjectShake.1","Sonso",1.38629436111989,0.0746003552397869,0.108792184724689
"807","102477","Action_34","Morph_66","JT","Play","Objectshake","ObjectShake.2","Sonso",2.21920348405499,0.0237566607460036,0.108792184724689
"808","102477","Action_57","Morph_115","JT","Play","Stompobject","StompObject.1","Sonso",-0.653926467406664,0.0337477797513321,0.0424067495559503
"809","102477","Action_57","Morph_115","JT","Play","Stompobject","StompObject.1","Sonso",-0.127833371509885,0.0337477797513321,0.0424067495559503
"810","102477","Action_60","Morph_127","JT","Play","Swing","Swing.1","Sonso",-0.083381608939051,0.0428507992895204,0.0475133214920071
"811","102477","Action_38","Morph_81","JT","Play","Present","Present.7","Sonso",1.80500469597808,0.00244227353463588,0.0492895204262877
"812","100935","Action_48","Morph_104","JT","Play","Rollover","RollOver.1","Sonso",-0.0408219945202552,0.00621669626998224,0.00621669626998224
"813","102097","Action_38","Morph_79","JT","Groom","Present","Present.5","Sonso",1.15057202759882,0.00688277087033748,0.0492895204262877
"814","102097","Action_2","Morph_3","JT","Groom","Bigloudscratch","BigLoudScratch.1","Sonso",1.49065437644413,0.0215364120781528,0.0577264653641208
"815","102097","Action_2","Morph_5","JT","Groom","Bigloudscratch","BigLoudScratch.3","Sonso",0.418710334858185,0.0119893428063943,0.0577264653641208
"816","102097","Action_2","Morph_3","JT","Groom","Bigloudscratch","BigLoudScratch.1","Sonso",0.470003629245736,0.0215364120781528,0.0577264653641208
"817","100302","Action_20","Morph_46","JT","Playcontinue","Hitother","HitOther.2","Sonso",0.0392207131532813,0.00932504440497336,0.0404085257548845
"818","100966b","Action_43","Morph_96","JT","Play","Raise","Raise.1","Sonso",-0.653926467406664,0.00865896980461812,0.0113232682060391
"819","101121","Action_10","Morph_21","JT","Play","Drum","Drum.1","Sonso",-0.27443684570176,0.0033303730017762,0.0033303730017762
"820","100442","Action_15","Morph_37","JT","Play","Grabhold","GrabHold.3","Sonso",1.880990602956,0.00532859680284192,0.0204262877442274
"821","100442","Action_3","Morph_9","JT","Play","Bite","Bite.1","Sonso",1.74396880539171,0.0044404973357016,0.0168738898756661
"822","100372","Action_41","Morph_86","JT","Playcontinue","Pull","Pull.3","Sonso",0.56531380905006,0.00510657193605684,0.0253108348134991
"823","100472","Action_34","Morph_65","KA","Play","Objectshake","ObjectShake.1","Sonso",1.63315443905142,0.0746003552397869,0.108792184724689
"824","101608","Action_63","Morph_139","KA","Play","Touch","Touch.8","Sonso",0.336472236621213,0.00577264653641208,0.0341918294849023
"825","101608","Action_63","Morph_139","KA","Play","Touch","Touch.8","Sonso",0.364643113587909,0.00577264653641208,0.0341918294849023
"826","101608","Action_14","Morph_31","KA","Play","Grab","Grab.3","Sonso",-1.02165124753198,0.00466252220248668,0.0353019538188277
"827","101812","Action_45","Morph_100","KA","Play","Reach","Reach.1","Sonso",1.43508452528932,0.0408525754884547,0.0801509769094138
"828","101812","Action_45","Morph_101","KA","Play","Reach","Reach.2","Sonso",1.00063188030791,0.0370781527531083,0.0801509769094138
"829","101814a","Action_14","Morph_29","KA","Play","Grab","Grab.1","Sonso",0.113328685307003,0.00821492007104796,0.0353019538188277
"830","101814a","Action_14","Morph_30","KA","Play","Grab","Grab.2","Sonso",0.364643113587909,0.00799289520426288,0.0353019538188277
"831","101814a","Action_14","Morph_32","KA","Play","Grab","Grab.4","Sonso",0.392042087776024,0.00754884547069272,0.0353019538188277
"832","101820a","Action_20","Morph_46","KA","Play","Hitother","HitOther.2","Sonso",-0.127833371509885,0.00932504440497336,0.0404085257548845
"833","101820a","Action_34","Morph_68","KA","Play","Objectshake","ObjectShake.4","Sonso",0.841567185678219,0.00288632326820604,0.108792184724689
"834","101820a","Action_33","Morph_61","KA","Play","Objectmove","ObjectMove.1","Sonso",0.444685821261446,0.0317495559502664,0.0406305506216696
"835","101816","Action_8","Morph_19","KA","Play","Dangle","Dangle.1","Sonso",2.37954613413017,0.0484014209591474,0.0484014209591474
"836","101816","Action_33","Morph_61","KA","Play","Objectmove","ObjectMove.1","Sonso",-0.328504066972036,0.0317495559502664,0.0406305506216696
"837","101816","Action_17","Morph_39","KA","Play","Hitobject","HitObject.1","Sonso",-0.44628710262842,0.0430728241563055,0.0559502664298401
"838","101223","Action_20","Morph_45","KA","Stopbehaviour","Hitother","HitOther.1","Sonso",-0.510825623765991,0.0202042628774423,0.0404085257548845
"839","101223","Action_60","Morph_127","KA","Stopbehaviour","Swing","Swing.1","Sonso",0.444685821261446,0.0428507992895204,0.0475133214920071
"840","101223","Action_20","Morph_45","KA","Stopbehaviour","Hitother","HitOther.1","Sonso",-0.44628710262842,0.0202042628774423,0.0404085257548845
"841","102236b","Action_20","Morph_45","KA","Stopbehaviour","Hitother","HitOther.1","Sonso",-0.82098055206983,0.0202042628774423,0.0404085257548845
"842","102205","Action_20","Morph_50","KA","Stopbehaviour","Hitother","HitOther.6","Sonso",-1.27296567581289,0.00488454706927176,0.0404085257548845
"843","102206","Action_13","Morph_28","KA","Stopbehaviour","Fling","Fling.2","Sonso",-0.328504066972036,0.00488454706927176,0.0117673179396092
"844","101554","Action_41","Morph_86","KA","Climbonme","Pull","Pull.3","Sonso",0.970778917158225,0.00510657193605684,0.0253108348134991
"845","101809","Action_64","Morph_133","KA","Play","Touchlongother","Touch.2","Sonso",1.05779029414785,0.00754884547069272,0.0175399644760213
"846","101220","Action_3","Morph_14","KA","Play","Bite","Bite.6","Sonso",0.587786664902119,0.00266429840142096,0.0168738898756661
"847","101446","Action_38","Morph_79","KA","Directattention","Present","Present.5","Sonso",1.1999647829284,0.00688277087033748,0.0492895204262877
"848","101881","Action_38","Morph_79","KA","Directattention","Present","Present.5","Sonso",1.1999647829284,0.00688277087033748,0.0492895204262877
"849","101447","Action_38","Morph_76","KA","Directattention","Present","Present.2","Sonso",1.41585316336144,0.0135435168738899,0.0492895204262877
"850","101502","Action_8","Morph_19","KA","Play","Dangle","Dangle.1","Sonso",1.09861228866811,0.0484014209591474,0.0484014209591474
"851","101503","Action_8","Morph_19","KA","Play","Dangle","Dangle.1","Sonso",1.99061032797322,0.0484014209591474,0.0484014209591474
"852","101786","Action_39","Morph_82","KA","Staysame","Presentgenitalsbackwards","PresentGenitals.1","Sonso",1.29198368164865,0.0295293072824156,0.033303730017762
"853","100305","Action_39","Morph_82","KA","Sexualattention","Presentgenitalsbackwards","PresentGenitals.1","Sonso",0,0.0295293072824156,0.033303730017762
"854","100434","Action_55","Morph_117","KA","Play","Stompingobject","StompObject.3","Sonso",0.65232518603969,0.00688277087033748,0.0230905861456483
"855","100434","Action_64","Morph_134","KA","Play","Touchlongother","Touch.3","Sonso",1.12492959698548,0.00488454706927176,0.0175399644760213
"856","101821a","Action_17","Morph_39","KA","Play","Hitobject","HitObject.1","Sonso",-0.0408219945202552,0.0430728241563055,0.0559502664298401
"857","100750b","Action_60","Morph_127","KA","Play","Swing","Swing.1","Sonso",0.182321556793955,0.0428507992895204,0.0475133214920071
"858","101821a","Action_45","Morph_100","KA","Play","Reach","Reach.1","Sonso",0.824175442966349,0.0408525754884547,0.0801509769094138
"859","102105","Action_45","Morph_102","KA","Stopbehaviour","Reach","Reach.3","Sonso",0.418710334858185,0.0022202486678508,0.0801509769094138
"860","102105","Action_45","Morph_102","KA","Stopbehaviour","Reach","Reach.3","Sonso",0.806475865866949,0.0022202486678508,0.0801509769094138
"861","102204","Action_64","Morph_135","KA","Giveme","Touchlongother","Touch.4","Sonso",1.58514521986506,0.00488454706927176,0.0175399644760213
"862","102204","Action_45","Morph_101","KA","Giveme","Reach","Reach.2","Sonso",0.924258901523332,0.0370781527531083,0.0801509769094138
"863","102204","Action_45","Morph_101","KA","Giveme","Reach","Reach.2","Sonso",2.67827804276854,0.0370781527531083,0.0801509769094138
"864","102199b","Action_45","Morph_101","KA","Staysame","Reach","Reach.2","Sonso",0.518793793415168,0.0370781527531083,0.0801509769094138
"865","102204","Action_45","Morph_101","KA","Giveme","Reach","Reach.2","Sonso",0.56531380905006,0.0370781527531083,0.0801509769094138
"866","102204","Action_45","Morph_101","KA","Giveme","Reach","Reach.2","Sonso",0.65232518603969,0.0370781527531083,0.0801509769094138
"867","101784b","Action_33","Morph_61","KA","Play","Objectmove","ObjectMove.1","Sonso",0.215111379616945,0.0317495559502664,0.0406305506216696
"868","101299","Action_53","Morph_113","KB","Play","Spinsomersault","SpinSomersault.1","Sonso",0.806475865866949,0.00799289520426288,0.00799289520426288
"869","101299","Action_57","Morph_118","KB","Play","Stompobject","StompObject.4","Sonso",-0.22314355131421,0.005550621669627,0.0424067495559503
"870","100212","Action_57","Morph_115","KB","Moveaway","Stompobject","StompObject.1","Sonso",-0.385662480811985,0.0337477797513321,0.0424067495559503
"871","101748a","Action_34","Morph_65","KB","Play","Objectshake","ObjectShake.1","Sonso",0.751416088683921,0.0746003552397869,0.108792184724689
"872","101748a","Action_34","Morph_66","KB","Play","Objectshake","ObjectShake.2","Sonso",2.78501124223834,0.0237566607460036,0.108792184724689
"873","101748a","Action_8","Morph_19","KB","Play","Dangle","Dangle.1","Sonso",0.609765571620894,0.0484014209591474,0.0484014209591474
"874","101748a","Action_34","Morph_66","KB","Play","Objectshake","ObjectShake.2","Sonso",0.27763173659828,0.0237566607460036,0.108792184724689
"875","101298","Action_57","Morph_115","KB","Play","Stompobject","StompObject.1","Sonso",-0.27443684570176,0.0337477797513321,0.0424067495559503
"876","101298","Action_17","Morph_40","KB","Play","Hitobject","HitObject.2","Sonso",0,0.0119893428063943,0.0559502664298401
"877","101298","Action_17","Morph_39","KB","Play","Hitobject","HitObject.1","Sonso",0.0769610411361284,0.0430728241563055,0.0559502664298401
"878","101298","Action_57","Morph_115","KB","Play","Stompobject","StompObject.1","Sonso",-0.385662480811985,0.0337477797513321,0.0424067495559503
"879","101298","Action_48","Morph_104","KB","Play","Rollover","RollOver.1","Sonso",1.21194097397511,0.00621669626998224,0.00621669626998224
"880","101297","Action_53","Morph_113","KB","Play","Spinsomersault","SpinSomersault.1","Sonso",0.494696241836107,0.00799289520426288,0.00799289520426288
"881","101561","Action_45","Morph_101","KB","Giveme","Reach","Reach.2","Sonso",1.12492959698548,0.0370781527531083,0.0801509769094138
"882","101296","Action_53","Morph_113","KB","Play","Spinsomersault","SpinSomersault.1","Sonso",0.806475865866949,0.00799289520426288,0.00799289520426288
"883","101298","Action_53","Morph_113","KB","Play","Spinsomersault","SpinSomersault.1","Sonso",0.307484699747961,0.00799289520426288,0.00799289520426288
"884","101298","Action_53","Morph_113","KB","Play","Spinsomersault","SpinSomersault.1","Sonso",0.494696241836107,0.00799289520426288,0.00799289520426288
"885","101561","Action_45","Morph_101","KB","Giveme","Reach","Reach.2","Sonso",1.96850998097255,0.0370781527531083,0.0801509769094138
"886","101628b","Action_17","Morph_39","KB","Play","Hitobject","HitObject.1","Sonso",-0.510825623765991,0.0430728241563055,0.0559502664298401
"887","101772","Action_14","Morph_32","KB","Play","Grab","Grab.4","Sonso",-0.174353387144778,0.00754884547069272,0.0353019538188277
"888","102153","Action_45","Morph_100","KB","Play","Reach","Reach.1","Sonso",0.56531380905006,0.0408525754884547,0.0801509769094138
"889","101772","Action_14","Morph_32","KB","Play","Grab","Grab.4","Sonso",0.336472236621213,0.00754884547069272,0.0353019538188277
"890","101772","Action_14","Morph_30","KB","Play","Grab","Grab.2","Sonso",0.470003629245736,0.00799289520426288,0.0353019538188277
"891","101772","Action_14","Morph_32","KB","Play","Grab","Grab.4","Sonso",-0.174353387144778,0.00754884547069272,0.0353019538188277
"892","101225","Action_63","Morph_134","KB","Play","Touch","Touch.3","Sonso",-0.0408219945202552,0.00488454706927176,0.0341918294849023
"893","101527b","Action_8","Morph_19","KB","Play","Dangle","Dangle.1","Sonso",2.04381436403668,0.0484014209591474,0.0484014209591474
"894","101772","Action_63","Morph_133","KB","Play","Touch","Touch.2","Sonso",-0.653926467406664,0.00754884547069272,0.0341918294849023
"895","101233","Action_14","Morph_31","KB","Play","Grab","Grab.3","Sonso",0.56531380905006,0.00466252220248668,0.0353019538188277
"896","101772","Action_14","Morph_32","KB","Play","Grab","Grab.4","Sonso",-0.127833371509885,0.00754884547069272,0.0353019538188277
"897","100282","Action_60","Morph_127","KB","Playcontinue","Swing","Swing.1","Sonso",0.0769610411361284,0.0428507992895204,0.0475133214920071
"898","100282","Action_34","Morph_65","KB","Playcontinue","Objectshake","ObjectShake.1","Sonso",2.17928687664955,0.0746003552397869,0.108792184724689
"899","100282","Action_34","Morph_65","KB","Playcontinue","Objectshake","ObjectShake.1","Sonso",1.56024766824333,0.0746003552397869,0.108792184724689
"900","100282","Action_55","Morph_117","KB","Playcontinue","Stompingobject","StompObject.3","Sonso",0.970778917158225,0.00688277087033748,0.0230905861456483
"901","100282","Action_21","Morph_43","KB","Playcontinue","Hittingobject","HitObject.5","Sonso",0.693147180559945,0.0044404973357016,0.00799289520426288
"902","100705","Action_45","Morph_100","KB","Play","Reach","Reach.1","Sonso",0.182321556793955,0.0408525754884547,0.0801509769094138
"903","101342","Action_63","Morph_132","KB","Stopbehaviour","Touch","Touch.1","Sonso",0.56531380905006,0.0104351687388988,0.0341918294849023
"904","102038","Action_14","Morph_31","KB","Play","Grab","Grab.3","Sonso",0.0392207131532813,0.00466252220248668,0.0353019538188277
"905","100713a","Action_15","Morph_37","KB","Play","Grabhold","GrabHold.3","Sonso",1.63315443905142,0.00532859680284192,0.0204262877442274
"906","101343","Action_8","Morph_19","KB","Play","Dangle","Dangle.1","Sonso",1.21194097397511,0.0484014209591474,0.0484014209591474
"907","100713a","Action_57","Morph_115","KB","Play","Stompobject","StompObject.1","Sonso",-0.510825623765991,0.0337477797513321,0.0424067495559503
"908","101317a","Action_8","Morph_19","KB","Play","Dangle","Dangle.1","Sonso",1.11185751541813,0.0484014209591474,0.0484014209591474
"909","101300","Action_15","Morph_35","KB","Play","Grabhold","GrabHold.1","Sonso",1.49065437644413,0.00932504440497336,0.0204262877442274
"910","101339a","Action_15","Morph_37","KB","Play","Grabhold","GrabHold.3","Sonso",1.74396880539171,0.00532859680284192,0.0204262877442274
"911","101387a","Action_57","Morph_115","KB","Play","Stompobject","StompObject.1","Sonso",-0.82098055206983,0.0337477797513321,0.0424067495559503
"912","101317a","Action_57","Morph_115","KB","Play","Stompobject","StompObject.1","Sonso",-0.44628710262842,0.0337477797513321,0.0424067495559503
"913","101300","Action_15","Morph_35","KB","Play","Grabhold","GrabHold.1","Sonso",1.81156209652423,0.00932504440497336,0.0204262877442274
"914","101397","Action_41","Morph_86","KB","Play","Pull","Pull.3","Sonso",0.712949807856125,0.00510657193605684,0.0253108348134991
"915","101300","Action_3","Morph_12","KB","Play","Bite","Bite.4","Sonso",1.17557332980424,0.00177619893428064,0.0168738898756661
"916","101397","Action_42","Morph_94","KB","Play","Push","Push.7","Sonso",-0.175544572514931,0.00288632326820604,0.0466252220248668
"917","101300","Action_3","Morph_12","KB","Play","Bite","Bite.4","Sonso",1.22377543162212,0.00177619893428064,0.0168738898756661
"918","101300","Action_16","Morph_38","KB","Play","Headstand","HeadStand.1","Sonso",0.215111379616945,0.0066607460035524,0.0066607460035524
"919","101317a","Action_17","Morph_39","KB","Play","Hitobject","HitObject.1","Sonso",-0.7339691750802,0.0430728241563055,0.0559502664298401
"920","101557a","Action_60","Morph_127","KB","Play","Swing","Swing.1","Sonso",-0.127833371509885,0.0428507992895204,0.0475133214920071
"921","101387a","Action_57","Morph_115","KB","Play","Stompobject","StompObject.1","Sonso",-0.653926467406664,0.0337477797513321,0.0424067495559503
"922","101397","Action_41","Morph_87","KB","Play","Pull","Pull.4","Sonso",-0.048140375327935,0.00532859680284192,0.0253108348134991
"923","101397","Action_41","Morph_87","KB","Play","Pull","Pull.4","Sonso",-0.048140375327935,0.00532859680284192,0.0253108348134991
"924","101838b","Action_17","Morph_39","KB","Playcontinue","Hitobject","HitObject.1","Sonso",-0.328504066972036,0.0430728241563055,0.0559502664298401
"925","101317a","Action_60","Morph_128","KB","Play","Swing","Swing.2","Sonso",-0.22314355131421,0.00310834813499112,0.0475133214920071
"926","101557a","Action_14","Morph_31","KB","Play","Grab","Grab.3","Sonso",0.392042087776024,0.00466252220248668,0.0353019538188277
"927","101300","Action_3","Morph_12","KB","Play","Bite","Bite.4","Sonso",0.587786664902119,0.00177619893428064,0.0168738898756661
"928","101154a","Action_14","Morph_31","KB","Play","Grab","Grab.3","Sonso",1.04380405217311,0.00466252220248668,0.0353019538188277
"929","101397","Action_41","Morph_87","KB","Play","Pull","Pull.4","Sonso",-0.209487224866724,0.00532859680284192,0.0253108348134991
"930","101384","Action_14","Morph_31","KB","Play","Grab","Grab.3","Sonso",-0.44628710262842,0.00466252220248668,0.0353019538188277
"931","101397","Action_57","Morph_115","KB","Play","Stompobject","StompObject.1","Sonso",-0.127833371509885,0.0337477797513321,0.0424067495559503
"932","101627","Action_17","Morph_39","KB","Play","Hitobject","HitObject.1","Sonso",-0.328504066972036,0.0430728241563055,0.0559502664298401
"933","101027","Action_8","Morph_19","KB","Play","Dangle","Dangle.1","Sonso",0.65232518603969,0.0484014209591474,0.0484014209591474
"934","101021","Action_8","Morph_19","KB","Play","Dangle","Dangle.1","Sonso",1.11185751541813,0.0484014209591474,0.0484014209591474
"935","101838b","Action_57","Morph_115","KB","Playcontinue","Stompobject","StompObject.1","Sonso",-0.82098055206983,0.0337477797513321,0.0424067495559503
"936","101627","Action_57","Morph_115","KB","Play","Stompobject","StompObject.1","Sonso",-0.385662480811985,0.0337477797513321,0.0424067495559503
"937","101557a","Action_63","Morph_137","KB","Play","Touch","Touch.6","Sonso",0.182321556793955,0.00488454706927176,0.0341918294849023
"938","101330","Action_17","Morph_39","KB","Play","Hitobject","HitObject.1","Sonso",-0.22314355131421,0.0430728241563055,0.0559502664298401
"939","101154a","Action_3","Morph_15","KB","Play","Bite","Bite.7","Sonso",0.336472236621213,0.00133214920071048,0.0168738898756661
"940","101557a","Action_3","Morph_14","KB","Play","Bite","Bite.6","Sonso",1.39624469197306,0.00266429840142096,0.0168738898756661
"941","101557a","Action_8","Morph_19","KB","Play","Dangle","Dangle.1","Sonso",1.93441576962958,0.0484014209591474,0.0484014209591474
"942","102485","Action_55","Morph_116","KB","Play","Stompingobject","StompObject.2","Sonso",0.494696241836107,0.0148756660746004,0.0230905861456483
"943","101397","Action_41","Morph_87","KB","Play","Pull","Pull.4","Sonso",-0.048140375327935,0.00532859680284192,0.0253108348134991
"944","101558a","Action_34","Morph_65","KB","Play","Objectshake","ObjectShake.1","Sonso",1.57691472072854,0.0746003552397869,0.108792184724689
"945","101558a","Action_34","Morph_67","KB","Play","Objectshake","ObjectShake.3","Sonso",0.908258560176891,0.0022202486678508,0.108792184724689
"946","102271","Action_15","Morph_35","KB","Play","Grabhold","GrabHold.1","Sonso",1.73695123273306,0.00932504440497336,0.0204262877442274
"947","102271","Action_20","Morph_49","KB","Play","Hitother","HitOther.5","Sonso",0,0.00599467140319716,0.0404085257548845
"948","102271","Action_20","Morph_49","KB","Play","Hitother","HitOther.5","Sonso",-0.27443684570176,0.00599467140319716,0.0404085257548845
"949","101327","Action_9","Morph_20","KB","Play","Dangleshake","DangleShake.1","Sonso",1.45395300959371,0.00710479573712256,0.00710479573712256
"950","101984","Action_64","Morph_135","KB","Play","Touchlongother","Touch.4","Sonso",1.99605993274078,0.00488454706927176,0.0175399644760213
"951","101458","Action_8","Morph_19","KB","Play","Dangle","Dangle.1","Sonso",0.470003629245736,0.0484014209591474,0.0484014209591474
"952","101286","Action_9","Morph_20","KB","Play","Dangleshake","DangleShake.1","Sonso",3.0521126069901,0.00710479573712256,0.00710479573712256
"953","101286","Action_34","Morph_65","KB","Play","Objectshake","ObjectShake.1","Sonso",0.955511445027436,0.0746003552397869,0.108792184724689
"954","101714","Action_41","Morph_87","KB","Play","Pull","Pull.4","Sonso",0.934523500135215,0.00532859680284192,0.0253108348134991
"955","101756","Action_2","Morph_3","KB","Groom","Bigloudscratch","BigLoudScratch.1","Sonso",1.04380405217311,0.0215364120781528,0.0577264653641208
"956","101756","Action_15","Morph_35","KB","Groom","Grabhold","GrabHold.1","Sonso",2.53369681395743,0.00932504440497336,0.0204262877442274
"957","101714","Action_41","Morph_86","KB","Play","Pull","Pull.3","Sonso",0.391366183728663,0.00510657193605684,0.0253108348134991
"958","101714","Action_41","Morph_87","KB","Play","Pull","Pull.4","Sonso",-0.338273858567841,0.00532859680284192,0.0253108348134991
"959","101295","Action_20","Morph_46","KB","Play","Hitother","HitOther.2","Sonso",0.364643113587909,0.00932504440497336,0.0404085257548845
"960","101756","Action_2","Morph_4","KB","Groom","Bigloudscratch","BigLoudScratch.2","Sonso",0.824175442966349,0.019316163410302,0.0577264653641208
"961","100321","Action_45","Morph_101","KB","Climbonyou","Reach","Reach.2","Sonso",0.542324290825362,0.0370781527531083,0.0801509769094138
"962","100326","Action_43","Morph_96","KB","Givemenurse","Raise","Raise.1","Sonso",0.418710334858185,0.00865896980461812,0.0113232682060391
"963","101458","Action_8","Morph_19","KB","Play","Dangle","Dangle.1","Sonso",0.494696241836107,0.0484014209591474,0.0484014209591474
"964","101286","Action_60","Morph_127","KB","Play","Swing","Swing.1","Sonso",0.470003629245736,0.0428507992895204,0.0475133214920071
"965","101395","Action_43","Morph_98","KB","Givemenurse","Raise","Raise.3","Sonso",0.631271776841858,0.00177619893428064,0.0113232682060391
"966","101458","Action_56","Morph_123","KB","Play","Stompingother","StompOther.2","Sonso",-0.0408219945202552,0.00244227353463588,0.00266429840142096
"967","101714","Action_41","Morph_87","KB","Play","Pull","Pull.4","Sonso",0.0788111804242898,0.00532859680284192,0.0253108348134991
"968","101714","Action_23","Morph_47","KB","Play","Hittingother","HitOther.3","Sonso",0.712949807856125,0.00843694493783304,0.0157637655417407
"969","101458","Action_19","Morph_39","KB","Play","Hitobjectother","HitObject.1","Sonso",-0.579818495252942,0.0430728241563055,0.00088809946714032
"970","101286","Action_60","Morph_128","KB","Play","Swing","Swing.2","Sonso",0.609765571620894,0.00310834813499112,0.0475133214920071
"971","100943","Action_63","Morph_135","KB","Giveme","Touch","Touch.4","Sonso",1.12492959698548,0.00488454706927176,0.0341918294849023
"972","101164","Action_14","Morph_29","KB","Play","Grab","Grab.1","Sonso",0.631271776841858,0.00821492007104796,0.0353019538188277
"973","101396","Action_23","Morph_48","KB","Play","Hittingother","HitOther.4","Sonso",0,0.00732682060390764,0.0157637655417407
"974","101714","Action_41","Morph_87","KB","Play","Pull","Pull.4","Sonso",-0.205794912979597,0.00532859680284192,0.0253108348134991
"975","102027","Action_42","Morph_91","KB","Giveme","Push","Push.4","Sonso",1.17557332980424,0.00932504440497336,0.0466252220248668
"976","100109b","Action_45","Morph_100","KB","Climbonyou","Reach","Reach.1","Sonso",0.0769610411361284,0.0408525754884547,0.0801509769094138
"977","101396","Action_23","Morph_48","KB","Play","Hittingother","HitOther.4","Sonso",0.65232518603969,0.00732682060390764,0.0157637655417407
"978","101396","Action_20","Morph_45","KB","Play","Hitother","HitOther.1","Sonso",-0.328504066972036,0.0202042628774423,0.0404085257548845
"979","101458","Action_8","Morph_19","KB","Play","Dangle","Dangle.1","Sonso",0.672944473242426,0.0484014209591474,0.0484014209591474
"980","101396","Action_23","Morph_48","KB","Play","Hittingother","HitOther.4","Sonso",0.336472236621213,0.00732682060390764,0.0157637655417407
"981","101458","Action_20","Morph_50","KB","Play","Hitother","HitOther.6","Sonso",-1.02165124753198,0.00488454706927176,0.0404085257548845
"982","101286","Action_9","Morph_20","KB","Play","Dangleshake","DangleShake.1","Sonso",2.24918431626693,0.00710479573712256,0.00710479573712256
"983","101458","Action_8","Morph_19","KB","Play","Dangle","Dangle.1","Sonso",0.246860077931526,0.0484014209591474,0.0484014209591474
"984","101295","Action_20","Morph_46","KB","Play","Hitother","HitOther.2","Sonso",0.27763173659828,0.00932504440497336,0.0404085257548845
"985","101714","Action_41","Morph_87","KB","Play","Pull","Pull.4","Sonso",-0.0294288106908122,0.00532859680284192,0.0253108348134991
"986","101458","Action_23","Morph_48","KB","Play","Hittingother","HitOther.4","Sonso",-0.7339691750802,0.00732682060390764,0.0157637655417407
"987","101714","Action_41","Morph_87","KB","Play","Pull","Pull.4","Sonso",0.29416103854949,0.00532859680284192,0.0253108348134991
"988","101458","Action_64","Morph_133","KB","Play","Touchlongother","Touch.2","Sonso",2.04898233419513,0.00754884547069272,0.0175399644760213
"989","101286","Action_8","Morph_19","KB","Play","Dangle","Dangle.1","Sonso",1.65632149833295,0.0484014209591474,0.0484014209591474
"990","101714","Action_23","Morph_48","KB","Play","Hittingother","HitOther.4","Sonso",0.806475865866949,0.00732682060390764,0.0157637655417407
"991","101458","Action_32","Morph_60","KB","Play","Objectmouth","ObjectMouth.1","Sonso",2.02287119019144,0.00466252220248668,0.00466252220248668
"992","100943","Action_42","Morph_91","KB","Giveme","Push","Push.4","Sonso",1.37624402526639,0.00932504440497336,0.0466252220248668
"993","101385","Action_60","Morph_127","KB","Play","Swing","Swing.1","Sonso",-0.328504066972036,0.0428507992895204,0.0475133214920071
"994","101280","Action_8","Morph_19","KB","Play","Dangle","Dangle.1","Sonso",0.89199803930511,0.0484014209591474,0.0484014209591474
"995","101714","Action_63","Morph_137","KB","Play","Touch","Touch.6","Sonso",1.05779029414785,0.00488454706927176,0.0341918294849023
"996","101458","Action_8","Morph_19","KB","Play","Dangle","Dangle.1","Sonso",1.64865862558738,0.0484014209591474,0.0484014209591474
"997","101518","Action_55","Morph_116","KB","Play","Stompingobject","StompObject.2","Sonso",0.587786664902119,0.0148756660746004,0.0230905861456483
"998","101714","Action_41","Morph_87","KB","Play","Pull","Pull.4","Sonso",-0.346724613085564,0.00532859680284192,0.0253108348134991
"999","101984","Action_63","Morph_137","KB","Play","Touch","Touch.6","Sonso",1.05779029414785,0.00488454706927176,0.0341918294849023
"1000","102027","Action_45","Morph_101","KB","Giveme","Reach","Reach.2","Sonso",0.587786664902119,0.0370781527531083,0.0801509769094138
"1001","101714","Action_41","Morph_87","KB","Play","Pull","Pull.4","Sonso",0.281412459438185,0.00532859680284192,0.0253108348134991
"1002","100338","Action_43","Morph_96","KB","Affiliation","Raise","Raise.1","Sonso",0.113328685307003,0.00865896980461812,0.0113232682060391
"1003","102027","Action_42","Morph_91","KB","Giveme","Push","Push.4","Sonso",1.43508452528932,0.00932504440497336,0.0466252220248668
"1004","101715","Action_17","Morph_39","KB","Playcontinue","Hitobject","HitObject.1","Sonso",-0.127833371509885,0.0430728241563055,0.0559502664298401
"1005","101780","Action_60","Morph_127","KB","Play","Swing","Swing.1","Sonso",0,0.0428507992895204,0.0475133214920071
"1006","101196","Action_8","Morph_19","KB","Play","Dangle","Dangle.1","Sonso",0.841567185678219,0.0484014209591474,0.0484014209591474
"1007","101773","Action_45","Morph_100","KB","Play","Reach","Reach.1","Sonso",1.56861591791385,0.0408525754884547,0.0801509769094138
"1008","101831","Action_33","Morph_61","KB","Play","Objectmove","ObjectMove.1","Sonso",0.751416088683921,0.0317495559502664,0.0406305506216696
"1009","101780","Action_8","Morph_19","KB","Play","Dangle","Dangle.1","Sonso",-0.22314355131421,0.0484014209591474,0.0484014209591474
"1010","101831","Action_14","Morph_30","KB","Play","Grab","Grab.2","Sonso",-0.083381608939051,0.00799289520426288,0.0353019538188277
"1011","101773","Action_45","Morph_100","KB","Play","Reach","Reach.1","Sonso",1.56861591791385,0.0408525754884547,0.0801509769094138
"1012","101773","Action_52","Morph_112","KB","Play","Spinroulade","SpinRoulade.1","Sonso",0.542324290825362,0.00488454706927176,0.00488454706927176
"1013","102320","Action_51","Morph_111","KB","Playcontinue","Spinpirouette","SpinPirouette.1","Sonso",0.215111379616945,0.00133214920071048,0.00133214920071048
"1014","101017","Action_63","Morph_135","KB","Play","Touch","Touch.4","Sonso",0.181487876045377,0.00488454706927176,0.0341918294849023
"1015","101024","Action_3","Morph_14","KB","Play","Bite","Bite.6","Sonso",0.78845736036427,0.00266429840142096,0.0168738898756661
"1016","101621","Action_57","Morph_115","KB","Play","Stompobject","StompObject.1","Sonso",-0.653926467406664,0.0337477797513321,0.0424067495559503
"1017","101621","Action_57","Morph_120","KB","Play","Stompobject","StompObject.6","Sonso",-0.510825623765991,0.00133214920071048,0.0424067495559503
"1018","100770","Action_34","Morph_65","KB","Play","Objectshake","ObjectShake.1","Sonso",0.364643113587909,0.0746003552397869,0.108792184724689
"1019","100770","Action_34","Morph_66","KB","Play","Objectshake","ObjectShake.2","Sonso",1.35583515363518,0.0237566607460036,0.108792184724689
"1020","101929b","Action_16","Morph_38","KB","Play","Headstand","HeadStand.1","Sonso",0.712949807856125,0.0066607460035524,0.0066607460035524
"1021","102481","Action_63","Morph_137","KB","Play","Touch","Touch.6","Sonso",-0.0408219945202552,0.00488454706927176,0.0341918294849023
"1022","102481","Action_63","Morph_137","KB","Play","Touch","Touch.6","Sonso",0.336472236621213,0.00488454706927176,0.0341918294849023
"1023","101679","Action_57","Morph_115","KB","Play","Stompobject","StompObject.1","Sonso",-0.579818495252942,0.0337477797513321,0.0424067495559503
"1024","100770","Action_17","Morph_39","KB","Play","Hitobject","HitObject.1","Sonso",-0.0408219945202552,0.0430728241563055,0.0559502664298401
"1025","100770","Action_34","Morph_66","KB","Play","Objectshake","ObjectShake.2","Sonso",0.712949807856125,0.0237566607460036,0.108792184724689
"1026","100770","Action_17","Morph_39","KB","Play","Hitobject","HitObject.1","Sonso",-0.510825623765991,0.0430728241563055,0.0559502664298401
"1027","100770","Action_34","Morph_66","KB","Play","Objectshake","ObjectShake.2","Sonso",-0.44628710262842,0.0237566607460036,0.108792184724689
"1028","100770","Action_34","Morph_65","KB","Play","Objectshake","ObjectShake.1","Sonso",-0.510825623765991,0.0746003552397869,0.108792184724689
"1029","100770","Action_17","Morph_39","KB","Play","Hitobject","HitObject.1","Sonso",-0.0408219945202552,0.0430728241563055,0.0559502664298401
"1030","100770","Action_20","Morph_46","KB","Play","Hitother","HitOther.2","Sonso",-0.174353387144778,0.00932504440497336,0.0404085257548845
"1031","101204","Action_55","Morph_117","KB","Play","Stompingobject","StompObject.3","Sonso",0.841567185678219,0.00688277087033748,0.0230905861456483
"1032","101519","Action_57","Morph_115","KB","Play","Stompobject","StompObject.1","Sonso",-0.579818495252942,0.0337477797513321,0.0424067495559503
"1033","101316","Action_21","Morph_43","KB","Play","Hittingobject","HitObject.5","Sonso",0,0.0044404973357016,0.00799289520426288
"1034","101519","Action_21","Morph_43","KB","Play","Hittingobject","HitObject.5","Sonso",-0.127833371509885,0.0044404973357016,0.00799289520426288
"1035","101519","Action_57","Morph_115","KB","Play","Stompobject","StompObject.1","Sonso",-0.328504066972036,0.0337477797513321,0.0424067495559503
"1036","101204","Action_17","Morph_39","KB","Play","Hitobject","HitObject.1","Sonso",-0.385662480811985,0.0430728241563055,0.0559502664298401
"1037","101204","Action_57","Morph_115","KB","Play","Stompobject","StompObject.1","Sonso",-0.653926467406664,0.0337477797513321,0.0424067495559503
"1038","101205","Action_57","Morph_115","KB","Play","Stompobject","StompObject.1","Sonso",-0.22314355131421,0.0337477797513321,0.0424067495559503
"1039","101205","Action_21","Morph_42","KB","Play","Hittingobject","HitObject.4","Sonso",-0.127833371509885,0.00599467140319716,0.00799289520426288
"1040","101198","Action_8","Morph_19","KB","Play","Dangle","Dangle.1","Sonso",1.00063188030791,0.0484014209591474,0.0484014209591474
"1041","101513","Action_60","Morph_127","KB","Play","Swing","Swing.1","Sonso",0.246860077931526,0.0428507992895204,0.0475133214920071
"1042","101520","Action_20","Morph_45","KB","Play","Hitother","HitOther.1","Sonso",-0.653926467406664,0.0202042628774423,0.0404085257548845
"1043","101521","Action_15","Morph_37","KB","Play","Grabhold","GrabHold.3","Sonso",1.44456326924387,0.00532859680284192,0.0204262877442274
"1044","101521","Action_3","Morph_15","KB","Play","Bite","Bite.7","Sonso",1.11185751541813,0.00133214920071048,0.0168738898756661
"1045","101520","Action_3","Morph_15","KB","Play","Bite","Bite.7","Sonso",0.56531380905006,0.00133214920071048,0.0168738898756661
"1046","101520","Action_15","Morph_35","KB","Play","Grabhold","GrabHold.1","Sonso",1.86872051036418,0.00932504440497336,0.0204262877442274
"1047","101832","Action_52","Morph_112","KB","Play","Spinroulade","SpinRoulade.1","Sonso",1.05779029414785,0.00488454706927176,0.00488454706927176
"1048","101832","Action_25","Morph_52","KB","Play","Kickpunch","KickPunch.1","Sonso",-1.03282454813011,0.0022202486678508,0.0022202486678508
"1049","101832","Action_53","Morph_113","KB","Play","Spinsomersault","SpinSomersault.1","Sonso",1.28093384546206,0.00799289520426288,0.00799289520426288
"1050","101398","Action_20","Morph_45","KB","Play","Hitother","HitOther.1","Sonso",-0.328504066972036,0.0202042628774423,0.0404085257548845
"1051","101513","Action_9","Morph_20","KB","Play","Dangleshake","DangleShake.1","Sonso",1.21194097397511,0.00710479573712256,0.00710479573712256
"1052","101832","Action_25","Morph_52","KB","Play","Kickpunch","KickPunch.1","Sonso",-1.03282454813011,0.0022202486678508,0.0022202486678508
"1053","101513","Action_8","Morph_19","KB","Play","Dangle","Dangle.1","Sonso",1.18784342239605,0.0484014209591474,0.0484014209591474
"1054","101832","Action_25","Morph_52","KB","Play","Kickpunch","KickPunch.1","Sonso",-1.03282454813011,0.0022202486678508,0.0022202486678508
"1055","101529a","Action_8","Morph_19","KB","Play","Dangle","Dangle.1","Sonso",1.40609698841607,0.0484014209591474,0.0484014209591474
"1056","101521","Action_23","Morph_48","KB","Play","Hittingother","HitOther.4","Sonso",1.67147330335355,0.00732682060390764,0.0157637655417407
"1057","101520","Action_57","Morph_115","KB","Play","Stompobject","StompObject.1","Sonso",-0.127833371509885,0.0337477797513321,0.0424067495559503
"1058","101520","Action_3","Morph_15","KB","Play","Bite","Bite.7","Sonso",-0.22314355131421,0.00133214920071048,0.0168738898756661
"1059","101520","Action_20","Morph_45","KB","Play","Hitother","HitOther.1","Sonso",-0.22314355131421,0.0202042628774423,0.0404085257548845
"1060","100370","Action_37","Morph_74","KB","Play","Poke","Poke.1","Sonso",1.85629799036563,0.00266429840142096,0.00266429840142096
"1061","100370","Action_45","Morph_101","KB","Play","Reach","Reach.2","Sonso",0.751416088683921,0.0370781527531083,0.0801509769094138
"1062","100370","Action_8","Morph_19","KB","Play","Dangle","Dangle.1","Sonso",2.73436750941958,0.0484014209591474,0.0484014209591474
"1063","100370","Action_23","Morph_47","KB","Play","Hittingother","HitOther.3","Sonso",0.841567185678219,0.00843694493783304,0.0157637655417407
"1064","101751","Action_34","Morph_66","KB","Playcontinue","Objectshake","ObjectShake.2","Sonso",1.17557332980424,0.0237566607460036,0.108792184724689
"1065","102300","Action_8","Morph_19","KB","Play","Dangle","Dangle.1","Sonso",0.494696241836107,0.0484014209591474,0.0484014209591474
"1066","102302","Action_8","Morph_19","KB","Playcontinue","Dangle","Dangle.1","Sonso",-0.385662480811985,0.0484014209591474,0.0484014209591474
"1067","102301","Action_8","Morph_19","KB","Playcontinue","Dangle","Dangle.1","Sonso",-0.127833371509885,0.0484014209591474,0.0484014209591474
"1068","102151","Action_8","Morph_19","KB","Play","Dangle","Dangle.1","Sonso",0.587786664902119,0.0484014209591474,0.0484014209591474
"1069","101452","Action_20","Morph_45","KB","Play","Hitother","HitOther.1","Sonso",-0.7339691750802,0.0202042628774423,0.0404085257548845
"1070","101455b","Action_60","Morph_127","KB","Play","Swing","Swing.1","Sonso",0.712949807856125,0.0428507992895204,0.0475133214920071
"1071","101452","Action_9","Morph_20","KB","Play","Dangleshake","DangleShake.1","Sonso",0.732367893713227,0.00710479573712256,0.00710479573712256
"1072","101455b","Action_8","Morph_19","KB","Play","Dangle","Dangle.1","Sonso",0.924258901523332,0.0484014209591474,0.0484014209591474
"1073","100148","Action_48","Morph_104","KB","Play","Rollover","RollOver.1","Sonso",1.60140574073684,0.00621669626998224,0.00621669626998224
"1074","101575","Action_8","Morph_19","KB","Play","Dangle","Dangle.1","Sonso",1.35583515363518,0.0484014209591474,0.0484014209591474
"1075","101574","Action_8","Morph_19","KB","Playcontinue","Dangle","Dangle.1","Sonso",0.732367893713227,0.0484014209591474,0.0484014209591474
"1076","101575","Action_63","Morph_137","KB","Play","Touch","Touch.6","Sonso",1.39624469197306,0.00488454706927176,0.0341918294849023
"1077","101575","Action_63","Morph_137","KB","Play","Touch","Touch.6","Sonso",0.824175442966349,0.00488454706927176,0.0341918294849023
"1078","100757","Action_61","Morph_130","KB","Play","Throwobject","ThrowObject.1","Sonso",0.587786664902119,0.00244227353463588,0.00244227353463588
"1079","101406","Action_20","Morph_45","KC","Play","Hitother","HitOther.1","Sonso",-0.27443684570176,0.0202042628774423,0.0404085257548845
"1080","101407","Action_34","Morph_65","KC","Play","Objectshake","ObjectShake.1","Sonso",2.90799335924598,0.0746003552397869,0.108792184724689
"1081","101406","Action_15","Morph_35","KC","Play","Grabhold","GrabHold.1","Sonso",1.73695123273306,0.00932504440497336,0.0204262877442274
"1082","100466b","Action_33","Morph_61","KC","Play","Objectmove","ObjectMove.1","Sonso",1.29198368164865,0.0317495559502664,0.0406305506216696
"1083","101239","Action_60","Morph_127","KC","Play","Swing","Swing.1","Sonso",0.470003629245736,0.0428507992895204,0.0475133214920071
"1084","101376","Action_60","Morph_127","KC","Play","Swing","Swing.1","Sonso",1.04380405217311,0.0428507992895204,0.0475133214920071
"1085","101239","Action_15","Morph_35","KC","Play","Grabhold","GrabHold.1","Sonso",1.88706964903238,0.00932504440497336,0.0204262877442274
"1086","101239","Action_9","Morph_20","KC","Play","Dangleshake","DangleShake.1","Sonso",2.59525470695687,0.00710479573712256,0.00710479573712256
"1087","101241","Action_8","Morph_19","KC","Playcontinue","Dangle","Dangle.1","Sonso",0.215111379616945,0.0484014209591474,0.0484014209591474
"1088","102457","Action_34","Morph_65","KC","Play","Objectshake","ObjectShake.1","Sonso",1.40609698841607,0.0746003552397869,0.108792184724689
"1089","102457","Action_14","Morph_29","KC","Play","Grab","Grab.1","Sonso",-0.653926467406664,0.00821492007104796,0.0353019538188277
"1090","102455","Action_20","Morph_49","KC","Play","Hitother","HitOther.5","Sonso",0.215111379616945,0.00599467140319716,0.0404085257548845
"1091","102449","Action_60","Morph_127","KC","Play","Swing","Swing.1","Sonso",0.444685821261446,0.0428507992895204,0.0475133214920071
"1092","102086","Action_45","Morph_100","KC","Play","Reach","Reach.1","Sonso",1.49962304642689,0.0408525754884547,0.0801509769094138
"1093","102085","Action_45","Morph_100","KC","Play","Reach","Reach.1","Sonso",0.940007258491471,0.0408525754884547,0.0801509769094138
"1094","102085","Action_43","Morph_96","KC","Play","Raise","Raise.1","Sonso",0.78845736036427,0.00865896980461812,0.0113232682060391
"1095","100738a","Action_63","Morph_138","KC","Play","Touch","Touch.7","Sonso",0.518793793415168,0.0044404973357016,0.0341918294849023
"1096","100259a","Action_39","Morph_83","KC","Affiliation","Presentgenitalsbackwards","PresentGenitals.2","Sonso",0.65232518603969,0.00577264653641208,0.033303730017762
"1097","102324a","Action_23","Morph_48","KC","Play","Hittingother","HitOther.4","Sonso",0.182321556793955,0.00732682060390764,0.0157637655417407
"1098","102324a","Action_20","Morph_45","KC","Play","Hitother","HitOther.1","Sonso",-0.82098055206983,0.0202042628774423,0.0404085257548845
"1099","102324a","Action_20","Morph_45","KC","Play","Hitother","HitOther.1","Sonso",-0.083381608939051,0.0202042628774423,0.0404085257548845
"1100","100294","Action_45","Morph_101","KC","Staysame","Reach","Reach.2","Sonso",-0.328504066972036,0.0370781527531083,0.0801509769094138
"1101","101586","Action_8","Morph_19","KC","Play","Dangle","Dangle.1","Sonso",0.940007258491471,0.0484014209591474,0.0484014209591474
"1102","101590","Action_33","Morph_61","KC","Play","Objectmove","ObjectMove.1","Sonso",0.27763173659828,0.0317495559502664,0.0406305506216696
"1103","101938","Action_8","Morph_19","KC","Play","Dangle","Dangle.1","Sonso",0.609765571620894,0.0484014209591474,0.0484014209591474
"1104","101590","Action_33","Morph_61","KC","Play","Objectmove","ObjectMove.1","Sonso",0,0.0317495559502664,0.0406305506216696
"1105","101939","Action_26","Morph_53","KC","Play","Knockobject","KnockObject.1","Sonso",-0.916290731874155,0.00133214920071048,0.0011101243339254
"1106","101939","Action_55","Morph_116","KC","Play","Stompingobject","StompObject.2","Sonso",0.246860077931526,0.0148756660746004,0.0230905861456483
"1107","101939","Action_43","Morph_96","KC","Play","Raise","Raise.1","Sonso",0.0392207131532813,0.00865896980461812,0.0113232682060391
"1108","101814b","Action_17","Morph_40","KC","Play","Hitobject","HitObject.2","Sonso",-0.916290731874155,0.0119893428063943,0.0559502664298401
"1109","101528","Action_57","Morph_115","KC","Play","Stompobject","StompObject.1","Sonso",-0.7339691750802,0.0337477797513321,0.0424067495559503
"1110","101528","Action_57","Morph_115","KC","Play","Stompobject","StompObject.1","Sonso",-0.7339691750802,0.0337477797513321,0.0424067495559503
"1111","101527a","Action_57","Morph_118","KC","Play","Stompobject","StompObject.4","Sonso",-0.916290731874155,0.005550621669627,0.0424067495559503
"1112","101527a","Action_55","Morph_116","KC","Play","Stompingobject","StompObject.2","Sonso",0.246860077931526,0.0148756660746004,0.0230905861456483
"1113","101523b","Action_57","Morph_115","KC","Play","Stompobject","StompObject.1","Sonso",-0.7339691750802,0.0337477797513321,0.0424067495559503
"1114","101527a","Action_57","Morph_118","KC","Play","Stompobject","StompObject.4","Sonso",-0.916290731874155,0.005550621669627,0.0424067495559503
"1115","101528","Action_17","Morph_39","KC","Play","Hitobject","HitObject.1","Sonso",-0.916290731874155,0.0430728241563055,0.0559502664298401
"1116","101527a","Action_17","Morph_40","KC","Play","Hitobject","HitObject.2","Sonso",-0.82098055206983,0.0119893428063943,0.0559502664298401
"1117","101527a","Action_17","Morph_40","KC","Play","Hitobject","HitObject.2","Sonso",-0.579818495252942,0.0119893428063943,0.0559502664298401
"1118","101527a","Action_17","Morph_39","KC","Play","Hitobject","HitObject.1","Sonso",-0.22314355131421,0.0430728241563055,0.0559502664298401
"1119","101527a","Action_55","Morph_116","KC","Play","Stompingobject","StompObject.2","Sonso",-0.0408219945202552,0.0148756660746004,0.0230905861456483
"1120","101527a","Action_57","Morph_118","KC","Play","Stompobject","StompObject.4","Sonso",-0.82098055206983,0.005550621669627,0.0424067495559503
"1121","101527a","Action_55","Morph_116","KC","Play","Stompingobject","StompObject.2","Sonso",0.246860077931526,0.0148756660746004,0.0230905861456483
"1122","101527a","Action_17","Morph_40","KC","Play","Hitobject","HitObject.2","Sonso",-0.7339691750802,0.0119893428063943,0.0559502664298401
"1123","101527a","Action_21","Morph_42","KC","Play","Hittingobject","HitObject.4","Sonso",-0.27443684570176,0.00599467140319716,0.00799289520426288
"1124","101523b","Action_57","Morph_115","KC","Play","Stompobject","StompObject.1","Sonso",-0.27443684570176,0.0337477797513321,0.0424067495559503
"1125","101527a","Action_55","Morph_116","KC","Play","Stompingobject","StompObject.2","Sonso",0.770108221696074,0.0148756660746004,0.0230905861456483
"1126","101527a","Action_57","Morph_118","KC","Play","Stompobject","StompObject.4","Sonso",-0.579818495252942,0.005550621669627,0.0424067495559503
"1127","102475","Action_34","Morph_65","KC","Play","Objectshake","ObjectShake.1","Sonso",1.83098018238134,0.0746003552397869,0.108792184724689
"1128","101527a","Action_17","Morph_39","KC","Play","Hitobject","HitObject.1","Sonso",-0.27443684570176,0.0430728241563055,0.0559502664298401
"1129","102009","Action_57","Morph_115","KC","Play","Stompobject","StompObject.1","Sonso",-0.174353387144778,0.0337477797513321,0.0424067495559503
"1130","102046","Action_21","Morph_44","KC","Play","Hittingobject","HitObject.6","Sonso",0.307484699747961,0.00155417406749556,0.00799289520426288
"1131","102010","Action_41","Morph_87","KC","Play","Pull","Pull.4","Sonso",0.470003629245736,0.00532859680284192,0.0253108348134991
"1132","102009","Action_57","Morph_115","KC","Play","Stompobject","StompObject.1","Sonso",-0.385662480811985,0.0337477797513321,0.0424067495559503
"1133","102224","Action_33","Morph_61","KC","Play","Objectmove","ObjectMove.1","Sonso",0.418710334858185,0.0317495559502664,0.0406305506216696
"1134","102040","Action_14","Morph_30","KC","Stopbehaviour","Grab","Grab.2","Sonso",0.65232518603969,0.00799289520426288,0.0353019538188277
"1135","102042","Action_14","Morph_30","KC","Play","Grab","Grab.2","Sonso",0.940007258491471,0.00799289520426288,0.0353019538188277
"1136","102009","Action_20","Morph_49","KC","Play","Hitother","HitOther.5","Sonso",-0.22314355131421,0.00599467140319716,0.0404085257548845
"1137","102010","Action_15","Morph_37","KC","Play","Grabhold","GrabHold.3","Sonso",2.09924416897602,0.00532859680284192,0.0204262877442274
"1138","102009","Action_34","Morph_65","KC","Play","Objectshake","ObjectShake.1","Sonso",1.11185751541813,0.0746003552397869,0.108792184724689
"1139","102009","Action_57","Morph_115","KC","Play","Stompobject","StompObject.1","Sonso",0.336472236621213,0.0337477797513321,0.0424067495559503
"1140","102010","Action_8","Morph_19","KC","Play","Dangle","Dangle.1","Sonso",0.985816794522765,0.0484014209591474,0.0484014209591474
"1141","102223a","Action_33","Morph_62","KC","Play","Objectmove","ObjectMove.2","Sonso",0.770108221696074,0.00643872113676732,0.0406305506216696
"1142","102223a","Action_55","Morph_117","KC","Play","Stompingobject","StompObject.3","Sonso",0.444685821261446,0.00688277087033748,0.0230905861456483
"1143","102046","Action_8","Morph_19","KC","Play","Dangle","Dangle.1","Sonso",2.57108434602905,0.0484014209591474,0.0484014209591474
"1144","102228","Action_29","Morph_58","KC","Play","Locomotegallop","LocomoteGallop.1","Sonso",1.16315080980568,0.00821492007104796,0.00821492007104796
"1145","101918","Action_41","Morph_87","KC","Travel","Pull","Pull.4","Sonso",0.494696241836107,0.00532859680284192,0.0253108348134991
"1146","101918","Action_41","Morph_87","KC","Travel","Pull","Pull.4","Sonso",0.364643113587909,0.00532859680284192,0.0253108348134991
"1147","102317","Action_41","Morph_87","KC","Climbonyou","Pull","Pull.4","Sonso",0.770108221696074,0.00532859680284192,0.0253108348134991
"1148","100371","Action_41","Morph_84","KC","Climbonyou","Pull","Pull.1","Sonso",0.246860077931526,0.00821492007104796,0.0253108348134991
"1149","100739","Action_2","Morph_3","KC","Givemenurse","Bigloudscratch","BigLoudScratch.1","Sonso",2.19722457733622,0.0215364120781528,0.0577264653641208
"1150","100371","Action_41","Morph_84","KC","Climbonyou","Pull","Pull.1","Sonso",0.732367893713227,0.00821492007104796,0.0253108348134991
"1151","100371","Action_15","Morph_35","KC","Climbonyou","Grabhold","GrabHold.1","Sonso",2.32630161961136,0.00932504440497336,0.0204262877442274
"1152","101644","Action_17","Morph_39","KC","Play","Hitobject","HitObject.1","Sonso",-0.385662480811985,0.0430728241563055,0.0559502664298401
"1153","101918","Action_41","Morph_87","KC","Travel","Pull","Pull.4","Sonso",0.494696241836107,0.00532859680284192,0.0253108348134991
"1154","100187","Action_2","Morph_4","KC","Travel","Bigloudscratch","BigLoudScratch.2","Sonso",0.841567185678219,0.019316163410302,0.0577264653641208
"1155","101935","Action_45","Morph_100","KC","Climbonyou","Reach","Reach.1","Sonso",1.38629436111989,0.0408525754884547,0.0801509769094138
"1156","101644","Action_60","Morph_127","KC","Play","Swing","Swing.1","Sonso",-0.174353387144778,0.0428507992895204,0.0475133214920071
"1157","101644","Action_57","Morph_115","KC","Play","Stompobject","StompObject.1","Sonso",-0.27443684570176,0.0337477797513321,0.0424067495559503
"1158","100030","Action_41","Morph_87","KC","Climbonyou","Pull","Pull.4","Sonso",0.672944473242426,0.00532859680284192,0.0253108348134991
"1159","101644","Action_14","Morph_31","KC","Play","Grab","Grab.3","Sonso",-0.174353387144778,0.00466252220248668,0.0353019538188277
"1160","101646","Action_8","Morph_19","KC","Play","Dangle","Dangle.1","Sonso",0.824175442966349,0.0484014209591474,0.0484014209591474
"1161","101645","Action_8","Morph_19","KC","Play","Dangle","Dangle.1","Sonso",0.0769610411361284,0.0484014209591474,0.0484014209591474
"1162","100187","Action_41","Morph_87","KC","Travel","Pull","Pull.4","Sonso",0.908258560176891,0.00532859680284192,0.0253108348134991
"1163","101644","Action_8","Morph_19","KC","Play","Dangle","Dangle.1","Sonso",-0.174353387144778,0.0484014209591474,0.0484014209591474
"1164","100279","Action_42","Morph_91","KC","Position","Push","Push.4","Sonso",0.806475865866949,0.00932504440497336,0.0466252220248668
"1165","101918","Action_42","Morph_94","KC","Travel","Push","Push.7","Sonso",-0.579818495252942,0.00288632326820604,0.0466252220248668
"1166","101644","Action_8","Morph_19","KC","Play","Dangle","Dangle.1","Sonso",1.24703229378638,0.0484014209591474,0.0484014209591474
"1167","101918","Action_41","Morph_87","KC","Travel","Pull","Pull.4","Sonso",-0.579818495252942,0.00532859680284192,0.0253108348134991
"1168","100371","Action_63","Morph_132","KC","Climbonyou","Touch","Touch.1","Sonso",-0.22314355131421,0.0104351687388988,0.0341918294849023
"1169","100371","Action_41","Morph_84","KC","Climbonyou","Pull","Pull.1","Sonso",0.732367893713227,0.00821492007104796,0.0253108348134991
"1170","101918","Action_42","Morph_94","KC","Travel","Push","Push.7","Sonso",-0.653926467406664,0.00288632326820604,0.0466252220248668
"1171","101644","Action_55","Morph_116","KC","Play","Stompingobject","StompObject.2","Sonso",0.148420005118273,0.0148756660746004,0.0230905861456483
"1172","101918","Action_41","Morph_87","KC","Travel","Pull","Pull.4","Sonso",0.113328685307003,0.00532859680284192,0.0253108348134991
"1173","102210","Action_41","Morph_86","KC","Position","Pull","Pull.3","Sonso",0.148420005118273,0.00510657193605684,0.0253108348134991
"1174","101645","Action_55","Morph_116","KC","Play","Stompingobject","StompObject.2","Sonso",-0.82098055206983,0.0148756660746004,0.0230905861456483
"1175","100464","Action_15","Morph_37","KC","Play","Grabhold","GrabHold.3","Sonso",2.07442899985629,0.00532859680284192,0.0204262877442274
"1176","101858","Action_8","Morph_19","KC","Play","Dangle","Dangle.1","Sonso",-0.127833371509885,0.0484014209591474,0.0484014209591474
"1177","102261","Action_29","Morph_58","KC","Play","Locomotegallop","LocomoteGallop.1","Sonso",1.07158361628019,0.00821492007104796,0.00821492007104796
"1178","102091","Action_38","Morph_80","KC","Groom","Present","Present.6","Sonso",0.518793793415168,0.00155417406749556,0.0492895204262877
"1179","102261","Action_61","Morph_130","KC","Play","Throwobject","ThrowObject.1","Sonso",-0.510825623765991,0.00244227353463588,0.00244227353463588
"1180","102091","Action_2","Morph_5","KC","Groom","Bigloudscratch","BigLoudScratch.3","Sonso",1.18784342239605,0.0119893428063943,0.0577264653641208
"1181","101413a","Action_17","Morph_40","KC","Play","Hitobject","HitObject.2","Sonso",0,0.0119893428063943,0.0559502664298401
"1182","102264","Action_20","Morph_50","KC","Play","Hitother","HitOther.6","Sonso",-0.82098055206983,0.00488454706927176,0.0404085257548845
"1183","101413a","Action_17","Morph_40","KC","Play","Hitobject","HitObject.2","Sonso",-0.385662480811985,0.0119893428063943,0.0559502664298401
"1184","101859","Action_57","Morph_115","KC","Play","Stompobject","StompObject.1","Sonso",-0.328504066972036,0.0337477797513321,0.0424067495559503
"1185","102261","Action_57","Morph_118","KC","Play","Stompobject","StompObject.4","Sonso",-0.385662480811985,0.005550621669627,0.0424067495559503
"1186","100464","Action_3","Morph_13","KC","Play","Bite","Bite.5","Sonso",1.29198368164865,0.0011101243339254,0.0168738898756661
"1187","102227","Action_14","Morph_30","KC","Play","Grab","Grab.2","Sonso",0,0.00799289520426288,0.0353019538188277
"1188","102227","Action_29","Morph_58","KC","Play","Locomotegallop","LocomoteGallop.1","Sonso",1.17557332980424,0.00821492007104796,0.00821492007104796
"1189","101354","Action_34","Morph_66","KC","Play","Objectshake","ObjectShake.2","Sonso",1.35583515363518,0.0237566607460036,0.108792184724689
"1190","102226","Action_60","Morph_127","KC","Moveclose","Swing","Swing.1","Sonso",-0.174353387144778,0.0428507992895204,0.0475133214920071
"1191","102226","Action_55","Morph_116","KC","Moveclose","Stompingobject","StompObject.2","Sonso",0.246860077931526,0.0148756660746004,0.0230905861456483
"1192","102043","Action_20","Morph_49","KC","Play","Hitother","HitOther.5","Sonso",0.246860077931526,0.00599467140319716,0.0404085257548845
"1193","102043","Action_20","Morph_49","KC","Play","Hitother","HitOther.5","Sonso",-0.22314355131421,0.00599467140319716,0.0404085257548845
"1194","100475","Action_57","Morph_118","KC","Play","Stompobject","StompObject.4","Sonso",-0.579818495252942,0.005550621669627,0.0424067495559503
"1195","100475","Action_55","Morph_117","KC","Play","Stompingobject","StompObject.3","Sonso",0.8754687373539,0.00688277087033748,0.0230905861456483
"1196","101860a","Action_11","Morph_22","KC","Play","Embrace","Embrace.1","Sonso",1.41585316336144,0.00288632326820604,0.005550621669627
"1197","101860a","Action_56","Morph_123","KC","Play","Stompingother","StompOther.2","Sonso",0.712949807856125,0.00244227353463588,0.00266429840142096
"1198","101860a","Action_3","Morph_9","KC","Play","Bite","Bite.1","Sonso",1.78507048107726,0.0044404973357016,0.0168738898756661
"1199","101860a","Action_23","Morph_48","KC","Play","Hittingother","HitOther.4","Sonso",1.08518926833597,0.00732682060390764,0.0157637655417407
"1200","101860a","Action_23","Morph_48","KC","Play","Hittingother","HitOther.4","Sonso",0.712949807856125,0.00732682060390764,0.0157637655417407
"1201","101860a","Action_20","Morph_49","KC","Play","Hitother","HitOther.5","Sonso",-0.22314355131421,0.00599467140319716,0.0404085257548845
"1202","101860a","Action_56","Morph_123","KC","Play","Stompingother","StompOther.2","Sonso",0.908258560176891,0.00244227353463588,0.00266429840142096
"1203","102025","Action_14","Morph_34","KC","Play","Grab","Grab.6","Sonso",0.824175442966349,0.00355239786856128,0.0353019538188277
"1204","101860a","Action_58","Morph_122","KC","Play","Stompother","StompOther.1","Sonso",-0.27443684570176,0.00244227353463588,0.00377442273534636
"1205","101860a","Action_23","Morph_48","KC","Play","Hittingother","HitOther.4","Sonso",0.89199803930511,0.00732682060390764,0.0157637655417407
"1206","102217","Action_45","Morph_100","KC","Takeobject","Reach","Reach.1","Sonso",1.38629436111989,0.0408525754884547,0.0801509769094138
"1207","101860a","Action_20","Morph_46","KC","Play","Hitother","HitOther.2","Sonso",0,0.00932504440497336,0.0404085257548845
"1208","101382","Action_23","Morph_48","KC","Play","Hittingother","HitOther.4","Sonso",2.21920348405499,0.00732682060390764,0.0157637655417407
"1209","102018","Action_23","Morph_47","KC","Play","Hittingother","HitOther.3","Sonso",1.1999647829284,0.00843694493783304,0.0157637655417407
"1210","102018","Action_3","Morph_9","KC","Play","Bite","Bite.1","Sonso",0.364643113587909,0.0044404973357016,0.0168738898756661
"1211","101381","Action_15","Morph_37","KC","Play","Grabhold","GrabHold.3","Sonso",2.2321626286975,0.00532859680284192,0.0204262877442274
"1212","101647","Action_23","Morph_48","KC","Play","Hittingother","HitOther.4","Sonso",1.07158361628019,0.00732682060390764,0.0157637655417407
"1213","101380","Action_56","Morph_123","KC","Play","Stompingother","StompOther.2","Sonso",0.631271776841858,0.00244227353463588,0.00266429840142096
"1214","101378","Action_15","Morph_36","KC","Play","Grabhold","GrabHold.2","Sonso",1.54329810992956,0.005550621669627,0.0204262877442274
"1215","102017","Action_3","Morph_9","KC","Play","Bite","Bite.1","Sonso",1.25846098961001,0.0044404973357016,0.0168738898756661
"1216","101643","Action_8","Morph_19","KC","Play","Dangle","Dangle.1","Sonso",1.31372366828506,0.0484014209591474,0.0484014209591474
"1217","101381","Action_15","Morph_37","KC","Play","Grabhold","GrabHold.3","Sonso",1.86252854011626,0.00532859680284192,0.0204262877442274
"1218","101381","Action_15","Morph_36","KC","Play","Grabhold","GrabHold.2","Sonso",1.68639895357023,0.005550621669627,0.0204262877442274
"1219","102017","Action_15","Morph_37","KC","Play","Grabhold","GrabHold.3","Sonso",2.08442908319087,0.00532859680284192,0.0204262877442274
"1220","101381","Action_3","Morph_16","KC","Play","Bite","Bite.8","Sonso",1.42551507427317,0.00288632326820604,0.0168738898756661
"1221","102017","Action_20","Morph_49","KC","Play","Hitother","HitOther.5","Sonso",-0.27443684570176,0.00599467140319716,0.0404085257548845
"1222","102018","Action_15","Morph_35","KC","Play","Grabhold","GrabHold.1","Sonso",2.21484617868604,0.00932504440497336,0.0204262877442274
"1223","101380","Action_8","Morph_19","KC","Play","Dangle","Dangle.1","Sonso",1.83098018238134,0.0484014209591474,0.0484014209591474
"1224","101380","Action_60","Morph_127","KC","Play","Swing","Swing.1","Sonso",0.970778917158225,0.0428507992895204,0.0475133214920071
"1225","101381","Action_3","Morph_16","KC","Play","Bite","Bite.8","Sonso",0.672944473242426,0.00288632326820604,0.0168738898756661
"1226","102017","Action_11","Morph_22","KC","Play","Embrace","Embrace.1","Sonso",1.01523067972906,0.00288632326820604,0.005550621669627
"1227","102262b","Action_8","Morph_19","KC","Play","Dangle","Dangle.1","Sonso",1.50851199384414,0.0484014209591474,0.0484014209591474
"1228","101692","Action_8","Morph_19","KC","Play","Dangle","Dangle.1","Sonso",1.08518926833597,0.0484014209591474,0.0484014209591474
"1229","101583b","Action_61","Morph_130","KC","Play","Throwobject","ThrowObject.1","Sonso",0.392042087776024,0.00244227353463588,0.00244227353463588
"1230","101583b","Action_18","Morph_39","KC","Play","Hitobjectobject","HitObject.1","Sonso",-0.0408219945202552,0.0430728241563055,0.00466252220248668
"1231","101642","Action_45","Morph_100","KC","Playcontinue","Reach","Reach.1","Sonso",2.00148000021012,0.0408525754884547,0.0801509769094138
"1232","101649","Action_20","Morph_46","KC","Play","Hitother","HitOther.2","Sonso",0,0.00932504440497336,0.0404085257548845
"1233","101512","Action_8","Morph_19","KC","Play","Dangle","Dangle.1","Sonso",2.60712428251225,0.0484014209591474,0.0484014209591474
"1234","101583b","Action_57","Morph_115","KC","Play","Stompobject","StompObject.1","Sonso",-0.579818495252942,0.0337477797513321,0.0424067495559503
"1235","101512","Action_20","Morph_50","KC","Play","Hitother","HitOther.6","Sonso",0.418710334858185,0.00488454706927176,0.0404085257548845
"1236","101692","Action_55","Morph_116","KC","Play","Stompingobject","StompObject.2","Sonso",-0.579818495252942,0.0148756660746004,0.0230905861456483
"1237","100485","Action_9","Morph_20","KC","Play","Dangleshake","DangleShake.1","Sonso",2.2321626286975,0.00710479573712256,0.00710479573712256
"1238","101583b","Action_8","Morph_19","KC","Play","Dangle","Dangle.1","Sonso",1.52605630349505,0.0484014209591474,0.0484014209591474
"1239","101640b","Action_8","Morph_19","KC","Play","Dangle","Dangle.1","Sonso",0.751416088683921,0.0484014209591474,0.0484014209591474
"1240","100355b","Action_43","Morph_96","KC","Play","Raise","Raise.1","Sonso",0.152721087017664,0.00865896980461812,0.0113232682060391
"1241","101583b","Action_57","Morph_120","KC","Play","Stompobject","StompObject.6","Sonso",-0.0408219945202552,0.00133214920071048,0.0424067495559503
"1242","101692","Action_55","Morph_116","KC","Play","Stompingobject","StompObject.2","Sonso",-0.385662480811985,0.0148756660746004,0.0230905861456483
"1243","101737b","Action_57","Morph_115","KC","Play","Stompobject","StompObject.1","Sonso",-0.510825623765991,0.0337477797513321,0.0424067495559503
"1244","101692","Action_34","Morph_66","KC","Play","Objectshake","ObjectShake.2","Sonso",0.246860077931526,0.0237566607460036,0.108792184724689
"1245","101916","Action_43","Morph_96","KC","Play","Raise","Raise.1","Sonso",-0.385662480811985,0.00865896980461812,0.0113232682060391
"1246","100824","Action_14","Morph_32","KC","Play","Grab","Grab.4","Sonso",-0.127833371509885,0.00754884547069272,0.0353019538188277
"1247","100821","Action_45","Morph_101","KC","Play","Reach","Reach.2","Sonso",1.22377543162212,0.0370781527531083,0.0801509769094138
"1248","102020","Action_25","Morph_52","KC","Play","Kickpunch","KickPunch.1","Sonso",0.470003629245736,0.0022202486678508,0.0022202486678508
"1249","102024","Action_15","Morph_35","KC","Play","Grabhold","GrabHold.1","Sonso",1.49065437644413,0.00932504440497336,0.0204262877442274
"1250","101591b","Action_20","Morph_49","KC","Play","Hitother","HitOther.5","Sonso",-0.127833371509885,0.00599467140319716,0.0404085257548845
"1251","100175","Action_20","Morph_49","KC","Stopbehaviour","Hitother","HitOther.5","Sonso",-0.653926467406664,0.00599467140319716,0.0404085257548845
"1252","101862","Action_23","Morph_48","KC","Play","Hittingother","HitOther.4","Sonso",0.470003629245736,0.00732682060390764,0.0157637655417407
"1253","101865","Action_20","Morph_49","KC","Play","Hitother","HitOther.5","Sonso",0.113328685307003,0.00599467140319716,0.0404085257548845
"1254","101862","Action_23","Morph_47","KC","Play","Hittingother","HitOther.3","Sonso",0.751416088683921,0.00843694493783304,0.0157637655417407
"1255","101862","Action_23","Morph_48","KC","Play","Hittingother","HitOther.4","Sonso",0.806475865866949,0.00732682060390764,0.0157637655417407
"1256","101862","Action_20","Morph_49","KC","Play","Hitother","HitOther.5","Sonso",-0.385662480811985,0.00599467140319716,0.0404085257548845
"1257","101862","Action_20","Morph_49","KC","Play","Hitother","HitOther.5","Sonso",-0.579818495252942,0.00599467140319716,0.0404085257548845
"1258","101862","Action_14","Morph_29","KC","Play","Grab","Grab.1","Sonso",1.25846098961001,0.00821492007104796,0.0353019538188277
"1259","101865","Action_20","Morph_46","KC","Play","Hitother","HitOther.2","Sonso",-0.579818495252942,0.00932504440497336,0.0404085257548845
"1260","101864","Action_20","Morph_49","KC","Play","Hitother","HitOther.5","Sonso",-0.22314355131421,0.00599467140319716,0.0404085257548845
"1261","101864","Action_23","Morph_48","KC","Play","Hittingother","HitOther.4","Sonso",0.841567185678219,0.00732682060390764,0.0157637655417407
"1262","101865","Action_20","Morph_46","KC","Play","Hitother","HitOther.2","Sonso",-0.510825623765991,0.00932504440497336,0.0404085257548845
"1263","100269b","Action_3","Morph_13","KC","Affiliation","Bite","Bite.5","Sonso",-0.0408219945202552,0.0011101243339254,0.0168738898756661
"1264","101914","Action_57","Morph_118","KC","Play","Stompobject","StompObject.4","Sonso",-0.328504066972036,0.005550621669627,0.0424067495559503
"1265","101550","Action_8","Morph_19","KC","Play","Dangle","Dangle.1","Sonso",1.30291275218084,0.0484014209591474,0.0484014209591474
"1266","101914","Action_43","Morph_96","KC","Play","Raise","Raise.1","Sonso",-0.385662480811985,0.00865896980461812,0.0113232682060391
"1267","102327a","Action_14","Morph_34","KC","Play","Grab","Grab.6","Sonso",0.89199803930511,0.00355239786856128,0.0353019538188277
"1268","101914","Action_20","Morph_45","KC","Play","Hitother","HitOther.1","Sonso",-0.127833371509885,0.0202042628774423,0.0404085257548845
"1269","101345","Action_14","Morph_29","KC","Play","Grab","Grab.1","Sonso",-0.0408219945202552,0.00821492007104796,0.0353019538188277
"1270","101942","Action_8","Morph_19","KC","Play","Dangle","Dangle.1","Sonso",2.53369681395743,0.0484014209591474,0.0484014209591474
"1271","101673","Action_14","Morph_30","KC","Play","Grab","Grab.2","Sonso",-0.22314355131421,0.00799289520426288,0.0353019538188277
"1272","101942","Action_14","Morph_32","KC","Play","Grab","Grab.4","Sonso",0.587786664902119,0.00754884547069272,0.0353019538188277
"1273","101348a","Action_20","Morph_46","KC","Playcontinue","Hitother","HitOther.2","Sonso",-0.27443684570176,0.00932504440497336,0.0404085257548845
"1274","101942","Action_58","Morph_122","KC","Play","Stompother","StompOther.1","Sonso",-0.44628710262842,0.00244227353463588,0.00377442273534636
"1275","101347","Action_33","Morph_61","KC","Play","Objectmove","ObjectMove.1","Sonso",0.182321556793955,0.0317495559502664,0.0406305506216696
"1276","101345","Action_23","Morph_48","KC","Play","Hittingother","HitOther.4","Sonso",1.04380405217311,0.00732682060390764,0.0157637655417407
"1277","101942","Action_15","Morph_35","KC","Play","Grabhold","GrabHold.1","Sonso",1.44456326924387,0.00932504440497336,0.0204262877442274
"1278","101942","Action_60","Morph_127","KC","Play","Swing","Swing.1","Sonso",0.182321556793955,0.0428507992895204,0.0475133214920071
"1279","101942","Action_8","Morph_19","KC","Play","Dangle","Dangle.1","Sonso",1.67896397508271,0.0484014209591474,0.0484014209591474
"1280","101942","Action_58","Morph_122","KC","Play","Stompother","StompOther.1","Sonso",-0.27443684570176,0.00244227353463588,0.00377442273534636
"1281","101810","Action_63","Morph_139","KC","Play","Touch","Touch.8","Sonso",0.631271776841858,0.00577264653641208,0.0341918294849023
"1282","101668","Action_39","Morph_82","KE","Sexualattention","Presentgenitalsbackwards","PresentGenitals.1","Sonso",0.824175442966349,0.0295293072824156,0.033303730017762
"1283","100945","Action_45","Morph_101","KE","Affiliation","Reach","Reach.2","Sonso",1.13783300182139,0.0370781527531083,0.0801509769094138
"1284","100863a","Action_45","Morph_101","KG","Affiliation","Reach","Reach.2","Sonso",0.78845736036427,0.0370781527531083,0.0801509769094138
"1285","101667a","Action_45","Morph_100","KG","Support","Reach","Reach.1","Sonso",-0.7339691750802,0.0408525754884547,0.0801509769094138
"1286","100709","Action_42","Morph_88","KG","Moveclose","Push","Push.1","Sonso",1.56024766824333,0.0106571936056838,0.0466252220248668
"1287","101665b","Action_39","Morph_83","KG","Affiliation","Presentgenitalsbackwards","PresentGenitals.2","Sonso",0.587786664902119,0.00577264653641208,0.033303730017762
"1288","101666","Action_45","Morph_100","KG","Staysame","Reach","Reach.1","Sonso",0.631271776841858,0.0408525754884547,0.0801509769094138
"1289","100112","Action_45","Morph_100","KH","Play","Reach","Reach.1","Sonso",0,0.0408525754884547,0.0801509769094138
"1290","100112","Action_14","Morph_32","KH","Play","Grab","Grab.4","Sonso",0.494696241836107,0.00754884547069272,0.0353019538188277
"1291","102041","Action_59","Morph_124","KH","Play","Stroke","Stroke.1","Sonso",0.307484699747961,0.0011101243339254,0.00377442273534636
"1292","102223b","Action_11","Morph_22","KH","Affiliation","Embrace","Embrace.1","Sonso",2.12345842709661,0.00288632326820604,0.005550621669627
"1293","102053","Action_8","Morph_19","KH","Play","Dangle","Dangle.1","Sonso",0.0392207131532813,0.0484014209591474,0.0484014209591474
"1294","102045","Action_8","Morph_19","KH","Play","Dangle","Dangle.1","Sonso",1.02961941718116,0.0484014209591474,0.0484014209591474
"1295","102045","Action_8","Morph_19","KH","Play","Dangle","Dangle.1","Sonso",1.51732262352629,0.0484014209591474,0.0484014209591474
"1296","102135","Action_17","Morph_41","KH","Play","Hitobject","HitObject.3","Sonso",-0.653926467406664,0.00510657193605684,0.0559502664298401
"1297","102135","Action_21","Morph_42","KH","Play","Hittingobject","HitObject.4","Sonso",-0.174353387144778,0.00599467140319716,0.00799289520426288
"1298","102135","Action_55","Morph_116","KH","Play","Stompingobject","StompObject.2","Sonso",-0.083381608939051,0.0148756660746004,0.0230905861456483
"1299","102135","Action_21","Morph_42","KH","Play","Hittingobject","HitObject.4","Sonso",-0.579818495252942,0.00599467140319716,0.00799289520426288
"1300","102124","Action_45","Morph_100","KH","Playcontinue","Reach","Reach.1","Sonso",-0.22314355131421,0.0408525754884547,0.0801509769094138
"1301","102119","Action_3","Morph_16","KH","Play","Bite","Bite.8","Sonso",0.858661619037519,0.00288632326820604,0.0168738898756661
"1302","102124","Action_17","Morph_41","KH","Playcontinue","Hitobject","HitObject.3","Sonso",-0.22314355131421,0.00510657193605684,0.0559502664298401
"1303","102123","Action_21","Morph_44","KH","Playcontinue","Hittingobject","HitObject.6","Sonso",1.09861228866811,0.00155417406749556,0.00799289520426288
"1304","102123","Action_20","Morph_45","KH","Playcontinue","Hitother","HitOther.1","Sonso",-0.127833371509885,0.0202042628774423,0.0404085257548845
"1305","102123","Action_17","Morph_41","KH","Playcontinue","Hitobject","HitObject.3","Sonso",-0.083381608939051,0.00510657193605684,0.0559502664298401
"1306","100809ap1","Action_60","Morph_127","KI","Play","Swing","Swing.1","Sonso",1.11185751541813,0.0428507992895204,0.0475133214920071
"1307","100810","Action_8","Morph_19","KI","Playcontinue","Dangle","Dangle.1","Sonso",2.82849635417808,0.0484014209591474,0.0484014209591474
"1308","100810","Action_17","Morph_39","KI","Playcontinue","Hitobject","HitObject.1","Sonso",0.246860077931526,0.0430728241563055,0.0559502664298401
"1309","100708","Action_9","Morph_20","KI","Play","Dangleshake","DangleShake.1","Sonso",1.49962304642689,0.00710479573712256,0.00710479573712256
"1310","100708","Action_34","Morph_65","KI","Play","Objectshake","ObjectShake.1","Sonso",1.25846098961001,0.0746003552397869,0.108792184724689
"1311","102289b","Action_38","Morph_77","KL","Directattention","Present","Present.3","Sonso",1.34547236659964,0.00466252220248668,0.0492895204262877
"1312","102295","Action_2","Morph_3","KL","Groom","Bigloudscratch","BigLoudScratch.1","Sonso",0.494696241836107,0.0215364120781528,0.0577264653641208
"1313","102295","Action_38","Morph_76","KL","Groom","Present","Present.2","Sonso",0.307484699747961,0.0135435168738899,0.0492895204262877
"1314","101851","Action_42","Morph_93","KL","Position","Push","Push.6","Sonso",-0.579818495252942,0.0066607460035524,0.0466252220248668
"1315","102287","Action_42","Morph_92","KL","Position","Push","Push.5","Sonso",-0.083381608939051,0.0066607460035524,0.0466252220248668
"1316","100295","Action_3","Morph_12","KL","Staysame","Bite","Bite.4","Sonso",0.858661619037519,0.00177619893428064,0.0168738898756661
"1317","101934","Action_14","Morph_29","KL","Stopbehaviour","Grab","Grab.1","Sonso",-0.127833371509885,0.00821492007104796,0.0353019538188277
"1318","101934","Action_20","Morph_45","KL","Stopbehaviour","Hitother","HitOther.1","Sonso",-0.82098055206983,0.0202042628774423,0.0404085257548845
"1319","101934","Action_17","Morph_39","KL","Stopbehaviour","Hitobject","HitObject.1","Sonso",-0.510825623765991,0.0430728241563055,0.0559502664298401
"1320","101934","Action_14","Morph_29","KL","Stopbehaviour","Grab","Grab.1","Sonso",0.494696241836107,0.00821492007104796,0.0353019538188277
"1321","101372","Action_63","Morph_132","KL","Play","Touch","Touch.1","Sonso",0.148420005118273,0.0104351687388988,0.0341918294849023
"1322","101372","Action_63","Morph_132","KL","Play","Touch","Touch.1","Sonso",0.8754687373539,0.0104351687388988,0.0341918294849023
"1323","101944","Action_38","Morph_76","KL","Climbonme","Present","Present.2","Sonso",0.392042087776024,0.0135435168738899,0.0492895204262877
"1324","100432","Action_64","Morph_132","KL","Moveclose","Touchlongother","Touch.1","Sonso",1.17557332980424,0.0104351687388988,0.0175399644760213
"1325","101936","Action_63","Morph_137","KL","Climbonme","Touch","Touch.6","Sonso",0.858661619037519,0.00488454706927176,0.0341918294849023
"1326","101796","Action_38","Morph_76","KL","Climbonme","Present","Present.2","Sonso",0.27763173659828,0.0135435168738899,0.0492895204262877
"1327","101824","Action_38","Morph_75","KL","Climbonme","Present","Present.1","Sonso",1.04380405217311,0.0170959147424512,0.0492895204262877
"1328","101372","Action_63","Morph_132","KL","Play","Touch","Touch.1","Sonso",0.518793793415168,0.0104351687388988,0.0341918294849023
"1329","100432","Action_64","Morph_132","KL","Moveclose","Touchlongother","Touch.1","Sonso",1.68639895357023,0.0104351687388988,0.0175399644760213
"1330","100432","Action_64","Morph_132","KL","Moveclose","Touchlongother","Touch.1","Sonso",1.49962304642689,0.0104351687388988,0.0175399644760213
"1331","102451","Action_45","Morph_100","KL","Play","Reach","Reach.1","Sonso",0.985816794522765,0.0408525754884547,0.0801509769094138
"1332","102446","Action_38","Morph_75","KL","Climbonme","Present","Present.1","Sonso",0.89199803930511,0.0170959147424512,0.0492895204262877
"1333","100574","Action_14","Morph_29","KL","Climbonme","Grab","Grab.1","Sonso",1.30291275218084,0.00821492007104796,0.0353019538188277
"1334","101605","Action_45","Morph_100","KL","Climbonme","Reach","Reach.1","Sonso",0.542324290825362,0.0408525754884547,0.0801509769094138
"1335","101585","Action_15","Morph_36","KL","Play","Grabhold","GrabHold.2","Sonso",1.86252854011626,0.005550621669627,0.0204262877442274
"1336","102083","Action_42","Morph_93","KL","Climbonme","Push","Push.6","Sonso",-0.083381608939051,0.0066607460035524,0.0466252220248668
"1337","101227","Action_45","Morph_100","KL","Climbonme","Reach","Reach.1","Sonso",0.307484699747961,0.0408525754884547,0.0801509769094138
"1338","101824","Action_38","Morph_75","KL","Climbonme","Present","Present.1","Sonso",1.3244189574018,0.0170959147424512,0.0492895204262877
"1339","101948","Action_42","Morph_88","KL","Climbonme","Push","Push.1","Sonso",1.64865862558738,0.0106571936056838,0.0466252220248668
"1340","101936","Action_38","Morph_76","KL","Climbonme","Present","Present.2","Sonso",2.07442899985629,0.0135435168738899,0.0492895204262877
"1341","101344","Action_38","Morph_76","KL","Climbonme","Present","Present.2","Sonso",1.93441576962958,0.0135435168738899,0.0492895204262877
"1342","101796","Action_42","Morph_88","KL","Climbonme","Push","Push.1","Sonso",0.0769610411361284,0.0106571936056838,0.0466252220248668
"1343","101824","Action_42","Morph_91","KL","Climbonme","Push","Push.4","Sonso",0.8754687373539,0.00932504440497336,0.0466252220248668
"1344","101948","Action_42","Morph_88","KL","Climbonme","Push","Push.1","Sonso",0.65232518603969,0.0106571936056838,0.0466252220248668
"1345","102451","Action_15","Morph_36","KL","Play","Grabhold","GrabHold.2","Sonso",1.69377906086785,0.005550621669627,0.0204262877442274
"1346","102310","Action_2","Morph_4","KL","Travel","Bigloudscratch","BigLoudScratch.2","Sonso",1.26976054486394,0.019316163410302,0.0577264653641208
"1347","101948","Action_42","Morph_88","KL","Climbonme","Push","Push.1","Sonso",0.65232518603969,0.0106571936056838,0.0466252220248668
"1348","101412","Action_38","Morph_75","KL","Climbonme","Present","Present.1","Sonso",0.78845736036427,0.0170959147424512,0.0492895204262877
"1349","102299","Action_2","Morph_5","KL","Groom","Bigloudscratch","BigLoudScratch.3","Sonso",0.392042087776024,0.0119893428063943,0.0577264653641208
"1350","100740","Action_2","Morph_5","KL","Directattention","Bigloudscratch","BigLoudScratch.3","Sonso",0.494696241836107,0.0119893428063943,0.0577264653641208
"1351","100816","Action_42","Morph_93","KL","Position","Push","Push.6","Sonso",0.8754687373539,0.0066607460035524,0.0466252220248668
"1352","100737a","Action_2","Morph_5","KL","Groom","Bigloudscratch","BigLoudScratch.3","Sonso",1.23547147138531,0.0119893428063943,0.0577264653641208
"1353","101383","Action_42","Morph_93","KL","Position","Push","Push.6","Sonso",0.924258901523332,0.0066607460035524,0.0466252220248668
"1354","100740","Action_38","Morph_75","KL","Directattention","Present","Present.1","Sonso",1.11185751541813,0.0170959147424512,0.0492895204262877
"1355","100008","Action_39","Morph_82","KL","Sexualattention","Presentgenitalsbackwards","PresentGenitals.1","Sonso",1.11185751541813,0.0295293072824156,0.033303730017762
"1356","101987","Action_39","Morph_82","KL","Sexualattention","Presentgenitalsbackwards","PresentGenitals.1","Sonso",1.1999647829284,0.0295293072824156,0.033303730017762
"1357","100724","Action_2","Morph_3","KL","Groom","Bigloudscratch","BigLoudScratch.1","Sonso",1.68639895357023,0.0215364120781528,0.0577264653641208
"1358","101650","Action_34","Morph_65","KL","Moveaway","Objectshake","ObjectShake.1","Sonso",-0.328504066972036,0.0746003552397869,0.108792184724689
"1359","100176b","Action_2","Morph_6","KL","Travel","Bigloudscratch","BigLoudScratch.4","Sonso",0.78845736036427,0.00421847246891652,0.0577264653641208
"1360","102084","Action_38","Morph_79","KL","Sociosexualattention","Present","Present.5","Sonso",0.824175442966349,0.00688277087033748,0.0492895204262877
"1361","101541","Action_63","Morph_136","KL","Stopbehaviour","Touch","Touch.5","Sonso",0.182321556793955,0.00421847246891652,0.0341918294849023
"1362","100760","Action_13","Morph_27","KL","Stopbehaviour","Fling","Fling.1","Sonso",-0.82098055206983,0.00688277087033748,0.0117673179396092
"1363","101541","Action_15","Morph_35","KL","Stopbehaviour","Grabhold","GrabHold.1","Sonso",1.16315080980568,0.00932504440497336,0.0204262877442274
"1364","100760","Action_13","Morph_28","KL","Stopbehaviour","Fling","Fling.2","Sonso",-0.82098055206983,0.00488454706927176,0.0117673179396092
"1365","100760","Action_13","Morph_28","KL","Stopbehaviour","Fling","Fling.2","Sonso",-0.579818495252942,0.00488454706927176,0.0117673179396092
"1366","101537","Action_63","Morph_137","KL","Stopbehaviour","Touch","Touch.6","Sonso",-0.510825623765991,0.00488454706927176,0.0341918294849023
"1367","102294","Action_38","Morph_79","KM","Directattention","Present","Present.5","Sonso",0.940007258491471,0.00688277087033748,0.0492895204262877
"1368","102213","Action_48","Morph_104","KM","Play","Rollover","RollOver.1","Sonso",1.07158361628019,0.00621669626998224,0.00621669626998224
"1369","102453","Action_60","Morph_127","KM","Playcontinue","Swing","Swing.1","Sonso",-0.083381608939051,0.0428507992895204,0.0475133214920071
"1370","102384","Action_45","Morph_100","KM","Affiliation","Reach","Reach.1","Sonso",0.841567185678219,0.0408525754884547,0.0801509769094138
"1371","102459","Action_45","Morph_101","KM","Play","Reach","Reach.2","Sonso",0.518793793415168,0.0370781527531083,0.0801509769094138
"1372","102458","Action_16","Morph_38","KM","Playcontinue","Headstand","HeadStand.1","Sonso",0.307484699747961,0.0066607460035524,0.0066607460035524
"1373","101090","Action_57","Morph_115","KM","Playcontinue","Stompobject","StompObject.1","Sonso",-0.385662480811985,0.0337477797513321,0.0424067495559503
"1374","101088","Action_8","Morph_19","KM","Play","Dangle","Dangle.1","Sonso",1.01523067972906,0.0484014209591474,0.0484014209591474
"1375","100199","Action_45","Morph_100","KM","Giveme","Reach","Reach.1","Sonso",1.08518926833597,0.0408525754884547,0.0801509769094138
"1376","100199","Action_45","Morph_100","KM","Giveme","Reach","Reach.1","Sonso",0.0769610411361284,0.0408525754884547,0.0801509769094138
"1377","100891a","Action_17","Morph_39","KM","Playcontinue","Hitobject","HitObject.1","Sonso",-0.916290731874155,0.0430728241563055,0.0559502664298401
"1378","100891a","Action_55","Morph_116","KM","Playcontinue","Stompingobject","StompObject.2","Sonso",-0.44628710262842,0.0148756660746004,0.0230905861456483
"1379","101604a","Action_34","Morph_65","KM","Play","Objectshake","ObjectShake.1","Sonso",1.60140574073684,0.0746003552397869,0.108792184724689
"1380","101604a","Action_60","Morph_127","KM","Play","Swing","Swing.1","Sonso",1.89911798754855,0.0428507992895204,0.0475133214920071
"1381","101683a","Action_60","Morph_127","KM","Play","Swing","Swing.1","Sonso",-0.0408219945202552,0.0428507992895204,0.0475133214920071
"1382","100713b","Action_60","Morph_127","KM","Play","Swing","Swing.1","Sonso",0.246860077931526,0.0428507992895204,0.0475133214920071
"1383","102155","Action_45","Morph_100","KM","Play","Reach","Reach.1","Sonso",-1.02165124753198,0.0408525754884547,0.0801509769094138
"1384","102155","Action_45","Morph_100","KM","Play","Reach","Reach.1","Sonso",0.182321556793955,0.0408525754884547,0.0801509769094138
"1385","101341","Action_45","Morph_100","KM","Play","Reach","Reach.1","Sonso",-0.083381608939051,0.0408525754884547,0.0801509769094138
"1386","100813","Action_63","Morph_136","KM","Play","Touch","Touch.5","Sonso",-0.328504066972036,0.00421847246891652,0.0341918294849023
"1387","101823","Action_8","Morph_19","KM","Play","Dangle","Dangle.1","Sonso",1.07158361628019,0.0484014209591474,0.0484014209591474
"1388","100813","Action_63","Morph_136","KM","Play","Touch","Touch.5","Sonso",-0.127833371509885,0.00421847246891652,0.0341918294849023
"1389","102156","Action_15","Morph_36","KM","Play","Grabhold","GrabHold.2","Sonso",1.24703229378638,0.005550621669627,0.0204262877442274
"1390","101413b","Action_45","Morph_101","KM","Play","Reach","Reach.2","Sonso",-0.083381608939051,0.0370781527531083,0.0801509769094138
"1391","100814","Action_15","Morph_36","KM","Play","Grabhold","GrabHold.2","Sonso",2.74212951475507,0.005550621669627,0.0204262877442274
"1392","101823","Action_60","Morph_127","KM","Play","Swing","Swing.1","Sonso",0.0392207131532813,0.0428507992895204,0.0475133214920071
"1393","102092","Action_42","Morph_89","KM","Position","Push","Push.2","Sonso",0.494696241836107,0.00355239786856128,0.0466252220248668
"1394","102026","Action_60","Morph_127","KM","Play","Swing","Swing.1","Sonso",0.246860077931526,0.0428507992895204,0.0475133214920071
"1395","101086","Action_41","Morph_84","KM","Play","Pull","Pull.1","Sonso",0.246860077931526,0.00821492007104796,0.0253108348134991
"1396","102026","Action_41","Morph_86","KM","Play","Pull","Pull.3","Sonso",1.07158361628019,0.00510657193605684,0.0253108348134991
"1397","100813","Action_41","Morph_86","KM","Play","Pull","Pull.3","Sonso",2.21046980408624,0.00510657193605684,0.0253108348134991
"1398","102154","Action_63","Morph_139","KM","Play","Touch","Touch.8","Sonso",0.494696241836107,0.00577264653641208,0.0341918294849023
"1399","100814","Action_41","Morph_85","KM","Play","Pull","Pull.2","Sonso",2.29051251175978,0.00643872113676732,0.0253108348134991
"1400","102221","Action_2","Morph_4","KM","Groom","Bigloudscratch","BigLoudScratch.2","Sonso",0.494696241836107,0.019316163410302,0.0577264653641208
"1401","100735","Action_2","Morph_4","KM","Directattention","Bigloudscratch","BigLoudScratch.2","Sonso",0.841567185678219,0.019316163410302,0.0577264653641208
"1402","102298","Action_2","Morph_4","KM","Groom","Bigloudscratch","BigLoudScratch.2","Sonso",0.924258901523332,0.019316163410302,0.0577264653641208
"1403","100737b","Action_2","Morph_5","KM","Directattention","Bigloudscratch","BigLoudScratch.3","Sonso",0.65232518603969,0.0119893428063943,0.0577264653641208
"1404","101087","Action_45","Morph_101","KM","Giveme","Reach","Reach.2","Sonso",2.69462718077007,0.0370781527531083,0.0801509769094138
"1405","101087","Action_45","Morph_101","KM","Giveme","Reach","Reach.2","Sonso",1.89911798754855,0.0370781527531083,0.0801509769094138
"1406","102298","Action_38","Morph_76","KM","Groom","Present","Present.2","Sonso",0.307484699747961,0.0135435168738899,0.0492895204262877
"1407","101087","Action_63","Morph_138","KM","Giveme","Touch","Touch.7","Sonso",1.17557332980424,0.0044404973357016,0.0341918294849023
"1408","100736","Action_38","Morph_76","KM","Groom","Present","Present.2","Sonso",0.113328685307003,0.0135435168738899,0.0492895204262877
"1409","100710","Action_2","Morph_4","KM","Groom","Bigloudscratch","BigLoudScratch.2","Sonso",0.985816794522765,0.019316163410302,0.0577264653641208
"1410","102221","Action_2","Morph_5","KM","Groom","Bigloudscratch","BigLoudScratch.3","Sonso",0.470003629245736,0.0119893428063943,0.0577264653641208
"1411","101087","Action_45","Morph_101","KM","Giveme","Reach","Reach.2","Sonso",2.9274534328007,0.0370781527531083,0.0801509769094138
"1412","102013","Action_17","Morph_40","KM","Play","Hitobject","HitObject.2","Sonso",-0.653926467406664,0.0119893428063943,0.0559502664298401
"1413","101235","Action_55","Morph_116","KM","Play","Stompingobject","StompObject.2","Sonso",-0.82098055206983,0.0148756660746004,0.0230905861456483
"1414","102160a","Action_17","Morph_39","KM","Play","Hitobject","HitObject.1","Sonso",-0.510825623765991,0.0430728241563055,0.0559502664298401
"1415","101243","Action_34","Morph_65","KM","Playcontinue","Objectshake","ObjectShake.1","Sonso",0.924258901523332,0.0746003552397869,0.108792184724689
"1416","101516","Action_20","Morph_45","KM","Play","Hitother","HitOther.1","Sonso",-0.82098055206983,0.0202042628774423,0.0404085257548845
"1417","101516","Action_57","Morph_115","KM","Play","Stompobject","StompObject.1","Sonso",-0.916290731874155,0.0337477797513321,0.0424067495559503
"1418","101235","Action_17","Morph_39","KM","Play","Hitobject","HitObject.1","Sonso",-0.7339691750802,0.0430728241563055,0.0559502664298401
"1419","101516","Action_8","Morph_19","KM","Play","Dangle","Dangle.1","Sonso",2.19722457733622,0.0484014209591474,0.0484014209591474
"1420","102160a","Action_34","Morph_68","KM","Play","Objectshake","ObjectShake.4","Sonso",-0.127833371509885,0.00288632326820604,0.108792184724689
"1421","101235","Action_33","Morph_61","KM","Play","Objectmove","ObjectMove.1","Sonso",0.336472236621213,0.0317495559502664,0.0406305506216696
"1422","101516","Action_20","Morph_45","KM","Play","Hitother","HitOther.1","Sonso",-0.82098055206983,0.0202042628774423,0.0404085257548845
"1423","102311b","Action_8","Morph_19","KM","Play","Dangle","Dangle.1","Sonso",-0.127833371509885,0.0484014209591474,0.0484014209591474
"1424","101517b","Action_57","Morph_115","KM","Playcontinue","Stompobject","StompObject.1","Sonso",-0.510825623765991,0.0337477797513321,0.0424067495559503
"1425","102311b","Action_33","Morph_61","KM","Play","Objectmove","ObjectMove.1","Sonso",0.336472236621213,0.0317495559502664,0.0406305506216696
"1426","101516","Action_20","Morph_45","KM","Play","Hitother","HitOther.1","Sonso",-1.02165124753198,0.0202042628774423,0.0404085257548845
"1427","101682","Action_57","Morph_115","KM","Play","Stompobject","StompObject.1","Sonso",-0.7339691750802,0.0337477797513321,0.0424067495559503
"1428","102319b","Action_53","Morph_113","KM","Stopbehaviour","Spinsomersault","SpinSomersault.1","Sonso",0.392042087776024,0.00799289520426288,0.00799289520426288
"1429","101517b","Action_57","Morph_115","KM","Playcontinue","Stompobject","StompObject.1","Sonso",-0.22314355131421,0.0337477797513321,0.0424067495559503
"1430","101602","Action_20","Morph_45","KM","Moveaway","Hitother","HitOther.1","Sonso",0,0.0202042628774423,0.0404085257548845
"1431","102396b","Action_60","Morph_127","KM","Stopbehaviour","Swing","Swing.1","Sonso",-0.27443684570176,0.0428507992895204,0.0475133214920071
"1432","101602","Action_60","Morph_127","KM","Moveaway","Swing","Swing.1","Sonso",0.246860077931526,0.0428507992895204,0.0475133214920071
"1433","101602","Action_60","Morph_127","KM","Moveaway","Swing","Swing.1","Sonso",0.27763173659828,0.0428507992895204,0.0475133214920071
"1434","101602","Action_60","Morph_127","KM","Moveaway","Swing","Swing.1","Sonso",0.27763173659828,0.0428507992895204,0.0475133214920071
"1435","102396b","Action_20","Morph_45","KM","Stopbehaviour","Hitother","HitOther.1","Sonso",-0.82098055206983,0.0202042628774423,0.0404085257548845
"1436","101602","Action_17","Morph_39","KM","Moveaway","Hitobject","HitObject.1","Sonso",0.148420005118273,0.0430728241563055,0.0559502664298401
"1437","101602","Action_57","Morph_115","KM","Moveaway","Stompobject","StompObject.1","Sonso",-0.328504066972036,0.0337477797513321,0.0424067495559503
"1438","101687","Action_34","Morph_67","KM","Play","Objectshake","ObjectShake.3","Sonso",0.518793793415168,0.0022202486678508,0.108792184724689
"1439","101602","Action_20","Morph_45","KM","Moveaway","Hitother","HitOther.1","Sonso",-0.82098055206983,0.0202042628774423,0.0404085257548845
"1440","101214a","Action_17","Morph_39","KM","Playcontinue","Hitobject","HitObject.1","Sonso",-0.174353387144778,0.0430728241563055,0.0559502664298401
"1441","101214a","Action_17","Morph_39","KM","Playcontinue","Hitobject","HitObject.1","Sonso",0,0.0430728241563055,0.0559502664298401
"1442","101214a","Action_17","Morph_39","KM","Playcontinue","Hitobject","HitObject.1","Sonso",-0.174353387144778,0.0430728241563055,0.0559502664298401
"1443","102014","Action_13","Morph_27","KM","Moveaway","Fling","Fling.1","Sonso",0.0392207131532813,0.00688277087033748,0.0117673179396092
"1444","100714p1","Action_2","Morph_5","KM","Groom","Bigloudscratch","BigLoudScratch.3","Sonso",0.609765571620894,0.0119893428063943,0.0577264653641208
"1445","100714p2","Action_2","Morph_4","KM","Groom","Bigloudscratch","BigLoudScratch.2","Sonso",1.55180879959746,0.019316163410302,0.0577264653641208
"1446","101450","Action_33","Morph_61","KM","Play","Objectmove","ObjectMove.1","Sonso",-0.22314355131421,0.0317495559502664,0.0406305506216696
"1447","101450","Action_8","Morph_19","KM","Play","Dangle","Dangle.1","Sonso",2.05412373369555,0.0484014209591474,0.0484014209591474
"1448","101992b","Action_45","Morph_101","KM","Play","Reach","Reach.2","Sonso",1.73695123273306,0.0370781527531083,0.0801509769094138
"1449","101993b","Action_15","Morph_35","KM","Play","Grabhold","GrabHold.1","Sonso",2.00148000021012,0.00932504440497336,0.0204262877442274
"1450","101451a","Action_8","Morph_19","KM","Play","Dangle","Dangle.1","Sonso",1.29198368164865,0.0484014209591474,0.0484014209591474
"1451","101450","Action_33","Morph_61","KM","Play","Objectmove","ObjectMove.1","Sonso",-0.174353387144778,0.0317495559502664,0.0406305506216696
"1452","100682","Action_9","Morph_20","KM","Play","Dangleshake","DangleShake.1","Sonso",1.91102289005487,0.00710479573712256,0.00710479573712256
"1453","101990","Action_33","Morph_61","KM","Play","Objectmove","ObjectMove.1","Sonso",0.858661619037519,0.0317495559502664,0.0406305506216696
"1454","101450","Action_60","Morph_127","KM","Play","Swing","Swing.1","Sonso",0.494696241836107,0.0428507992895204,0.0475133214920071
"1455","100524","Action_55","Morph_117","KM","Play","Stompingobject","StompObject.3","Sonso",0.672944473242426,0.00688277087033748,0.0230905861456483
"1456","101175","Action_34","Morph_66","KM","Play","Objectshake","ObjectShake.2","Sonso",0.642905964123199,0.0237566607460036,0.108792184724689
"1457","101993b","Action_53","Morph_113","KM","Play","Spinsomersault","SpinSomersault.1","Sonso",0.824175442966349,0.00799289520426288,0.00799289520426288
"1458","101451a","Action_34","Morph_66","KM","Play","Objectshake","ObjectShake.2","Sonso",1.24703229378638,0.0237566607460036,0.108792184724689
"1459","101175","Action_34","Morph_65","KM","Play","Objectshake","ObjectShake.1","Sonso",0.890357349847651,0.0746003552397869,0.108792184724689
"1460","101175","Action_60","Morph_127","KM","Play","Swing","Swing.1","Sonso",0.0334347760862374,0.0428507992895204,0.0475133214920071
"1461","101451a","Action_34","Morph_66","KM","Play","Objectshake","ObjectShake.2","Sonso",0.985816794522765,0.0237566607460036,0.108792184724689
"1462","101989","Action_33","Morph_61","KM","Play","Objectmove","ObjectMove.1","Sonso",0.364643113587909,0.0317495559502664,0.0406305506216696
"1463","101175","Action_8","Morph_19","KM","Play","Dangle","Dangle.1","Sonso",1.46741341240468,0.0484014209591474,0.0484014209591474
"1464","100524","Action_14","Morph_34","KM","Play","Grab","Grab.6","Sonso",0.418710334858185,0.00355239786856128,0.0353019538188277
"1465","101993b","Action_14","Morph_30","KM","Play","Grab","Grab.2","Sonso",0.732367893713227,0.00799289520426288,0.0353019538188277
"1466","101996","Action_52","Morph_112","KM","Stopbehaviour","Spinroulade","SpinRoulade.1","Sonso",0.65232518603969,0.00488454706927176,0.00488454706927176
"1467","101988","Action_45","Morph_100","KM","Playcontinue","Reach","Reach.1","Sonso",0.56531380905006,0.0408525754884547,0.0801509769094138
"1468","101451a","Action_34","Morph_66","KM","Play","Objectshake","ObjectShake.2","Sonso",0.955511445027436,0.0237566607460036,0.108792184724689
"1469","100427b","Action_20","Morph_45","KM","Play","Hitother","HitOther.1","Sonso",-0.27443684570176,0.0202042628774423,0.0404085257548845
"1470","101175","Action_17","Morph_39","KM","Play","Hitobject","HitObject.1","Sonso",-0.265268477614881,0.0430728241563055,0.0559502664298401
"1471","101451a","Action_34","Morph_66","KM","Play","Objectshake","ObjectShake.2","Sonso",0.470003629245736,0.0237566607460036,0.108792184724689
"1472","101450","Action_34","Morph_65","KM","Play","Objectshake","ObjectShake.1","Sonso",0.470003629245736,0.0746003552397869,0.108792184724689
"1473","102004","Action_17","Morph_41","KM","Play","Hitobject","HitObject.3","Sonso",0.182321556793955,0.00510657193605684,0.0559502664298401
"1474","101175","Action_17","Morph_41","KM","Play","Hitobject","HitObject.3","Sonso",-1.45671682541644,0.00510657193605684,0.0559502664298401
"1475","101451a","Action_34","Morph_66","KM","Play","Objectshake","ObjectShake.2","Sonso",0.336472236621213,0.0237566607460036,0.108792184724689
"1476","101209","Action_57","Morph_115","KM","Play","Stompobject","StompObject.1","Sonso",-0.579818495252942,0.0337477797513321,0.0424067495559503
"1477","101211","Action_55","Morph_116","KM","Play","Stompingobject","StompObject.2","Sonso",0.732367893713227,0.0148756660746004,0.0230905861456483
"1478","101209","Action_55","Morph_116","KM","Play","Stompingobject","StompObject.2","Sonso",0.970778917158225,0.0148756660746004,0.0230905861456483
"1479","101651","Action_17","Morph_40","KM","Play","Hitobject","HitObject.2","Sonso",-0.22314355131421,0.0119893428063943,0.0559502664298401
"1480","101211","Action_21","Morph_42","KM","Play","Hittingobject","HitObject.4","Sonso",-0.7339691750802,0.00599467140319716,0.00799289520426288
"1481","101211","Action_17","Morph_39","KM","Play","Hitobject","HitObject.1","Sonso",-1.02165124753198,0.0430728241563055,0.0559502664298401
"1482","101211","Action_57","Morph_118","KM","Play","Stompobject","StompObject.4","Sonso",-0.44628710262842,0.005550621669627,0.0424067495559503
"1483","100476","Action_55","Morph_117","KM","Moveaway","Stompingobject","StompObject.3","Sonso",0.609765571620894,0.00688277087033748,0.0230905861456483
"1484","101651","Action_18","Morph_40","KM","Play","Hitobjectobject","HitObject.2","Sonso",-0.328504066972036,0.0119893428063943,0.00466252220248668
"1485","100476","Action_55","Morph_117","KM","Moveaway","Stompingobject","StompObject.3","Sonso",0.148420005118273,0.00688277087033748,0.0230905861456483
"1486","100476","Action_55","Morph_117","KM","Moveaway","Stompingobject","StompObject.3","Sonso",-0.22314355131421,0.00688277087033748,0.0230905861456483
"1487","101651","Action_33","Morph_62","KM","Play","Objectmove","ObjectMove.2","Sonso",-0.385662480811985,0.00643872113676732,0.0406305506216696
"1488","101209","Action_21","Morph_42","KM","Play","Hittingobject","HitObject.4","Sonso",-0.82098055206983,0.00599467140319716,0.00799289520426288
"1489","100201","Action_64","Morph_140","KM","Giveme","Touchlongother","Touch.9","Sonso",2.13298230860787,0.00399644760213144,0.0175399644760213
"1490","101212","Action_57","Morph_115","KM","Play","Stompobject","StompObject.1","Sonso",-1.02165124753198,0.0337477797513321,0.0424067495559503
"1491","101212","Action_34","Morph_68","KM","Play","Objectshake","ObjectShake.4","Sonso",0.364643113587909,0.00288632326820604,0.108792184724689
"1492","101212","Action_60","Morph_127","KM","Play","Swing","Swing.1","Sonso",0.113328685307003,0.0428507992895204,0.0475133214920071
"1493","100822","Action_33","Morph_62","KM","Play","Objectmove","ObjectMove.2","Sonso",0.307484699747961,0.00643872113676732,0.0406305506216696
"1494","100823b","Action_52","Morph_112","KM","Play","Spinroulade","SpinRoulade.1","Sonso",0.806475865866949,0.00488454706927176,0.00488454706927176
"1495","101212","Action_60","Morph_127","KM","Play","Swing","Swing.1","Sonso",-0.328504066972036,0.0428507992895204,0.0475133214920071
"1496","101215","Action_18","Morph_40","KM","Play","Hitobjectobject","HitObject.2","Sonso",-0.127833371509885,0.0119893428063943,0.00466252220248668
"1497","101212","Action_17","Morph_39","KM","Play","Hitobject","HitObject.1","Sonso",-0.7339691750802,0.0430728241563055,0.0559502664298401
"1498","101212","Action_33","Morph_61","KM","Play","Objectmove","ObjectMove.1","Sonso",-0.27443684570176,0.0317495559502664,0.0406305506216696
"1499","101212","Action_57","Morph_115","KM","Play","Stompobject","StompObject.1","Sonso",-0.653926467406664,0.0337477797513321,0.0424067495559503
"1500","101212","Action_57","Morph_115","KM","Play","Stompobject","StompObject.1","Sonso",-0.916290731874155,0.0337477797513321,0.0424067495559503
"1501","101212","Action_60","Morph_129","KM","Play","Swing","Swing.3","Sonso",-0.174353387144778,0.0011101243339254,0.0475133214920071
"1502","101212","Action_55","Morph_116","KM","Play","Stompingobject","StompObject.2","Sonso",-0.7339691750802,0.0148756660746004,0.0230905861456483
"1503","101212","Action_50","Morph_110","KM","Play","Shake","Shake.4","Sonso",1.87487437593856,0.00399644760213144,0.0122113676731794
"1504","101212","Action_55","Morph_116","KM","Play","Stompingobject","StompObject.2","Sonso",0.215111379616945,0.0148756660746004,0.0230905861456483
"1505","101212","Action_17","Morph_39","KM","Play","Hitobject","HitObject.1","Sonso",-0.916290731874155,0.0430728241563055,0.0559502664298401
"1506","101212","Action_50","Morph_110","KM","Play","Shake","Shake.4","Sonso",0.841567185678219,0.00399644760213144,0.0122113676731794
"1507","101212","Action_57","Morph_115","KM","Play","Stompobject","StompObject.1","Sonso",-0.579818495252942,0.0337477797513321,0.0424067495559503
"1508","101212","Action_60","Morph_129","KM","Play","Swing","Swing.3","Sonso",0.806475865866949,0.0011101243339254,0.0475133214920071
"1509","101212","Action_16","Morph_38","KM","Play","Headstand","HeadStand.1","Sonso",3.82777145298056,0.0066607460035524,0.0066607460035524
"1510","101212","Action_33","Morph_61","KM","Play","Objectmove","ObjectMove.1","Sonso",-0.22314355131421,0.0317495559502664,0.0406305506216696
"1511","101212","Action_17","Morph_39","KM","Play","Hitobject","HitObject.1","Sonso",-0.579818495252942,0.0430728241563055,0.0559502664298401
"1512","101212","Action_50","Morph_110","KM","Play","Shake","Shake.4","Sonso",-0.0408219945202552,0.00399644760213144,0.0122113676731794
"1513","101212","Action_16","Morph_38","KM","Play","Headstand","HeadStand.1","Sonso",1.77155676191054,0.0066607460035524,0.0066607460035524
"1514","101212","Action_50","Morph_110","KM","Play","Shake","Shake.4","Sonso",2.27006190128849,0.00399644760213144,0.0122113676731794
"1515","101215","Action_55","Morph_116","KM","Play","Stompingobject","StompObject.2","Sonso",-0.328504066972036,0.0148756660746004,0.0230905861456483
"1516","100828","Action_52","Morph_112","KM","Stopbehaviour","Spinroulade","SpinRoulade.1","Sonso",1.00063188030791,0.00488454706927176,0.00488454706927176
"1517","100822","Action_53","Morph_113","KM","Play","Spinsomersault","SpinSomersault.1","Sonso",0.824175442966349,0.00799289520426288,0.00799289520426288
"1518","101212","Action_60","Morph_127","KM","Play","Swing","Swing.1","Sonso",0.0769610411361284,0.0428507992895204,0.0475133214920071
"1519","101212","Action_17","Morph_42","KM","Play","Hitobject","HitObject.4","Sonso",-0.82098055206983,0.00599467140319716,0.0559502664298401
"1520","101212","Action_60","Morph_129","KM","Play","Swing","Swing.3","Sonso",-0.27443684570176,0.0011101243339254,0.0475133214920071
"1521","101212","Action_57","Morph_115","KM","Play","Stompobject","StompObject.1","Sonso",-0.44628710262842,0.0337477797513321,0.0424067495559503
"1522","100822","Action_57","Morph_119","KM","Play","Stompobject","StompObject.5","Sonso",-0.328504066972036,0.00155417406749556,0.0424067495559503
"1523","101212","Action_50","Morph_110","KM","Play","Shake","Shake.4","Sonso",1.94591014905531,0.00399644760213144,0.0122113676731794
"1524","101212","Action_60","Morph_127","KM","Play","Swing","Swing.1","Sonso",-0.44628710262842,0.0428507992895204,0.0475133214920071
"1525","101212","Action_57","Morph_115","KM","Play","Stompobject","StompObject.1","Sonso",-0.7339691750802,0.0337477797513321,0.0424067495559503
"1526","101212","Action_50","Morph_110","KM","Play","Shake","Shake.4","Sonso",1.23547147138531,0.00399644760213144,0.0122113676731794
"1527","100822","Action_18","Morph_39","KM","Play","Hitobjectobject","HitObject.1","Sonso",0.113328685307003,0.0430728241563055,0.00466252220248668
"1528","101212","Action_16","Morph_38","KM","Play","Headstand","HeadStand.1","Sonso",1.67147330335355,0.0066607460035524,0.0066607460035524
"1529","101212","Action_6","Morph_18","KM","Play","Bow","Bow.1","Sonso",0.307484699747961,0.00177619893428064,0.00177619893428064
"1530","101215","Action_18","Morph_40","KM","Play","Hitobjectobject","HitObject.2","Sonso",-0.0408219945202552,0.0119893428063943,0.00466252220248668
"1531","101212","Action_57","Morph_115","KM","Play","Stompobject","StompObject.1","Sonso",-1.27296567581289,0.0337477797513321,0.0424067495559503
"1532","100820","Action_41","Morph_84","KM","Play","Pull","Pull.1","Sonso",0.858661619037519,0.00821492007104796,0.0253108348134991
"1533","101212","Action_17","Morph_42","KM","Play","Hitobject","HitObject.4","Sonso",-0.579818495252942,0.00599467140319716,0.0559502664298401
"1534","100822","Action_17","Morph_40","KM","Play","Hitobject","HitObject.2","Sonso",0,0.0119893428063943,0.0559502664298401
"1535","101215","Action_60","Morph_127","KM","Play","Swing","Swing.1","Sonso",0.215111379616945,0.0428507992895204,0.0475133214920071
"1536","101212","Action_60","Morph_127","KM","Play","Swing","Swing.1","Sonso",0.0769610411361284,0.0428507992895204,0.0475133214920071
"1537","101215","Action_57","Morph_115","KM","Play","Stompobject","StompObject.1","Sonso",-0.916290731874155,0.0337477797513321,0.0424067495559503
"1538","101212","Action_16","Morph_38","KM","Play","Headstand","HeadStand.1","Sonso",4.57964722875701,0.0066607460035524,0.0066607460035524
"1539","101212","Action_50","Morph_110","KM","Play","Shake","Shake.4","Sonso",1.77155676191054,0.00399644760213144,0.0122113676731794
"1540","101212","Action_50","Morph_110","KM","Play","Shake","Shake.4","Sonso",0.246860077931526,0.00399644760213144,0.0122113676731794
"1541","101215","Action_17","Morph_39","KM","Play","Hitobject","HitObject.1","Sonso",-0.27443684570176,0.0430728241563055,0.0559502664298401
"1542","101212","Action_50","Morph_110","KM","Play","Shake","Shake.4","Sonso",0.418710334858185,0.00399644760213144,0.0122113676731794
"1543","101212","Action_60","Morph_127","KM","Play","Swing","Swing.1","Sonso",0.148420005118273,0.0428507992895204,0.0475133214920071
"1544","101212","Action_50","Morph_107","KM","Play","Shake","Shake.1","Sonso",-0.0408219945202552,0.00355239786856128,0.0122113676731794
"1545","102172","Action_17","Morph_39","KM","Moveaway","Hitobject","HitObject.1","Sonso",-0.653926467406664,0.0430728241563055,0.0559502664298401
"1546","101991","Action_53","Morph_113","KM","Stopbehaviour","Spinsomersault","SpinSomersault.1","Sonso",1.02961941718116,0.00799289520426288,0.00799289520426288
"1547","102172","Action_34","Morph_65","KM","Moveaway","Objectshake","ObjectShake.1","Sonso",0.364643113587909,0.0746003552397869,0.108792184724689
"1548","102172","Action_34","Morph_65","KM","Moveaway","Objectshake","ObjectShake.1","Sonso",0,0.0746003552397869,0.108792184724689
"1549","102172","Action_34","Morph_65","KM","Moveaway","Objectshake","ObjectShake.1","Sonso",0.307484699747961,0.0746003552397869,0.108792184724689
"1550","101886","Action_29","Morph_58","KM","Play","Locomotegallop","LocomoteGallop.1","Sonso",0.858661619037519,0.00821492007104796,0.00821492007104796
"1551","101886","Action_17","Morph_39","KM","Play","Hitobject","HitObject.1","Sonso",-0.510825623765991,0.0430728241563055,0.0559502664298401
"1552","101966b","Action_17","Morph_39","KM","Playcontinue","Hitobject","HitObject.1","Sonso",-0.82098055206983,0.0430728241563055,0.0559502664298401
"1553","101966b","Action_57","Morph_115","KM","Playcontinue","Stompobject","StompObject.1","Sonso",-0.510825623765991,0.0337477797513321,0.0424067495559503
"1554","102397","Action_45","Morph_101","KM","Giveme","Reach","Reach.2","Sonso",0.78845736036427,0.0370781527531083,0.0801509769094138
"1555","102397","Action_45","Morph_101","KM","Giveme","Reach","Reach.2","Sonso",1.66392609771817,0.0370781527531083,0.0801509769094138
"1556","102397","Action_45","Morph_101","KM","Giveme","Reach","Reach.2","Sonso",0.672944473242426,0.0370781527531083,0.0801509769094138
"1557","101953b","Action_20","Morph_45","KM","Play","Hitother","HitOther.1","Sonso",-0.44628710262842,0.0202042628774423,0.0404085257548845
"1558","101953b","Action_24","Morph_51","KM","Play","Jump","Jump.1","Sonso",0.246860077931526,0.00732682060390764,0.00732682060390764
"1559","101950a","Action_60","Morph_127","KM","Play","Swing","Swing.1","Sonso",-0.127833371509885,0.0428507992895204,0.0475133214920071
"1560","101334","Action_25","Morph_52","KM","Playcontinue","Kickpunch","KickPunch.1","Sonso",-0.44628710262842,0.0022202486678508,0.0022202486678508
"1561","101334","Action_20","Morph_46","KM","Playcontinue","Hitother","HitOther.2","Sonso",-0.44628710262842,0.00932504440497336,0.0404085257548845
"1562","101950a","Action_8","Morph_19","KM","Play","Dangle","Dangle.1","Sonso",0.693147180559945,0.0484014209591474,0.0484014209591474
"1563","101353","Action_48","Morph_104","KM","Play","Rollover","RollOver.1","Sonso",0.0769610411361284,0.00621669626998224,0.00621669626998224
"1564","101355","Action_41","Morph_86","KM","Play","Pull","Pull.3","Sonso",0.182321556793955,0.00510657193605684,0.0253108348134991
"1565","101819","Action_8","Morph_19","KM","Play","Dangle","Dangle.1","Sonso",1.31372366828506,0.0484014209591474,0.0484014209591474
"1566","101950a","Action_60","Morph_127","KM","Play","Swing","Swing.1","Sonso",-0.127833371509885,0.0428507992895204,0.0475133214920071
"1567","101950a","Action_8","Morph_19","KM","Play","Dangle","Dangle.1","Sonso",1.35583515363518,0.0484014209591474,0.0484014209591474
"1568","101334","Action_25","Morph_52","KM","Playcontinue","Kickpunch","KickPunch.1","Sonso",-0.82098055206983,0.0022202486678508,0.0022202486678508
"1569","101352b","Action_63","Morph_135","KM","Stopbehaviour","Touch","Touch.4","Sonso",0.336472236621213,0.00488454706927176,0.0341918294849023
"1570","101950a","Action_34","Morph_65","KM","Play","Objectshake","ObjectShake.1","Sonso",0.215111379616945,0.0746003552397869,0.108792184724689
"1571","101334","Action_20","Morph_46","KM","Playcontinue","Hitother","HitOther.2","Sonso",-1.13943428318836,0.00932504440497336,0.0404085257548845
"1572","100116b","Action_63","Morph_135","KM","Affiliation","Touch","Touch.4","Sonso",0.587786664902119,0.00488454706927176,0.0341918294849023
"1573","102117","Action_33","Morph_61","KN","Play","Objectmove","ObjectMove.1","Sonso",-0.083381608939051,0.0317495559502664,0.0406305506216696
"1574","102066","Action_23","Morph_47","KN","Play","Hittingother","HitOther.3","Sonso",-0.174353387144778,0.00843694493783304,0.0157637655417407
"1575","102117","Action_34","Morph_68","KN","Play","Objectshake","ObjectShake.4","Sonso",0.246860077931526,0.00288632326820604,0.108792184724689
"1576","102066","Action_23","Morph_47","KN","Play","Hittingother","HitOther.3","Sonso",0.56531380905006,0.00843694493783304,0.0157637655417407
"1577","102120","Action_63","Morph_132","KN","Play","Touch","Touch.1","Sonso",0.182321556793955,0.0104351687388988,0.0341918294849023
"1578","102065","Action_42","Morph_91","KN","Position","Push","Push.4","Sonso",1.38629436111989,0.00932504440497336,0.0466252220248668
"1579","101390","Action_38","Morph_75","KN","Groom","Present","Present.1","Sonso",0.587786664902119,0.0170959147424512,0.0492895204262877
"1580","101388","Action_38","Morph_76","KN","Groom","Present","Present.2","Sonso",-0.0408219945202552,0.0135435168738899,0.0492895204262877
"1581","101389","Action_2","Morph_7","KN","Groom","Bigloudscratch","BigLoudScratch.5","Sonso",0.609765571620894,0.00066607460035524,0.0577264653641208
"1582","101392","Action_2","Morph_3","KN","Directattention","Bigloudscratch","BigLoudScratch.1","Sonso",0.418710334858185,0.0215364120781528,0.0577264653641208
"1583","101391","Action_38","Morph_76","KN","Directattention","Present","Present.2","Sonso",0.542324290825362,0.0135435168738899,0.0492895204262877
"1584","101066a","Action_20","Morph_45","KN","Play","Hitother","HitOther.1","Sonso",-0.0408219945202552,0.0202042628774423,0.0404085257548845
"1585","101269","Action_38","Morph_76","KN","Groom","Present","Present.2","Sonso",1.50851199384414,0.0135435168738899,0.0492895204262877
"1586","101403","Action_45","Morph_100","KN","Giveme","Reach","Reach.1","Sonso",1.45395300959371,0.0408525754884547,0.0801509769094138
"1587","101405","Action_45","Morph_101","KN","Giveme","Reach","Reach.2","Sonso",0.587786664902119,0.0370781527531083,0.0801509769094138
"1588","102403","Action_2","Morph_3","KN","Travel","Bigloudscratch","BigLoudScratch.1","Sonso",0.806475865866949,0.0215364120781528,0.0577264653641208
"1589","102346p1","Action_57","Morph_115","KN","Play","Stompobject","StompObject.1","Sonso",-0.653926467406664,0.0337477797513321,0.0424067495559503
"1590","102346p3","Action_34","Morph_65","KN","Play","Objectshake","ObjectShake.1","Sonso",-0.174353387144778,0.0746003552397869,0.108792184724689
"1591","102346p3","Action_33","Morph_61","KN","Play","Objectmove","ObjectMove.1","Sonso",-0.385662480811985,0.0317495559502664,0.0406305506216696
"1592","102346p3","Action_34","Morph_68","KN","Play","Objectshake","ObjectShake.4","Sonso",-1.02165124753198,0.00288632326820604,0.108792184724689
"1593","102346p1","Action_34","Morph_65","KN","Play","Objectshake","ObjectShake.1","Sonso",0.940007258491471,0.0746003552397869,0.108792184724689
"1594","102346p1","Action_34","Morph_66","KN","Play","Objectshake","ObjectShake.2","Sonso",0.806475865866949,0.0237566607460036,0.108792184724689
"1595","102346p3","Action_17","Morph_39","KN","Play","Hitobject","HitObject.1","Sonso",-1.13943428318836,0.0430728241563055,0.0559502664298401
"1596","102346p2","Action_34","Morph_65","KN","Play","Objectshake","ObjectShake.1","Sonso",0.215111379616945,0.0746003552397869,0.108792184724689
"1597","102346p3","Action_17","Morph_39","KN","Play","Hitobject","HitObject.1","Sonso",-0.174353387144778,0.0430728241563055,0.0559502664298401
"1598","102346p3","Action_17","Morph_39","KN","Play","Hitobject","HitObject.1","Sonso",-0.174353387144778,0.0430728241563055,0.0559502664298401
"1599","100544","Action_60","Morph_127","KN","Play","Swing","Swing.1","Sonso",1.41585316336144,0.0428507992895204,0.0475133214920071
"1600","100544","Action_9","Morph_20","KN","Play","Dangleshake","DangleShake.1","Sonso",1.44456326924387,0.00710479573712256,0.00710479573712256
"1601","100544","Action_20","Morph_45","KN","Play","Hitother","HitOther.1","Sonso",0.246860077931526,0.0202042628774423,0.0404085257548845
"1602","100544","Action_9","Morph_20","KN","Play","Dangleshake","DangleShake.1","Sonso",1.91102289005487,0.00710479573712256,0.00710479573712256
"1603","100544","Action_60","Morph_127","KN","Play","Swing","Swing.1","Sonso",0.215111379616945,0.0428507992895204,0.0475133214920071
"1604","101115","Action_63","Morph_133","KN","Affiliation","Touch","Touch.2","Sonso",0,0.00754884547069272,0.0341918294849023
"1605","102125","Action_20","Morph_45","KN","Stopbehaviour","Hitother","HitOther.1","Sonso",-0.653926467406664,0.0202042628774423,0.0404085257548845
"1606","102108","Action_13","Morph_28","KN","Moveaway","Fling","Fling.2","Sonso",-0.385662480811985,0.00488454706927176,0.0117673179396092
"1607","101240","Action_8","Morph_19","KR","Play","Dangle","Dangle.1","Sonso",2.3178677165252,0.0484014209591474,0.0484014209591474
"1608","101240","Action_20","Morph_45","KR","Play","Hitother","HitOther.1","Sonso",-0.653926467406664,0.0202042628774423,0.0404085257548845
"1609","100898b","Action_9","Morph_20","KR","Play","Dangleshake","DangleShake.1","Sonso",2.18380155700408,0.00710479573712256,0.00710479573712256
"1610","100786","Action_33","Morph_61","KR","Play","Objectmove","ObjectMove.1","Sonso",-0.127833371509885,0.0317495559502664,0.0406305506216696
"1611","100080","Action_39","Morph_82","KR","Sexualattention","Presentgenitalsbackwards","PresentGenitals.1","Sonso",0.182321556793955,0.0295293072824156,0.033303730017762
"1612","100968","Action_51","Morph_111","KR","Play","Spinpirouette","SpinPirouette.1","Sonso",0.693147180559945,0.00133214920071048,0.00133214920071048
"1613","101317b","Action_6","Morph_18","KR","Play","Bow","Bow.1","Sonso",0.841567185678219,0.00177619893428064,0.00177619893428064
"1614","101631","Action_41","Morph_86","KR","Play","Pull","Pull.3","Sonso",0.78845736036427,0.00510657193605684,0.0253108348134991
"1615","101387b","Action_57","Morph_115","KR","Play","Stompobject","StompObject.1","Sonso",-0.82098055206983,0.0337477797513321,0.0424067495559503
"1616","101557b","Action_14","Morph_30","KR","Stopbehaviour","Grab","Grab.2","Sonso",0.364643113587909,0.00799289520426288,0.0353019538188277
"1617","101339b","Action_63","Morph_140","KR","Stopbehaviour","Touch","Touch.9","Sonso",0.970778917158225,0.00399644760213144,0.0341918294849023
"1618","101319","Action_15","Morph_37","KR","Play","Grabhold","GrabHold.3","Sonso",1.83736998048011,0.00532859680284192,0.0204262877442274
"1619","101154b","Action_42","Morph_91","KR","Stopbehaviour","Push","Push.4","Sonso",0.148420005118273,0.00932504440497336,0.0466252220248668
"1620","101629","Action_52","Morph_112","KR","Play","Spinroulade","SpinRoulade.1","Sonso",0.970778917158225,0.00488454706927176,0.00488454706927176
"1621","101318","Action_16","Morph_38","KR","Playcontinue","Headstand","HeadStand.1","Sonso",1.880990602956,0.0066607460035524,0.0066607460035524
"1622","101626","Action_48","Morph_104","KR","Play","Rollover","RollOver.1","Sonso",1.12492959698548,0.00621669626998224,0.00621669626998224
"1623","101319","Action_14","Morph_30","KR","Play","Grab","Grab.2","Sonso",0.631271776841858,0.00799289520426288,0.0353019538188277
"1624","101064","Action_45","Morph_100","KR","Moveclose","Reach","Reach.1","Sonso",1.02961941718116,0.0408525754884547,0.0801509769094138
"1625","101154b","Action_42","Morph_90","KR","Stopbehaviour","Push","Push.3","Sonso",-0.7339691750802,0.00510657193605684,0.0466252220248668
"1626","102169","Action_45","Morph_100","KR","Play","Reach","Reach.1","Sonso",0.970778917158225,0.0408525754884547,0.0801509769094138
"1627","101154b","Action_42","Morph_93","KR","Stopbehaviour","Push","Push.6","Sonso",-0.27443684570176,0.0066607460035524,0.0466252220248668
"1628","101329","Action_45","Morph_100","KR","Play","Reach","Reach.1","Sonso",1.74396880539171,0.0408525754884547,0.0801509769094138
"1629","101387b","Action_50","Morph_108","KR","Play","Shake","Shake.2","Sonso",-0.385662480811985,0.00466252220248668,0.0122113676731794
"1630","101025","Action_60","Morph_127","KR","Play","Swing","Swing.1","Sonso",1.08518926833597,0.0428507992895204,0.0475133214920071
"1631","101625","Action_48","Morph_104","KR","Play","Rollover","RollOver.1","Sonso",0.78845736036427,0.00621669626998224,0.00621669626998224
"1632","101154b","Action_42","Morph_91","KR","Stopbehaviour","Push","Push.4","Sonso",-0.653926467406664,0.00932504440497336,0.0466252220248668
"1633","101631","Action_48","Morph_104","KR","Play","Rollover","RollOver.1","Sonso",1.00063188030791,0.00621669626998224,0.00621669626998224
"1634","101318","Action_48","Morph_104","KR","Playcontinue","Rollover","RollOver.1","Sonso",2.29857707159651,0.00621669626998224,0.00621669626998224
"1635","101830","Action_45","Morph_101","KR","Play","Reach","Reach.2","Sonso",0.27763173659828,0.0370781527531083,0.0801509769094138
"1636","102162","Action_57","Morph_115","KR","Play","Stompobject","StompObject.1","Sonso",-0.385662480811985,0.0337477797513321,0.0424067495559503
"1637","102311a","Action_33","Morph_62","KR","Play","Objectmove","ObjectMove.2","Sonso",0.215111379616945,0.00643872113676732,0.0406305506216696
"1638","100800","Action_17","Morph_39","KR","Play","Hitobject","HitObject.1","Sonso",-0.653926467406664,0.0430728241563055,0.0559502664298401
"1639","101236","Action_57","Morph_115","KR","Play","Stompobject","StompObject.1","Sonso",-0.579818495252942,0.0337477797513321,0.0424067495559503
"1640","102312","Action_8","Morph_19","KR","Play","Dangle","Dangle.1","Sonso",0.542324290825362,0.0484014209591474,0.0484014209591474
"1641","100798","Action_17","Morph_41","KR","Play","Hitobject","HitObject.3","Sonso",-0.127833371509885,0.00510657193605684,0.0559502664298401
"1642","101517a","Action_60","Morph_127","KR","Playcontinue","Swing","Swing.1","Sonso",1.49065437644413,0.0428507992895204,0.0475133214920071
"1643","100798","Action_8","Morph_19","KR","Play","Dangle","Dangle.1","Sonso",1.78507048107726,0.0484014209591474,0.0484014209591474
"1644","101242","Action_55","Morph_116","KR","Stopbehaviour","Stompingobject","StompObject.2","Sonso",-0.22314355131421,0.0148756660746004,0.0230905861456483
"1645","101517a","Action_60","Morph_127","KR","Playcontinue","Swing","Swing.1","Sonso",1.88706964903238,0.0428507992895204,0.0475133214920071
"1646","102319a","Action_29","Morph_58","KR","Play","Locomotegallop","LocomoteGallop.1","Sonso",0.858661619037519,0.00821492007104796,0.00821492007104796
"1647","102159","Action_23","Morph_48","KR","Play","Hittingother","HitOther.4","Sonso",0,0.00732682060390764,0.0157637655417407
"1648","100798","Action_17","Morph_41","KR","Play","Hitobject","HitObject.3","Sonso",-0.0408219945202552,0.00510657193605684,0.0559502664298401
"1649","100798","Action_45","Morph_101","KR","Play","Reach","Reach.2","Sonso",0.470003629245736,0.0370781527531083,0.0801509769094138
"1650","100683","Action_34","Morph_65","KR","Play","Objectshake","ObjectShake.1","Sonso",0.518793793415168,0.0746003552397869,0.108792184724689
"1651","100451","Action_17","Morph_40","KR","Play","Hitobject","HitObject.2","Sonso",-0.7339691750802,0.0119893428063943,0.0559502664298401
"1652","102312","Action_56","Morph_123","KR","Play","Stompingother","StompOther.2","Sonso",-0.328504066972036,0.00244227353463588,0.00266429840142096
"1653","101517a","Action_60","Morph_128","KR","Playcontinue","Swing","Swing.2","Sonso",1.77155676191054,0.00310834813499112,0.0475133214920071
"1654","100799","Action_8","Morph_19","KR","Play","Dangle","Dangle.1","Sonso",2.30657711426358,0.0484014209591474,0.0484014209591474
"1655","101517a","Action_60","Morph_127","KR","Playcontinue","Swing","Swing.1","Sonso",1.64865862558738,0.0428507992895204,0.0475133214920071
"1656","100798","Action_17","Morph_41","KR","Play","Hitobject","HitObject.3","Sonso",-0.510825623765991,0.00510657193605684,0.0559502664298401
"1657","102312","Action_14","Morph_32","KR","Play","Grab","Grab.4","Sonso",0.364643113587909,0.00754884547069272,0.0353019538188277
"1658","100801","Action_15","Morph_36","KR","Play","Grabhold","GrabHold.2","Sonso",0.924258901523332,0.005550621669627,0.0204262877442274
"1659","100800","Action_17","Morph_39","KR","Play","Hitobject","HitObject.1","Sonso",-0.7339691750802,0.0430728241563055,0.0559502664298401
"1660","100683","Action_33","Morph_61","KR","Play","Objectmove","ObjectMove.1","Sonso",0.609765571620894,0.0317495559502664,0.0406305506216696
"1661","100451","Action_20","Morph_49","KR","Play","Hitother","HitOther.5","Sonso",-0.385662480811985,0.00599467140319716,0.0404085257548845
"1662","101236","Action_29","Morph_58","KR","Play","Locomotegallop","LocomoteGallop.1","Sonso",0.364643113587909,0.00821492007104796,0.00821492007104796
"1663","100451","Action_50","Morph_108","KR","Play","Shake","Shake.2","Sonso",-0.7339691750802,0.00466252220248668,0.0122113676731794
"1664","100798","Action_21","Morph_44","KR","Play","Hittingobject","HitObject.6","Sonso",0.587786664902119,0.00155417406749556,0.00799289520426288
"1665","101517a","Action_60","Morph_128","KR","Playcontinue","Swing","Swing.2","Sonso",0,0.00310834813499112,0.0475133214920071
"1666","101057b","Action_13","Morph_27","KR","Stopbehaviour","Fling","Fling.1","Sonso",-1.02165124753198,0.00688277087033748,0.0117673179396092
"1667","101489a","Action_8","Morph_19","KR","Play","Dangle","Dangle.1","Sonso",0.542324290825362,0.0484014209591474,0.0484014209591474
"1668","100159","Action_39","Morph_82","KR","Sexualattention","Presentgenitalsbackwards","PresentGenitals.1","Sonso",1.51732262352629,0.0295293072824156,0.033303730017762
"1669","102171","Action_8","Morph_19","KR","Play","Dangle","Dangle.1","Sonso",0.56531380905006,0.0484014209591474,0.0484014209591474
"1670","100787a","Action_2","Morph_3","KR","Groom","Bigloudscratch","BigLoudScratch.1","Sonso",1.21194097397511,0.0215364120781528,0.0577264653641208
"1671","100157","Action_2","Morph_4","KR","Groom","Bigloudscratch","BigLoudScratch.2","Sonso",1.07158361628019,0.019316163410302,0.0577264653641208
"1672","100787a","Action_2","Morph_4","KR","Groom","Bigloudscratch","BigLoudScratch.2","Sonso",0.940007258491471,0.019316163410302,0.0577264653641208
"1673","102171","Action_20","Morph_46","KR","Play","Hitother","HitOther.2","Sonso",-0.510825623765991,0.00932504440497336,0.0404085257548845
"1674","102171","Action_60","Morph_127","KR","Play","Swing","Swing.1","Sonso",0.182321556793955,0.0428507992895204,0.0475133214920071
"1675","100787a","Action_2","Morph_4","KR","Groom","Bigloudscratch","BigLoudScratch.2","Sonso",0.8754687373539,0.019316163410302,0.0577264653641208
"1676","100787a","Action_2","Morph_5","KR","Groom","Bigloudscratch","BigLoudScratch.3","Sonso",0.712949807856125,0.0119893428063943,0.0577264653641208
"1677","101928","Action_64","Morph_138","KR","Giveme","Touchlongother","Touch.7","Sonso",0.751416088683921,0.0044404973357016,0.0175399644760213
"1678","101321","Action_42","Morph_91","KR","Position","Push","Push.4","Sonso",0.246860077931526,0.00932504440497336,0.0466252220248668
"1679","101321","Action_42","Morph_91","KR","Position","Push","Push.4","Sonso",0.246860077931526,0.00932504440497336,0.0466252220248668
"1680","100278a","Action_33","Morph_61","KR","Play","Objectmove","ObjectMove.1","Sonso",1.60140574073684,0.0317495559502664,0.0406305506216696
"1681","101775","Action_33","Morph_61","KR","Play","Objectmove","ObjectMove.1","Sonso",0.336472236621213,0.0317495559502664,0.0406305506216696
"1682","101026","Action_63","Morph_136","KR","Play","Touch","Touch.5","Sonso",0.65232518603969,0.00421847246891652,0.0341918294849023
"1683","101022","Action_42","Morph_92","KR","Play","Push","Push.5","Sonso",0.27763173659828,0.0066607460035524,0.0466252220248668
"1684","101022","Action_42","Morph_95","KR","Play","Push","Push.8","Sonso",0.770108221696074,0.00133214920071048,0.0466252220248668
"1685","100617","Action_48","Morph_104","KR","Stopbehaviour","Rollover","RollOver.1","Sonso",1.1999647829284,0.00621669626998224,0.00621669626998224
"1686","100616","Action_17","Morph_40","KR","Stopbehaviour","Hitobject","HitObject.2","Sonso",-0.27443684570176,0.0119893428063943,0.0559502664298401
"1687","100617","Action_47","Morph_103","KR","Stopbehaviour","Rockingsit","Rocking.1","Sonso",0.672944473242426,0.00377442273534636,0.00377442273534636
"1688","100617","Action_43","Morph_96","KR","Stopbehaviour","Raise","Raise.1","Sonso",1.11185751541813,0.00865896980461812,0.0113232682060391
"1689","102473b","Action_39","Morph_82","KR","Sexualattention","Presentgenitalsbackwards","PresentGenitals.1","Sonso",0.27763173659828,0.0295293072824156,0.033303730017762
"1690","100872","Action_8","Morph_19","KR","Play","Dangle","Dangle.1","Sonso",1.1999647829284,0.0484014209591474,0.0484014209591474
"1691","100872","Action_14","Morph_31","KR","Play","Grab","Grab.3","Sonso",0.336472236621213,0.00466252220248668,0.0353019538188277
"1692","102374","Action_22","Morph_42","KR","Play","Hittingobjectobject","HitObject.4","Sonso",0.770108221696074,0.00599467140319716,0.00266429840142096
"1693","100888","Action_23","Morph_48","KR","Play","Hittingother","HitOther.4","Sonso",-0.127833371509885,0.00732682060390764,0.0157637655417407
"1694","100687b","Action_33","Morph_61","KR","Play","Objectmove","ObjectMove.1","Sonso",0.470003629245736,0.0317495559502664,0.0406305506216696
"1695","100853a","Action_24","Morph_51","KR","Play","Jump","Jump.1","Sonso",-0.127833371509885,0.00732682060390764,0.00732682060390764
"1696","101094","Action_10","Morph_21","KR","Play","Drum","Drum.1","Sonso",-0.27443684570176,0.0033303730017762,0.0033303730017762
"1697","100681","Action_20","Morph_45","KR","Play","Hitother","HitOther.1","Sonso",-0.44628710262842,0.0202042628774423,0.0404085257548845
"1698","100872","Action_17","Morph_41","KR","Play","Hitobject","HitObject.3","Sonso",-0.44628710262842,0.00510657193605684,0.0559502664298401
"1699","100872","Action_8","Morph_19","KR","Play","Dangle","Dangle.1","Sonso",1.77833644889591,0.0484014209591474,0.0484014209591474
"1700","100872","Action_21","Morph_44","KR","Play","Hittingobject","HitObject.6","Sonso",1.3244189574018,0.00155417406749556,0.00799289520426288
"1701","100853b","Action_20","Morph_45","KR","Play","Hitother","HitOther.1","Sonso",-1.02165124753198,0.0202042628774423,0.0404085257548845
"1702","100687b","Action_32","Morph_60","KR","Play","Objectmouth","ObjectMouth.1","Sonso",0.587786664902119,0.00466252220248668,0.00466252220248668
"1703","101753","Action_55","Morph_116","KR","Play","Stompingobject","StompObject.2","Sonso",-0.27443684570176,0.0148756660746004,0.0230905861456483
"1704","101622","Action_53","Morph_113","KR","Play","Spinsomersault","SpinSomersault.1","Sonso",0.0769610411361284,0.00799289520426288,0.00799289520426288
"1705","101622","Action_53","Morph_113","KR","Play","Spinsomersault","SpinSomersault.1","Sonso",0.215111379616945,0.00799289520426288,0.00799289520426288
"1706","100998","Action_33","Morph_61","KR","Play","Objectmove","ObjectMove.1","Sonso",0.470003629245736,0.0317495559502664,0.0406305506216696
"1707","101753","Action_55","Morph_117","KR","Play","Stompingobject","StompObject.3","Sonso",-0.579818495252942,0.00688277087033748,0.0230905861456483
"1708","100622b","Action_39","Morph_82","KR","Sociosexualattention","Presentgenitalsbackwards","PresentGenitals.1","Sonso",0.113328685307003,0.0295293072824156,0.033303730017762
"1709","101839a","Action_3","Morph_12","KR","Playcontinue","Bite","Bite.4","Sonso",-0.083381608939051,0.00177619893428064,0.0168738898756661
"1710","101841","Action_57","Morph_115","KR","Playcontinue","Stompobject","StompObject.1","Sonso",-0.510825623765991,0.0337477797513321,0.0424067495559503
"1711","101400","Action_42","Morph_88","KR","Position","Push","Push.1","Sonso",0.518793793415168,0.0106571936056838,0.0466252220248668
"1712","101713","Action_20","Morph_45","KR","Play","Hitother","HitOther.1","Sonso",-0.579818495252942,0.0202042628774423,0.0404085257548845
"1713","101840b","Action_57","Morph_115","KR","Playcontinue","Stompobject","StompObject.1","Sonso",-0.82098055206983,0.0337477797513321,0.0424067495559503
"1714","101839b","Action_58","Morph_122","KR","Playcontinue","Stompother","StompOther.1","Sonso",-0.7339691750802,0.00244227353463588,0.00377442273534636
"1715","101839a","Action_23","Morph_48","KR","Playcontinue","Hittingother","HitOther.4","Sonso",0.113328685307003,0.00732682060390764,0.0157637655417407
"1716","101837","Action_48","Morph_104","KR","Playcontinue","Rollover","RollOver.1","Sonso",0.494696241836107,0.00621669626998224,0.00621669626998224
"1717","101841","Action_17","Morph_39","KR","Playcontinue","Hitobject","HitObject.1","Sonso",-0.579818495252942,0.0430728241563055,0.0559502664298401
"1718","101399b","Action_15","Morph_35","KR","Position","Grabhold","GrabHold.1","Sonso",1.22377543162212,0.00932504440497336,0.0204262877442274
"1719","101833a","Action_6","Morph_18","KR","Play","Bow","Bow.1","Sonso",0.693147180559945,0.00177619893428064,0.00177619893428064
"1720","101657","Action_23","Morph_48","KR","Play","Hittingother","HitOther.4","Sonso",-0.44628710262842,0.00732682060390764,0.0157637655417407
"1721","101095","Action_25","Morph_52","KR","Play","Kickpunch","KickPunch.1","Sonso",0,0.0022202486678508,0.0022202486678508
"1722","102333","Action_20","Morph_46","KR","Playcontinue","Hitother","HitOther.2","Sonso",-0.328504066972036,0.00932504440497336,0.0404085257548845
"1723","101454","Action_8","Morph_19","KR","Play","Dangle","Dangle.1","Sonso",1.38629436111989,0.0484014209591474,0.0484014209591474
"1724","101454","Action_20","Morph_45","KR","Play","Hitother","HitOther.1","Sonso",-0.174353387144778,0.0202042628774423,0.0404085257548845
"1725","101566b","Action_60","Morph_127","KR","Playcontinue","Swing","Swing.1","Sonso",1.17557332980424,0.0428507992895204,0.0475133214920071
"1726","101454","Action_60","Morph_127","KR","Play","Swing","Swing.1","Sonso",0.182321556793955,0.0428507992895204,0.0475133214920071
"1727","101567b","Action_45","Morph_101","KR","Playcontinue","Reach","Reach.2","Sonso",0.65232518603969,0.0370781527531083,0.0801509769094138
"1728","102399","Action_45","Morph_101","KR","Giveme","Reach","Reach.2","Sonso",2.42657107277504,0.0370781527531083,0.0801509769094138
"1729","100763","Action_53","Morph_113","KR","Play","Spinsomersault","SpinSomersault.1","Sonso",0.65232518603969,0.00799289520426288,0.00799289520426288
"1730","101493","Action_21","Morph_42","KR","Play","Hittingobject","HitObject.4","Sonso",0.336472236621213,0.00599467140319716,0.00799289520426288
"1731","100763","Action_8","Morph_19","KR","Play","Dangle","Dangle.1","Sonso",1.91692261218206,0.0484014209591474,0.0484014209591474
"1732","101360","Action_20","Morph_45","KR","Stopbehaviour","Hitother","HitOther.1","Sonso",-0.579818495252942,0.0202042628774423,0.0404085257548845
"1733","100818","Action_57","Morph_118","KR","Play","Stompobject","StompObject.4","Sonso",0.864997437486605,0.005550621669627,0.0424067495559503
"1734","100763","Action_17","Morph_40","KR","Play","Hitobject","HitObject.2","Sonso",-0.0418642040986989,0.0119893428063943,0.0559502664298401
"1735","101092","Action_55","Morph_116","KR","Play","Stompingobject","StompObject.2","Sonso",-0.127833371509885,0.0148756660746004,0.0230905861456483
"1736","102342a","Action_8","Morph_19","KR","Play","Dangle","Dangle.1","Sonso",0.65232518603969,0.0484014209591474,0.0484014209591474
"1737","102340","Action_8","Morph_19","KR","Play","Dangle","Dangle.1","Sonso",0.609765571620894,0.0484014209591474,0.0484014209591474
"1738","101099","Action_60","Morph_127","KR","Play","Swing","Swing.1","Sonso",0.215111379616945,0.0428507992895204,0.0475133214920071
"1739","101099","Action_50","Morph_108","KR","Play","Shake","Shake.2","Sonso",-0.06720874969345,0.00466252220248668,0.0122113676731794
"1740","101098b","Action_8","Morph_19","KR","Play","Dangle","Dangle.1","Sonso",0.587786664902119,0.0484014209591474,0.0484014209591474
"1741","102342a","Action_34","Morph_66","KR","Play","Objectshake","ObjectShake.2","Sonso",0.246860077931526,0.0237566607460036,0.108792184724689
"1742","101099","Action_8","Morph_19","KR","Play","Dangle","Dangle.1","Sonso",3.23001356927866,0.0484014209591474,0.0484014209591474
"1743","101099","Action_60","Morph_127","KR","Play","Swing","Swing.1","Sonso",0.0971267107307228,0.0428507992895204,0.0475133214920071
"1744","102339","Action_8","Morph_19","KR","Play","Dangle","Dangle.1","Sonso",0.609765571620894,0.0484014209591474,0.0484014209591474
"1745","101099","Action_60","Morph_127","KR","Play","Swing","Swing.1","Sonso",0.215111379616945,0.0428507992895204,0.0475133214920071
"1746","101275","Action_57","Morph_115","KS","Play","Stompobject","StompObject.1","Sonso",-0.579818495252942,0.0337477797513321,0.0424067495559503
"1747","101275","Action_57","Morph_115","KS","Play","Stompobject","StompObject.1","Sonso",-0.44628710262842,0.0337477797513321,0.0424067495559503
"1748","101277b","Action_17","Morph_39","KS","Playcontinue","Hitobject","HitObject.1","Sonso",-0.510825623765991,0.0430728241563055,0.0559502664298401
"1749","101276","Action_34","Morph_65","KS","Playcontinue","Objectshake","ObjectShake.1","Sonso",0.609765571620894,0.0746003552397869,0.108792184724689
"1750","101276","Action_57","Morph_115","KS","Playcontinue","Stompobject","StompObject.1","Sonso",-0.82098055206983,0.0337477797513321,0.0424067495559503
"1751","101277b","Action_33","Morph_61","KS","Playcontinue","Objectmove","ObjectMove.1","Sonso",0.148420005118273,0.0317495559502664,0.0406305506216696
"1752","101277b","Action_57","Morph_115","KS","Playcontinue","Stompobject","StompObject.1","Sonso",-0.510825623765991,0.0337477797513321,0.0424067495559503
"1753","101275","Action_34","Morph_66","KS","Play","Objectshake","ObjectShake.2","Sonso",0.518793793415168,0.0237566607460036,0.108792184724689
"1754","102236a","Action_43","Morph_96","KS","Moveaway","Raise","Raise.1","Sonso",1.97962120639763,0.00865896980461812,0.0113232682060391
"1755","102236a","Action_17","Morph_39","KS","Moveaway","Hitobject","HitObject.1","Sonso",-0.7339691750802,0.0430728241563055,0.0559502664298401
"1756","101558b","Action_14","Morph_30","KS","Play","Grab","Grab.2","Sonso",0.940007258491471,0.00799289520426288,0.0353019538188277
"1757","101560","Action_57","Morph_115","KS","Playcontinue","Stompobject","StompObject.1","Sonso",-0.510825623765991,0.0337477797513321,0.0424067495559503
"1758","101490","Action_57","Morph_115","KS","Play","Stompobject","StompObject.1","Sonso",-0.579818495252942,0.0337477797513321,0.0424067495559503
"1759","101560","Action_57","Morph_115","KS","Playcontinue","Stompobject","StompObject.1","Sonso",-0.653926467406664,0.0337477797513321,0.0424067495559503
"1760","101559","Action_45","Morph_100","KS","Playcontinue","Reach","Reach.1","Sonso",1.63315443905142,0.0408525754884547,0.0801509769094138
"1761","101490","Action_17","Morph_39","KS","Play","Hitobject","HitObject.1","Sonso",-0.579818495252942,0.0430728241563055,0.0559502664298401
"1762","101560","Action_34","Morph_66","KS","Playcontinue","Objectshake","ObjectShake.2","Sonso",0.470003629245736,0.0237566607460036,0.108792184724689
"1763","101623","Action_11","Morph_22","KS","Play","Embrace","Embrace.1","Sonso",1.00063188030791,0.00288632326820604,0.005550621669627
"1764","101560","Action_45","Morph_100","KS","Playcontinue","Reach","Reach.1","Sonso",-0.174353387144778,0.0408525754884547,0.0801509769094138
"1765","102396a","Action_60","Morph_127","KS","Moveaway","Swing","Swing.1","Sonso",-0.44628710262842,0.0428507992895204,0.0475133214920071
"1766","102396a","Action_13","Morph_28","KS","Moveaway","Fling","Fling.2","Sonso",-0.916290731874155,0.00488454706927176,0.0117673179396092
"1767","101066b","Action_21","Morph_42","KS","Play","Hittingobject","HitObject.4","Sonso",-0.174353387144778,0.00599467140319716,0.00799289520426288
"1768","101066b","Action_8","Morph_19","KS","Play","Dangle","Dangle.1","Sonso",-0.127833371509885,0.0484014209591474,0.0484014209591474
"1769","101059","Action_17","Morph_40","KS","Play","Hitobject","HitObject.2","Sonso",-0.7339691750802,0.0119893428063943,0.0559502664298401
"1770","101057a","Action_14","Morph_32","KS","Playcontinue","Grab","Grab.4","Sonso",0.712949807856125,0.00754884547069272,0.0353019538188277
"1771","101489b","Action_29","Morph_58","KS","Play","Locomotegallop","LocomoteGallop.1","Sonso",0.148420005118273,0.00821492007104796,0.00821492007104796
"1772","100982a","Action_59","Morph_125","KS","Giveme","Stroke","Stroke.2","Sonso",1.37624402526639,0.00155417406749556,0.00377442273534636
"1773","100982a","Action_45","Morph_100","KS","Giveme","Reach","Reach.1","Sonso",-0.127833371509885,0.0408525754884547,0.0801509769094138
"1774","102410a","Action_38","Morph_75","KS","Groom","Present","Present.1","Sonso",1.42551507427317,0.0170959147424512,0.0492895204262877
"1775","101790a","Action_43","Morph_98","KS","Givemenurse","Raise","Raise.3","Sonso",0.732367893713227,0.00177619893428064,0.0113232682060391
"1776","102416","Action_38","Morph_77","KS","Directattention","Present","Present.3","Sonso",0.712949807856125,0.00466252220248668,0.0492895204262877
"1777","101788","Action_45","Morph_100","KS","Givemenurse","Reach","Reach.1","Sonso",1.35583515363518,0.0408525754884547,0.0801509769094138
"1778","101788","Action_45","Morph_101","KS","Givemenurse","Reach","Reach.2","Sonso",1.98513086220859,0.0370781527531083,0.0801509769094138
"1779","101795","Action_38","Morph_75","KS","Groom","Present","Present.1","Sonso",1.40609698841607,0.0170959147424512,0.0492895204262877
"1780","101603","Action_45","Morph_100","KS","Affiliation","Reach","Reach.1","Sonso",1.58514521986506,0.0408525754884547,0.0801509769094138
"1781","101794","Action_42","Morph_89","KS","Position","Push","Push.2","Sonso",-0.174353387144778,0.00355239786856128,0.0466252220248668
"1782","102409","Action_40","Morph_82","KS","Sexualattention","Presentgenitalsforwards","PresentGenitals.1","Sonso",1.28093384546206,0.0295293072824156,0.00199822380106572
"1783","100538","Action_57","Morph_115","KS","Sexualattention","Stompobject","StompObject.1","Sonso",-0.653926467406664,0.0337477797513321,0.0424067495559503
"1784","101194","Action_45","Morph_101","KS","Giveme","Reach","Reach.2","Sonso",1.50851199384414,0.0370781527531083,0.0801509769094138
"1785","100538","Action_17","Morph_40","KS","Sexualattention","Hitobject","HitObject.2","Sonso",-0.083381608939051,0.0119893428063943,0.0559502664298401
"1786","101193","Action_45","Morph_101","KS","Giveme","Reach","Reach.2","Sonso",0.8754687373539,0.0370781527531083,0.0801509769094138
"1787","101850","Action_34","Morph_65","KS","Play","Objectshake","ObjectShake.1","Sonso",0.182321556793955,0.0746003552397869,0.108792184724689
"1788","101850","Action_57","Morph_115","KS","Play","Stompobject","StompObject.1","Sonso",-0.579818495252942,0.0337477797513321,0.0424067495559503
"1789","101846","Action_20","Morph_45","KS","Play","Hitother","HitOther.1","Sonso",-0.385662480811985,0.0202042628774423,0.0404085257548845
"1790","101850","Action_57","Morph_115","KS","Play","Stompobject","StompObject.1","Sonso",-0.44628710262842,0.0337477797513321,0.0424067495559503
"1791","101268a","Action_55","Morph_116","KS","Playcontinue","Stompingobject","StompObject.2","Sonso",-0.174353387144778,0.0148756660746004,0.0230905861456483
"1792","102378","Action_20","Morph_50","KS","Playcontinue","Hitother","HitOther.6","Sonso",-1.27296567581289,0.00488454706927176,0.0404085257548845
"1793","101789","Action_2","Morph_3","KS","Groom","Bigloudscratch","BigLoudScratch.1","Sonso",1.30291275218084,0.0215364120781528,0.0577264653641208
"1794","102378","Action_20","Morph_50","KS","Playcontinue","Hitother","HitOther.6","Sonso",-1.6094379124341,0.00488454706927176,0.0404085257548845
"1795","102378","Action_20","Morph_50","KS","Playcontinue","Hitother","HitOther.6","Sonso",-0.328504066972036,0.00488454706927176,0.0404085257548845
"1796","101274","Action_24","Morph_51","KS","Stopbehaviour","Jump","Jump.1","Sonso",-0.82098055206983,0.00732682060390764,0.00732682060390764
"1797","101274","Action_24","Morph_51","KS","Stopbehaviour","Jump","Jump.1","Sonso",-0.82098055206983,0.00732682060390764,0.00732682060390764
"1798","101274","Action_57","Morph_115","KS","Stopbehaviour","Stompobject","StompObject.1","Sonso",-0.653926467406664,0.0337477797513321,0.0424067495559503
"1799","101274","Action_24","Morph_51","KS","Stopbehaviour","Jump","Jump.1","Sonso",-1.13943428318836,0.00732682060390764,0.00732682060390764
"1800","101787","Action_15","Morph_35","KS","Play","Grabhold","GrabHold.1","Sonso",1.17557332980424,0.00932504440497336,0.0204262877442274
"1801","101787","Action_23","Morph_47","KS","Play","Hittingother","HitOther.3","Sonso",-0.083381608939051,0.00843694493783304,0.0157637655417407
"1802","102060","Action_50","Morph_108","KS","Playcontinue","Shake","Shake.2","Sonso",0.113328685307003,0.00466252220248668,0.0122113676731794
"1803","102060","Action_17","Morph_39","KS","Playcontinue","Hitobject","HitObject.1","Sonso",0.182321556793955,0.0430728241563055,0.0559502664298401
"1804","102347","Action_63","Morph_132","KS","Playcontinue","Touch","Touch.1","Sonso",-1.27296567581289,0.0104351687388988,0.0341918294849023
"1805","100885b","Action_57","Morph_115","KS","Play","Stompobject","StompObject.1","Sonso",-0.27443684570176,0.0337477797513321,0.0424067495559503
"1806","101146","Action_8","Morph_19","KS","Play","Dangle","Dangle.1","Sonso",0,0.0484014209591474,0.0484014209591474
"1807","102347","Action_63","Morph_132","KS","Playcontinue","Touch","Touch.1","Sonso",-0.7339691750802,0.0104351687388988,0.0341918294849023
"1808","101146","Action_8","Morph_19","KS","Play","Dangle","Dangle.1","Sonso",0.392042087776024,0.0484014209591474,0.0484014209591474
"1809","101146","Action_17","Morph_40","KS","Play","Hitobject","HitObject.2","Sonso",-1.13943428318836,0.0119893428063943,0.0559502664298401
"1810","102059b","Action_23","Morph_48","KS","Play","Hittingother","HitOther.4","Sonso",-0.083381608939051,0.00732682060390764,0.0157637655417407
"1811","102057b","Action_60","Morph_127","KS","Play","Swing","Swing.1","Sonso",-0.174353387144778,0.0428507992895204,0.0475133214920071
"1812","101293","Action_42","Morph_94","KS","Play","Push","Push.7","Sonso",-0.44628710262842,0.00288632326820604,0.0466252220248668
"1813","102347","Action_58","Morph_122","KS","Playcontinue","Stompother","StompOther.1","Sonso",-0.0408219945202552,0.00244227353463588,0.00377442273534636
"1814","102059b","Action_20","Morph_49","KS","Play","Hitother","HitOther.5","Sonso",0.307484699747961,0.00599467140319716,0.0404085257548845
"1815","102192","Action_45","Morph_101","KS","Giveme","Reach","Reach.2","Sonso",0.970778917158225,0.0370781527531083,0.0801509769094138
"1816","102198a","Action_45","Morph_101","KS","Giveme","Reach","Reach.2","Sonso",1.22377543162212,0.0370781527531083,0.0801509769094138
"1817","102192","Action_45","Morph_101","KS","Giveme","Reach","Reach.2","Sonso",2.89480635496403,0.0370781527531083,0.0801509769094138
"1818","102198a","Action_45","Morph_101","KS","Giveme","Reach","Reach.2","Sonso",0.542324290825362,0.0370781527531083,0.0801509769094138
"1819","102286b","Action_38","Morph_76","KS","Groom","Present","Present.2","Sonso",0.858661619037519,0.0135435168738899,0.0492895204262877
"1820","100996a","Action_45","Morph_100","KS","Giveme","Reach","Reach.1","Sonso",1.79175946922805,0.0408525754884547,0.0801509769094138
"1821","102195a","Action_45","Morph_101","KS","Giveme","Reach","Reach.2","Sonso",0.0392207131532813,0.0370781527531083,0.0801509769094138
"1822","100996a","Action_45","Morph_100","KS","Giveme","Reach","Reach.1","Sonso",0.336472236621213,0.0408525754884547,0.0801509769094138
"1823","102195a","Action_45","Morph_101","KS","Giveme","Reach","Reach.2","Sonso",1.25846098961001,0.0370781527531083,0.0801509769094138
"1824","102198a","Action_45","Morph_101","KS","Giveme","Reach","Reach.2","Sonso",-0.083381608939051,0.0370781527531083,0.0801509769094138
"1825","102186","Action_45","Morph_100","KS","Giveme","Reach","Reach.1","Sonso",1.81156209652423,0.0408525754884547,0.0801509769094138
"1826","102187","Action_45","Morph_101","KS","Giveme","Reach","Reach.2","Sonso",0.336472236621213,0.0370781527531083,0.0801509769094138
"1827","100996a","Action_45","Morph_100","KS","Giveme","Reach","Reach.1","Sonso",0.841567185678219,0.0408525754884547,0.0801509769094138
"1828","102187","Action_45","Morph_101","KS","Giveme","Reach","Reach.2","Sonso",0.364643113587909,0.0370781527531083,0.0801509769094138
"1829","102192","Action_45","Morph_101","KS","Giveme","Reach","Reach.2","Sonso",1.30291275218084,0.0370781527531083,0.0801509769094138
"1830","100996a","Action_45","Morph_100","KS","Giveme","Reach","Reach.1","Sonso",1.76473079684014,0.0408525754884547,0.0801509769094138
"1831","100996a","Action_45","Morph_100","KS","Giveme","Reach","Reach.1","Sonso",0.182321556793955,0.0408525754884547,0.0801509769094138
"1832","102198a","Action_45","Morph_101","KS","Giveme","Reach","Reach.2","Sonso",-0.44628710262842,0.0370781527531083,0.0801509769094138
"1833","100996a","Action_45","Morph_100","KS","Giveme","Reach","Reach.1","Sonso",0.182321556793955,0.0408525754884547,0.0801509769094138
"1834","102207","Action_45","Morph_101","KS","Giveme","Reach","Reach.2","Sonso",0.56531380905006,0.0370781527531083,0.0801509769094138
"1835","102188","Action_45","Morph_100","KS","Giveme","Reach","Reach.1","Sonso",0.824175442966349,0.0408525754884547,0.0801509769094138
"1836","102198a","Action_45","Morph_101","KS","Giveme","Reach","Reach.2","Sonso",1.12492959698548,0.0370781527531083,0.0801509769094138
"1837","102207","Action_45","Morph_101","KS","Giveme","Reach","Reach.2","Sonso",2.63619609733423,0.0370781527531083,0.0801509769094138
"1838","102191","Action_63","Morph_138","KS","Giveme","Touch","Touch.7","Sonso",0.908258560176891,0.0044404973357016,0.0341918294849023
"1839","102195a","Action_45","Morph_101","KS","Giveme","Reach","Reach.2","Sonso",0.693147180559945,0.0370781527531083,0.0801509769094138
"1840","102187","Action_45","Morph_101","KS","Giveme","Reach","Reach.2","Sonso",0.518793793415168,0.0370781527531083,0.0801509769094138
"1841","102207","Action_45","Morph_101","KS","Giveme","Reach","Reach.2","Sonso",0.8754687373539,0.0370781527531083,0.0801509769094138
"1842","100994","Action_45","Morph_100","KS","Giveme","Reach","Reach.1","Sonso",2.2512917986065,0.0408525754884547,0.0801509769094138
"1843","102207","Action_45","Morph_101","KS","Giveme","Reach","Reach.2","Sonso",1.45395300959371,0.0370781527531083,0.0801509769094138
"1844","102186","Action_45","Morph_100","KS","Giveme","Reach","Reach.1","Sonso",0.693147180559945,0.0408525754884547,0.0801509769094138
"1845","102187","Action_45","Morph_101","KS","Giveme","Reach","Reach.2","Sonso",2.07442899985629,0.0370781527531083,0.0801509769094138
"1846","102198a","Action_45","Morph_101","KS","Giveme","Reach","Reach.2","Sonso",-0.7339691750802,0.0370781527531083,0.0801509769094138
"1847","102286b","Action_2","Morph_4","KS","Groom","Bigloudscratch","BigLoudScratch.2","Sonso",0.470003629245736,0.019316163410302,0.0577264653641208
"1848","102208","Action_45","Morph_101","KS","Giveme","Reach","Reach.2","Sonso",1.24703229378638,0.0370781527531083,0.0801509769094138
"1849","102207","Action_45","Morph_101","KS","Giveme","Reach","Reach.2","Sonso",1.01523067972906,0.0370781527531083,0.0801509769094138
"1850","102196","Action_45","Morph_100","KS","Giveme","Reach","Reach.1","Sonso",2.4748563139345,0.0408525754884547,0.0801509769094138
"1851","102196","Action_45","Morph_100","KS","Giveme","Reach","Reach.1","Sonso",0.65232518603969,0.0408525754884547,0.0801509769094138
"1852","102208","Action_45","Morph_101","KS","Giveme","Reach","Reach.2","Sonso",1.95727390770563,0.0370781527531083,0.0801509769094138
"1853","102192","Action_45","Morph_101","KS","Giveme","Reach","Reach.2","Sonso",1.28093384546206,0.0370781527531083,0.0801509769094138
"1854","102197","Action_45","Morph_100","KS","Giveme","Reach","Reach.1","Sonso",1.77155676191054,0.0408525754884547,0.0801509769094138
"1855","102198a","Action_45","Morph_101","KS","Giveme","Reach","Reach.2","Sonso",-0.653926467406664,0.0370781527531083,0.0801509769094138
"1856","102190","Action_45","Morph_101","KS","Giveme","Reach","Reach.2","Sonso",0.418710334858185,0.0370781527531083,0.0801509769094138
"1857","102195a","Action_45","Morph_101","KS","Giveme","Reach","Reach.2","Sonso",-0.174353387144778,0.0370781527531083,0.0801509769094138
"1858","102188","Action_45","Morph_100","KS","Giveme","Reach","Reach.1","Sonso",1.13783300182139,0.0408525754884547,0.0801509769094138
"1859","102198a","Action_45","Morph_101","KS","Giveme","Reach","Reach.2","Sonso",1.77833644889591,0.0370781527531083,0.0801509769094138
"1860","102187","Action_45","Morph_101","KS","Giveme","Reach","Reach.2","Sonso",0.518793793415168,0.0370781527531083,0.0801509769094138
"1861","102196","Action_45","Morph_100","KS","Giveme","Reach","Reach.1","Sonso",1.83098018238134,0.0408525754884547,0.0801509769094138
"1862","102198a","Action_45","Morph_101","KS","Giveme","Reach","Reach.2","Sonso",0.113328685307003,0.0370781527531083,0.0801509769094138
"1863","100996a","Action_45","Morph_100","KS","Giveme","Reach","Reach.1","Sonso",2.55877649835446,0.0408525754884547,0.0801509769094138
"1864","102198a","Action_45","Morph_100","KS","Giveme","Reach","Reach.1","Sonso",0.215111379616945,0.0408525754884547,0.0801509769094138
"1865","102192","Action_45","Morph_101","KS","Giveme","Reach","Reach.2","Sonso",1.30291275218084,0.0370781527531083,0.0801509769094138
"1866","102208","Action_45","Morph_101","KS","Giveme","Reach","Reach.2","Sonso",2.68648602318637,0.0370781527531083,0.0801509769094138
"1867","102191","Action_45","Morph_101","KS","Giveme","Reach","Reach.2","Sonso",-0.127833371509885,0.0370781527531083,0.0801509769094138
"1868","100996a","Action_45","Morph_100","KS","Giveme","Reach","Reach.1","Sonso",1.01523067972906,0.0408525754884547,0.0801509769094138
"1869","102208","Action_45","Morph_101","KS","Giveme","Reach","Reach.2","Sonso",1.99061032797322,0.0370781527531083,0.0801509769094138
"1870","102198a","Action_45","Morph_101","KS","Giveme","Reach","Reach.2","Sonso",0.824175442966349,0.0370781527531083,0.0801509769094138
"1871","102191","Action_64","Morph_138","KS","Giveme","Touchlongother","Touch.7","Sonso",1.7227665977411,0.0044404973357016,0.0175399644760213
"1872","102196","Action_63","Morph_138","KS","Giveme","Touch","Touch.7","Sonso",1.04380405217311,0.0044404973357016,0.0341918294849023
"1873","102192","Action_45","Morph_101","KS","Giveme","Reach","Reach.2","Sonso",0.418710334858185,0.0370781527531083,0.0801509769094138
"1874","102375","Action_57","Morph_115","KS","Play","Stompobject","StompObject.1","Sonso",-0.510825623765991,0.0337477797513321,0.0424067495559503
"1875","102112","Action_2","Morph_5","KS","Groom","Bigloudscratch","BigLoudScratch.3","Sonso",0.609765571620894,0.0119893428063943,0.0577264653641208
"1876","102110","Action_42","Morph_90","KS","Position","Push","Push.3","Sonso",-0.44628710262842,0.00510657193605684,0.0466252220248668
"1877","102112","Action_2","Morph_5","KS","Groom","Bigloudscratch","BigLoudScratch.3","Sonso",0.693147180559945,0.0119893428063943,0.0577264653641208
"1878","102362","Action_8","Morph_19","KS","Play","Dangle","Dangle.1","Sonso",-0.22314355131421,0.0484014209591474,0.0484014209591474
"1879","102362","Action_60","Morph_127","KS","Play","Swing","Swing.1","Sonso",-0.328504066972036,0.0428507992895204,0.0475133214920071
"1880","101370","Action_33","Morph_61","KT","Sexualattention","Objectmove","ObjectMove.1","Sonso",0.307484699747961,0.0317495559502664,0.0406305506216696
"1881","101370","Action_34","Morph_65","KT","Sexualattention","Objectshake","ObjectShake.1","Sonso",1.01523067972906,0.0746003552397869,0.108792184724689
"1882","101370","Action_34","Morph_65","KT","Sexualattention","Objectshake","ObjectShake.1","Sonso",0.770108221696074,0.0746003552397869,0.108792184724689
"1883","101370","Action_34","Morph_65","KT","Sexualattention","Objectshake","ObjectShake.1","Sonso",0.751416088683921,0.0746003552397869,0.108792184724689
"1884","101370","Action_17","Morph_39","KT","Sexualattention","Hitobject","HitObject.1","Sonso",0.182321556793955,0.0430728241563055,0.0559502664298401
"1885","101370","Action_27","Morph_54","KT","Sexualattention","Leafclip","LeafClip.1","Sonso",0.609765571620894,0.0044404973357016,0.00599467140319716
"1886","101370","Action_17","Morph_39","KT","Sexualattention","Hitobject","HitObject.1","Sonso",0,0.0430728241563055,0.0559502664298401
"1887","101370","Action_27","Morph_54","KT","Sexualattention","Leafclip","LeafClip.1","Sonso",0.955511445027436,0.0044404973357016,0.00599467140319716
"1888","101370","Action_34","Morph_65","KT","Sexualattention","Objectshake","ObjectShake.1","Sonso",0.751416088683921,0.0746003552397869,0.108792184724689
"1889","101580","Action_38","Morph_77","KT","Directattention","Present","Present.3","Sonso",1.57691472072854,0.00466252220248668,0.0492895204262877
"1890","102062a","Action_34","Morph_65","KT","Sexualattention","Objectshake","ObjectShake.1","Sonso",0.215111379616945,0.0746003552397869,0.108792184724689
"1891","102062a","Action_34","Morph_65","KT","Sexualattention","Objectshake","ObjectShake.1","Sonso",0.307484699747961,0.0746003552397869,0.108792184724689
"1892","100150","Action_2","Morph_3","KT","Groom","Bigloudscratch","BigLoudScratch.1","Sonso",0.65232518603969,0.0215364120781528,0.0577264653641208
"1893","101260","Action_38","Morph_79","KT","Groom","Present","Present.5","Sonso",2.15640258281596,0.00688277087033748,0.0492895204262877
"1894","101259","Action_38","Morph_79","KT","Directattention","Present","Present.5","Sonso",1.85002837735203,0.00688277087033748,0.0492895204262877
"1895","100150","Action_63","Morph_137","KT","Groom","Touch","Touch.6","Sonso",0.27763173659828,0.00488454706927176,0.0341918294849023
"1896","100150","Action_2","Morph_3","KT","Groom","Bigloudscratch","BigLoudScratch.1","Sonso",0.542324290825362,0.0215364120781528,0.0577264653641208
"1897","101765","Action_27","Morph_54","KT","Sexualattention","Leafclip","LeafClip.1","Sonso",2.02814824729229,0.0044404973357016,0.00599467140319716
"1898","101765","Action_27","Morph_54","KT","Sexualattention","Leafclip","LeafClip.1","Sonso",1.67896397508271,0.0044404973357016,0.00599467140319716
"1899","101765","Action_34","Morph_65","KT","Sexualattention","Objectshake","ObjectShake.1","Sonso",-0.22314355131421,0.0746003552397869,0.108792184724689
"1900","101765","Action_27","Morph_54","KT","Sexualattention","Leafclip","LeafClip.1","Sonso",0.182321556793955,0.0044404973357016,0.00599467140319716
"1901","101765","Action_27","Morph_55","KT","Sexualattention","Leafclip","LeafClip.2","Sonso",1.26976054486394,0.00133214920071048,0.00599467140319716
"1902","101765","Action_27","Morph_55","KT","Sexualattention","Leafclip","LeafClip.2","Sonso",1.11185751541813,0.00133214920071048,0.00599467140319716
"1903","101765","Action_27","Morph_54","KT","Sexualattention","Leafclip","LeafClip.1","Sonso",1.67147330335355,0.0044404973357016,0.00599467140319716
"1904","101765","Action_34","Morph_65","KT","Sexualattention","Objectshake","ObjectShake.1","Sonso",0.392042087776024,0.0746003552397869,0.108792184724689
"1905","101765","Action_27","Morph_54","KT","Sexualattention","Leafclip","LeafClip.1","Sonso",1.67147330335355,0.0044404973357016,0.00599467140319716
"1906","101765","Action_27","Morph_54","KT","Sexualattention","Leafclip","LeafClip.1","Sonso",0.712949807856125,0.0044404973357016,0.00599467140319716
"1907","101665a","Action_42","Morph_88","KT","Position","Push","Push.1","Sonso",-0.328504066972036,0.0106571936056838,0.0466252220248668
"1908","101474","Action_45","Morph_100","KT","Play","Reach","Reach.1","Sonso",0.215111379616945,0.0408525754884547,0.0801509769094138
"1909","102410b","Action_38","Morph_78","KT","Groom","Present","Present.4","Sonso",1.7227665977411,0.00288632326820604,0.0492895204262877
"1910","102410b","Action_2","Morph_3","KT","Groom","Bigloudscratch","BigLoudScratch.1","Sonso",1.3244189574018,0.0215364120781528,0.0577264653641208
"1911","100471","Action_23","Morph_47","KT","Play","Hittingother","HitOther.3","Sonso",-0.174353387144778,0.00843694493783304,0.0157637655417407
"1912","100471","Action_42","Morph_88","KT","Play","Push","Push.1","Sonso",0.307484699747961,0.0106571936056838,0.0466252220248668
"1913","100982b","Action_42","Morph_91","KT","Stopbehaviour","Push","Push.4","Sonso",-0.510825623765991,0.00932504440497336,0.0466252220248668
"1914","102118","Action_38","Morph_76","KT","Groom","Present","Present.2","Sonso",1.95160817016995,0.0135435168738899,0.0492895204262877
"1915","102063","Action_2","Morph_5","KT","Groom","Bigloudscratch","BigLoudScratch.3","Sonso",0.65232518603969,0.0119893428063943,0.0577264653641208
"1916","102175a","Action_2","Morph_4","KT","Groom","Bigloudscratch","BigLoudScratch.2","Sonso",1.13783300182139,0.019316163410302,0.0577264653641208
"1917","102118","Action_2","Morph_4","KT","Groom","Bigloudscratch","BigLoudScratch.2","Sonso",1.77155676191054,0.019316163410302,0.0577264653641208
"1918","102175a","Action_2","Morph_4","KT","Groom","Bigloudscratch","BigLoudScratch.2","Sonso",1.01523067972906,0.019316163410302,0.0577264653641208
"1919","102063","Action_34","Morph_65","KT","Groom","Objectshake","ObjectShake.1","Sonso",0.215111379616945,0.0746003552397869,0.108792184724689
"1920","102063","Action_2","Morph_4","KT","Groom","Bigloudscratch","BigLoudScratch.2","Sonso",1.63315443905142,0.019316163410302,0.0577264653641208
"1921","100696","Action_2","Morph_3","KT","Directattention","Bigloudscratch","BigLoudScratch.1","Sonso",0.0769610411361284,0.0215364120781528,0.0577264653641208
"1922","100697","Action_2","Morph_4","KT","Groom","Bigloudscratch","BigLoudScratch.2","Sonso",0.712949807856125,0.019316163410302,0.0577264653641208
"1923","100696","Action_2","Morph_4","KT","Directattention","Bigloudscratch","BigLoudScratch.2","Sonso",0.364643113587909,0.019316163410302,0.0577264653641208
"1924","100165b","Action_2","Morph_3","KT","Groom","Bigloudscratch","BigLoudScratch.1","Sonso",1.34547236659964,0.0215364120781528,0.0577264653641208
"1925","101003","Action_45","Morph_101","KT","Staysame","Reach","Reach.2","Sonso",-0.7339691750802,0.0370781527531083,0.0801509769094138
"1926","101571","Action_14","Morph_33","KT","Play","Grab","Grab.5","Sonso",1.50851199384414,0.0033303730017762,0.0353019538188277
"1927","100978b","Action_23","Morph_47","KT","Stopbehaviour","Hittingother","HitOther.3","Sonso",1.08518926833597,0.00843694493783304,0.0157637655417407
"1928","100978b","Action_42","Morph_91","KT","Stopbehaviour","Push","Push.4","Sonso",-0.44628710262842,0.00932504440497336,0.0466252220248668
"1929","100978b","Action_23","Morph_47","KT","Stopbehaviour","Hittingother","HitOther.3","Sonso",0.307484699747961,0.00843694493783304,0.0157637655417407
"1930","100978b","Action_64","Morph_135","KT","Stopbehaviour","Touchlongother","Touch.4","Sonso",0.824175442966349,0.00488454706927176,0.0175399644760213
"1931","101981b","Action_38","Morph_76","KT","Directattention","Present","Present.2","Sonso",0.970778917158225,0.0135435168738899,0.0492895204262877
"1932","101982b","Action_38","Morph_79","KT","Directattention","Present","Present.5","Sonso",0.65232518603969,0.00688277087033748,0.0492895204262877
"1933","101980b","Action_38","Morph_75","KT","Directattention","Present","Present.1","Sonso",0.8754687373539,0.0170959147424512,0.0492895204262877
"1934","100457b","Action_3","Morph_11","KT","Playcontinue","Bite","Bite.3","Sonso",0.712949807856125,0.00310834813499112,0.0168738898756661
"1935","100458","Action_41","Morph_84","KT","Playcontinue","Pull","Pull.1","Sonso",2.33408376005342,0.00821492007104796,0.0253108348134991
"1936","100458","Action_3","Morph_15","KT","Playcontinue","Bite","Bite.7","Sonso",1.37624402526639,0.00133214920071048,0.0168738898756661
"1937","100459","Action_41","Morph_85","KT","Playcontinue","Pull","Pull.2","Sonso",0.587786664902119,0.00643872113676732,0.0253108348134991
"1938","100461","Action_41","Morph_86","KT","Playcontinue","Pull","Pull.3","Sonso",0.955511445027436,0.00510657193605684,0.0253108348134991
"1939","100461","Action_41","Morph_85","KT","Playcontinue","Pull","Pull.2","Sonso",1.62531126159039,0.00643872113676732,0.0253108348134991
"1940","100461","Action_3","Morph_9","KT","Playcontinue","Bite","Bite.1","Sonso",-0.083381608939051,0.0044404973357016,0.0168738898756661
"1941","100023","Action_13","Morph_27","KU","Stopbehaviour","Fling","Fling.1","Sonso",-0.916290731874155,0.00688277087033748,0.0117673179396092
"1942","101332","Action_13","Morph_28","KU","Moveaway","Fling","Fling.2","Sonso",-0.27443684570176,0.00488454706927176,0.0117673179396092
"1943","100245","Action_11","Morph_23","KU","Affiliation","Embrace","Embrace.2","Sonso",0.364643113587909,0.00199822380106572,0.005550621669627
"1944","102222","Action_38","Morph_75","KU","Directattention","Present","Present.1","Sonso",-0.653926467406664,0.0170959147424512,0.0492895204262877
"1945","102222","Action_2","Morph_3","KU","Directattention","Bigloudscratch","BigLoudScratch.1","Sonso",0.542324290825362,0.0215364120781528,0.0577264653641208
"1946","101793","Action_2","Morph_6","KU","Groom","Bigloudscratch","BigLoudScratch.4","Sonso",1.6094379124341,0.00421847246891652,0.0577264653641208
"1947","101790b","Action_2","Morph_4","KU","Groom","Bigloudscratch","BigLoudScratch.2","Sonso",1.02961941718116,0.019316163410302,0.0577264653641208
"1948","102055","Action_38","Morph_75","KU","Groom","Present","Present.1","Sonso",1.01523067972906,0.0170959147424512,0.0492895204262877
"1949","101577","Action_2","Morph_3","KU","Directattention","Bigloudscratch","BigLoudScratch.1","Sonso",1.17557332980424,0.0215364120781528,0.0577264653641208
"1950","102175b","Action_2","Morph_4","KU","Directattention","Bigloudscratch","BigLoudScratch.2","Sonso",0.65232518603969,0.019316163410302,0.0577264653641208
"1951","101601","Action_63","Morph_133","KU","Staysame","Touch","Touch.2","Sonso",0,0.00754884547069272,0.0341918294849023
"1952","101402","Action_63","Morph_138","KU","Giveme","Touch","Touch.7","Sonso",0.631271776841858,0.0044404973357016,0.0341918294849023
"1953","100111","Action_39","Morph_82","KU","Sociosexualattention","Presentgenitalsbackwards","PresentGenitals.1","Sonso",0.65232518603969,0.0295293072824156,0.033303730017762
"1954","101402","Action_63","Morph_138","KU","Giveme","Touch","Touch.7","Sonso",0.672944473242426,0.0044404973357016,0.0341918294849023
"1955","101402","Action_45","Morph_100","KU","Giveme","Reach","Reach.1","Sonso",0.336472236621213,0.0408525754884547,0.0801509769094138
"1956","101402","Action_63","Morph_138","KU","Giveme","Touch","Touch.7","Sonso",0.693147180559945,0.0044404973357016,0.0341918294849023
"1957","102426","Action_38","Morph_75","KU","Groom","Present","Present.1","Sonso",1.15057202759882,0.0170959147424512,0.0492895204262877
"1958","100285a","Action_13","Morph_28","KU","Moveaway","Fling","Fling.2","Sonso",-1.13943428318836,0.00488454706927176,0.0117673179396092
"1959","100285a","Action_13","Morph_28","KU","Moveaway","Fling","Fling.2","Sonso",-1.02165124753198,0.00488454706927176,0.0117673179396092
"1960","101579b","Action_39","Morph_82","KU","Sexualattention","Presentgenitalsbackwards","PresentGenitals.1","Sonso",0.770108221696074,0.0295293072824156,0.033303730017762
"1961","100679","Action_34","Morph_65","KW","Attendme","Objectshake","ObjectShake.1","Sonso",0.985816794522765,0.0746003552397869,0.108792184724689
"1962","100679","Action_17","Morph_39","KW","Attendme","Hitobject","HitObject.1","Sonso",0,0.0430728241563055,0.0559502664298401
"1963","100678","Action_21","Morph_44","KW","Attendme","Hittingobject","HitObject.6","Sonso",1.40609698841607,0.00155417406749556,0.00799289520426288
"1964","102308","Action_42","Morph_91","KW","Moveclose","Push","Push.4","Sonso",0.609765571620894,0.00932504440497336,0.0466252220248668
"1965","100339","Action_42","Morph_92","KW","Takeobjectnurse","Push","Push.5","Sonso",0.392042087776024,0.0066607460035524,0.0466252220248668
"1966","101206","Action_42","Morph_92","KW","Climbonme","Push","Push.5","Sonso",0.364643113587909,0.0066607460035524,0.0466252220248668
"1967","102345","Action_45","Morph_100","KW","Climbonme","Reach","Reach.1","Sonso",0.770108221696074,0.0408525754884547,0.0801509769094138
"1968","102168","Action_3","Morph_16","KW","Play","Bite","Bite.8","Sonso",2.36837283353205,0.00288632326820604,0.0168738898756661
"1969","102168","Action_15","Morph_36","KW","Play","Grabhold","GrabHold.2","Sonso",3.51927666972776,0.005550621669627,0.0204262877442274
"1970","101495","Action_42","Morph_88","KW","Climbonme","Push","Push.1","Sonso",1.25846098961001,0.0106571936056838,0.0466252220248668
"1971","100333","Action_38","Morph_75","KW","Climbonme","Present","Present.1","Sonso",0.336472236621213,0.0170959147424512,0.0492895204262877
"1972","100141","Action_45","Morph_100","KW","Climbonme","Reach","Reach.1","Sonso",-0.27443684570176,0.0408525754884547,0.0801509769094138
"1973","100029","Action_38","Morph_75","KW","Climbonme","Present","Present.1","Sonso",1.1999647829284,0.0170959147424512,0.0492895204262877
"1974","102170","Action_64","Morph_136","KW","Playcontinue","Touchlongother","Touch.5","Sonso",2.17475172148416,0.00421847246891652,0.0175399644760213
"1975","100780","Action_42","Morph_92","KW","Moveclose","Push","Push.5","Sonso",0.336472236621213,0.0066607460035524,0.0466252220248668
"1976","100109a","Action_41","Morph_86","KW","Climbonme","Pull","Pull.3","Sonso",1.04380405217311,0.00510657193605684,0.0253108348134991
"1977","100149","Action_42","Morph_93","KW","Followme","Push","Push.6","Sonso",-0.44628710262842,0.0066607460035524,0.0466252220248668
"1978","101633","Action_63","Morph_139","KW","Play","Touch","Touch.8","Sonso",0.470003629245736,0.00577264653641208,0.0341918294849023
"1979","101023","Action_15","Morph_36","KW","Stopbehaviour","Grabhold","GrabHold.2","Sonso",2.278292400425,0.005550621669627,0.0204262877442274
"1980","101167","Action_38","Morph_75","KW","Climbonme","Present","Present.1","Sonso",1.01523067972906,0.0170959147424512,0.0492895204262877
"1981","100689","Action_63","Morph_136","KW","Stopbehaviour","Touch","Touch.5","Sonso",0.693147180559945,0.00421847246891652,0.0341918294849023
"1982","100788","Action_38","Morph_75","KW","Directattention","Present","Present.1","Sonso",1.49065437644413,0.0170959147424512,0.0492895204262877
"1983","102072","Action_2","Morph_4","KW","Directattention","Bigloudscratch","BigLoudScratch.2","Sonso",-0.27443684570176,0.019316163410302,0.0577264653641208
"1984","102400","Action_45","Morph_100","KW","Affiliation","Reach","Reach.1","Sonso",0.307484699747961,0.0408525754884547,0.0801509769094138
"1985","100158","Action_2","Morph_4","KW","Groom","Bigloudscratch","BigLoudScratch.2","Sonso",0.712949807856125,0.019316163410302,0.0577264653641208
"1986","101237","Action_42","Morph_91","KW","Position","Push","Push.4","Sonso",0.336472236621213,0.00932504440497336,0.0466252220248668
"1987","100787b","Action_38","Morph_80","KW","Groom","Present","Present.6","Sonso",1.00063188030791,0.00155417406749556,0.0492895204262877
"1988","100834","Action_42","Morph_93","KW","Position","Push","Push.6","Sonso",0.113328685307003,0.0066607460035524,0.0466252220248668
"1989","102072","Action_38","Morph_76","KW","Directattention","Present","Present.2","Sonso",-0.27443684570176,0.0135435168738899,0.0492895204262877
"1990","100832","Action_38","Morph_79","KW","Groom","Present","Present.5","Sonso",0.924258901523332,0.00688277087033748,0.0492895204262877
"1991","100789","Action_64","Morph_132","KW","Play","Touchlongother","Touch.1","Sonso",0.65232518603969,0.0104351687388988,0.0175399644760213
"1992","100323","Action_39","Morph_82","KW","Sexualattention","Presentgenitalsbackwards","PresentGenitals.1","Sonso",0.587786664902119,0.0295293072824156,0.033303730017762
"1993","102250a","Action_2","Morph_4","KW","Travel","Bigloudscratch","BigLoudScratch.2","Sonso",2.54317555791198,0.019316163410302,0.0577264653641208
"1994","102250a","Action_2","Morph_3","KW","Travel","Bigloudscratch","BigLoudScratch.1","Sonso",1.56024766824333,0.0215364120781528,0.0577264653641208
"1995","102250a","Action_2","Morph_5","KW","Travel","Bigloudscratch","BigLoudScratch.3","Sonso",1.43508452528932,0.0119893428063943,0.0577264653641208
"1996","102335","Action_42","Morph_93","KW","Position","Push","Push.6","Sonso",-0.510825623765991,0.0066607460035524,0.0466252220248668
"1997","101932","Action_42","Morph_90","KW","Position","Push","Push.3","Sonso",0.470003629245736,0.00510657193605684,0.0466252220248668
"1998","102250a","Action_2","Morph_6","KW","Travel","Bigloudscratch","BigLoudScratch.4","Sonso",2.68102152871429,0.00421847246891652,0.0577264653641208
"1999","102307","Action_2","Morph_4","KW","Groom","Bigloudscratch","BigLoudScratch.2","Sonso",1.52605630349505,0.019316163410302,0.0577264653641208
"2000","100218b","Action_45","Morph_100","KW","Sexualattention","Reach","Reach.1","Sonso",0.609765571620894,0.0408525754884547,0.0801509769094138
"2001","100081","Action_39","Morph_82","KW","Sexualattention","Presentgenitalsbackwards","PresentGenitals.1","Sonso",0.631271776841858,0.0295293072824156,0.033303730017762
"2002","100320","Action_39","Morph_82","KW","Sexualattention","Presentgenitalsbackwards","PresentGenitals.1","Sonso",0.672944473242426,0.0295293072824156,0.033303730017762
"2003","100334b","Action_39","Morph_82","KW","Affiliation","Presentgenitalsbackwards","PresentGenitals.1","Sonso",0,0.0295293072824156,0.033303730017762
"2004","100840","Action_42","Morph_89","KW","Position","Push","Push.2","Sonso",0,0.00355239786856128,0.0466252220248668
"2005","100839","Action_42","Morph_89","KW","Position","Push","Push.2","Sonso",0.908258560176891,0.00355239786856128,0.0466252220248668
"2006","100337b","Action_39","Morph_82","KW","Stopbehaviour","Presentgenitalsbackwards","PresentGenitals.1","Sonso",0.182321556793955,0.0295293072824156,0.033303730017762
"2007","102344","Action_17","Morph_39","KW","Moveaway","Hitobject","HitObject.1","Sonso",-0.22314355131421,0.0430728241563055,0.0559502664298401
"2008","100132","Action_39","Morph_82","KW","Sociosexualattention","Presentgenitalsbackwards","PresentGenitals.1","Sonso",0.182321556793955,0.0295293072824156,0.033303730017762
"2009","100871","Action_42","Morph_93","KW","Position","Push","Push.6","Sonso",0.470003629245736,0.0066607460035524,0.0466252220248668
"2010","100870","Action_2","Morph_5","KW","Groom","Bigloudscratch","BigLoudScratch.3","Sonso",1.41585316336144,0.0119893428063943,0.0577264653641208
"2011","100989","Action_39","Morph_82","KW","Giveme","Presentgenitalsbackwards","PresentGenitals.1","Sonso",0.0769610411361284,0.0295293072824156,0.033303730017762
"2012","100989","Action_39","Morph_82","KW","Giveme","Presentgenitalsbackwards","PresentGenitals.1","Sonso",0.246860077931526,0.0295293072824156,0.033303730017762
"2013","100759","Action_20","Morph_50","KW","Stopbehaviour","Hitother","HitOther.6","Sonso",-0.579818495252942,0.00488454706927176,0.0404085257548845
"2014","100759","Action_20","Morph_50","KW","Stopbehaviour","Hitother","HitOther.6","Sonso",-0.127833371509885,0.00488454706927176,0.0404085257548845
"2015","101336","Action_20","Morph_45","KX","Play","Hitother","HitOther.1","Sonso",-0.44628710262842,0.0202042628774423,0.0404085257548845
"2016","101717","Action_15","Morph_37","KX","Play","Grabhold","GrabHold.3","Sonso",2.68102152871429,0.00532859680284192,0.0204262877442274
"2017","101336","Action_14","Morph_32","KX","Play","Grab","Grab.4","Sonso",0.65232518603969,0.00754884547069272,0.0353019538188277
"2018","101911","Action_17","Morph_41","KX","Play","Hitobject","HitObject.3","Sonso",-0.510825623765991,0.00510657193605684,0.0559502664298401
"2019","101911","Action_8","Morph_19","KX","Play","Dangle","Dangle.1","Sonso",0.693147180559945,0.0484014209591474,0.0484014209591474
"2020","101911","Action_32","Morph_60","KX","Play","Objectmouth","ObjectMouth.1","Sonso",1.41585316336144,0.00466252220248668,0.00466252220248668
"2021","101911","Action_60","Morph_127","KX","Play","Swing","Swing.1","Sonso",0.631271776841858,0.0428507992895204,0.0475133214920071
"2022","101221","Action_60","Morph_127","KX","Play","Swing","Swing.1","Sonso",0.494696241836107,0.0428507992895204,0.0475133214920071
"2023","101221","Action_9","Morph_20","KX","Play","Dangleshake","DangleShake.1","Sonso",2.45787797740008,0.00710479573712256,0.00710479573712256
"2024","101222","Action_8","Morph_19","KX","Play","Dangle","Dangle.1","Sonso",2.53686638871871,0.0484014209591474,0.0484014209591474
"2025","101221","Action_60","Morph_127","KX","Play","Swing","Swing.1","Sonso",0.732367893713227,0.0428507992895204,0.0475133214920071
"2026","100778a","Action_15","Morph_35","KX","Play","Grabhold","GrabHold.1","Sonso",2.089391872533,0.00932504440497336,0.0204262877442274
"2027","101221","Action_50","Morph_108","KX","Play","Shake","Shake.2","Sonso",0.182321556793955,0.00466252220248668,0.0122113676731794
"2028","101221","Action_45","Morph_100","KX","Play","Reach","Reach.1","Sonso",0.494696241836107,0.0408525754884547,0.0801509769094138
"2029","101221","Action_60","Morph_127","KX","Play","Swing","Swing.1","Sonso",0.494696241836107,0.0428507992895204,0.0475133214920071
"2030","101901","Action_34","Morph_65","KX","Playcontinue","Objectshake","ObjectShake.1","Sonso",0.78845736036427,0.0746003552397869,0.108792184724689
"2031","101497a","Action_23","Morph_48","KX","Play","Hittingother","HitOther.4","Sonso",-0.22314355131421,0.00732682060390764,0.0157637655417407
"2032","101901","Action_57","Morph_115","KX","Playcontinue","Stompobject","StompObject.1","Sonso",0.113328685307003,0.0337477797513321,0.0424067495559503
"2033","101901","Action_20","Morph_45","KX","Playcontinue","Hitother","HitOther.1","Sonso",0.27763173659828,0.0202042628774423,0.0404085257548845
"2034","101497a","Action_42","Morph_95","KX","Play","Push","Push.8","Sonso",0.732367893713227,0.00133214920071048,0.0466252220248668
"2035","101083","Action_14","Morph_34","KX","Play","Grab","Grab.6","Sonso",0.56531380905006,0.00355239786856128,0.0353019538188277
"2036","101083","Action_32","Morph_60","KX","Play","Objectmouth","ObjectMouth.1","Sonso",1.23547147138531,0.00466252220248668,0.00466252220248668
"2037","101219","Action_64","Morph_140","KX","Giveme","Touchlongother","Touch.9","Sonso",1.33500106673234,0.00399644760213144,0.0175399644760213
"2038","101337","Action_63","Morph_139","KX","Play","Touch","Touch.8","Sonso",-0.44628710262842,0.00577264653641208,0.0341918294849023
"2039","101497a","Action_23","Morph_48","KX","Play","Hittingother","HitOther.4","Sonso",-0.127833371509885,0.00732682060390764,0.0157637655417407
"2040","101498","Action_42","Morph_95","KX","Play","Push","Push.8","Sonso",1.33500106673234,0.00133214920071048,0.0466252220248668
"2041","101337","Action_14","Morph_33","KX","Play","Grab","Grab.5","Sonso",0.307484699747961,0.0033303730017762,0.0353019538188277
"2042","101498","Action_20","Morph_45","KX","Play","Hitother","HitOther.1","Sonso",-0.174353387144778,0.0202042628774423,0.0404085257548845
"2043","101498","Action_8","Morph_19","KX","Play","Dangle","Dangle.1","Sonso",1.34547236659964,0.0484014209591474,0.0484014209591474
"2044","101606","Action_34","Morph_67","KX","Play","Objectshake","ObjectShake.3","Sonso",0.113328685307003,0.0022202486678508,0.108792184724689
"2045","101813a","Action_20","Morph_49","KX","Play","Hitother","HitOther.5","Sonso",-0.82098055206983,0.00599467140319716,0.0404085257548845
"2046","101813a","Action_20","Morph_49","KX","Play","Hitother","HitOther.5","Sonso",-0.7339691750802,0.00599467140319716,0.0404085257548845
"2047","101555","Action_56","Morph_123","KX","Play","Stompingother","StompOther.2","Sonso",1.65632149833295,0.00244227353463588,0.00266429840142096
"2048","101555","Action_23","Morph_47","KX","Play","Hittingother","HitOther.3","Sonso",0.307484699747961,0.00843694493783304,0.0157637655417407
"2049","100203p2","Action_2","Morph_3","KY","Travel","Bigloudscratch","BigLoudScratch.1","Sonso",1.23547147138531,0.0215364120781528,0.0577264653641208
"2050","100203p2","Action_2","Morph_4","KY","Travel","Bigloudscratch","BigLoudScratch.2","Sonso",1.46325540225602,0.019316163410302,0.0577264653641208
"2051","100203p1","Action_2","Morph_4","KY","Travel","Bigloudscratch","BigLoudScratch.2","Sonso",0.89199803930511,0.019316163410302,0.0577264653641208
"2052","100203p2","Action_2","Morph_4","KY","Travel","Bigloudscratch","BigLoudScratch.2","Sonso",1.46325540225602,0.019316163410302,0.0577264653641208
"2053","100203p2","Action_2","Morph_3","KY","Travel","Bigloudscratch","BigLoudScratch.1","Sonso",0.955511445027436,0.0215364120781528,0.0577264653641208
"2054","101497b","Action_14","Morph_32","KY","Stopbehaviour","Grab","Grab.4","Sonso",0.27763173659828,0.00754884547069272,0.0353019538188277
"2055","100203p2","Action_2","Morph_4","KY","Travel","Bigloudscratch","BigLoudScratch.2","Sonso",0.418710334858185,0.019316163410302,0.0577264653641208
"2056","100203p2","Action_2","Morph_3","KY","Travel","Bigloudscratch","BigLoudScratch.1","Sonso",0.732367893713227,0.0215364120781528,0.0577264653641208
"2057","100203p2","Action_2","Morph_3","KY","Travel","Bigloudscratch","BigLoudScratch.1","Sonso",1.85629799036563,0.0215364120781528,0.0577264653641208
"2058","100222a","Action_57","Morph_115","KY","Staysame","Stompobject","StompObject.1","Sonso",-0.7339691750802,0.0337477797513321,0.0424067495559503
"2059","100222a","Action_45","Morph_100","KY","Staysame","Reach","Reach.1","Sonso",0.113328685307003,0.0408525754884547,0.0801509769094138
"2060","100388","Action_41","Morph_85","KY","Playcontinue","Pull","Pull.2","Sonso",1.00063188030791,0.00643872113676732,0.0253108348134991
"2061","100892","Action_34","Morph_65","KZ","Sexualattention","Objectshake","ObjectShake.1","Sonso",0.770108221696074,0.0746003552397869,0.108792184724689
"2062","100892","Action_17","Morph_39","KZ","Sexualattention","Hitobject","HitObject.1","Sonso",-0.653926467406664,0.0430728241563055,0.0559502664298401
"2063","101349","Action_18","Morph_40","KZ","Sexualattention","Hitobjectobject","HitObject.2","Sonso",0.246860077931526,0.0119893428063943,0.00466252220248668
"2064","100892","Action_57","Morph_119","KZ","Sexualattention","Stompobject","StompObject.5","Sonso",-0.22314355131421,0.00155417406749556,0.0424067495559503
"2065","101349","Action_33","Morph_61","KZ","Sexualattention","Objectmove","ObjectMove.1","Sonso",-0.22314355131421,0.0317495559502664,0.0406305506216696
"2066","101349","Action_17","Morph_40","KZ","Sexualattention","Hitobject","HitObject.2","Sonso",0.246860077931526,0.0119893428063943,0.0559502664298401
"2067","100892","Action_34","Morph_66","KZ","Sexualattention","Objectshake","ObjectShake.2","Sonso",0.908258560176891,0.0237566607460036,0.108792184724689
"2068","100892","Action_17","Morph_39","KZ","Sexualattention","Hitobject","HitObject.1","Sonso",-0.82098055206983,0.0430728241563055,0.0559502664298401
"2069","100875a","Action_38","Morph_79","KZ","Sociosexualattention","Present","Present.5","Sonso",0.631271776841858,0.00688277087033748,0.0492895204262877
"2070","101755b","Action_34","Morph_65","KZ","Moveaway","Objectshake","ObjectShake.1","Sonso",0.0392207131532813,0.0746003552397869,0.108792184724689
"2071","102152","Action_42","Morph_92","KZ","Position","Push","Push.5","Sonso",0.494696241836107,0.0066607460035524,0.0466252220248668
"2072","101636","Action_8","Morph_19","KZ","Playcontinue","Dangle","Dangle.1","Sonso",1.22377543162212,0.0484014209591474,0.0484014209591474
"2073","101630","Action_3","Morph_11","KZ","Play","Bite","Bite.3","Sonso",0.0769610411361284,0.00310834813499112,0.0168738898756661
"2074","101632","Action_64","Morph_139","KZ","Play","Touchlongother","Touch.8","Sonso",1.39624469197306,0.00577264653641208,0.0175399644760213
"2075","101632","Action_16","Morph_38","KZ","Play","Headstand","HeadStand.1","Sonso",1.12492959698548,0.0066607460035524,0.0066607460035524
"2076","101636","Action_20","Morph_45","KZ","Playcontinue","Hitother","HitOther.1","Sonso",-0.44628710262842,0.0202042628774423,0.0404085257548845
"2077","100961b","Action_14","Morph_33","KZ","Play","Grab","Grab.5","Sonso",-0.083381608939051,0.0033303730017762,0.0353019538188277
"2078","100961b","Action_20","Morph_45","KZ","Play","Hitother","HitOther.1","Sonso",-0.7339691750802,0.0202042628774423,0.0404085257548845
"2079","101504","Action_15","Morph_36","KZ","Play","Grabhold","GrabHold.2","Sonso",1.56024766824333,0.005550621669627,0.0204262877442274
"2080","100317","Action_47","Morph_103","KZ","Sexualattention","Rockingsit","Rocking.1","Sonso",1.73695123273306,0.00377442273534636,0.00377442273534636
"2081","101504","Action_14","Morph_30","KZ","Play","Grab","Grab.2","Sonso",1.07158361628019,0.00799289520426288,0.0353019538188277
"2082","100307","Action_47","Morph_103","KZ","Sexualattention","Rockingsit","Rocking.1","Sonso",1.02961941718116,0.00377442273534636,0.00377442273534636
"2083","100707","Action_23","Morph_47","KZ","Affiliation","Hittingother","HitOther.3","Sonso",2.41591377830105,0.00843694493783304,0.0157637655417407
"2084","100833","Action_23","Morph_47","KZ","Play","Hittingother","HitOther.3","Sonso",0.924258901523332,0.00843694493783304,0.0157637655417407
"2085","101279","Action_63","Morph_135","KZ","Stopbehaviour","Touch","Touch.4","Sonso",0.985816794522765,0.00488454706927176,0.0341918294849023
"2086","101681","Action_42","Morph_91","KZ","Play","Push","Push.4","Sonso",-0.510825623765991,0.00932504440497336,0.0466252220248668
"2087","101681","Action_17","Morph_39","KZ","Play","Hitobject","HitObject.1","Sonso",-0.44628710262842,0.0430728241563055,0.0559502664298401
"2088","101213p1","Action_45","Morph_100","KZ","Play","Reach","Reach.1","Sonso",2.28645571106416,0.0408525754884547,0.0801509769094138
"2089","100136","Action_17","Morph_39","KZ","Moveaway","Hitobject","HitObject.1","Sonso",-0.127833371509885,0.0430728241563055,0.0559502664298401
"2090","100278b","Action_17","Morph_40","KZ","Play","Hitobject","HitObject.2","Sonso",0.215111379616945,0.0119893428063943,0.0559502664298401
"2091","100135","Action_17","Morph_39","KZ","Play","Hitobject","HitObject.1","Sonso",-1.13943428318836,0.0430728241563055,0.0559502664298401
"2092","101028","Action_63","Morph_137","KZ","Stopbehaviour","Touch","Touch.6","Sonso",0.418710334858185,0.00488454706927176,0.0341918294849023
"2093","100277","Action_17","Morph_39","KZ","Play","Hitobject","HitObject.1","Sonso",-0.44628710262842,0.0430728241563055,0.0559502664298401
"2094","100278b","Action_29","Morph_58","KZ","Play","Locomotegallop","LocomoteGallop.1","Sonso",1.00063188030791,0.00821492007104796,0.00821492007104796
"2095","100278b","Action_33","Morph_61","KZ","Play","Objectmove","ObjectMove.1","Sonso",0.470003629245736,0.0317495559502664,0.0406305506216696
"2096","100135","Action_60","Morph_127","KZ","Play","Swing","Swing.1","Sonso",-0.22314355131421,0.0428507992895204,0.0475133214920071
"2097","100277","Action_20","Morph_45","KZ","Play","Hitother","HitOther.1","Sonso",-0.127833371509885,0.0202042628774423,0.0404085257548845
"2098","101028","Action_63","Morph_137","KZ","Stopbehaviour","Touch","Touch.6","Sonso",1.60140574073684,0.00488454706927176,0.0341918294849023
"2099","101774","Action_41","Morph_86","KZ","Play","Pull","Pull.3","Sonso",0.940007258491471,0.00510657193605684,0.0253108348134991
"2100","101624","Action_17","Morph_39","KZ","Stopbehaviour","Hitobject","HitObject.1","Sonso",-0.174353387144778,0.0430728241563055,0.0559502664298401
"2101","101619","Action_15","Morph_35","KZ","Giveme","Grabhold","GrabHold.1","Sonso",1.85002837735203,0.00932504440497336,0.0204262877442274
"2102","102250b","Action_2","Morph_6","KZ","Travel","Bigloudscratch","BigLoudScratch.4","Sonso",0.806475865866949,0.00421847246891652,0.0577264653641208
"2103","101930","Action_38","Morph_77","KZ","Groom","Present","Present.3","Sonso",3.69386699562498,0.00466252220248668,0.0492895204262877
"2104","101619","Action_45","Morph_101","KZ","Giveme","Reach","Reach.2","Sonso",0.113328685307003,0.0370781527531083,0.0801509769094138
"2105","101619","Action_15","Morph_35","KZ","Giveme","Grabhold","GrabHold.1","Sonso",2.13771044980381,0.00932504440497336,0.0204262877442274
"2106","101620","Action_45","Morph_101","KZ","Giveme","Reach","Reach.2","Sonso",1.89911798754855,0.0370781527531083,0.0801509769094138
"2107","101619","Action_45","Morph_101","KZ","Giveme","Reach","Reach.2","Sonso",1.71559810826249,0.0370781527531083,0.0801509769094138
"2108","101619","Action_45","Morph_101","KZ","Giveme","Reach","Reach.2","Sonso",0.712949807856125,0.0370781527531083,0.0801509769094138
"2109","100986a","Action_45","Morph_100","KZ","Giveme","Reach","Reach.1","Sonso",1.44456326924387,0.0408525754884547,0.0801509769094138
"2110","100983","Action_34","Morph_66","KZ","Giveme","Objectshake","ObjectShake.2","Sonso",1.48160454092422,0.0237566607460036,0.108792184724689
"2111","100987","Action_45","Morph_100","KZ","Giveme","Reach","Reach.1","Sonso",2.75493378700106,0.0408525754884547,0.0801509769094138
"2112","100986a","Action_45","Morph_100","KZ","Giveme","Reach","Reach.1","Sonso",1.43508452528932,0.0408525754884547,0.0801509769094138
"2113","101216","Action_39","Morph_83","KZ","Sociosexualattention","Presentgenitalsbackwards","PresentGenitals.2","Sonso",0.65232518603969,0.00577264653641208,0.033303730017762
"2114","102411","Action_34","Morph_65","KZ","Sexualattention","Objectshake","ObjectShake.1","Sonso",0.970778917158225,0.0746003552397869,0.108792184724689
"2115","102411","Action_34","Morph_65","KZ","Sexualattention","Objectshake","ObjectShake.1","Sonso",-0.44628710262842,0.0746003552397869,0.108792184724689
"2116","100240","Action_3","Morph_12","KZ","Affiliation","Bite","Bite.4","Sonso",0.924258901523332,0.00177619893428064,0.0168738898756661
"2117","100137","Action_39","Morph_82","KZ","Stopbehaviour","Presentgenitalsbackwards","PresentGenitals.1","Sonso",1.37624402526639,0.0295293072824156,0.033303730017762
"2118","100300","Action_33","Morph_61","KZ","Staysame","Objectmove","ObjectMove.1","Sonso",0.0392207131532813,0.0317495559502664,0.0406305506216696
"2119","100137","Action_63","Morph_135","KZ","Stopbehaviour","Touch","Touch.4","Sonso",0.78845736036427,0.00488454706927176,0.0341918294849023
"2120","101056","Action_20","Morph_46","KZ","Play","Hitother","HitOther.2","Sonso",-0.510825623765991,0.00932504440497336,0.0404085257548845
"2121","101230","Action_34","Morph_65","KZ","Play","Objectshake","ObjectShake.1","Sonso",-0.0408219945202552,0.0746003552397869,0.108792184724689
"2122","101230","Action_15","Morph_37","KZ","Play","Grabhold","GrabHold.3","Sonso",1.00063188030791,0.00532859680284192,0.0204262877442274
"2123","101230","Action_33","Morph_61","KZ","Play","Objectmove","ObjectMove.1","Sonso",0.246860077931526,0.0317495559502664,0.0406305506216696
"2124","101197a","Action_15","Morph_36","KZ","Play","Grabhold","GrabHold.2","Sonso",1.33500106673234,0.005550621669627,0.0204262877442274
"2125","101197a","Action_63","Morph_134","KZ","Play","Touch","Touch.3","Sonso",0.364643113587909,0.00488454706927176,0.0341918294849023
"2126","101197a","Action_63","Morph_134","KZ","Play","Touch","Touch.3","Sonso",0.609765571620894,0.00488454706927176,0.0341918294849023
"2127","102158","Action_27","Morph_54","KZ","Sexualattention","Leafclip","LeafClip.1","Sonso",1.67896397508271,0.0044404973357016,0.00599467140319716
"2128","101002","Action_50","Morph_108","KZ","Play","Shake","Shake.2","Sonso",-0.174353387144778,0.00466252220248668,0.0122113676731794
"2129","101002","Action_50","Morph_110","KZ","Play","Shake","Shake.4","Sonso",-0.127833371509885,0.00399644760213144,0.0122113676731794
"2130","101658","Action_57","Morph_115","KZ","Play","Stompobject","StompObject.1","Sonso",-0.653926467406664,0.0337477797513321,0.0424067495559503
"2131","101658","Action_17","Morph_39","KZ","Play","Hitobject","HitObject.1","Sonso",-0.44628710262842,0.0430728241563055,0.0559502664298401
"2132","101658","Action_17","Morph_40","KZ","Play","Hitobject","HitObject.2","Sonso",-0.328504066972036,0.0119893428063943,0.0559502664298401
"2133","101658","Action_21","Morph_42","KZ","Play","Hittingobject","HitObject.4","Sonso",0,0.00599467140319716,0.00799289520426288
"2134","101658","Action_17","Morph_40","KZ","Play","Hitobject","HitObject.2","Sonso",-0.510825623765991,0.0119893428063943,0.0559502664298401
"2135","101776","Action_55","Morph_117","KZ","Moveaway","Stompingobject","StompObject.3","Sonso",0.542324290825362,0.00688277087033748,0.0230905861456483
"2136","101776","Action_17","Morph_39","KZ","Moveaway","Hitobject","HitObject.1","Sonso",-1.13943428318836,0.0430728241563055,0.0559502664298401
"2137","101853","Action_63","Morph_132","KZ","Staysame","Touch","Touch.1","Sonso",-0.916290731874155,0.0104351687388988,0.0341918294849023
"2138","101271","Action_42","Morph_93","KZ","Position","Push","Push.6","Sonso",0,0.0066607460035524,0.0466252220248668
"2139","100232","Action_13","Morph_27","KZ","Moveaway","Fling","Fling.1","Sonso",-0.44628710262842,0.00688277087033748,0.0117673179396092
"2140","101492","Action_14","Morph_30","KZ","Play","Grab","Grab.2","Sonso",-0.27443684570176,0.00799289520426288,0.0353019538188277
"2141","100233a","Action_63","Morph_133","KZ","Affiliation","Touch","Touch.2","Sonso",-0.579818495252942,0.00754884547069272,0.0341918294849023
"2142","100079","Action_23","Morph_47","KZ","Affiliation","Hittingother","HitOther.3","Sonso",0.858661619037519,0.00843694493783304,0.0157637655417407
"2143","100097","Action_63","Morph_135","KZ","Sociosexualattention","Touch","Touch.4","Sonso",0.703592438421484,0.00488454706927176,0.0341918294849023
"2144","100234b","Action_3","Morph_9","KZ","Affiliation","Bite","Bite.1","Sonso",1.880990602956,0.0044404973357016,0.0168738898756661
"2145","101123","Action_23","Morph_47","KZ","Sociosexualattention","Hittingother","HitOther.3","Sonso",1.01523067972906,0.00843694493783304,0.0157637655417407
"2146","102360b","Action_20","Morph_45","KZ","Playcontinue","Hitother","HitOther.1","Sonso",-0.579818495252942,0.0202042628774423,0.0404085257548845
"2147","102360b","Action_37","Morph_74","KZ","Playcontinue","Poke","Poke.1","Sonso",-1.13943428318836,0.00266429840142096,0.00266429840142096
"2148","102360b","Action_37","Morph_74","KZ","Playcontinue","Poke","Poke.1","Sonso",-0.385662480811985,0.00266429840142096,0.00266429840142096
"2149","100632","Action_39","Morph_82","LL","Affiliation","Presentgenitalsbackwards","PresentGenitals.1","Sonso",0.693147180559945,0.0295293072824156,0.033303730017762
"2150","100628b","Action_49","Morph_105","LL","Sexualattention","Rub","Rub.1","Sonso",1.1999647829284,0.0044404973357016,0.0066607460035524
"2151","100636a","Action_39","Morph_82","LL","Sociosexualattention","Presentgenitalsbackwards","PresentGenitals.1","Sonso",0.770108221696074,0.0295293072824156,0.033303730017762
"2152","100627","Action_39","Morph_82","LL","Sexualattention","Presentgenitalsbackwards","PresentGenitals.1","Sonso",0.693147180559945,0.0295293072824156,0.033303730017762
"2153","100641b","Action_39","Morph_82","LL","Sexualattention","Presentgenitalsbackwards","PresentGenitals.1","Sonso",1.1999647829284,0.0295293072824156,0.033303730017762
"2154","100639a","Action_39","Morph_82","LL","Sexualattention","Presentgenitalsbackwards","PresentGenitals.1","Sonso",0.8754687373539,0.0295293072824156,0.033303730017762
"2155","100649a","Action_39","Morph_82","LL","Sociosexualattention","Presentgenitalsbackwards","PresentGenitals.1","Sonso",0.56531380905006,0.0295293072824156,0.033303730017762
"2156","100653b","Action_45","Morph_100","LL","Affiliation","Reach","Reach.1","Sonso",1.42551507427317,0.0408525754884547,0.0801509769094138
"2157","100653b","Action_64","Morph_134","LL","Affiliation","Touchlongother","Touch.3","Sonso",2.30657711426358,0.00488454706927176,0.0175399644760213
"2158","100638","Action_39","Morph_82","LL","Sociosexualattention","Presentgenitalsbackwards","PresentGenitals.1","Sonso",1.00063188030791,0.0295293072824156,0.033303730017762
"2159","100652a","Action_39","Morph_82","LL","Sociosexualattention","Presentgenitalsbackwards","PresentGenitals.1","Sonso",-0.22314355131421,0.0295293072824156,0.033303730017762
"2160","100699","Action_38","Morph_75","LL","Groom","Present","Present.1","Sonso",0.215111379616945,0.0170959147424512,0.0492895204262877
"2161","100700","Action_38","Morph_75","LL","Groom","Present","Present.1","Sonso",3.21567069391925,0.0170959147424512,0.0492895204262877
"2162","102372","Action_45","Morph_100","LL","Giveme","Reach","Reach.1","Sonso",1.11185751541813,0.0408525754884547,0.0801509769094138
"2163","102372","Action_20","Morph_50","LL","Giveme","Hitother","HitOther.6","Sonso",-0.82098055206983,0.00488454706927176,0.0404085257548845
"2164","100777","Action_39","Morph_82","LL","Groom","Presentgenitalsbackwards","PresentGenitals.1","Sonso",1.39624469197306,0.0295293072824156,0.033303730017762
"2165","100797b","Action_39","Morph_82","LL","Sexualattention","Presentgenitalsbackwards","PresentGenitals.1","Sonso",0.56531380905006,0.0295293072824156,0.033303730017762
"2166","100719b","Action_2","Morph_6","MA","Groom","Bigloudscratch","BigLoudScratch.4","Sonso",1.63315443905142,0.00421847246891652,0.0577264653641208
"2167","100717","Action_38","Morph_76","MA","Groom","Present","Present.2","Sonso",0.56531380905006,0.0135435168738899,0.0492895204262877
"2168","100718","Action_38","Morph_79","MA","Groom","Present","Present.5","Sonso",0.631271776841858,0.00688277087033748,0.0492895204262877
"2169","100465","Action_2","Morph_3","MA","Directattention","Bigloudscratch","BigLoudScratch.1","Sonso",0.27763173659828,0.0215364120781528,0.0577264653641208
"2170","100091a","Action_58","Morph_122","MB","Play","Stompother","StompOther.1","Sonso",-0.510825623765991,0.00244227353463588,0.00377442273534636
"2171","100091a","Action_20","Morph_49","MB","Play","Hitother","HitOther.5","Sonso",-0.328504066972036,0.00599467140319716,0.0404085257548845
"2172","100091a","Action_58","Morph_122","MB","Play","Stompother","StompOther.1","Sonso",-0.328504066972036,0.00244227353463588,0.00377442273534636
"2173","100221","Action_57","Morph_119","MB","Play","Stompobject","StompObject.5","Sonso",0.246860077931526,0.00155417406749556,0.0424067495559503
"2174","100218a","Action_43","Morph_96","MB","Sexualattention","Raise","Raise.1","Sonso",-0.579818495252942,0.00865896980461812,0.0113232682060391
"2175","102428","Action_45","Morph_100","MI","Play","Reach","Reach.1","Sonso",1.79840401194672,0.0408525754884547,0.0801509769094138
"2176","101845","Action_45","Morph_100","MI","Play","Reach","Reach.1","Sonso",0.587786664902119,0.0408525754884547,0.0801509769094138
"2177","100496","Action_14","Morph_29","MI","Affiliation","Grab","Grab.1","Sonso",0.5675839575846,0.00821492007104796,0.0353019538188277
"2178","100496","Action_15","Morph_35","MI","Affiliation","Grabhold","GrabHold.1","Sonso",1.7718968401318,0.00932504440497336,0.0204262877442274
"2179","100845","Action_15","Morph_35","MI","Attendme","Grabhold","GrabHold.1","Sonso",2.006870848845,0.00932504440497336,0.0204262877442274
"2180","100224","Action_17","Morph_39","MI","Playcontinue","Hitobject","HitObject.1","Sonso",-0.44628710262842,0.0430728241563055,0.0559502664298401
"2181","100537","Action_38","Morph_75","MK","Directattention","Present","Present.1","Sonso",1.22377543162212,0.0170959147424512,0.0492895204262877
"2182","102425","Action_45","Morph_100","MK","Staysame","Reach","Reach.1","Sonso",0.0392207131532813,0.0408525754884547,0.0801509769094138
"2183","102425","Action_33","Morph_61","MK","Staysame","Objectmove","ObjectMove.1","Sonso",-0.653926467406664,0.0317495559502664,0.0406305506216696
"2184","100489","Action_60","Morph_127","MK","Moveaway","Swing","Swing.1","Sonso",-0.579818495252942,0.0428507992895204,0.0475133214920071
"2185","102029","Action_45","Morph_100","MK","Moveclose","Reach","Reach.1","Sonso",0.587786664902119,0.0408525754884547,0.0801509769094138
"2186","100490","Action_2","Morph_5","MK","Groom","Bigloudscratch","BigLoudScratch.3","Sonso",0.518793793415168,0.0119893428063943,0.0577264653641208
"2187","100704a","Action_2","Morph_3","MK","Groom","Bigloudscratch","BigLoudScratch.1","Sonso",1.12492959698548,0.0215364120781528,0.0577264653641208
"2188","101791","Action_38","Morph_75","MK","Groom","Present","Present.1","Sonso",1.40609698841607,0.0170959147424512,0.0492895204262877
"2189","102030","Action_2","Morph_4","MK","Groom","Bigloudscratch","BigLoudScratch.2","Sonso",1.07158361628019,0.019316163410302,0.0577264653641208
"2190","101909a","Action_2","Morph_4","MK","Groom","Bigloudscratch","BigLoudScratch.2","Sonso",1.21194097397511,0.019316163410302,0.0577264653641208
"2191","102030","Action_38","Morph_76","MK","Groom","Present","Present.2","Sonso",1.70110510095992,0.0135435168738899,0.0492895204262877
"2192","102015b","Action_38","Morph_76","MK","Groom","Present","Present.2","Sonso",2.09433015417359,0.0135435168738899,0.0492895204262877
"2193","102032","Action_38","Morph_76","MK","Groom","Present","Present.2","Sonso",1.48160454092422,0.0135435168738899,0.0492895204262877
"2194","102032","Action_2","Morph_3","MK","Groom","Bigloudscratch","BigLoudScratch.1","Sonso",1.04380405217311,0.0215364120781528,0.0577264653641208
"2195","102015b","Action_38","Morph_76","MK","Groom","Present","Present.2","Sonso",1.35583515363518,0.0135435168738899,0.0492895204262877
"2196","100991b","Action_13","Morph_27","MK","Moveaway","Fling","Fling.1","Sonso",-1.13943428318836,0.00688277087033748,0.0117673179396092
"2197","100993","Action_45","Morph_100","MK","Giveme","Reach","Reach.1","Sonso",1.78758409781757,0.0408525754884547,0.0801509769094138
"2198","100992","Action_45","Morph_100","MK","Giveme","Reach","Reach.1","Sonso",1.77495235091167,0.0408525754884547,0.0801509769094138
"2199","100993","Action_45","Morph_100","MK","Giveme","Reach","Reach.1","Sonso",1.13943428318836,0.0408525754884547,0.0801509769094138
"2200","100992","Action_45","Morph_100","MK","Giveme","Reach","Reach.1","Sonso",0.585005021940242,0.0408525754884547,0.0801509769094138
"2201","100992","Action_45","Morph_101","MK","Giveme","Reach","Reach.2","Sonso",0.717839793150317,0.0370781527531083,0.0801509769094138
"2202","100990","Action_39","Morph_82","MK","Giveme","Presentgenitalsbackwards","PresentGenitals.1","Sonso",-0.510825623765991,0.0295293072824156,0.033303730017762
"2203","100992","Action_45","Morph_101","MK","Giveme","Reach","Reach.2","Sonso",2.6775909936175,0.0370781527531083,0.0801509769094138
"2204","100992","Action_45","Morph_100","MK","Giveme","Reach","Reach.1","Sonso",0.998791953385899,0.0408525754884547,0.0801509769094138
"2205","100756","Action_20","Morph_50","MK","Moveaway","Hitother","HitOther.6","Sonso",-0.328504066972036,0.00488454706927176,0.0404085257548845
"2206","100981","Action_39","Morph_82","ML","Giveme","Presentgenitalsbackwards","PresentGenitals.1","Sonso",0.148420005118273,0.0295293072824156,0.033303730017762
"2207","100981","Action_45","Morph_101","ML","Giveme","Reach","Reach.2","Sonso",1.07158361628019,0.0370781527531083,0.0801509769094138
"2208","100986b","Action_39","Morph_82","ML","Sexualattention","Presentgenitalsbackwards","PresentGenitals.1","Sonso",1.13783300182139,0.0295293072824156,0.033303730017762
"2209","101067","Action_41","Morph_86","ML","Climbonme","Pull","Pull.3","Sonso",0.182321556793955,0.00510657193605684,0.0253108348134991
"2210","100675","Action_8","Morph_19","MN","Play","Dangle","Dangle.1","Sonso",1.07158361628019,0.0484014209591474,0.0484014209591474
"2211","100675","Action_34","Morph_66","MN","Play","Objectshake","ObjectShake.2","Sonso",1.79175946922805,0.0237566607460036,0.108792184724689
"2212","100675","Action_9","Morph_20","MN","Play","Dangleshake","DangleShake.1","Sonso",1.34547236659964,0.00710479573712256,0.00710479573712256
"2213","101834","Action_38","Morph_75","MN","Groom","Present","Present.1","Sonso",1.80500469597808,0.0170959147424512,0.0492895204262877
"2214","100902","Action_45","Morph_100","MN","Givemenurse","Reach","Reach.1","Sonso",-0.27443684570176,0.0408525754884547,0.0801509769094138
"2215","100903","Action_63","Morph_132","MN","Givemenurse","Touch","Touch.1","Sonso",0.444685821261446,0.0104351687388988,0.0341918294849023
"2216","100899","Action_63","Morph_138","MN","Moveclose","Touch","Touch.7","Sonso",0.27763173659828,0.0044404973357016,0.0341918294849023
"2217","100902","Action_45","Morph_100","MN","Givemenurse","Reach","Reach.1","Sonso",0.0769610411361284,0.0408525754884547,0.0801509769094138
"2218","100902","Action_43","Morph_96","MN","Givemenurse","Raise","Raise.1","Sonso",0.494696241836107,0.00865896980461812,0.0113232682060391
"2219","100904","Action_43","Morph_96","MN","Givemenurse","Raise","Raise.1","Sonso",-0.229413164327805,0.00865896980461812,0.0113232682060391
"2220","100895","Action_63","Morph_140","MN","Giveme","Touch","Touch.9","Sonso",0.65232518603969,0.00399644760213144,0.0341918294849023
"2221","100903","Action_43","Morph_96","MN","Givemenurse","Raise","Raise.1","Sonso",-0.510825623765991,0.00865896980461812,0.0113232682060391
"2222","100902","Action_43","Morph_96","MN","Givemenurse","Raise","Raise.1","Sonso",0.182321556793955,0.00865896980461812,0.0113232682060391
"2223","100903","Action_60","Morph_127","MN","Givemenurse","Swing","Swing.1","Sonso",-0.174353387144778,0.0428507992895204,0.0475133214920071
"2224","100899","Action_43","Morph_98","MN","Moveclose","Raise","Raise.3","Sonso",0.215111379616945,0.00177619893428064,0.0113232682060391
"2225","100902","Action_45","Morph_100","MN","Givemenurse","Reach","Reach.1","Sonso",0.587786664902119,0.0408525754884547,0.0801509769094138
"2226","100905","Action_45","Morph_100","MN","Moveclose","Reach","Reach.1","Sonso",0,0.0408525754884547,0.0801509769094138
"2227","100905","Action_45","Morph_100","MN","Moveclose","Reach","Reach.1","Sonso",0.470003629245736,0.0408525754884547,0.0801509769094138
"2228","100113","Action_17","Morph_39","MS","Sexualattention","Hitobject","HitObject.1","Sonso",-0.174353387144778,0.0430728241563055,0.0559502664298401
"2229","100113","Action_33","Morph_61","MS","Sexualattention","Objectmove","ObjectMove.1","Sonso",-0.510825623765991,0.0317495559502664,0.0406305506216696
"2230","100113","Action_34","Morph_65","MS","Sexualattention","Objectshake","ObjectShake.1","Sonso",1.47247205736094,0.0746003552397869,0.108792184724689
"2231","100610p2","Action_34","Morph_65","MS","Attendme","Objectshake","ObjectShake.1","Sonso",-0.22314355131421,0.0746003552397869,0.108792184724689
"2232","100611","Action_33","Morph_61","MS","Attendme","Objectmove","ObjectMove.1","Sonso",0.215111379616945,0.0317495559502664,0.0406305506216696
"2233","100610p2","Action_24","Morph_51","MS","Attendme","Jump","Jump.1","Sonso",-0.083381608939051,0.00732682060390764,0.00732682060390764
"2234","100611","Action_58","Morph_122","MS","Attendme","Stompother","StompOther.1","Sonso",-0.127833371509885,0.00244227353463588,0.00377442273534636
"2235","100610p2","Action_20","Morph_49","MS","Attendme","Hitother","HitOther.5","Sonso",-0.328504066972036,0.00599467140319716,0.0404085257548845
"2236","100610p2","Action_22","Morph_43","MS","Attendme","Hittingobjectobject","HitObject.5","Sonso",0.806475865866949,0.0044404973357016,0.00266429840142096
"2237","100610p2","Action_24","Morph_51","MS","Attendme","Jump","Jump.1","Sonso",-0.44628710262842,0.00732682060390764,0.00732682060390764
"2238","100611","Action_41","Morph_84","MS","Attendme","Pull","Pull.1","Sonso",-0.0408219945202552,0.00821492007104796,0.0253108348134991
"2239","102216a","Action_38","Morph_75","MS","Affiliation","Present","Present.1","Sonso",1.28093384546206,0.0170959147424512,0.0492895204262877
"2240","102229b","Action_38","Morph_75","MS","Directattention","Present","Present.1","Sonso",0.806475865866949,0.0170959147424512,0.0492895204262877
"2241","100702","Action_38","Morph_75","MS","Directattention","Present","Present.1","Sonso",2.25758772706331,0.0170959147424512,0.0492895204262877
"2242","100311ap1","Action_10","Morph_21","MS","Sexualattention","Drum","Drum.1","Sonso",-0.916290731874155,0.0033303730017762,0.0033303730017762
"2243","100311ap1","Action_33","Morph_61","MS","Sexualattention","Objectmove","ObjectMove.1","Sonso",0.470003629245736,0.0317495559502664,0.0406305506216696
"2244","100311ap1","Action_10","Morph_21","MS","Sexualattention","Drum","Drum.1","Sonso",0,0.0033303730017762,0.0033303730017762
"2245","100311ap2","Action_10","Morph_21","MS","Sexualattention","Drum","Drum.1","Sonso",0.444685821261446,0.0033303730017762,0.0033303730017762
"2246","100311ap1","Action_17","Morph_42","MS","Sexualattention","Hitobject","HitObject.4","Sonso",-1.02165124753198,0.00599467140319716,0.0559502664298401
"2247","100311ap2","Action_10","Morph_21","MS","Sexualattention","Drum","Drum.1","Sonso",0.27763173659828,0.0033303730017762,0.0033303730017762
"2248","100311ap2","Action_29","Morph_58","MS","Sexualattention","Locomotegallop","LocomoteGallop.1","Sonso",1.56861591791385,0.00821492007104796,0.00821492007104796
"2249","100311ap1","Action_17","Morph_42","MS","Sexualattention","Hitobject","HitObject.4","Sonso",-1.13943428318836,0.00599467140319716,0.0559502664298401
"2250","100311ap1","Action_33","Morph_61","MS","Sexualattention","Objectmove","ObjectMove.1","Sonso",0.182321556793955,0.0317495559502664,0.0406305506216696
"2251","100311ap1","Action_17","Morph_42","MS","Sexualattention","Hitobject","HitObject.4","Sonso",-1.13943428318836,0.00599467140319716,0.0559502664298401
"2252","100311ap1","Action_33","Morph_61","MS","Sexualattention","Objectmove","ObjectMove.1","Sonso",-0.7339691750802,0.0317495559502664,0.0406305506216696
"2253","100311ap1","Action_17","Morph_39","MS","Sexualattention","Hitobject","HitObject.1","Sonso",-1.02165124753198,0.0430728241563055,0.0559502664298401
"2254","100311ap2","Action_33","Morph_61","MS","Sexualattention","Objectmove","ObjectMove.1","Sonso",1.48160454092422,0.0317495559502664,0.0406305506216696
"2255","100311ap1","Action_33","Morph_61","MS","Sexualattention","Objectmove","ObjectMove.1","Sonso",-0.083381608939051,0.0317495559502664,0.0406305506216696
"2256","100311ap1","Action_33","Morph_61","MS","Sexualattention","Objectmove","ObjectMove.1","Sonso",0.494696241836107,0.0317495559502664,0.0406305506216696
"2257","101860b","Action_42","Morph_92","MS","Stopbehaviour","Push","Push.5","Sonso",0.908258560176891,0.0066607460035524,0.0466252220248668
"2258","101331","Action_57","Morph_115","MS","Stopbehaviour","Stompobject","StompObject.1","Sonso",-0.174353387144778,0.0337477797513321,0.0424067495559503
"2259","100491","Action_38","Morph_75","MS","Directattention","Present","Present.1","Sonso",1.26976054486394,0.0170959147424512,0.0492895204262877
"2260","100366","Action_33","Morph_61","MS","Staysame","Objectmove","ObjectMove.1","Sonso",0.924258901523332,0.0317495559502664,0.0406305506216696
"2261","100266b","Action_39","Morph_83","MS","Sociosexualattention","Presentgenitalsbackwards","PresentGenitals.2","Sonso",-0.22314355131421,0.00577264653641208,0.033303730017762
"2262","100304","Action_39","Morph_83","MS","Staysame","Presentgenitalsbackwards","PresentGenitals.2","Sonso",-0.127833371509885,0.00577264653641208,0.033303730017762
"2263","102147","Action_60","Morph_127","MS","Moveaway","Swing","Swing.1","Sonso",0.148420005118273,0.0428507992895204,0.0475133214920071
"2264","102147","Action_60","Morph_127","MS","Moveaway","Swing","Swing.1","Sonso",-0.127833371509885,0.0428507992895204,0.0475133214920071
"2265","100837","Action_27","Morph_55","MS","Sexualattention","Leafclip","LeafClip.2","Sonso",1.24703229378638,0.00133214920071048,0.00599467140319716
"2266","100837","Action_27","Morph_55","MS","Sexualattention","Leafclip","LeafClip.2","Sonso",1.33500106673234,0.00133214920071048,0.00599467140319716
"2267","101294","Action_63","Morph_139","MS","Playcontinue","Touch","Touch.8","Sonso",0.364643113587909,0.00577264653641208,0.0341918294849023
"2268","101294","Action_63","Morph_139","MS","Playcontinue","Touch","Touch.8","Sonso",0.113328685307003,0.00577264653641208,0.0341918294849023
"2269","100830","Action_38","Morph_79","MS","Directattention","Present","Present.5","Sonso",1.15057202759882,0.00688277087033748,0.0492895204262877
"2270","101738","Action_39","Morph_82","NB","Sexualattention","Presentgenitalsbackwards","PresentGenitals.1","Sonso",0.940007258491471,0.0295293072824156,0.033303730017762
"2271","101736","Action_39","Morph_82","NB","Sexualattention","Presentgenitalsbackwards","PresentGenitals.1","Sonso",0.65232518603969,0.0295293072824156,0.033303730017762
"2272","101735","Action_39","Morph_82","NB","Sexualattention","Presentgenitalsbackwards","PresentGenitals.1","Sonso",0.89199803930511,0.0295293072824156,0.033303730017762
"2273","100255","Action_64","Morph_135","NB","Sociosexualattention","Touchlongother","Touch.4","Sonso",1.63315443905142,0.00488454706927176,0.0175399644760213
"2274","101747","Action_39","Morph_82","NB","Sexualattention","Presentgenitalsbackwards","PresentGenitals.1","Sonso",0.215111379616945,0.0295293072824156,0.033303730017762
"2275","100348a","Action_39","Morph_82","NB","Affiliation","Presentgenitalsbackwards","PresentGenitals.1","Sonso",0.307484699747961,0.0295293072824156,0.033303730017762
"2276","100354","Action_63","Morph_134","NB","Affiliation","Touch","Touch.3","Sonso",0.494696241836107,0.00488454706927176,0.0341918294849023
"2277","101463","Action_42","Morph_90","NB","Position","Push","Push.3","Sonso",0,0.00510657193605684,0.0466252220248668
"2278","101463","Action_42","Morph_90","NB","Position","Push","Push.3","Sonso",0.364643113587909,0.00510657193605684,0.0466252220248668
"2279","100561","Action_39","Morph_82","NB","Sexualattention","Presentgenitalsbackwards","PresentGenitals.1","Sonso",0.751416088683921,0.0295293072824156,0.033303730017762
"2280","101729","Action_39","Morph_82","NB","Sexualattention","Presentgenitalsbackwards","PresentGenitals.1","Sonso",2.00148000021012,0.0295293072824156,0.033303730017762
"2281","101252","Action_11","Morph_22","NB","Affiliation","Embrace","Embrace.1","Sonso",1.41585316336144,0.00288632326820604,0.005550621669627
"2282","100874","Action_45","Morph_101","NB","Giveme","Reach","Reach.2","Sonso",0.609765571620894,0.0370781527531083,0.0801509769094138
"2283","101733","Action_39","Morph_82","NB","Staysame","Presentgenitalsbackwards","PresentGenitals.1","Sonso",0.609765571620894,0.0295293072824156,0.033303730017762
"2284","100032","Action_39","Morph_82","NB","Staysame","Presentgenitalsbackwards","PresentGenitals.1","Sonso",0.0392207131532813,0.0295293072824156,0.033303730017762
"2285","101734p2","Action_39","Morph_82","NB","Sexualattention","Presentgenitalsbackwards","PresentGenitals.1","Sonso",0.712949807856125,0.0295293072824156,0.033303730017762
"2286","100874","Action_45","Morph_101","NB","Giveme","Reach","Reach.2","Sonso",1.00063188030791,0.0370781527531083,0.0801509769094138
"2287","100662","Action_39","Morph_82","NB","Sexualattention","Presentgenitalsbackwards","PresentGenitals.1","Sonso",1.51732262352629,0.0295293072824156,0.033303730017762
"2288","102441","Action_39","Morph_82","NB","Sexualattention","Presentgenitalsbackwards","PresentGenitals.1","Sonso",1.51732262352629,0.0295293072824156,0.033303730017762
"2289","101326","Action_39","Morph_82","NB","Sexualattention","Presentgenitalsbackwards","PresentGenitals.1","Sonso",1.28093384546206,0.0295293072824156,0.033303730017762
"2290","101730","Action_39","Morph_82","NB","Sexualattention","Presentgenitalsbackwards","PresentGenitals.1","Sonso",3.27184770963431,0.0295293072824156,0.033303730017762
"2291","102106a","Action_11","Morph_23","NB","Affiliation","Embrace","Embrace.2","Sonso",1.98513086220859,0.00199822380106572,0.005550621669627
"2292","101854","Action_39","Morph_82","NB","Staysame","Presentgenitalsbackwards","PresentGenitals.1","Sonso",1.56861591791385,0.0295293072824156,0.033303730017762
"2293","101264","Action_38","Morph_80","NB","Groom","Present","Present.6","Sonso",1.29198368164865,0.00155417406749556,0.0492895204262877
"2294","100796","Action_2","Morph_3","NB","Groom","Bigloudscratch","BigLoudScratch.1","Sonso",1.47247205736094,0.0215364120781528,0.0577264653641208
"2295","100951","Action_38","Morph_75","NB","Groom","Present","Present.1","Sonso",1.52605630349505,0.0170959147424512,0.0492895204262877
"2296","101263","Action_42","Morph_93","NB","Position","Push","Push.6","Sonso",-0.22314355131421,0.0066607460035524,0.0466252220248668
"2297","101250","Action_2","Morph_5","NB","Directattention","Bigloudscratch","BigLoudScratch.3","Sonso",0.693147180559945,0.0119893428063943,0.0577264653641208
"2298","101847","Action_20","Morph_45","NB","Stopbehaviour","Hitother","HitOther.1","Sonso",-0.328504066972036,0.0202042628774423,0.0404085257548845
"2299","100878a","Action_63","Morph_132","NB","Play","Touch","Touch.1","Sonso",-0.127833371509885,0.0104351687388988,0.0341918294849023
"2300","101135","Action_16","Morph_38","NB","Playcontinue","Headstand","HeadStand.1","Sonso",1.23547147138531,0.0066607460035524,0.0066607460035524
"2301","100002","Action_42","Morph_90","NB","Position","Push","Push.3","Sonso",0.444685821261446,0.00510657193605684,0.0466252220248668
"2302","100375","Action_42","Morph_88","NB","Followme","Push","Push.1","Sonso",1.49065437644413,0.0106571936056838,0.0466252220248668
"2303","100953","Action_14","Morph_30","NB","Play","Grab","Grab.2","Sonso",0.609765571620894,0.00799289520426288,0.0353019538188277
"2304","100954b","Action_45","Morph_101","NB","Play","Reach","Reach.2","Sonso",2.52412736294128,0.0370781527531083,0.0801509769094138
"2305","101882","Action_42","Morph_92","NB","Climbonme","Push","Push.5","Sonso",-1.27296567581289,0.0066607460035524,0.0466252220248668
"2306","100942","Action_42","Morph_89","NB","Travel","Push","Push.2","Sonso",0.27763173659828,0.00355239786856128,0.0466252220248668
"2307","101705","Action_48","Morph_104","NB","Play","Rollover","RollOver.1","Sonso",2.05923883436232,0.00621669626998224,0.00621669626998224
"2308","101891","Action_42","Morph_91","NB","Play","Push","Push.4","Sonso",0.56531380905006,0.00932504440497336,0.0466252220248668
"2309","100534","Action_42","Morph_90","NB","Position","Push","Push.3","Sonso",0.418710334858185,0.00510657193605684,0.0466252220248668
"2310","100562b","Action_38","Morph_81","NB","Climbonme","Present","Present.7","Sonso",0.732367893713227,0.00244227353463588,0.0492895204262877
"2311","101414","Action_42","Morph_88","NB","Takeobjectnurse","Push","Push.1","Sonso",0.518793793415168,0.0106571936056838,0.0466252220248668
"2312","101283","Action_63","Morph_133","NB","Takeobjectnurse","Touch","Touch.2","Sonso",0.0392207131532813,0.00754884547069272,0.0341918294849023
"2313","100521","Action_42","Morph_89","NB","Position","Push","Push.2","Sonso",0,0.00355239786856128,0.0466252220248668
"2314","102492","Action_42","Morph_88","NB","Climbonme","Push","Push.1","Sonso",0.56531380905006,0.0106571936056838,0.0466252220248668
"2315","101891","Action_42","Morph_91","NB","Play","Push","Push.4","Sonso",0.587786664902119,0.00932504440497336,0.0466252220248668
"2316","101157","Action_63","Morph_137","NB","Moveaway","Touch","Touch.6","Sonso",-0.653926467406664,0.00488454706927176,0.0341918294849023
"2317","102493","Action_38","Morph_75","NB","Climbonme","Present","Present.1","Sonso",1.33500106673234,0.0170959147424512,0.0492895204262877
"2318","101847","Action_20","Morph_45","NB","Stopbehaviour","Hitother","HitOther.1","Sonso",-0.510825623765991,0.0202042628774423,0.0404085257548845
"2319","100734","Action_42","Morph_88","NB","Position","Push","Push.1","Sonso",0.470003629245736,0.0106571936056838,0.0466252220248668
"2320","100733","Action_42","Morph_88","NB","Position","Push","Push.1","Sonso",0.182321556793955,0.0106571936056838,0.0466252220248668
"2321","102368","Action_63","Morph_138","NB","Giveme","Touch","Touch.7","Sonso",0.56531380905006,0.0044404973357016,0.0341918294849023
"2322","101425","Action_42","Morph_89","NB","Position","Push","Push.2","Sonso",1.30291275218084,0.00355239786856128,0.0466252220248668
"2323","101664b","Action_42","Morph_92","NB","Takeobjectnurse","Push","Push.5","Sonso",-0.579818495252942,0.0066607460035524,0.0466252220248668
"2324","101895","Action_42","Morph_93","NB","Takeobjectnurse","Push","Push.6","Sonso",1.38629436111989,0.0066607460035524,0.0466252220248668
"2325","100381","Action_42","Morph_88","NB","Position","Push","Push.1","Sonso",0.392042087776024,0.0106571936056838,0.0466252220248668
"2326","100878a","Action_37","Morph_74","NB","Play","Poke","Poke.1","Sonso",-0.44628710262842,0.00266429840142096,0.00266429840142096
"2327","102369","Action_45","Morph_101","NB","Giveme","Reach","Reach.2","Sonso",0.0392207131532813,0.0370781527531083,0.0801509769094138
"2328","101720","Action_42","Morph_88","NB","Moveaway","Push","Push.1","Sonso",-0.083381608939051,0.0106571936056838,0.0466252220248668
"2329","101870","Action_38","Morph_75","NB","Climbonme","Present","Present.1","Sonso",1.45395300959371,0.0170959147424512,0.0492895204262877
"2330","100878a","Action_63","Morph_132","NB","Play","Touch","Touch.1","Sonso",-0.328504066972036,0.0104351687388988,0.0341918294849023
"2331","101281","Action_42","Morph_91","NB","Position","Push","Push.4","Sonso",0.418710334858185,0.00932504440497336,0.0466252220248668
"2332","101156","Action_42","Morph_91","NB","Moveaway","Push","Push.4","Sonso",-0.653926467406664,0.00932504440497336,0.0466252220248668
"2333","100728","Action_42","Morph_92","NB","Position","Push","Push.5","Sonso",-0.27443684570176,0.0066607460035524,0.0466252220248668
"2334","100953","Action_20","Morph_45","NB","Play","Hitother","HitOther.1","Sonso",-0.22314355131421,0.0202042628774423,0.0404085257548845
"2335","101848","Action_15","Morph_35","NB","Stopbehaviour","Grabhold","GrabHold.1","Sonso",0.924258901523332,0.00932504440497336,0.0204262877442274
"2336","101962","Action_42","Morph_91","NB","Position","Push","Push.4","Sonso",0.955511445027436,0.00932504440497336,0.0466252220248668
"2337","100729","Action_42","Morph_92","NB","Position","Push","Push.5","Sonso",0.494696241836107,0.0066607460035524,0.0466252220248668
"2338","100926","Action_64","Morph_140","NB","Stopbehaviour","Touchlongother","Touch.9","Sonso",1.41585316336144,0.00399644760213144,0.0175399644760213
"2339","101132","Action_3","Morph_16","NB","Play","Bite","Bite.8","Sonso",0.587786664902119,0.00288632326820604,0.0168738898756661
"2340","101720","Action_42","Morph_88","NB","Moveaway","Push","Push.1","Sonso",0.518793793415168,0.0106571936056838,0.0466252220248668
"2341","100380","Action_42","Morph_93","NB","Position","Push","Push.6","Sonso",0,0.0066607460035524,0.0466252220248668
"2342","100878a","Action_15","Morph_35","NB","Play","Grabhold","GrabHold.1","Sonso",2.45100509811232,0.00932504440497336,0.0204262877442274
"2343","102140","Action_42","Morph_88","NB","Moveclose","Push","Push.1","Sonso",1.23547147138531,0.0106571936056838,0.0466252220248668
"2344","100878a","Action_63","Morph_132","NB","Play","Touch","Touch.1","Sonso",-1.02165124753198,0.0104351687388988,0.0341918294849023
"2345","102076","Action_42","Morph_88","NB","Takeobjectnurse","Push","Push.1","Sonso",1.70110510095992,0.0106571936056838,0.0466252220248668
"2346","100732","Action_42","Morph_88","NB","Position","Push","Push.1","Sonso",0.693147180559945,0.0106571936056838,0.0466252220248668
"2347","100878a","Action_63","Morph_132","NB","Play","Touch","Touch.1","Sonso",-0.174353387144778,0.0104351687388988,0.0341918294849023
"2348","100172","Action_42","Morph_88","NB","Position","Push","Push.1","Sonso",0.732367893713227,0.0106571936056838,0.0466252220248668
"2349","101868b","Action_42","Morph_92","NB","Position","Push","Push.5","Sonso",-0.44628710262842,0.0066607460035524,0.0466252220248668
"2350","101157","Action_42","Morph_91","NB","Moveaway","Push","Push.4","Sonso",-0.27443684570176,0.00932504440497336,0.0466252220248668
"2351","102073","Action_42","Morph_89","NB","Position","Push","Push.2","Sonso",1.67147330335355,0.00355239786856128,0.0466252220248668
"2352","101424","Action_42","Morph_93","NB","Position","Push","Push.6","Sonso",-0.579818495252942,0.0066607460035524,0.0466252220248668
"2353","100878a","Action_15","Morph_36","NB","Play","Grabhold","GrabHold.2","Sonso",2.45100509811232,0.005550621669627,0.0204262877442274
"2354","102412","Action_38","Morph_81","NB","Climbonme","Present","Present.7","Sonso",0.336472236621213,0.00244227353463588,0.0492895204262877
"2355","101896","Action_42","Morph_88","NB","Travel","Push","Push.1","Sonso",0.631271776841858,0.0106571936056838,0.0466252220248668
"2356","100878a","Action_63","Morph_132","NB","Play","Touch","Touch.1","Sonso",0.113328685307003,0.0104351687388988,0.0341918294849023
"2357","100715","Action_45","Morph_100","NB","Climbonme","Reach","Reach.1","Sonso",-0.22314355131421,0.0408525754884547,0.0801509769094138
"2358","100170","Action_60","Morph_127","NB","Stopbehaviour","Swing","Swing.1","Sonso",0.215111379616945,0.0428507992895204,0.0475133214920071
"2359","102148","Action_45","Morph_100","NB","Moveaway","Reach","Reach.1","Sonso",-0.328504066972036,0.0408525754884547,0.0801509769094138
"2360","102146","Action_21","Morph_42","NB","Moveaway","Hittingobject","HitObject.4","Sonso",0.0769610411361284,0.00599467140319716,0.00799289520426288
"2361","100193a","Action_39","Morph_82","NB","Support","Presentgenitalsbackwards","PresentGenitals.1","Sonso",0.78845736036427,0.0295293072824156,0.033303730017762
"2362","100292a","Action_39","Morph_82","NB","Followme","Presentgenitalsbackwards","PresentGenitals.1","Sonso",0.924258901523332,0.0295293072824156,0.033303730017762
"2363","100784","Action_23","Morph_47","NB","Play","Hittingother","HitOther.3","Sonso",0.113328685307003,0.00843694493783304,0.0157637655417407
"2364","100784","Action_20","Morph_49","NB","Play","Hitother","HitOther.5","Sonso",-0.328504066972036,0.00599467140319716,0.0404085257548845
"2365","100784","Action_20","Morph_46","NB","Play","Hitother","HitOther.2","Sonso",-0.44628710262842,0.00932504440497336,0.0404085257548845
"2366","100784","Action_23","Morph_47","NB","Play","Hittingother","HitOther.3","Sonso",0,0.00843694493783304,0.0157637655417407
"2367","100784","Action_23","Morph_48","NB","Play","Hittingother","HitOther.4","Sonso",0.494696241836107,0.00732682060390764,0.0157637655417407
"2368","100127","Action_17","Morph_40","NB","Moveaway","Hitobject","HitObject.2","Sonso",-0.7339691750802,0.0119893428063943,0.0559502664298401
"2369","101719b","Action_39","Morph_82","NB","Sexualattention","Presentgenitalsbackwards","PresentGenitals.1","Sonso",1.13783300182139,0.0295293072824156,0.033303730017762
"2370","100425","Action_20","Morph_45","NB","Moveaway","Hitother","HitOther.1","Sonso",-0.510825623765991,0.0202042628774423,0.0404085257548845
"2371","101170","Action_34","Morph_66","NK","Sexualattention","Objectshake","ObjectShake.2","Sonso",1.35583515363518,0.0237566607460036,0.108792184724689
"2372","101170","Action_34","Morph_65","NK","Sexualattention","Objectshake","ObjectShake.1","Sonso",0.806475865866949,0.0746003552397869,0.108792184724689
"2373","101170","Action_34","Morph_66","NK","Sexualattention","Objectshake","ObjectShake.2","Sonso",1.99061032797322,0.0237566607460036,0.108792184724689
"2374","101304a","Action_2","Morph_4","NK","Groom","Bigloudscratch","BigLoudScratch.2","Sonso",1.26976054486394,0.019316163410302,0.0577264653641208
"2375","101374","Action_27","Morph_54","NK","Sexualattention","Leafclip","LeafClip.1","Sonso",1.89911798754855,0.0044404973357016,0.00599467140319716
"2376","101374","Action_34","Morph_65","NK","Sexualattention","Objectshake","ObjectShake.1","Sonso",0.27763173659828,0.0746003552397869,0.108792184724689
"2377","101373","Action_27","Morph_55","NK","Sexualattention","Leafclip","LeafClip.2","Sonso",1.708377860289,0.00133214920071048,0.00599467140319716
"2378","101374","Action_34","Morph_65","NK","Sexualattention","Objectshake","ObjectShake.1","Sonso",0.0769610411361284,0.0746003552397869,0.108792184724689
"2379","101379a","Action_27","Morph_54","NK","Sexualattention","Leafclip","LeafClip.1","Sonso",1.49962304642689,0.0044404973357016,0.00599467140319716
"2380","100946","Action_33","Morph_61","NK","Moveaway","Objectmove","ObjectMove.1","Sonso",0.336472236621213,0.0317495559502664,0.0406305506216696
"2381","100946","Action_17","Morph_39","NK","Moveaway","Hitobject","HitObject.1","Sonso",-0.127833371509885,0.0430728241563055,0.0559502664298401
"2382","100037","Action_38","Morph_76","NK","Directattention","Present","Present.2","Sonso",1.42551507427317,0.0135435168738899,0.0492895204262877
"2383","100034","Action_2","Morph_7","NK","Groom","Bigloudscratch","BigLoudScratch.5","Sonso",1.33500106673234,0.00066607460035524,0.0577264653641208
"2384","100178","Action_2","Morph_3","NK","Groom","Bigloudscratch","BigLoudScratch.1","Sonso",1.09861228866811,0.0215364120781528,0.0577264653641208
"2385","100039","Action_2","Morph_3","NK","Groom","Bigloudscratch","BigLoudScratch.1","Sonso",1.57691472072854,0.0215364120781528,0.0577264653641208
"2386","100038","Action_2","Morph_3","NK","Groom","Bigloudscratch","BigLoudScratch.1","Sonso",0.470003629245736,0.0215364120781528,0.0577264653641208
"2387","100037","Action_2","Morph_5","NK","Directattention","Bigloudscratch","BigLoudScratch.3","Sonso",0.970778917158225,0.0119893428063943,0.0577264653641208
"2388","100041","Action_2","Morph_3","NK","Groom","Bigloudscratch","BigLoudScratch.1","Sonso",0.806475865866949,0.0215364120781528,0.0577264653641208
"2389","100040b","Action_2","Morph_3","NK","Groom","Bigloudscratch","BigLoudScratch.1","Sonso",1.04380405217311,0.0215364120781528,0.0577264653641208
"2390","100177b","Action_2","Morph_4","NK","Groom","Bigloudscratch","BigLoudScratch.2","Sonso",0.672944473242426,0.019316163410302,0.0577264653641208
"2391","100036","Action_2","Morph_5","NK","Groom","Bigloudscratch","BigLoudScratch.3","Sonso",1.28093384546206,0.0119893428063943,0.0577264653641208
"2392","100038","Action_2","Morph_5","NK","Groom","Bigloudscratch","BigLoudScratch.3","Sonso",0.392042087776024,0.0119893428063943,0.0577264653641208
"2393","102433","Action_33","Morph_61","NK","Followme","Objectmove","ObjectMove.1","Sonso",0.307484699747961,0.0317495559502664,0.0406305506216696
"2394","100342a","Action_45","Morph_100","NK","Affiliation","Reach","Reach.1","Sonso",0.518793793415168,0.0408525754884547,0.0801509769094138
"2395","102242","Action_2","Morph_3","NK","Groom","Bigloudscratch","BigLoudScratch.1","Sonso",0.542324290825362,0.0215364120781528,0.0577264653641208
"2396","101036b","Action_11","Morph_23","NK","Affiliation","Embrace","Embrace.2","Sonso",1.99061032797322,0.00199822380106572,0.005550621669627
"2397","102242","Action_2","Morph_3","NK","Groom","Bigloudscratch","BigLoudScratch.1","Sonso",1.13783300182139,0.0215364120781528,0.0577264653641208
"2398","101153","Action_23","Morph_47","NK","Play","Hittingother","HitOther.3","Sonso",1.00063188030791,0.00843694493783304,0.0157637655417407
"2399","101375","Action_45","Morph_100","NK","Play","Reach","Reach.1","Sonso",1.11185751541813,0.0408525754884547,0.0801509769094138
"2400","101874","Action_45","Morph_101","NK","Play","Reach","Reach.2","Sonso",-0.510825623765991,0.0370781527531083,0.0801509769094138
"2401","102473a","Action_45","Morph_100","NK","Sexualattention","Reach","Reach.1","Sonso",0.587786664902119,0.0408525754884547,0.0801509769094138
"2402","101192","Action_13","Morph_28","NK","Moveaway","Fling","Fling.2","Sonso",-1.02165124753198,0.00488454706927176,0.0117673179396092
"2403","101184","Action_20","Morph_45","NK","Moveaway","Hitother","HitOther.1","Sonso",-0.083381608939051,0.0202042628774423,0.0404085257548845
"2404","101186","Action_13","Morph_28","NK","Moveaway","Fling","Fling.2","Sonso",-0.328504066972036,0.00488454706927176,0.0117673179396092
"2405","101185","Action_13","Morph_28","NK","Moveaway","Fling","Fling.2","Sonso",-0.510825623765991,0.00488454706927176,0.0117673179396092
"2406","101186","Action_13","Morph_28","NK","Moveaway","Fling","Fling.2","Sonso",-0.328504066972036,0.00488454706927176,0.0117673179396092
"2407","100165a","Action_2","Morph_3","NK","Groom","Bigloudscratch","BigLoudScratch.1","Sonso",1.77833644889591,0.0215364120781528,0.0577264653641208
"2408","101798","Action_33","Morph_62","NK","Moveaway","Objectmove","ObjectMove.2","Sonso",1.1999647829284,0.00643872113676732,0.0406305506216696
"2409","100244p2","Action_34","Morph_66","NK","Moveclose","Objectshake","ObjectShake.2","Sonso",0.924258901523332,0.0237566607460036,0.108792184724689
"2410","100241","Action_34","Morph_66","NK","Sexualattention","Objectshake","ObjectShake.2","Sonso",1.17557332980424,0.0237566607460036,0.108792184724689
"2411","100241","Action_47","Morph_103","NK","Sexualattention","Rockingsit","Rocking.1","Sonso",1.95727390770563,0.00377442273534636,0.00377442273534636
"2412","100241","Action_34","Morph_65","NK","Sexualattention","Objectshake","ObjectShake.1","Sonso",1.83098018238134,0.0746003552397869,0.108792184724689
"2413","100244p1","Action_34","Morph_66","NK","Moveclose","Objectshake","ObjectShake.2","Sonso",1.62531126159039,0.0237566607460036,0.108792184724689
"2414","100241","Action_34","Morph_66","NK","Sexualattention","Objectshake","ObjectShake.2","Sonso",0.8754687373539,0.0237566607460036,0.108792184724689
"2415","100244p1","Action_34","Morph_66","NK","Moveclose","Objectshake","ObjectShake.2","Sonso",1.60140574073684,0.0237566607460036,0.108792184724689
"2416","100244p1","Action_34","Morph_66","NK","Moveclose","Objectshake","ObjectShake.2","Sonso",2.16102152867226,0.0237566607460036,0.108792184724689
"2417","100241","Action_47","Morph_103","NK","Sexualattention","Rockingsit","Rocking.1","Sonso",0.985816794522765,0.00377442273534636,0.00377442273534636
"2418","100244p3","Action_34","Morph_66","NK","Moveclose","Objectshake","ObjectShake.2","Sonso",0.587786664902119,0.0237566607460036,0.108792184724689
"2419","100241","Action_34","Morph_65","NK","Sexualattention","Objectshake","ObjectShake.1","Sonso",0.841567185678219,0.0746003552397869,0.108792184724689
"2420","100244p3","Action_34","Morph_66","NK","Moveclose","Objectshake","ObjectShake.2","Sonso",0.970778917158225,0.0237566607460036,0.108792184724689
"2421","100244p2","Action_10","Morph_21","NK","Moveclose","Drum","Drum.1","Sonso",0.27763173659828,0.0033303730017762,0.0033303730017762
"2422","100239p1","Action_34","Morph_65","NK","Sexualattention","Objectshake","ObjectShake.1","Sonso",1.78507048107726,0.0746003552397869,0.108792184724689
"2423","100244p3","Action_34","Morph_66","NK","Moveclose","Objectshake","ObjectShake.2","Sonso",1.18784342239605,0.0237566607460036,0.108792184724689
"2424","100244p1","Action_34","Morph_65","NK","Moveclose","Objectshake","ObjectShake.1","Sonso",1.44456326924387,0.0746003552397869,0.108792184724689
"2425","100241","Action_33","Morph_61","NK","Sexualattention","Objectmove","ObjectMove.1","Sonso",0.246860077931526,0.0317495559502664,0.0406305506216696
"2426","100241","Action_34","Morph_66","NK","Sexualattention","Objectshake","ObjectShake.2","Sonso",0.712949807856125,0.0237566607460036,0.108792184724689
"2427","100241","Action_47","Morph_103","NK","Sexualattention","Rockingsit","Rocking.1","Sonso",1.31372366828506,0.00377442273534636,0.00377442273534636
"2428","100244p3","Action_33","Morph_61","NK","Moveclose","Objectmove","ObjectMove.1","Sonso",-0.127833371509885,0.0317495559502664,0.0406305506216696
"2429","100244p1","Action_34","Morph_66","NK","Moveclose","Objectshake","ObjectShake.2","Sonso",1.47247205736094,0.0237566607460036,0.108792184724689
"2430","100241","Action_34","Morph_65","NK","Sexualattention","Objectshake","ObjectShake.1","Sonso",0.924258901523332,0.0746003552397869,0.108792184724689
"2431","100244p3","Action_34","Morph_65","NK","Moveclose","Objectshake","ObjectShake.1","Sonso",1.7227665977411,0.0746003552397869,0.108792184724689
"2432","100241","Action_33","Morph_61","NK","Sexualattention","Objectmove","ObjectMove.1","Sonso",0.444685821261446,0.0317495559502664,0.0406305506216696
"2433","100244p1","Action_34","Morph_65","NK","Moveclose","Objectshake","ObjectShake.1","Sonso",1.35583515363518,0.0746003552397869,0.108792184724689
"2434","100241","Action_34","Morph_65","NK","Sexualattention","Objectshake","ObjectShake.1","Sonso",0.770108221696074,0.0746003552397869,0.108792184724689
"2435","100244p2","Action_34","Morph_65","NK","Moveclose","Objectshake","ObjectShake.1","Sonso",0.89199803930511,0.0746003552397869,0.108792184724689
"2436","100244p2","Action_34","Morph_66","NK","Moveclose","Objectshake","ObjectShake.2","Sonso",0.770108221696074,0.0237566607460036,0.108792184724689
"2437","100241","Action_34","Morph_65","NK","Sexualattention","Objectshake","ObjectShake.1","Sonso",1.99605993274078,0.0746003552397869,0.108792184724689
"2438","100239p2","Action_33","Morph_61","NK","Sexualattention","Objectmove","ObjectMove.1","Sonso",1.15057202759882,0.0317495559502664,0.0406305506216696
"2439","100244p1","Action_33","Morph_62","NK","Moveclose","Objectmove","ObjectMove.2","Sonso",0.444685821261446,0.00643872113676732,0.0406305506216696
"2440","100241","Action_47","Morph_103","NK","Sexualattention","Rockingsit","Rocking.1","Sonso",1.39624469197306,0.00377442273534636,0.00377442273534636
"2441","100241","Action_34","Morph_65","NK","Sexualattention","Objectshake","ObjectShake.1","Sonso",0.78845736036427,0.0746003552397869,0.108792184724689
"2442","100241","Action_34","Morph_66","NK","Sexualattention","Objectshake","ObjectShake.2","Sonso",-0.127833371509885,0.0237566607460036,0.108792184724689
"2443","100241","Action_34","Morph_65","NK","Sexualattention","Objectshake","ObjectShake.1","Sonso",0.672944473242426,0.0746003552397869,0.108792184724689
"2444","100239p2","Action_10","Morph_21","NK","Sexualattention","Drum","Drum.1","Sonso",0.56531380905006,0.0033303730017762,0.0033303730017762
"2445","100239p2","Action_33","Morph_61","NK","Sexualattention","Objectmove","ObjectMove.1","Sonso",0.542324290825362,0.0317495559502664,0.0406305506216696
"2446","100244p1","Action_34","Morph_65","NK","Moveclose","Objectshake","ObjectShake.1","Sonso",0.89199803930511,0.0746003552397869,0.108792184724689
"2447","100345a","Action_45","Morph_100","NK","Sexualattention","Reach","Reach.1","Sonso",1.82937633279936,0.0408525754884547,0.0801509769094138
"2448","100244p3","Action_24","Morph_51","NK","Moveclose","Jump","Jump.1","Sonso",0.215111379616945,0.00732682060390764,0.00732682060390764
"2449","100344","Action_34","Morph_65","NK","Followme","Objectshake","ObjectShake.1","Sonso",0.924258901523332,0.0746003552397869,0.108792184724689
"2450","100330","Action_47","Morph_103","NK","Sexualattention","Rockingsit","Rocking.1","Sonso",0.693147180559945,0.00377442273534636,0.00377442273534636
"2451","100330","Action_45","Morph_101","NK","Sexualattention","Reach","Reach.2","Sonso",1.08518926833597,0.0370781527531083,0.0801509769094138
"2452","100337a","Action_34","Morph_65","NK","Moveclose","Objectshake","ObjectShake.1","Sonso",0.712949807856125,0.0746003552397869,0.108792184724689
"2453","100329","Action_57","Morph_115","NK","Sexualattention","Stompobject","StompObject.1","Sonso",-0.653926467406664,0.0337477797513321,0.0424067495559503
"2454","100329","Action_45","Morph_101","NK","Sexualattention","Reach","Reach.2","Sonso",-0.22314355131421,0.0370781527531083,0.0801509769094138
"2455","100988a","Action_13","Morph_27","NK","Moveaway","Fling","Fling.1","Sonso",-0.579818495252942,0.00688277087033748,0.0117673179396092
"2456","100334a","Action_47","Morph_103","NK","Affiliation","Rockingsit","Rocking.1","Sonso",1.7509374747078,0.00377442273534636,0.00377442273534636
"2457","100337a","Action_34","Morph_66","NK","Moveclose","Objectshake","ObjectShake.2","Sonso",3.24571247882176,0.0237566607460036,0.108792184724689
"2458","100334a","Action_33","Morph_61","NK","Affiliation","Objectmove","ObjectMove.1","Sonso",0.631271776841858,0.0317495559502664,0.0406305506216696
"2459","100337a","Action_64","Morph_135","NK","Moveclose","Touchlongother","Touch.4","Sonso",1.39624469197306,0.00488454706927176,0.0175399644760213
"2460","100329","Action_45","Morph_101","NK","Sexualattention","Reach","Reach.2","Sonso",-0.579818495252942,0.0370781527531083,0.0801509769094138
"2461","100334a","Action_64","Morph_135","NK","Affiliation","Touchlongother","Touch.4","Sonso",2.598235335095,0.00488454706927176,0.0175399644760213
"2462","100337a","Action_34","Morph_66","NK","Moveclose","Objectshake","ObjectShake.2","Sonso",2.25339484880327,0.0237566607460036,0.108792184724689
"2463","100988a","Action_13","Morph_27","NK","Moveaway","Fling","Fling.1","Sonso",-0.7339691750802,0.00688277087033748,0.0117673179396092
"2464","100719a","Action_2","Morph_3","NK","Groom","Bigloudscratch","BigLoudScratch.1","Sonso",1.36609165380237,0.0215364120781528,0.0577264653641208
"2465","101254","Action_2","Morph_6","NK","Directattention","Bigloudscratch","BigLoudScratch.4","Sonso",0.770108221696074,0.00421847246891652,0.0577264653641208
"2466","100266a","Action_42","Morph_89","NK","Sociosexualattention","Push","Push.2","Sonso",-0.127833371509885,0.00355239786856128,0.0466252220248668
"2467","100266a","Action_64","Morph_135","NK","Sociosexualattention","Touchlongother","Touch.4","Sonso",1.17557332980424,0.00488454706927176,0.0175399644760213
"2468","100658","Action_34","Morph_65","NK","Followme","Objectshake","ObjectShake.1","Sonso",0.970778917158225,0.0746003552397869,0.108792184724689
"2469","100658","Action_33","Morph_61","NK","Followme","Objectmove","ObjectMove.1","Sonso",0.542324290825362,0.0317495559502664,0.0406305506216696
"2470","100658","Action_34","Morph_65","NK","Followme","Objectshake","ObjectShake.1","Sonso",1.57691472072854,0.0746003552397869,0.108792184724689
"2471","100657","Action_33","Morph_61","NK","Followme","Objectmove","ObjectMove.1","Sonso",0.336472236621213,0.0317495559502664,0.0406305506216696
"2472","100186","Action_42","Morph_92","NK","Position","Push","Push.5","Sonso",0.215111379616945,0.0066607460035524,0.0466252220248668
"2473","100659","Action_34","Morph_65","NK","Moveclose","Objectshake","ObjectShake.1","Sonso",1.95727390770563,0.0746003552397869,0.108792184724689
"2474","102106b","Action_11","Morph_23","NK","Affiliation","Embrace","Embrace.2","Sonso",1.77833644889591,0.00199822380106572,0.005550621669627
"2475","100660","Action_33","Morph_61","NK","Followme","Objectmove","ObjectMove.1","Sonso",0.444685821261446,0.0317495559502664,0.0406305506216696
"2476","100657","Action_34","Morph_65","NK","Followme","Objectshake","ObjectShake.1","Sonso",0.307484699747961,0.0746003552397869,0.108792184724689
"2477","100661","Action_34","Morph_65","NK","Followme","Objectshake","ObjectShake.1","Sonso",0.740507751919783,0.0746003552397869,0.108792184724689
"2478","100352b","Action_45","Morph_100","NK","Affiliation","Reach","Reach.1","Sonso",-0.22314355131421,0.0408525754884547,0.0801509769094138
"2479","100658","Action_34","Morph_65","NK","Followme","Objectshake","ObjectShake.1","Sonso",1.95727390770563,0.0746003552397869,0.108792184724689
"2480","100661","Action_34","Morph_65","NK","Followme","Objectshake","ObjectShake.1","Sonso",1.49065437644413,0.0746003552397869,0.108792184724689
"2481","100660","Action_34","Morph_65","NK","Followme","Objectshake","ObjectShake.1","Sonso",0.545806592661236,0.0746003552397869,0.108792184724689
"2482","100657","Action_34","Morph_65","NK","Followme","Objectshake","ObjectShake.1","Sonso",0.970778917158225,0.0746003552397869,0.108792184724689
"2483","100658","Action_34","Morph_65","NK","Followme","Objectshake","ObjectShake.1","Sonso",1.26976054486394,0.0746003552397869,0.108792184724689
"2484","100657","Action_49","Morph_105","NK","Followme","Rub","Rub.1","Sonso",2.14347212133697,0.0044404973357016,0.0066607460035524
"2485","100487b","Action_41","Morph_85","NK","Play","Pull","Pull.2","Sonso",0.215111379616945,0.00643872113676732,0.0253108348134991
"2486","100484b","Action_33","Morph_61","NK","Play","Objectmove","ObjectMove.1","Sonso",1.00063188030791,0.0317495559502664,0.0406305506216696
"2487","100082b","Action_2","Morph_3","NK","Groom","Bigloudscratch","BigLoudScratch.1","Sonso",1.86872051036418,0.0215364120781528,0.0577264653641208
"2488","101187","Action_13","Morph_27","NK","Moveaway","Fling","Fling.1","Sonso",-0.82098055206983,0.00688277087033748,0.0117673179396092
"2489","101037","Action_33","Morph_61","NK","Moveaway","Objectmove","ObjectMove.1","Sonso",-1.02165124753198,0.0317495559502664,0.0406305506216696
"2490","101187","Action_17","Morph_39","NK","Moveaway","Hitobject","HitObject.1","Sonso",-0.653926467406664,0.0430728241563055,0.0559502664298401
"2491","101033","Action_47","Morph_103","NK","Moveaway","Rockingsit","Rocking.1","Sonso",0.672944473242426,0.00377442273534636,0.00377442273534636
"2492","101033","Action_34","Morph_65","NK","Moveaway","Objectshake","ObjectShake.1","Sonso",-0.653926467406664,0.0746003552397869,0.108792184724689
"2493","100123","Action_13","Morph_27","NK","Moveaway","Fling","Fling.1","Sonso",-0.653926467406664,0.00688277087033748,0.0117673179396092
"2494","100123","Action_13","Morph_27","NK","Moveaway","Fling","Fling.1","Sonso",-0.82098055206983,0.00688277087033748,0.0117673179396092
"2495","102071","Action_34","Morph_65","NK","Moveclose","Objectshake","ObjectShake.1","Sonso",1.49962304642689,0.0746003552397869,0.108792184724689
"2496","102070p1","Action_34","Morph_66","NK","Sexualattention","Objectshake","ObjectShake.2","Sonso",0.824175442966349,0.0237566607460036,0.108792184724689
"2497","102070p2","Action_34","Morph_66","NK","Sexualattention","Objectshake","ObjectShake.2","Sonso",-0.0408219945202552,0.0237566607460036,0.108792184724689
"2498","102070p1","Action_34","Morph_65","NK","Sexualattention","Objectshake","ObjectShake.1","Sonso",0,0.0746003552397869,0.108792184724689
"2499","102071","Action_34","Morph_65","NK","Moveclose","Objectshake","ObjectShake.1","Sonso",1.35583515363518,0.0746003552397869,0.108792184724689
"2500","102070p1","Action_34","Morph_66","NK","Sexualattention","Objectshake","ObjectShake.2","Sonso",1.00063188030791,0.0237566607460036,0.108792184724689
"2501","100144b","Action_38","Morph_78","NK","Groom","Present","Present.4","Sonso",0.672944473242426,0.00288632326820604,0.0492895204262877
"2502","100144b","Action_2","Morph_4","NK","Groom","Bigloudscratch","BigLoudScratch.2","Sonso",1.31372366828506,0.019316163410302,0.0577264653641208
"2503","100303b","Action_2","Morph_4","NK","Groom","Bigloudscratch","BigLoudScratch.2","Sonso",0.180653499693258,0.019316163410302,0.0577264653641208
"2504","100188","Action_2","Morph_3","NK","Groom","Bigloudscratch","BigLoudScratch.1","Sonso",1.77833644889591,0.0215364120781528,0.0577264653641208
"2505","102139","Action_2","Morph_3","NK","Directattention","Bigloudscratch","BigLoudScratch.1","Sonso",1.04380405217311,0.0215364120781528,0.0577264653641208
"2506","100303b","Action_2","Morph_5","NK","Groom","Bigloudscratch","BigLoudScratch.3","Sonso",1.03175998168027,0.0119893428063943,0.0577264653641208
"2507","100536a","Action_2","Morph_4","NK","Groom","Bigloudscratch","BigLoudScratch.2","Sonso",0.824175442966349,0.019316163410302,0.0577264653641208
"2508","102139","Action_2","Morph_3","NK","Directattention","Bigloudscratch","BigLoudScratch.1","Sonso",0.27763173659828,0.0215364120781528,0.0577264653641208
"2509","101081b","Action_34","Morph_65","NK","Stopbehaviour","Objectshake","ObjectShake.1","Sonso",1.17557332980424,0.0746003552397869,0.108792184724689
"2510","100143a","Action_2","Morph_3","NK","Groom","Bigloudscratch","BigLoudScratch.1","Sonso",1.93441576962958,0.0215364120781528,0.0577264653641208
"2511","100396a","Action_11","Morph_22","NK","Affiliation","Embrace","Embrace.1","Sonso",1.3244189574018,0.00288632326820604,0.005550621669627
"2512","101718a","Action_45","Morph_100","NK","Moveclose","Reach","Reach.1","Sonso",0.0392207131532813,0.0408525754884547,0.0801509769094138
"2513","100274","Action_13","Morph_28","NK","Moveaway","Fling","Fling.2","Sonso",-0.579818495252942,0.00488454706927176,0.0117673179396092
"2514","101032","Action_13","Morph_27","NK","Moveaway","Fling","Fling.1","Sonso",-0.7339691750802,0.00688277087033748,0.0117673179396092
"2515","101904","Action_13","Morph_28","NK","Moveaway","Fling","Fling.2","Sonso",-1.42711635564015,0.00488454706927176,0.0117673179396092
"2516","101077","Action_34","Morph_66","NK","Moveaway","Objectshake","ObjectShake.2","Sonso",1.88706964903238,0.0237566607460036,0.108792184724689
"2517","100106","Action_34","Morph_65","NK","Followme","Objectshake","ObjectShake.1","Sonso",0.215111379616945,0.0746003552397869,0.108792184724689
"2518","101077","Action_13","Morph_27","NK","Moveaway","Fling","Fling.1","Sonso",0.215111379616945,0.00688277087033748,0.0117673179396092
"2519","101077","Action_34","Morph_65","NK","Moveaway","Objectshake","ObjectShake.1","Sonso",0.65232518603969,0.0746003552397869,0.108792184724689
"2520","100686","Action_57","Morph_115","NR","Attendme","Stompobject","StompObject.1","Sonso",-0.385662480811985,0.0337477797513321,0.0424067495559503
"2521","100686","Action_34","Morph_65","NR","Attendme","Objectshake","ObjectShake.1","Sonso",0.858661619037519,0.0746003552397869,0.108792184724689
"2522","100686","Action_34","Morph_65","NR","Attendme","Objectshake","ObjectShake.1","Sonso",0.215111379616945,0.0746003552397869,0.108792184724689
"2523","101515","Action_39","Morph_82","NR","Sexualattention","Presentgenitalsbackwards","PresentGenitals.1","Sonso",0.841567185678219,0.0295293072824156,0.033303730017762
"2524","100428a","Action_29","Morph_58","NR","Play","Locomotegallop","LocomoteGallop.1","Sonso",0.215111379616945,0.00821492007104796,0.00821492007104796
"2525","100782a","Action_42","Morph_92","NR","Position","Push","Push.5","Sonso",0.0769610411361284,0.0066607460035524,0.0466252220248668
"2526","102098","Action_1","Morph_2","NR","Moveclose","Beckon","Beckon.2","Sonso",-0.653926467406664,0.00133214920071048,0.00155417406749556
"2527","100912a","Action_17","Morph_39","NR","Play","Hitobject","HitObject.1","Sonso",-0.328504066972036,0.0430728241563055,0.0559502664298401
"2528","100912a","Action_60","Morph_127","NR","Play","Swing","Swing.1","Sonso",0.542324290825362,0.0428507992895204,0.0475133214920071
"2529","100922","Action_17","Morph_39","NR","Play","Hitobject","HitObject.1","Sonso",0.444685821261446,0.0430728241563055,0.0559502664298401
"2530","100912a","Action_34","Morph_65","NR","Play","Objectshake","ObjectShake.1","Sonso",0.78845736036427,0.0746003552397869,0.108792184724689
"2531","100912a","Action_60","Morph_127","NR","Play","Swing","Swing.1","Sonso",0.494696241836107,0.0428507992895204,0.0475133214920071
"2532","100912a","Action_34","Morph_65","NR","Play","Objectshake","ObjectShake.1","Sonso",0.418710334858185,0.0746003552397869,0.108792184724689
"2533","100912a","Action_57","Morph_115","NR","Play","Stompobject","StompObject.1","Sonso",-0.385662480811985,0.0337477797513321,0.0424067495559503
"2534","100918","Action_64","Morph_133","NR","Stopbehaviour","Touchlongother","Touch.2","Sonso",1.90508815453506,0.00754884547069272,0.0175399644760213
"2535","102325","Action_41","Morph_85","NR","Climbonme","Pull","Pull.2","Sonso",1.21194097397511,0.00643872113676732,0.0253108348134991
"2536","102262a","Action_45","Morph_100","NR","Play","Reach","Reach.1","Sonso",1.26976054486394,0.0408525754884547,0.0801509769094138
"2537","102303","Action_38","Morph_75","NR","Climbonme","Present","Present.1","Sonso",1.41585316336144,0.0170959147424512,0.0492895204262877
"2538","101040","Action_33","Morph_63","NR","Play","Objectmove","ObjectMove.3","Sonso",1.67896397508271,0.0011101243339254,0.0406305506216696
"2539","101105","Action_13","Morph_27","NR","Moveaway","Fling","Fling.1","Sonso",-0.7339691750802,0.00688277087033748,0.0117673179396092
"2540","101195","Action_42","Morph_92","NR","Moveaway","Push","Push.5","Sonso",-0.510825623765991,0.0066607460035524,0.0466252220248668
"2541","101762","Action_13","Morph_27","NR","Moveaway","Fling","Fling.1","Sonso",-0.653926467406664,0.00688277087033748,0.0117673179396092
"2542","101960","Action_42","Morph_89","NR","Position","Push","Push.2","Sonso",0.751416088683921,0.00355239786856128,0.0466252220248668
"2543","101961","Action_38","Morph_75","NR","Directattention","Present","Present.1","Sonso",1.07158361628019,0.0170959147424512,0.0492895204262877
"2544","101472","Action_39","Morph_82","NR","Sexualattention","Presentgenitalsbackwards","PresentGenitals.1","Sonso",1.26976054486394,0.0295293072824156,0.033303730017762
"2545","102406","Action_17","Morph_40","NR","Moveaway","Hitobject","HitObject.2","Sonso",-0.44628710262842,0.0119893428063943,0.0559502664298401
"2546","102406","Action_20","Morph_46","NR","Moveaway","Hitother","HitOther.2","Sonso",-0.82098055206983,0.00932504440497336,0.0404085257548845
"2547","100896","Action_13","Morph_27","NR","Moveaway","Fling","Fling.1","Sonso",-0.7339691750802,0.00688277087033748,0.0117673179396092
"2548","100984","Action_34","Morph_66","NR","Giveme","Objectshake","ObjectShake.2","Sonso",0.392042087776024,0.0237566607460036,0.108792184724689
"2549","100896","Action_13","Morph_27","NR","Moveaway","Fling","Fling.1","Sonso",-0.7339691750802,0.00688277087033748,0.0117673179396092
"2550","101258","Action_38","Morph_75","NR","Directattention","Present","Present.1","Sonso",0.8754687373539,0.0170959147424512,0.0492895204262877
"2551","101448","Action_2","Morph_4","NR","Groom","Bigloudscratch","BigLoudScratch.2","Sonso",0.78845736036427,0.019316163410302,0.0577264653641208
"2552","100749","Action_2","Morph_5","NR","Directattention","Bigloudscratch","BigLoudScratch.3","Sonso",0.89199803930511,0.0119893428063943,0.0577264653641208
"2553","101262","Action_2","Morph_3","NR","Groom","Bigloudscratch","BigLoudScratch.1","Sonso",0.770108221696074,0.0215364120781528,0.0577264653641208
"2554","102381","Action_2","Morph_4","NR","Groom","Bigloudscratch","BigLoudScratch.2","Sonso",0.470003629245736,0.019316163410302,0.0577264653641208
"2555","100932","Action_64","Morph_134","NR","Play","Touchlongother","Touch.3","Sonso",1.74396880539171,0.00488454706927176,0.0175399644760213
"2556","102381","Action_38","Morph_76","NR","Groom","Present","Present.2","Sonso",1.00063188030791,0.0135435168738899,0.0492895204262877
"2557","100744","Action_2","Morph_3","NR","Groom","Bigloudscratch","BigLoudScratch.1","Sonso",1.09861228866811,0.0215364120781528,0.0577264653641208
"2558","101256","Action_2","Morph_4","NR","Groom","Bigloudscratch","BigLoudScratch.2","Sonso",0.494086299761693,0.019316163410302,0.0577264653641208
"2559","102383","Action_38","Morph_76","NR","Directattention","Present","Present.2","Sonso",1.09861228866811,0.0135435168738899,0.0492895204262877
"2560","101257","Action_2","Morph_5","NR","Groom","Bigloudscratch","BigLoudScratch.3","Sonso",1.50851199384414,0.0119893428063943,0.0577264653641208
"2561","100932","Action_63","Morph_134","NR","Play","Touch","Touch.3","Sonso",1.18784342239605,0.00488454706927176,0.0341918294849023
"2562","102383","Action_2","Morph_4","NR","Directattention","Bigloudscratch","BigLoudScratch.2","Sonso",0.806475865866949,0.019316163410302,0.0577264653641208
"2563","100749","Action_2","Morph_4","NR","Directattention","Bigloudscratch","BigLoudScratch.2","Sonso",0.770108221696074,0.019316163410302,0.0577264653641208
"2564","101475","Action_39","Morph_82","NR","Sexualattention","Presentgenitalsbackwards","PresentGenitals.1","Sonso",0.182321556793955,0.0295293072824156,0.033303730017762
"2565","101133","Action_64","Morph_132","NR","Play","Touchlongother","Touch.1","Sonso",1.28093384546206,0.0104351687388988,0.0175399644760213
"2566","101427","Action_63","Morph_133","NR","Play","Touch","Touch.2","Sonso",1.18784342239605,0.00754884547069272,0.0341918294849023
"2567","100929","Action_64","Morph_133","NR","Play","Touchlongother","Touch.2","Sonso",2.60712428251225,0.00754884547069272,0.0175399644760213
"2568","100931","Action_64","Morph_133","NR","Play","Touchlongother","Touch.2","Sonso",2.46470394247048,0.00754884547069272,0.0175399644760213
"2569","100767","Action_15","Morph_36","NR","Play","Grabhold","GrabHold.2","Sonso",1.46325540225602,0.005550621669627,0.0204262877442274
"2570","100927","Action_64","Morph_139","NR","Play","Touchlongother","Touch.8","Sonso",2.02814824729229,0.00577264653641208,0.0175399644760213
"2571","100929","Action_3","Morph_16","NR","Play","Bite","Bite.8","Sonso",2.74212951475507,0.00288632326820604,0.0168738898756661
"2572","102373","Action_33","Morph_62","NR","Play","Objectmove","ObjectMove.2","Sonso",0.418710334858185,0.00643872113676732,0.0406305506216696
"2573","100948a","Action_63","Morph_137","NR","Play","Touch","Touch.6","Sonso",0.470003629245736,0.00488454706927176,0.0341918294849023
"2574","100741","Action_23","Morph_47","NR","Play","Hittingother","HitOther.3","Sonso",1.22377543162212,0.00843694493783304,0.0157637655417407
"2575","100925","Action_14","Morph_30","NR","Play","Grab","Grab.2","Sonso",0.65232518603969,0.00799289520426288,0.0353019538188277
"2576","100911b","Action_57","Morph_115","NR","Play","Stompobject","StompObject.1","Sonso",-0.82098055206983,0.0337477797513321,0.0424067495559503
"2577","100929","Action_41","Morph_85","NR","Play","Pull","Pull.2","Sonso",1.58514521986506,0.00643872113676732,0.0253108348134991
"2578","100931","Action_63","Morph_133","NR","Play","Touch","Touch.2","Sonso",-0.22314355131421,0.00754884547069272,0.0341918294849023
"2579","100742b","Action_53","Morph_113","NR","Playcontinue","Spinsomersault","SpinSomersault.1","Sonso",2.21046980408624,0.00799289520426288,0.00799289520426288
"2580","101133","Action_64","Morph_132","NR","Play","Touchlongother","Touch.1","Sonso",1.05779029414785,0.0104351687388988,0.0175399644760213
"2581","100925","Action_43","Morph_96","NR","Play","Raise","Raise.1","Sonso",0.494696241836107,0.00865896980461812,0.0113232682060391
"2582","100925","Action_64","Morph_133","NR","Play","Touchlongother","Touch.2","Sonso",1.15057202759882,0.00754884547069272,0.0175399644760213
"2583","100931","Action_64","Morph_133","NR","Play","Touchlongother","Touch.2","Sonso",2.2321626286975,0.00754884547069272,0.0175399644760213
"2584","100930","Action_41","Morph_85","NR","Play","Pull","Pull.2","Sonso",0,0.00643872113676732,0.0253108348134991
"2585","100741","Action_23","Morph_47","NR","Play","Hittingother","HitOther.3","Sonso",1.15057202759882,0.00843694493783304,0.0157637655417407
"2586","102373","Action_48","Morph_104","NR","Play","Rollover","RollOver.1","Sonso",0.494696241836107,0.00621669626998224,0.00621669626998224
"2587","100931","Action_63","Morph_133","NR","Play","Touch","Touch.2","Sonso",0.215111379616945,0.00754884547069272,0.0341918294849023
"2588","100741","Action_23","Morph_47","NR","Play","Hittingother","HitOther.3","Sonso",2.21046980408624,0.00843694493783304,0.0157637655417407
"2589","100948a","Action_63","Morph_137","NR","Play","Touch","Touch.6","Sonso",0.751416088683921,0.00488454706927176,0.0341918294849023
"2590","100741","Action_41","Morph_85","NR","Play","Pull","Pull.2","Sonso",1.54329810992956,0.00643872113676732,0.0253108348134991
"2591","100925","Action_15","Morph_36","NR","Play","Grabhold","GrabHold.2","Sonso",2.44060639089142,0.005550621669627,0.0204262877442274
"2592","100931","Action_64","Morph_133","NR","Play","Touchlongother","Touch.2","Sonso",1.91102289005487,0.00754884547069272,0.0175399644760213
"2593","100741","Action_14","Morph_30","NR","Play","Grab","Grab.2","Sonso",1.70110510095992,0.00799289520426288,0.0353019538188277
"2594","101133","Action_64","Morph_134","NR","Play","Touchlongother","Touch.3","Sonso",3.40784192438082,0.00488454706927176,0.0175399644760213
"2595","100743","Action_15","Morph_37","NR","Play","Grabhold","GrabHold.3","Sonso",1.63315443905142,0.00532859680284192,0.0204262877442274
"2596","100947","Action_14","Morph_30","NR","Play","Grab","Grab.2","Sonso",0.246860077931526,0.00799289520426288,0.0353019538188277
"2597","100925","Action_15","Morph_36","NR","Play","Grabhold","GrabHold.2","Sonso",1.81807677754543,0.005550621669627,0.0204262877442274
"2598","100768","Action_52","Morph_112","NR","Stopbehaviour","Spinroulade","SpinRoulade.1","Sonso",1.12492959698548,0.00488454706927176,0.00488454706927176
"2599","101141","Action_33","Morph_61","NR","Play","Objectmove","ObjectMove.1","Sonso",-1.02165124753198,0.0317495559502664,0.0406305506216696
"2600","101141","Action_43","Morph_96","NR","Play","Raise","Raise.1","Sonso",-0.174353387144778,0.00865896980461812,0.0113232682060391
"2601","101142","Action_45","Morph_100","NR","Play","Reach","Reach.1","Sonso",1.11185751541813,0.0408525754884547,0.0801509769094138
"2602","101141","Action_17","Morph_39","NR","Play","Hitobject","HitObject.1","Sonso",-0.510825623765991,0.0430728241563055,0.0559502664298401
"2603","100881","Action_60","Morph_127","NR","Stopbehaviour","Swing","Swing.1","Sonso",0.0769610411361284,0.0428507992895204,0.0475133214920071
"2604","102351","Action_34","Morph_65","NR","Stopbehaviour","Objectshake","ObjectShake.1","Sonso",0.770108221696074,0.0746003552397869,0.108792184724689
"2605","101141","Action_34","Morph_65","NR","Play","Objectshake","ObjectShake.1","Sonso",1.38629436111989,0.0746003552397869,0.108792184724689
"2606","101142","Action_45","Morph_100","NR","Play","Reach","Reach.1","Sonso",1.69377906086785,0.0408525754884547,0.0801509769094138
"2607","101706","Action_39","Morph_82","NR","Sexualattention","Presentgenitalsbackwards","PresentGenitals.1","Sonso",1.21194097397511,0.0295293072824156,0.033303730017762
"2608","100492","Action_50","Morph_108","NR","Play","Shake","Shake.2","Sonso",0.182321556793955,0.00466252220248668,0.0122113676731794
"2609","100492","Action_34","Morph_65","NR","Play","Objectshake","ObjectShake.1","Sonso",0.89199803930511,0.0746003552397869,0.108792184724689
"2610","100492","Action_34","Morph_65","NR","Play","Objectshake","ObjectShake.1","Sonso",0.444685821261446,0.0746003552397869,0.108792184724689
"2611","102439","Action_20","Morph_50","NR","Stopbehaviour","Hitother","HitOther.6","Sonso",-0.82098055206983,0.00488454706927176,0.0404085257548845
"2612","101273a","Action_34","Morph_65","NR","Play","Objectshake","ObjectShake.1","Sonso",1.05779029414785,0.0746003552397869,0.108792184724689
"2613","101273a","Action_24","Morph_51","NR","Play","Jump","Jump.1","Sonso",-0.653926467406664,0.00732682060390764,0.00732682060390764
"2614","101273a","Action_24","Morph_51","NR","Play","Jump","Jump.1","Sonso",-0.174353387144778,0.00732682060390764,0.00732682060390764
"2615","101273a","Action_33","Morph_62","NR","Play","Objectmove","ObjectMove.2","Sonso",0.215111379616945,0.00643872113676732,0.0406305506216696
"2616","101273a","Action_34","Morph_65","NR","Play","Objectshake","ObjectShake.1","Sonso",0.770108221696074,0.0746003552397869,0.108792184724689
"2617","100387b","Action_51","Morph_111","NR","Stopbehaviour","Spinpirouette","SpinPirouette.1","Sonso",1.01523067972906,0.00133214920071048,0.00133214920071048
"2618","101760","Action_38","Morph_77","NR","Directattention","Present","Present.3","Sonso",1.17557332980424,0.00466252220248668,0.0492895204262877
"2619","101759a","Action_38","Morph_76","NR","Directattention","Present","Present.2","Sonso",0.985816794522765,0.0135435168738899,0.0492895204262877
"2620","101777","Action_39","Morph_82","NR","Sexualattention","Presentgenitalsbackwards","PresentGenitals.1","Sonso",0.56531380905006,0.0295293072824156,0.033303730017762
"2621","101758b","Action_38","Morph_76","NR","Directattention","Present","Present.2","Sonso",-0.44628710262842,0.0135435168738899,0.0492895204262877
"2622","101827","Action_13","Morph_28","NR","Moveaway","Fling","Fling.2","Sonso",-0.44628710262842,0.00488454706927176,0.0117673179396092
"2623","101826","Action_20","Morph_46","NR","Moveaway","Hitother","HitOther.2","Sonso",-0.7339691750802,0.00932504440497336,0.0404085257548845
"2624","100554","Action_17","Morph_39","NR","Play","Hitobject","HitObject.1","Sonso",-0.27443684570176,0.0430728241563055,0.0559502664298401
"2625","100436a","Action_50","Morph_107","NR","Play","Shake","Shake.1","Sonso",-0.328504066972036,0.00355239786856128,0.0122113676731794
"2626","100436a","Action_60","Morph_127","NR","Play","Swing","Swing.1","Sonso",-0.22314355131421,0.0428507992895204,0.0475133214920071
"2627","101174","Action_55","Morph_116","NT","Play","Stompingobject","StompObject.2","Sonso",-0.627359440021942,0.0148756660746004,0.0230905861456483
"2628","100944","Action_17","Morph_41","NT","Play","Hitobject","HitObject.3","Sonso",-0.355247391947547,0.00510657193605684,0.0559502664298401
"2629","100271b","Action_39","Morph_82","NT","Sexualattention","Presentgenitalsbackwards","PresentGenitals.1","Sonso",0.336472236621213,0.0295293072824156,0.033303730017762
"2630","101178","Action_8","Morph_19","NT","Play","Dangle","Dangle.1","Sonso",0.42853038103916,0.0484014209591474,0.0484014209591474
"2631","101178","Action_60","Morph_127","NT","Play","Swing","Swing.1","Sonso",1.17433799919625,0.0428507992895204,0.0475133214920071
"2632","101174","Action_55","Morph_117","NT","Play","Stompingobject","StompObject.3","Sonso",0.917490012449637,0.00688277087033748,0.0230905861456483
"2633","101178","Action_60","Morph_127","NT","Play","Swing","Swing.1","Sonso",0.531804030151182,0.0428507992895204,0.0475133214920071
"2634","101174","Action_9","Morph_20","NT","Play","Dangleshake","DangleShake.1","Sonso",1.96108021384476,0.00710479573712256,0.00710479573712256
"2635","102494","Action_18","Morph_39","NT","Moveclose","Hitobjectobject","HitObject.1","Sonso",-0.127833371509885,0.0430728241563055,0.00466252220248668
"2636","102495","Action_1","Morph_2","NT","Position","Beckon","Beckon.2","Sonso",-0.22314355131421,0.00133214920071048,0.00155417406749556
"2637","102141","Action_63","Morph_134","NT","Staysame","Touch","Touch.3","Sonso",0.113328685307003,0.00488454706927176,0.0341918294849023
"2638","102141","Action_38","Morph_79","NT","Staysame","Present","Present.5","Sonso",0.631271776841858,0.00688277087033748,0.0492895204262877
"2639","102095","Action_50","Morph_108","NT","Playcontinue","Shake","Shake.2","Sonso",0.751416088683921,0.00466252220248668,0.0122113676731794
"2640","101857b","Action_15","Morph_35","NT","Playcontinue","Grabhold","GrabHold.1","Sonso",0.985816794522765,0.00932504440497336,0.0204262877442274
"2641","102096","Action_60","Morph_127","NT","Playcontinue","Swing","Swing.1","Sonso",0.841567185678219,0.0428507992895204,0.0475133214920071
"2642","102095","Action_60","Morph_127","NT","Playcontinue","Swing","Swing.1","Sonso",0.78845736036427,0.0428507992895204,0.0475133214920071
"2643","100921","Action_60","Morph_127","NT","Play","Swing","Swing.1","Sonso",-0.328504066972036,0.0428507992895204,0.0475133214920071
"2644","100374","Action_60","Morph_127","NT","Playcontinue","Swing","Swing.1","Sonso",-0.174353387144778,0.0428507992895204,0.0475133214920071
"2645","101457","Action_45","Morph_100","NT","Play","Reach","Reach.1","Sonso",0.542324290825362,0.0408525754884547,0.0801509769094138
"2646","101532","Action_15","Morph_35","NT","Play","Grabhold","GrabHold.1","Sonso",0.940007258491471,0.00932504440497336,0.0204262877442274
"2647","101525","Action_60","Morph_127","NT","Play","Swing","Swing.1","Sonso",0.27763173659828,0.0428507992895204,0.0475133214920071
"2648","101459","Action_41","Morph_85","NT","Play","Pull","Pull.2","Sonso",0.712949807856125,0.00643872113676732,0.0253108348134991
"2649","101532","Action_63","Morph_135","NT","Play","Touch","Touch.4","Sonso",0.392042087776024,0.00488454706927176,0.0341918294849023
"2650","101532","Action_15","Morph_35","NT","Play","Grabhold","GrabHold.1","Sonso",1.12492959698548,0.00932504440497336,0.0204262877442274
"2651","101532","Action_45","Morph_100","NT","Play","Reach","Reach.1","Sonso",0.908258560176891,0.0408525754884547,0.0801509769094138
"2652","101525","Action_60","Morph_127","NT","Play","Swing","Swing.1","Sonso",0.587786664902119,0.0428507992895204,0.0475133214920071
"2653","100723","Action_41","Morph_84","NT","Playcontinue","Pull","Pull.1","Sonso",1.49962304642689,0.00821492007104796,0.0253108348134991
"2654","100723","Action_16","Morph_38","NT","Playcontinue","Headstand","HeadStand.1","Sonso",2.37954613413017,0.0066607460035524,0.0066607460035524
"2655","100355a","Action_45","Morph_100","NT","Play","Reach","Reach.1","Sonso",0.712949807856125,0.0408525754884547,0.0801509769094138
"2656","101640a","Action_8","Morph_19","NT","Play","Dangle","Dangle.1","Sonso",2.48823443988067,0.0484014209591474,0.0484014209591474
"2657","101648","Action_8","Morph_19","NT","Play","Dangle","Dangle.1","Sonso",1.44456326924387,0.0484014209591474,0.0484014209591474
"2658","101640a","Action_57","Morph_118","NT","Play","Stompobject","StompObject.4","Sonso",-0.510825623765991,0.005550621669627,0.0424067495559503
"2659","101640a","Action_60","Morph_127","NT","Play","Swing","Swing.1","Sonso",1.37624402526639,0.0428507992895204,0.0475133214920071
"2660","100356","Action_60","Morph_127","NT","Playcontinue","Swing","Swing.1","Sonso",0.908258560176891,0.0428507992895204,0.0475133214920071
"2661","101640a","Action_17","Morph_39","NT","Play","Hitobject","HitObject.1","Sonso",-0.916290731874155,0.0430728241563055,0.0559502664298401
"2662","100355a","Action_42","Morph_91","NT","Play","Push","Push.4","Sonso",0.336472236621213,0.00932504440497336,0.0466252220248668
"2663","100794","Action_45","Morph_101","NT","Moveclose","Reach","Reach.2","Sonso",1.81156209652423,0.0370781527531083,0.0801509769094138
"2664","101640a","Action_17","Morph_41","NT","Play","Hitobject","HitObject.3","Sonso",-0.82098055206983,0.00510657193605684,0.0559502664298401
"2665","101583a","Action_52","Morph_112","NT","Play","Spinroulade","SpinRoulade.1","Sonso",1.21194097397511,0.00488454706927176,0.00488454706927176
"2666","101552","Action_14","Morph_32","NT","Play","Grab","Grab.4","Sonso",0,0.00754884547069272,0.0353019538188277
"2667","100794","Action_42","Morph_88","NT","Moveclose","Push","Push.1","Sonso",0.470003629245736,0.0106571936056838,0.0466252220248668
"2668","101583a","Action_16","Morph_38","NT","Play","Headstand","HeadStand.1","Sonso",1.11185751541813,0.0066607460035524,0.0066607460035524
"2669","100727","Action_42","Morph_95","NT","Moveclose","Push","Push.8","Sonso",0.924258901523332,0.00133214920071048,0.0466252220248668
"2670","101640a","Action_63","Morph_137","NT","Play","Touch","Touch.6","Sonso",0.631271776841858,0.00488454706927176,0.0341918294849023
"2671","100355a","Action_8","Morph_19","NT","Play","Dangle","Dangle.1","Sonso",0.78845736036427,0.0484014209591474,0.0484014209591474
"2672","101639","Action_50","Morph_108","NT","Playcontinue","Shake","Shake.2","Sonso",-0.0408219945202552,0.00466252220248668,0.0122113676731794
"2673","101640a","Action_26","Morph_53","NT","Play","Knockobject","KnockObject.1","Sonso",-0.7339691750802,0.00133214920071048,0.0011101243339254
"2674","100725","Action_41","Morph_85","NT","Playcontinue","Pull","Pull.2","Sonso",0.609765571620894,0.00643872113676732,0.0253108348134991
"2675","101552","Action_14","Morph_33","NT","Play","Grab","Grab.5","Sonso",-0.22314355131421,0.0033303730017762,0.0353019538188277
"2676","101737a","Action_15","Morph_36","NT","Play","Grabhold","GrabHold.2","Sonso",1.36609165380237,0.005550621669627,0.0204262877442274
"2677","100794","Action_63","Morph_134","NT","Moveclose","Touch","Touch.3","Sonso",0.27763173659828,0.00488454706927176,0.0341918294849023
"2678","101583a","Action_14","Morph_32","NT","Play","Grab","Grab.4","Sonso",-0.328504066972036,0.00754884547069272,0.0353019538188277
"2679","101640a","Action_17","Morph_39","NT","Play","Hitobject","HitObject.1","Sonso",-1.13943428318836,0.0430728241563055,0.0559502664298401
"2680","101552","Action_63","Morph_132","NT","Play","Touch","Touch.1","Sonso",1.02961941718116,0.0104351687388988,0.0341918294849023
"2681","101640a","Action_57","Morph_118","NT","Play","Stompobject","StompObject.4","Sonso",-0.7339691750802,0.005550621669627,0.0424067495559503
"2682","100725","Action_41","Morph_87","NT","Playcontinue","Pull","Pull.4","Sonso",1.24703229378638,0.00532859680284192,0.0253108348134991
"2683","100427a","Action_56","Morph_123","NT","Play","Stompingother","StompOther.2","Sonso",1.11185751541813,0.00244227353463588,0.00266429840142096
"2684","100427a","Action_8","Morph_19","NT","Play","Dangle","Dangle.1","Sonso",2.03339760317843,0.0484014209591474,0.0484014209591474
"2685","100680","Action_32","Morph_60","NT","Playcontinue","Objectmouth","ObjectMouth.1","Sonso",1.71559810826249,0.00466252220248668,0.00466252220248668
"2686","101176","Action_17","Morph_39","NT","Sociosexualattention","Hitobject","HitObject.1","Sonso",-0.567395975254385,0.0430728241563055,0.0559502664298401
"2687","100495","Action_8","Morph_19","NT","Play","Dangle","Dangle.1","Sonso",1.36609165380237,0.0484014209591474,0.0484014209591474
"2688","101994","Action_20","Morph_50","NT","Playcontinue","Hitother","HitOther.6","Sonso",0.113328685307003,0.00488454706927176,0.0404085257548845
"2689","102008","Action_17","Morph_39","NT","Play","Hitobject","HitObject.1","Sonso",-0.083381608939051,0.0430728241563055,0.0559502664298401
"2690","101992a","Action_17","Morph_39","NT","Play","Hitobject","HitObject.1","Sonso",0,0.0430728241563055,0.0559502664298401
"2691","100427a","Action_58","Morph_122","NT","Play","Stompother","StompOther.1","Sonso",-0.579818495252942,0.00244227353463588,0.00377442273534636
"2692","101993a","Action_64","Morph_139","NT","Play","Touchlongother","Touch.8","Sonso",1.18784342239605,0.00577264653641208,0.0175399644760213
"2693","100494","Action_53","Morph_113","NT","Play","Spinsomersault","SpinSomersault.1","Sonso",1.41585316336144,0.00799289520426288,0.00799289520426288
"2694","101451b","Action_45","Morph_100","NT","Play","Reach","Reach.1","Sonso",0.955511445027436,0.0408525754884547,0.0801509769094138
"2695","100745","Action_60","Morph_127","NT","Stopbehaviour","Swing","Swing.1","Sonso",0.0392207131532813,0.0428507992895204,0.0475133214920071
"2696","102008","Action_34","Morph_65","NT","Play","Objectshake","ObjectShake.1","Sonso",1.18784342239605,0.0746003552397869,0.108792184724689
"2697","100680","Action_14","Morph_30","NT","Playcontinue","Grab","Grab.2","Sonso",0.307484699747961,0.00799289520426288,0.0353019538188277
"2698","101992a","Action_20","Morph_45","NT","Play","Hitother","HitOther.1","Sonso",-0.653926467406664,0.0202042628774423,0.0404085257548845
"2699","102008","Action_8","Morph_19","NT","Play","Dangle","Dangle.1","Sonso",1.09861228866811,0.0484014209591474,0.0484014209591474
"2700","101993a","Action_60","Morph_127","NT","Play","Swing","Swing.1","Sonso",0.392042087776024,0.0428507992895204,0.0475133214920071
"2701","101993a","Action_15","Morph_35","NT","Play","Grabhold","GrabHold.1","Sonso",2.70001802940495,0.00932504440497336,0.0204262877442274
"2702","101533","Action_33","Morph_61","NT","Play","Objectmove","ObjectMove.1","Sonso",0.955511445027436,0.0317495559502664,0.0406305506216696
"2703","101993a","Action_56","Morph_123","NT","Play","Stompingother","StompOther.2","Sonso",0.494696241836107,0.00244227353463588,0.00266429840142096
"2704","101993a","Action_58","Morph_122","NT","Play","Stompother","StompOther.1","Sonso",0.0392207131532813,0.00244227353463588,0.00377442273534636
"2705","102007","Action_34","Morph_65","NT","Moveaway","Objectshake","ObjectShake.1","Sonso",1.46325540225602,0.0746003552397869,0.108792184724689
"2706","100687a","Action_60","Morph_127","NT","Play","Swing","Swing.1","Sonso",0.246860077931526,0.0428507992895204,0.0475133214920071
"2707","100426a","Action_8","Morph_19","NT","Play","Dangle","Dangle.1","Sonso",0.518793793415168,0.0484014209591474,0.0484014209591474
"2708","100687a","Action_60","Morph_127","NT","Play","Swing","Swing.1","Sonso",0.246860077931526,0.0428507992895204,0.0475133214920071
"2709","100769b","Action_29","Morph_58","NT","Play","Locomotegallop","LocomoteGallop.1","Sonso",0.418710334858185,0.00821492007104796,0.00821492007104796
"2710","100808","Action_8","Morph_19","NT","Play","Dangle","Dangle.1","Sonso",1.99061032797322,0.0484014209591474,0.0484014209591474
"2711","100808","Action_60","Morph_127","NT","Play","Swing","Swing.1","Sonso",1.12492959698548,0.0428507992895204,0.0475133214920071
"2712","100854","Action_34","Morph_65","NT","Playcontinue","Objectshake","ObjectShake.1","Sonso",0.672944473242426,0.0746003552397869,0.108792184724689
"2713","101268b","Action_20","Morph_45","NT","Playcontinue","Hitother","HitOther.1","Sonso",-0.82098055206983,0.0202042628774423,0.0404085257548845
"2714","101801","Action_17","Morph_39","NT","Play","Hitobject","HitObject.1","Sonso",-0.328504066972036,0.0430728241563055,0.0559502664298401
"2715","101268b","Action_57","Morph_115","NT","Playcontinue","Stompobject","StompObject.1","Sonso",-0.653926467406664,0.0337477797513321,0.0424067495559503
"2716","101801","Action_8","Morph_19","NT","Play","Dangle","Dangle.1","Sonso",1.99605993274078,0.0484014209591474,0.0484014209591474
"2717","101573","Action_14","Morph_33","NT","Playcontinue","Grab","Grab.5","Sonso",0.518793793415168,0.0033303730017762,0.0353019538188277
"2718","100257","Action_27","Morph_54","NT","Playcontinue","Leafclip","LeafClip.1","Sonso",1.48160454092422,0.0044404973357016,0.00599467140319716
"2719","100256","Action_27","Morph_54","NT","Playcontinue","Leafclip","LeafClip.1","Sonso",2.03861954715958,0.0044404973357016,0.00599467140319716
"2720","101004","Action_60","Morph_127","NT","Giveme","Swing","Swing.1","Sonso",0.0392207131532813,0.0428507992895204,0.0475133214920071
"2721","101004","Action_33","Morph_61","NT","Giveme","Objectmove","ObjectMove.1","Sonso",-0.0408219945202552,0.0317495559502664,0.0406305506216696
"2722","101004","Action_33","Morph_61","NT","Giveme","Objectmove","ObjectMove.1","Sonso",-0.510825623765991,0.0317495559502664,0.0406305506216696
"2723","101004","Action_60","Morph_128","NT","Giveme","Swing","Swing.2","Sonso",0.841567185678219,0.00310834813499112,0.0475133214920071
"2724","101004","Action_33","Morph_61","NT","Giveme","Objectmove","ObjectMove.1","Sonso",-0.385662480811985,0.0317495559502664,0.0406305506216696
"2725","101004","Action_34","Morph_65","NT","Giveme","Objectshake","ObjectShake.1","Sonso",-0.27443684570176,0.0746003552397869,0.108792184724689
"2726","101004","Action_60","Morph_127","NT","Giveme","Swing","Swing.1","Sonso",0.470003629245736,0.0428507992895204,0.0475133214920071
"2727","101004","Action_34","Morph_65","NT","Giveme","Objectshake","ObjectShake.1","Sonso",0.246860077931526,0.0746003552397869,0.108792184724689
"2728","100562a","Action_63","Morph_133","NT","Climbonyou","Touch","Touch.2","Sonso",-0.083381608939051,0.00754884547069272,0.0341918294849023
"2729","101137","Action_43","Morph_96","NT","Climbonyou","Raise","Raise.1","Sonso",1.68639895357023,0.00865896980461812,0.0113232682060391
"2730","102352","Action_59","Morph_125","NT","Giveme","Stroke","Stroke.2","Sonso",3.12851338478781,0.00155417406749556,0.00377442273534636
"2731","102366","Action_63","Morph_138","NT","Giveme","Touch","Touch.7","Sonso",0.518793793415168,0.0044404973357016,0.0341918294849023
"2732","102353","Action_42","Morph_93","NT","Position","Push","Push.6","Sonso",-0.44628710262842,0.0066607460035524,0.0466252220248668
"2733","102352","Action_59","Morph_125","NT","Giveme","Stroke","Stroke.2","Sonso",2.60417007061482,0.00155417406749556,0.00377442273534636
"2734","102443","Action_45","Morph_100","NT","Directattention","Reach","Reach.1","Sonso",0.246860077931526,0.0408525754884547,0.0801509769094138
"2735","102352","Action_59","Morph_125","NT","Giveme","Stroke","Stroke.2","Sonso",1.41585316336144,0.00155417406749556,0.00377442273534636
"2736","100765","Action_42","Morph_94","NT","Travel","Push","Push.7","Sonso",0.443402947448557,0.00288632326820604,0.0466252220248668
"2737","100765","Action_42","Morph_94","NT","Travel","Push","Push.7","Sonso",-0.457284856837961,0.00288632326820604,0.0466252220248668
"2738","100955","Action_3","Morph_11","NT","Playcontinue","Bite","Bite.3","Sonso",1.13783300182139,0.00310834813499112,0.0168738898756661
"2739","101131","Action_48","Morph_104","NT","Play","Rollover","RollOver.1","Sonso",2.85186190313429,0.00621669626998224,0.00621669626998224
"2740","101131","Action_63","Morph_137","NT","Play","Touch","Touch.6","Sonso",0.27763173659828,0.00488454706927176,0.0341918294849023
"2741","100535","Action_63","Morph_139","NT","Attendme","Touch","Touch.8","Sonso",0.542324290825362,0.00577264653641208,0.0341918294849023
"2742","100006","Action_42","Morph_93","NT","Position","Push","Push.6","Sonso",-0.127833371509885,0.0066607460035524,0.0466252220248668
"2743","100894","Action_64","Morph_140","NT","Giveme","Touchlongother","Touch.9","Sonso",2.44755086324423,0.00399644760213144,0.0175399644760213
"2744","102366","Action_45","Morph_101","NT","Giveme","Reach","Reach.2","Sonso",0.89199803930511,0.0370781527531083,0.0801509769094138
"2745","102352","Action_17","Morph_39","NT","Giveme","Hitobject","HitObject.1","Sonso",-0.22314355131421,0.0430728241563055,0.0559502664298401
"2746","100955","Action_34","Morph_65","NT","Playcontinue","Objectshake","ObjectShake.1","Sonso",0.182321556793955,0.0746003552397869,0.108792184724689
"2747","102363","Action_45","Morph_101","NT","Giveme","Reach","Reach.2","Sonso",1.85629799036563,0.0370781527531083,0.0801509769094138
"2748","102366","Action_45","Morph_101","NT","Giveme","Reach","Reach.2","Sonso",2.18829594659192,0.0370781527531083,0.0801509769094138
"2749","100765","Action_42","Morph_94","NT","Travel","Push","Push.7","Sonso",0.242946178610389,0.00288632326820604,0.0466252220248668
"2750","102352","Action_60","Morph_127","NT","Giveme","Swing","Swing.1","Sonso",0,0.0428507992895204,0.0475133214920071
"2751","100765","Action_42","Morph_94","NT","Travel","Push","Push.7","Sonso",-0.12897038129696,0.00288632326820604,0.0466252220248668
"2752","102352","Action_20","Morph_45","NT","Giveme","Hitother","HitOther.1","Sonso",-0.27443684570176,0.0202042628774423,0.0404085257548845
"2753","101282","Action_43","Morph_96","NT","Givemenurse","Raise","Raise.1","Sonso",-0.44628710262842,0.00865896980461812,0.0113232682060391
"2754","101664a","Action_43","Morph_96","NT","Givemenurse","Raise","Raise.1","Sonso",0.307484699747961,0.00865896980461812,0.0113232682060391
"2755","100765","Action_42","Morph_94","NT","Travel","Push","Push.7","Sonso",-0.279713902802604,0.00288632326820604,0.0466252220248668
"2756","102365","Action_64","Morph_140","NT","Giveme","Touchlongother","Touch.9","Sonso",2.54944517092557,0.00399644760213144,0.0175399644760213
"2757","101261","Action_42","Morph_93","NT","Position","Push","Push.6","Sonso",-0.385662480811985,0.0066607460035524,0.0466252220248668
"2758","100880","Action_13","Morph_27","NT","Givemenurse","Fling","Fling.1","Sonso",0.148420005118273,0.00688277087033748,0.0117673179396092
"2759","102352","Action_23","Morph_47","NT","Giveme","Hittingother","HitOther.3","Sonso",0.587786664902119,0.00843694493783304,0.0157637655417407
"2760","101246","Action_43","Morph_98","NT","Givemenurse","Raise","Raise.3","Sonso",3.64805745959368,0.00177619893428064,0.0113232682060391
"2761","100880","Action_13","Morph_27","NT","Givemenurse","Fling","Fling.1","Sonso",0.0769610411361284,0.00688277087033748,0.0117673179396092
"2762","102354","Action_63","Morph_140","NT","Giveme","Touch","Touch.9","Sonso",1.21194097397511,0.00399644760213144,0.0341918294849023
"2763","100954a","Action_33","Morph_62","NT","Play","Objectmove","ObjectMove.2","Sonso",1.48160454092422,0.00643872113676732,0.0406305506216696
"2764","102352","Action_60","Morph_127","NT","Giveme","Swing","Swing.1","Sonso",0.444685821261446,0.0428507992895204,0.0475133214920071
"2765","100954a","Action_33","Morph_62","NT","Play","Objectmove","ObjectMove.2","Sonso",0.908258560176891,0.00643872113676732,0.0406305506216696
"2766","101868a","Action_38","Morph_75","NT","Groom","Present","Present.1","Sonso",1.94591014905531,0.0170959147424512,0.0492895204262877
"2767","100765","Action_41","Morph_87","NT","Travel","Pull","Pull.4","Sonso",0.0685927914656117,0.00532859680284192,0.0253108348134991
"2768","100765","Action_42","Morph_94","NT","Travel","Push","Push.7","Sonso",0.387979793767145,0.00288632326820604,0.0466252220248668
"2769","102365","Action_45","Morph_101","NT","Giveme","Reach","Reach.2","Sonso",2.4748563139345,0.0370781527531083,0.0801509769094138
"2770","102352","Action_23","Morph_47","NT","Giveme","Hittingother","HitOther.3","Sonso",1.60140574073684,0.00843694493783304,0.0157637655417407
"2771","102366","Action_63","Morph_138","NT","Giveme","Touch","Touch.7","Sonso",0.732367893713227,0.0044404973357016,0.0341918294849023
"2772","100299","Action_38","Morph_76","NT","Groom","Present","Present.2","Sonso",0.307484699747961,0.0135435168738899,0.0492895204262877
"2773","102352","Action_23","Morph_47","NT","Giveme","Hittingother","HitOther.3","Sonso",0.494696241836107,0.00843694493783304,0.0157637655417407
"2774","101137","Action_43","Morph_96","NT","Climbonyou","Raise","Raise.1","Sonso",1.93441576962958,0.00865896980461812,0.0113232682060391
"2775","102352","Action_45","Morph_100","NT","Giveme","Reach","Reach.1","Sonso",0.841567185678219,0.0408525754884547,0.0801509769094138
"2776","101433","Action_8","Morph_19","NT","Play","Dangle","Dangle.1","Sonso",1.07158361628019,0.0484014209591474,0.0484014209591474
"2777","102366","Action_45","Morph_101","NT","Giveme","Reach","Reach.2","Sonso",1.86872051036418,0.0370781527531083,0.0801509769094138
"2778","101430","Action_43","Morph_96","NT","Givemenurse","Raise","Raise.1","Sonso",0.182321556793955,0.00865896980461812,0.0113232682060391
"2779","102352","Action_45","Morph_101","NT","Giveme","Reach","Reach.2","Sonso",1.1999647829284,0.0370781527531083,0.0801509769094138
"2780","100765","Action_42","Morph_94","NT","Travel","Push","Push.7","Sonso",-0.309246250367621,0.00288632326820604,0.0466252220248668
"2781","100765","Action_42","Morph_94","NT","Travel","Push","Push.7","Sonso",0.164666621555234,0.00288632326820604,0.0466252220248668
"2782","100573","Action_3","Morph_11","NT","Stopbehaviour","Bite","Bite.3","Sonso",1.30291275218084,0.00310834813499112,0.0168738898756661
"2783","100484a","Action_8","Morph_19","NT","Play","Dangle","Dangle.1","Sonso",2.089391872533,0.0484014209591474,0.0484014209591474
"2784","100481","Action_8","Morph_19","NT","Play","Dangle","Dangle.1","Sonso",1.87487437593856,0.0484014209591474,0.0484014209591474
"2785","100573","Action_3","Morph_13","NT","Stopbehaviour","Bite","Bite.5","Sonso",0.148420005118273,0.0011101243339254,0.0168738898756661
"2786","100487a","Action_33","Morph_62","NT","Play","Objectmove","ObjectMove.2","Sonso",-0.0408219945202552,0.00643872113676732,0.0406305506216696
"2787","100382","Action_34","Morph_65","NT","Play","Objectshake","ObjectShake.1","Sonso",0.56531380905006,0.0746003552397869,0.108792184724689
"2788","100483","Action_33","Morph_62","NT","Play","Objectmove","ObjectMove.2","Sonso",1.59330853050422,0.00643872113676732,0.0406305506216696
"2789","100487a","Action_33","Morph_61","NT","Play","Objectmove","ObjectMove.1","Sonso",-0.22314355131421,0.0317495559502664,0.0406305506216696
"2790","100486","Action_11","Morph_22","NT","Affiliation","Embrace","Embrace.1","Sonso",0.78845736036427,0.00288632326820604,0.005550621669627
"2791","100481","Action_52","Morph_112","NT","Play","Spinroulade","SpinRoulade.1","Sonso",1.11185751541813,0.00488454706927176,0.00488454706927176
"2792","100004","Action_39","Morph_82","NT","Staysame","Presentgenitalsbackwards","PresentGenitals.1","Sonso",0.940007258491471,0.0295293072824156,0.033303730017762
"2793","100957","Action_15","Morph_37","NT","Play","Grabhold","GrabHold.3","Sonso",2.32238772029023,0.00532859680284192,0.0204262877442274
"2794","101887","Action_57","Morph_115","NT","Play","Stompobject","StompObject.1","Sonso",-0.653926467406664,0.0337477797513321,0.0424067495559503
"2795","100567","Action_53","Morph_113","NT","Play","Spinsomersault","SpinSomersault.1","Sonso",0.970778917158225,0.00799289520426288,0.00799289520426288
"2796","100567","Action_52","Morph_112","NT","Play","Spinroulade","SpinRoulade.1","Sonso",1.39624469197306,0.00488454706927176,0.00488454706927176
"2797","101096","Action_60","Morph_127","NT","Play","Swing","Swing.1","Sonso",0.470003629245736,0.0428507992895204,0.0475133214920071
"2798","100795","Action_60","Morph_127","NT","Playcontinue","Swing","Swing.1","Sonso",0.806475865866949,0.0428507992895204,0.0475133214920071
"2799","100752","Action_50","Morph_108","NT","Playcontinue","Shake","Shake.2","Sonso",0.56531380905006,0.00466252220248668,0.0122113676731794
"2800","100957","Action_53","Morph_113","NT","Play","Spinsomersault","SpinSomersault.1","Sonso",0.732367893713227,0.00799289520426288,0.00799289520426288
"2801","100567","Action_3","Morph_12","NT","Play","Bite","Bite.4","Sonso",1.60140574073684,0.00177619893428064,0.0168738898756661
"2802","100948b","Action_14","Morph_33","NT","Play","Grab","Grab.5","Sonso",0.0769610411361284,0.0033303730017762,0.0353019538188277
"2803","100752","Action_60","Morph_127","NT","Playcontinue","Swing","Swing.1","Sonso",-0.083381608939051,0.0428507992895204,0.0475133214920071
"2804","100566","Action_33","Morph_61","NT","Play","Objectmove","ObjectMove.1","Sonso",0,0.0317495559502664,0.0406305506216696
"2805","100566","Action_60","Morph_128","NT","Play","Swing","Swing.2","Sonso",0,0.00310834813499112,0.0475133214920071
"2806","101887","Action_21","Morph_43","NT","Play","Hittingobject","HitObject.5","Sonso",0.587786664902119,0.0044404973357016,0.00799289520426288
"2807","100753","Action_17","Morph_39","NT","Playcontinue","Hitobject","HitObject.1","Sonso",-0.328504066972036,0.0430728241563055,0.0559502664298401
"2808","100569","Action_48","Morph_104","NT","Play","Rollover","RollOver.1","Sonso",1.17557332980424,0.00621669626998224,0.00621669626998224
"2809","102329","Action_8","Morph_19","NT","Play","Dangle","Dangle.1","Sonso",0.336472236621213,0.0484014209591474,0.0484014209591474
"2810","101892","Action_41","Morph_84","NT","Playcontinue","Pull","Pull.1","Sonso",0.631271776841858,0.00821492007104796,0.0253108348134991
"2811","100948b","Action_15","Morph_35","NT","Play","Grabhold","GrabHold.1","Sonso",2.99373027088332,0.00932504440497336,0.0204262877442274
"2812","100747","Action_14","Morph_34","NT","Play","Grab","Grab.6","Sonso",-0.27443684570176,0.00355239786856128,0.0353019538188277
"2813","100753","Action_60","Morph_129","NT","Playcontinue","Swing","Swing.3","Sonso",-0.174353387144778,0.0011101243339254,0.0475133214920071
"2814","100751","Action_60","Morph_127","NT","Play","Swing","Swing.1","Sonso",0.113328685307003,0.0428507992895204,0.0475133214920071
"2815","100742a","Action_42","Morph_95","NT","Playcontinue","Push","Push.8","Sonso",-0.127833371509885,0.00133214920071048,0.0466252220248668
"2816","100911a","Action_20","Morph_46","NT","Play","Hitother","HitOther.2","Sonso",-0.127833371509885,0.00932504440497336,0.0404085257548845
"2817","100567","Action_17","Morph_39","NT","Play","Hitobject","HitObject.1","Sonso",-0.385662480811985,0.0430728241563055,0.0559502664298401
"2818","102329","Action_60","Morph_128","NT","Play","Swing","Swing.2","Sonso",-0.127833371509885,0.00310834813499112,0.0475133214920071
"2819","100568","Action_52","Morph_112","NT","Stopbehaviour","Spinroulade","SpinRoulade.1","Sonso",1.12492959698548,0.00488454706927176,0.00488454706927176
"2820","101042","Action_20","Morph_45","NT","Play","Hitother","HitOther.1","Sonso",-0.916290731874155,0.0202042628774423,0.0404085257548845
"2821","100753","Action_8","Morph_19","NT","Playcontinue","Dangle","Dangle.1","Sonso",1.80500469597808,0.0484014209591474,0.0484014209591474
"2822","102356","Action_20","Morph_45","NT","Play","Hitother","HitOther.1","Sonso",-0.579818495252942,0.0202042628774423,0.0404085257548845
"2823","101096","Action_60","Morph_127","NT","Play","Swing","Swing.1","Sonso",0.364643113587909,0.0428507992895204,0.0475133214920071
"2824","100795","Action_8","Morph_19","NT","Playcontinue","Dangle","Dangle.1","Sonso",0.841567185678219,0.0484014209591474,0.0484014209591474
"2825","102356","Action_8","Morph_19","NT","Play","Dangle","Dangle.1","Sonso",0.89199803930511,0.0484014209591474,0.0484014209591474
"2826","101042","Action_17","Morph_39","NT","Play","Hitobject","HitObject.1","Sonso",-1.02165124753198,0.0430728241563055,0.0559502664298401
"2827","100567","Action_61","Morph_130","NT","Play","Throwobject","ThrowObject.1","Sonso",0.113328685307003,0.00244227353463588,0.00244227353463588
"2828","100742a","Action_14","Morph_34","NT","Playcontinue","Grab","Grab.6","Sonso",1.04380405217311,0.00355239786856128,0.0353019538188277
"2829","100753","Action_60","Morph_127","NT","Playcontinue","Swing","Swing.1","Sonso",0.27763173659828,0.0428507992895204,0.0475133214920071
"2830","100948b","Action_15","Morph_35","NT","Play","Grabhold","GrabHold.1","Sonso",1.45395300959371,0.00932504440497336,0.0204262877442274
"2831","100910","Action_60","Morph_127","NT","Play","Swing","Swing.1","Sonso",0.609765571620894,0.0428507992895204,0.0475133214920071
"2832","101894","Action_57","Morph_118","NT","Play","Stompobject","StompObject.4","Sonso",-0.22314355131421,0.005550621669627,0.0424067495559503
"2833","100570","Action_55","Morph_117","NT","Play","Stompingobject","StompObject.3","Sonso",-0.174353387144778,0.00688277087033748,0.0230905861456483
"2834","100522","Action_6","Morph_18","NT","Play","Bow","Bow.1","Sonso",-0.328504066972036,0.00177619893428064,0.00177619893428064
"2835","100949","Action_45","Morph_101","NT","Play","Reach","Reach.2","Sonso",0.307484699747961,0.0370781527531083,0.0801509769094138
"2836","100956","Action_57","Morph_115","NT","Play","Stompobject","StompObject.1","Sonso",-1.13943428318836,0.0337477797513321,0.0424067495559503
"2837","101867","Action_34","Morph_65","NT","Play","Objectshake","ObjectShake.1","Sonso",0.712949807856125,0.0746003552397869,0.108792184724689
"2838","101140","Action_55","Morph_117","NT","Moveaway","Stompingobject","StompObject.3","Sonso",0.542324290825362,0.00688277087033748,0.0230905861456483
"2839","101894","Action_55","Morph_116","NT","Play","Stompingobject","StompObject.2","Sonso",-0.510825623765991,0.0148756660746004,0.0230905861456483
"2840","100571","Action_57","Morph_115","NT","Play","Stompobject","StompObject.1","Sonso",-0.653926467406664,0.0337477797513321,0.0424067495559503
"2841","100570","Action_17","Morph_40","NT","Play","Hitobject","HitObject.2","Sonso",-0.510825623765991,0.0119893428063943,0.0559502664298401
"2842","100956","Action_17","Morph_39","NT","Play","Hitobject","HitObject.1","Sonso",-1.02165124753198,0.0430728241563055,0.0559502664298401
"2843","100522","Action_43","Morph_98","NT","Play","Raise","Raise.3","Sonso",0.712949807856125,0.00177619893428064,0.0113232682060391
"2844","100877","Action_34","Morph_65","NT","Play","Objectshake","ObjectShake.1","Sonso",1.6094379124341,0.0746003552397869,0.108792184724689
"2845","100877","Action_57","Morph_115","NT","Play","Stompobject","StompObject.1","Sonso",-0.385662480811985,0.0337477797513321,0.0424067495559503
"2846","100877","Action_57","Morph_115","NT","Play","Stompobject","StompObject.1","Sonso",-0.385662480811985,0.0337477797513321,0.0424067495559503
"2847","100522","Action_50","Morph_110","NT","Play","Shake","Shake.4","Sonso",-0.127833371509885,0.00399644760213144,0.0122113676731794
"2848","100571","Action_57","Morph_115","NT","Play","Stompobject","StompObject.1","Sonso",-0.7339691750802,0.0337477797513321,0.0424067495559503
"2849","100571","Action_57","Morph_115","NT","Play","Stompobject","StompObject.1","Sonso",-0.27443684570176,0.0337477797513321,0.0424067495559503
"2850","100571","Action_10","Morph_21","NT","Play","Drum","Drum.1","Sonso",-0.916290731874155,0.0033303730017762,0.0033303730017762
"2851","100910","Action_57","Morph_115","NT","Play","Stompobject","StompObject.1","Sonso",-0.44628710262842,0.0337477797513321,0.0424067495559503
"2852","101867","Action_33","Morph_64","NT","Play","Objectmove","ObjectMove.4","Sonso",0.542324290825362,0.00066607460035524,0.0406305506216696
"2853","100570","Action_21","Morph_42","NT","Play","Hittingobject","HitObject.4","Sonso",-0.27443684570176,0.00599467140319716,0.00799289520426288
"2854","100910","Action_34","Morph_67","NT","Play","Objectshake","ObjectShake.3","Sonso",0.78845736036427,0.0022202486678508,0.108792184724689
"2855","100956","Action_29","Morph_58","NT","Play","Locomotegallop","LocomoteGallop.1","Sonso",0.494696241836107,0.00821492007104796,0.00821492007104796
"2856","100949","Action_17","Morph_39","NT","Play","Hitobject","HitObject.1","Sonso",-0.22314355131421,0.0430728241563055,0.0559502664298401
"2857","100522","Action_6","Morph_18","NT","Play","Bow","Bow.1","Sonso",0.361861470626032,0.00177619893428064,0.00177619893428064
"2858","100877","Action_34","Morph_67","NT","Play","Objectshake","ObjectShake.3","Sonso",1.33500106673234,0.0022202486678508,0.108792184724689
"2859","100522","Action_6","Morph_18","NT","Play","Bow","Bow.1","Sonso",0.958583644064407,0.00177619893428064,0.00177619893428064
"2860","100877","Action_57","Morph_115","NT","Play","Stompobject","StompObject.1","Sonso",-1.42711635564015,0.0337477797513321,0.0424067495559503
"2861","101867","Action_57","Morph_115","NT","Play","Stompobject","StompObject.1","Sonso",0,0.0337477797513321,0.0424067495559503
"2862","100956","Action_57","Morph_120","NT","Play","Stompobject","StompObject.6","Sonso",-0.385662480811985,0.00133214920071048,0.0424067495559503
"2863","100570","Action_17","Morph_39","NT","Play","Hitobject","HitObject.1","Sonso",-1.27296567581289,0.0430728241563055,0.0559502664298401
"2864","100910","Action_60","Morph_127","NT","Play","Swing","Swing.1","Sonso",1.13783300182139,0.0428507992895204,0.0475133214920071
"2865","100522","Action_43","Morph_98","NT","Play","Raise","Raise.3","Sonso",1.94017947434633,0.00177619893428064,0.0113232682060391
"2866","100570","Action_57","Morph_115","NT","Play","Stompobject","StompObject.1","Sonso",-0.44628710262842,0.0337477797513321,0.0424067495559503
"2867","100910","Action_60","Morph_127","NT","Play","Swing","Swing.1","Sonso",1.02961941718116,0.0428507992895204,0.0475133214920071
"2868","100571","Action_17","Morph_39","NT","Play","Hitobject","HitObject.1","Sonso",-1.13943428318836,0.0430728241563055,0.0559502664298401
"2869","100910","Action_55","Morph_116","NT","Play","Stompingobject","StompObject.2","Sonso",0.307484699747961,0.0148756660746004,0.0230905861456483
"2870","100956","Action_57","Morph_115","NT","Play","Stompobject","StompObject.1","Sonso",-0.27443684570176,0.0337477797513321,0.0424067495559503
"2871","100877","Action_8","Morph_19","NT","Play","Dangle","Dangle.1","Sonso",1.02961941718116,0.0484014209591474,0.0484014209591474
"2872","100956","Action_57","Morph_115","NT","Play","Stompobject","StompObject.1","Sonso",-1.13943428318836,0.0337477797513321,0.0424067495559503
"2873","100910","Action_34","Morph_67","NT","Play","Objectshake","ObjectShake.3","Sonso",1.62531126159039,0.0022202486678508,0.108792184724689
"2874","100522","Action_16","Morph_38","NT","Play","Headstand","HeadStand.1","Sonso",0.841567185678219,0.0066607460035524,0.0066607460035524
"2875","101043","Action_51","Morph_111","NT","Stopbehaviour","Spinpirouette","SpinPirouette.1","Sonso",0.609765571620894,0.00133214920071048,0.00133214920071048
"2876","101245","Action_60","Morph_127","NT","Play","Swing","Swing.1","Sonso",-0.0408219945202552,0.0428507992895204,0.0475133214920071
"2877","100377a","Action_29","Morph_58","NT","Play","Locomotegallop","LocomoteGallop.1","Sonso",1.23547147138531,0.00821492007104796,0.00821492007104796
"2878","101245","Action_57","Morph_115","NT","Play","Stompobject","StompObject.1","Sonso",-0.916290731874155,0.0337477797513321,0.0424067495559503
"2879","101245","Action_60","Morph_127","NT","Play","Swing","Swing.1","Sonso",0.0953101798043249,0.0428507992895204,0.0475133214920071
"2880","101245","Action_9","Morph_20","NT","Play","Dangleshake","DangleShake.1","Sonso",1.46902575871736,0.00710479573712256,0.00710479573712256
"2881","100379","Action_29","Morph_58","NT","Play","Locomotegallop","LocomoteGallop.1","Sonso",1.11185751541813,0.00821492007104796,0.00821492007104796
"2882","101245","Action_8","Morph_19","NT","Play","Dangle","Dangle.1","Sonso",0.672944473242426,0.0484014209591474,0.0484014209591474
"2883","101245","Action_8","Morph_19","NT","Play","Dangle","Dangle.1","Sonso",1.00063188030791,0.0484014209591474,0.0484014209591474
"2884","101245","Action_8","Morph_19","NT","Play","Dangle","Dangle.1","Sonso",0.660107326481745,0.0484014209591474,0.0484014209591474
"2885","100378","Action_29","Morph_58","NT","Play","Locomotegallop","LocomoteGallop.1","Sonso",1.50851199384414,0.00821492007104796,0.00821492007104796
"2886","102001a","Action_14","Morph_31","NT","Play","Grab","Grab.3","Sonso",0.148420005118273,0.00466252220248668,0.0353019538188277
"2887","101089","Action_8","Morph_19","NT","Play","Dangle","Dangle.1","Sonso",0.27763173659828,0.0484014209591474,0.0484014209591474
"2888","102144","Action_2","Morph_4","NT","Groom","Bigloudscratch","BigLoudScratch.2","Sonso",1.45395300959371,0.019316163410302,0.0577264653641208
"2889","102001a","Action_14","Morph_31","NT","Play","Grab","Grab.3","Sonso",-0.174353387144778,0.00466252220248668,0.0353019538188277
"2890","101093","Action_60","Morph_127","NT","Playcontinue","Swing","Swing.1","Sonso",1.50851199384414,0.0428507992895204,0.0475133214920071
"2891","101089","Action_60","Morph_127","NT","Play","Swing","Swing.1","Sonso",0.0392207131532813,0.0428507992895204,0.0475133214920071
"2892","101696","Action_53","Morph_113","NT","Stopbehaviour","Spinsomersault","SpinSomersault.1","Sonso",1.26976054486394,0.00799289520426288,0.00799289520426288
"2893","102144","Action_38","Morph_75","NT","Groom","Present","Present.1","Sonso",1.21194097397511,0.0170959147424512,0.0492895204262877
"2894","102001a","Action_20","Morph_45","NT","Play","Hitother","HitOther.1","Sonso",-0.174353387144778,0.0202042628774423,0.0404085257548845
"2895","102001a","Action_20","Morph_45","NT","Play","Hitother","HitOther.1","Sonso",0.0392207131532813,0.0202042628774423,0.0404085257548845
"2896","102001a","Action_63","Morph_137","NT","Play","Touch","Touch.6","Sonso",0.392042087776024,0.00488454706927176,0.0341918294849023
"2897","102003a","Action_45","Morph_100","NT","Play","Reach","Reach.1","Sonso",1.17557332980424,0.0408525754884547,0.0801509769094138
"2898","102001a","Action_34","Morph_65","NT","Play","Objectshake","ObjectShake.1","Sonso",1.74396880539171,0.0746003552397869,0.108792184724689
"2899","101741","Action_63","Morph_134","NT","Play","Touch","Touch.3","Sonso",0.89199803930511,0.00488454706927176,0.0341918294849023
"2900","101741","Action_14","Morph_30","NT","Play","Grab","Grab.2","Sonso",0.908258560176891,0.00799289520426288,0.0353019538188277
"2901","100884","Action_17","Morph_39","NT","Play","Hitobject","HitObject.1","Sonso",0.0769610411361284,0.0430728241563055,0.0559502664298401
"2902","101173","Action_17","Morph_39","NT","Play","Hitobject","HitObject.1","Sonso",-0.455706324544911,0.0430728241563055,0.0559502664298401
"2903","100883b","Action_60","Morph_127","NT","Play","Swing","Swing.1","Sonso",-0.083381608939051,0.0428507992895204,0.0475133214920071
"2904","100883b","Action_60","Morph_127","NT","Play","Swing","Swing.1","Sonso",0.0769610411361284,0.0428507992895204,0.0475133214920071
"2905","100883b","Action_60","Morph_127","NT","Play","Swing","Swing.1","Sonso",0.215111379616945,0.0428507992895204,0.0475133214920071
"2906","101267","Action_29","Morph_58","NT","Play","Locomotegallop","LocomoteGallop.1","Sonso",1.60140574073684,0.00821492007104796,0.00821492007104796
"2907","100726","Action_29","Morph_58","NT","Stopbehaviour","Locomotegallop","LocomoteGallop.1","Sonso",0.113328685307003,0.00821492007104796,0.00821492007104796
"2908","102145","Action_45","Morph_101","NT","Affiliation","Reach","Reach.2","Sonso",0.336472236621213,0.0370781527531083,0.0801509769094138
"2909","100437","Action_17","Morph_40","NT","Play","Hitobject","HitObject.2","Sonso",-0.127833371509885,0.0119893428063943,0.0559502664298401
"2910","101614a","Action_14","Morph_32","NT","Play","Grab","Grab.4","Sonso",0.246860077931526,0.00754884547069272,0.0353019538188277
"2911","102491a","Action_20","Morph_45","NT","Stopbehaviour","Hitother","HitOther.1","Sonso",-0.22314355131421,0.0202042628774423,0.0404085257548845
"2912","101547","Action_20","Morph_45","NT","Play","Hitother","HitOther.1","Sonso",-0.7339691750802,0.0202042628774423,0.0404085257548845
"2913","101547","Action_8","Morph_19","NT","Play","Dangle","Dangle.1","Sonso",2.25339484880327,0.0484014209591474,0.0484014209591474
"2914","101547","Action_14","Morph_32","NT","Play","Grab","Grab.4","Sonso",-0.127833371509885,0.00754884547069272,0.0353019538188277
"2915","100906b","Action_43","Morph_96","NT","Stopbehaviour","Raise","Raise.1","Sonso",-0.385662480811985,0.00865896980461812,0.0113232682060391
"2916","101547","Action_20","Morph_45","NT","Play","Hitother","HitOther.1","Sonso",-0.82098055206983,0.0202042628774423,0.0404085257548845
"2917","101547","Action_20","Morph_45","NT","Play","Hitother","HitOther.1","Sonso",-0.82098055206983,0.0202042628774423,0.0404085257548845
"2918","101805","Action_60","Morph_128","NT","Playcontinue","Swing","Swing.2","Sonso",0.215111379616945,0.00310834813499112,0.0475133214920071
"2919","101694","Action_20","Morph_50","NT","Play","Hitother","HitOther.6","Sonso",-0.385662480811985,0.00488454706927176,0.0404085257548845
"2920","100861","Action_60","Morph_128","NT","Play","Swing","Swing.2","Sonso",1.12492959698548,0.00310834813499112,0.0475133214920071
"2921","100058","Action_32","Morph_60","NT","Playcontinue","Objectmouth","ObjectMouth.1","Sonso",1.93441576962958,0.00466252220248668,0.00466252220248668
"2922","100046","Action_63","Morph_140","NT","Playcontinue","Touch","Touch.9","Sonso",-0.083381608939051,0.00399644760213144,0.0341918294849023
"2923","101694","Action_20","Morph_50","NT","Play","Hitother","HitOther.6","Sonso",-0.579818495252942,0.00488454706927176,0.0404085257548845
"2924","100107","Action_45","Morph_102","NT","Play","Reach","Reach.3","Sonso",-0.385662480811985,0.0022202486678508,0.0801509769094138
"2925","101805","Action_60","Morph_127","NT","Playcontinue","Swing","Swing.1","Sonso",0.148420005118273,0.0428507992895204,0.0475133214920071
"2926","101799","Action_8","Morph_19","NT","Play","Dangle","Dangle.1","Sonso",1.09861228866811,0.0484014209591474,0.0484014209591474
"2927","101805","Action_45","Morph_101","NT","Playcontinue","Reach","Reach.2","Sonso",0.0392207131532813,0.0370781527531083,0.0801509769094138
"2928","100047","Action_16","Morph_38","NT","Playcontinue","Headstand","HeadStand.1","Sonso",0.65232518603969,0.0066607460035524,0.0066607460035524
"2929","100861","Action_25","Morph_52","NT","Play","Kickpunch","KickPunch.1","Sonso",-0.44628710262842,0.0022202486678508,0.0022202486678508
"2930","100273","Action_64","Morph_138","NT","Giveme","Touchlongother","Touch.7","Sonso",0.836814530372358,0.0044404973357016,0.0175399644760213
"2931","100273","Action_45","Morph_101","NT","Giveme","Reach","Reach.2","Sonso",1.39624469197306,0.0370781527531083,0.0801509769094138
"2932","102142b","Action_38","Morph_79","NT","Affiliation","Present","Present.5","Sonso",1.11185751541813,0.00688277087033748,0.0492895204262877
"2933","100273","Action_45","Morph_101","NT","Giveme","Reach","Reach.2","Sonso",2.04381436403668,0.0370781527531083,0.0801509769094138
"2934","100191b","Action_39","Morph_82","OK","Sexualattention","Presentgenitalsbackwards","PresentGenitals.1","Sonso",0.494696241836107,0.0295293072824156,0.033303730017762
"2935","100154","Action_39","Morph_82","OK","Sexualattention","Presentgenitalsbackwards","PresentGenitals.1","Sonso",0.858661619037519,0.0295293072824156,0.033303730017762
"2936","100316","Action_39","Morph_82","OK","Sexualattention","Presentgenitalsbackwards","PresentGenitals.1","Sonso",0.27763173659828,0.0295293072824156,0.033303730017762
"2937","100223","Action_55","Morph_116","OK","Play","Stompingobject","StompObject.2","Sonso",0.0392207131532813,0.0148756660746004,0.0230905861456483
"2938","100223","Action_17","Morph_39","OK","Play","Hitobject","HitObject.1","Sonso",-1.13943428318836,0.0430728241563055,0.0559502664298401
"2939","100223","Action_24","Morph_51","OK","Play","Jump","Jump.1","Sonso",-0.653926467406664,0.00732682060390764,0.00732682060390764
"2940","100223","Action_17","Morph_39","OK","Play","Hitobject","HitObject.1","Sonso",-0.579818495252942,0.0430728241563055,0.0559502664298401
"2941","100223","Action_20","Morph_45","OK","Play","Hitother","HitOther.1","Sonso",-1.6094379124341,0.0202042628774423,0.0404085257548845
"2942","100223","Action_17","Morph_40","OK","Play","Hitobject","HitObject.2","Sonso",-0.385662480811985,0.0119893428063943,0.0559502664298401
"2943","100223","Action_60","Morph_127","OK","Play","Swing","Swing.1","Sonso",-0.328504066972036,0.0428507992895204,0.0475133214920071
"2944","100145","Action_45","Morph_100","OK","Sociosexualattention","Reach","Reach.1","Sonso",0.182321556793955,0.0408525754884547,0.0801509769094138
"2945","100314","Action_38","Morph_77","OK","Directattention","Present","Present.3","Sonso",0.494696241836107,0.00466252220248668,0.0492895204262877
"2946","100026","Action_39","Morph_82","OK","Staysame","Presentgenitalsbackwards","PresentGenitals.1","Sonso",1.11185751541813,0.0295293072824156,0.033303730017762
"2947","100082a","Action_2","Morph_3","OK","Groom","Bigloudscratch","BigLoudScratch.1","Sonso",1.49962304642689,0.0215364120781528,0.0577264653641208
"2948","100130","Action_39","Morph_82","OK","Staysame","Presentgenitalsbackwards","PresentGenitals.1","Sonso",1.25846098961001,0.0295293072824156,0.033303730017762
"2949","100120","Action_39","Morph_82","OK","Staysame","Presentgenitalsbackwards","PresentGenitals.1","Sonso",0.0392207131532813,0.0295293072824156,0.033303730017762
"2950","102408","Action_38","Morph_79","PN","Staysame","Present","Present.5","Sonso",0.0392207131532813,0.00688277087033748,0.0492895204262877
"2951","101168","Action_55","Morph_117","PS","Sexualattention","Stompingobject","StompObject.3","Sonso",1.55180879959746,0.00688277087033748,0.0230905861456483
"2952","101168","Action_55","Morph_117","PS","Sexualattention","Stompingobject","StompObject.3","Sonso",0.494696241836107,0.00688277087033748,0.0230905861456483
"2953","101169","Action_57","Morph_115","PS","Sexualattention","Stompobject","StompObject.1","Sonso",-0.82098055206983,0.0337477797513321,0.0424067495559503
"2954","100941b","Action_32","Morph_60","PS","Playcontinue","Objectmouth","ObjectMouth.1","Sonso",3.08557297755378,0.00466252220248668,0.00466252220248668
"2955","100206","Action_45","Morph_101","PS","Staysame","Reach","Reach.2","Sonso",-0.27443684570176,0.0370781527531083,0.0801509769094138
"2956","100197","Action_41","Morph_85","PS","Support","Pull","Pull.2","Sonso",1.02961941718116,0.00643872113676732,0.0253108348134991
"2957","100197","Action_4","Morph_16","PS","Support","Bitekiss","Bite.8","Sonso",-0.22314355131421,0.00288632326820604,0.00066607460035524
"2958","100819a","Action_16","Morph_38","PS","Play","Headstand","HeadStand.1","Sonso",0.955511445027436,0.0066607460035524,0.0066607460035524
"2959","100819a","Action_3","Morph_11","PS","Play","Bite","Bite.3","Sonso",1.47247205736094,0.00310834813499112,0.0168738898756661
"2960","100827","Action_3","Morph_16","PS","Playcontinue","Bite","Bite.8","Sonso",1.11185751541813,0.00288632326820604,0.0168738898756661
"2961","101217","Action_55","Morph_116","PS","Play","Stompingobject","StompObject.2","Sonso",1.73695123273306,0.0148756660746004,0.0230905861456483
"2962","100823a","Action_50","Morph_110","PS","Play","Shake","Shake.4","Sonso",0.0392207131532813,0.00399644760213144,0.0122113676731794
"2963","100823a","Action_33","Morph_63","PS","Play","Objectmove","ObjectMove.3","Sonso",1.45395300959371,0.0011101243339254,0.0406305506216696
"2964","100825","Action_33","Morph_61","PS","Playcontinue","Objectmove","ObjectMove.1","Sonso",1.41585316336144,0.0317495559502664,0.0406305506216696
"2965","101055a","Action_17","Morph_39","PS","Play","Hitobject","HitObject.1","Sonso",-0.27443684570176,0.0430728241563055,0.0559502664298401
"2966","101100","Action_14","Morph_32","PS","Playcontinue","Grab","Grab.4","Sonso",1.25846098961001,0.00754884547069272,0.0353019538188277
"2967","100622a","Action_42","Morph_88","PS","Sociosexualattention","Push","Push.1","Sonso",-0.0408219945202552,0.0106571936056838,0.0466252220248668
"2968","101511","Action_39","Morph_83","PS","Staysame","Presentgenitalsbackwards","PresentGenitals.2","Sonso",1.28093384546206,0.00577264653641208,0.033303730017762
"2969","100855","Action_59","Morph_125","PS","Play","Stroke","Stroke.2","Sonso",0.770108221696074,0.00155417406749556,0.00377442273534636
"2970","101232","Action_29","Morph_58","PS","Play","Locomotegallop","LocomoteGallop.1","Sonso",1.04345187749083,0.00821492007104796,0.00821492007104796
"2971","100074","Action_63","Morph_134","PS","Staysame","Touch","Touch.3","Sonso",-0.653926467406664,0.00488454706927176,0.0341918294849023
"2972","100161","Action_63","Morph_132","PS","Staysame","Touch","Touch.1","Sonso",-0.328504066972036,0.0104351687388988,0.0341918294849023
"2973","100210","Action_63","Morph_136","PS","Staysame","Touch","Touch.5","Sonso",-1.02165124753198,0.00421847246891652,0.0341918294849023
"2974","101797","Action_34","Morph_66","PS","Sexualattention","Objectshake","ObjectShake.2","Sonso",0.824175442966349,0.0237566607460036,0.108792184724689
"2975","101797","Action_33","Morph_61","PS","Sexualattention","Objectmove","ObjectMove.1","Sonso",0.0392207131532813,0.0317495559502664,0.0406305506216696
"2976","100377b","Action_50","Morph_108","PS","Play","Shake","Shake.2","Sonso",-0.82098055206983,0.00466252220248668,0.0122113676731794
"2977","100275","Action_45","Morph_100","PS","Affiliation","Reach","Reach.1","Sonso",0.672944473242426,0.0408525754884547,0.0801509769094138
"2978","101118","Action_57","Morph_115","PS","Play","Stompobject","StompObject.1","Sonso",-0.27443684570176,0.0337477797513321,0.0424067495559503
"2979","101951b","Action_43","Morph_96","PS","Play","Raise","Raise.1","Sonso",0.0392207131532813,0.00865896980461812,0.0113232682060391
"2980","101103","Action_48","Morph_104","PS","Playcontinue","Rollover","RollOver.1","Sonso",0.824175442966349,0.00621669626998224,0.00621669626998224
"2981","101101a","Action_17","Morph_41","PS","Play","Hitobject","HitObject.3","Sonso",-0.82098055206983,0.00510657193605684,0.0559502664298401
"2982","101104","Action_3","Morph_16","PS","Playcontinue","Bite","Bite.8","Sonso",-0.083381608939051,0.00288632326820604,0.0168738898756661
"2983","101663","Action_45","Morph_100","RE","Play","Reach","Reach.1","Sonso",1.22377543162212,0.0408525754884547,0.0801509769094138
"2984","101005","Action_15","Morph_37","RE","Play","Grabhold","GrabHold.3","Sonso",1.1999647829284,0.00532859680284192,0.0204262877442274
"2985","101470","Action_39","Morph_82","RE","Sexualattention","Presentgenitalsbackwards","PresentGenitals.1","Sonso",2.89480635496403,0.0295293072824156,0.033303730017762
"2986","101007","Action_48","Morph_104","RE","Play","Rollover","RollOver.1","Sonso",1.43508452528932,0.00621669626998224,0.00621669626998224
"2987","101013","Action_53","Morph_113","RE","Stopbehaviour","Spinsomersault","SpinSomersault.1","Sonso",0.27763173659828,0.00799289520426288,0.00799289520426288
"2988","101711","Action_39","Morph_82","RE","Sexualattention","Presentgenitalsbackwards","PresentGenitals.1","Sonso",2.6217658325052,0.0295293072824156,0.033303730017762
"2989","101012","Action_17","Morph_39","RE","Play","Hitobject","HitObject.1","Sonso",-0.579818495252942,0.0430728241563055,0.0559502664298401
"2990","101012","Action_34","Morph_65","RE","Play","Objectshake","ObjectShake.1","Sonso",0.215111379616945,0.0746003552397869,0.108792184724689
"2991","101015","Action_33","Morph_62","RE","Play","Objectmove","ObjectMove.2","Sonso",0.364643113587909,0.00643872113676732,0.0406305506216696
"2992","101015","Action_24","Morph_51","RE","Play","Jump","Jump.1","Sonso",-0.579818495252942,0.00732682060390764,0.00732682060390764
"2993","101007","Action_50","Morph_110","RE","Play","Shake","Shake.4","Sonso",0.8754687373539,0.00399644760213144,0.0122113676731794
"2994","101779","Action_39","Morph_82","RE","Sexualattention","Presentgenitalsbackwards","PresentGenitals.1","Sonso",1.18784342239605,0.0295293072824156,0.033303730017762
"2995","101012","Action_55","Morph_116","RE","Play","Stompingobject","StompObject.2","Sonso",-0.328504066972036,0.0148756660746004,0.0230905861456483
"2996","101010a","Action_50","Morph_108","RE","Play","Shake","Shake.2","Sonso",-0.44628710262842,0.00466252220248668,0.0122113676731794
"2997","101015","Action_33","Morph_61","RE","Play","Objectmove","ObjectMove.1","Sonso",0.418710334858185,0.0317495559502664,0.0406305506216696
"2998","101012","Action_33","Morph_61","RE","Play","Objectmove","ObjectMove.1","Sonso",-0.0408219945202552,0.0317495559502664,0.0406305506216696
"2999","101012","Action_60","Morph_127","RE","Play","Swing","Swing.1","Sonso",-0.174353387144778,0.0428507992895204,0.0475133214920071
"3000","101007","Action_60","Morph_127","RE","Play","Swing","Swing.1","Sonso",0.246860077931526,0.0428507992895204,0.0475133214920071
"3001","101007","Action_57","Morph_118","RE","Play","Stompobject","StompObject.4","Sonso",-0.7339691750802,0.005550621669627,0.0424067495559503
"3002","101007","Action_16","Morph_38","RE","Play","Headstand","HeadStand.1","Sonso",0.364643113587909,0.0066607460035524,0.0066607460035524
"3003","102101b","Action_45","Morph_101","RE","Play","Reach","Reach.2","Sonso",1.15057202759882,0.0370781527531083,0.0801509769094138
"3004","102099","Action_41","Morph_85","RE","Play","Pull","Pull.2","Sonso",1.37624402526639,0.00643872113676732,0.0253108348134991
"3005","102100","Action_45","Morph_101","RE","Play","Reach","Reach.2","Sonso",1.37624402526639,0.0370781527531083,0.0801509769094138
"3006","102094b","Action_39","Morph_82","RE","Sexualattention","Presentgenitalsbackwards","PresentGenitals.1","Sonso",1.51732262352629,0.0295293072824156,0.033303730017762
"3007","100971","Action_60","Morph_127","RE","Play","Swing","Swing.1","Sonso",0.587786664902119,0.0428507992895204,0.0475133214920071
"3008","100971","Action_8","Morph_19","RE","Play","Dangle","Dangle.1","Sonso",1.62531126159039,0.0484014209591474,0.0484014209591474
"3009","101018","Action_45","Morph_100","RE","Play","Reach","Reach.1","Sonso",0.518793793415168,0.0408525754884547,0.0801509769094138
"3010","101529b","Action_45","Morph_100","RE","Play","Reach","Reach.1","Sonso",1.26976054486394,0.0408525754884547,0.0801509769094138
"3011","101016","Action_45","Morph_102","RE","Play","Reach","Reach.3","Sonso",1.89911798754855,0.0022202486678508,0.0801509769094138
"3012","101014","Action_45","Morph_100","RE","Play","Reach","Reach.1","Sonso",0.824175442966349,0.0408525754884547,0.0801509769094138
"3013","101019","Action_63","Morph_132","RE","Playcontinue","Touch","Touch.1","Sonso",0.65232518603969,0.0104351687388988,0.0341918294849023
"3014","101020b","Action_45","Morph_100","RE","Play","Reach","Reach.1","Sonso",1.48160454092422,0.0408525754884547,0.0801509769094138
"3015","101522","Action_64","Morph_139","RE","Stopbehaviour","Touchlongother","Touch.8","Sonso",1.49962304642689,0.00577264653641208,0.0175399644760213
"3016","100539","Action_48","Morph_104","RE","Play","Rollover","RollOver.1","Sonso",1.56861591791385,0.00621669626998224,0.00621669626998224
"3017","102000","Action_41","Morph_85","RE","Play","Pull","Pull.2","Sonso",1.63315443905142,0.00643872113676732,0.0253108348134991
"3018","100540","Action_60","Morph_127","RE","Play","Swing","Swing.1","Sonso",0.182321556793955,0.0428507992895204,0.0475133214920071
"3019","100803","Action_2","Morph_4","RE","Groom","Bigloudscratch","BigLoudScratch.2","Sonso",1.72988406550997,0.019316163410302,0.0577264653641208
"3020","100803","Action_38","Morph_76","RE","Groom","Present","Present.2","Sonso",4.0990003737583,0.0135435168738899,0.0492895204262877
"3021","100541","Action_9","Morph_20","RE","Playcontinue","Dangleshake","DangleShake.1","Sonso",1.58514521986506,0.00710479573712256,0.00710479573712256
"3022","102005","Action_14","Morph_29","RE","Play","Grab","Grab.1","Sonso",0.444685821261446,0.00821492007104796,0.0353019538188277
"3023","101669b","Action_8","Morph_19","RE","Play","Dangle","Dangle.1","Sonso",2.28645571106416,0.0484014209591474,0.0484014209591474
"3024","102005","Action_14","Morph_29","RE","Play","Grab","Grab.1","Sonso",0.587786664902119,0.00821492007104796,0.0353019538188277
"3025","102173","Action_39","Morph_82","RE","Sexualattention","Presentgenitalsbackwards","PresentGenitals.1","Sonso",1.00063188030791,0.0295293072824156,0.033303730017762
"3026","101840a","Action_20","Morph_49","RE","Playcontinue","Hitother","HitOther.5","Sonso",-0.7339691750802,0.00599467140319716,0.0404085257548845
"3027","101838a","Action_17","Morph_40","RE","Playcontinue","Hitobject","HitObject.2","Sonso",-0.328504066972036,0.0119893428063943,0.0559502664298401
"3028","101833b","Action_48","Morph_104","RE","Play","Rollover","RollOver.1","Sonso",1.880990602956,0.00621669626998224,0.00621669626998224
"3029","101399a","Action_43","Morph_96","RE","Groom","Raise","Raise.1","Sonso",0.418710334858185,0.00865896980461812,0.0113232682060391
"3030","101840a","Action_21","Morph_42","RE","Playcontinue","Hittingobject","HitObject.4","Sonso",-0.82098055206983,0.00599467140319716,0.00799289520426288
"3031","101399a","Action_43","Morph_96","RE","Groom","Raise","Raise.1","Sonso",1.31372366828506,0.00865896980461812,0.0113232682060391
"3032","101840a","Action_21","Morph_42","RE","Playcontinue","Hittingobject","HitObject.4","Sonso",-0.127833371509885,0.00599467140319716,0.00799289520426288
"3033","101849","Action_45","Morph_101","RE","Play","Reach","Reach.2","Sonso",0.542324290825362,0.0370781527531083,0.0801509769094138
"3034","101843","Action_42","Morph_90","RE","Playcontinue","Push","Push.3","Sonso",-0.44628710262842,0.00510657193605684,0.0466252220248668
"3035","101843","Action_42","Morph_91","RE","Playcontinue","Push","Push.4","Sonso",0.148420005118273,0.00932504440497336,0.0466252220248668
"3036","102031","Action_38","Morph_75","RE","Directattention","Present","Present.1","Sonso",0.712949807856125,0.0170959147424512,0.0492895204262877
"3037","101792","Action_38","Morph_75","RE","Groom","Present","Present.1","Sonso",0.587786664902119,0.0170959147424512,0.0492895204262877
"3038","100704b","Action_2","Morph_4","RE","Groom","Bigloudscratch","BigLoudScratch.2","Sonso",0.65232518603969,0.019316163410302,0.0577264653641208
"3039","102015a","Action_38","Morph_76","RE","Groom","Present","Present.2","Sonso",2.75238601492226,0.0135435168738899,0.0492895204262877
"3040","101909b","Action_2","Morph_5","RE","Groom","Bigloudscratch","BigLoudScratch.3","Sonso",0.215111379616945,0.0119893428063943,0.0577264653641208
"3041","101792","Action_2","Morph_7","RE","Groom","Bigloudscratch","BigLoudScratch.5","Sonso",0.0769610411361284,0.00066607460035524,0.0577264653641208
"3042","102016","Action_38","Morph_76","RE","Groom","Present","Present.2","Sonso",1.79175946922805,0.0135435168738899,0.0492895204262877
"3043","100974","Action_3","Morph_9","RE","Play","Bite","Bite.1","Sonso",1.54329810992956,0.0044404973357016,0.0168738898756661
"3044","100974","Action_64","Morph_133","RE","Play","Touchlongother","Touch.2","Sonso",1.94017947434633,0.00754884547069272,0.0175399644760213
"3045","100973","Action_3","Morph_9","RE","Play","Bite","Bite.1","Sonso",1.30291275218084,0.0044404973357016,0.0168738898756661
"3046","102006","Action_14","Morph_30","RE","Play","Grab","Grab.2","Sonso",0.392042087776024,0.00799289520426288,0.0353019538188277
"3047","101434","Action_41","Morph_85","RE","Play","Pull","Pull.2","Sonso",1.41585316336144,0.00643872113676732,0.0253108348134991
"3048","102003b","Action_15","Morph_35","RE","Play","Grabhold","GrabHold.1","Sonso",2.40152504084895,0.00932504440497336,0.0204262877442274
"3049","102001b","Action_14","Morph_31","RE","Play","Grab","Grab.3","Sonso",-0.44628710262842,0.00466252220248668,0.0353019538188277
"3050","102001b","Action_14","Morph_31","RE","Play","Grab","Grab.3","Sonso",0.307484699747961,0.00466252220248668,0.0353019538188277
"3051","102001b","Action_14","Morph_31","RE","Play","Grab","Grab.3","Sonso",-0.579818495252942,0.00466252220248668,0.0353019538188277
"3052","101999","Action_15","Morph_36","RE","Stopbehaviour","Grabhold","GrabHold.2","Sonso",1.6094379124341,0.005550621669627,0.0204262877442274
"3053","101763","Action_39","Morph_82","RE","Sexualattention","Presentgenitalsbackwards","PresentGenitals.1","Sonso",0.182321556793955,0.0295293072824156,0.033303730017762
"3054","101836","Action_16","Morph_38","RE","Play","Headstand","HeadStand.1","Sonso",1.51732262352629,0.0066607460035524,0.0066607460035524
"3055","101290","Action_33","Morph_61","RE","Play","Objectmove","ObjectMove.1","Sonso",0.392042087776024,0.0317495559502664,0.0406305506216696
"3056","102337","Action_14","Morph_33","RE","Stopbehaviour","Grab","Grab.5","Sonso",-0.7339691750802,0.0033303730017762,0.0353019538188277
"3057","101836","Action_41","Morph_84","RE","Play","Pull","Pull.1","Sonso",0.858661619037519,0.00821492007104796,0.0253108348134991
"3058","102174b","Action_39","Morph_82","RE","Sexualattention","Presentgenitalsbackwards","PresentGenitals.1","Sonso",0.470003629245736,0.0295293072824156,0.033303730017762
"3059","101171","Action_38","Morph_77","RE","Groom","Present","Present.3","Sonso",0.56531380905006,0.00466252220248668,0.0492895204262877
"3060","100462","Action_14","Morph_32","RE","Play","Grab","Grab.4","Sonso",0.518793793415168,0.00754884547069272,0.0353019538188277
"3061","100462","Action_57","Morph_115","RE","Play","Stompobject","StompObject.1","Sonso",-0.653926467406664,0.0337477797513321,0.0424067495559503
"3062","101828","Action_26","Morph_53","RE","Moveaway","Knockobject","KnockObject.1","Sonso",-0.328504066972036,0.00133214920071048,0.0011101243339254
"3063","100093","Action_38","Morph_76","RE","Directattention","Present","Present.2","Sonso",0.631271776841858,0.0135435168738899,0.0492895204262877
"3064","100095","Action_38","Morph_76","RE","Directattention","Present","Present.2","Sonso",1.13783300182139,0.0135435168738899,0.0492895204262877
"3065","100230","Action_15","Morph_36","RF","Play","Grabhold","GrabHold.2","Sonso",1.38629436111989,0.005550621669627,0.0204262877442274
"3066","101704","Action_45","Morph_100","RF","Play","Reach","Reach.1","Sonso",0.89199803930511,0.0408525754884547,0.0801509769094138
"3067","100114","Action_45","Morph_100","RF","Climbonme","Reach","Reach.1","Sonso",1.50851199384414,0.0408525754884547,0.0801509769094138
"3068","102185","Action_45","Morph_100","RF","Giveme","Reach","Reach.1","Sonso",0.970778917158225,0.0408525754884547,0.0801509769094138
"3069","102239","Action_64","Morph_138","RF","Giveme","Touchlongother","Touch.7","Sonso",1.38629436111989,0.0044404973357016,0.0175399644760213
"3070","100114","Action_45","Morph_100","RF","Climbonme","Reach","Reach.1","Sonso",0.542324290825362,0.0408525754884547,0.0801509769094138
"3071","101597","Action_20","Morph_45","RF","Play","Hitother","HitOther.1","Sonso",-0.579818495252942,0.0202042628774423,0.0404085257548845
"3072","101158","Action_60","Morph_128","RF","Play","Swing","Swing.2","Sonso",-0.0408219945202552,0.00310834813499112,0.0475133214920071
"3073","100886","Action_14","Morph_31","RF","Play","Grab","Grab.3","Sonso",0.470003629245736,0.00466252220248668,0.0353019538188277
"3074","101162","Action_15","Morph_36","RF","Play","Grabhold","GrabHold.2","Sonso",2.37954613413017,0.005550621669627,0.0204262877442274
"3075","102460b","Action_8","Morph_19","RF","Play","Dangle","Dangle.1","Sonso",0.65232518603969,0.0484014209591474,0.0484014209591474
"3076","101163","Action_14","Morph_29","RF","Play","Grab","Grab.1","Sonso",-0.510825623765991,0.00821492007104796,0.0353019538188277
"3077","101159","Action_60","Morph_127","RF","Play","Swing","Swing.1","Sonso",1.30291275218084,0.0428507992895204,0.0475133214920071
"3078","101596","Action_8","Morph_19","RF","Play","Dangle","Dangle.1","Sonso",1.74396880539171,0.0484014209591474,0.0484014209591474
"3079","101594","Action_8","Morph_19","RF","Play","Dangle","Dangle.1","Sonso",2.006870848845,0.0484014209591474,0.0484014209591474
"3080","101598","Action_20","Morph_45","RF","Play","Hitother","HitOther.1","Sonso",-1.42711635564015,0.0202042628774423,0.0404085257548845
"3081","101158","Action_8","Morph_19","RF","Play","Dangle","Dangle.1","Sonso",1.33500106673234,0.0484014209591474,0.0484014209591474
"3082","100886","Action_14","Morph_31","RF","Play","Grab","Grab.3","Sonso",0.364643113587909,0.00466252220248668,0.0353019538188277
"3083","100886","Action_14","Morph_32","RF","Play","Grab","Grab.4","Sonso",0.841567185678219,0.00754884547069272,0.0353019538188277
"3084","101598","Action_8","Morph_19","RF","Play","Dangle","Dangle.1","Sonso",0.985816794522765,0.0484014209591474,0.0484014209591474
"3085","101598","Action_20","Morph_46","RF","Play","Hitother","HitOther.2","Sonso",-0.510825623765991,0.00932504440497336,0.0404085257548845
"3086","101596","Action_20","Morph_45","RF","Play","Hitother","HitOther.1","Sonso",-0.579818495252942,0.0202042628774423,0.0404085257548845
"3087","101158","Action_60","Morph_127","RF","Play","Swing","Swing.1","Sonso",-0.127833371509885,0.0428507992895204,0.0475133214920071
"3088","101162","Action_14","Morph_31","RF","Play","Grab","Grab.3","Sonso",1.30291275218084,0.00466252220248668,0.0353019538188277
"3089","100886","Action_14","Morph_32","RF","Play","Grab","Grab.4","Sonso",0.841567185678219,0.00754884547069272,0.0353019538188277
"3090","101597","Action_8","Morph_19","RF","Play","Dangle","Dangle.1","Sonso",0.985816794522765,0.0484014209591474,0.0484014209591474
"3091","101598","Action_63","Morph_136","RF","Play","Touch","Touch.5","Sonso",0.148420005118273,0.00421847246891652,0.0341918294849023
"3092","101158","Action_50","Morph_108","RF","Play","Shake","Shake.2","Sonso",1.29198368164865,0.00466252220248668,0.0122113676731794
"3093","101191","Action_13","Morph_27","RH","Moveaway","Fling","Fling.1","Sonso",-0.7339691750802,0.00688277087033748,0.0117673179396092
"3094","101191","Action_13","Morph_27","RH","Moveaway","Fling","Fling.1","Sonso",-0.579818495252942,0.00688277087033748,0.0117673179396092
"3095","101191","Action_13","Morph_27","RH","Moveaway","Fling","Fling.1","Sonso",-0.82098055206983,0.00688277087033748,0.0117673179396092
"3096","100909","Action_45","Morph_101","RH","Affiliation","Reach","Reach.2","Sonso",-0.385662480811985,0.0370781527531083,0.0801509769094138
"3097","100909","Action_45","Morph_101","RH","Affiliation","Reach","Reach.2","Sonso",-0.385662480811985,0.0370781527531083,0.0801509769094138
"3098","100909","Action_45","Morph_101","RH","Affiliation","Reach","Reach.2","Sonso",0.0392207131532813,0.0370781527531083,0.0801509769094138
"3099","100909","Action_45","Morph_101","RH","Affiliation","Reach","Reach.2","Sonso",-0.0418642040986989,0.0370781527531083,0.0801509769094138
"3100","100909","Action_45","Morph_101","RH","Affiliation","Reach","Reach.2","Sonso",1.26976054486394,0.0370781527531083,0.0801509769094138
"3101","102237","Action_42","Morph_88","RH","Moveclose","Push","Push.1","Sonso",0.518793793415168,0.0106571936056838,0.0466252220248668
"3102","101592","Action_42","Morph_90","RH","Position","Push","Push.3","Sonso",0.182321556793955,0.00510657193605684,0.0466252220248668
"3103","102465","Action_45","Morph_100","RM","Playcontinue","Reach","Reach.1","Sonso",0.518793793415168,0.0408525754884547,0.0801509769094138
"3104","101591a","Action_63","Morph_139","RM","Play","Touch","Touch.8","Sonso",0.824175442966349,0.00577264653641208,0.0341918294849023
"3105","102019","Action_15","Morph_35","RM","Play","Grabhold","GrabHold.1","Sonso",1.98513086220859,0.00932504440497336,0.0204262877442274
"3106","101593","Action_64","Morph_139","RM","Play","Touchlongother","Touch.8","Sonso",1.71559810826249,0.00577264653641208,0.0175399644760213
"3107","100229","Action_59","Morph_124","RM","Play","Stroke","Stroke.1","Sonso",-0.653926467406664,0.0011101243339254,0.00377442273534636
"3108","100229","Action_59","Morph_124","RM","Play","Stroke","Stroke.1","Sonso",-0.27443684570176,0.0011101243339254,0.00377442273534636
"3109","101029","Action_14","Morph_32","RM","Play","Grab","Grab.4","Sonso",0.494696241836107,0.00754884547069272,0.0353019538188277
"3110","101147","Action_21","Morph_42","RM","Play","Hittingobject","HitObject.4","Sonso",0.113328685307003,0.00599467140319716,0.00799289520426288
"3111","101599","Action_45","Morph_102","RM","Play","Reach","Reach.3","Sonso",1.92861865194525,0.0022202486678508,0.0801509769094138
"3112","101161","Action_20","Morph_46","RM","Playcontinue","Hitother","HitOther.2","Sonso",-0.44628710262842,0.00932504440497336,0.0404085257548845
"3113","101161","Action_60","Morph_127","RM","Playcontinue","Swing","Swing.1","Sonso",1.29198368164865,0.0428507992895204,0.0475133214920071
"3114","101161","Action_23","Morph_47","RM","Playcontinue","Hittingother","HitOther.3","Sonso",0.940007258491471,0.00843694493783304,0.0157637655417407
"3115","101599","Action_45","Morph_100","RM","Play","Reach","Reach.1","Sonso",2.13298230860787,0.0408525754884547,0.0801509769094138
"3116","101878","Action_38","Morph_79","RM","Directattention","Present","Present.5","Sonso",1.15057202759882,0.00688277087033748,0.0492895204262877
"3117","102438","Action_55","Morph_116","RM","Play","Stompingobject","StompObject.2","Sonso",0.908258560176891,0.0148756660746004,0.0230905861456483
"3118","102266b","Action_45","Morph_100","RM","Play","Reach","Reach.1","Sonso",0.609765571620894,0.0408525754884547,0.0801509769094138
"3119","100140","Action_17","Morph_39","RS","Moveaway","Hitobject","HitObject.1","Sonso",1.56024766824333,0.0430728241563055,0.0559502664298401
"3120","100140","Action_17","Morph_39","RS","Moveaway","Hitobject","HitObject.1","Sonso",0.215111379616945,0.0430728241563055,0.0559502664298401
"3121","100140","Action_17","Morph_39","RS","Moveaway","Hitobject","HitObject.1","Sonso",0.364643113587909,0.0430728241563055,0.0559502664298401
"3122","100900","Action_57","Morph_120","RS","Play","Stompobject","StompObject.6","Sonso",-0.27443684570176,0.00133214920071048,0.0424067495559503
"3123","102437","Action_34","Morph_65","RS","Moveaway","Objectshake","ObjectShake.1","Sonso",0.712949807856125,0.0746003552397869,0.108792184724689
"3124","102440","Action_24","Morph_51","RS","Play","Jump","Jump.1","Sonso",-0.579818495252942,0.00732682060390764,0.00732682060390764
"3125","102437","Action_60","Morph_127","RS","Moveaway","Swing","Swing.1","Sonso",0.0392207131532813,0.0428507992895204,0.0475133214920071
"3126","102440","Action_20","Morph_49","RS","Play","Hitother","HitOther.5","Sonso",-0.579818495252942,0.00599467140319716,0.0404085257548845
"3127","102440","Action_50","Morph_108","RS","Play","Shake","Shake.2","Sonso",0.89199803930511,0.00466252220248668,0.0122113676731794
"3128","102437","Action_60","Morph_127","RS","Moveaway","Swing","Swing.1","Sonso",0.806475865866949,0.0428507992895204,0.0475133214920071
"3129","101151","Action_33","Morph_62","RS","Play","Objectmove","ObjectMove.2","Sonso",1.37624402526639,0.00643872113676732,0.0406305506216696
"3130","101151","Action_50","Morph_107","RS","Play","Shake","Shake.1","Sonso",1.88706964903238,0.00355239786856128,0.0122113676731794
"3131","101151","Action_50","Morph_107","RS","Play","Shake","Shake.1","Sonso",0.940007258491471,0.00355239786856128,0.0122113676731794
"3132","101152","Action_14","Morph_30","RS","Play","Grab","Grab.2","Sonso",0.65232518603969,0.00799289520426288,0.0353019538188277
"3133","101152","Action_14","Morph_29","RS","Play","Grab","Grab.1","Sonso",-0.083381608939051,0.00821492007104796,0.0353019538188277
"3134","101587","Action_38","Morph_75","RS","Directattention","Present","Present.1","Sonso",1.08518926833597,0.0170959147424512,0.0492895204262877
"3135","101273b","Action_34","Morph_65","RS","Play","Objectshake","ObjectShake.1","Sonso",1.28093384546206,0.0746003552397869,0.108792184724689
"3136","100387a","Action_21","Morph_42","RS","Play","Hittingobject","HitObject.4","Sonso",0.148420005118273,0.00599467140319716,0.00799289520426288
"3137","102209","Action_45","Morph_100","RS","Play","Reach","Reach.1","Sonso",0.182321556793955,0.0408525754884547,0.0801509769094138
"3138","101703p2","Action_10","Morph_21","RS","Attendme","Drum","Drum.1","Sonso",0.0769610411361284,0.0033303730017762,0.0033303730017762
"3139","101588","Action_38","Morph_75","RS","Directattention","Present","Present.1","Sonso",1.38629436111989,0.0170959147424512,0.0492895204262877
"3140","102268","Action_2","Morph_4","RS","Travel","Bigloudscratch","BigLoudScratch.2","Sonso",1.64093657949347,0.019316163410302,0.0577264653641208
"3141","101200","Action_45","Morph_101","RS","Giveme","Reach","Reach.2","Sonso",2.16102152867226,0.0370781527531083,0.0801509769094138
"3142","101200","Action_45","Morph_101","RS","Giveme","Reach","Reach.2","Sonso",2.55567572067621,0.0370781527531083,0.0801509769094138
"3143","101703p1","Action_47","Morph_103","RS","Attendme","Rockingsit","Rocking.1","Sonso",1.56024766824333,0.00377442273534636,0.00377442273534636
"3144","101703p1","Action_10","Morph_21","RS","Attendme","Drum","Drum.1","Sonso",0.858661619037519,0.0033303730017762,0.0033303730017762
"3145","101703p1","Action_27","Morph_54","RS","Attendme","Leafclip","LeafClip.1","Sonso",2.61300665241532,0.0044404973357016,0.00599467140319716
"3146","101702","Action_10","Morph_21","RS","Attendme","Drum","Drum.1","Sonso",0.672944473242426,0.0033303730017762,0.0033303730017762
"3147","101034","Action_39","Morph_82","SB","Giveme","Presentgenitalsbackwards","PresentGenitals.1","Sonso",1.94591014905531,0.0295293072824156,0.033303730017762
"3148","100995a","Action_45","Morph_100","SE","Giveme","Reach","Reach.1","Sonso",1.09861228866811,0.0408525754884547,0.0801509769094138
"3149","100859","Action_2","Morph_4","SM","Groom","Bigloudscratch","BigLoudScratch.2","Sonso",1.01523067972906,0.019316163410302,0.0577264653641208
"3150","100231","Action_17","Morph_39","SM","Moveaway","Hitobject","HitObject.1","Sonso",-1.02165124753198,0.0430728241563055,0.0559502664298401
"3151","100231","Action_17","Morph_39","SM","Moveaway","Hitobject","HitObject.1","Sonso",-0.328504066972036,0.0430728241563055,0.0559502664298401
"3152","100978a","Action_45","Morph_101","SM","Giveme","Reach","Reach.2","Sonso",2.24495598015741,0.0370781527531083,0.0801509769094138
"3153","100001a","Action_63","Morph_136","SM","Staysame","Touch","Touch.5","Sonso",-0.7339691750802,0.00421847246891652,0.0341918294849023
"3154","100979","Action_45","Morph_101","SM","Giveme","Reach","Reach.2","Sonso",0.631271776841858,0.0370781527531083,0.0801509769094138
"3155","100128b","Action_40","Morph_82","SM","Sexualattention","Presentgenitalsforwards","PresentGenitals.1","Sonso",0.908258560176891,0.0295293072824156,0.00199822380106572
"3156","102246a","Action_2","Morph_4","SQ","Groom","Bigloudscratch","BigLoudScratch.2","Sonso",1.01523067972906,0.019316163410302,0.0577264653641208
"3157","102442b","Action_38","Morph_75","SQ","Directattention","Present","Present.1","Sonso",1.50851199384414,0.0170959147424512,0.0492895204262877
"3158","102248","Action_38","Morph_75","SQ","Groom","Present","Present.1","Sonso",1.708377860289,0.0170959147424512,0.0492895204262877
"3159","102080","Action_38","Morph_75","SQ","Directattention","Present","Present.1","Sonso",1.54329810992956,0.0170959147424512,0.0492895204262877
"3160","102231","Action_2","Morph_4","SQ","Groom","Bigloudscratch","BigLoudScratch.2","Sonso",1.21194097397511,0.019316163410302,0.0577264653641208
"3161","102230","Action_42","Morph_89","SQ","Position","Push","Push.2","Sonso",0.732367893713227,0.00355239786856128,0.0466252220248668
"3162","102247","Action_2","Morph_4","SQ","Directattention","Bigloudscratch","BigLoudScratch.2","Sonso",1.43508452528932,0.019316163410302,0.0577264653641208
"3163","102247","Action_38","Morph_77","SQ","Directattention","Present","Present.3","Sonso",0.470003629245736,0.00466252220248668,0.0492895204262877
"3164","100369a","Action_2","Morph_4","SQ","Groom","Bigloudscratch","BigLoudScratch.2","Sonso",1.30291275218084,0.019316163410302,0.0577264653641208
"3165","100369a","Action_2","Morph_4","SQ","Groom","Bigloudscratch","BigLoudScratch.2","Sonso",1.12492959698548,0.019316163410302,0.0577264653641208
"3166","101540","Action_63","Morph_132","SQ","Play","Touch","Touch.1","Sonso",0.609765571620894,0.0104351687388988,0.0341918294849023
"3167","101540","Action_63","Morph_132","SQ","Play","Touch","Touch.1","Sonso",0,0.0104351687388988,0.0341918294849023
"3168","101540","Action_63","Morph_132","SQ","Play","Touch","Touch.1","Sonso",0.56531380905006,0.0104351687388988,0.0341918294849023
"3169","100176a","Action_2","Morph_6","SQ","Travel","Bigloudscratch","BigLoudScratch.4","Sonso",1.25846098961001,0.00421847246891652,0.0577264653641208
"3170","100176a","Action_2","Morph_3","SQ","Travel","Bigloudscratch","BigLoudScratch.1","Sonso",0.307484699747961,0.0215364120781528,0.0577264653641208
"3171","100176a","Action_2","Morph_4","SQ","Travel","Bigloudscratch","BigLoudScratch.2","Sonso",1.64093657949347,0.019316163410302,0.0577264653641208
"3172","101982a","Action_2","Morph_3","SQ","Groom","Bigloudscratch","BigLoudScratch.1","Sonso",1.40609698841607,0.0215364120781528,0.0577264653641208
"3173","101980a","Action_2","Morph_3","SQ","Groom","Bigloudscratch","BigLoudScratch.1","Sonso",1.23547147138531,0.0215364120781528,0.0577264653641208
"3174","101981a","Action_2","Morph_4","SQ","Groom","Bigloudscratch","BigLoudScratch.2","Sonso",1.07158361628019,0.019316163410302,0.0577264653641208
"3175","100309","Action_2","Morph_4","SQ","Directattention","Bigloudscratch","BigLoudScratch.2","Sonso",1.55180879959746,0.019316163410302,0.0577264653641208
"3176","100309","Action_38","Morph_77","SQ","Directattention","Present","Present.3","Sonso",1.64093657949347,0.00466252220248668,0.0492895204262877
"3177","100315","Action_38","Morph_75","SQ","Groom","Present","Present.1","Sonso",0,0.0170959147424512,0.0492895204262877
"3178","100235","Action_42","Morph_91","SQ","Position","Push","Push.4","Sonso",0.494696241836107,0.00932504440497336,0.0466252220248668
"3179","100292b","Action_64","Morph_135","SQ","Affiliation","Touchlongother","Touch.4","Sonso",1.74396880539171,0.00488454706927176,0.0175399644760213
"3180","100193b","Action_64","Morph_132","SQ","Support","Touchlongother","Touch.1","Sonso",1.67896397508271,0.0104351687388988,0.0175399644760213
"3181","101759b","Action_2","Morph_3","SQ","Directattention","Bigloudscratch","BigLoudScratch.1","Sonso",-0.328504066972036,0.0215364120781528,0.0577264653641208
"3182","101758a","Action_2","Morph_4","SQ","Groom","Bigloudscratch","BigLoudScratch.2","Sonso",1.11185751541813,0.019316163410302,0.0577264653641208
"3183","101761","Action_2","Morph_6","SQ","Directattention","Bigloudscratch","BigLoudScratch.4","Sonso",1.02961941718116,0.00421847246891652,0.0577264653641208
"3184","100286a","Action_39","Morph_83","SQ","Travel","Presentgenitalsbackwards","PresentGenitals.2","Sonso",0.806475865866949,0.00577264653641208,0.033303730017762
"3185","100099","Action_39","Morph_83","ST","Staysame","Presentgenitalsbackwards","PresentGenitals.2","Sonso",0.494696241836107,0.00577264653641208,0.033303730017762
"3186","100276a","Action_39","Morph_83","ST","Giveme","Presentgenitalsbackwards","PresentGenitals.2","Sonso",0.364643113587909,0.00577264653641208,0.033303730017762
"3187","100237a","Action_43","Morph_96","ST","Moveclose","Raise","Raise.1","Sonso",0.712949807856125,0.00865896980461812,0.0113232682060391
"3188","101416","Action_38","Morph_76","TK","Directattention","Present","Present.2","Sonso",1.1999647829284,0.0135435168738899,0.0492895204262877
"3189","102392","Action_45","Morph_101","TK","Giveme","Reach","Reach.2","Sonso",1.94591014905531,0.0370781527531083,0.0801509769094138
"3190","102392","Action_45","Morph_101","TK","Giveme","Reach","Reach.2","Sonso",1.13783300182139,0.0370781527531083,0.0801509769094138
"3191","102391","Action_45","Morph_101","TK","Giveme","Reach","Reach.2","Sonso",2.61885462229774,0.0370781527531083,0.0801509769094138
"3192","102385a","Action_45","Morph_101","TK","Giveme","Reach","Reach.2","Sonso",1.56861591791385,0.0370781527531083,0.0801509769094138
"3193","102387","Action_45","Morph_101","TK","Giveme","Reach","Reach.2","Sonso",0.470003629245736,0.0370781527531083,0.0801509769094138
"3194","102392","Action_45","Morph_101","TK","Giveme","Reach","Reach.2","Sonso",3.04832472367316,0.0370781527531083,0.0801509769094138
"3195","102385a","Action_45","Morph_101","TK","Giveme","Reach","Reach.2","Sonso",1.12492959698548,0.0370781527531083,0.0801509769094138
"3196","102393","Action_42","Morph_91","TK","Giveme","Push","Push.4","Sonso",0.444685821261446,0.00932504440497336,0.0466252220248668
"3197","102393","Action_45","Morph_101","TK","Giveme","Reach","Reach.2","Sonso",3.45568556694622,0.0370781527531083,0.0801509769094138
"3198","102392","Action_59","Morph_125","TK","Giveme","Stroke","Stroke.2","Sonso",2.34180580614733,0.00155417406749556,0.00377442273534636
"3199","102389","Action_45","Morph_101","TK","Giveme","Reach","Reach.2","Sonso",1.93441576962958,0.0370781527531083,0.0801509769094138
"3200","102392","Action_45","Morph_101","TK","Giveme","Reach","Reach.2","Sonso",1.45395300959371,0.0370781527531083,0.0801509769094138
"3201","102390","Action_64","Morph_140","TK","Giveme","Touchlongother","Touch.9","Sonso",1.92861865194525,0.00399644760213144,0.0175399644760213
"3202","102392","Action_45","Morph_101","TK","Giveme","Reach","Reach.2","Sonso",2.48156774852249,0.0370781527531083,0.0801509769094138
"3203","101721","Action_39","Morph_83","TK","Sociosexualattention","Presentgenitalsbackwards","PresentGenitals.2","Sonso",0.444685821261446,0.00577264653641208,0.033303730017762
"3204","100694","Action_38","Morph_75","TK","Groom","Present","Present.1","Sonso",0.364643113587909,0.0170959147424512,0.0492895204262877
"3205","100409b","Action_50","Morph_107","TK","Play","Shake","Shake.1","Sonso",0.307484699747961,0.00355239786856128,0.0122113676731794
"3206","102068","Action_38","Morph_79","TK","Directattention","Present","Present.5","Sonso",1.16315080980568,0.00688277087033748,0.0492895204262877
"3207","100083","Action_39","Morph_82","VR","Sexualattention","Presentgenitalsbackwards","PresentGenitals.1","Sonso",1.04380405217311,0.0295293072824156,0.033303730017762
"3208","100005","Action_39","Morph_82","WL","Sexualattention","Presentgenitalsbackwards","PresentGenitals.1","Sonso",0.418710334858185,0.0295293072824156,0.033303730017762
"3209","100841","Action_38","Morph_78","WL","Directattention","Present","Present.4","Sonso",1.25846098961001,0.00288632326820604,0.0492895204262877
"3210","100838","Action_38","Morph_78","WL","Directattention","Present","Present.4","Sonso",0.444685821261446,0.00288632326820604,0.0492895204262877
"3211","100237b","Action_45","Morph_101","WL","Moveclose","Reach","Reach.2","Sonso",-0.27443684570176,0.0370781527531083,0.0801509769094138
"3212","100184","Action_42","Morph_88","WL","Moveclose","Push","Push.1","Sonso",0.751416088683921,0.0106571936056838,0.0466252220248668
"3213","100208","Action_60","Morph_127","ZD","Playcontinue","Swing","Swing.1","Sonso",0.0392207131532813,0.0428507992895204,0.0475133214920071
"3214","100207","Action_60","Morph_127","ZD","Playcontinue","Swing","Swing.1","Sonso",0.392042087776024,0.0428507992895204,0.0475133214920071
"3215","100970b","Action_33","Morph_61","ZD","Play","Objectmove","ObjectMove.1","Sonso",-0.0408219945202552,0.0317495559502664,0.0406305506216696
"3216","101070","Action_20","Morph_45","ZD","Play","Hitother","HitOther.1","Sonso",-0.083381608939051,0.0202042628774423,0.0404085257548845
"3217","100969","Action_17","Morph_39","ZD","Playcontinue","Hitobject","HitObject.1","Sonso",-0.27443684570176,0.0430728241563055,0.0559502664298401
"3218","101906","Action_38","Morph_79","ZD","Staysame","Present","Present.5","Sonso",1.13783300182139,0.00688277087033748,0.0492895204262877
"3219","101053a","Action_9","Morph_20","ZD","Play","Dangleshake","DangleShake.1","Sonso",2.39789527279837,0.00710479573712256,0.00710479573712256
"3220","100103a","Action_57","Morph_115","ZD","Play","Stompobject","StompObject.1","Sonso",0.364643113587909,0.0337477797513321,0.0424067495559503
"3221","100103a","Action_17","Morph_39","ZD","Play","Hitobject","HitObject.1","Sonso",-0.44628710262842,0.0430728241563055,0.0559502664298401
"3222","100103a","Action_57","Morph_115","ZD","Play","Stompobject","StompObject.1","Sonso",-0.22314355131421,0.0337477797513321,0.0424067495559503
"3223","100960","Action_20","Morph_45","ZD","Play","Hitother","HitOther.1","Sonso",-0.385662480811985,0.0202042628774423,0.0404085257548845
"3224","100966a","Action_60","Morph_127","ZD","Play","Swing","Swing.1","Sonso",-0.44628710262842,0.0428507992895204,0.0475133214920071
"3225","101455a","Action_60","Morph_127","ZD","Play","Swing","Swing.1","Sonso",0.712949807856125,0.0428507992895204,0.0475133214920071
"3226","101565b","Action_8","Morph_19","ZD","Play","Dangle","Dangle.1","Sonso",1.33500106673234,0.0484014209591474,0.0484014209591474
"3227","101453","Action_20","Morph_45","ZD","Play","Hitother","HitOther.1","Sonso",-0.174353387144778,0.0202042628774423,0.0404085257548845
"3228","101455a","Action_8","Morph_19","ZD","Play","Dangle","Dangle.1","Sonso",1.53471436623816,0.0484014209591474,0.0484014209591474
"3229","100192","Action_50","Morph_108","ZD","Play","Shake","Shake.2","Sonso",0.609765571620894,0.00466252220248668,0.0122113676731794
"3230","101884","Action_14","Morph_29","ZD","Playcontinue","Grab","Grab.1","Sonso",-0.22314355131421,0.00821492007104796,0.0353019538188277
"3231","101885","Action_55","Morph_116","ZD","Stopbehaviour","Stompingobject","StompObject.2","Sonso",0.336472236621213,0.0148756660746004,0.0230905861456483
"3232","101957","Action_14","Morph_33","ZD","Play","Grab","Grab.5","Sonso",-0.44628710262842,0.0033303730017762,0.0353019538188277
"3233","101966a","Action_57","Morph_115","ZD","Stopbehaviour","Stompobject","StompObject.1","Sonso",-0.083381608939051,0.0337477797513321,0.0424067495559503
"3234","101885","Action_57","Morph_115","ZD","Stopbehaviour","Stompobject","StompObject.1","Sonso",-1.02165124753198,0.0337477797513321,0.0424067495559503
"3235","101461","Action_8","Morph_19","ZD","Play","Dangle","Dangle.1","Sonso",1.92861865194525,0.0484014209591474,0.0484014209591474
"3236","101966a","Action_53","Morph_113","ZD","Stopbehaviour","Spinsomersault","SpinSomersault.1","Sonso",0.56531380905006,0.00799289520426288,0.00799289520426288
"3237","101568","Action_8","Morph_19","ZD","Playcontinue","Dangle","Dangle.1","Sonso",0.693147180559945,0.0484014209591474,0.0484014209591474
"3238","101567a","Action_60","Morph_127","ZD","Playcontinue","Swing","Swing.1","Sonso",0.8754687373539,0.0428507992895204,0.0475133214920071
"3239","100017","Action_38","Morph_79","ZD","Directattention","Present","Present.5","Sonso",0.858661619037519,0.00688277087033748,0.0492895204262877
"3240","101566a","Action_57","Morph_115","ZD","Playcontinue","Stompobject","StompObject.1","Sonso",-0.385662480811985,0.0337477797513321,0.0424067495559503
"3241","100016","Action_38","Morph_75","ZD","Directattention","Present","Present.1","Sonso",0.65232518603969,0.0170959147424512,0.0492895204262877
"3242","101166","Action_60","Morph_127","ZD","Play","Swing","Swing.1","Sonso",-0.579818495252942,0.0428507992895204,0.0475133214920071
"3243","101567a","Action_8","Morph_19","ZD","Playcontinue","Dangle","Dangle.1","Sonso",1.07158361628019,0.0484014209591474,0.0484014209591474
"3244","102059a","Action_16","Morph_38","ZD","Play","Headstand","HeadStand.1","Sonso",1.64093657949347,0.0066607460035524,0.0066607460035524
"3245","100885a","Action_17","Morph_39","ZD","Play","Hitobject","HitObject.1","Sonso",-0.328504066972036,0.0430728241563055,0.0559502664298401
"3246","101778","Action_13","Morph_27","ZD","Staysame","Fling","Fling.1","Sonso",-1.02165124753198,0.00688277087033748,0.0117673179396092
"3247","101778","Action_57","Morph_120","ZD","Staysame","Stompobject","StompObject.6","Sonso",-0.7339691750802,0.00133214920071048,0.0424067495559503
"3248","100457a","Action_60","Morph_127","ZD","Playcontinue","Swing","Swing.1","Sonso",-0.44628710262842,0.0428507992895204,0.0475133214920071
"3249","100456","Action_34","Morph_65","ZD","Play","Objectshake","ObjectShake.1","Sonso",0.518793793415168,0.0746003552397869,0.108792184724689
"3250","101778","Action_21","Morph_42","ZD","Staysame","Hittingobject","HitObject.4","Sonso",-1.02165124753198,0.00599467140319716,0.00799289520426288
"3251","101778","Action_24","Morph_51","ZD","Staysame","Jump","Jump.1","Sonso",-1.27296567581289,0.00732682060390764,0.00732682060390764
"3252","100233b","Action_39","Morph_83","ZD","Affiliation","Presentgenitalsbackwards","PresentGenitals.2","Sonso",-0.44628710262842,0.00577264653641208,0.033303730017762
"3253","100991a","Action_13","Morph_27","ZD","Moveaway","Fling","Fling.1","Sonso",-1.02165124753198,0.00688277087033748,0.0117673179396092
"3254","102082","Action_45","Morph_100","ZD","Staysame","Reach","Reach.1","Sonso",-0.27443684570176,0.0408525754884547,0.0801509769094138
"3255","101722","Action_17","Morph_39","ZD","Play","Hitobject","HitObject.1","Sonso",-0.385662480811985,0.0430728241563055,0.0559502664298401
"3256","101288","Action_8","Morph_19","ZD","Play","Dangle","Dangle.1","Sonso",1.73695123273306,0.0484014209591474,0.0484014209591474
"3257","101288","Action_60","Morph_127","ZD","Play","Swing","Swing.1","Sonso",0.113328685307003,0.0428507992895204,0.0475133214920071
"3258","101289","Action_14","Morph_33","ZD","Moveclose","Grab","Grab.5","Sonso",0.182321556793955,0.0033303730017762,0.0353019538188277
"3259","101722","Action_20","Morph_45","ZD","Play","Hitother","HitOther.1","Sonso",-0.22314355131421,0.0202042628774423,0.0404085257548845
"3260","101289","Action_37","Morph_74","ZD","Moveclose","Poke","Poke.1","Sonso",0.631271776841858,0.00266429840142096,0.00266429840142096
"3261","101289","Action_45","Morph_100","ZD","Moveclose","Reach","Reach.1","Sonso",0.215111379616945,0.0408525754884547,0.0801509769094138
"3262","101614b","Action_14","Morph_32","ZD","Play","Grab","Grab.4","Sonso",0.27763173659828,0.00754884547069272,0.0353019538188277
"3263","101614b","Action_8","Morph_19","ZD","Play","Dangle","Dangle.1","Sonso",1.3244189574018,0.0484014209591474,0.0484014209591474
"3264","101165","Action_14","Morph_30","ZD","Play","Grab","Grab.2","Sonso",0.113328685307003,0.00799289520426288,0.0353019538188277
"3265","101471","Action_34","Morph_65","ZD","Moveaway","Objectshake","ObjectShake.1","Sonso",1.37624402526639,0.0746003552397869,0.108792184724689
"3266","101471","Action_57","Morph_115","ZD","Moveaway","Stompobject","StompObject.1","Sonso",-0.510825623765991,0.0337477797513321,0.0424067495559503
"3267","101615","Action_57","Morph_115","ZD","Playcontinue","Stompobject","StompObject.1","Sonso",-0.7339691750802,0.0337477797513321,0.0424067495559503
"3268","101614b","Action_3","Morph_9","ZD","Play","Bite","Bite.1","Sonso",-0.385662480811985,0.0044404973357016,0.0168738898756661
"3269","101471","Action_34","Morph_65","ZD","Moveaway","Objectshake","ObjectShake.1","Sonso",0.113328685307003,0.0746003552397869,0.108792184724689
"3270","101181","Action_63","Morph_134","ZD","Playcontinue","Touch","Touch.3","Sonso",-0.083381608939051,0.00488454706927176,0.0341918294849023
"3271","101289","Action_60","Morph_127","ZD","Moveclose","Swing","Swing.1","Sonso",0.587786664902119,0.0428507992895204,0.0475133214920071
"3272","101471","Action_34","Morph_65","ZD","Moveaway","Objectshake","ObjectShake.1","Sonso",1.36609165380237,0.0746003552397869,0.108792184724689
"3273","102174a","Action_45","Morph_100","ZD","Sexualattention","Reach","Reach.1","Sonso",0.518793793415168,0.0408525754884547,0.0801509769094138
"3274","101852","Action_63","Morph_132","ZD","Staysame","Touch","Touch.1","Sonso",-0.916290731874155,0.0104351687388988,0.0341918294849023
"3275","101031","Action_17","Morph_39","ZD","Giveme","Hitobject","HitObject.1","Sonso",-0.27443684570176,0.0430728241563055,0.0559502664298401
"3276","101031","Action_45","Morph_100","ZD","Giveme","Reach","Reach.1","Sonso",-0.579818495252942,0.0408525754884547,0.0801509769094138
"3277","101031","Action_17","Morph_40","ZD","Giveme","Hitobject","HitObject.2","Sonso",0,0.0119893428063943,0.0559502664298401
"3278","101031","Action_17","Morph_39","ZD","Giveme","Hitobject","HitObject.1","Sonso",-0.653926467406664,0.0430728241563055,0.0559502664298401
"3279","100997","Action_45","Morph_100","ZD","Giveme","Reach","Reach.1","Sonso",0.494696241836107,0.0408525754884547,0.0801509769094138
"3280","100997","Action_45","Morph_100","ZD","Giveme","Reach","Reach.1","Sonso",1.67896397508271,0.0408525754884547,0.0801509769094138
"3281","100997","Action_45","Morph_100","ZD","Giveme","Reach","Reach.1","Sonso",0.924258901523332,0.0408525754884547,0.0801509769094138
"3282","100997","Action_45","Morph_100","ZD","Giveme","Reach","Reach.1","Sonso",0.955511445027436,0.0408525754884547,0.0801509769094138
"3283","101031","Action_43","Morph_96","ZD","Giveme","Raise","Raise.1","Sonso",-0.328504066972036,0.00865896980461812,0.0113232682060391
"3284","101031","Action_43","Morph_96","ZD","Giveme","Raise","Raise.1","Sonso",0.307484699747961,0.00865896980461812,0.0113232682060391
"3285","100997","Action_45","Morph_100","ZD","Giveme","Reach","Reach.1","Sonso",1.02961941718116,0.0408525754884547,0.0801509769094138
"3286","101031","Action_45","Morph_100","ZD","Giveme","Reach","Reach.1","Sonso",1.68639895357023,0.0408525754884547,0.0801509769094138
"3287","100997","Action_45","Morph_100","ZD","Giveme","Reach","Reach.1","Sonso",-0.385662480811985,0.0408525754884547,0.0801509769094138
"3288","101031","Action_50","Morph_110","ZD","Giveme","Shake","Shake.4","Sonso",0.27763173659828,0.00399644760213144,0.0122113676731794
"3289","100997","Action_45","Morph_100","ZD","Giveme","Reach","Reach.1","Sonso",1.13783300182139,0.0408525754884547,0.0801509769094138
"3290","100997","Action_45","Morph_100","ZD","Giveme","Reach","Reach.1","Sonso",1.18784342239605,0.0408525754884547,0.0801509769094138
"3291","100455b","Action_17","Morph_39","ZD","Playcontinue","Hitobject","HitObject.1","Sonso",-0.083381608939051,0.0430728241563055,0.0559502664298401
"3292","101952a","Action_57","Morph_115","ZD","Play","Stompobject","StompObject.1","Sonso",-0.579818495252942,0.0337477797513321,0.0424067495559503
"3293","101480","Action_20","Morph_46","ZD","Play","Hitother","HitOther.2","Sonso",-0.510825623765991,0.00932504440497336,0.0404085257548845
"3294","101955","Action_60","Morph_127","ZD","Playcontinue","Swing","Swing.1","Sonso",0.0392207131532813,0.0428507992895204,0.0475133214920071
"3295","101952a","Action_34","Morph_68","ZD","Play","Objectshake","ObjectShake.4","Sonso",1.00063188030791,0.00288632326820604,0.108792184724689
"3296","101072a","Action_57","Morph_115","ZD","Play","Stompobject","StompObject.1","Sonso",-0.44628710262842,0.0337477797513321,0.0424067495559503
"3297","100446b","Action_14","Morph_29","ZD","Play","Grab","Grab.1","Sonso",-0.385662480811985,0.00821492007104796,0.0353019538188277
"3298","100455b","Action_17","Morph_39","ZD","Playcontinue","Hitobject","HitObject.1","Sonso",-0.27443684570176,0.0430728241563055,0.0559502664298401
"3299","100423a","Action_60","Morph_128","ZD","Play","Swing","Swing.2","Sonso",1.15057202759882,0.00310834813499112,0.0475133214920071
"3300","100416","Action_14","Morph_30","ZD","Play","Grab","Grab.2","Sonso",-0.0408219945202552,0.00799289520426288,0.0353019538188277
"3301","101072a","Action_34","Morph_65","ZD","Play","Objectshake","ObjectShake.1","Sonso",1.24703229378638,0.0746003552397869,0.108792184724689
"3302","100400a","Action_60","Morph_127","ZD","Playcontinue","Swing","Swing.1","Sonso",-0.579818495252942,0.0428507992895204,0.0475133214920071
"3303","102128b","Action_45","Morph_100","ZD","Play","Reach","Reach.1","Sonso",-1.02165124753198,0.0408525754884547,0.0801509769094138
"3304","100405","Action_15","Morph_35","ZD","Playcontinue","Grabhold","GrabHold.1","Sonso",2.02287119019144,0.00932504440497336,0.0204262877442274
"3305","100406b","Action_14","Morph_32","ZD","Play","Grab","Grab.4","Sonso",0,0.00754884547069272,0.0353019538188277
"3306","100412","Action_60","Morph_127","ZD","Play","Swing","Swing.1","Sonso",0.631271776841858,0.0428507992895204,0.0475133214920071
"3307","101272a","Action_14","Morph_32","ZD","Playcontinue","Grab","Grab.4","Sonso",0.27763173659828,0.00754884547069272,0.0353019538188277
"3308","100301","Action_8","Morph_19","ZD","Playcontinue","Dangle","Dangle.1","Sonso",1.16315080980568,0.0484014209591474,0.0484014209591474
"3309","101054","Action_8","Morph_19","ZD","Playcontinue","Dangle","Dangle.1","Sonso",0,0.0484014209591474,0.0484014209591474
"3310","101272a","Action_15","Morph_36","ZD","Playcontinue","Grabhold","GrabHold.2","Sonso",1.94591014905531,0.005550621669627,0.0204262877442274
"3311","100846","Action_14","Morph_30","ZD","Playcontinue","Grab","Grab.2","Sonso",0.307484699747961,0.00799289520426288,0.0353019538188277
"3312","101825","Action_14","Morph_33","ZD","Moveaway","Grab","Grab.5","Sonso",0.824175442966349,0.0033303730017762,0.0353019538188277
"3313","100420b","Action_14","Morph_29","ZD","Play","Grab","Grab.1","Sonso",-0.328504066972036,0.00821492007104796,0.0353019538188277
"3314","100412","Action_61","Morph_130","ZD","Play","Throwobject","ThrowObject.1","Sonso",-0.174353387144778,0.00244227353463588,0.00244227353463588
"3315","102252","Action_60","Morph_127","ZD","Play","Swing","Swing.1","Sonso",0.0769610411361284,0.0428507992895204,0.0475133214920071
"3316","100301","Action_60","Morph_127","ZD","Playcontinue","Swing","Swing.1","Sonso",0.215111379616945,0.0428507992895204,0.0475133214920071
"3317","100406b","Action_45","Morph_100","ZD","Play","Reach","Reach.1","Sonso",-0.0408219945202552,0.0408525754884547,0.0801509769094138
"3318","101054","Action_9","Morph_20","ZD","Playcontinue","Dangleshake","DangleShake.1","Sonso",1.62531126159039,0.00710479573712256,0.00710479573712256
"3319","101968b","Action_34","Morph_68","ZD","Stopbehaviour","Objectshake","ObjectShake.4","Sonso",0.113328685307003,0.00288632326820604,0.108792184724689
"3320","100415","Action_20","Morph_49","ZD","Play","Hitother","HitOther.5","Sonso",0.0769610411361284,0.00599467140319716,0.0404085257548845
"3321","100401a","Action_57","Morph_115","ZD","Play","Stompobject","StompObject.1","Sonso",-0.174353387144778,0.0337477797513321,0.0424067495559503
"3322","100401a","Action_60","Morph_127","ZD","Play","Swing","Swing.1","Sonso",0.148420005118273,0.0428507992895204,0.0475133214920071
"3323","100410","Action_8","Morph_19","ZD","Play","Dangle","Dangle.1","Sonso",1.52605630349505,0.0484014209591474,0.0484014209591474
"3324","100412","Action_9","Morph_20","ZD","Play","Dangleshake","DangleShake.1","Sonso",1.45395300959371,0.00710479573712256,0.00710479573712256
"3325","101825","Action_63","Morph_133","ZD","Moveaway","Touch","Touch.2","Sonso",0.418710334858185,0.00754884547069272,0.0341918294849023
"3326","100399","Action_9","Morph_20","ZD","Play","Dangleshake","DangleShake.1","Sonso",0.56531380905006,0.00710479573712256,0.00710479573712256
"3327","100412","Action_14","Morph_34","ZD","Play","Grab","Grab.6","Sonso",-0.083381608939051,0.00355239786856128,0.0353019538188277
"3328","100400a","Action_50","Morph_110","ZD","Playcontinue","Shake","Shake.4","Sonso",0.148420005118273,0.00399644760213144,0.0122113676731794
"3329","100412","Action_3","Morph_11","ZD","Play","Bite","Bite.3","Sonso",0.246860077931526,0.00310834813499112,0.0168738898756661
"3330","100846","Action_41","Morph_85","ZD","Playcontinue","Pull","Pull.2","Sonso",0.89199803930511,0.00643872113676732,0.0253108348134991
"3331","101968b","Action_55","Morph_116","ZD","Stopbehaviour","Stompingobject","StompObject.2","Sonso",0.364643113587909,0.0148756660746004,0.0230905861456483
"3332","100272","Action_59","Morph_125","ZD","Giveme","Stroke","Stroke.2","Sonso",0.712949807856125,0.00155417406749556,0.00377442273534636
"3333","101420","Action_42","Morph_93","ZD","Position","Push","Push.6","Sonso",0.336472236621213,0.0066607460035524,0.0466252220248668
"3334","100862","Action_2","Morph_5","ZD","Directattention","Bigloudscratch","BigLoudScratch.3","Sonso",0.732367893713227,0.0119893428063943,0.0577264653641208
"3335","101442","Action_38","Morph_76","ZD","Groom","Present","Present.2","Sonso",1.50851199384414,0.0135435168738899,0.0492895204262877
"3336","100118","Action_45","Morph_101","ZD","Giveme","Reach","Reach.2","Sonso",1.31372366828506,0.0370781527531083,0.0801509769094138
"3337","100031","Action_38","Morph_75","ZD","Directattention","Present","Present.1","Sonso",0.418710334858185,0.0170959147424512,0.0492895204262877
"3338","101983","Action_2","Morph_4","ZD","Groom","Bigloudscratch","BigLoudScratch.2","Sonso",2.31451366385932,0.019316163410302,0.0577264653641208
"3339","101432","Action_38","Morph_79","ZD","Groom","Present","Present.5","Sonso",1.38629436111989,0.00688277087033748,0.0492895204262877
"3340","101437a","Action_38","Morph_76","ZD","Groom","Present","Present.2","Sonso",1.90508815453506,0.0135435168738899,0.0492895204262877
"3341","100117","Action_64","Morph_140","ZD","Giveme","Touchlongother","Touch.9","Sonso",1.01523067972906,0.00399644760213144,0.0175399644760213
"3342","101431","Action_2","Morph_3","ZD","Groom","Bigloudscratch","BigLoudScratch.1","Sonso",0.246860077931526,0.0215364120781528,0.0577264653641208
"3343","102255a","Action_38","Morph_76","ZD","Groom","Present","Present.2","Sonso",1.09861228866811,0.0135435168738899,0.0492895204262877
"3344","101440a","Action_38","Morph_76","ZD","Groom","Present","Present.2","Sonso",2.24918431626693,0.0135435168738899,0.0492895204262877
"3345","102255a","Action_2","Morph_3","ZD","Groom","Bigloudscratch","BigLoudScratch.1","Sonso",1.57691472072854,0.0215364120781528,0.0577264653641208
"3346","101441","Action_38","Morph_76","ZD","Groom","Present","Present.2","Sonso",1.63315443905142,0.0135435168738899,0.0492895204262877
"3347","101313","Action_38","Morph_75","ZD","Groom","Present","Present.1","Sonso",0.751416088683921,0.0170959147424512,0.0492895204262877
"3348","101421","Action_38","Morph_76","ZD","Position","Present","Present.2","Sonso",2.15640258281596,0.0135435168738899,0.0492895204262877
"3349","101315","Action_2","Morph_5","ZD","Groom","Bigloudscratch","BigLoudScratch.3","Sonso",1.64093657949347,0.0119893428063943,0.0577264653641208
"3350","101443","Action_38","Morph_78","ZD","Groom","Present","Present.4","Sonso",2.49155119250667,0.00288632326820604,0.0492895204262877
"3351","100018","Action_38","Morph_77","ZD","Directattention","Present","Present.3","Sonso",0.246860077931526,0.00466252220248668,0.0492895204262877
"3352","101307","Action_38","Morph_75","ZD","Groom","Present","Present.1","Sonso",0.924258901523332,0.0170959147424512,0.0492895204262877
"3353","101983","Action_38","Morph_76","ZD","Groom","Present","Present.2","Sonso",2.28645571106416,0.0135435168738899,0.0492895204262877
"3354","102051","Action_2","Morph_3","ZD","Groom","Bigloudscratch","BigLoudScratch.1","Sonso",1.17557332980424,0.0215364120781528,0.0577264653641208
"3355","101439","Action_42","Morph_92","ZD","Position","Push","Push.5","Sonso",-0.385662480811985,0.0066607460035524,0.0466252220248668
"3356","100117","Action_45","Morph_101","ZD","Giveme","Reach","Reach.2","Sonso",2.01223279198639,0.0370781527531083,0.0801509769094138
"3357","100862","Action_2","Morph_3","ZD","Directattention","Bigloudscratch","BigLoudScratch.1","Sonso",0.78845736036427,0.0215364120781528,0.0577264653641208
"3358","100612","Action_2","Morph_6","ZD","Directattention","Bigloudscratch","BigLoudScratch.4","Sonso",1.58514521986506,0.00421847246891652,0.0577264653641208
"3359","100862","Action_2","Morph_5","ZD","Directattention","Bigloudscratch","BigLoudScratch.3","Sonso",-0.0408219945202552,0.0119893428063943,0.0577264653641208
"3360","101114","Action_20","Morph_49","ZD","Play","Hitother","HitOther.5","Sonso",0.27763173659828,0.00599467140319716,0.0404085257548845
"3361","101314","Action_38","Morph_78","ZD","Groom","Present","Present.4","Sonso",2.80699014895711,0.00288632326820604,0.0492895204262877
"3362","100907","Action_20","Morph_45","ZF","Moveaway","Hitother","HitOther.1","Sonso",-0.579818495252942,0.0202042628774423,0.0404085257548845
"3363","100907","Action_20","Morph_46","ZF","Moveaway","Hitother","HitOther.2","Sonso",-0.7339691750802,0.00932504440497336,0.0404085257548845
"3364","102276b","Action_2","Morph_4","ZF","Groom","Bigloudscratch","BigLoudScratch.2","Sonso",0.542324290825362,0.019316163410302,0.0577264653641208
"3365","102277","Action_2","Morph_5","ZF","Groom","Bigloudscratch","BigLoudScratch.3","Sonso",0.732367893713227,0.0119893428063943,0.0577264653641208
"3366","102277","Action_2","Morph_3","ZF","Groom","Bigloudscratch","BigLoudScratch.1","Sonso",0.806475865866949,0.0215364120781528,0.0577264653641208
"3367","102280","Action_38","Morph_77","ZF","Groom","Present","Present.3","Sonso",0.955511445027436,0.00466252220248668,0.0492895204262877
"3368","102281b","Action_38","Morph_75","ZF","Directattention","Present","Present.1","Sonso",1.68639895357023,0.0170959147424512,0.0492895204262877
"3369","102280","Action_2","Morph_4","ZF","Groom","Bigloudscratch","BigLoudScratch.2","Sonso",0.444685821261446,0.019316163410302,0.0577264653641208
"3370","102274","Action_2","Morph_6","ZF","Directattention","Bigloudscratch","BigLoudScratch.4","Sonso",1.16315080980568,0.00421847246891652,0.0577264653641208
"3371","102203","Action_20","Morph_45","ZF","Stopbehaviour","Hitother","HitOther.1","Sonso",-0.22314355131421,0.0202042628774423,0.0404085257548845
"3372","102199a","Action_13","Morph_28","ZF","Moveaway","Fling","Fling.2","Sonso",-0.27443684570176,0.00488454706927176,0.0117673179396092
"3373","100269a","Action_11","Morph_23","ZF","Affiliation","Embrace","Embrace.2","Sonso",1.56024766824333,0.00199822380106572,0.005550621669627
"3374","100198","Action_13","Morph_28","ZF","Moveaway","Fling","Fling.2","Sonso",0.113328685307003,0.00488454706927176,0.0117673179396092
"3375","102189","Action_63","Morph_132","ZF","Stopbehaviour","Touch","Touch.1","Sonso",-0.510825623765991,0.0104351687388988,0.0341918294849023
"3376","100619","Action_42","Morph_91","ZF","Moveaway","Push","Push.4","Sonso",-0.385662480811985,0.00932504440497336,0.0466252220248668
"3377","102202","Action_17","Morph_39","ZF","Stopbehaviour","Hitobject","HitObject.1","Sonso",-0.27443684570176,0.0430728241563055,0.0559502664298401
"3378","102198b","Action_20","Morph_50","ZF","Stopbehaviour","Hitother","HitOther.6","Sonso",-0.916290731874155,0.00488454706927176,0.0404085257548845
"3379","102195b","Action_45","Morph_101","ZF","Stopbehaviour","Reach","Reach.2","Sonso",-0.7339691750802,0.0370781527531083,0.0801509769094138
"3380","100996b","Action_42","Morph_88","ZF","Stopbehaviour","Push","Push.1","Sonso",-0.22314355131421,0.0106571936056838,0.0466252220248668
"3381","101311","Action_2","Morph_4","ZF","Groom","Bigloudscratch","BigLoudScratch.2","Sonso",1.01523067972906,0.019316163410302,0.0577264653641208
"3382","102286a","Action_2","Morph_4","ZF","Groom","Bigloudscratch","BigLoudScratch.2","Sonso",1.31372366828506,0.019316163410302,0.0577264653641208
"3383","101311","Action_38","Morph_76","ZF","Groom","Present","Present.2","Sonso",2.30258509299405,0.0135435168738899,0.0492895204262877
"3384","100996b","Action_13","Morph_27","ZF","Stopbehaviour","Fling","Fling.1","Sonso",-0.385662480811985,0.00688277087033748,0.0117673179396092
"3385","102198b","Action_20","Morph_50","ZF","Stopbehaviour","Hitother","HitOther.6","Sonso",-0.82098055206983,0.00488454706927176,0.0404085257548845
"3386","102198b","Action_13","Morph_28","ZF","Stopbehaviour","Fling","Fling.2","Sonso",-0.653926467406664,0.00488454706927176,0.0117673179396092
"3387","100996b","Action_42","Morph_93","ZF","Stopbehaviour","Push","Push.6","Sonso",-0.127833371509885,0.0066607460035524,0.0466252220248668
"3388","100893","Action_11","Morph_22","ZF","Affiliation","Embrace","Embrace.1","Sonso",1.65632149833295,0.00288632326820604,0.005550621669627
"3389","100720","Action_2","Morph_3","ZF","Groom","Bigloudscratch","BigLoudScratch.1","Sonso",1.64865862558738,0.0215364120781528,0.0577264653641208
"3390","101080","Action_45","Morph_101","ZF","Giveme","Reach","Reach.2","Sonso",2.54631527791664,0.0370781527531083,0.0801509769094138
"3391","101080","Action_45","Morph_101","ZF","Giveme","Reach","Reach.2","Sonso",2.43009841329301,0.0370781527531083,0.0801509769094138
"3392","100152","Action_2","Morph_4","ZF","Groom","Bigloudscratch","BigLoudScratch.2","Sonso",1.33500106673234,0.019316163410302,0.0577264653641208
"3393","100152","Action_3","Morph_14","ZF","Groom","Bite","Bite.6","Sonso",-0.083381608939051,0.00266429840142096,0.0168738898756661
"3394","100057","Action_2","Morph_6","ZF","Stopbehaviour","Bigloudscratch","BigLoudScratch.4","Sonso",1.79840401194672,0.00421847246891652,0.0577264653641208
"3395","100143b","Action_2","Morph_3","ZF","Groom","Bigloudscratch","BigLoudScratch.1","Sonso",1.16315080980568,0.0215364120781528,0.0577264653641208
"3396","100536b","Action_2","Morph_5","ZF","Groom","Bigloudscratch","BigLoudScratch.3","Sonso",0.955511445027436,0.0119893428063943,0.0577264653641208
"3397","100061","Action_38","Morph_75","ZF","Directattention","Present","Present.1","Sonso",1.22377543162212,0.0170959147424512,0.0492895204262877
"3398","101112","Action_11","Morph_22","ZF","Affiliation","Embrace","Embrace.1","Sonso",1.7227665977411,0.00288632326820604,0.005550621669627
"3399","101080","Action_45","Morph_101","ZF","Giveme","Reach","Reach.2","Sonso",1.83736998048011,0.0370781527531083,0.0801509769094138
"3400","101080","Action_45","Morph_101","ZF","Giveme","Reach","Reach.2","Sonso",0.65232518603969,0.0370781527531083,0.0801509769094138
"3401","101081a","Action_45","Morph_101","ZF","Giveme","Reach","Reach.2","Sonso",0.858661619037519,0.0370781527531083,0.0801509769094138
"3402","100396b","Action_11","Morph_22","ZF","Affiliation","Embrace","Embrace.1","Sonso",0.858661619037519,0.00288632326820604,0.005550621669627
"3403","101080","Action_45","Morph_101","ZF","Giveme","Reach","Reach.2","Sonso",2.94864066602014,0.0370781527531083,0.0801509769094138
"3404","101080","Action_45","Morph_101","ZF","Giveme","Reach","Reach.2","Sonso",2.35707327827812,0.0370781527531083,0.0801509769094138
"3405","100144a","Action_2","Morph_3","ZF","Groom","Bigloudscratch","BigLoudScratch.1","Sonso",1.28093384546206,0.0215364120781528,0.0577264653641208
"3406","100303a","Action_2","Morph_3","ZF","Groom","Bigloudscratch","BigLoudScratch.1","Sonso",1.34547236659964,0.0215364120781528,0.0577264653641208
"3407","100303a","Action_2","Morph_3","ZF","Groom","Bigloudscratch","BigLoudScratch.1","Sonso",1.07158361628019,0.0215364120781528,0.0577264653641208
"3408","102023","Action_2","Morph_4","ZF","Directattention","Bigloudscratch","BigLoudScratch.2","Sonso",0.672944473242426,0.019316163410302,0.0577264653641208
"3409","101079","Action_45","Morph_101","ZF","Giveme","Reach","Reach.2","Sonso",1.41585316336144,0.0370781527531083,0.0801509769094138
"3410","101303","Action_63","Morph_132","ZF","Staysame","Touch","Touch.1","Sonso",0.307484699747961,0.0104351687388988,0.0341918294849023
"3411","101080","Action_45","Morph_101","ZF","Giveme","Reach","Reach.2","Sonso",3.28989331210348,0.0370781527531083,0.0801509769094138
"3412","101080","Action_45","Morph_101","ZF","Giveme","Reach","Reach.2","Sonso",0.542324290825362,0.0370781527531083,0.0801509769094138
"3413","102023","Action_38","Morph_76","ZF","Directattention","Present","Present.2","Sonso",1.76473079684014,0.0135435168738899,0.0492895204262877
"3414","101080","Action_45","Morph_101","ZF","Giveme","Reach","Reach.2","Sonso",1.94017947434633,0.0370781527531083,0.0801509769094138
"3415","100995b","Action_42","Morph_91","ZF","Stopbehaviour","Push","Push.4","Sonso",-0.644357016390513,0.00932504440497336,0.0466252220248668
"3416","100618","Action_42","Morph_92","ZF","Moveaway","Push","Push.5","Sonso",-0.27443684570176,0.0066607460035524,0.0466252220248668
"3417","100857","Action_2","Morph_3","ZF","Groom","Bigloudscratch","BigLoudScratch.1","Sonso",1.07158361628019,0.0215364120781528,0.0577264653641208
"3418","100857","Action_2","Morph_3","ZF","Groom","Bigloudscratch","BigLoudScratch.1","Sonso",1.49962304642689,0.0215364120781528,0.0577264653641208
"3419","100025a","Action_45","Morph_100","ZF","Affiliation","Reach","Reach.1","Sonso",-0.27443684570176,0.0408525754884547,0.0801509769094138
"3420","100125","Action_34","Morph_65","ZF","Moveaway","Objectshake","ObjectShake.1","Sonso",-0.0408219945202552,0.0746003552397869,0.108792184724689
"3421","101084b","Action_13","Morph_28","ZF","Stopbehaviour","Fling","Fling.2","Sonso",-0.44628710262842,0.00488454706927176,0.0117673179396092
"3422","101082b","Action_20","Morph_45","ZF","Stopbehaviour","Hitother","HitOther.1","Sonso",-0.579818495252942,0.0202042628774423,0.0404085257548845
"3423","102401","Action_43","Morph_96","ZF","Stopbehaviour","Raise","Raise.1","Sonso",0.246860077931526,0.00865896980461812,0.0113232682060391
"3424","100546","Action_50","Morph_107","ZG","Play","Shake","Shake.1","Sonso",-0.385662480811985,0.00355239786856128,0.0122113676731794
"3425","100547","Action_6","Morph_18","ZG","Play","Bow","Bow.1","Sonso",1.67147330335355,0.00177619893428064,0.00177619893428064
"3426","100547","Action_57","Morph_115","ZG","Play","Stompobject","StompObject.1","Sonso",-0.7339691750802,0.0337477797513321,0.0424067495559503
"3427","100553","Action_63","Morph_133","ZG","Play","Touch","Touch.2","Sonso",0.148420005118273,0.00754884547069272,0.0341918294849023
"3428","100547","Action_50","Morph_110","ZG","Play","Shake","Shake.4","Sonso",0.27763173659828,0.00399644760213144,0.0122113676731794
"3429","100546","Action_34","Morph_68","ZG","Play","Objectshake","ObjectShake.4","Sonso",1.28093384546206,0.00288632326820604,0.108792184724689
"3430","100546","Action_34","Morph_66","ZG","Play","Objectshake","ObjectShake.2","Sonso",0.336472236621213,0.0237566607460036,0.108792184724689
"3431","100547","Action_16","Morph_38","ZG","Play","Headstand","HeadStand.1","Sonso",0.89199803930511,0.0066607460035524,0.0066607460035524
"3432","100546","Action_17","Morph_40","ZG","Play","Hitobject","HitObject.2","Sonso",-0.083381608939051,0.0119893428063943,0.0559502664298401
"3433","100553","Action_64","Morph_133","ZG","Play","Touchlongother","Touch.2","Sonso",2.57108434602905,0.00754884547069272,0.0175399644760213
"3434","100546","Action_43","Morph_96","ZG","Play","Raise","Raise.1","Sonso",-0.0408219945202552,0.00865896980461812,0.0113232682060391
"3435","100546","Action_50","Morph_110","ZG","Play","Shake","Shake.4","Sonso",-0.22314355131421,0.00399644760213144,0.0122113676731794
"3436","100547","Action_6","Morph_18","ZG","Play","Bow","Bow.1","Sonso",-1.02165124753198,0.00177619893428064,0.00177619893428064
"3437","100547","Action_16","Morph_38","ZG","Play","Headstand","HeadStand.1","Sonso",1.78507048107726,0.0066607460035524,0.0066607460035524
"3438","100546","Action_17","Morph_40","ZG","Play","Hitobject","HitObject.2","Sonso",-0.27443684570176,0.0119893428063943,0.0559502664298401
"3439","101060","Action_27","Morph_54","ZG","Sexualattention","Leafclip","LeafClip.1","Sonso",1.95727390770563,0.0044404973357016,0.00599467140319716
"3440","101671b","Action_63","Morph_136","ZG","Play","Touch","Touch.5","Sonso",-0.083381608939051,0.00421847246891652,0.0341918294849023
"3441","100528","Action_57","Morph_119","ZG","Play","Stompobject","StompObject.5","Sonso",0.392042087776024,0.00155417406749556,0.0424067495559503
"3442","100528","Action_34","Morph_65","ZG","Play","Objectshake","ObjectShake.1","Sonso",-0.0408219945202552,0.0746003552397869,0.108792184724689
"3443","100528","Action_19","Morph_39","ZG","Play","Hitobjectother","HitObject.1","Sonso",0.215111379616945,0.0430728241563055,0.00088809946714032
"3444","100450b","Action_33","Morph_61","ZG","Play","Objectmove","ObjectMove.1","Sonso",0.307484699747961,0.0317495559502664,0.0406305506216696
"3445","100528","Action_60","Morph_127","ZG","Play","Swing","Swing.1","Sonso",1.02961941718116,0.0428507992895204,0.0475133214920071
"3446","100527","Action_26","Morph_53","ZG","Play","Knockobject","KnockObject.1","Sonso",-0.510825623765991,0.00133214920071048,0.0011101243339254
"3447","100528","Action_20","Morph_45","ZG","Play","Hitother","HitOther.1","Sonso",-1.6094379124341,0.0202042628774423,0.0404085257548845
"3448","100528","Action_19","Morph_39","ZG","Play","Hitobjectother","HitObject.1","Sonso",0.364643113587909,0.0430728241563055,0.00088809946714032
"3449","101358","Action_14","Morph_33","ZG","Play","Grab","Grab.5","Sonso",0.841567185678219,0.0033303730017762,0.0353019538188277
"3450","101358","Action_41","Morph_84","ZG","Play","Pull","Pull.1","Sonso",0.418710334858185,0.00821492007104796,0.0253108348134991
"3451","102327b","Action_42","Morph_92","ZG","Stopbehaviour","Push","Push.5","Sonso",0.148420005118273,0.0066607460035524,0.0466252220248668
"3452","101542","Action_60","Morph_127","ZG","Playcontinue","Swing","Swing.1","Sonso",0.215111379616945,0.0428507992895204,0.0475133214920071
"3453","101808","Action_21","Morph_43","ZG","Moveaway","Hittingobject","HitObject.5","Sonso",-0.44628710262842,0.0044404973357016,0.00799289520426288
"3454","101808","Action_34","Morph_65","ZG","Moveaway","Objectshake","ObjectShake.1","Sonso",0.364643113587909,0.0746003552397869,0.108792184724689
"3455","101808","Action_33","Morph_61","ZG","Moveaway","Objectmove","ObjectMove.1","Sonso",0.148420005118273,0.0317495559502664,0.0406305506216696
"3456","100435","Action_60","Morph_127","ZG","Stopbehaviour","Swing","Swing.1","Sonso",0.0769610411361284,0.0428507992895204,0.0475133214920071
"3457","101817","Action_17","Morph_40","ZG","Moveaway","Hitobject","HitObject.2","Sonso",-0.174353387144778,0.0119893428063943,0.0559502664298401
"3458","101811","Action_64","Morph_133","ZG","Play","Touchlongother","Touch.2","Sonso",0.970778917158225,0.00754884547069272,0.0175399644760213
"3459","101813b","Action_63","Morph_139","ZG","Play","Touch","Touch.8","Sonso",-0.82098055206983,0.00577264653641208,0.0341918294849023
"3460","101510","Action_20","Morph_45","ZG","Playcontinue","Hitother","HitOther.1","Sonso",0.0392207131532813,0.0202042628774423,0.0404085257548845
"3461","100234a","Action_39","Morph_83","ZG","Affiliation","Presentgenitalsbackwards","PresentGenitals.2","Sonso",-0.579818495252942,0.00577264653641208,0.033303730017762
"3462","100436b","Action_57","Morph_115","ZG","Play","Stompobject","StompObject.1","Sonso",-0.174353387144778,0.0337477797513321,0.0424067495559503
"3463","100433","Action_33","Morph_61","ZG","Play","Objectmove","ObjectMove.1","Sonso",0.841567185678219,0.0317495559502664,0.0406305506216696
"3464","100906a","Action_17","Morph_39","ZG","Moveaway","Hitobject","HitObject.1","Sonso",-0.44628710262842,0.0430728241563055,0.0559502664298401
"3465","100395","Action_55","Morph_117","ZG","Play","Stompingobject","StompObject.3","Sonso",0.444685821261446,0.00688277087033748,0.0230905861456483
"3466","101804","Action_8","Morph_19","ZG","Play","Dangle","Dangle.1","Sonso",0.609765571620894,0.0484014209591474,0.0484014209591474
"3467","101806","Action_3","Morph_9","ZG","Play","Bite","Bite.1","Sonso",1.01523067972906,0.0044404973357016,0.0168738898756661
"3468","102491b","Action_60","Morph_127","ZG","Stopbehaviour","Swing","Swing.1","Sonso",-1.27296567581289,0.0428507992895204,0.0475133214920071
"3469","100866","Action_24","Morph_51","ZG","Moveaway","Jump","Jump.1","Sonso",0.0392207131532813,0.00732682060390764,0.00732682060390764
"3470","100866","Action_17","Morph_40","ZG","Moveaway","Hitobject","HitObject.2","Sonso",-0.22314355131421,0.0119893428063943,0.0559502664298401
"3471","100865","Action_17","Morph_40","ZG","Moveaway","Hitobject","HitObject.2","Sonso",-0.127833371509885,0.0119893428063943,0.0559502664298401
"3472","100153","Action_3","Morph_11","ZG","Staysame","Bite","Bite.3","Sonso",-0.083381608939051,0.00310834813499112,0.0168738898756661
"3473","100454","Action_20","Morph_45","ZG","Playcontinue","Hitother","HitOther.1","Sonso",-0.083381608939051,0.0202042628774423,0.0404085257548845
"3474","101072b","Action_57","Morph_118","ZG","Play","Stompobject","StompObject.4","Sonso",-0.916290731874155,0.005550621669627,0.0424067495559503
"3475","100424","Action_14","Morph_29","ZG","Playcontinue","Grab","Grab.1","Sonso",0.182321556793955,0.00821492007104796,0.0353019538188277
"3476","100460","Action_17","Morph_40","ZG","Play","Hitobject","HitObject.2","Sonso",-0.44628710262842,0.0119893428063943,0.0559502664298401
"3477","100455a","Action_19","Morph_40","ZG","Playcontinue","Hitobjectother","HitObject.2","Sonso",-0.174353387144778,0.0119893428063943,0.00088809946714032
"3478","100453b","Action_42","Morph_93","ZG","Play","Push","Push.6","Sonso",-0.916290731874155,0.0066607460035524,0.0466252220248668
"3479","101952b","Action_57","Morph_115","ZG","Play","Stompobject","StompObject.1","Sonso",-0.44628710262842,0.0337477797513321,0.0424067495559503
"3480","100413","Action_3","Morph_11","ZG","Play","Bite","Bite.3","Sonso",0.0769610411361284,0.00310834813499112,0.0168738898756661
"3481","101072b","Action_33","Morph_61","ZG","Play","Objectmove","ObjectMove.1","Sonso",0.364643113587909,0.0317495559502664,0.0406305506216696
"3482","100418","Action_14","Morph_30","ZG","Play","Grab","Grab.2","Sonso",0.693147180559945,0.00799289520426288,0.0353019538188277
"3483","100453b","Action_57","Morph_118","ZG","Play","Stompobject","StompObject.4","Sonso",-0.328504066972036,0.005550621669627,0.0424067495559503
"3484","100446a","Action_50","Morph_107","ZG","Play","Shake","Shake.1","Sonso",-0.174353387144778,0.00355239786856128,0.0122113676731794
"3485","100453b","Action_18","Morph_39","ZG","Play","Hitobjectobject","HitObject.1","Sonso",-0.0408219945202552,0.0430728241563055,0.00466252220248668
"3486","100423b","Action_14","Morph_30","ZG","Play","Grab","Grab.2","Sonso",0.770108221696074,0.00799289520426288,0.0353019538188277
"3487","101084a","Action_45","Morph_101","ZG","Giveme","Reach","Reach.2","Sonso",1.30291275218084,0.0370781527531083,0.0801509769094138
"3488","101084a","Action_45","Morph_101","ZG","Giveme","Reach","Reach.2","Sonso",1.41585316336144,0.0370781527531083,0.0801509769094138
"3489","101061","Action_14","Morph_30","ZG","Play","Grab","Grab.2","Sonso",-0.127833371509885,0.00799289520426288,0.0353019538188277
"3490","101061","Action_14","Morph_30","ZG","Play","Grab","Grab.2","Sonso",0.307484699747961,0.00799289520426288,0.0353019538188277
"3491","101082a","Action_45","Morph_101","ZG","Giveme","Reach","Reach.2","Sonso",0.8754687373539,0.0370781527531083,0.0801509769094138
"3492","101084a","Action_45","Morph_101","ZG","Giveme","Reach","Reach.2","Sonso",1.16315080980568,0.0370781527531083,0.0801509769094138
"3493","101045b","Action_17","Morph_39","ZG","Play","Hitobject","HitObject.1","Sonso",-0.22314355131421,0.0430728241563055,0.0559502664298401
"3494","101507b","Action_8","Morph_19","ZG","Playcontinue","Dangle","Dangle.1","Sonso",0.89199803930511,0.0484014209591474,0.0484014209591474
"3495","101700","Action_42","Morph_91","ZG","Play","Push","Push.4","Sonso",1.04380405217311,0.00932504440497336,0.0466252220248668
"3496","101507b","Action_17","Morph_39","ZG","Playcontinue","Hitobject","HitObject.1","Sonso",-0.82098055206983,0.0430728241563055,0.0559502664298401
"3497","101507b","Action_55","Morph_116","ZG","Playcontinue","Stompingobject","StompObject.2","Sonso",0.841567185678219,0.0148756660746004,0.0230905861456483
"3498","101361","Action_14","Morph_29","ZG","Play","Grab","Grab.1","Sonso",0.56531380905006,0.00821492007104796,0.0353019538188277
"3499","102132b","Action_13","Morph_28","ZG","Stopbehaviour","Fling","Fling.2","Sonso",-0.7339691750802,0.00488454706927176,0.0117673179396092
"3500","101045b","Action_33","Morph_61","ZG","Play","Objectmove","ObjectMove.1","Sonso",-0.328504066972036,0.0317495559502664,0.0406305506216696
"3501","102133b","Action_20","Morph_46","ZG","Stopbehaviour","Hitother","HitOther.2","Sonso",-0.82098055206983,0.00932504440497336,0.0404085257548845
"3502","101045b","Action_33","Morph_61","ZG","Play","Objectmove","ObjectMove.1","Sonso",0.518793793415168,0.0317495559502664,0.0406305506216696
"3503","101505","Action_60","Morph_127","ZG","Play","Swing","Swing.1","Sonso",-0.22314355131421,0.0428507992895204,0.0475133214920071
"3504","101361","Action_15","Morph_35","ZG","Play","Grabhold","GrabHold.1","Sonso",2.34180580614733,0.00932504440497336,0.0204262877442274
"3505","101699","Action_57","Morph_120","ZG","Moveclose","Stompobject","StompObject.6","Sonso",-0.22314355131421,0.00133214920071048,0.0424067495559503
"3506","101045b","Action_41","Morph_86","ZG","Play","Pull","Pull.3","Sonso",0.470003629245736,0.00510657193605684,0.0253108348134991
"3507","101361","Action_15","Morph_35","ZG","Play","Grabhold","GrabHold.1","Sonso",1.48160454092422,0.00932504440497336,0.0204262877442274
"3508","102132b","Action_13","Morph_28","ZG","Stopbehaviour","Fling","Fling.2","Sonso",-0.916290731874155,0.00488454706927176,0.0117673179396092
"3509","101045b","Action_33","Morph_61","ZG","Play","Objectmove","ObjectMove.1","Sonso",-0.328504066972036,0.0317495559502664,0.0406305506216696
"3510","101699","Action_57","Morph_115","ZG","Moveclose","Stompobject","StompObject.1","Sonso",0.148420005118273,0.0337477797513321,0.0424067495559503
"3511","101045a","Action_8","Morph_19","ZG","Play","Dangle","Dangle.1","Sonso",0.56531380905006,0.0484014209591474,0.0484014209591474
"3512","101969","Action_42","Morph_91","ZG","Position","Push","Push.4","Sonso",-0.083381608939051,0.00932504440497336,0.0466252220248668
"3513","101970","Action_42","Morph_91","ZG","Position","Push","Push.4","Sonso",0.841567185678219,0.00932504440497336,0.0466252220248668
"3514","101973","Action_42","Morph_91","ZG","Position","Push","Push.4","Sonso",0.542324290825362,0.00932504440497336,0.0466252220248668
"3515","101972","Action_42","Morph_91","ZG","Position","Push","Push.4","Sonso",0.364643113587909,0.00932504440497336,0.0466252220248668
"3516","100552","Action_55","Morph_116","ZK","Play","Stompingobject","StompObject.2","Sonso",0.841567185678219,0.0148756660746004,0.0230905861456483
"3517","100766a","Action_40","Morph_82","ZK","Sexualattention","Presentgenitalsforwards","PresentGenitals.1","Sonso",0.470003629245736,0.0295293072824156,0.00199822380106572
"3518","100051","Action_53","Morph_113","ZK","Play","Spinsomersault","SpinSomersault.1","Sonso",0.392042087776024,0.00799289520426288,0.00799289520426288
"3519","100051","Action_17","Morph_39","ZK","Play","Hitobject","HitObject.1","Sonso",-0.916290731874155,0.0430728241563055,0.0559502664298401
"3520","100864","Action_51","Morph_111","ZK","Playcontinue","Spinpirouette","SpinPirouette.1","Sonso",1.01523067972906,0.00133214920071048,0.00133214920071048
"3521","101784a","Action_34","Morph_65","ZK","Play","Objectshake","ObjectShake.1","Sonso",0.542324290825362,0.0746003552397869,0.108792184724689
"3522","101782","Action_53","Morph_113","ZK","Play","Spinsomersault","SpinSomersault.1","Sonso",0.609765571620894,0.00799289520426288,0.00799289520426288
"3523","101359","Action_14","Morph_30","ZK","Play","Grab","Grab.2","Sonso",0.841567185678219,0.00799289520426288,0.0353019538188277
"3524","100758","Action_20","Morph_50","ZK","Playcontinue","Hitother","HitOther.6","Sonso",-0.22314355131421,0.00488454706927176,0.0404085257548845
"3525","101949","Action_41","Morph_84","ZK","Play","Pull","Pull.1","Sonso",0.672944473242426,0.00821492007104796,0.0253108348134991
"3526","101967","Action_50","Morph_107","ZK","Play","Shake","Shake.1","Sonso",0.542324290825362,0.00355239786856128,0.0122113676731794
"3527","101822","Action_16","Morph_38","ZK","Play","Headstand","HeadStand.1","Sonso",1.18784342239605,0.0066607460035524,0.0066607460035524
"3528","101348b","Action_57","Morph_115","ZK","Playcontinue","Stompobject","StompObject.1","Sonso",-0.127833371509885,0.0337477797513321,0.0424067495559503
"3529","101346","Action_55","Morph_117","ZK","Play","Stompingobject","StompObject.3","Sonso",0.924258901523332,0.00688277087033748,0.0230905861456483
"3530","101949","Action_20","Morph_45","ZK","Play","Hitother","HitOther.1","Sonso",-0.385662480811985,0.0202042628774423,0.0404085257548845
"3531","101346","Action_33","Morph_61","ZK","Play","Objectmove","ObjectMove.1","Sonso",1.3244189574018,0.0317495559502664,0.0406305506216696
"3532","102126","Action_41","Morph_85","ZK","Playcontinue","Pull","Pull.2","Sonso",1.24703229378638,0.00643872113676732,0.0253108348134991
"3533","100851","Action_60","Morph_127","ZK","Play","Swing","Swing.1","Sonso",0.8754687373539,0.0428507992895204,0.0475133214920071
"3534","102361","Action_60","Morph_127","ZK","Play","Swing","Swing.1","Sonso",0.0769610411361284,0.0428507992895204,0.0475133214920071
"3535","102258","Action_17","Morph_39","ZK","Playcontinue","Hitobject","HitObject.1","Sonso",-1.13943428318836,0.0430728241563055,0.0559502664298401
"3536","101943","Action_8","Morph_19","ZK","Playcontinue","Dangle","Dangle.1","Sonso",1.64093657949347,0.0484014209591474,0.0484014209591474
"3537","101946","Action_14","Morph_32","ZK","Play","Grab","Grab.4","Sonso",0.307484699747961,0.00754884547069272,0.0353019538188277
"3538","101917","Action_8","Morph_19","ZK","Playcontinue","Dangle","Dangle.1","Sonso",0.444685821261446,0.0484014209591474,0.0484014209591474
"3539","101352a","Action_41","Morph_84","ZK","Play","Pull","Pull.1","Sonso",0.418710334858185,0.00821492007104796,0.0253108348134991
"3540","102359","Action_52","Morph_112","ZK","Stopbehaviour","Spinroulade","SpinRoulade.1","Sonso",0.182321556793955,0.00488454706927176,0.00488454706927176
"3541","102313","Action_8","Morph_19","ZK","Play","Dangle","Dangle.1","Sonso",0.336472236621213,0.0484014209591474,0.0484014209591474
"3542","101548","Action_20","Morph_46","ZK","Play","Hitother","HitOther.2","Sonso",-0.653926467406664,0.00932504440497336,0.0404085257548845
"3543","101352a","Action_57","Morph_115","ZK","Play","Stompobject","StompObject.1","Sonso",-0.44628710262842,0.0337477797513321,0.0424067495559503
"3544","101917","Action_8","Morph_19","ZK","Playcontinue","Dangle","Dangle.1","Sonso",2.55567572067621,0.0484014209591474,0.0484014209591474
"3545","101499","Action_52","Morph_112","ZK","Stopbehaviour","Spinroulade","SpinRoulade.1","Sonso",0.113328685307003,0.00488454706927176,0.00488454706927176
"3546","101546","Action_20","Morph_46","ZK","Play","Hitother","HitOther.2","Sonso",-0.7339691750802,0.00932504440497336,0.0404085257548845
"3547","101917","Action_60","Morph_127","ZK","Playcontinue","Swing","Swing.1","Sonso",-0.127833371509885,0.0428507992895204,0.0475133214920071
"3548","100761","Action_48","Morph_104","ZK","Playcontinue","Rollover","RollOver.1","Sonso",2.42303124606991,0.00621669626998224,0.00621669626998224
"3549","101917","Action_50","Morph_108","ZK","Playcontinue","Shake","Shake.2","Sonso",1.37624402526639,0.00466252220248668,0.0122113676731794
"3550","101917","Action_14","Morph_34","ZK","Playcontinue","Grab","Grab.6","Sonso",-0.328504066972036,0.00355239786856128,0.0353019538188277
"3551","101539","Action_55","Morph_116","ZK","Play","Stompingobject","StompObject.2","Sonso",-0.44628710262842,0.0148756660746004,0.0230905861456483
"3552","101917","Action_20","Morph_49","ZK","Playcontinue","Hitother","HitOther.5","Sonso",-0.916290731874155,0.00599467140319716,0.0404085257548845
"3553","101546","Action_20","Morph_46","ZK","Play","Hitother","HitOther.2","Sonso",-0.7339691750802,0.00932504440497336,0.0404085257548845
"3554","102313","Action_14","Morph_29","ZK","Play","Grab","Grab.1","Sonso",-0.7339691750802,0.00821492007104796,0.0353019538188277
"3555","101917","Action_20","Morph_46","ZK","Playcontinue","Hitother","HitOther.2","Sonso",-0.7339691750802,0.00932504440497336,0.0404085257548845
"3556","102258","Action_17","Morph_39","ZK","Playcontinue","Hitobject","HitObject.1","Sonso",-1.27296567581289,0.0430728241563055,0.0559502664298401
"3557","101551","Action_20","Morph_46","ZK","Play","Hitother","HitOther.2","Sonso",-0.328504066972036,0.00932504440497336,0.0404085257548845
"3558","101351","Action_14","Morph_32","ZK","Play","Grab","Grab.4","Sonso",-0.27443684570176,0.00754884547069272,0.0353019538188277
"3559","101352a","Action_20","Morph_46","ZK","Play","Hitother","HitOther.2","Sonso",-0.127833371509885,0.00932504440497336,0.0404085257548845
"3560","101950b","Action_17","Morph_39","ZK","Play","Hitobject","HitObject.1","Sonso",-0.82098055206983,0.0430728241563055,0.0559502664298401
"3561","102258","Action_55","Morph_116","ZK","Playcontinue","Stompingobject","StompObject.2","Sonso",0.542324290825362,0.0148756660746004,0.0230905861456483
"3562","101946","Action_3","Morph_9","ZK","Play","Bite","Bite.1","Sonso",1.53471436623816,0.0044404973357016,0.0168738898756661
"3563","101917","Action_3","Morph_9","ZK","Playcontinue","Bite","Bite.1","Sonso",-0.653926467406664,0.0044404973357016,0.0168738898756661
"3564","101946","Action_15","Morph_37","ZK","Play","Grabhold","GrabHold.3","Sonso",2.02287119019144,0.00532859680284192,0.0204262877442274
"3565","101674","Action_60","Morph_127","ZK","Play","Swing","Swing.1","Sonso",0.246860077931526,0.0428507992895204,0.0475133214920071
"3566","101917","Action_60","Morph_127","ZK","Playcontinue","Swing","Swing.1","Sonso",0.494696241836107,0.0428507992895204,0.0475133214920071
"3567","102127","Action_55","Morph_117","ZK","Play","Stompingobject","StompObject.3","Sonso",0.0769610411361284,0.00688277087033748,0.0230905861456483
"3568","100545","Action_33","Morph_62","ZK","Play","Objectmove","ObjectMove.2","Sonso",1.62531126159039,0.00643872113676732,0.0406305506216696
"3569","100545","Action_55","Morph_116","ZK","Play","Stompingobject","StompObject.2","Sonso",0.451075619360217,0.0148756660746004,0.0230905861456483
"3570","102127","Action_16","Morph_38","ZK","Play","Headstand","HeadStand.1","Sonso",1.86872051036418,0.0066607460035524,0.0066607460035524
"3571","102338","Action_8","Morph_19","ZK","Play","Dangle","Dangle.1","Sonso",1.12492959698548,0.0484014209591474,0.0484014209591474
"3572","102338","Action_14","Morph_30","ZK","Play","Grab","Grab.2","Sonso",0.824175442966349,0.00799289520426288,0.0353019538188277
"3573","102318","Action_53","Morph_113","ZK","Stopbehaviour","Spinsomersault","SpinSomersault.1","Sonso",0.148420005118273,0.00799289520426288,0.00799289520426288
"3574","102338","Action_53","Morph_113","ZK","Play","Spinsomersault","SpinSomersault.1","Sonso",0.444685821261446,0.00799289520426288,0.00799289520426288
"3575","101802","Action_20","Morph_45","ZK","Playcontinue","Hitother","HitOther.1","Sonso",-0.653926467406664,0.0202042628774423,0.0404085257548845
"3576","101445","Action_17","Morph_39","ZK","Play","Hitobject","HitObject.1","Sonso",-1.13943428318836,0.0430728241563055,0.0559502664298401
"3577","102377","Action_14","Morph_32","ZK","Playcontinue","Grab","Grab.4","Sonso",0.444685821261446,0.00754884547069272,0.0353019538188277
"3578","101800","Action_57","Morph_115","ZK","Play","Stompobject","StompObject.1","Sonso",-0.579818495252942,0.0337477797513321,0.0424067495559503
"3579","102376","Action_17","Morph_39","ZK","Playcontinue","Hitobject","HitObject.1","Sonso",-0.916290731874155,0.0430728241563055,0.0559502664298401
"3580","101800","Action_34","Morph_66","ZK","Play","Objectshake","ObjectShake.2","Sonso",1.46325540225602,0.0237566607460036,0.108792184724689
"3581","102377","Action_20","Morph_46","ZK","Playcontinue","Hitother","HitOther.2","Sonso",-0.510825623765991,0.00932504440497336,0.0404085257548845
"3582","100285b","Action_23","Morph_48","ZK","Moveaway","Hittingother","HitOther.4","Sonso",0.56531380905006,0.00732682060390764,0.0157637655417407
"3583","101579a","Action_20","Morph_46","ZK","Sexualattention","Hitother","HitOther.2","Sonso",-0.27443684570176,0.00932504440497336,0.0404085257548845
"3584","101362","Action_15","Morph_35","ZK","Play","Grabhold","GrabHold.1","Sonso",1.07158361628019,0.00932504440497336,0.0204262877442274
"3585","101508","Action_23","Morph_48","ZK","Play","Hittingother","HitOther.4","Sonso",1.85002837735203,0.00732682060390764,0.0157637655417407
"3586","101356","Action_23","Morph_48","ZK","Play","Hittingother","HitOther.4","Sonso",0.182321556793955,0.00732682060390764,0.0157637655417407
"3587","101508","Action_23","Morph_48","ZK","Play","Hittingother","HitOther.4","Sonso",1.07124109187198,0.00732682060390764,0.0157637655417407
"3588","101508","Action_3","Morph_9","ZK","Play","Bite","Bite.1","Sonso",1.80500469597808,0.0044404973357016,0.0168738898756661
"3589","101508","Action_56","Morph_123","ZK","Play","Stompingother","StompOther.2","Sonso",0.806475865866949,0.00244227353463588,0.00266429840142096
"3590","101509","Action_58","Morph_122","ZK","Play","Stompother","StompOther.1","Sonso",-1.02165124753198,0.00244227353463588,0.00377442273534636
"3591","101509","Action_14","Morph_32","ZK","Play","Grab","Grab.4","Sonso",0.587786664902119,0.00754884547069272,0.0353019538188277
"3592","101508","Action_23","Morph_48","ZK","Play","Hittingother","HitOther.4","Sonso",-0.27443684570176,0.00732682060390764,0.0157637655417407
"3593","101509","Action_20","Morph_46","ZK","Play","Hitother","HitOther.2","Sonso",-0.385662480811985,0.00932504440497336,0.0404085257548845
"3594","100268","Action_8","Morph_19","ZK","Play","Dangle","Dangle.1","Sonso",1.18784342239605,0.0484014209591474,0.0484014209591474
"3595","101509","Action_20","Morph_46","ZK","Play","Hitother","HitOther.2","Sonso",-0.0408219945202552,0.00932504440497336,0.0404085257548845
"3596","101356","Action_23","Morph_48","ZK","Play","Hittingother","HitOther.4","Sonso",1.1999647829284,0.00732682060390764,0.0157637655417407
"3597","101509","Action_3","Morph_9","ZK","Play","Bite","Bite.1","Sonso",-0.27443684570176,0.0044404973357016,0.0168738898756661
"3598","101509","Action_56","Morph_123","ZK","Play","Stompingother","StompOther.2","Sonso",-0.7339691750802,0.00244227353463588,0.00266429840142096
"3599","101125","Action_53","Morph_113","ZK","Stopbehaviour","Spinsomersault","SpinSomersault.1","Sonso",0.518793793415168,0.00799289520426288,0.00799289520426288
"3600","101509","Action_20","Morph_46","ZK","Play","Hitother","HitOther.2","Sonso",-0.174353387144778,0.00932504440497336,0.0404085257548845
"3601","101509","Action_14","Morph_32","ZK","Play","Grab","Grab.4","Sonso",1.73695123273306,0.00754884547069272,0.0353019538188277
"3602","100797a","Action_33","Morph_62","ZK","Sexualattention","Objectmove","ObjectMove.2","Sonso",0.609765571620894,0.00643872113676732,0.0406305506216696
"3603","100797a","Action_34","Morph_66","ZK","Sexualattention","Objectshake","ObjectShake.2","Sonso",0.392042087776024,0.0237566607460036,0.108792184724689
"3604","100797a","Action_34","Morph_66","ZK","Sexualattention","Objectshake","ObjectShake.2","Sonso",1.49962304642689,0.0237566607460036,0.108792184724689
"3605","101719a","Action_33","Morph_61","ZK","Sexualattention","Objectmove","ObjectMove.1","Sonso",0.693147180559945,0.0317495559502664,0.0406305506216696
"3606","102259","Action_38","Morph_79","ZK","Staysame","Present","Present.5","Sonso",1.97408102602201,0.00688277087033748,0.0492895204262877
"3607","101718b","Action_39","Morph_83","ZK","Sociosexualattention","Presentgenitalsbackwards","PresentGenitals.2","Sonso",0.732367893713227,0.00577264653641208,0.033303730017762
"3608","100430","Action_60","Morph_127","ZK","Playcontinue","Swing","Swing.1","Sonso",0.392042087776024,0.0428507992895204,0.0475133214920071
"3609","100429b","Action_29","Morph_58","ZK","Play","Locomotegallop","LocomoteGallop.1","Sonso",0.770108221696074,0.00821492007104796,0.00821492007104796
"3610","100431","Action_50","Morph_108","ZK","Play","Shake","Shake.2","Sonso",0.444685821261446,0.00466252220248668,0.0122113676731794
"3611","100431","Action_9","Morph_20","ZK","Play","Dangleshake","DangleShake.1","Sonso",1.05779029414785,0.00710479573712256,0.00710479573712256
"3612","100430","Action_8","Morph_19","ZK","Playcontinue","Dangle","Dangle.1","Sonso",2.17928687664955,0.0484014209591474,0.0484014209591474
"3613","102490","Action_57","Morph_118","ZK","Play","Stompobject","StompObject.4","Sonso",-1.02165124753198,0.005550621669627,0.0424067495559503
"3614","100448","Action_3","Morph_14","ZK","Play","Bite","Bite.6","Sonso",0.542324290825362,0.00266429840142096,0.0168738898756661
"3615","102490","Action_17","Morph_39","ZK","Play","Hitobject","HitObject.1","Sonso",-0.579818495252942,0.0430728241563055,0.0559502664298401
"3616","102490","Action_17","Morph_39","ZK","Play","Hitobject","HitObject.1","Sonso",-0.82098055206983,0.0430728241563055,0.0559502664298401
"3617","102490","Action_34","Morph_66","ZK","Play","Objectshake","ObjectShake.2","Sonso",-0.0408219945202552,0.0237566607460036,0.108792184724689
"3618","101803","Action_52","Morph_112","ZK","Playcontinue","Spinroulade","SpinRoulade.1","Sonso",0.215111379616945,0.00488454706927176,0.00488454706927176
"3619","102490","Action_33","Morph_61","ZK","Play","Objectmove","ObjectMove.1","Sonso",-0.44628710262842,0.0317495559502664,0.0406305506216696
"3620","100045","Action_53","Morph_113","ZK","Stopbehaviour","Spinsomersault","SpinSomersault.1","Sonso",0.246860077931526,0.00799289520426288,0.00799289520426288
"3621","100448","Action_3","Morph_16","ZK","Play","Bite","Bite.8","Sonso",0.970778917158225,0.00288632326820604,0.0168738898756661
"3622","100448","Action_14","Morph_29","ZK","Play","Grab","Grab.1","Sonso",0.78845736036427,0.00821492007104796,0.0353019538188277
"3623","100384","Action_29","Morph_58","ZK","Moveaway","Locomotegallop","LocomoteGallop.1","Sonso",0.693147180559945,0.00821492007104796,0.00821492007104796
"3624","100384","Action_10","Morph_21","ZK","Moveaway","Drum","Drum.1","Sonso",-0.22314355131421,0.0033303730017762,0.0033303730017762
"3625","101951a","Action_60","Morph_127","ZK","Play","Swing","Swing.1","Sonso",-0.083381608939051,0.0428507992895204,0.0475133214920071
"3626","101117","Action_17","Morph_40","ZK","Play","Hitobject","HitObject.2","Sonso",-0.22314355131421,0.0119893428063943,0.0559502664298401
"3627","101951a","Action_8","Morph_19","ZK","Play","Dangle","Dangle.1","Sonso",1.49962304642689,0.0484014209591474,0.0484014209591474
"3628","100059","Action_52","Morph_112","ZK","Stopbehaviour","Spinroulade","SpinRoulade.1","Sonso",1.33500106673234,0.00488454706927176,0.00488454706927176
"3629","100975","Action_45","Morph_101","ZK","Play","Reach","Reach.2","Sonso",1.25846098961001,0.0370781527531083,0.0801509769094138
"3630","102260","Action_8","Morph_19","ZK","Play","Dangle","Dangle.1","Sonso",1.30291275218084,0.0484014209591474,0.0484014209591474
"3631","102260","Action_55","Morph_116","ZK","Play","Stompingobject","StompObject.2","Sonso",0.693147180559945,0.0148756660746004,0.0230905861456483
"3632","102260","Action_17","Morph_40","ZK","Play","Hitobject","HitObject.2","Sonso",-0.916290731874155,0.0119893428063943,0.0559502664298401
"3633","102260","Action_33","Morph_61","ZK","Play","Objectmove","ObjectMove.1","Sonso",-0.0408219945202552,0.0317495559502664,0.0406305506216696
"3634","102260","Action_29","Morph_58","ZK","Play","Locomotegallop","LocomoteGallop.1","Sonso",1.01523067972906,0.00821492007104796,0.00821492007104796
"3635","100532","Action_20","Morph_45","ZK","Play","Hitother","HitOther.1","Sonso",0,0.0202042628774423,0.0404085257548845
"3636","102266a","Action_8","Morph_19","ZK","Play","Dangle","Dangle.1","Sonso",0.970778917158225,0.0484014209591474,0.0484014209591474
"3637","102404","Action_55","Morph_119","ZK","Playcontinue","Stompingobject","StompObject.5","Sonso",-0.653926467406664,0.00155417406749556,0.0230905861456483
"3638","100532","Action_14","Morph_32","ZK","Play","Grab","Grab.4","Sonso",-0.916290731874155,0.00754884547069272,0.0353019538188277
"3639","102267","Action_60","Morph_127","ZK","Playcontinue","Swing","Swing.1","Sonso",0.970778917158225,0.0428507992895204,0.0475133214920071
"3640","102267","Action_8","Morph_19","ZK","Playcontinue","Dangle","Dangle.1","Sonso",1.43508452528932,0.0484014209591474,0.0484014209591474
"3641","101126","Action_14","Morph_30","ZK","Play","Grab","Grab.2","Sonso",-0.328504066972036,0.00799289520426288,0.0353019538188277
"3642","100071","Action_33","Morph_61","ZK","Moveaway","Objectmove","ObjectMove.1","Sonso",0.215111379616945,0.0317495559502664,0.0406305506216696
"3643","101689","Action_23","Morph_47","ZK","Play","Hittingother","HitOther.3","Sonso",1.7227665977411,0.00843694493783304,0.0157637655417407
"3644","101478","Action_53","Morph_113","ZK","Stopbehaviour","Spinsomersault","SpinSomersault.1","Sonso",0.924258901523332,0.00799289520426288,0.00799289520426288
"3645","100849","Action_60","Morph_127","ZK","Play","Swing","Swing.1","Sonso",-0.22314355131421,0.0428507992895204,0.0475133214920071
"3646","100403","Action_10","Morph_21","ZK","Play","Drum","Drum.1","Sonso",0,0.0033303730017762,0.0033303730017762
"3647","101049","Action_20","Morph_49","ZK","Play","Hitother","HitOther.5","Sonso",-0.27443684570176,0.00599467140319716,0.0404085257548845
"3648","101483","Action_52","Morph_112","ZK","Stopbehaviour","Spinroulade","SpinRoulade.1","Sonso",0.148420005118273,0.00488454706927176,0.00488454706927176
"3649","100402a","Action_60","Morph_127","ZK","Play","Swing","Swing.1","Sonso",0.307484699747961,0.0428507992895204,0.0475133214920071
"3650","101272b","Action_33","Morph_62","ZK","Playcontinue","Objectmove","ObjectMove.2","Sonso",-0.510825623765991,0.00643872113676732,0.0406305506216696
"3651","100403","Action_29","Morph_58","ZK","Play","Locomotegallop","LocomoteGallop.1","Sonso",0.770108221696074,0.00821492007104796,0.00821492007104796
"3652","100401b","Action_14","Morph_32","ZK","Play","Grab","Grab.4","Sonso",0.392042087776024,0.00754884547069272,0.0353019538188277
"3653","101968a","Action_43","Morph_96","ZK","Play","Raise","Raise.1","Sonso",-0.7339691750802,0.00865896980461812,0.0113232682060391
"3654","100402a","Action_55","Morph_117","ZK","Play","Stompingobject","StompObject.3","Sonso",0.631271776841858,0.00688277087033748,0.0230905861456483
"3655","100420a","Action_63","Morph_132","ZK","Play","Touch","Touch.1","Sonso",-0.328504066972036,0.0104351687388988,0.0341918294849023
"3656","102129","Action_20","Morph_45","ZK","Playcontinue","Hitother","HitOther.1","Sonso",-0.82098055206983,0.0202042628774423,0.0404085257548845
"3657","101481","Action_17","Morph_39","ZK","Play","Hitobject","HitObject.1","Sonso",-0.510825623765991,0.0430728241563055,0.0559502664298401
"3658","101048","Action_20","Morph_45","ZK","Play","Hitother","HitOther.1","Sonso",-0.510825623765991,0.0202042628774423,0.0404085257548845
"3659","101477","Action_60","Morph_127","ZK","Play","Swing","Swing.1","Sonso",0.392042087776024,0.0428507992895204,0.0475133214920071
"3660","102130","Action_8","Morph_19","ZK","Playcontinue","Dangle","Dangle.1","Sonso",0.940007258491471,0.0484014209591474,0.0484014209591474
"3661","100404","Action_8","Morph_19","ZK","Playcontinue","Dangle","Dangle.1","Sonso",1.41585316336144,0.0484014209591474,0.0484014209591474
"3662","101477","Action_17","Morph_39","ZK","Play","Hitobject","HitObject.1","Sonso",-1.6094379124341,0.0430728241563055,0.0559502664298401
"3663","101477","Action_8","Morph_19","ZK","Play","Dangle","Dangle.1","Sonso",2.76000994003292,0.0484014209591474,0.0484014209591474
"3664","101076","Action_41","Morph_84","ZK","Play","Pull","Pull.1","Sonso",0.56531380905006,0.00821492007104796,0.0253108348134991
"3665","101675","Action_20","Morph_45","ZK","Play","Hitother","HitOther.1","Sonso",-0.22314355131421,0.0202042628774423,0.0404085257548845
"3666","101482a","Action_50","Morph_107","ZK","Play","Shake","Shake.1","Sonso",0.732367893713227,0.00355239786856128,0.0122113676731794
"3667","101481","Action_29","Morph_58","ZK","Play","Locomotegallop","LocomoteGallop.1","Sonso",0.542324290825362,0.00821492007104796,0.00821492007104796
"3668","101481","Action_17","Morph_41","ZK","Play","Hitobject","HitObject.3","Sonso",-0.510825623765991,0.00510657193605684,0.0559502664298401
"3669","100400b","Action_41","Morph_85","ZK","Playcontinue","Pull","Pull.2","Sonso",0.78845736036427,0.00643872113676732,0.0253108348134991
"3670","100420a","Action_14","Morph_29","ZK","Play","Grab","Grab.1","Sonso",0.392042087776024,0.00821492007104796,0.0353019538188277
"3671","102130","Action_60","Morph_127","ZK","Playcontinue","Swing","Swing.1","Sonso",-0.0408219945202552,0.0428507992895204,0.0475133214920071
"3672","102128a","Action_55","Morph_116","ZK","Play","Stompingobject","StompObject.2","Sonso",0.246860077931526,0.0148756660746004,0.0230905861456483
"3673","100791","Action_60","Morph_127","ZK","Play","Swing","Swing.1","Sonso",0.246860077931526,0.0428507992895204,0.0475133214920071
"3674","101968a","Action_17","Morph_40","ZK","Play","Hitobject","HitObject.2","Sonso",-0.127833371509885,0.0119893428063943,0.0559502664298401
"3675","100420a","Action_63","Morph_132","ZK","Play","Touch","Touch.1","Sonso",0.113328685307003,0.0104351687388988,0.0341918294849023
"3676","102128a","Action_55","Morph_116","ZK","Play","Stompingobject","StompObject.2","Sonso",0.470003629245736,0.0148756660746004,0.0230905861456483
"3677","102129","Action_8","Morph_19","ZK","Playcontinue","Dangle","Dangle.1","Sonso",0.27763173659828,0.0484014209591474,0.0484014209591474
"3678","101481","Action_17","Morph_39","ZK","Play","Hitobject","HitObject.1","Sonso",-1.13943428318836,0.0430728241563055,0.0559502664298401
"3679","101075","Action_17","Morph_39","ZK","Play","Hitobject","HitObject.1","Sonso",-0.44628710262842,0.0430728241563055,0.0559502664298401
"3680","100762","Action_29","Morph_58","ZK","Play","Locomotegallop","LocomoteGallop.1","Sonso",0.955511445027436,0.00821492007104796,0.00821492007104796
"3681","100542","Action_9","Morph_20","ZK","Playcontinue","Dangleshake","DangleShake.1","Sonso",0.712949807856125,0.00710479573712256,0.00710479573712256
"3682","100549p2","Action_8","Morph_19","ZK","Play","Dangle","Dangle.1","Sonso",0.824175442966349,0.0484014209591474,0.0484014209591474
"3683","100548","Action_8","Morph_19","ZK","Play","Dangle","Dangle.1","Sonso",1.08518926833597,0.0484014209591474,0.0484014209591474
"3684","101046","Action_8","Morph_19","ZK","Play","Dangle","Dangle.1","Sonso",0.806475865866949,0.0484014209591474,0.0484014209591474
"3685","101653","Action_60","Morph_127","ZK","Playcontinue","Swing","Swing.1","Sonso",1.01523067972906,0.0428507992895204,0.0475133214920071
"3686","101047","Action_42","Morph_91","ZK","Play","Push","Push.4","Sonso",-0.7339691750802,0.00932504440497336,0.0466252220248668
"3687","101074","Action_16","Morph_38","ZK","Play","Headstand","HeadStand.1","Sonso",0.858661619037519,0.0066607460035524,0.0066607460035524
"3688","100548","Action_63","Morph_133","ZK","Play","Touch","Touch.2","Sonso",-0.579818495252942,0.00754884547069272,0.0341918294849023
"3689","101047","Action_43","Morph_98","ZK","Play","Raise","Raise.3","Sonso",0.148420005118273,0.00177619893428064,0.0113232682060391
"3690","101653","Action_60","Morph_127","ZK","Playcontinue","Swing","Swing.1","Sonso",0.182321556793955,0.0428507992895204,0.0475133214920071
"3691","101974","Action_2","Morph_5","ZK","Groom","Bigloudscratch","BigLoudScratch.3","Sonso",1.1999647829284,0.0119893428063943,0.0577264653641208
"3692","101038","Action_9","Morph_20","ZK","Play","Dangleshake","DangleShake.1","Sonso",0.908258560176891,0.00710479573712256,0.00710479573712256
"3693","100762","Action_52","Morph_112","ZK","Play","Spinroulade","SpinRoulade.1","Sonso",0.364643113587909,0.00488454706927176,0.00488454706927176
"3694","101974","Action_38","Morph_79","ZK","Groom","Present","Present.5","Sonso",1.69377906086785,0.00688277087033748,0.0492895204262877
"3695","101488","Action_17","Morph_39","ZK","Play","Hitobject","HitObject.1","Sonso",-0.653926467406664,0.0430728241563055,0.0559502664298401
"3696","100048","Action_33","Morph_63","ZK","Play","Objectmove","ObjectMove.3","Sonso",0.609765571620894,0.0011101243339254,0.0406305506216696
"3697","101654","Action_20","Morph_46","ZK","Play","Hitother","HitOther.2","Sonso",-0.27443684570176,0.00932504440497336,0.0404085257548845
"3698","101654","Action_20","Morph_46","ZK","Play","Hitother","HitOther.2","Sonso",-0.82098055206983,0.00932504440497336,0.0404085257548845
"3699","101486","Action_60","Morph_127","ZK","Play","Swing","Swing.1","Sonso",1.51732262352629,0.0428507992895204,0.0475133214920071
"3700","102132a","Action_29","Morph_58","ZK","Play","Locomotegallop","LocomoteGallop.1","Sonso",1.28093384546206,0.00821492007104796,0.00821492007104796
"3701","101486","Action_60","Morph_127","ZK","Play","Swing","Swing.1","Sonso",0.56531380905006,0.0428507992895204,0.0475133214920071
"3702","101488","Action_17","Morph_39","ZK","Play","Hitobject","HitObject.1","Sonso",-0.27443684570176,0.0430728241563055,0.0559502664298401
"3703","101479","Action_60","Morph_127","ZK","Playcontinue","Swing","Swing.1","Sonso",-0.174353387144778,0.0428507992895204,0.0475133214920071
"3704","100549p2","Action_17","Morph_39","ZK","Play","Hitobject","HitObject.1","Sonso",-0.653926467406664,0.0430728241563055,0.0559502664298401
"3705","101958","Action_33","Morph_61","ZK","Play","Objectmove","ObjectMove.1","Sonso",-1.27296567581289,0.0317495559502664,0.0406305506216696
"3706","101507a","Action_55","Morph_116","ZK","Playcontinue","Stompingobject","StompObject.2","Sonso",0.336472236621213,0.0148756660746004,0.0230905861456483
"3707","101653","Action_60","Morph_127","ZK","Playcontinue","Swing","Swing.1","Sonso",0.609765571620894,0.0428507992895204,0.0475133214920071
"3708","100549p1","Action_24","Morph_51","ZK","Play","Jump","Jump.1","Sonso",0.27763173659828,0.00732682060390764,0.00732682060390764
"3709","100373","Action_60","Morph_127","ZK","Play","Swing","Swing.1","Sonso",0.27763173659828,0.0428507992895204,0.0475133214920071
"3710","100762","Action_53","Morph_113","ZK","Play","Spinsomersault","SpinSomersault.1","Sonso",0.56531380905006,0.00799289520426288,0.00799289520426288
"3711","100549p1","Action_34","Morph_68","ZK","Play","Objectshake","ObjectShake.4","Sonso",0.494696241836107,0.00288632326820604,0.108792184724689
"3712","101488","Action_23","Morph_48","ZK","Play","Hittingother","HitOther.4","Sonso",0.0769610411361284,0.00732682060390764,0.0157637655417407
"3713","100048","Action_33","Morph_61","ZK","Play","Objectmove","ObjectMove.1","Sonso",0.0769610411361284,0.0317495559502664,0.0406305506216696
"3714","101044","Action_17","Morph_40","ZK","Play","Hitobject","HitObject.2","Sonso",-0.653926467406664,0.0119893428063943,0.0559502664298401
"3715","101677","Action_17","Morph_40","ZK","Play","Hitobject","HitObject.2","Sonso",-0.916290731874155,0.0119893428063943,0.0559502664298401
"3716","101677","Action_57","Morph_118","ZK","Play","Stompobject","StompObject.4","Sonso",-0.916290731874155,0.005550621669627,0.0424067495559503
"3717","101047","Action_43","Morph_98","ZK","Play","Raise","Raise.3","Sonso",-0.27443684570176,0.00177619893428064,0.0113232682060391
"3718","101958","Action_29","Morph_58","ZK","Play","Locomotegallop","LocomoteGallop.1","Sonso",1.09861228866811,0.00821492007104796,0.00821492007104796
"3719","100049","Action_53","Morph_113","ZK","Stopbehaviour","Spinsomersault","SpinSomersault.1","Sonso",0.470003629245736,0.00799289520426288,0.00799289520426288
"3720","101486","Action_8","Morph_19","ZK","Play","Dangle","Dangle.1","Sonso",1.98513086220859,0.0484014209591474,0.0484014209591474
"3721","101783","Action_33","Morph_61","ZK","Play","Objectmove","ObjectMove.1","Sonso",1.11185751541813,0.0317495559502664,0.0406305506216696
"3722","102111","Action_2","Morph_4","ZK","Groom","Bigloudscratch","BigLoudScratch.2","Sonso",1.38629436111989,0.019316163410302,0.0577264653641208
"3723","100398b","Action_9","Morph_20","ZK","Play","Dangleshake","DangleShake.1","Sonso",2.28645571106416,0.00710479573712256,0.00710479573712256
"3724","102111","Action_2","Morph_4","ZK","Groom","Bigloudscratch","BigLoudScratch.2","Sonso",1.00063188030791,0.019316163410302,0.0577264653641208
"3725","102116","Action_63","Morph_138","ZK","Affiliation","Touch","Touch.7","Sonso",0.215111379616945,0.0044404973357016,0.0341918294849023
"3726","100419","Action_55","Morph_116","ZK","Play","Stompingobject","StompObject.2","Sonso",0.494696241836107,0.0148756660746004,0.0230905861456483
"3727","100419","Action_34","Morph_67","ZK","Play","Objectshake","ObjectShake.3","Sonso",0.336472236621213,0.0022202486678508,0.108792184724689
"3728","100398b","Action_57","Morph_115","ZK","Play","Stompobject","StompObject.1","Sonso",-0.653926467406664,0.0337477797513321,0.0424067495559503
"3729","102111","Action_38","Morph_79","ZK","Groom","Present","Present.5","Sonso",3.40252982689593,0.00688277087033748,0.0492895204262877
"3730","100398b","Action_8","Morph_19","ZK","Play","Dangle","Dangle.1","Sonso",0.542324290825362,0.0484014209591474,0.0484014209591474
"3731","100398b","Action_50","Morph_108","ZK","Play","Shake","Shake.2","Sonso",0.693147180559945,0.00466252220248668,0.0122113676731794
"3732","102111","Action_2","Morph_6","ZK","Groom","Bigloudscratch","BigLoudScratch.4","Sonso",1.38629436111989,0.00421847246891652,0.0577264653641208
"3733","102326","Action_14","Morph_32","ZK","Playcontinue","Grab","Grab.4","Sonso",0.215111379616945,0.00754884547069272,0.0353019538188277
"3734","102111","Action_2","Morph_4","ZK","Groom","Bigloudscratch","BigLoudScratch.2","Sonso",1.35583515363518,0.019316163410302,0.0577264653641208
"3735","102116","Action_45","Morph_100","ZK","Affiliation","Reach","Reach.1","Sonso",1.01523067972906,0.0408525754884547,0.0801509769094138
"3736","100419","Action_57","Morph_115","ZK","Play","Stompobject","StompObject.1","Sonso",-0.083381608939051,0.0337477797513321,0.0424067495559503
"3737","100398b","Action_17","Morph_39","ZK","Play","Hitobject","HitObject.1","Sonso",-0.82098055206983,0.0430728241563055,0.0559502664298401
"3738","100419","Action_34","Morph_67","ZK","Play","Objectshake","ObjectShake.3","Sonso",0.542324290825362,0.0022202486678508,0.108792184724689
"3739","101913","Action_2","Morph_4","ZK","Directattention","Bigloudscratch","BigLoudScratch.2","Sonso",0.631271776841858,0.019316163410302,0.0577264653641208
"3740","102176","Action_2","Morph_3","ZK","Directattention","Bigloudscratch","BigLoudScratch.1","Sonso",1.09861228866811,0.0215364120781528,0.0577264653641208
"3741","101912","Action_38","Morph_77","ZK","Groom","Present","Present.3","Sonso",1.08518926833597,0.00466252220248668,0.0492895204262877
"3742","102182","Action_41","Morph_84","ZK","Groom","Pull","Pull.1","Sonso",0.0769610411361284,0.00821492007104796,0.0253108348134991
"3743","102181","Action_41","Morph_84","ZK","Groom","Pull","Pull.1","Sonso",0.672944473242426,0.00821492007104796,0.0253108348134991
"3744","102181","Action_41","Morph_84","ZK","Groom","Pull","Pull.1","Sonso",0.307484699747961,0.00821492007104796,0.0253108348134991
"3745","101065","Action_63","Morph_133","ZK","Climbonyou","Touch","Touch.2","Sonso",0.246860077931526,0.00754884547069272,0.0341918294849023
"3746","102182","Action_41","Morph_84","ZK","Groom","Pull","Pull.1","Sonso",0.0769610411361284,0.00821492007104796,0.0253108348134991
"3747","102182","Action_41","Morph_84","ZK","Groom","Pull","Pull.1","Sonso",0.0769610411361284,0.00821492007104796,0.0253108348134991
"3748","101785","Action_53","Morph_113","ZK","Play","Spinsomersault","SpinSomersault.1","Sonso",1.38629436111989,0.00799289520426288,0.00799289520426288
"3749","102177","Action_2","Morph_3","ZK","Directattention","Bigloudscratch","BigLoudScratch.1","Sonso",1.21194097397511,0.0215364120781528,0.0577264653641208
"3750","102181","Action_41","Morph_84","ZK","Groom","Pull","Pull.1","Sonso",0.444685821261446,0.00821492007104796,0.0253108348134991
"3751","101656","Action_63","Morph_140","ZK","Givemenurse","Touch","Touch.9","Sonso",0.65232518603969,0.00399644760213144,0.0341918294849023
"3752","101979","Action_41","Morph_84","ZK","Groom","Pull","Pull.1","Sonso",0.672944473242426,0.00821492007104796,0.0253108348134991
"3753","101912","Action_2","Morph_3","ZK","Groom","Bigloudscratch","BigLoudScratch.1","Sonso",1.09861228866811,0.0215364120781528,0.0577264653641208
"3754","102089","Action_2","Morph_5","ZK","Groom","Bigloudscratch","BigLoudScratch.3","Sonso",0.392042087776024,0.0119893428063943,0.0577264653641208
"3755","102181","Action_41","Morph_84","ZK","Groom","Pull","Pull.1","Sonso",0.0769610411361284,0.00821492007104796,0.0253108348134991
"3756","102177","Action_38","Morph_80","ZK","Directattention","Present","Present.6","Sonso",1.77833644889591,0.00155417406749556,0.0492895204262877
"3757","102182","Action_2","Morph_5","ZK","Groom","Bigloudscratch","BigLoudScratch.3","Sonso",1.35583515363518,0.0119893428063943,0.0577264653641208
"3758","101655","Action_63","Morph_140","ZK","Givemenurse","Touch","Touch.9","Sonso",0.364643113587909,0.00399644760213144,0.0341918294849023
"3759","102177","Action_2","Morph_3","ZK","Directattention","Bigloudscratch","BigLoudScratch.1","Sonso",0.470003629245736,0.0215364120781528,0.0577264653641208
"3760","102182","Action_41","Morph_84","ZK","Groom","Pull","Pull.1","Sonso",0.215111379616945,0.00821492007104796,0.0253108348134991
"3761","101921","Action_42","Morph_90","ZK","Position","Push","Push.3","Sonso",0.336472236621213,0.00510657193605684,0.0466252220248668
"3762","102182","Action_41","Morph_84","ZK","Groom","Pull","Pull.1","Sonso",0.470003629245736,0.00821492007104796,0.0253108348134991
"3763","101979","Action_38","Morph_76","ZK","Groom","Present","Present.2","Sonso",1.00063188030791,0.0135435168738899,0.0492895204262877
"3764","101921","Action_42","Morph_89","ZK","Position","Push","Push.2","Sonso",-1.27296567581289,0.00355239786856128,0.0466252220248668
"3765","102088b","Action_2","Morph_4","ZK","Groom","Bigloudscratch","BigLoudScratch.2","Sonso",0.336472236621213,0.019316163410302,0.0577264653641208
"3766","101976","Action_38","Morph_75","ZK","Directattention","Present","Present.1","Sonso",1.30291275218084,0.0170959147424512,0.0492895204262877
"3767","101975","Action_2","Morph_6","ZK","Groom","Bigloudscratch","BigLoudScratch.4","Sonso",1.02961941718116,0.00421847246891652,0.0577264653641208
"3768","102181","Action_41","Morph_84","ZK","Groom","Pull","Pull.1","Sonso",0,0.00821492007104796,0.0253108348134991
"3769","102090","Action_38","Morph_76","ZK","Directattention","Present","Present.2","Sonso",2.56802155649851,0.0135435168738899,0.0492895204262877
"3770","102182","Action_41","Morph_84","ZK","Groom","Pull","Pull.1","Sonso",0.672944473242426,0.00821492007104796,0.0253108348134991
"3771","102270","Action_63","Morph_133","ZK","Affiliation","Touch","Touch.2","Sonso",-0.27443684570176,0.00754884547069272,0.0341918294849023
"3772","102181","Action_41","Morph_84","ZK","Groom","Pull","Pull.1","Sonso",0.215111379616945,0.00821492007104796,0.0253108348134991
"3773","102182","Action_41","Morph_84","ZK","Groom","Pull","Pull.1","Sonso",-0.328504066972036,0.00821492007104796,0.0253108348134991
"3774","102182","Action_2","Morph_5","ZK","Groom","Bigloudscratch","BigLoudScratch.3","Sonso",0.182321556793955,0.0119893428063943,0.0577264653641208
"3775","102182","Action_41","Morph_84","ZK","Groom","Pull","Pull.1","Sonso",0.392042087776024,0.00821492007104796,0.0253108348134991
"3776","102182","Action_41","Morph_84","ZK","Groom","Pull","Pull.1","Sonso",-0.328504066972036,0.00821492007104796,0.0253108348134991
"3777","102088b","Action_38","Morph_76","ZK","Groom","Present","Present.2","Sonso",0.307484699747961,0.0135435168738899,0.0492895204262877
"3778","102181","Action_41","Morph_84","ZK","Groom","Pull","Pull.1","Sonso",-0.328504066972036,0.00821492007104796,0.0253108348134991
"3779","102182","Action_41","Morph_84","ZK","Groom","Pull","Pull.1","Sonso",0.0769610411361284,0.00821492007104796,0.0253108348134991
"3780","102181","Action_2","Morph_3","ZK","Groom","Bigloudscratch","BigLoudScratch.1","Sonso",0.824175442966349,0.0215364120781528,0.0577264653641208
"3781","102177","Action_2","Morph_3","ZK","Directattention","Bigloudscratch","BigLoudScratch.1","Sonso",1.05779029414785,0.0215364120781528,0.0577264653641208
"3782","102181","Action_41","Morph_84","ZK","Groom","Pull","Pull.1","Sonso",0.148420005118273,0.00821492007104796,0.0253108348134991
"3783","102182","Action_2","Morph_3","ZK","Groom","Bigloudscratch","BigLoudScratch.1","Sonso",1.35583515363518,0.0215364120781528,0.0577264653641208
"3784","101919","Action_42","Morph_92","ZK","Position","Push","Push.5","Sonso",-0.22314355131421,0.0066607460035524,0.0466252220248668
"3785","100155","Action_39","Morph_83","ZL","Staysame","Presentgenitalsbackwards","PresentGenitals.2","Sonso",1.15057202759882,0.00577264653641208,0.033303730017762
"3786","101073","Action_33","Morph_63","ZL","Play","Objectmove","ObjectMove.3","Sonso",1.11185751541813,0.0011101243339254,0.0406305506216696
"3787","101073","Action_20","Morph_45","ZL","Play","Hitother","HitOther.1","Sonso",-0.510825623765991,0.0202042628774423,0.0404085257548845
"3788","101073","Action_57","Morph_115","ZL","Play","Stompobject","StompObject.1","Sonso",-0.44628710262842,0.0337477797513321,0.0424067495559503
"3789","101069","Action_34","Morph_65","ZL","Play","Objectshake","ObjectShake.1","Sonso",0.27763173659828,0.0746003552397869,0.108792184724689
"3790","101069","Action_34","Morph_65","ZL","Play","Objectshake","ObjectShake.1","Sonso",0.444685821261446,0.0746003552397869,0.108792184724689
"3791","101069","Action_14","Morph_29","ZL","Play","Grab","Grab.1","Sonso",-0.510825623765991,0.00821492007104796,0.0353019538188277
"3792","100253a","Action_38","Morph_77","ZL","Directattention","Present","Present.3","Sonso",0.89199803930511,0.00466252220248668,0.0492895204262877
"3793","100252","Action_2","Morph_4","ZL","Groom","Bigloudscratch","BigLoudScratch.2","Sonso",1.41585316336144,0.019316163410302,0.0577264653641208
"3794","102220b","Action_2","Morph_3","ZL","Groom","Bigloudscratch","BigLoudScratch.1","Sonso",1.28093384546206,0.0215364120781528,0.0577264653641208
"3795","101052","Action_64","Morph_134","ZL","Play","Touchlongother","Touch.3","Sonso",1.46325540225602,0.00488454706927176,0.0175399644760213
"3796","101907","Action_45","Morph_101","ZL","Staysame","Reach","Reach.2","Sonso",-0.127833371509885,0.0370781527531083,0.0801509769094138
"3797","102219","Action_42","Morph_89","ZL","Position","Push","Push.2","Sonso",0.364643113587909,0.00355239786856128,0.0466252220248668
"3798","101052","Action_64","Morph_134","ZL","Play","Touchlongother","Touch.3","Sonso",2.91235066461494,0.00488454706927176,0.0175399644760213
"3799","100100","Action_64","Morph_135","ZL","Stopbehaviour","Touchlongother","Touch.4","Sonso",0.955511445027436,0.00488454706927176,0.0175399644760213
"3800","100962","Action_64","Morph_133","ZL","Play","Touchlongother","Touch.2","Sonso",1.59330853050422,0.00754884547069272,0.0175399644760213
"3801","100962","Action_3","Morph_14","ZL","Play","Bite","Bite.6","Sonso",0.0392207131532813,0.00266429840142096,0.0168738898756661
"3802","100443","Action_41","Morph_84","ZL","Play","Pull","Pull.1","Sonso",0.970778917158225,0.00821492007104796,0.0253108348134991
"3803","100962","Action_3","Morph_11","ZL","Play","Bite","Bite.3","Sonso",0.587786664902119,0.00310834813499112,0.0168738898756661
"3804","100318","Action_40","Morph_82","ZL","Sexualattention","Presentgenitalsforwards","PresentGenitals.1","Sonso",1.93441576962958,0.0295293072824156,0.00199822380106572
"3805","101409","Action_63","Morph_136","ZL","Play","Touch","Touch.5","Sonso",0.587786664902119,0.00421847246891652,0.0341918294849023
"3806","101409","Action_64","Morph_133","ZL","Play","Touchlongother","Touch.2","Sonso",0.751416088683921,0.00754884547069272,0.0175399644760213
"3807","101409","Action_23","Morph_47","ZL","Play","Hittingother","HitOther.3","Sonso",0.65232518603969,0.00843694493783304,0.0157637655417407
"3808","101409","Action_64","Morph_133","ZL","Play","Touchlongother","Touch.2","Sonso",1.34547236659964,0.00754884547069272,0.0175399644760213
"3809","101409","Action_42","Morph_88","ZL","Play","Push","Push.1","Sonso",-0.127833371509885,0.0106571936056838,0.0466252220248668
"3810","100200","Action_34","Morph_65","ZL","Sexualattention","Objectshake","ObjectShake.1","Sonso",0.89199803930511,0.0746003552397869,0.108792184724689
"3811","100116a","Action_45","Morph_101","ZL","Affiliation","Reach","Reach.2","Sonso",1.05779029414785,0.0370781527531083,0.0801509769094138
"3812","100205","Action_45","Morph_100","ZL","Sexualattention","Reach","Reach.1","Sonso",0.444685821261446,0.0408525754884547,0.0801509769094138
"3813","101411","Action_3","Morph_14","ZL","Play","Bite","Bite.6","Sonso",0.770108221696074,0.00266429840142096,0.0168738898756661
"3814","102343","Action_64","Morph_134","ZL","Affiliation","Touchlongother","Touch.3","Sonso",1.33500106673234,0.00488454706927176,0.0175399644760213
"3815","100019","Action_38","Morph_76","ZL","Directattention","Present","Present.2","Sonso",0.924258901523332,0.0135435168738899,0.0492895204262877
"3816","101098a","Action_45","Morph_100","ZL","Play","Reach","Reach.1","Sonso",2.02287119019144,0.0408525754884547,0.0801509769094138
"3817","102342b","Action_45","Morph_100","ZL","Play","Reach","Reach.1","Sonso",1.6094379124341,0.0408525754884547,0.0801509769094138
"3818","102113","Action_38","Morph_78","ZL","Directattention","Present","Present.4","Sonso",1.23547147138531,0.00288632326820604,0.0492895204262877
"3819","102114","Action_38","Morph_76","ZL","Directattention","Present","Present.2","Sonso",0.858661619037519,0.0135435168738899,0.0492895204262877
"3820","102109","Action_38","Morph_75","ZL","Groom","Present","Present.1","Sonso",0.824175442966349,0.0170959147424512,0.0492895204262877
"3821","102360a","Action_20","Morph_45","ZL","Playcontinue","Hitother","HitOther.1","Sonso",-1.27296567581289,0.0202042628774423,0.0404085257548845
"3822","102360a","Action_20","Morph_45","ZL","Playcontinue","Hitother","HitOther.1","Sonso",-1.27296567581289,0.0202042628774423,0.0404085257548845
"3823","101905","Action_42","Morph_92","ZL","Position","Push","Push.5","Sonso",0.113328685307003,0.0066607460035524,0.0466252220248668
"3824","102047","Action_45","Morph_100","ZL","Staysame","Reach","Reach.1","Sonso",1.24703229378638,0.0408525754884547,0.0801509769094138
"3825","100293","Action_63","Morph_135","ZL","Play","Touch","Touch.4","Sonso",0.955511445027436,0.00488454706927176,0.0341918294849023
"3826","101410","Action_37","Morph_74","ZL","Play","Poke","Poke.1","Sonso",-0.579818495252942,0.00266429840142096,0.00266429840142096
"3827","101410","Action_15","Morph_35","ZL","Play","Grabhold","GrabHold.1","Sonso",1.34547236659964,0.00932504440497336,0.0204262877442274
"3828","101410","Action_37","Morph_74","ZL","Play","Poke","Poke.1","Sonso",-0.127833371509885,0.00266429840142096,0.00266429840142096
"3829","101435","Action_63","Morph_139","ZL","Play","Touch","Touch.8","Sonso",0.246860077931526,0.00577264653641208,0.0341918294849023
"3830","101410","Action_14","Morph_29","ZL","Play","Grab","Grab.1","Sonso",0.518793793415168,0.00821492007104796,0.0353019538188277
"3831","101435","Action_63","Morph_139","ZL","Play","Touch","Touch.8","Sonso",0.609765571620894,0.00577264653641208,0.0341918294849023
"3832","101101b","Action_63","Morph_133","ZL","Play","Touch","Touch.2","Sonso",0.56531380905006,0.00754884547069272,0.0341918294849023
"3833","101102","Action_64","Morph_132","ZL","Playcontinue","Touchlongother","Touch.1","Sonso",1.08518926833597,0.0104351687388988,0.0175399644760213
"3834","102050","Action_2","Morph_5","ZL","Groom","Bigloudscratch","BigLoudScratch.3","Sonso",1.52605630349505,0.0119893428063943,0.0577264653641208
"3835","102050","Action_2","Morph_3","ZL","Groom","Bigloudscratch","BigLoudScratch.1","Sonso",0.824175442966349,0.0215364120781528,0.0577264653641208
"3836","100094","Action_38","Morph_77","ZL","Directattention","Present","Present.3","Sonso",1.12492959698548,0.00466252220248668,0.0492895204262877
"3837","100092","Action_2","Morph_5","ZL","Groom","Bigloudscratch","BigLoudScratch.3","Sonso",0.631271776841858,0.0119893428063943,0.0577264653641208
"3838","100096","Action_38","Morph_76","ZL","Directattention","Present","Present.2","Sonso",0.940007258491471,0.0135435168738899,0.0492895204262877
"3839","101063","Action_39","Morph_83","ZL","Staysame","Presentgenitalsbackwards","PresentGenitals.2","Sonso",0.985816794522765,0.00577264653641208,0.033303730017762
"3840","101436","Action_2","Morph_5","ZL","Groom","Bigloudscratch","BigLoudScratch.3","Sonso",1.35583515363518,0.0119893428063943,0.0577264653641208
"3841","102328","Action_2","Morph_5","ZL","Groom","Bigloudscratch","BigLoudScratch.3","Sonso",1.81807677754543,0.0119893428063943,0.0577264653641208
"3842","101903","Action_38","Morph_81","ZL","Followme","Present","Present.7","Sonso",0.924258901523332,0.00244227353463588,0.0492895204262877
"3843","101423","Action_17","Morph_39","ZL","Position","Hitobject","HitObject.1","Sonso",0,0.0430728241563055,0.0559502664298401
"3844","102253","Action_41","Morph_86","ZL","Position","Pull","Pull.3","Sonso",0.27763173659828,0.00510657193605684,0.0253108348134991
"3845","102254","Action_2","Morph_5","ZL","Groom","Bigloudscratch","BigLoudScratch.3","Sonso",0.518793793415168,0.0119893428063943,0.0577264653641208
"3846","101306","Action_38","Morph_75","ZL","Directattention","Present","Present.1","Sonso",0.587786664902119,0.0170959147424512,0.0492895204262877
"3847","102218","Action_25","Morph_52","ZL","Moveaway","Kickpunch","KickPunch.1","Sonso",-0.579818495252942,0.0022202486678508,0.0022202486678508
"3848","102178","Action_42","Morph_93","ZL","Position","Push","Push.6","Sonso",0.27763173659828,0.0066607460035524,0.0466252220248668
"3849","101417","Action_2","Morph_5","ZL","Directattention","Bigloudscratch","BigLoudScratch.3","Sonso",0.672944473242426,0.0119893428063943,0.0577264653641208
"3850","101305","Action_38","Morph_75","ZL","Directattention","Present","Present.1","Sonso",0.78845736036427,0.0170959147424512,0.0492895204262877
"3851","102255b","Action_2","Morph_5","ZL","Groom","Bigloudscratch","BigLoudScratch.3","Sonso",1.01523067972906,0.0119893428063943,0.0577264653641208
"3852","101437b","Action_42","Morph_90","ZL","Position","Push","Push.3","Sonso",0.246860077931526,0.00510657193605684,0.0466252220248668
"3853","101422","Action_38","Morph_75","ZL","Groom","Present","Present.1","Sonso",1.36609165380237,0.0170959147424512,0.0492895204262877
"3854","101418","Action_38","Morph_76","ZL","Directattention","Present","Present.2","Sonso",0.542324290825362,0.0135435168738899,0.0492895204262877
"3855","100417b","Action_15","Morph_36","ZL","Playcontinue","Grabhold","GrabHold.2","Sonso",1.28093384546206,0.005550621669627,0.0204262877442274
"3856","102218","Action_41","Morph_86","ZL","Moveaway","Pull","Pull.3","Sonso",0.56531380905006,0.00510657193605684,0.0253108348134991
"3857","102328","Action_2","Morph_5","ZL","Groom","Bigloudscratch","BigLoudScratch.3","Sonso",1.11185751541813,0.0119893428063943,0.0577264653641208
"3858","101308","Action_38","Morph_75","ZL","Groom","Present","Present.1","Sonso",2.27006190128849,0.0170959147424512,0.0492895204262877
"3859","102255b","Action_2","Morph_3","ZL","Groom","Bigloudscratch","BigLoudScratch.1","Sonso",2.05923883436232,0.0215364120781528,0.0577264653641208
"3860","101898","Action_38","Morph_75","ZL","Groom","Present","Present.1","Sonso",0.78845736036427,0.0170959147424512,0.0492895204262877
"3861","101419","Action_38","Morph_80","ZL","Directattention","Present","Present.6","Sonso",0.364643113587909,0.00155417406749556,0.0492895204262877
"3862","101964","Action_2","Morph_3","ZL","Groom","Bigloudscratch","BigLoudScratch.1","Sonso",2.03339760317843,0.0215364120781528,0.0577264653641208
"3863","102257","Action_2","Morph_5","ZL","Directattention","Bigloudscratch","BigLoudScratch.3","Sonso",0.841567185678219,0.0119893428063943,0.0577264653641208
"3864","101440b","Action_2","Morph_4","ZL","Groom","Bigloudscratch","BigLoudScratch.2","Sonso",1.45395300959371,0.019316163410302,0.0577264653641208
"3865","101309","Action_45","Morph_101","ZL","Staysame","Reach","Reach.2","Sonso",-0.385662480811985,0.0370781527531083,0.0801509769094138
"3866","100414","Action_20","Morph_45","ZL","Play","Hitother","HitOther.1","Sonso",-0.0408219945202552,0.0202042628774423,0.0404085257548845
"3867","100398a","Action_33","Morph_64","ZL","Play","Objectmove","ObjectMove.4","Sonso",0.940007258491471,0.00066607460035524,0.0406305506216696
"3868","100411","Action_14","Morph_31","ZL","Play","Grab","Grab.3","Sonso",0.444685821261446,0.00466252220248668,0.0353019538188277
"3869","101637","Action_45","Morph_100","ZL","Sociosexualattention","Reach","Reach.1","Sonso",0.542324290825362,0.0408525754884547,0.0801509769094138
"3870","100398a","Action_57","Morph_115","ZL","Play","Stompobject","StompObject.1","Sonso",-0.174353387144778,0.0337477797513321,0.0424067495559503
"3871","100422","Action_41","Morph_85","ZL","Play","Pull","Pull.2","Sonso",0.418710334858185,0.00643872113676732,0.0253108348134991
"3872","100422","Action_41","Morph_85","ZL","Play","Pull","Pull.2","Sonso",-0.27443684570176,0.00643872113676732,0.0253108348134991
"3873","101959","Action_60","Morph_127","ZL","Play","Swing","Swing.1","Sonso",0.0769610411361284,0.0428507992895204,0.0475133214920071
"3874","100595b","Action_39","Morph_82","ZM","Sexualattention","Presentgenitalsbackwards","PresentGenitals.1","Sonso",0.470003629245736,0.0295293072824156,0.033303730017762
"3875","100013","Action_39","Morph_82","ZM","Sexualattention","Presentgenitalsbackwards","PresentGenitals.1","Sonso",2.21484617868604,0.0295293072824156,0.033303730017762
"3876","101977","Action_38","Morph_78","ZM","Directattention","Present","Present.4","Sonso",0.27763173659828,0.00288632326820604,0.0492895204262877
"3877","101978","Action_42","Morph_92","ZM","Position","Push","Push.5","Sonso",1.02961941718116,0.0066607460035524,0.0466252220248668
"3878","101444","Action_2","Morph_3","ZM","Groom","Bigloudscratch","BigLoudScratch.1","Sonso",1.82454929205105,0.0215364120781528,0.0577264653641208
"3879","101933","Action_38","Morph_75","ZM","Directattention","Present","Present.1","Sonso",1.56003756213897,0.0170959147424512,0.0492895204262877
"3880","101920","Action_2","Morph_6","ZM","Directattention","Bigloudscratch","BigLoudScratch.4","Sonso",1.09861228866811,0.00421847246891652,0.0577264653641208
"3881","102088a","Action_38","Morph_76","ZM","Groom","Present","Present.2","Sonso",1.09861228866811,0.0135435168738899,0.0492895204262877
"3882","101062","Action_42","Morph_88","ZM","Travel","Push","Push.1","Sonso",-0.174353387144778,0.0106571936056838,0.0466252220248668
"3883","102088a","Action_2","Morph_5","ZM","Groom","Bigloudscratch","BigLoudScratch.3","Sonso",1.00063188030791,0.0119893428063943,0.0577264653641208
"3884","102107","Action_42","Morph_92","ZM","Position","Push","Push.5","Sonso",1.02961941718116,0.0066607460035524,0.0466252220248668
"3885","102087","Action_42","Morph_92","ZM","Position","Push","Push.5","Sonso",0.148420005118273,0.0066607460035524,0.0466252220248668
"3886","300631","Action_2","Morph_3","ABO","Groom","Bigloudscratch","BigLoudScratch.1","Waibira",0.747161768866184,0.0928057553956834,0.215827338129496
"3887","300631","Action_2","Morph_4","ABO","Groom","Bigloudscratch","BigLoudScratch.2","Waibira",0.924655648205783,0.0431654676258993,0.215827338129496
"3888","300550b","Action_2","Morph_3","ABO","Groom","Bigloudscratch","BigLoudScratch.1","Waibira",1.19270961204723,0.0928057553956834,0.215827338129496
"3889","300546b","Action_38","Morph_78","ABO","Groom","Present","Present.4","Waibira",0.699626146657654,0.0287769784172662,0.142446043165468
"3890","300549b","Action_2","Morph_6","ABO","Groom","Bigloudscratch","BigLoudScratch.4","Waibira",1.27898750813138,0.0201438848920863,0.215827338129496
"3891","300554b","Action_39","Morph_82","ABO","Sociosexualattention","Presentgenitalsbackwards","PresentGenitals.1","Waibira",0.059211859631846,0.0474820143884892,0.0402877697841727
"3892","300549b","Action_38","Morph_78","ABO","Groom","Present","Present.4","Waibira",1.61879400735813,0.0287769784172662,0.142446043165468
"3893","300356","Action_45","Morph_100","ABO","Staysame","Reach","Reach.1","Waibira",2.03431341406209,0.0827338129496403,0.097841726618705
"3894","300481a","Action_2","Morph_4","ABO","Groom","Bigloudscratch","BigLoudScratch.2","Waibira",1.16283826096738,0.0431654676258993,0.215827338129496
"3895","300091","Action_63","Morph_136","ABO","Sociosexualattention","Touch","Touch.5","Waibira",-0.0618754037180875,0.00719424460431655,0.0669064748201439
"3896","300091","Action_64","Morph_135","ABO","Sociosexualattention","Touchlongother","Touch.4","Waibira",1.06436584993952,0.00935251798561151,0.0100719424460432
"3897","300023","Action_64","Morph_132","ABO","Affiliation","Touchlongother","Touch.1","Waibira",2.10887897733345,0.0179856115107914,0.0100719424460432
"3898","300023","Action_45","Morph_100","ABO","Affiliation","Reach","Reach.1","Waibira",0.830297018707179,0.0827338129496403,0.097841726618705
"3899","300797b","Action_43","Morph_96","AIM","Givemenurse","Raise","Raise.1","Waibira",1.67109729282083,0.0258992805755396,0.0316546762589928
"3900","300892a","Action_43","Morph_97","AIM","Affiliation","Raise","Raise.2","Waibira",0.107957141505092,0.00575539568345324,0.0316546762589928
"3901","300748","Action_14","Morph_29","AIM","Giveme","Grab","Grab.1","Waibira",0.603222473031958,0.00359712230215827,0.0107913669064748
"3902","300799","Action_60","Morph_127","AIM","Play","Swing","Swing.1","Waibira",-0.424647927524938,0.0165467625899281,0.0172661870503597
"3903","300799","Action_39","Morph_82","AIM","Play","Presentgenitalsbackwards","PresentGenitals.1","Waibira",2.29656702066848,0.0474820143884892,0.0402877697841727
"3904","300797a","Action_42","Morph_88","AKK","Takeobjectnurse","Push","Push.1","Waibira",0.683096844706444,0.0115107913669065,0.0359712230215827
"3905","300797a","Action_45","Morph_100","AKK","Takeobjectnurse","Reach","Reach.1","Waibira",1.00613143587394,0.0827338129496403,0.097841726618705
"3906","300797a","Action_2","Morph_4","AKK","Takeobjectnurse","Bigloudscratch","BigLoudScratch.2","Waibira",1.03211629737975,0.0431654676258993,0.215827338129496
"3907","300797a","Action_1","Morph_2","AKK","Takeobjectnurse","Beckon","Beckon.2","Waibira",-1.18090753139494,0.00359712230215827,0.00575539568345324
"3908","300797a","Action_42","Morph_88","AKK","Takeobjectnurse","Push","Push.1","Waibira",0.933737645477876,0.0115107913669065,0.0359712230215827
"3909","300798","Action_42","Morph_88","AKK","Takeobjectnurse","Push","Push.1","Waibira",-0.410980288796275,0.0115107913669065,0.0359712230215827
"3910","300797a","Action_42","Morph_88","AKK","Takeobjectnurse","Push","Push.1","Waibira",0.825490367547658,0.0115107913669065,0.0359712230215827
"3911","300797a","Action_42","Morph_88","AKK","Takeobjectnurse","Push","Push.1","Waibira",0.391366183728663,0.0115107913669065,0.0359712230215827
"3912","300797a","Action_42","Morph_88","AKK","Takeobjectnurse","Push","Push.1","Waibira",-0.168418651624963,0.0115107913669065,0.0359712230215827
"3913","300798","Action_63","Morph_133","AKK","Takeobjectnurse","Touch","Touch.2","Waibira",-0.25618340539241,0.00863309352517986,0.0669064748201439
"3914","300797a","Action_42","Morph_88","AKK","Takeobjectnurse","Push","Push.1","Waibira",0.696641069814201,0.0115107913669065,0.0359712230215827
"3915","300798","Action_42","Morph_88","AKK","Takeobjectnurse","Push","Push.1","Waibira",0.305276380852732,0.0115107913669065,0.0359712230215827
"3916","300892b","Action_45","Morph_100","AKK","Affiliation","Reach","Reach.1","Waibira",-0.0212236364516267,0.0827338129496403,0.097841726618705
"3917","300672","Action_41","Morph_85","AKK","Position","Pull","Pull.2","Waibira",0.806475865866949,0.0115107913669065,0.0280575539568345
"3918","300672","Action_2","Morph_4","AKK","Position","Bigloudscratch","BigLoudScratch.2","Waibira",0.907855253053053,0.0431654676258993,0.215827338129496
"3919","300095","Action_38","Morph_78","AKK","Directattention","Present","Present.4","Waibira",1.45067662004916,0.0287769784172662,0.142446043165468
"3920","300757","Action_38","Morph_80","ALF","Directattention","Present","Present.6","Waibira",0.316269529303694,0.00575539568345324,0.142446043165468
"3921","300593a","Action_2","Morph_5","ALF","Groom","Bigloudscratch","BigLoudScratch.3","Waibira",0.29266961396282,0.0424460431654676,0.215827338129496
"3922","300595","Action_38","Morph_78","ALF","Groom","Present","Present.4","Waibira",1.32095551981155,0.0287769784172662,0.142446043165468
"3923","300592b","Action_38","Morph_77","ALF","Groom","Present","Present.3","Waibira",0.939225703156651,0.041726618705036,0.142446043165468
"3924","300479b","Action_64","Morph_133","ALF","Affiliation","Touchlongother","Touch.2","Waibira",1.51907547235371,0.00863309352517986,0.0100719424460432
"3925","300054","Action_38","Morph_75","ALF","Groom","Present","Present.1","Waibira",1.31774781858478,0.0330935251798561,0.142446043165468
"3926","300056b","Action_38","Morph_77","ALF","Groom","Present","Present.3","Waibira",1.17062282464438,0.041726618705036,0.142446043165468
"3927","300055","Action_38","Morph_75","ALF","Groom","Present","Present.1","Waibira",1.34521191601866,0.0330935251798561,0.142446043165468
"3928","300532","Action_38","Morph_75","ALF","Groom","Present","Present.1","Waibira",1.21372509576861,0.0330935251798561,0.142446043165468
"3929","300755","Action_38","Morph_78","ALF","Groom","Present","Present.4","Waibira",0.342880232916543,0.0287769784172662,0.142446043165468
"3930","300758b","Action_38","Morph_75","ALF","Groom","Present","Present.1","Waibira",0.665775983763813,0.0330935251798561,0.142446043165468
"3931","300220b","Action_38","Morph_77","ALF","Directattention","Present","Present.3","Waibira",2.29666761923001,0.041726618705036,0.142446043165468
"3932","300176b","Action_60","Morph_127","ALF","Affiliation","Swing","Swing.1","Waibira",-0.923818998294947,0.0165467625899281,0.0172661870503597
"3933","300367","Action_2","Morph_5","ALF","Groom","Bigloudscratch","BigLoudScratch.3","Waibira",0.939616557177652,0.0424460431654676,0.215827338129496
"3934","300182a","Action_45","Morph_100","ALF","Sexualattention","Reach","Reach.1","Waibira",0.5031965966015,0.0827338129496403,0.097841726618705
"3935","300182a","Action_43","Morph_96","ALF","Sexualattention","Raise","Raise.1","Waibira",-0.18152187662339,0.0258992805755396,0.0316546762589928
"3936","300174","Action_39","Morph_83","ALF","Affiliation","Presentgenitalsbackwards","PresentGenitals.2","Waibira",1.70146999788059,0.0107913669064748,0.0402877697841727
"3937","300509","Action_45","Morph_100","ALF","Affiliation","Reach","Reach.1","Waibira",1.03992329231943,0.0827338129496403,0.097841726618705
"3938","300881","Action_34","Morph_65","AND","Sexualattention","Objectshake","ObjectShake.1","Waibira",1.96683259729718,0.0158273381294964,0.0201438848920863
"3939","300881","Action_33","Morph_61","AND","Sexualattention","Objectmove","ObjectMove.1","Waibira",1.18875763851946,0.018705035971223,0.0194244604316547
"3940","300839","Action_45","Morph_100","AND","Staysame","Reach","Reach.1","Waibira",-0.653926467406664,0.0827338129496403,0.097841726618705
"3941","300561a","Action_54","Morph_114","AND","Sexualattention","Stancebipedal","StanceBipedal.1","Waibira",0.409457129377702,0.00359712230215827,0.00359712230215827
"3942","300671","Action_38","Morph_78","ARD","Groom","Present","Present.4","Waibira",1.30182520449344,0.0287769784172662,0.142446043165468
"3943","300671","Action_2","Morph_6","ARD","Groom","Bigloudscratch","BigLoudScratch.4","Waibira",0.672944473242426,0.0201438848920863,0.215827338129496
"3944","300669","Action_38","Morph_75","ARD","Directattention","Present","Present.1","Waibira",0.755652385911342,0.0330935251798561,0.142446043165468
"3945","300159","Action_63","Morph_134","ARD","Affiliation","Touch","Touch.3","Waibira",-0.478035800943,0.0115107913669065,0.0669064748201439
"3946","300270","Action_38","Morph_75","ARD","Directattention","Present","Present.1","Waibira",1.23547147138531,0.0330935251798561,0.142446043165468
"3947","300666b","Action_2","Morph_4","ARD","Groom","Bigloudscratch","BigLoudScratch.2","Waibira",0.824175442966349,0.0431654676258993,0.215827338129496
"3948","300770","Action_13","Morph_27","ARD","Moveaway","Fling","Fling.1","Waibira",-0.22314355131421,0.0165467625899281,0.0172661870503597
"3949","300018","Action_2","Morph_3","ARD","Directattention","Bigloudscratch","BigLoudScratch.1","Waibira",0.758466646680588,0.0928057553956834,0.215827338129496
"3950","300018","Action_38","Morph_77","ARD","Directattention","Present","Present.3","Waibira",1.2047724844965,0.041726618705036,0.142446043165468
"3951","300712","Action_2","Morph_6","ARU","Groom","Bigloudscratch","BigLoudScratch.4","Waibira",0.900161349944271,0.0201438848920863,0.215827338129496
"3952","300708","Action_2","Morph_5","ARU","Groom","Bigloudscratch","BigLoudScratch.3","Waibira",0.0344014267173323,0.0424460431654676,0.215827338129496
"3953","300708","Action_2","Morph_3","ARU","Groom","Bigloudscratch","BigLoudScratch.1","Waibira",0.725130226412996,0.0928057553956834,0.215827338129496
"3954","300564","Action_42","Morph_88","ARU","Takeobjectnurse","Push","Push.1","Waibira",0.210260925483196,0.0115107913669065,0.0359712230215827
"3955","300564","Action_45","Morph_102","ARU","Takeobjectnurse","Reach","Reach.3","Waibira",0.340037302785709,0.00575539568345324,0.097841726618705
"3956","300710","Action_42","Morph_89","ARU","Position","Push","Push.2","Waibira",0.280657457514817,0.0115107913669065,0.0359712230215827
"3957","300712","Action_38","Morph_78","ARU","Groom","Present","Present.4","Waibira",1.64904316702646,0.0287769784172662,0.142446043165468
"3958","300709a","Action_2","Morph_3","ARU","Groom","Bigloudscratch","BigLoudScratch.1","Waibira",0.358373500574314,0.0928057553956834,0.215827338129496
"3959","300709a","Action_2","Morph_5","ARU","Groom","Bigloudscratch","BigLoudScratch.3","Waibira",0.750944279286162,0.0424460431654676,0.215827338129496
"3960","300712","Action_2","Morph_5","ARU","Groom","Bigloudscratch","BigLoudScratch.3","Waibira",0.105260510657493,0.0424460431654676,0.215827338129496
"3961","300060","Action_38","Morph_76","ARU","Directattention","Present","Present.2","Waibira",1.3206886040219,0.0251798561151079,0.142446043165468
"3962","300702b","Action_39","Morph_82","ARU","Sexualattention","Presentgenitalsbackwards","PresentGenitals.1","Waibira",1.84118435255558,0.0474820143884892,0.0402877697841727
"3963","300702b","Action_39","Morph_82","ARU","Sexualattention","Presentgenitalsbackwards","PresentGenitals.1","Waibira",3.03495298670727,0.0474820143884892,0.0402877697841727
"3964","300684","Action_39","Morph_82","ARU","Sexualattention","Presentgenitalsbackwards","PresentGenitals.1","Waibira",0.538246219341983,0.0474820143884892,0.0402877697841727
"3965","300656b","Action_45","Morph_100","ARU","Affiliation","Reach","Reach.1","Waibira",0.805135682507993,0.0827338129496403,0.097841726618705
"3966","300711","Action_2","Morph_6","ASM","Directattention","Bigloudscratch","BigLoudScratch.4","Waibira",0.76964515153267,0.0201438848920863,0.215827338129496
"3967","300110","Action_43","Morph_96","ASM","Giveme","Raise","Raise.1","Waibira",0.633397176154171,0.0258992805755396,0.0316546762589928
"3968","300711","Action_38","Morph_78","ASM","Directattention","Present","Present.4","Waibira",1.0170406349743,0.0287769784172662,0.142446043165468
"3969","300110","Action_45","Morph_100","ASM","Giveme","Reach","Reach.1","Waibira",1.44338332810402,0.0827338129496403,0.097841726618705
"3970","300355","Action_63","Morph_134","ATA","Staysame","Touch","Touch.3","Waibira",0.225540675913931,0.0115107913669065,0.0669064748201439
"3971","300421a","Action_2","Morph_3","ATA","Directattention","Bigloudscratch","BigLoudScratch.1","Waibira",0.731887008875876,0.0928057553956834,0.215827338129496
"3972","300421a","Action_38","Morph_77","ATA","Directattention","Present","Present.3","Waibira",1.26976054486394,0.041726618705036,0.142446043165468
"3973","300421a","Action_2","Morph_5","ATA","Directattention","Bigloudscratch","BigLoudScratch.3","Waibira",0.751416088683921,0.0424460431654676,0.215827338129496
"3974","300447b","Action_2","Morph_3","ATA","Groom","Bigloudscratch","BigLoudScratch.1","Waibira",0.268499253035007,0.0928057553956834,0.215827338129496
"3975","300478","Action_43","Morph_97","BH","Play","Raise","Raise.2","Waibira",-0.0110609473594249,0.00575539568345324,0.0316546762589928
"3976","300382","Action_2","Morph_6","BH","Climbonme","Bigloudscratch","BigLoudScratch.4","Waibira",0.955511445027436,0.0201438848920863,0.215827338129496
"3977","300382","Action_17","Morph_41","BH","Climbonme","Hitobject","HitObject.3","Waibira",-0.350976922824095,0.00431654676258993,0.0482014388489209
"3978","300382","Action_43","Morph_97","BH","Climbonme","Raise","Raise.2","Waibira",-0.783071888087932,0.00575539568345324,0.0316546762589928
"3979","300188b","Action_3","Morph_15","BH","Affiliation","Bite","Bite.7","Waibira",2.05104206715814,0.00215827338129496,0.0115107913669065
"3980","300188b","Action_63","Morph_140","BH","Affiliation","Touch","Touch.9","Waibira",1.30291275218084,0.00431654676258993,0.0669064748201439
"3981","300382","Action_2","Morph_3","BH","Climbonme","Bigloudscratch","BigLoudScratch.1","Waibira",0.904622927006473,0.0928057553956834,0.215827338129496
"3982","300690b","Action_2","Morph_5","BH","Takeobjectnurse","Bigloudscratch","BigLoudScratch.3","Waibira",0.902597404742153,0.0424460431654676,0.215827338129496
"3983","300382","Action_63","Morph_137","BH","Climbonme","Touch","Touch.6","Waibira",-0.0618754037180875,0.00647482014388489,0.0669064748201439
"3984","300686","Action_45","Morph_100","BH","Staysame","Reach","Reach.1","Waibira",0.444044590075639,0.0827338129496403,0.097841726618705
"3985","300476b","Action_38","Morph_75","BH","Groom","Present","Present.1","Waibira",1.27088350960856,0.0330935251798561,0.142446043165468
"3986","300829","Action_60","Morph_127","BH","Moveaway","Swing","Swing.1","Waibira",0.0188217542405877,0.0165467625899281,0.0172661870503597
"3987","300315","Action_38","Morph_75","BH","Groom","Present","Present.1","Waibira",1.22348127071398,0.0330935251798561,0.142446043165468
"3988","300794","Action_45","Morph_100","BAR","Staysame","Reach","Reach.1","Waibira",1.23895377322118,0.0827338129496403,0.097841726618705
"3989","300691","Action_60","Morph_127","BAR","Moveaway","Swing","Swing.1","Waibira",-0.127833371509885,0.0165467625899281,0.0172661870503597
"3990","300790a","Action_34","Morph_65","BEN","Sexualattention","Objectshake","ObjectShake.1","Waibira",-0.22314355131421,0.0158273381294964,0.0201438848920863
"3991","300790a","Action_40","Morph_82","BEN","Sexualattention","Presentgenitalsforwards","PresentGenitals.1","Waibira",1.13815346328864,0.0474820143884892,0.0179856115107914
"3992","300290a","Action_45","Morph_100","BEN","Affiliation","Reach","Reach.1","Waibira",0.714908672341458,0.0827338129496403,0.097841726618705
"3993","300600","Action_38","Morph_75","BEN","Groom","Present","Present.1","Waibira",0.848011891120861,0.0330935251798561,0.142446043165468
"3994","300592a","Action_2","Morph_4","BEN","Groom","Bigloudscratch","BigLoudScratch.2","Waibira",0.834212620838548,0.0431654676258993,0.215827338129496
"3995","300594","Action_38","Morph_78","BEN","Directattention","Present","Present.4","Waibira",0.414755155015257,0.0287769784172662,0.142446043165468
"3996","300593b","Action_2","Morph_3","BEN","Groom","Bigloudscratch","BigLoudScratch.1","Waibira",0.392042087776024,0.0928057553956834,0.215827338129496
"3997","300601","Action_38","Morph_77","BEN","Groom","Present","Present.3","Waibira",1.35299607571838,0.041726618705036,0.142446043165468
"3998","300596","Action_2","Morph_3","BEN","Groom","Bigloudscratch","BigLoudScratch.1","Waibira",0.442760892851861,0.0928057553956834,0.215827338129496
"3999","300614","Action_38","Morph_80","BEN","Directattention","Present","Present.6","Waibira",0.191446464570955,0.00575539568345324,0.142446043165468
"4000","300597","Action_2","Morph_4","BEN","Groom","Bigloudscratch","BigLoudScratch.2","Waibira",0.618423634364009,0.0431654676258993,0.215827338129496
"4001","300598","Action_2","Morph_3","BEN","Groom","Bigloudscratch","BigLoudScratch.1","Waibira",1.14231014393383,0.0928057553956834,0.215827338129496
"4002","300600","Action_2","Morph_5","BEN","Groom","Bigloudscratch","BigLoudScratch.3","Waibira",0.0769610411361284,0.0424460431654676,0.215827338129496
"4003","300601","Action_2","Morph_3","BEN","Groom","Bigloudscratch","BigLoudScratch.1","Waibira",1.37977314412963,0.0928057553956834,0.215827338129496
"4004","300599","Action_2","Morph_3","BEN","Groom","Bigloudscratch","BigLoudScratch.1","Waibira",1.20567136096152,0.0928057553956834,0.215827338129496
"4005","300599","Action_2","Morph_3","BEN","Groom","Bigloudscratch","BigLoudScratch.1","Waibira",1.16813835131672,0.0928057553956834,0.215827338129496
"4006","300008","Action_2","Morph_3","BEN","Directattention","Bigloudscratch","BigLoudScratch.1","Waibira",0.117783035656383,0.0928057553956834,0.215827338129496
"4007","300601","Action_2","Morph_3","BEN","Groom","Bigloudscratch","BigLoudScratch.1","Waibira",1.21491274436427,0.0928057553956834,0.215827338129496
"4008","300602","Action_2","Morph_6","BEN","Groom","Bigloudscratch","BigLoudScratch.4","Waibira",0.774266231844737,0.0201438848920863,0.215827338129496
"4009","300602","Action_38","Morph_78","BEN","Groom","Present","Present.4","Waibira",1.08112697432709,0.0287769784172662,0.142446043165468
"4010","300592a","Action_38","Morph_76","BEN","Groom","Present","Present.2","Waibira",0.985443590562472,0.0251798561151079,0.142446043165468
"4011","300694","Action_17","Morph_39","BEN","Followme","Hitobject","HitObject.1","Waibira",-1.03845836584836,0.041726618705036,0.0482014388489209
"4012","300694","Action_17","Morph_39","BEN","Followme","Hitobject","HitObject.1","Waibira",-0.744440474947496,0.041726618705036,0.0482014388489209
"4013","300694","Action_57","Morph_115","BEN","Followme","Stompobject","StompObject.1","Waibira",-0.742337424750717,0.020863309352518,0.0258992805755396
"4014","300705","Action_57","Morph_115","BEN","Followme","Stompobject","StompObject.1","Waibira",-0.928869514081015,0.020863309352518,0.0258992805755396
"4015","300699","Action_57","Morph_115","BEN","Followme","Stompobject","StompObject.1","Waibira",-0.738144546490681,0.020863309352518,0.0258992805755396
"4016","300694","Action_17","Morph_39","BEN","Followme","Hitobject","HitObject.1","Waibira",-0.832409247893453,0.041726618705036,0.0482014388489209
"4017","300683","Action_17","Morph_39","BEN","Followme","Hitobject","HitObject.1","Waibira",-0.514164525031505,0.041726618705036,0.0482014388489209
"4018","300683","Action_2","Morph_5","BEN","Followme","Bigloudscratch","BigLoudScratch.3","Waibira",0.361164849211584,0.0424460431654676,0.215827338129496
"4019","300694","Action_17","Morph_39","BEN","Followme","Hitobject","HitObject.1","Waibira",-0.685179010910768,0.041726618705036,0.0482014388489209
"4020","300694","Action_17","Morph_39","BEN","Followme","Hitobject","HitObject.1","Waibira",-0.283690051182243,0.041726618705036,0.0482014388489209
"4021","300694","Action_57","Morph_119","BEN","Followme","Stompobject","StompObject.5","Waibira",-0.353821874956326,0.00431654676258993,0.0258992805755396
"4022","300705","Action_17","Morph_41","BEN","Followme","Hitobject","HitObject.3","Waibira",-0.748659890490204,0.00431654676258993,0.0482014388489209
"4023","300705","Action_31","Morph_59","BEN","Followme","Lunge","Lunge.1","Waibira",-0.454130280089445,0.00503597122302158,0.00503597122302158
"4024","300694","Action_33","Morph_61","BEN","Followme","Objectmove","ObjectMove.1","Waibira",0.17730901497041,0.018705035971223,0.0194244604316547
"4025","300694","Action_2","Morph_5","BEN","Followme","Bigloudscratch","BigLoudScratch.3","Waibira",1.10922246778013,0.0424460431654676,0.215827338129496
"4026","300683","Action_17","Morph_41","BEN","Followme","Hitobject","HitObject.3","Waibira",-0.174353387144778,0.00431654676258993,0.0482014388489209
"4027","300683","Action_2","Morph_5","BEN","Followme","Bigloudscratch","BigLoudScratch.3","Waibira",0.750472247179215,0.0424460431654676,0.215827338129496
"4028","300694","Action_2","Morph_4","BEN","Followme","Bigloudscratch","BigLoudScratch.2","Waibira",0.483043242753539,0.0431654676258993,0.215827338129496
"4029","300694","Action_2","Morph_3","BEN","Followme","Bigloudscratch","BigLoudScratch.1","Waibira",1.49939980722516,0.0928057553956834,0.215827338129496
"4030","300699","Action_2","Morph_3","BEN","Followme","Bigloudscratch","BigLoudScratch.1","Waibira",1.5020753941056,0.0928057553956834,0.215827338129496
"4031","300694","Action_17","Morph_39","BEN","Followme","Hitobject","HitObject.1","Waibira",-1.45243416362444,0.041726618705036,0.0482014388489209
"4032","300705","Action_57","Morph_115","BEN","Followme","Stompobject","StompObject.1","Waibira",-0.928869514081015,0.020863309352518,0.0258992805755396
"4033","300694","Action_17","Morph_39","BEN","Followme","Hitobject","HitObject.1","Waibira",-0.334075112021491,0.041726618705036,0.0482014388489209
"4034","300694","Action_17","Morph_39","BEN","Followme","Hitobject","HitObject.1","Waibira",-0.665532013526972,0.041726618705036,0.0482014388489209
"4035","300694","Action_17","Morph_39","BEN","Followme","Hitobject","HitObject.1","Waibira",-0.277071893339765,0.041726618705036,0.0482014388489209
"4036","300683","Action_17","Morph_42","BEN","Followme","Hitobject","HitObject.4","Waibira",-0.928869514081015,0.00431654676258993,0.0482014388489209
"4037","300694","Action_17","Morph_39","BEN","Followme","Hitobject","HitObject.1","Waibira",-0.823255865906966,0.041726618705036,0.0482014388489209
"4038","300694","Action_17","Morph_39","BEN","Followme","Hitobject","HitObject.1","Waibira",-0.827822083886547,0.041726618705036,0.0482014388489209
"4039","300694","Action_17","Morph_39","BEN","Followme","Hitobject","HitObject.1","Waibira",-0.825536368605691,0.041726618705036,0.0482014388489209
"4040","300694","Action_17","Morph_39","BEN","Followme","Hitobject","HitObject.1","Waibira",-0.388607991041741,0.041726618705036,0.0482014388489209
"4041","300699","Action_2","Morph_4","BEN","Followme","Bigloudscratch","BigLoudScratch.2","Waibira",0.535908404133454,0.0431654676258993,0.215827338129496
"4042","300683","Action_2","Morph_3","BEN","Followme","Bigloudscratch","BigLoudScratch.1","Waibira",1.28315360220038,0.0928057553956834,0.215827338129496
"4043","300705","Action_2","Morph_3","BEN","Followme","Bigloudscratch","BigLoudScratch.1","Waibira",1.53643701954961,0.0928057553956834,0.215827338129496
"4044","300705","Action_57","Morph_115","BEN","Followme","Stompobject","StompObject.1","Waibira",-0.742337424750717,0.020863309352518,0.0258992805755396
"4045","300694","Action_17","Morph_39","BEN","Followme","Hitobject","HitObject.1","Waibira",-0.583396316600826,0.041726618705036,0.0482014388489209
"4046","300694","Action_17","Morph_39","BEN","Followme","Hitobject","HitObject.1","Waibira",-0.928869514081015,0.041726618705036,0.0482014388489209
"4047","300694","Action_17","Morph_39","BEN","Followme","Hitobject","HitObject.1","Waibira",-0.740238788093796,0.041726618705036,0.0482014388489209
"4048","300694","Action_57","Morph_115","BEN","Followme","Stompobject","StompObject.1","Waibira",-0.916290731874155,0.020863309352518,0.0258992805755396
"4049","300694","Action_2","Morph_3","BEN","Followme","Bigloudscratch","BigLoudScratch.1","Waibira",0.737642420446497,0.0928057553956834,0.215827338129496
"4050","300694","Action_57","Morph_115","BEN","Followme","Stompobject","StompObject.1","Waibira",-1.0300194972025,0.020863309352518,0.0258992805755396
"4051","300683","Action_17","Morph_39","BEN","Followme","Hitobject","HitObject.1","Waibira",-0.823255865906966,0.041726618705036,0.0482014388489209
"4052","300705","Action_17","Morph_39","BEN","Followme","Hitobject","HitObject.1","Waibira",-0.588787165235702,0.041726618705036,0.0482014388489209
"4053","300683","Action_34","Morph_65","BEN","Followme","Objectshake","ObjectShake.1","Waibira",-0.512493680866688,0.0158273381294964,0.0201438848920863
"4054","300705","Action_17","Morph_39","BEN","Followme","Hitobject","HitObject.1","Waibira",-0.514164525031505,0.041726618705036,0.0482014388489209
"4055","300683","Action_17","Morph_39","BEN","Followme","Hitobject","HitObject.1","Waibira",-1.61445045425764,0.041726618705036,0.0482014388489209
"4056","300694","Action_17","Morph_39","BEN","Followme","Hitobject","HitObject.1","Waibira",-0.834710744881732,0.041726618705036,0.0482014388489209
"4057","300705","Action_57","Morph_115","BEN","Followme","Stompobject","StompObject.1","Waibira",-0.657780036722654,0.020863309352518,0.0258992805755396
"4058","300694","Action_17","Morph_39","BEN","Followme","Hitobject","HitObject.1","Waibira",-0.832409247893453,0.041726618705036,0.0482014388489209
"4059","300705","Action_17","Morph_39","BEN","Followme","Hitobject","HitObject.1","Waibira",-0.460449416440924,0.041726618705036,0.0482014388489209
"4060","300699","Action_34","Morph_65","BEN","Followme","Objectshake","ObjectShake.1","Waibira",-0.675307262431614,0.0158273381294964,0.0201438848920863
"4061","300683","Action_17","Morph_39","BEN","Followme","Hitobject","HitObject.1","Waibira",-0.738144546490681,0.041726618705036,0.0482014388489209
"4062","300694","Action_31","Morph_59","BEN","Followme","Lunge","Lunge.1","Waibira",-1.43969513784701,0.00503597122302158,0.00503597122302158
"4063","300694","Action_17","Morph_39","BEN","Followme","Hitobject","HitObject.1","Waibira",-0.596020469829223,0.041726618705036,0.0482014388489209
"4064","300694","Action_17","Morph_39","BEN","Followme","Hitobject","HitObject.1","Waibira",-0.944175935363691,0.041726618705036,0.0482014388489209
"4065","300697","Action_17","Morph_39","BEN","Followme","Hitobject","HitObject.1","Waibira",-0.933945667112876,0.041726618705036,0.0482014388489209
"4066","300694","Action_17","Morph_39","BEN","Followme","Hitobject","HitObject.1","Waibira",-0.22314355131421,0.041726618705036,0.0482014388489209
"4067","300694","Action_17","Morph_39","BEN","Followme","Hitobject","HitObject.1","Waibira",-0.183922838160928,0.041726618705036,0.0482014388489209
"4068","300683","Action_2","Morph_4","BEN","Followme","Bigloudscratch","BigLoudScratch.2","Waibira",0.900161349944271,0.0431654676258993,0.215827338129496
"4069","300694","Action_17","Morph_39","BEN","Followme","Hitobject","HitObject.1","Waibira",-0.515838165589535,0.041726618705036,0.0482014388489209
"4070","300705","Action_57","Morph_115","BEN","Followme","Stompobject","StompObject.1","Waibira",-0.744440474947496,0.020863309352518,0.0258992805755396
"4071","300694","Action_57","Morph_115","BEN","Followme","Stompobject","StompObject.1","Waibira",-0.585190039054853,0.020863309352518,0.0258992805755396
"4072","300694","Action_17","Morph_39","BEN","Followme","Hitobject","HitObject.1","Waibira",-0.603306476560156,0.041726618705036,0.0482014388489209
"4073","300705","Action_57","Morph_115","BEN","Followme","Stompobject","StompObject.1","Waibira",-0.388607991041741,0.020863309352518,0.0258992805755396
"4074","300694","Action_2","Morph_4","BEN","Followme","Bigloudscratch","BigLoudScratch.2","Waibira",0.903408106043141,0.0431654676258993,0.215827338129496
"4075","300683","Action_2","Morph_3","BEN","Followme","Bigloudscratch","BigLoudScratch.1","Waibira",0.782073389754347,0.0928057553956834,0.215827338129496
"4076","300683","Action_17","Morph_39","BEN","Followme","Hitobject","HitObject.1","Waibira",-0.653926467406664,0.041726618705036,0.0482014388489209
"4077","300683","Action_17","Morph_39","BEN","Followme","Hitobject","HitObject.1","Waibira",-0.823255865906966,0.041726618705036,0.0482014388489209
"4078","300683","Action_17","Morph_39","BEN","Followme","Hitobject","HitObject.1","Waibira",-0.585190039054853,0.041726618705036,0.0482014388489209
"4079","300705","Action_57","Morph_115","BEN","Followme","Stompobject","StompObject.1","Waibira",-0.579818495252942,0.020863309352518,0.0258992805755396
"4080","300694","Action_17","Morph_42","BEN","Followme","Hitobject","HitObject.4","Waibira",-0.590590592234853,0.00431654676258993,0.0482014388489209
"4081","300694","Action_17","Morph_39","BEN","Followme","Hitobject","HitObject.1","Waibira",-0.460449416440924,0.041726618705036,0.0482014388489209
"4082","300705","Action_2","Morph_3","BEN","Followme","Bigloudscratch","BigLoudScratch.1","Waibira",1.04556306757829,0.0928057553956834,0.215827338129496
"4083","300694","Action_2","Morph_4","BEN","Followme","Bigloudscratch","BigLoudScratch.2","Waibira",0.609765571620894,0.0431654676258993,0.215827338129496
"4084","300694","Action_17","Morph_39","BEN","Followme","Hitobject","HitObject.1","Waibira",-0.653926467406664,0.041726618705036,0.0482014388489209
"4085","300699","Action_61","Morph_130","BEN","Followme","Throwobject","ThrowObject.1","Waibira",-1.02165124753198,0.00503597122302158,0.00503597122302158
"4086","300308","Action_45","Morph_101","BEN","Affiliation","Reach","Reach.2","Waibira",0.494086299761693,0.00863309352517986,0.097841726618705
"4087","300613","Action_17","Morph_39","BEN","Groom","Hitobject","HitObject.1","Waibira",-0.544727175441672,0.041726618705036,0.0482014388489209
"4088","300610","Action_2","Morph_6","BEN","Groom","Bigloudscratch","BigLoudScratch.4","Waibira",1.14199101197005,0.0201438848920863,0.215827338129496
"4089","300613","Action_57","Morph_115","BEN","Groom","Stompobject","StompObject.1","Waibira",-1.6094379124341,0.020863309352518,0.0258992805755396
"4090","300611b","Action_2","Morph_5","BEN","Groom","Bigloudscratch","BigLoudScratch.3","Waibira",1.20686860743796,0.0424460431654676,0.215827338129496
"4091","300610","Action_38","Morph_78","BEN","Groom","Present","Present.4","Waibira",1.30752167995449,0.0287769784172662,0.142446043165468
"4092","300613","Action_2","Morph_3","BEN","Groom","Bigloudscratch","BigLoudScratch.1","Waibira",1.11841491596429,0.0928057553956834,0.215827338129496
"4093","300612a","Action_2","Morph_3","BEN","Affiliation","Bigloudscratch","BigLoudScratch.1","Waibira",1.30264097612264,0.0928057553956834,0.215827338129496
"4094","300612a","Action_2","Morph_6","BEN","Affiliation","Bigloudscratch","BigLoudScratch.4","Waibira",1.18019227566053,0.0201438848920863,0.215827338129496
"4095","300030","Action_38","Morph_77","BEN","Directattention","Present","Present.3","Waibira",1.7446678616942,0.041726618705036,0.142446043165468
"4096","300030","Action_2","Morph_3","BEN","Directattention","Bigloudscratch","BigLoudScratch.1","Waibira",1.65057985576528,0.0928057553956834,0.215827338129496
"4097","300401","Action_38","Morph_76","BEN","Directattention","Present","Present.2","Waibira",0.909870164071232,0.0251798561151079,0.142446043165468
"4098","300411","Action_38","Morph_77","BEN","Groom","Present","Present.3","Waibira",0.924258901523332,0.041726618705036,0.142446043165468
"4099","300411","Action_2","Morph_3","BEN","Groom","Bigloudscratch","BigLoudScratch.1","Waibira",0.65232518603969,0.0928057553956834,0.215827338129496
"4100","300410","Action_38","Morph_75","BEN","Directattention","Present","Present.1","Waibira",1.4247936602705,0.0330935251798561,0.142446043165468
"4101","300189b","Action_43","Morph_96","BEN","Directattention","Raise","Raise.1","Waibira",0.440832251945456,0.0258992805755396,0.0316546762589928
"4102","300189b","Action_38","Morph_78","BEN","Directattention","Present","Present.4","Waibira",1.63315443905142,0.0287769784172662,0.142446043165468
"4103","300329","Action_38","Morph_76","BEN","Groom","Present","Present.2","Waibira",1.40413427924822,0.0251798561151079,0.142446043165468
"4104","300425","Action_2","Morph_5","BEN","Groom","Bigloudscratch","BigLoudScratch.3","Waibira",1.34547236659964,0.0424460431654676,0.215827338129496
"4105","300261a","Action_63","Morph_132","BEN","Affiliation","Touch","Touch.1","Waibira",0.750472247179215,0.0179856115107914,0.0669064748201439
"4106","300443b","Action_38","Morph_75","BEN","Groom","Present","Present.1","Waibira",1.30725115377944,0.0330935251798561,0.142446043165468
"4107","300520","Action_38","Morph_77","BEN","Groom","Present","Present.3","Waibira",0.751416088683921,0.041726618705036,0.142446043165468
"4108","300739","Action_38","Morph_77","BEN","Groom","Present","Present.3","Waibira",1.18631786908722,0.041726618705036,0.142446043165468
"4109","300739","Action_2","Morph_7","BEN","Groom","Bigloudscratch","BigLoudScratch.5","Waibira",0.537077994910056,0.00647482014388489,0.215827338129496
"4110","300739","Action_2","Morph_3","BEN","Groom","Bigloudscratch","BigLoudScratch.1","Waibira",1.11054085953338,0.0928057553956834,0.215827338129496
"4111","300740","Action_38","Morph_76","BEN","Groom","Present","Present.2","Waibira",1.84181866910079,0.0251798561151079,0.142446043165468
"4112","300520","Action_2","Morph_4","BEN","Groom","Bigloudscratch","BigLoudScratch.2","Waibira",0.714908672341458,0.0431654676258993,0.215827338129496
"4113","300728","Action_45","Morph_100","BEN","Sexualattention","Reach","Reach.1","Waibira",0.559615787935423,0.0827338129496403,0.097841726618705
"4114","300517b","Action_63","Morph_134","BEN","Support","Touch","Touch.3","Waibira",0.694646056683681,0.0115107913669065,0.0669064748201439
"4115","300514","Action_2","Morph_3","BEN","Sexualattention","Bigloudscratch","BigLoudScratch.1","Waibira",0.746213901496638,0.0928057553956834,0.215827338129496
"4116","300504b","Action_11","Morph_22","BEN","Affiliation","Embrace","Embrace.1","Waibira",0.729479109807336,0.00719424460431655,0.0165467625899281
"4117","300698a","Action_45","Morph_100","BEN","Affiliation","Reach","Reach.1","Waibira",1.64576984168149,0.0827338129496403,0.097841726618705
"4118","300376b","Action_38","Morph_75","BEN","Groom","Present","Present.1","Waibira",1.41585316336144,0.0330935251798561,0.142446043165468
"4119","300850","Action_2","Morph_3","BEN","Groom","Bigloudscratch","BigLoudScratch.1","Waibira",1.17495585525544,0.0928057553956834,0.215827338129496
"4120","300850","Action_2","Morph_5","BEN","Groom","Bigloudscratch","BigLoudScratch.3","Waibira",0.414755155015257,0.0424460431654676,0.215827338129496
"4121","300850","Action_2","Morph_5","BEN","Groom","Bigloudscratch","BigLoudScratch.3","Waibira",1.20896034583698,0.0424460431654676,0.215827338129496
"4122","300415","Action_2","Morph_3","BEN","Groom","Bigloudscratch","BigLoudScratch.1","Waibira",1.16283826096738,0.0928057553956834,0.215827338129496
"4123","300134","Action_45","Morph_100","BEN","Affiliation","Reach","Reach.1","Waibira",-0.358104536748327,0.0827338129496403,0.097841726618705
"4124","300072","Action_11","Morph_22","BEN","Affiliation","Embrace","Embrace.1","Waibira",1.42743630445107,0.00719424460431655,0.0165467625899281
"4125","300133","Action_57","Morph_115","BEN","Moveaway","Stompobject","StompObject.1","Waibira",-1.00512194558077,0.020863309352518,0.0258992805755396
"4126","300133","Action_34","Morph_65","BEN","Moveaway","Objectshake","ObjectShake.1","Waibira",-0.707246104939447,0.0158273381294964,0.0201438848920863
"4127","300133","Action_13","Morph_27","BEN","Moveaway","Fling","Fling.1","Waibira",-0.841647188878389,0.0165467625899281,0.0172661870503597
"4128","300496a","Action_38","Morph_75","BEN","Groom","Present","Present.1","Waibira",2.22807704081898,0.0330935251798561,0.142446043165468
"4129","300818b","Action_38","Morph_76","BEN","Groom","Present","Present.2","Waibira",1.01740223324257,0.0251798561151079,0.142446043165468
"4130","300249a","Action_40","Morph_82","BEN","Sexualattention","Presentgenitalsforwards","PresentGenitals.1","Waibira",1.96697248678471,0.0474820143884892,0.0179856115107914
"4131","300505a","Action_2","Morph_4","BEN","Groom","Bigloudscratch","BigLoudScratch.2","Waibira",0.456791735273505,0.0431654676258993,0.215827338129496
"4132","300505a","Action_2","Morph_5","BEN","Groom","Bigloudscratch","BigLoudScratch.3","Waibira",0.993251773010283,0.0424460431654676,0.215827338129496
"4133","300197","Action_45","Morph_100","BEN","Giveme","Reach","Reach.1","Waibira",1.0064969997603,0.0827338129496403,0.097841726618705
"4134","300121","Action_38","Morph_76","BEN","Groom","Present","Present.2","Waibira",0.996210355050029,0.0251798561151079,0.142446043165468
"4135","300122b","Action_2","Morph_3","BEN","Groom","Bigloudscratch","BigLoudScratch.1","Waibira",0.779324876800998,0.0928057553956834,0.215827338129496
"4136","300583","Action_38","Morph_75","BEN","Groom","Present","Present.1","Waibira",1.10027756798717,0.0330935251798561,0.142446043165468
"4137","300471a","Action_2","Morph_3","BEN","Groom","Bigloudscratch","BigLoudScratch.1","Waibira",1.11841491596429,0.0928057553956834,0.215827338129496
"4138","300471a","Action_38","Morph_78","BEN","Groom","Present","Present.4","Waibira",0.373630384588146,0.0287769784172662,0.142446043165468
"4139","300813","Action_60","Morph_127","BEN","Moveaway","Swing","Swing.1","Waibira",-0.22314355131421,0.0165467625899281,0.0172661870503597
"4140","300849b","Action_3","Morph_11","BEN","Sociosexualattention","Bite","Bite.3","Waibira",0.804688555292853,0.00215827338129496,0.0115107913669065
"4141","300690a","Action_2","Morph_3","BRI","Givemenurse","Bigloudscratch","BigLoudScratch.1","Waibira",1.17062282464438,0.0928057553956834,0.215827338129496
"4142","300563","Action_63","Morph_132","BRI","Play","Touch","Touch.1","Waibira",-0.0202027073175195,0.0179856115107914,0.0669064748201439
"4143","300188a","Action_63","Morph_140","BRI","Affiliation","Touch","Touch.9","Waibira",0.958967006154591,0.00431654676258993,0.0669064748201439
"4144","300690a","Action_43","Morph_97","BRI","Givemenurse","Raise","Raise.2","Waibira",0.99436226729431,0.00575539568345324,0.0316546762589928
"4145","300203a","Action_43","Morph_96","BRI","Climbonyou","Raise","Raise.1","Waibira",-0.109814866007207,0.0258992805755396,0.0316546762589928
"4146","300188a","Action_3","Morph_15","BRI","Affiliation","Bite","Bite.7","Waibira",1.28232177073691,0.00215827338129496,0.0115107913669065
"4147","300462","Action_45","Morph_101","BRI","Giveme","Reach","Reach.2","Waibira",0.663718369869133,0.00863309352517986,0.097841726618705
"4148","300563","Action_41","Morph_86","BRI","Play","Pull","Pull.3","Waibira",0.501381164937991,0.00503597122302158,0.0280575539568345
"4149","300832","Action_63","Morph_137","BRI","Climbonyou","Touch","Touch.6","Waibira",0.587786664902119,0.00647482014388489,0.0669064748201439
"4150","300203a","Action_45","Morph_100","BRI","Climbonyou","Reach","Reach.1","Waibira",0.266203040774657,0.0827338129496403,0.097841726618705
"4151","300827","Action_17","Morph_39","BRI","Play","Hitobject","HitObject.1","Waibira",-0.928869514081015,0.041726618705036,0.0482014388489209
"4152","300827","Action_17","Morph_39","BRI","Play","Hitobject","HitObject.1","Waibira",-0.336872316642553,0.041726618705036,0.0482014388489209
"4153","300827","Action_20","Morph_45","BRI","Play","Hitother","HitOther.1","Waibira",-0.229413164327805,0.00647482014388489,0.0122302158273381
"4154","300882","Action_20","Morph_45","BRI","Play","Hitother","HitOther.1","Waibira",-2.1803674602698,0.00647482014388489,0.0122302158273381
"4155","300882","Action_60","Morph_127","BRI","Play","Swing","Swing.1","Waibira",-0.510825623765991,0.0165467625899281,0.0172661870503597
"4156","300882","Action_41","Morph_84","BRI","Play","Pull","Pull.1","Waibira",-0.0866478067256722,0.0079136690647482,0.0280575539568345
"4157","300882","Action_20","Morph_45","BRI","Play","Hitother","HitOther.1","Waibira",-1.87080267656851,0.00647482014388489,0.0122302158273381
"4158","300882","Action_60","Morph_127","BRI","Play","Swing","Swing.1","Waibira",-0.359536176219765,0.0165467625899281,0.0172661870503597
"4159","300882","Action_20","Morph_45","BRI","Play","Hitother","HitOther.1","Waibira",-1.42711635564015,0.00647482014388489,0.0122302158273381
"4160","300882","Action_20","Morph_45","BRI","Play","Hitother","HitOther.1","Waibira",-0.653926467406664,0.00647482014388489,0.0122302158273381
"4161","300882","Action_60","Morph_127","BRI","Play","Swing","Swing.1","Waibira",-0.127833371509885,0.0165467625899281,0.0172661870503597
"4162","300882","Action_60","Morph_127","BRI","Play","Swing","Swing.1","Waibira",-0.174353387144778,0.0165467625899281,0.0172661870503597
"4163","300882","Action_60","Morph_127","BRI","Play","Swing","Swing.1","Waibira",-0.066139802504545,0.0165467625899281,0.0172661870503597
"4164","300882","Action_20","Morph_45","BRI","Play","Hitother","HitOther.1","Waibira",-2.14558134418438,0.00647482014388489,0.0122302158273381
"4165","300882","Action_20","Morph_50","BRI","Play","Hitother","HitOther.6","Waibira",-1.83258146374831,0.00359712230215827,0.0122302158273381
"4166","300474","Action_41","Morph_85","BRI","Play","Pull","Pull.2","Waibira",0.0751074724868055,0.0115107913669065,0.0280575539568345
"4167","300475","Action_33","Morph_61","BRI","Play","Objectmove","ObjectMove.1","Waibira",-0.336872316642553,0.018705035971223,0.0194244604316547
"4168","300475","Action_57","Morph_115","BRI","Play","Stompobject","StompObject.1","Waibira",-0.594207232705042,0.020863309352518,0.0258992805755396
"4169","300787","Action_20","Morph_50","BRI","Playcontinue","Hitother","HitOther.6","Waibira",-0.390084006069862,0.00359712230215827,0.0122302158273381
"4170","300316b","Action_11","Morph_22","BRI","Affiliation","Embrace","Embrace.1","Waibira",0.148420005118273,0.00719424460431655,0.0165467625899281
"4171","300619","Action_39","Morph_83","BRT","Staysame","Presentgenitalsbackwards","PresentGenitals.2","Waibira",-0.127833371509885,0.0107913669064748,0.0402877697841727
"4172","300780","Action_38","Morph_75","BRT","Groom","Present","Present.1","Waibira",1.30372763746293,0.0330935251798561,0.142446043165468
"4173","300780","Action_2","Morph_3","BRT","Groom","Bigloudscratch","BigLoudScratch.1","Waibira",1.64769662455119,0.0928057553956834,0.215827338129496
"4174","300674b","Action_17","Morph_39","BRT","Sociosexualattention","Hitobject","HitObject.1","Waibira",-0.524248644098131,0.041726618705036,0.0482014388489209
"4175","300811","Action_45","Morph_100","BRT","Staysame","Reach","Reach.1","Waibira",0.346422567474381,0.0827338129496403,0.097841726618705
"4176","300789a","Action_2","Morph_4","CHN","Position","Bigloudscratch","BigLoudScratch.2","Waibira",1.39525410249136,0.0431654676258993,0.215827338129496
"4177","300611a","Action_2","Morph_6","DAI","Groom","Bigloudscratch","BigLoudScratch.4","Waibira",1.0522192490984,0.0201438848920863,0.215827338129496
"4178","300612b","Action_11","Morph_23","DAI","Affiliation","Embrace","Embrace.2","Waibira",0.611937125134402,0.00359712230215827,0.0165467625899281
"4179","300611a","Action_38","Morph_78","DAI","Groom","Present","Present.4","Waibira",1.78288689072446,0.0287769784172662,0.142446043165468
"4180","300170b","Action_39","Morph_82","DAI","Sexualattention","Presentgenitalsbackwards","PresentGenitals.1","Waibira",0.368801123736573,0.0474820143884892,0.0402877697841727
"4181","300251","Action_27","Morph_55","DAU","Sexualattention","Leafclip","LeafClip.2","Waibira",1.32388690099127,0.00863309352517986,0.0115107913669065
"4182","300251","Action_2","Morph_6","DAU","Sexualattention","Bigloudscratch","BigLoudScratch.4","Waibira",2.03352848466543,0.0201438848920863,0.215827338129496
"4183","300251","Action_40","Morph_82","DAU","Sexualattention","Presentgenitalsforwards","PresentGenitals.1","Waibira",-0.0470916075338506,0.0474820143884892,0.0179856115107914
"4184","300251","Action_40","Morph_82","DAU","Sexualattention","Presentgenitalsforwards","PresentGenitals.1","Waibira",1.08112697432709,0.0474820143884892,0.0179856115107914
"4185","300539b","Action_15","Morph_36","DAU","Affiliation","Grabhold","GrabHold.2","Waibira",1.16595936212772,0.00359712230215827,0.0107913669064748
"4186","300237","Action_17","Morph_39","DAU","Stopbehaviour","Hitobject","HitObject.1","Waibira",-0.391562202939173,0.041726618705036,0.0482014388489209
"4187","300620a","Action_60","Morph_127","DAU","Sexualattention","Swing","Swing.1","Waibira",0.518198378095404,0.0165467625899281,0.0172661870503597
"4188","300643","Action_64","Morph_132","DAU","Affiliation","Touchlongother","Touch.1","Waibira",1.84561614201877,0.0179856115107914,0.0100719424460432
"4189","300278","Action_47","Morph_103","DAU","Sexualattention","Rockingsit","Rocking.1","Waibira",2.38839574940716,0.00863309352517986,0.00863309352517986
"4190","300278","Action_34","Morph_65","DAU","Sexualattention","Objectshake","ObjectShake.1","Waibira",1.79691283446885,0.0158273381294964,0.0201438848920863
"4191","300278","Action_47","Morph_103","DAU","Sexualattention","Rockingsit","Rocking.1","Waibira",1.58062683057998,0.00863309352517986,0.00863309352517986
"4192","300278","Action_47","Morph_103","DAU","Sexualattention","Rockingsit","Rocking.1","Waibira",2.71184299934091,0.00863309352517986,0.00863309352517986
"4193","300278","Action_47","Morph_103","DAU","Sexualattention","Rockingsit","Rocking.1","Waibira",1.4699459336155,0.00863309352517986,0.00863309352517986
"4194","300605","Action_42","Morph_92","DAU","Position","Push","Push.5","Waibira",-0.933945667112876,0.00431654676258993,0.0359712230215827
"4195","300566","Action_34","Morph_65","DAU","Sexualattention","Objectshake","ObjectShake.1","Waibira",1.21342796309669,0.0158273381294964,0.0201438848920863
"4196","300607b","Action_2","Morph_5","DAU","Groom","Bigloudscratch","BigLoudScratch.3","Waibira",0.548699276194072,0.0424460431654676,0.215827338129496
"4197","300605","Action_42","Morph_92","DAU","Position","Push","Push.5","Waibira",-0.489390343045926,0.00431654676258993,0.0359712230215827
"4198","300033","Action_41","Morph_85","DAU","Position","Pull","Pull.2","Waibira",0.388657989791783,0.0115107913669065,0.0280575539568345
"4199","300603","Action_2","Morph_4","DAU","Groom","Bigloudscratch","BigLoudScratch.2","Waibira",1.038154319631,0.0431654676258993,0.215827338129496
"4200","300648b","Action_47","Morph_103","DAU","Moveaway","Rockingsit","Rocking.1","Waibira",1.17433799919625,0.00863309352517986,0.00863309352517986
"4201","300648b","Action_31","Morph_59","DAU","Moveaway","Lunge","Lunge.1","Waibira",-0.332679438382517,0.00503597122302158,0.00503597122302158
"4202","300649b","Action_34","Morph_65","DAU","Moveaway","Objectshake","ObjectShake.1","Waibira",1.26214736837701,0.0158273381294964,0.0201438848920863
"4203","300651b","Action_31","Morph_59","DAU","Moveaway","Lunge","Lunge.1","Waibira",-0.823255865906966,0.00503597122302158,0.00503597122302158
"4204","300603","Action_38","Morph_78","DAU","Groom","Present","Present.4","Waibira",0.713439883827708,0.0287769784172662,0.142446043165468
"4205","300566","Action_47","Morph_103","DAU","Sexualattention","Rockingsit","Rocking.1","Waibira",0.731887008875876,0.00863309352517986,0.00863309352517986
"4206","300322","Action_38","Morph_77","DOU","Directattention","Present","Present.3","Waibira",1.35763765187009,0.041726618705036,0.142446043165468
"4207","300569a","Action_45","Morph_101","DOU","Affiliation","Reach","Reach.2","Waibira",1.27620043832282,0.00863309352517986,0.097841726618705
"4208","300392b","Action_64","Morph_132","DOU","Affiliation","Touchlongother","Touch.1","Waibira",1.61859585021887,0.0179856115107914,0.0100719424460432
"4209","300536a","Action_43","Morph_96","DOU","Groom","Raise","Raise.1","Waibira",0.316998126785834,0.0258992805755396,0.0316546762589928
"4210","300721","Action_39","Morph_82","EIL","Sexualattention","Presentgenitalsbackwards","PresentGenitals.1","Waibira",0.288931291852213,0.0474820143884892,0.0402877697841727
"4211","300657","Action_43","Morph_96","EIL","Moveaway","Raise","Raise.1","Waibira",-0.215671536475509,0.0258992805755396,0.0316546762589928
"4212","300657","Action_60","Morph_127","EIL","Moveaway","Swing","Swing.1","Waibira",-0.0232686269393543,0.0165467625899281,0.0172661870503597
"4213","300793","Action_60","Morph_127","FID","Sexualattention","Swing","Swing.1","Waibira",0.207014169384326,0.0165467625899281,0.0172661870503597
"4214","300793","Action_40","Morph_82","FID","Sexualattention","Presentgenitalsforwards","PresentGenitals.1","Waibira",0.926241062727323,0.0474820143884892,0.0179856115107914
"4215","300439","Action_2","Morph_3","FID","Groom","Bigloudscratch","BigLoudScratch.1","Waibira",1.10293626014816,0.0928057553956834,0.215827338129496
"4216","300057","Action_2","Morph_4","FID","Groom","Bigloudscratch","BigLoudScratch.2","Waibira",0.964699871081843,0.0431654676258993,0.215827338129496
"4217","300056a","Action_2","Morph_3","FID","Groom","Bigloudscratch","BigLoudScratch.1","Waibira",0.932557704338027,0.0928057553956834,0.215827338129496
"4218","300057","Action_38","Morph_76","FID","Groom","Present","Present.2","Waibira",1.43484640170206,0.0251798561151079,0.142446043165468
"4219","300057","Action_2","Morph_5","FID","Groom","Bigloudscratch","BigLoudScratch.3","Waibira",0.322807874427155,0.0424460431654676,0.215827338129496
"4220","300058","Action_38","Morph_76","FID","Groom","Present","Present.2","Waibira",0.689139159162407,0.0251798561151079,0.142446043165468
"4221","300034","Action_43","Morph_96","FID","Staysame","Raise","Raise.1","Waibira",0.660623988854385,0.0258992805755396,0.0316546762589928
"4222","300701","Action_45","Morph_100","FID","Staysame","Reach","Reach.1","Waibira",-0.336872316642553,0.0827338129496403,0.097841726618705
"4223","300701","Action_45","Morph_100","FID","Staysame","Reach","Reach.1","Waibira",0.364643113587909,0.0827338129496403,0.097841726618705
"4224","300701","Action_45","Morph_100","FID","Staysame","Reach","Reach.1","Waibira",-0.944175935363691,0.0827338129496403,0.097841726618705
"4225","300189a","Action_2","Morph_4","FID","Groom","Bigloudscratch","BigLoudScratch.2","Waibira",2.09223436347859,0.0431654676258993,0.215827338129496
"4226","300692","Action_2","Morph_5","FID","Groom","Bigloudscratch","BigLoudScratch.3","Waibira",1.02926221053332,0.0424460431654676,0.215827338129496
"4227","300386","Action_63","Morph_135","FID","Sexualattention","Touch","Touch.4","Waibira",-0.0429075010112765,0.00935251798561151,0.0669064748201439
"4228","300635a","Action_2","Morph_3","FID","Groom","Bigloudscratch","BigLoudScratch.1","Waibira",0.720275847948198,0.0928057553956834,0.215827338129496
"4229","300635a","Action_43","Morph_96","FID","Groom","Raise","Raise.1","Waibira",0.643956936369174,0.0258992805755396,0.0316546762589928
"4230","300502","Action_40","Morph_82","FID","Sexualattention","Presentgenitalsforwards","PresentGenitals.1","Waibira",0.568717102181768,0.0474820143884892,0.0179856115107914
"4231","300502","Action_43","Morph_96","FID","Sexualattention","Raise","Raise.1","Waibira",0.552159487258968,0.0258992805755396,0.0316546762589928
"4232","300875b","Action_42","Morph_92","FID","Stopbehaviour","Push","Push.5","Waibira",-0.187535123846842,0.00431654676258993,0.0359712230215827
"4233","300269","Action_34","Morph_65","FID","Sexualattention","Objectshake","ObjectShake.1","Waibira",1.62570488489797,0.0158273381294964,0.0201438848920863
"4234","300269","Action_60","Morph_127","FID","Sexualattention","Swing","Swing.1","Waibira",0.29416103854949,0.0165467625899281,0.0172661870503597
"4235","300269","Action_33","Morph_61","FID","Sexualattention","Objectmove","ObjectMove.1","Waibira",-0.249744233111389,0.018705035971223,0.0194244604316547
"4236","300027","Action_2","Morph_4","FID","Groom","Bigloudscratch","BigLoudScratch.2","Waibira",1.47955699157958,0.0431654676258993,0.215827338129496
"4237","300366","Action_38","Morph_78","GER","Directattention","Present","Present.4","Waibira",0.752830182721119,0.0287769784172662,0.142446043165468
"4238","300554a","Action_63","Morph_134","GER","Sociosexualattention","Touch","Touch.3","Waibira",0.211880359035499,0.0115107913669065,0.0669064748201439
"4239","300546a","Action_2","Morph_7","GER","Groom","Bigloudscratch","BigLoudScratch.5","Waibira",1.15310047395218,0.00647482014388489,0.215827338129496
"4240","300550a","Action_2","Morph_3","GER","Groom","Bigloudscratch","BigLoudScratch.1","Waibira",1.15310047395218,0.0928057553956834,0.215827338129496
"4241","300547","Action_38","Morph_80","GER","Groom","Present","Present.6","Waibira",1.0206507471984,0.00575539568345324,0.142446043165468
"4242","300549a","Action_2","Morph_7","GER","Groom","Bigloudscratch","BigLoudScratch.5","Waibira",1.04204193717972,0.00647482014388489,0.215827338129496
"4243","300548","Action_2","Morph_7","GER","Groom","Bigloudscratch","BigLoudScratch.5","Waibira",1.21372509576861,0.00647482014388489,0.215827338129496
"4244","300547","Action_2","Morph_4","GER","Groom","Bigloudscratch","BigLoudScratch.2","Waibira",1.4080558529014,0.0431654676258993,0.215827338129496
"4245","300547","Action_2","Morph_5","GER","Groom","Bigloudscratch","BigLoudScratch.3","Waibira",0.666289726390063,0.0424460431654676,0.215827338129496
"4246","300554a","Action_17","Morph_39","GER","Sociosexualattention","Hitobject","HitObject.1","Waibira",-0.962334670375562,0.041726618705036,0.0482014388489209
"4247","300554a","Action_23","Morph_47","GER","Sociosexualattention","Hittingother","HitOther.3","Waibira",-0.691149177897272,0.00719424460431655,0.00719424460431655
"4248","300550a","Action_2","Morph_5","GER","Groom","Bigloudscratch","BigLoudScratch.3","Waibira",1.19331622413741,0.0424460431654676,0.215827338129496
"4249","300617","Action_2","Morph_6","GER","Groom","Bigloudscratch","BigLoudScratch.4","Waibira",1.14517775781543,0.0201438848920863,0.215827338129496
"4250","300351","Action_38","Morph_80","GER","Groom","Present","Present.6","Waibira",1.03389597394842,0.00575539568345324,0.142446043165468
"4251","300351","Action_2","Morph_5","GER","Groom","Bigloudscratch","BigLoudScratch.3","Waibira",1.31372366828506,0.0424460431654676,0.215827338129496
"4252","300350","Action_2","Morph_3","GER","Groom","Bigloudscratch","BigLoudScratch.1","Waibira",1.05744301163004,0.0928057553956834,0.215827338129496
"4253","300351","Action_2","Morph_5","GER","Groom","Bigloudscratch","BigLoudScratch.3","Waibira",1.07602578999531,0.0424460431654676,0.215827338129496
"4254","300616","Action_38","Morph_76","GER","Groom","Present","Present.2","Waibira",1.28509185561073,0.0251798561151079,0.142446043165468
"4255","300618","Action_38","Morph_78","GER","Groom","Present","Present.4","Waibira",0.698632110790515,0.0287769784172662,0.142446043165468
"4256","300617","Action_2","Morph_5","GER","Groom","Bigloudscratch","BigLoudScratch.3","Waibira",0.436963775167535,0.0424460431654676,0.215827338129496
"4257","300352a","Action_38","Morph_80","GER","Groom","Present","Present.6","Waibira",0.823736750263547,0.00575539568345324,0.142446043165468
"4258","300352a","Action_2","Morph_5","GER","Groom","Bigloudscratch","BigLoudScratch.3","Waibira",0.672944473242426,0.0424460431654676,0.215827338129496
"4259","300350","Action_38","Morph_77","GER","Groom","Present","Present.3","Waibira",1.42190278858726,0.041726618705036,0.142446043165468
"4260","300616","Action_2","Morph_4","GER","Groom","Bigloudscratch","BigLoudScratch.2","Waibira",0.762673243208556,0.0431654676258993,0.215827338129496
"4261","300351","Action_38","Morph_80","GER","Groom","Present","Present.6","Waibira",1.37118072330984,0.00575539568345324,0.142446043165468
"4262","300421b","Action_2","Morph_5","GER","Groom","Bigloudscratch","BigLoudScratch.3","Waibira",0.0769610411361284,0.0424460431654676,0.215827338129496
"4263","300421b","Action_2","Morph_3","GER","Groom","Bigloudscratch","BigLoudScratch.1","Waibira",1.01523067972906,0.0928057553956834,0.215827338129496
"4264","300476a","Action_2","Morph_4","GER","Groom","Bigloudscratch","BigLoudScratch.2","Waibira",1.42551507427317,0.0431654676258993,0.215827338129496
"4265","300477","Action_2","Morph_5","GER","Groom","Bigloudscratch","BigLoudScratch.3","Waibira",1.03921607871145,0.0424460431654676,0.215827338129496
"4266","300328","Action_2","Morph_3","GER","Groom","Bigloudscratch","BigLoudScratch.1","Waibira",0.99436226729431,0.0928057553956834,0.215827338129496
"4267","300328","Action_38","Morph_77","GER","Groom","Present","Present.3","Waibira",1.51424772543035,0.041726618705036,0.142446043165468
"4268","300327","Action_42","Morph_92","GER","Position","Push","Push.5","Waibira",-0.00100050033358353,0.00431654676258993,0.0359712230215827
"4269","300328","Action_2","Morph_6","GER","Groom","Bigloudscratch","BigLoudScratch.4","Waibira",0.853137916868886,0.0201438848920863,0.215827338129496
"4270","300831","Action_2","Morph_4","GER","Groom","Bigloudscratch","BigLoudScratch.2","Waibira",0.335042643811618,0.0431654676258993,0.215827338129496
"4271","300831","Action_2","Morph_3","GER","Groom","Bigloudscratch","BigLoudScratch.1","Waibira",0.65232518603969,0.0928057553956834,0.215827338129496
"4272","300539a","Action_45","Morph_102","GER","Affiliation","Reach","Reach.3","Waibira",0.715886667529435,0.00575539568345324,0.097841726618705
"4273","300575b","Action_2","Morph_5","GER","Groom","Bigloudscratch","BigLoudScratch.3","Waibira",1.18325976272839,0.0424460431654676,0.215827338129496
"4274","300575b","Action_2","Morph_3","GER","Groom","Bigloudscratch","BigLoudScratch.1","Waibira",0.709020529716236,0.0928057553956834,0.215827338129496
"4275","300226","Action_45","Morph_100","GER","Giveme","Reach","Reach.1","Waibira",1.25504607450994,0.0827338129496403,0.097841726618705
"4276","300779","Action_2","Morph_7","GER","Groom","Bigloudscratch","BigLoudScratch.5","Waibira",0.962410667487708,0.00647482014388489,0.215827338129496
"4277","300836","Action_45","Morph_100","GER","Affiliation","Reach","Reach.1","Waibira",-0.510825623765991,0.0827338129496403,0.097841726618705
"4278","300836","Action_34","Morph_65","GER","Affiliation","Objectshake","ObjectShake.1","Waibira",0.609221945622184,0.0158273381294964,0.0201438848920863
"4279","300851b","Action_2","Morph_4","GER","Groom","Bigloudscratch","BigLoudScratch.2","Waibira",1.39003734739872,0.0431654676258993,0.215827338129496
"4280","300148","Action_2","Morph_3","GER","Travel","Bigloudscratch","BigLoudScratch.1","Waibira",1.19149528281482,0.0928057553956834,0.215827338129496
"4281","300135b","Action_38","Morph_77","GER","Groom","Present","Present.3","Waibira",0.392042087776024,0.041726618705036,0.142446043165468
"4282","300135b","Action_2","Morph_3","GER","Groom","Bigloudscratch","BigLoudScratch.1","Waibira",0.327863862084613,0.0928057553956834,0.215827338129496
"4283","300136a","Action_2","Morph_3","GER","Directattention","Bigloudscratch","BigLoudScratch.1","Waibira",1.49805932445071,0.0928057553956834,0.215827338129496
"4284","300136a","Action_38","Morph_77","GER","Directattention","Present","Present.3","Waibira",1.46232904739589,0.041726618705036,0.142446043165468
"4285","300136a","Action_2","Morph_3","GER","Directattention","Bigloudscratch","BigLoudScratch.1","Waibira",0.048790164169432,0.0928057553956834,0.215827338129496
"4286","300734b","Action_2","Morph_3","GER","Groom","Bigloudscratch","BigLoudScratch.1","Waibira",0.985816794522765,0.0928057553956834,0.215827338129496
"4287","300845","Action_2","Morph_3","GER","Groom","Bigloudscratch","BigLoudScratch.1","Waibira",1.81677723220334,0.0928057553956834,0.215827338129496
"4288","300731a","Action_2","Morph_3","GER","Groom","Bigloudscratch","BigLoudScratch.1","Waibira",1.43912397476442,0.0928057553956834,0.215827338129496
"4289","300551","Action_41","Morph_85","GER","Position","Pull","Pull.2","Waibira",0.476234178996372,0.0115107913669065,0.0280575539568345
"4290","300138a","Action_38","Morph_77","GER","Groom","Present","Present.3","Waibira",1.38679423616154,0.041726618705036,0.142446043165468
"4291","300673","Action_2","Morph_3","GER","Groom","Bigloudscratch","BigLoudScratch.1","Waibira",1.67859077112242,0.0928057553956834,0.215827338129496
"4292","300141","Action_38","Morph_77","GER","Directattention","Present","Present.3","Waibira",1.56548602490492,0.041726618705036,0.142446043165468
"4293","300552","Action_38","Morph_78","GER","Groom","Present","Present.4","Waibira",0.76220671649144,0.0287769784172662,0.142446043165468
"4294","300732a","Action_2","Morph_5","GER","Groom","Bigloudscratch","BigLoudScratch.3","Waibira",1.00063188030791,0.0424460431654676,0.215827338129496
"4295","300331","Action_2","Morph_4","GER","Directattention","Bigloudscratch","BigLoudScratch.2","Waibira",0.418052223613636,0.0431654676258993,0.215827338129496
"4296","300331","Action_38","Morph_76","GER","Directattention","Present","Present.2","Waibira",0.78845736036427,0.0251798561151079,0.142446043165468
"4297","300845","Action_38","Morph_77","GER","Groom","Present","Present.3","Waibira",1.92337235602995,0.041726618705036,0.142446043165468
"4298","300405","Action_2","Morph_4","GER","Travel","Bigloudscratch","BigLoudScratch.2","Waibira",1.72258801036676,0.0431654676258993,0.215827338129496
"4299","300016","Action_2","Morph_5","GER","Directattention","Bigloudscratch","BigLoudScratch.3","Waibira",0.89199803930511,0.0424460431654676,0.215827338129496
"4300","300543b","Action_2","Morph_4","GER","Groom","Bigloudscratch","BigLoudScratch.2","Waibira",0.992510757785564,0.0431654676258993,0.215827338129496
"4301","300555a","Action_38","Morph_78","GER","Groom","Present","Present.4","Waibira",1.05466040113893,0.0287769784172662,0.142446043165468
"4302","300555a","Action_2","Morph_3","GER","Groom","Bigloudscratch","BigLoudScratch.1","Waibira",0.546964670381864,0.0928057553956834,0.215827338129496
"4303","300544b","Action_2","Morph_4","GER","Groom","Bigloudscratch","BigLoudScratch.2","Waibira",-0.0439518875291828,0.0431654676258993,0.215827338129496
"4304","300706","Action_38","Morph_79","GER","Directattention","Present","Present.5","Waibira",0.63974640383283,0.00359712230215827,0.142446043165468
"4305","300172","Action_42","Morph_89","GER","Position","Push","Push.2","Waibira",0.059211859631846,0.0115107913669065,0.0359712230215827
"4306","300011","Action_42","Morph_89","GER","Position","Push","Push.2","Waibira",-0.150822889734584,0.0115107913669065,0.0359712230215827
"4307","300111","Action_38","Morph_77","GER","Directattention","Present","Present.3","Waibira",1.31881819599498,0.041726618705036,0.142446043165468
"4308","300111","Action_2","Morph_3","GER","Directattention","Bigloudscratch","BigLoudScratch.1","Waibira",0.921079248605952,0.0928057553956834,0.215827338129496
"4309","300118","Action_2","Morph_3","GER","Groom","Bigloudscratch","BigLoudScratch.1","Waibira",0.928614481562987,0.0928057553956834,0.215827338129496
"4310","300112","Action_38","Morph_78","GER","Directattention","Present","Present.4","Waibira",1.16533592071102,0.0287769784172662,0.142446043165468
"4311","300113","Action_41","Morph_85","GER","Position","Pull","Pull.2","Waibira",0.324977857195478,0.0115107913669065,0.0280575539568345
"4312","300117","Action_2","Morph_6","GER","Groom","Bigloudscratch","BigLoudScratch.4","Waibira",1.33157414891966,0.0201438848920863,0.215827338129496
"4313","300524","Action_2","Morph_5","GER","Groom","Bigloudscratch","BigLoudScratch.3","Waibira",1.22230376101066,0.0424460431654676,0.215827338129496
"4314","300114","Action_38","Morph_78","GER","Directattention","Present","Present.4","Waibira",1.50363285353712,0.0287769784172662,0.142446043165468
"4315","300113","Action_41","Morph_85","GER","Position","Pull","Pull.2","Waibira",-0.282362910974181,0.0115107913669065,0.0280575539568345
"4316","300332a","Action_2","Morph_5","GER","Groom","Bigloudscratch","BigLoudScratch.3","Waibira",1.52583888855779,0.0424460431654676,0.215827338129496
"4317","300335","Action_2","Morph_7","GER","Groom","Bigloudscratch","BigLoudScratch.5","Waibira",-0.385662480811985,0.00647482014388489,0.215827338129496
"4318","300333a","Action_2","Morph_5","GER","Groom","Bigloudscratch","BigLoudScratch.3","Waibira",1.19966353273784,0.0424460431654676,0.215827338129496
"4319","300335","Action_41","Morph_86","GER","Groom","Pull","Pull.3","Waibira",0.0392207131532813,0.00503597122302158,0.0280575539568345
"4320","300015","Action_38","Morph_78","GER","Directattention","Present","Present.4","Waibira",1.21787570949493,0.0287769784172662,0.142446043165468
"4321","300015","Action_2","Morph_3","GER","Directattention","Bigloudscratch","BigLoudScratch.1","Waibira",1.442674694556,0.0928057553956834,0.215827338129496
"4322","300220a","Action_2","Morph_3","ILA","Groom","Bigloudscratch","BigLoudScratch.1","Waibira",0.739076112448345,0.0928057553956834,0.215827338129496
"4323","300575a","Action_2","Morph_5","ILA","Groom","Bigloudscratch","BigLoudScratch.3","Waibira",0.945461109173935,0.0424460431654676,0.215827338129496
"4324","300576","Action_2","Morph_5","ILA","Directattention","Bigloudscratch","BigLoudScratch.3","Waibira",0.797507195884188,0.0424460431654676,0.215827338129496
"4325","300575a","Action_38","Morph_80","ILA","Groom","Present","Present.6","Waibira",0.921079248605952,0.00575539568345324,0.142446043165468
"4326","300090b","Action_63","Morph_135","ILA","Affiliation","Touch","Touch.4","Waibira",0.857389623953994,0.00935251798561151,0.0669064748201439
"4327","300089a","Action_1","Morph_2","ILA","Moveclose","Beckon","Beckon.2","Waibira",-0.449416995637347,0.00359712230215827,0.00575539568345324
"4328","300038","Action_2","Morph_3","ILA","Groom","Bigloudscratch","BigLoudScratch.1","Waibira",1.24818105899026,0.0928057553956834,0.215827338129496
"4329","300254a","Action_2","Morph_3","ILA","Groom","Bigloudscratch","BigLoudScratch.1","Waibira",1.23401692567431,0.0928057553956834,0.215827338129496
"4330","300252","Action_2","Morph_3","ILA","Groom","Bigloudscratch","BigLoudScratch.1","Waibira",1.20297230399235,0.0928057553956834,0.215827338129496
"4331","300253a","Action_38","Morph_77","ILA","Groom","Present","Present.3","Waibira",1.62649166699993,0.041726618705036,0.142446043165468
"4332","300807","Action_63","Morph_140","JAK","Giveme","Touch","Touch.9","Waibira",0.456158222423683,0.00431654676258993,0.0669064748201439
"4333","300807","Action_45","Morph_100","JAK","Giveme","Reach","Reach.1","Waibira",0.896088024556636,0.0827338129496403,0.097841726618705
"4334","300807","Action_45","Morph_100","JAK","Giveme","Reach","Reach.1","Waibira",0.246860077931526,0.0827338129496403,0.097841726618705
"4335","300645","Action_45","Morph_100","JIN","Giveme","Reach","Reach.1","Waibira",2.51138628259238,0.0827338129496403,0.097841726618705
"4336","300759a","Action_23","Morph_47","JIN","Affiliation","Hittingother","HitOther.3","Waibira",0.147557564357615,0.00719424460431655,0.00719424460431655
"4337","300759a","Action_45","Morph_100","JIN","Affiliation","Reach","Reach.1","Waibira",0.780241887410879,0.0827338129496403,0.097841726618705
"4338","300759a","Action_63","Morph_132","JIN","Affiliation","Touch","Touch.1","Waibira",-1.83258146374831,0.0179856115107914,0.0669064748201439
"4339","300796","Action_40","Morph_82","JNO","Sexualattention","Presentgenitalsforwards","PresentGenitals.1","Waibira",2.4048708865348,0.0474820143884892,0.0179856115107914
"4340","300723","Action_40","Morph_82","JNO","Sexualattention","Presentgenitalsforwards","PresentGenitals.1","Waibira",1.07124109187198,0.0474820143884892,0.0179856115107914
"4341","300887","Action_40","Morph_82","JNO","Sexualattention","Presentgenitalsforwards","PresentGenitals.1","Waibira",2.16343796158389,0.0474820143884892,0.0179856115107914
"4342","300830","Action_40","Morph_82","JNO","Sexualattention","Presentgenitalsforwards","PresentGenitals.1","Waibira",0.882940752192601,0.0474820143884892,0.0179856115107914
"4343","300888","Action_40","Morph_82","JNO","Sexualattention","Presentgenitalsforwards","PresentGenitals.1","Waibira",1.65134731551131,0.0474820143884892,0.0179856115107914
"4344","300889","Action_2","Morph_4","JNO","Sexualattention","Bigloudscratch","BigLoudScratch.2","Waibira",1.48907655576292,0.0431654676258993,0.215827338129496
"4345","300826","Action_40","Morph_82","JNO","Sexualattention","Presentgenitalsforwards","PresentGenitals.1","Waibira",1.69524856884721,0.0474820143884892,0.0179856115107914
"4346","300889","Action_40","Morph_82","JNO","Sexualattention","Presentgenitalsforwards","PresentGenitals.1","Waibira",0.664747706038247,0.0474820143884892,0.0179856115107914
"4347","300889","Action_57","Morph_115","JNO","Sexualattention","Stompobject","StompObject.1","Waibira",-0.510825623765991,0.020863309352518,0.0258992805755396
"4348","300735","Action_40","Morph_82","JNO","Sexualattention","Presentgenitalsforwards","PresentGenitals.1","Waibira",0.696641069814201,0.0474820143884892,0.0179856115107914
"4349","300735","Action_1","Morph_2","JNO","Sexualattention","Beckon","Beckon.2","Waibira",-0.825536368605691,0.00359712230215827,0.00575539568345324
"4350","300888","Action_57","Morph_115","JNO","Sexualattention","Stompobject","StompObject.1","Waibira",-0.45886588483528,0.020863309352518,0.0258992805755396
"4351","300890","Action_40","Morph_82","JNO","Sexualattention","Presentgenitalsforwards","PresentGenitals.1","Waibira",0.70951253464621,0.0474820143884892,0.0179856115107914
"4352","300889","Action_54","Morph_114","JNO","Sexualattention","Stancebipedal","StanceBipedal.1","Waibira",1.30291275218084,0.00359712230215827,0.00359712230215827
"4353","300888","Action_40","Morph_82","JNO","Sexualattention","Presentgenitalsforwards","PresentGenitals.1","Waibira",1.1543623037726,0.0474820143884892,0.0179856115107914
"4354","300886","Action_27","Morph_55","JNO","Sexualattention","Leafclip","LeafClip.2","Waibira",0.244513577050402,0.00863309352517986,0.0115107913669065
"4355","300889","Action_40","Morph_82","JNO","Sexualattention","Presentgenitalsforwards","PresentGenitals.1","Waibira",1.88631178616928,0.0474820143884892,0.0179856115107914
"4356","300889","Action_2","Morph_3","JNO","Sexualattention","Bigloudscratch","BigLoudScratch.1","Waibira",1.52126222153038,0.0928057553956834,0.215827338129496
"4357","300889","Action_54","Morph_114","JNO","Sexualattention","Stancebipedal","StanceBipedal.1","Waibira",-0.132389188045746,0.00359712230215827,0.00359712230215827
"4358","300888","Action_40","Morph_82","JNO","Sexualattention","Presentgenitalsforwards","PresentGenitals.1","Waibira",1.64113035916659,0.0474820143884892,0.0179856115107914
"4359","300889","Action_40","Morph_82","JNO","Sexualattention","Presentgenitalsforwards","PresentGenitals.1","Waibira",1.41682356615471,0.0474820143884892,0.0179856115107914
"4360","300830","Action_40","Morph_82","JNO","Sexualattention","Presentgenitalsforwards","PresentGenitals.1","Waibira",1.87287852051285,0.0474820143884892,0.0179856115107914
"4361","300828","Action_33","Morph_61","JNO","Stopbehaviour","Objectmove","ObjectMove.1","Waibira",-0.0449973659307358,0.018705035971223,0.0194244604316547
"4362","300636","Action_43","Morph_96","JNO","Staysame","Raise","Raise.1","Waibira",-1.13943428318836,0.0258992805755396,0.0316546762589928
"4363","300296","Action_45","Morph_100","KET","Affiliation","Reach","Reach.1","Waibira",0.0760346862759976,0.0827338129496403,0.097841726618705
"4364","300040","Action_38","Morph_76","KET","Directattention","Present","Present.2","Waibira",1.85269776733313,0.0251798561151079,0.142446043165468
"4365","300039","Action_42","Morph_89","KET","Position","Push","Push.2","Waibira",0.206200830583898,0.0115107913669065,0.0359712230215827
"4366","300538","Action_39","Morph_82","KET","Sexualattention","Presentgenitalsbackwards","PresentGenitals.1","Waibira",1.23314318162572,0.0474820143884892,0.0402877697841727
"4367","300463","Action_20","Morph_50","KET","Staysame","Hitother","HitOther.6","Waibira",-0.918793862092274,0.00359712230215827,0.0122302158273381
"4368","300452b","Action_63","Morph_135","KEV","Affiliation","Touch","Touch.4","Waibira",0,0.00935251798561151,0.0669064748201439
"4369","300261b","Action_63","Morph_132","KEV","Affiliation","Touch","Touch.1","Waibira",0.529451087889156,0.0179856115107914,0.0669064748201439
"4370","300443a","Action_2","Morph_4","KEV","Groom","Bigloudscratch","BigLoudScratch.2","Waibira",1.34885206564402,0.0431654676258993,0.215827338129496
"4371","300436","Action_38","Morph_77","KEV","Groom","Present","Present.3","Waibira",1.28010016471349,0.041726618705036,0.142446043165468
"4372","300443a","Action_2","Morph_6","KEV","Groom","Bigloudscratch","BigLoudScratch.4","Waibira",0.570979546585738,0.0201438848920863,0.215827338129496
"4373","300540","Action_34","Morph_65","KEV","Sexualattention","Objectshake","ObjectShake.1","Waibira",0.520577915208669,0.0158273381294964,0.0201438848920863
"4374","300248a","Action_57","Morph_115","KEV","Stopbehaviour","Stompobject","StompObject.1","Waibira",-1.19732826160727,0.020863309352518,0.0258992805755396
"4375","300005b","Action_45","Morph_101","KEV","Support","Reach","Reach.2","Waibira",0.219135529916671,0.00863309352517986,0.097841726618705
"4376","300198","Action_33","Morph_61","KEV","Stopbehaviour","Objectmove","ObjectMove.1","Waibira",0.844579884320155,0.018705035971223,0.0194244604316547
"4377","300198","Action_31","Morph_59","KEV","Stopbehaviour","Lunge","Lunge.1","Waibira",-0.646263594661095,0.00503597122302158,0.00503597122302158
"4378","300446","Action_42","Morph_90","KEV","Position","Push","Push.3","Waibira",0.214304602647005,0.00431654676258993,0.0359712230215827
"4379","300086","Action_45","Morph_100","KEV","Giveme","Reach","Reach.1","Waibira",1.94017947434633,0.0827338129496403,0.097841726618705
"4380","300470b","Action_11","Morph_22","KEV","Affiliation","Embrace","Embrace.1","Waibira",0.749527513996053,0.00719424460431655,0.0165467625899281
"4381","300199","Action_45","Morph_100","KEV","Giveme","Reach","Reach.1","Waibira",1.9833435516345,0.0827338129496403,0.097841726618705
"4382","300086","Action_64","Morph_140","KEV","Giveme","Touchlongother","Touch.9","Waibira",2.804511233573,0.00431654676258993,0.0100719424460432
"4383","300086","Action_45","Morph_100","KEV","Giveme","Reach","Reach.1","Waibira",1.60221186734236,0.0827338129496403,0.097841726618705
"4384","300342a","Action_38","Morph_76","KEV","Groom","Present","Present.2","Waibira",1.28647402583768,0.0251798561151079,0.142446043165468
"4385","300429","Action_42","Morph_89","KEV","Position","Push","Push.2","Waibira",-0.12897038129696,0.0115107913669065,0.0359712230215827
"4386","300428","Action_42","Morph_89","KEV","Position","Push","Push.2","Waibira",0.0769610411361284,0.0115107913669065,0.0359712230215827
"4387","300427b","Action_2","Morph_3","KEV","Groom","Bigloudscratch","BigLoudScratch.1","Waibira",1.19966353273784,0.0928057553956834,0.215827338129496
"4388","300453a","Action_59","Morph_125","KEV","Affiliation","Stroke","Stroke.2","Waibira",-0.328504066972036,0.00287769784172662,0.00575539568345324
"4389","300453a","Action_63","Morph_134","KEV","Affiliation","Touch","Touch.3","Waibira",-0.224394333215862,0.0115107913669065,0.0669064748201439
"4390","300453a","Action_45","Morph_100","KEV","Affiliation","Reach","Reach.1","Waibira",0.27763173659828,0.0827338129496403,0.097841726618705
"4391","300640","Action_60","Morph_127","KIB","Play","Swing","Swing.1","Waibira",1.46371825808469,0.0165467625899281,0.0172661870503597
"4392","300640","Action_13","Morph_27","KIB","Play","Fling","Fling.1","Waibira",-0.230671817735001,0.0165467625899281,0.0172661870503597
"4393","300377","Action_4","Morph_11","KID","Affiliation","Bitekiss","Bite.3","Waibira",-0.823255865906966,0.00215827338129496,0.00719424460431655
"4394","300769","Action_43","Morph_96","KIL","Groom","Raise","Raise.1","Waibira",1.54883829030517,0.0258992805755396,0.0316546762589928
"4395","300129","Action_38","Morph_77","KIL","Directattention","Present","Present.3","Waibira",1.23634318435639,0.041726618705036,0.142446043165468
"4396","300773","Action_38","Morph_76","KIL","Groom","Present","Present.2","Waibira",1.28509185561073,0.0251798561151079,0.142446043165468
"4397","300769","Action_38","Morph_75","KIL","Groom","Present","Present.1","Waibira",0.3859424416193,0.0330935251798561,0.142446043165468
"4398","300128","Action_2","Morph_3","KIL","Groom","Bigloudscratch","BigLoudScratch.1","Waibira",0.8419981272923,0.0928057553956834,0.215827338129496
"4399","300769","Action_2","Morph_3","KIL","Groom","Bigloudscratch","BigLoudScratch.1","Waibira",1.56318452791664,0.0928057553956834,0.215827338129496
"4400","300130","Action_38","Morph_78","KIL","Directattention","Present","Present.4","Waibira",0.522358859579664,0.0287769784172662,0.142446043165468
"4401","300560","Action_39","Morph_83","KIL","Sociosexualattention","Presentgenitalsbackwards","PresentGenitals.2","Waibira",0.378436435720245,0.0107913669064748,0.0402877697841727
"4402","300873a","Action_38","Morph_77","KIL","Groom","Present","Present.3","Waibira",1.84971386248861,0.041726618705036,0.142446043165468
"4403","300715","Action_43","Morph_96","KIL","Staysame","Raise","Raise.1","Waibira",-0.579818495252942,0.0258992805755396,0.0316546762589928
"4404","300163","Action_38","Morph_75","KIP","Directattention","Present","Present.1","Waibira",0.617345467143663,0.0330935251798561,0.142446043165468
"4405","300127","Action_38","Morph_75","KIP","Directattention","Present","Present.1","Waibira",1.10160779764791,0.0330935251798561,0.142446043165468
"4406","300534","Action_63","Morph_134","KIP","Takeobjectnurse","Touch","Touch.3","Waibira",-0.378336440719912,0.0115107913669065,0.0669064748201439
"4407","300771","Action_17","Morph_39","KIP","Moveaway","Hitobject","HitObject.1","Waibira",-0.691149177897272,0.041726618705036,0.0482014388489209
"4408","300771","Action_17","Morph_41","KIP","Moveaway","Hitobject","HitObject.3","Waibira",-0.949330585952355,0.00431654676258993,0.0482014388489209
"4409","300771","Action_57","Morph_115","KIP","Moveaway","Stompobject","StompObject.1","Waibira",-0.858021823750179,0.020863309352518,0.0258992805755396
"4410","300771","Action_17","Morph_39","KIP","Moveaway","Hitobject","HitObject.1","Waibira",-0.544727175441672,0.041726618705036,0.0482014388489209
"4411","300772","Action_21","Morph_42","KIP","Moveaway","Hittingobject","HitObject.4","Waibira",-0.116533816255952,0.00431654676258993,0.00719424460431655
"4412","300862","Action_14","Morph_33","LAF","Sociosexualattention","Grab","Grab.5","Waibira",0.670390193437329,0.00287769784172662,0.0107913669064748
"4413","300666a","Action_2","Morph_3","LAF","Groom","Bigloudscratch","BigLoudScratch.1","Waibira",0.56531380905006,0.0928057553956834,0.215827338129496
"4414","300730","Action_45","Morph_100","LAF","Staysame","Reach","Reach.1","Waibira",0.564176799262985,0.0827338129496403,0.097841726618705
"4415","300833","Action_63","Morph_136","LAF","Staysame","Touch","Touch.5","Waibira",-0.44628710262842,0.00719424460431655,0.0669064748201439
"4416","300635b","Action_38","Morph_76","LAF","Groom","Present","Present.2","Waibira",0.383219499160845,0.0251798561151079,0.142446043165468
"4417","300679","Action_45","Morph_101","LAF","Giveme","Reach","Reach.2","Waibira",3.87007537762038,0.00863309352517986,0.097841726618705
"4418","300678a","Action_40","Morph_82","LAF","Sociosexualattention","Presentgenitalsforwards","PresentGenitals.1","Waibira",0.967744013463071,0.0474820143884892,0.0179856115107914
"4419","300175","Action_63","Morph_132","LAF","Affiliation","Touch","Touch.1","Waibira",0.205386829724951,0.0179856115107914,0.0669064748201439
"4420","300675","Action_11","Morph_22","LAM","Play","Embrace","Embrace.1","Waibira",0.535323095366378,0.00719424460431655,0.0165467625899281
"4421","300676a","Action_11","Morph_23","LAM","Play","Embrace","Embrace.2","Waibira",1.12167756159911,0.00359712230215827,0.0165467625899281
"4422","300676a","Action_23","Morph_47","LAM","Play","Hittingother","HitOther.3","Waibira",0.53999600106577,0.00719424460431655,0.00719424460431655
"4423","300465","Action_55","Morph_117","LAM","Play","Stompingobject","StompObject.3","Waibira",0.205386829724951,0.00287769784172662,0.00431654676258993
"4424","300465","Action_2","Morph_5","LAM","Play","Bigloudscratch","BigLoudScratch.3","Waibira",0.148420005118273,0.0424460431654676,0.215827338129496
"4425","300674a","Action_17","Morph_42","LAM","Sociosexualattention","Hitobject","HitObject.4","Waibira",-0.385662480811985,0.00431654676258993,0.0482014388489209
"4426","300674a","Action_39","Morph_83","LAM","Sociosexualattention","Presentgenitalsbackwards","PresentGenitals.2","Waibira",0.864997437486605,0.0107913669064748,0.0402877697841727
"4427","300216","Action_38","Morph_75","LAM","Directattention","Present","Present.1","Waibira",1.88129543453891,0.0330935251798561,0.142446043165468
"4428","300215","Action_41","Morph_85","LAM","Position","Pull","Pull.2","Waibira",0.64814981462921,0.0115107913669065,0.0280575539568345
"4429","300217","Action_38","Morph_77","LAM","Directattention","Present","Present.3","Waibira",2.43176955137487,0.041726618705036,0.142446043165468
"4430","300217","Action_2","Morph_3","LAM","Directattention","Bigloudscratch","BigLoudScratch.1","Waibira",1.16190002790403,0.0928057553956834,0.215827338129496
"4431","300293","Action_64","Morph_133","LAM","Climbonyou","Touchlongother","Touch.2","Waibira",1.09024403899759,0.00863309352517986,0.0100719424460432
"4432","300212","Action_42","Morph_90","LAM","Position","Push","Push.3","Waibira",-0.34389975245001,0.00431654676258993,0.0359712230215827
"4433","300271","Action_57","Morph_119","LAM","Play","Stompobject","StompObject.5","Waibira",-0.627359440021942,0.00431654676258993,0.0258992805755396
"4434","300274","Action_57","Morph_119","LAM","Attendme","Stompobject","StompObject.5","Waibira",-0.154317360384357,0.00431654676258993,0.0258992805755396
"4435","300271","Action_33","Morph_61","LAM","Play","Objectmove","ObjectMove.1","Waibira",0.107957141505092,0.018705035971223,0.0194244604316547
"4436","300274","Action_57","Morph_119","LAM","Attendme","Stompobject","StompObject.5","Waibira",-0.393042588109607,0.00431654676258993,0.0258992805755396
"4437","300274","Action_57","Morph_115","LAM","Attendme","Stompobject","StompObject.1","Waibira",-0.452556715642015,0.020863309352518,0.0258992805755396
"4438","300274","Action_33","Morph_61","LAM","Attendme","Objectmove","ObjectMove.1","Waibira",1.04380405217311,0.018705035971223,0.0194244604316547
"4439","300271","Action_63","Morph_133","LAM","Play","Touch","Touch.2","Waibira",-0.0335567835288428,0.00863309352517986,0.0669064748201439
"4440","300653","Action_14","Morph_29","LAM","Playcontinue","Grab","Grab.1","Waibira",0.692146680226362,0.00359712230215827,0.0107913669064748
"4441","300685","Action_20","Morph_45","LAM","Play","Hitother","HitOther.1","Waibira",-0.239527030564734,0.00647482014388489,0.0122302158273381
"4442","300170a","Action_2","Morph_4","LAN","Sexualattention","Bigloudscratch","BigLoudScratch.2","Waibira",1.01414313204166,0.0431654676258993,0.215827338129496
"4443","300170a","Action_47","Morph_103","LAN","Sexualattention","Rockingsit","Rocking.1","Waibira",0.0285874568519125,0.00863309352517986,0.00863309352517986
"4444","300135a","Action_38","Morph_76","LIL","Groom","Present","Present.2","Waibira",0.554459660786052,0.0251798561151079,0.142446043165468
"4445","300135a","Action_43","Morph_96","LIL","Groom","Raise","Raise.1","Waibira",-0.06720874969345,0.0258992805755396,0.0316546762589928
"4446","300136b","Action_38","Morph_76","LIL","Directattention","Present","Present.2","Waibira",1.82196531128512,0.0251798561151079,0.142446043165468
"4447","300135a","Action_20","Morph_50","LIL","Groom","Hitother","HitOther.6","Waibira",-1.72597172869005,0.00359712230215827,0.0122302158273381
"4448","300248b","Action_43","Morph_96","LIL","Affiliation","Raise","Raise.1","Waibira",-0.283690051182243,0.0258992805755396,0.0316546762589928
"4449","300248b","Action_45","Morph_100","LIL","Affiliation","Reach","Reach.1","Waibira",0.0676586484738149,0.0827338129496403,0.097841726618705
"4450","300248b","Action_43","Morph_96","LIL","Affiliation","Raise","Raise.1","Waibira",0.112435429329788,0.0258992805755396,0.0316546762589928
"4451","300843a","Action_45","Morph_100","LIL","Affiliation","Reach","Reach.1","Waibira",0.891588119233783,0.0827338129496403,0.097841726618705
"4452","300195","Action_33","Morph_61","LIR","Moveaway","Objectmove","ObjectMove.1","Waibira",-0.579818495252942,0.018705035971223,0.0194244604316547
"4453","300195","Action_57","Morph_115","LIR","Moveaway","Stompobject","StompObject.1","Waibira",-0.867500567704723,0.020863309352518,0.0258992805755396
"4454","300210","Action_43","Morph_96","LIR","Takeobjectnurse","Raise","Raise.1","Waibira",0.260053905334307,0.0258992805755396,0.0316546762589928
"4455","300878","Action_45","Morph_100","LIR","Travel","Reach","Reach.1","Waibira",2.48590615012108,0.0827338129496403,0.097841726618705
"4456","300211","Action_38","Morph_75","LIR","Directattention","Present","Present.1","Waibira",1.65115550578597,0.0330935251798561,0.142446043165468
"4457","300681","Action_42","Morph_92","LIR","Takeobjectnurse","Push","Push.5","Waibira",0.336472236621213,0.00431654676258993,0.0359712230215827
"4458","300681","Action_42","Morph_88","LIR","Takeobjectnurse","Push","Push.1","Waibira",0.804688555292853,0.0115107913669065,0.0359712230215827
"4459","300272","Action_42","Morph_92","LIR","Stopbehaviour","Push","Push.5","Waibira",0.139761942375159,0.00431654676258993,0.0359712230215827
"4460","300280","Action_39","Morph_82","LIR","Sexualattention","Presentgenitalsbackwards","PresentGenitals.1","Waibira",1.85285456858787,0.0474820143884892,0.0402877697841727
"4461","300815","Action_39","Morph_82","LIR","Sexualattention","Presentgenitalsbackwards","PresentGenitals.1","Waibira",1.26553815998409,0.0474820143884892,0.0402877697841727
"4462","300090a","Action_45","Morph_100","LIZ","Affiliation","Reach","Reach.1","Waibira",0.134530892957606,0.0827338129496403,0.097841726618705
"4463","300090a","Action_63","Morph_135","LIZ","Affiliation","Touch","Touch.4","Waibira",0.676001021724975,0.00935251798561151,0.0669064748201439
"4464","300071","Action_43","Morph_96","LIZ","Giveme","Raise","Raise.1","Waibira",0.198030850499135,0.0258992805755396,0.0316546762589928
"4465","300070","Action_41","Morph_84","LIZ","Giveme","Pull","Pull.1","Waibira",1.0564004398588,0.0079136690647482,0.0280575539568345
"4466","300071","Action_45","Morph_100","LIZ","Giveme","Reach","Reach.1","Waibira",0.49956243148728,0.0827338129496403,0.097841726618705
"4467","300071","Action_45","Morph_100","LIZ","Giveme","Reach","Reach.1","Waibira",-0.269187489815617,0.0827338129496403,0.097841726618705
"4468","300516","Action_41","Morph_84","LIZ","Giveme","Pull","Pull.1","Waibira",1.26497382588333,0.0079136690647482,0.0280575539568345
"4469","300516","Action_41","Morph_84","LIZ","Giveme","Pull","Pull.1","Waibira",1.63432562794188,0.0079136690647482,0.0280575539568345
"4470","300516","Action_45","Morph_100","LIZ","Giveme","Reach","Reach.1","Waibira",1.04063000612976,0.0827338129496403,0.097841726618705
"4471","300526","Action_38","Morph_79","LIZ","Groom","Present","Present.5","Waibira",0.833343811053229,0.00359712230215827,0.142446043165468
"4472","300099a","Action_15","Morph_36","LIZ","Play","Grabhold","GrabHold.2","Waibira",2.79600002650024,0.00359712230215827,0.0107913669064748
"4473","300310b","Action_43","Morph_96","LIZ","Play","Raise","Raise.1","Waibira",1.15057202759882,0.0258992805755396,0.0316546762589928
"4474","300077","Action_13","Morph_27","LIZ","Moveaway","Fling","Fling.1","Waibira",-0.427710717055484,0.0165467625899281,0.0172661870503597
"4475","300077","Action_13","Morph_27","LIZ","Moveaway","Fling","Fling.1","Waibira",-0.151986356997882,0.0165467625899281,0.0172661870503597
"4476","300005a","Action_45","Morph_100","LKU","Support","Reach","Reach.1","Waibira",1.62491748328249,0.0827338129496403,0.097841726618705
"4477","300003","Action_39","Morph_83","LKU","Affiliation","Presentgenitalsbackwards","PresentGenitals.2","Waibira",1.20297230399235,0.0107913669064748,0.0402877697841727
"4478","300276b","Action_20","Morph_45","LKU","Stopbehaviour","Hitother","HitOther.1","Waibira",-0.699165252885508,0.00647482014388489,0.0122302158273381
"4479","300281","Action_17","Morph_39","LKU","Sexualattention","Hitobject","HitObject.1","Waibira",-0.454130280089445,0.041726618705036,0.0482014388489209
"4480","300281","Action_61","Morph_130","LKU","Sexualattention","Throwobject","ThrowObject.1","Waibira",-0.127833371509885,0.00503597122302158,0.00503597122302158
"4481","300281","Action_2","Morph_3","LKU","Sexualattention","Bigloudscratch","BigLoudScratch.1","Waibira",0.803793700647009,0.0928057553956834,0.215827338129496
"4482","300281","Action_57","Morph_119","LKU","Sexualattention","Stompobject","StompObject.5","Waibira",-0.368169323364468,0.00431654676258993,0.0258992805755396
"4483","300281","Action_57","Morph_115","LKU","Sexualattention","Stompobject","StompObject.1","Waibira",-0.489390343045926,0.020863309352518,0.0258992805755396
"4484","300281","Action_43","Morph_97","LKU","Sexualattention","Raise","Raise.2","Waibira",-0.627359440021942,0.00575539568345324,0.0316546762589928
"4485","300281","Action_61","Morph_130","LKU","Sexualattention","Throwobject","ThrowObject.1","Waibira",-0.336872316642553,0.00503597122302158,0.00503597122302158
"4486","300819","Action_61","Morph_130","LKU","Moveaway","Throwobject","ThrowObject.1","Waibira",-0.661648513500574,0.00503597122302158,0.00503597122302158
"4487","300820","Action_61","Morph_130","LKU","Moveaway","Throwobject","ThrowObject.1","Waibira",-0.334075112021491,0.00503597122302158,0.00503597122302158
"4488","300004","Action_13","Morph_27","LKU","Moveaway","Fling","Fling.1","Waibira",-0.048140375327935,0.0165467625899281,0.0172661870503597
"4489","300087","Action_15","Morph_36","LOT","Affiliation","Grabhold","GrabHold.2","Waibira",1.44149252158465,0.00359712230215827,0.0107913669064748
"4490","300125a","Action_39","Morph_82","LOT","Support","Presentgenitalsbackwards","PresentGenitals.1","Waibira",1.67840411689882,0.0474820143884892,0.0402877697841727
"4491","300517a","Action_3","Morph_11","LOT","Support","Bite","Bite.3","Waibira",0.477475644084437,0.00215827338129496,0.0115107913669065
"4492","300504a","Action_39","Morph_83","LOT","Affiliation","Presentgenitalsbackwards","PresentGenitals.2","Waibira",0.63710578967632,0.0107913669064748,0.0402877697841727
"4493","300567","Action_63","Morph_133","LOT","Affiliation","Touch","Touch.2","Waibira",-0.532730459154041,0.00863309352517986,0.0669064748201439
"4494","300517a","Action_39","Morph_82","LOT","Support","Presentgenitalsbackwards","PresentGenitals.1","Waibira",0.870456195530356,0.0474820143884892,0.0402877697841727
"4495","300569b","Action_63","Morph_132","LOT","Affiliation","Touch","Touch.1","Waibira",0.489806256541915,0.0179856115107914,0.0669064748201439
"4496","300569b","Action_63","Morph_134","LOT","Affiliation","Touch","Touch.3","Waibira",-0.84863208340034,0.0115107913669065,0.0669064748201439
"4497","300569b","Action_63","Morph_132","LOT","Affiliation","Touch","Touch.1","Waibira",-0.026343975339602,0.0179856115107914,0.0669064748201439
"4498","300518","Action_15","Morph_35","LOT","Giveme","Grabhold","GrabHold.1","Waibira",1.70964517285113,0.00575539568345324,0.0107913669064748
"4499","300519","Action_2","Morph_7","LOT","Groom","Bigloudscratch","BigLoudScratch.5","Waibira",1.09927873321127,0.00647482014388489,0.215827338129496
"4500","300518","Action_63","Morph_132","LOT","Giveme","Touch","Touch.1","Waibira",0.412109650826833,0.0179856115107914,0.0669064748201439
"4501","300074","Action_43","Morph_96","LOT","Climbonme","Raise","Raise.1","Waibira",0.752359040191791,0.0258992805755396,0.0316546762589928
"4502","300123","Action_41","Morph_86","LOT","Climbonme","Pull","Pull.3","Waibira",0.902191807494653,0.00503597122302158,0.0280575539568345
"4503","300123","Action_41","Morph_86","LOT","Climbonme","Pull","Pull.3","Waibira",0.889535994565335,0.00503597122302158,0.0280575539568345
"4504","300123","Action_41","Morph_84","LOT","Climbonme","Pull","Pull.1","Waibira",0.800206252853353,0.0079136690647482,0.0280575539568345
"4505","300074","Action_38","Morph_77","LOT","Climbonme","Present","Present.3","Waibira",1.27284566861231,0.041726618705036,0.142446043165468
"4506","300123","Action_41","Morph_85","LOT","Climbonme","Pull","Pull.2","Waibira",-0.661648513500574,0.0115107913669065,0.0280575539568345
"4507","300098","Action_38","Morph_75","LOT","Groom","Present","Present.1","Waibira",1.25047463797736,0.0330935251798561,0.142446043165468
"4508","300312","Action_63","Morph_136","LOT","Affiliation","Touch","Touch.5","Waibira",-0.083381608939051,0.00719424460431655,0.0669064748201439
"4509","300088","Action_63","Morph_134","LOT","Affiliation","Touch","Touch.3","Waibira",1.06056422103058,0.0115107913669065,0.0669064748201439
"4510","300099b","Action_63","Morph_137","LTS","Stopbehaviour","Touch","Touch.6","Waibira",-0.198450938723838,0.00647482014388489,0.0669064748201439
"4511","300825","Action_33","Morph_61","MAC","Sexualattention","Objectmove","ObjectMove.1","Waibira",-0.180323554131282,0.018705035971223,0.0194244604316547
"4512","300825","Action_33","Morph_61","MAC","Sexualattention","Objectmove","ObjectMove.1","Waibira",-0.279713902802604,0.018705035971223,0.0194244604316547
"4513","300736","Action_40","Morph_82","MAC","Sexualattention","Presentgenitalsforwards","PresentGenitals.1","Waibira",0.928219302739429,0.0474820143884892,0.0179856115107914
"4514","300825","Action_34","Morph_65","MAC","Sexualattention","Objectshake","ObjectShake.1","Waibira",0.947401726899208,0.0158273381294964,0.0201438848920863
"4515","300825","Action_34","Morph_65","MAC","Sexualattention","Objectshake","ObjectShake.1","Waibira",0.302324349188651,0.0158273381294964,0.0201438848920863
"4516","300825","Action_27","Morph_55","MAC","Sexualattention","Leafclip","LeafClip.2","Waibira",1.94975987221006,0.00863309352517986,0.0115107913669065
"4517","300374","Action_45","Morph_100","MAC","Staysame","Reach","Reach.1","Waibira",-1.13943428318836,0.0827338129496403,0.097841726618705
"4518","300698b","Action_45","Morph_100","MAC","Affiliation","Reach","Reach.1","Waibira",1.19210263175545,0.0827338129496403,0.097841726618705
"4519","300733b","Action_38","Morph_76","MAC","Groom","Present","Present.2","Waibira",0.494086299761693,0.0251798561151079,0.142446043165468
"4520","300299a","Action_2","Morph_3","MAC","Directattention","Bigloudscratch","BigLoudScratch.1","Waibira",1.21757980773215,0.0928057553956834,0.215827338129496
"4521","300733b","Action_2","Morph_5","MAC","Groom","Bigloudscratch","BigLoudScratch.3","Waibira",0.0610950993598108,0.0424460431654676,0.215827338129496
"4522","300734a","Action_2","Morph_3","MAC","Groom","Bigloudscratch","BigLoudScratch.1","Waibira",1.28093384546206,0.0928057553956834,0.215827338129496
"4523","300138b","Action_2","Morph_3","MAC","Groom","Bigloudscratch","BigLoudScratch.1","Waibira",0.731405892677036,0.0928057553956834,0.215827338129496
"4524","300844b","Action_14","Morph_33","MAC","Affiliation","Grab","Grab.5","Waibira",-0.132389188045746,0.00287769784172662,0.0107913669064748
"4525","300299a","Action_38","Morph_77","MAC","Directattention","Present","Present.3","Waibira",1.57691472072854,0.041726618705036,0.142446043165468
"4526","300298","Action_42","Morph_89","MAC","Position","Push","Push.2","Waibira",0.540578581915338,0.0115107913669065,0.0359712230215827
"4527","300732b","Action_2","Morph_4","MAC","Groom","Bigloudscratch","BigLoudScratch.2","Waibira",1.3244189574018,0.0431654676258993,0.215827338129496
"4528","300732b","Action_38","Morph_77","MAC","Groom","Present","Present.3","Waibira",1.12978790613656,0.041726618705036,0.142446043165468
"4529","300733b","Action_2","Morph_3","MAC","Groom","Bigloudscratch","BigLoudScratch.1","Waibira",1.670721140851,0.0928057553956834,0.215827338129496
"4530","300734a","Action_38","Morph_77","MAC","Groom","Present","Present.3","Waibira",1.16096091373265,0.041726618705036,0.142446043165468
"4531","300109a","Action_63","Morph_134","MAC","Affiliation","Touch","Touch.3","Waibira",-0.366725279792234,0.0115107913669065,0.0669064748201439
"4532","300719b","Action_23","Morph_47","MAC","Affiliation","Hittingother","HitOther.3","Waibira",1.10724161536616,0.00719424460431655,0.00719424460431655
"4533","300345","Action_2","Morph_3","MAC","Groom","Bigloudscratch","BigLoudScratch.1","Waibira",1.3244189574018,0.0928057553956834,0.215827338129496
"4534","300339","Action_2","Morph_4","MAC","Directattention","Bigloudscratch","BigLoudScratch.2","Waibira",0.939616557177652,0.0431654676258993,0.215827338129496
"4535","300181","Action_38","Morph_78","MAC","Directattention","Present","Present.4","Waibira",2.03457492033973,0.0287769784172662,0.142446043165468
"4536","300180","Action_38","Morph_76","MAC","Directattention","Present","Present.2","Waibira",0.319907219746518,0.0251798561151079,0.142446043165468
"4537","300535","Action_42","Morph_90","MAC","Position","Push","Push.3","Waibira",0.260824618281898,0.00431654676258993,0.0359712230215827
"4538","300537a","Action_2","Morph_4","MAC","Groom","Bigloudscratch","BigLoudScratch.2","Waibira",0.574926549172514,0.0431654676258993,0.215827338129496
"4539","300535","Action_2","Morph_5","MAC","Position","Bigloudscratch","BigLoudScratch.3","Waibira",0.394741144745189,0.0424460431654676,0.215827338129496
"4540","300490","Action_39","Morph_83","MAS","Staysame","Presentgenitalsbackwards","PresentGenitals.2","Waibira",-0.631111789640493,0.0107913669064748,0.0402877697841727
"4541","300007","Action_55","Morph_117","MAS","Moveaway","Stompingobject","StompObject.3","Waibira",-0.179126665897435,0.00287769784172662,0.00431654676258993
"4542","300543a","Action_2","Morph_5","MAS","Groom","Bigloudscratch","BigLoudScratch.3","Waibira",1.5499001997179,0.0424460431654676,0.215827338129496
"4543","300393b","Action_45","Morph_101","MAS","Staysame","Reach","Reach.2","Waibira",0.768254653046751,0.00863309352517986,0.097841726618705
"4544","300396","Action_45","Morph_100","MAS","Staysame","Reach","Reach.1","Waibira",-0.397496938458987,0.0827338129496403,0.097841726618705
"4545","300578a","Action_42","Morph_89","MIK","Groom","Push","Push.2","Waibira",0.335042643811618,0.0115107913669065,0.0359712230215827
"4546","300577","Action_42","Morph_90","MIK","Position","Push","Push.3","Waibira",0.845009529869191,0.00431654676258993,0.0359712230215827
"4547","300574a","Action_38","Morph_77","MIK","Groom","Present","Present.3","Waibira",0.946625931670228,0.041726618705036,0.142446043165468
"4548","300574a","Action_2","Morph_3","MIK","Groom","Bigloudscratch","BigLoudScratch.1","Waibira",0.993251773010283,0.0928057553956834,0.215827338129496
"4549","300555b","Action_38","Morph_76","MN","Groom","Present","Present.2","Waibira",1.33315726270676,0.0251798561151079,0.142446043165468
"4550","300553","Action_2","Morph_4","MN","Groom","Bigloudscratch","BigLoudScratch.2","Waibira",1.03069027218265,0.0431654676258993,0.215827338129496
"4551","300544a","Action_38","Morph_75","MN","Groom","Present","Present.1","Waibira",1.37624402526639,0.0330935251798561,0.142446043165468
"4552","300553","Action_38","Morph_75","MN","Groom","Present","Present.1","Waibira",1.05570478765683,0.0330935251798561,0.142446043165468
"4553","300259","Action_31","Morph_59","MN","Moveaway","Lunge","Lunge.1","Waibira",-0.151986356997882,0.00503597122302158,0.00503597122302158
"4554","300126","Action_17","Morph_39","MN","Staysame","Hitobject","HitObject.1","Waibira",-0.515838165589535,0.041726618705036,0.0482014388489209
"4555","300150a","Action_20","Morph_45","MN","Moveaway","Hitother","HitOther.1","Waibira",-0.709276562489829,0.00647482014388489,0.0122302158273381
"4556","300260a","Action_63","Morph_132","MN","Affiliation","Touch","Touch.1","Waibira",0.981329128053377,0.0179856115107914,0.0669064748201439
"4557","300481b","Action_38","Morph_76","MOR","Groom","Present","Present.2","Waibira",1.1125151938371,0.0251798561151079,0.142446043165468
"4558","300406b","Action_39","Morph_82","MOR","Sociosexualattention","Presentgenitalsbackwards","PresentGenitals.1","Waibira",0,0.0474820143884892,0.0402877697841727
"4559","300480","Action_38","Morph_75","MOR","Sociosexualattention","Present","Present.1","Waibira",0.65232518603969,0.0330935251798561,0.142446043165468
"4560","300880","Action_45","Morph_100","MRA","Playcontinue","Reach","Reach.1","Waibira",0.0382587121170903,0.0827338129496403,0.097841726618705
"4561","300879","Action_45","Morph_100","MRA","Play","Reach","Reach.1","Waibira",0.607044481506534,0.0827338129496403,0.097841726618705
"4562","300687","Action_38","Morph_75","MRA","Groom","Present","Present.1","Waibira",0.297137231222536,0.0330935251798561,0.142446043165468
"4563","300883","Action_15","Morph_35","MRA","Giveme","Grabhold","GrabHold.1","Waibira",1.53428323883334,0.00575539568345324,0.0107913669064748
"4564","300884","Action_14","Morph_29","MRA","Giveme","Grab","Grab.1","Waibira",1.34364778639842,0.00359712230215827,0.0107913669064748
"4565","300883","Action_14","Morph_29","MRA","Giveme","Grab","Grab.1","Waibira",0.663203304186873,0.00359712230215827,0.0107913669064748
"4566","300884","Action_15","Morph_35","MRA","Giveme","Grabhold","GrabHold.1","Waibira",1.9261446639265,0.00575539568345324,0.0107913669064748
"4567","300883","Action_15","Morph_35","MRA","Giveme","Grabhold","GrabHold.1","Waibira",0.905027539595444,0.00575539568345324,0.0107913669064748
"4568","300883","Action_15","Morph_35","MRA","Giveme","Grabhold","GrabHold.1","Waibira",1.15057202759882,0.00575539568345324,0.0107913669064748
"4569","300557","Action_17","Morph_39","MSD","Moveaway","Hitobject","HitObject.1","Waibira",-0.780886094867952,0.041726618705036,0.0482014388489209
"4570","300812","Action_39","Morph_82","MSD","Sexualattention","Presentgenitalsbackwards","PresentGenitals.1","Waibira",0.208638865111328,0.0474820143884892,0.0402877697841727
"4571","300574b","Action_2","Morph_5","MSD","Groom","Bigloudscratch","BigLoudScratch.3","Waibira",0.864997437486605,0.0424460431654676,0.215827338129496
"4572","300578b","Action_38","Morph_78","MSD","Groom","Present","Present.4","Waibira",0.958967006154591,0.0287769784172662,0.142446043165468
"4573","300578b","Action_2","Morph_6","MSD","Groom","Bigloudscratch","BigLoudScratch.4","Waibira",1.84118435255558,0.0201438848920863,0.215827338129496
"4574","300573","Action_2","Morph_3","MSD","Groom","Bigloudscratch","BigLoudScratch.1","Waibira",1.75992474570804,0.0928057553956834,0.215827338129496
"4575","300574b","Action_2","Morph_5","MSD","Groom","Bigloudscratch","BigLoudScratch.3","Waibira",0.932164081030445,0.0424460431654676,0.215827338129496
"4576","300843b","Action_45","Morph_101","MUG","Affiliation","Reach","Reach.2","Waibira",0.858661619037519,0.00863309352517986,0.097841726618705
"4577","300626","Action_38","Morph_75","MUG","Groom","Present","Present.1","Waibira",0.693647055601596,0.0330935251798561,0.142446043165468
"4578","300145","Action_38","Morph_77","MUG","Directattention","Present","Present.3","Waibira",0.579978482454307,0.041726618705036,0.142446043165468
"4579","300860a","Action_2","Morph_5","MUG","Groom","Bigloudscratch","BigLoudScratch.3","Waibira",0.583890194622996,0.0424460431654676,0.215827338129496
"4580","300774","Action_2","Morph_4","MUG","Groom","Bigloudscratch","BigLoudScratch.2","Waibira",0.113328685307003,0.0431654676258993,0.215827338129496
"4581","300145","Action_2","Morph_3","MUG","Directattention","Bigloudscratch","BigLoudScratch.1","Waibira",0.3293037471426,0.0928057553956834,0.215827338129496
"4582","300861","Action_42","Morph_89","MUG","Position","Push","Push.2","Waibira",-0.168418651624963,0.0115107913669065,0.0359712230215827
"4583","300024b","Action_38","Morph_77","MUG","Directattention","Present","Present.3","Waibira",1.33998860824338,0.041726618705036,0.142446043165468
"4584","300173b","Action_11","Morph_22","NAL","Affiliation","Embrace","Embrace.1","Waibira",-0.149660774554406,0.00719424460431655,0.0165467625899281
"4585","300279","Action_2","Morph_7","NAL","Directattention","Bigloudscratch","BigLoudScratch.5","Waibira",0.0601539228197471,0.00647482014388489,0.215827338129496
"4586","300279","Action_38","Morph_77","NAL","Directattention","Present","Present.3","Waibira",0.814036497835399,0.041726618705036,0.142446043165468
"4587","300310a","Action_60","Morph_127","NAL","Play","Swing","Swing.1","Waibira",0.732367893713227,0.0165467625899281,0.0172661870503597
"4588","300284","Action_38","Morph_75","NAL","Directattention","Present","Present.1","Waibira",1.45791710479286,0.0330935251798561,0.142446043165468
"4589","300511","Action_60","Morph_127","NAL","Followme","Swing","Swing.1","Waibira",0.224742272677907,0.0165467625899281,0.0172661870503597
"4590","300510","Action_41","Morph_85","NAL","Climbonyou","Pull","Pull.2","Waibira",-0.381260419411347,0.0115107913669065,0.0280575539568345
"4591","300285","Action_2","Morph_5","NAL","Groom","Bigloudscratch","BigLoudScratch.3","Waibira",1.3230882852161,0.0424460431654676,0.215827338129496
"4592","300510","Action_2","Morph_5","NAL","Climbonyou","Bigloudscratch","BigLoudScratch.3","Waibira",1.30182520449344,0.0424460431654676,0.215827338129496
"4593","300103","Action_2","Morph_6","NAL","Groom","Bigloudscratch","BigLoudScratch.4","Waibira",0.880870786642895,0.0201438848920863,0.215827338129496
"4594","300456","Action_45","Morph_101","NAL","Giveme","Reach","Reach.2","Waibira",1.57567428228129,0.00863309352517986,0.097841726618705
"4595","300511","Action_2","Morph_4","NAL","Followme","Bigloudscratch","BigLoudScratch.2","Waibira",0.22314355131421,0.0431654676258993,0.215827338129496
"4596","300101","Action_2","Morph_3","NAL","Groom","Bigloudscratch","BigLoudScratch.1","Waibira",1.43365493247973,0.0928057553956834,0.215827338129496
"4597","300511","Action_2","Morph_3","NAL","Followme","Bigloudscratch","BigLoudScratch.1","Waibira",0.250758718347183,0.0928057553956834,0.215827338129496
"4598","300510","Action_41","Morph_85","NAL","Climbonyou","Pull","Pull.2","Waibira",0.162118849476435,0.0115107913669065,0.0280575539568345
"4599","300523","Action_63","Morph_133","NAL","Play","Touch","Touch.2","Waibira",0.0834216081390724,0.00863309352517986,0.0669064748201439
"4600","300100","Action_2","Morph_3","NAL","Groom","Bigloudscratch","BigLoudScratch.1","Waibira",0.771958360984235,0.0928057553956834,0.215827338129496
"4601","300100","Action_2","Morph_3","NAL","Groom","Bigloudscratch","BigLoudScratch.1","Waibira",1.47155420507071,0.0928057553956834,0.215827338129496
"4602","300510","Action_43","Morph_97","NAL","Climbonyou","Raise","Raise.2","Waibira",0.640273690952877,0.00575539568345324,0.0316546762589928
"4603","300102","Action_2","Morph_4","NAL","Groom","Bigloudscratch","BigLoudScratch.2","Waibira",1.10426296017692,0.0431654676258993,0.215827338129496
"4604","300510","Action_2","Morph_4","NAL","Climbonyou","Bigloudscratch","BigLoudScratch.2","Waibira",0.126632650933366,0.0431654676258993,0.215827338129496
"4605","300105b","Action_38","Morph_77","NAL","Groom","Present","Present.3","Waibira",1.20955718261984,0.041726618705036,0.142446043165468
"4606","300511","Action_2","Morph_3","NAL","Followme","Bigloudscratch","BigLoudScratch.1","Waibira",-0.420071260497527,0.0928057553956834,0.215827338129496
"4607","300103","Action_38","Morph_77","NAL","Groom","Present","Present.3","Waibira",0.981329128053377,0.041726618705036,0.142446043165468
"4608","300510","Action_2","Morph_4","NAL","Climbonyou","Bigloudscratch","BigLoudScratch.2","Waibira",0.0825012215117438,0.0431654676258993,0.215827338129496
"4609","300283","Action_38","Morph_77","NAL","Groom","Present","Present.3","Waibira",1.14454122055651,0.041726618705036,0.142446043165468
"4610","300511","Action_2","Morph_3","NAL","Followme","Bigloudscratch","BigLoudScratch.1","Waibira",-0.320205264157341,0.0928057553956834,0.215827338129496
"4611","300067","Action_11","Morph_22","NAL","Affiliation","Embrace","Embrace.1","Waibira",0.23031775506221,0.00719424460431655,0.0165467625899281
"4612","300458","Action_45","Morph_100","NEV","Affiliation","Reach","Reach.1","Waibira",-0.342490308946776,0.0827338129496403,0.097841726618705
"4613","300620b","Action_39","Morph_82","NEV","Sexualattention","Presentgenitalsbackwards","PresentGenitals.1","Waibira",0.27763173659828,0.0474820143884892,0.0402877697841727
"4614","300323","Action_63","Morph_132","NEV","Staysame","Touch","Touch.1","Waibira",-0.00803217169726427,0.0179856115107914,0.0669064748201439
"4615","300777","Action_63","Morph_137","NEV","Staysame","Touch","Touch.6","Waibira",-0.174353387144778,0.00647482014388489,0.0669064748201439
"4616","300743","Action_2","Morph_7","NEV","Groom","Bigloudscratch","BigLoudScratch.5","Waibira",1.3244189574018,0.00647482014388489,0.215827338129496
"4617","300628","Action_2","Morph_3","NEV","Groom","Bigloudscratch","BigLoudScratch.1","Waibira",1.10922246778013,0.0928057553956834,0.215827338129496
"4618","300348b","Action_42","Morph_88","NEV","Climbonme","Push","Push.1","Waibira",0.182321556793955,0.0115107913669065,0.0359712230215827
"4619","300529b","Action_38","Morph_75","NEV","Groom","Present","Present.1","Waibira",0.514618422004687,0.0330935251798561,0.142446043165468
"4620","300621","Action_63","Morph_137","NGO","Staysame","Touch","Touch.6","Waibira",-0.066139802504545,0.00647482014388489,0.0669064748201439
"4621","300621","Action_39","Morph_83","NGO","Staysame","Presentgenitalsbackwards","PresentGenitals.2","Waibira",1.07840958135059,0.0107913669064748,0.0402877697841727
"4622","300744","Action_38","Morph_79","NGO","Groom","Present","Present.5","Waibira",1.29445315745431,0.00359712230215827,0.142446043165468
"4623","300348a","Action_59","Morph_125","NIM","Climbonyou","Stroke","Stroke.2","Waibira",0.0237165266173161,0.00287769784172662,0.00575539568345324
"4624","300183","Action_2","Morph_3","NIM","Climbonyou","Bigloudscratch","BigLoudScratch.1","Waibira",1.40878943894726,0.0928057553956834,0.215827338129496
"4625","300083","Action_43","Morph_96","NIM","Climbonyou","Raise","Raise.1","Waibira",-0.484508315448617,0.0258992805755396,0.0316546762589928
"4626","300183","Action_2","Morph_4","NIM","Climbonyou","Bigloudscratch","BigLoudScratch.2","Waibira",0.854415328156068,0.0431654676258993,0.215827338129496
"4627","300627","Action_38","Morph_75","NIM","Groom","Present","Present.1","Waibira",0.239803992207317,0.0330935251798561,0.142446043165468
"4628","300782","Action_45","Morph_101","NMK","Giveme","Reach","Reach.2","Waibira",0.870456195530356,0.00863309352517986,0.097841726618705
"4629","300874","Action_41","Morph_84","NMK","Giveme","Pull","Pull.1","Waibira",0.319180739511152,0.0079136690647482,0.0280575539568345
"4630","300782","Action_63","Morph_140","NMK","Giveme","Touch","Touch.9","Waibira",0.877549903557724,0.00431654676258993,0.0669064748201439
"4631","300530","Action_2","Morph_3","NOA","Sexualattention","Bigloudscratch","BigLoudScratch.1","Waibira",0.8419981272923,0.0928057553956834,0.215827338129496
"4632","300530","Action_40","Morph_82","NOA","Sexualattention","Presentgenitalsforwards","PresentGenitals.1","Waibira",0.465619030927911,0.0474820143884892,0.0179856115107914
"4633","300497","Action_63","Morph_132","NOA","Staysame","Touch","Touch.1","Waibira",1.38604432986468,0.0179856115107914,0.0669064748201439
"4634","300528b","Action_38","Morph_75","NOA","Groom","Present","Present.1","Waibira",0.365337317017385,0.0330935251798561,0.142446043165468
"4635","300838a","Action_39","Morph_83","NOA","Sociosexualattention","Presentgenitalsbackwards","PresentGenitals.2","Waibira",-0.0449973659307358,0.0107913669064748,0.0402877697841727
"4636","300314","Action_38","Morph_76","NR","Directattention","Present","Present.2","Waibira",0.8754687373539,0.0251798561151079,0.142446043165468
"4637","300872","Action_13","Morph_27","NR","Moveaway","Fling","Fling.1","Waibira",-0.823255865906966,0.0165467625899281,0.0172661870503597
"4638","300872","Action_13","Morph_27","NR","Moveaway","Fling","Fling.1","Waibira",-0.0460439385014068,0.0165467625899281,0.0172661870503597
"4639","300238","Action_39","Morph_82","NR","Sexualattention","Presentgenitalsbackwards","PresentGenitals.1","Waibira",0.690142671539647,0.0474820143884892,0.0402877697841727
"4640","300150b","Action_57","Morph_119","NR","Staysame","Stompobject","StompObject.5","Waibira",-0.449416995637347,0.00431654676258993,0.0258992805755396
"4641","300150b","Action_57","Morph_115","NR","Staysame","Stompobject","StompObject.1","Waibira",-0.82098055206983,0.020863309352518,0.0258992805755396
"4642","300150b","Action_57","Morph_115","NR","Staysame","Stompobject","StompObject.1","Waibira",-0.549913012474038,0.020863309352518,0.0258992805755396
"4643","300068b","Action_43","Morph_97","NR","Affiliation","Raise","Raise.2","Waibira",0.0089597413714718,0.00575539568345324,0.0316546762589928
"4644","300094b","Action_11","Morph_23","NR","Affiliation","Embrace","Embrace.2","Waibira",1.21876288979857,0.00359712230215827,0.0165467625899281
"4645","300105a","Action_2","Morph_3","NR","Groom","Bigloudscratch","BigLoudScratch.1","Waibira",1.22934811065716,0.0928057553956834,0.215827338129496
"4646","300512","Action_42","Morph_88","NR","Takeobjectnurse","Push","Push.1","Waibira",0.68662596356968,0.0115107913669065,0.0359712230215827
"4647","300867","Action_42","Morph_88","NR","Climbonme","Push","Push.1","Waibira",0.303801454331664,0.0115107913669065,0.0359712230215827
"4648","300146","Action_39","Morph_82","NR","Affiliation","Presentgenitalsbackwards","PresentGenitals.1","Waibira",0.517602608045014,0.0474820143884892,0.0402877697841727
"4649","300157","Action_55","Morph_117","NR","Moveaway","Stompingobject","StompObject.3","Waibira",-0.16369609267079,0.00287769784172662,0.00431654676258993
"4650","300021","Action_42","Morph_89","ONY","Position","Push","Push.2","Waibira",-0.150822889734584,0.0115107913669065,0.0359712230215827
"4651","300020","Action_38","Morph_78","ONY","Directattention","Present","Present.4","Waibira",1.3415584672785,0.0287769784172662,0.142446043165468
"4652","300020","Action_2","Morph_3","ONY","Directattention","Bigloudscratch","BigLoudScratch.1","Waibira",1.2950011026735,0.0928057553956834,0.215827338129496
"4653","300017","Action_2","Morph_3","ONY","Directattention","Bigloudscratch","BigLoudScratch.1","Waibira",0.848868055556721,0.0928057553956834,0.215827338129496
"4654","300019","Action_42","Morph_89","ONY","Position","Push","Push.2","Waibira",0.152721087017664,0.0115107913669065,0.0359712230215827
"4655","300201","Action_45","Morph_100","ONY","Giveme","Reach","Reach.1","Waibira",2.22656760657013,0.0827338129496403,0.097841726618705
"4656","300029","Action_39","Morph_82","ONY","Sexualattention","Presentgenitalsbackwards","PresentGenitals.1","Waibira",1.05396353699923,0.0474820143884892,0.0402877697841727
"4657","300652","Action_45","Morph_100","ONY","Giveme","Reach","Reach.1","Waibira",2.51713179708274,0.0827338129496403,0.097841726618705
"4658","300032","Action_2","Morph_6","ONY","Directattention","Bigloudscratch","BigLoudScratch.4","Waibira",0.608678023933495,0.0201438848920863,0.215827338129496
"4659","300652","Action_45","Morph_100","ONY","Giveme","Reach","Reach.1","Waibira",1.24126858906963,0.0827338129496403,0.097841726618705
"4660","300650","Action_45","Morph_100","ONY","Giveme","Reach","Reach.1","Waibira",1.26440917312977,0.0827338129496403,0.097841726618705
"4661","300651a","Action_45","Morph_100","ONY","Giveme","Reach","Reach.1","Waibira",1.49380256883518,0.0827338129496403,0.097841726618705
"4662","300650","Action_45","Morph_100","ONY","Giveme","Reach","Reach.1","Waibira",0.146694379150803,0.0827338129496403,0.097841726618705
"4663","300604","Action_38","Morph_78","ONY","Directattention","Present","Present.4","Waibira",1.40585186033542,0.0287769784172662,0.142446043165468
"4664","300652","Action_45","Morph_100","ONY","Giveme","Reach","Reach.1","Waibira",0.19062035960865,0.0827338129496403,0.097841726618705
"4665","300031","Action_2","Morph_6","ONY","Directattention","Bigloudscratch","BigLoudScratch.4","Waibira",1.038154319631,0.0201438848920863,0.215827338129496
"4666","300650","Action_45","Morph_100","ONY","Giveme","Reach","Reach.1","Waibira",2.17860791317433,0.0827338129496403,0.097841726618705
"4667","300652","Action_45","Morph_100","ONY","Giveme","Reach","Reach.1","Waibira",1.42863520160942,0.0827338129496403,0.097841726618705
"4668","300652","Action_45","Morph_100","ONY","Giveme","Reach","Reach.1","Waibira",1.94776556955477,0.0827338129496403,0.097841726618705
"4669","300651a","Action_45","Morph_100","ONY","Giveme","Reach","Reach.1","Waibira",0.577736329048618,0.0827338129496403,0.097841726618705
"4670","300649a","Action_45","Morph_100","ONY","Giveme","Reach","Reach.1","Waibira",1.34547236659964,0.0827338129496403,0.097841726618705
"4671","300652","Action_45","Morph_100","ONY","Giveme","Reach","Reach.1","Waibira",1.59554180724199,0.0827338129496403,0.097841726618705
"4672","300606","Action_38","Morph_75","ONY","Directattention","Present","Present.1","Waibira",0.712459491592318,0.0330935251798561,0.142446043165468
"4673","300649a","Action_45","Morph_100","ONY","Giveme","Reach","Reach.1","Waibira",0.706063405826492,0.0827338129496403,0.097841726618705
"4674","300649a","Action_45","Morph_100","ONY","Giveme","Reach","Reach.1","Waibira",0.832909122935104,0.0827338129496403,0.097841726618705
"4675","300650","Action_45","Morph_100","ONY","Giveme","Reach","Reach.1","Waibira",1.79939689635727,0.0827338129496403,0.097841726618705
"4676","300652","Action_45","Morph_100","ONY","Giveme","Reach","Reach.1","Waibira",1.94204554823887,0.0827338129496403,0.097841726618705
"4677","300647","Action_45","Morph_100","ONY","Giveme","Reach","Reach.1","Waibira",1.05291732940598,0.0827338129496403,0.097841726618705
"4678","300652","Action_45","Morph_100","ONY","Giveme","Reach","Reach.1","Waibira",1.04345187749083,0.0827338129496403,0.097841726618705
"4679","300651a","Action_45","Morph_100","ONY","Giveme","Reach","Reach.1","Waibira",-0.0629397997738742,0.0827338129496403,0.097841726618705
"4680","300650","Action_45","Morph_100","ONY","Giveme","Reach","Reach.1","Waibira",0.82329786502499,0.0827338129496403,0.097841726618705
"4681","300032","Action_38","Morph_78","ONY","Directattention","Present","Present.4","Waibira",1.26863631765166,0.0287769784172662,0.142446043165468
"4682","300604","Action_2","Morph_6","ONY","Directattention","Bigloudscratch","BigLoudScratch.4","Waibira",0.931770302722541,0.0201438848920863,0.215827338129496
"4683","300648a","Action_45","Morph_100","ONY","Giveme","Reach","Reach.1","Waibira",0.486737828236901,0.0827338129496403,0.097841726618705
"4684","300031","Action_38","Morph_78","ONY","Directattention","Present","Present.4","Waibira",1.78925633900994,0.0287769784172662,0.142446043165468
"4685","300650","Action_45","Morph_100","ONY","Giveme","Reach","Reach.1","Waibira",-0.0910193983871685,0.0827338129496403,0.097841726618705
"4686","300607a","Action_2","Morph_5","ONY","Groom","Bigloudscratch","BigLoudScratch.3","Waibira",1.51028034090088,0.0424460431654676,0.215827338129496
"4687","300042","Action_38","Morph_75","ONY","Directattention","Present","Present.1","Waibira",1.27536280041261,0.0330935251798561,0.142446043165468
"4688","300200","Action_45","Morph_100","ONY","Giveme","Reach","Reach.1","Waibira",3.06609753621455,0.0827338129496403,0.097841726618705
"4689","300041","Action_38","Morph_78","ONY","Directattention","Present","Present.4","Waibira",1.06367571878721,0.0287769784172662,0.142446043165468
"4690","300727a","Action_60","Morph_127","PAV","Moveaway","Swing","Swing.1","Waibira",0.152721087017664,0.0165467625899281,0.0172661870503597
"4691","300727a","Action_60","Morph_127","PAV","Moveaway","Swing","Swing.1","Waibira",0.308219723669329,0.0165467625899281,0.0172661870503597
"4692","300667","Action_38","Morph_75","PAV","Groom","Present","Present.1","Waibira",0.986935571443487,0.0330935251798561,0.142446043165468
"4693","300668b","Action_3","Morph_15","PAV","Affiliation","Bite","Bite.7","Waibira",0.0139029051689914,0.00215827338129496,0.0115107913669065
"4694","300073","Action_45","Morph_100","PEN","Giveme","Reach","Reach.1","Waibira",0.963174317773006,0.0827338129496403,0.097841726618705
"4695","300364","Action_23","Morph_47","PEN","Climbonme","Hittingother","HitOther.3","Waibira",0.630739720431328,0.00719424460431655,0.00719424460431655
"4696","300515","Action_2","Morph_4","PEN","Climbonme","Bigloudscratch","BigLoudScratch.2","Waibira",1.65345479785087,0.0431654676258993,0.215827338129496
"4697","300515","Action_42","Morph_88","PEN","Climbonme","Push","Push.1","Waibira",-0.209487224866724,0.0115107913669065,0.0359712230215827
"4698","300084","Action_64","Morph_135","PEN","Giveme","Touchlongother","Touch.4","Waibira",3.56039245994839,0.00935251798561151,0.0100719424460432
"4699","300085","Action_45","Morph_100","PEN","Giveme","Reach","Reach.1","Waibira",0.812262661450107,0.0827338129496403,0.097841726618705
"4700","300767","Action_39","Morph_82","QEN","Staysame","Presentgenitalsbackwards","PresentGenitals.1","Waibira",0.392042087776024,0.0474820143884892,0.0402877697841727
"4701","300194","Action_45","Morph_100","QEN","Giveme","Reach","Reach.1","Waibira",0.173953307123438,0.0827338129496403,0.097841726618705
"4702","300076","Action_64","Morph_135","QEN","Giveme","Touchlongother","Touch.4","Waibira",1.59473028356183,0.00935251798561151,0.0100719424460432
"4703","300803a","Action_39","Morph_82","QEN","Affiliation","Presentgenitalsbackwards","PresentGenitals.1","Waibira",0.327863862084613,0.0474820143884892,0.0402877697841727
"4704","300496b","Action_2","Morph_3","QEN","Groom","Bigloudscratch","BigLoudScratch.1","Waibira",1.36046360108537,0.0928057553956834,0.215827338129496
"4705","300081","Action_45","Morph_100","QEN","Giveme","Reach","Reach.1","Waibira",1.00759289028094,0.0827338129496403,0.097841726618705
"4706","300078a","Action_45","Morph_102","QEN","Affiliation","Reach","Reach.3","Waibira",1.15373158788919,0.00575539568345324,0.097841726618705
"4707","300081","Action_45","Morph_100","QEN","Giveme","Reach","Reach.1","Waibira",1.14390427785982,0.0827338129496403,0.097841726618705
"4708","300080","Action_45","Morph_100","QEN","Giveme","Reach","Reach.1","Waibira",0.759870812602853,0.0827338129496403,0.097841726618705
"4709","300081","Action_45","Morph_100","QEN","Giveme","Reach","Reach.1","Waibira",2.09285122858975,0.0827338129496403,0.097841726618705
"4710","300442","Action_38","Morph_77","QEN","Groom","Present","Present.3","Waibira",0.392042087776024,0.041726618705036,0.142446043165468
"4711","300065","Action_38","Morph_77","QEN","Directattention","Present","Present.3","Waibira",1.3169442829851,0.041726618705036,0.142446043165468
"4712","300442","Action_43","Morph_97","QEN","Groom","Raise","Raise.2","Waibira",-0.083381608939051,0.00575539568345324,0.0316546762589928
"4713","300442","Action_63","Morph_132","QEN","Groom","Touch","Touch.1","Waibira",0.587230954968396,0.0179856115107914,0.0669064748201439
"4714","300561b","Action_39","Morph_82","RAC","Sexualattention","Presentgenitalsbackwards","PresentGenitals.1","Waibira",0.683096844706444,0.0474820143884892,0.0402877697841727
"4715","300656a","Action_39","Morph_82","RAC","Affiliation","Presentgenitalsbackwards","PresentGenitals.1","Waibira",1.80845269216972,0.0474820143884892,0.0402877697841727
"4716","300131","Action_15","Morph_36","RAC","Stopbehaviour","Grabhold","GrabHold.2","Waibira",1.94233232770743,0.00359712230215827,0.0107913669064748
"4717","300719a","Action_45","Morph_101","RIT","Affiliation","Reach","Reach.2","Waibira",0.320633172591467,0.00863309352517986,0.097841726618705
"4718","300659a","Action_45","Morph_100","RIT","Affiliation","Reach","Reach.1","Waibira",0.877134016672961,0.0827338129496403,0.097841726618705
"4719","300760","Action_45","Morph_101","RIT","Affiliation","Reach","Reach.2","Waibira",0.78845736036427,0.00863309352517986,0.097841726618705
"4720","300562","Action_45","Morph_100","ROB","Staysame","Reach","Reach.1","Waibira",-0.295714244149045,0.0827338129496403,0.097841726618705
"4721","300562","Action_45","Morph_100","ROB","Staysame","Reach","Reach.1","Waibira",-0.285018955032297,0.0827338129496403,0.097841726618705
"4722","300873b","Action_2","Morph_5","ROB","Groom","Bigloudscratch","BigLoudScratch.3","Waibira",0.56531380905006,0.0424460431654676,0.215827338129496
"4723","300232","Action_17","Morph_39","ROB","Stopbehaviour","Hitobject","HitObject.1","Waibira",-0.244622582991334,0.041726618705036,0.0482014388489209
"4724","300233","Action_43","Morph_96","ROB","Stopbehaviour","Raise","Raise.1","Waibira",-0.780886094867952,0.0258992805755396,0.0316546762589928
"4725","300232","Action_21","Morph_42","ROB","Stopbehaviour","Hittingobject","HitObject.4","Waibira",-0.29035230100766,0.00431654676258993,0.00719424460431655
"4726","300400b","Action_39","Morph_83","ROB","Staysame","Presentgenitalsbackwards","PresentGenitals.2","Waibira",1.28093384546206,0.0107913669064748,0.0402877697841727
"4727","300659b","Action_63","Morph_132","RWZ","Affiliation","Touch","Touch.1","Waibira",0.576051408683698,0.0179856115107914,0.0669064748201439
"4728","300294","Action_41","Morph_84","RWZ","Giveme","Pull","Pull.1","Waibira",2.02920032524309,0.0079136690647482,0.0280575539568345
"4729","300494","Action_2","Morph_5","SAM","Groom","Bigloudscratch","BigLoudScratch.3","Waibira",0.27763173659828,0.0424460431654676,0.215827338129496
"4730","300494","Action_38","Morph_76","SAM","Groom","Present","Present.2","Waibira",1.35583515363518,0.0251798561151079,0.142446043165468
"4731","300491","Action_42","Morph_89","SAM","Position","Push","Push.2","Waibira",0.327143141332695,0.0115107913669065,0.0359712230215827
"4732","300492","Action_2","Morph_3","SAM","Groom","Bigloudscratch","BigLoudScratch.1","Waibira",1.30264097612264,0.0928057553956834,0.215827338129496
"4733","300492","Action_38","Morph_77","SAM","Groom","Present","Present.3","Waibira",1.601204107507,0.041726618705036,0.142446043165468
"4734","300494","Action_2","Morph_4","SAM","Groom","Bigloudscratch","BigLoudScratch.2","Waibira",0.924258901523332,0.0431654676258993,0.215827338129496
"4735","300818a","Action_2","Morph_4","SAM","Groom","Bigloudscratch","BigLoudScratch.2","Waibira",-0.0212236364516267,0.0431654676258993,0.215827338129496
"4736","300010","Action_38","Morph_77","SAM","Directattention","Present","Present.3","Waibira",0.739553553374101,0.041726618705036,0.142446043165468
"4737","300634","Action_38","Morph_76","SAM","Groom","Present","Present.2","Waibira",1.19331622413741,0.0251798561151079,0.142446043165468
"4738","300316a","Action_45","Morph_100","SDT","Affiliation","Reach","Reach.1","Waibira",-0.22314355131421,0.0827338129496403,0.097841726618705
"4739","300316a","Action_11","Morph_22","SDT","Affiliation","Embrace","Embrace.1","Waibira",-0.177931208492662,0.00719424460431655,0.0165467625899281
"4740","300240","Action_54","Morph_114","SDT","Play","Stancebipedal","StanceBipedal.1","Waibira",-0.192371892647456,0.00359712230215827,0.00359712230215827
"4741","300240","Action_57","Morph_115","SDT","Play","Stompobject","StompObject.1","Waibira",-0.393042588109607,0.020863309352518,0.0258992805755396
"4742","300384","Action_39","Morph_82","SHY","Sociosexualattention","Presentgenitalsbackwards","PresentGenitals.1","Waibira",0.0870947068509337,0.0474820143884892,0.0402877697841727
"4743","300720","Action_45","Morph_100","SHY","Climbonme","Reach","Reach.1","Waibira",0.0676586484738149,0.0827338129496403,0.097841726618705
"4744","300344b","Action_63","Morph_137","SUL","Staysame","Touch","Touch.6","Waibira",-0.522560879984412,0.00647482014388489,0.0669064748201439
"4745","300122a","Action_2","Morph_3","TAL","Groom","Bigloudscratch","BigLoudScratch.1","Waibira",1.61760447510049,0.0928057553956834,0.215827338129496
"4746","300505b","Action_38","Morph_76","TAL","Groom","Present","Present.2","Waibira",0.956664626012428,0.0251798561151079,0.142446043165468
"4747","300485","Action_2","Morph_3","TAL","Directattention","Bigloudscratch","BigLoudScratch.1","Waibira",0.841136058273395,0.0928057553956834,0.215827338129496
"4748","300122a","Action_38","Morph_76","TAL","Groom","Present","Present.2","Waibira",1.90136097914314,0.0251798561151079,0.142446043165468
"4749","300484","Action_38","Morph_78","TAL","Groom","Present","Present.4","Waibira",0.769181866835943,0.0287769784172662,0.142446043165468
"4750","300584","Action_2","Morph_4","TAL","Groom","Bigloudscratch","BigLoudScratch.2","Waibira",1.35995038578029,0.0431654676258993,0.215827338129496
"4751","300120","Action_38","Morph_75","TAL","Directattention","Present","Present.1","Waibira",1.42959328551504,0.0330935251798561,0.142446043165468
"4752","300160","Action_38","Morph_76","TAL","Directattention","Present","Present.2","Waibira",0.858661619037519,0.0251798561151079,0.142446043165468
"4753","300469","Action_42","Morph_90","TAL","Position","Push","Push.3","Waibira",0.306749135169007,0.00431654676258993,0.0359712230215827
"4754","300445","Action_42","Morph_89","TAL","Position","Push","Push.2","Waibira",-0.0439518875291828,0.0115107913669065,0.0359712230215827
"4755","300343","Action_2","Morph_3","TAL","Groom","Bigloudscratch","BigLoudScratch.1","Waibira",1.21550604013961,0.0928057553956834,0.215827338129496
"4756","300342b","Action_38","Morph_76","TAL","Groom","Present","Present.2","Waibira",1.05187002611598,0.0251798561151079,0.142446043165468
"4757","300229","Action_45","Morph_100","TAL","Giveme","Reach","Reach.1","Waibira",2.42338579313975,0.0827338129496403,0.097841726618705
"4758","300342b","Action_2","Morph_4","TAL","Groom","Bigloudscratch","BigLoudScratch.2","Waibira",-0.103140758919513,0.0431654676258993,0.215827338129496
"4759","300397a","Action_17","Morph_39","TAL","Moveaway","Hitobject","HitObject.1","Waibira",-0.673344553263766,0.041726618705036,0.0482014388489209
"4760","300397a","Action_13","Morph_27","TAL","Moveaway","Fling","Fling.1","Waibira",-1.16475209117265,0.0165467625899281,0.0172661870503597
"4761","300527","Action_38","Morph_76","TAL","Groom","Present","Present.2","Waibira",2.20210155441572,0.0251798561151079,0.142446043165468
"4762","300792","Action_38","Morph_78","TAL","Groom","Present","Present.4","Waibira",1.50252063008802,0.0287769784172662,0.142446043165468
"4763","300397a","Action_17","Morph_41","TAL","Moveaway","Hitobject","HitObject.3","Waibira",-0.667479433811368,0.00431654676258993,0.0482014388489209
"4764","300525","Action_45","Morph_100","TAL","Sexualattention","Reach","Reach.1","Waibira",1.10260430993765,0.0827338129496403,0.097841726618705
"4765","300338","Action_38","Morph_76","TAL","Groom","Present","Present.2","Waibira",1.04063000612976,0.0251798561151079,0.142446043165468
"4766","300585","Action_27","Morph_55","TAL","Sexualattention","Leafclip","LeafClip.2","Waibira",1.51402772762944,0.00863309352517986,0.0115107913669065
"4767","300585","Action_27","Morph_55","TAL","Sexualattention","Leafclip","LeafClip.2","Waibira",0.529451087889156,0.00863309352517986,0.0115107913669065
"4768","300585","Action_27","Morph_55","TAL","Sexualattention","Leafclip","LeafClip.2","Waibira",2.84682615029944,0.00863309352517986,0.0115107913669065
"4769","300585","Action_27","Morph_55","TAL","Sexualattention","Leafclip","LeafClip.2","Waibira",2.50528100903915,0.00863309352517986,0.0115107913669065
"4770","300529a","Action_2","Morph_6","TAL","Groom","Bigloudscratch","BigLoudScratch.4","Waibira",1.05466040113893,0.0201438848920863,0.215827338129496
"4771","300528a","Action_1","Morph_2","TAL","Groom","Beckon","Beckon.2","Waibira",-0.0576291128366364,0.00359712230215827,0.00575539568345324
"4772","300153","Action_33","Morph_61","TAL","Sexualattention","Objectmove","ObjectMove.1","Waibira",-1.05843049903528,0.018705035971223,0.0194244604316547
"4773","300153","Action_33","Morph_61","TAL","Sexualattention","Objectmove","ObjectMove.1","Waibira",0.0953101798043249,0.018705035971223,0.0194244604316547
"4774","300153","Action_34","Morph_65","TAL","Sexualattention","Objectshake","ObjectShake.1","Waibira",2.05578901301461,0.0158273381294964,0.0201438848920863
"4775","300078b","Action_15","Morph_36","TAL","Affiliation","Grabhold","GrabHold.2","Waibira",2.69482986293136,0.00359712230215827,0.0107913669064748
"4776","300722","Action_60","Morph_127","TAL","Moveaway","Swing","Swing.1","Waibira",0.267734434642085,0.0165467625899281,0.0172661870503597
"4777","300503","Action_45","Morph_100","TAL","Staysame","Reach","Reach.1","Waibira",0.63921883853439,0.0827338129496403,0.097841726618705
"4778","300372b","Action_38","Morph_77","TAL","Directattention","Present","Present.3","Waibira",1.13783300182139,0.041726618705036,0.142446043165468
"4779","300336","Action_39","Morph_82","TAT","Sexualattention","Presentgenitalsbackwards","PresentGenitals.1","Waibira",0.89199803930511,0.0474820143884892,0.0402877697841727
"4780","300385","Action_39","Morph_82","TAT","Sexualattention","Presentgenitalsbackwards","PresentGenitals.1","Waibira",0.0620353909194527,0.0474820143884892,0.0402877697841727
"4781","300385","Action_39","Morph_82","TAT","Sexualattention","Presentgenitalsbackwards","PresentGenitals.1","Waibira",-0.286349627218002,0.0474820143884892,0.0402877697841727
"4782","300049","Action_41","Morph_84","TBY","Giveme","Pull","Pull.1","Waibira",0.840273245450239,0.0079136690647482,0.0280575539568345
"4783","300761a","Action_2","Morph_3","TBY","Followme","Bigloudscratch","BigLoudScratch.1","Waibira",0.501381164937991,0.0928057553956834,0.215827338129496
"4784","300047","Action_41","Morph_84","TBY","Giveme","Pull","Pull.1","Waibira",0.657520002916794,0.0079136690647482,0.0280575539568345
"4785","300761a","Action_63","Morph_132","TBY","Followme","Touch","Touch.1","Waibira",0.178146185383474,0.0179856115107914,0.0669064748201439
"4786","300044","Action_38","Morph_77","TBY","Groom","Present","Present.3","Waibira",1.57298137542349,0.041726618705036,0.142446043165468
"4787","300761a","Action_43","Morph_96","TBY","Followme","Raise","Raise.1","Waibira",-0.0408219945202552,0.0258992805755396,0.0316546762589928
"4788","300761a","Action_14","Morph_33","TBY","Followme","Grab","Grab.5","Waibira",-0.596020469829223,0.00287769784172662,0.0107913669064748
"4789","300045","Action_2","Morph_3","TBY","Travel","Bigloudscratch","BigLoudScratch.1","Waibira",1.4933534334133,0.0928057553956834,0.215827338129496
"4790","300045","Action_43","Morph_96","TBY","Travel","Raise","Raise.1","Waibira",0.182321556793955,0.0258992805755396,0.0316546762589928
"4791","300044","Action_2","Morph_3","TBY","Groom","Bigloudscratch","BigLoudScratch.1","Waibira",0.160416721405905,0.0928057553956834,0.215827338129496
"4792","300392a","Action_45","Morph_100","TIB","Affiliation","Reach","Reach.1","Waibira",0.466246580368023,0.0827338129496403,0.097841726618705
"4793","300759b","Action_45","Morph_100","TIB","Affiliation","Reach","Reach.1","Waibira",0.211070970079941,0.0827338129496403,0.097841726618705
"4794","300048","Action_41","Morph_86","TIB","Position","Pull","Pull.3","Waibira",0.582774123078575,0.00503597122302158,0.0280575539568345
"4795","300660","Action_2","Morph_6","TIB","Affiliation","Bigloudscratch","BigLoudScratch.4","Waibira",1.66581824587021,0.0201438848920863,0.215827338129496
"4796","300870","Action_63","Morph_137","TIB","Giveme","Touch","Touch.6","Waibira",0.454889991435687,0.00647482014388489,0.0669064748201439
"4797","300713","Action_38","Morph_77","TIB","Climbonme","Present","Present.3","Waibira",0.583890194622996,0.041726618705036,0.142446043165468
"4798","300052","Action_38","Morph_78","TRS","Directattention","Present","Present.4","Waibira",1.42767619889866,0.0287769784172662,0.142446043165468
"4799","300053","Action_38","Morph_78","TRS","Groom","Present","Present.4","Waibira",1.11382925447297,0.0287769784172662,0.142446043165468
"4800","300319","Action_45","Morph_100","TRS","Affiliation","Reach","Reach.1","Waibira",0.609221945622184,0.0827338129496403,0.097841726618705
"4801","300581","Action_39","Morph_83","TRS","Staysame","Presentgenitalsbackwards","PresentGenitals.2","Waibira",1.57339614108683,0.0107913669064748,0.0402877697841727
"4802","300582","Action_34","Morph_65","TRS","Support","Objectshake","ObjectShake.1","Waibira",0.163818085229395,0.0158273381294964,0.0201438848920863
"4803","300582","Action_39","Morph_83","TRS","Support","Presentgenitalsbackwards","PresentGenitals.2","Waibira",0.603222473031958,0.0107913669064748,0.0402877697841727
"4804","300471b","Action_2","Morph_5","TRS","Groom","Bigloudscratch","BigLoudScratch.3","Waibira",0.27763173659828,0.0424460431654676,0.215827338129496
"4805","300789b","Action_38","Morph_75","TRS","Groom","Present","Present.1","Waibira",1.15876621148786,0.0330935251798561,0.142446043165468
"4806","300253b","Action_38","Morph_75","TRS","Groom","Present","Present.1","Waibira",2.25654115449264,0.0330935251798561,0.142446043165468
"4807","300254b","Action_38","Morph_77","TRS","Groom","Present","Present.3","Waibira",1.33789162189172,0.041726618705036,0.142446043165468
"4808","300254b","Action_2","Morph_3","TRS","Groom","Bigloudscratch","BigLoudScratch.1","Waibira",1.10988188092634,0.0928057553956834,0.215827338129496
"4809","300426","Action_2","Morph_5","TRS","Groom","Bigloudscratch","BigLoudScratch.3","Waibira",0.891588119233783,0.0424460431654676,0.215827338129496
"4810","300426","Action_2","Morph_3","TRS","Groom","Bigloudscratch","BigLoudScratch.1","Waibira",0.418710334858185,0.0928057553956834,0.215827338129496
"4811","300856","Action_2","Morph_3","TRS","Groom","Bigloudscratch","BigLoudScratch.1","Waibira",0.494696241836107,0.0928057553956834,0.215827338129496
"4812","300537b","Action_2","Morph_3","TRS","Groom","Bigloudscratch","BigLoudScratch.1","Waibira",1.59168119084484,0.0928057553956834,0.215827338129496
"4813","300380","Action_63","Morph_135","TRS","Sociosexualattention","Touch","Touch.4","Waibira",0.0685927914656117,0.00935251798561151,0.0669064748201439
"4814","300266","Action_38","Morph_75","TRS","Directattention","Present","Present.1","Waibira",1.00832281732065,0.0330935251798561,0.142446043165468
"4815","300380","Action_59","Morph_125","TRS","Sociosexualattention","Stroke","Stroke.2","Waibira",0.182321556793955,0.00287769784172662,0.00575539568345324
"4816","300775","Action_2","Morph_6","TRS","Groom","Bigloudscratch","BigLoudScratch.4","Waibira",1.0039352417262,0.0201438848920863,0.215827338129496
"4817","300223","Action_38","Morph_78","TRS","Directattention","Present","Present.4","Waibira",1.09594206011223,0.0287769784172662,0.142446043165468
"4818","300860b","Action_38","Morph_77","TRS","Groom","Present","Present.3","Waibira",0.958967006154591,0.041726618705036,0.142446043165468
"4819","300775","Action_38","Morph_78","TRS","Groom","Present","Present.4","Waibira",1.25988043626423,0.0287769784172662,0.142446043165468
"4820","300859","Action_38","Morph_76","TRS","Directattention","Present","Present.2","Waibira",0.617884696059398,0.0251798561151079,0.142446043165468
"4821","300716","Action_57","Morph_115","TRS","Moveaway","Stompobject","StompObject.1","Waibira",-0.830113035633103,0.020863309352518,0.0258992805755396
"4822","300014","Action_13","Morph_27","TRS","Moveaway","Fling","Fling.1","Waibira",0.0953101798043249,0.0165467625899281,0.0172661870503597
"4823","300876","Action_2","Morph_5","TRS","Groom","Bigloudscratch","BigLoudScratch.3","Waibira",0.542324290825362,0.0424460431654676,0.215827338129496
"4824","300433a","Action_45","Morph_100","TRS","Affiliation","Reach","Reach.1","Waibira",-0.76142602131324,0.0827338129496403,0.097841726618705
"4825","300433a","Action_45","Morph_100","TRS","Affiliation","Reach","Reach.1","Waibira",-1.67664666212755,0.0827338129496403,0.097841726618705
"4826","300191","Action_38","Morph_78","TRS","Directattention","Present","Present.4","Waibira",0.471876873627416,0.0287769784172662,0.142446043165468
"4827","300190","Action_38","Morph_78","TRS","Groom","Present","Present.4","Waibira",1.33447461239009,0.0287769784172662,0.142446043165468
"4828","300433a","Action_45","Morph_102","TRS","Affiliation","Reach","Reach.3","Waibira",-0.117658043468232,0.00575539568345324,0.097841726618705
"4829","300178","Action_63","Morph_132","URS","Affiliation","Touch","Touch.1","Waibira",0.836381348645853,0.0179856115107914,0.0669064748201439
"4830","300453b","Action_63","Morph_135","URS","Affiliation","Touch","Touch.4","Waibira",0.187309098304994,0.00935251798561151,0.0669064748201439
"4831","300169","Action_47","Morph_103","URS","Sexualattention","Rockingsit","Rocking.1","Waibira",1.97449760590723,0.00863309352517986,0.00863309352517986
"4832","300260b","Action_23","Morph_47","URS","Affiliation","Hittingother","HitOther.3","Waibira",0.0535407669280298,0.00719424460431655,0.00719424460431655
"4833","300024a","Action_2","Morph_3","URS","Groom","Bigloudscratch","BigLoudScratch.1","Waibira",1.1718627504077,0.0928057553956834,0.215827338129496
"4834","300025","Action_38","Morph_75","URS","Directattention","Present","Present.1","Waibira",0.718327479090244,0.0330935251798561,0.142446043165468
"4835","300762","Action_60","Morph_127","URS","Sexualattention","Swing","Swing.1","Waibira",0.53062825106217,0.0165467625899281,0.0172661870503597
"4836","300414","Action_2","Morph_5","URS","Groom","Bigloudscratch","BigLoudScratch.3","Waibira",0.908258560176891,0.0424460431654676,0.215827338129496
"4837","300372a","Action_2","Morph_3","URS","Groom","Bigloudscratch","BigLoudScratch.1","Waibira",0.364643113587909,0.0928057553956834,0.215827338129496
"4838","300419","Action_2","Morph_3","URS","Groom","Bigloudscratch","BigLoudScratch.1","Waibira",0.518198378095404,0.0928057553956834,0.215827338129496
"4839","300420","Action_2","Morph_4","URS","Directattention","Bigloudscratch","BigLoudScratch.2","Waibira",0.672944473242426,0.0431654676258993,0.215827338129496
"4840","300420","Action_38","Morph_76","URS","Directattention","Present","Present.2","Waibira",1.6440325571986,0.0251798561151079,0.142446043165468
"4841","300419","Action_2","Morph_3","URS","Groom","Bigloudscratch","BigLoudScratch.1","Waibira",0.336472236621213,0.0928057553956834,0.215827338129496
"4842","300166","Action_39","Morph_82","VET","Sexualattention","Presentgenitalsbackwards","PresentGenitals.1","Waibira",0.249201085633499,0.0474820143884892,0.0402877697841727
"4843","300171","Action_38","Morph_75","VET","Directattention","Present","Present.1","Waibira",0.882527101721346,0.0330935251798561,0.142446043165468
"4844","280173a","Action_63","Morph_133","TUA","Groom","Touch","Touch.2","Bossou",1.20627016337462,0.00805585392051558,0.0429645542427497
"4845","280173a","Action_63","Morph_133","TUA","Groom","Touch","Touch.2","Bossou",0.791180920831311,0.00805585392051558,0.0429645542427497
"4846","280399a","Action_60","Morph_128","NA_chimp","Play","Swing","Swing.2","Bossou",-0.147340587898709,0.0037593984962406,0.0370569280343716
"4847","280399a","Action_8","Morph_19","NA_chimp","Play","Dangle","Dangle.1","Bossou",0.790727508898809,0.0257787325456498,0.0257787325456498
"4848","280399a","Action_9","Morph_20","NA_chimp","Play","Dangleshake","DangleShake.1","Bossou",1.30995312786317,0.00268528464017186,0.00268528464017186
"4849","280399a","Action_17","Morph_39","NA_chimp","Play","Hitobject","HitObject.1","Bossou",-0.462035459596559,0.0327604726100967,0.0408163265306122
"4850","280399a","Action_60","Morph_127","NA_chimp","Play","Swing","Swing.1","Bossou",0.0870947068509337,0.0306122448979592,0.0370569280343716
"4851","280055a","Action_17","Morph_39","FOKAIYE","Sociosexualattention","Hitobject","HitObject.1","Bossou",0.181487876045377,0.0327604726100967,0.0408163265306122
"4852","280055a","Action_17","Morph_39","FOKAIYE","Sociosexualattention","Hitobject","HitObject.1","Bossou",-0.426178149705706,0.0327604726100967,0.0408163265306122
"4853","280055a","Action_21","Morph_42","FOKAIYE","Sociosexualattention","Hittingobject","HitObject.4","Bossou",-0.185125484126689,0.00590762620837809,0.0118152524167562
"4854","280055a","Action_57","Morph_115","FOKAIYE","Sociosexualattention","Stompobject","StompObject.1","Bossou",-0.632993257740198,0.0150375939849624,0.0236305048335124
"4855","280055a","Action_21","Morph_42","FOKAIYE","Sociosexualattention","Hittingobject","HitObject.4","Bossou",-0.642454066244427,0.00590762620837809,0.0118152524167562
"4856","280043","Action_38","Morph_75","FOTAIU","Groom","Present","Present.1","Bossou",1.39846993705002,0.0150375939849624,0.0596133190118153
"4857","280043","Action_2","Morph_4","FOTAIU","Groom","Bigloudscratch","BigLoudScratch.2","Bossou",0.668342061640974,0.0150375939849624,0.0241675617615467
"4858","280528b","Action_13","Morph_28","JIRE","Stopbehaviour","Fling","Fling.2","Bossou",-1.20064501423326,0.0209452201933405,0.0773361976369495
"4859","280467","Action_41","Morph_86","TUA","Position","Pull","Pull.3","Bossou",0.33718626735487,0.00698174006444683,0.0177228786251343
"4860","280567","Action_14","Morph_31","YOLO","Play","Grab","Grab.3","Bossou",0.501986675098786,0.00805585392051558,0.023093447905478
"4861","280284","Action_13","Morph_27","KAI","Moveaway","Fling","Fling.1","Bossou",-0.825536368605691,0.056390977443609,0.0773361976369495
"4862","280428b","Action_60","Morph_127","FOTAIU","Moveaway","Swing","Swing.1","Bossou",-0.627359440021942,0.0306122448979592,0.0370569280343716
"4863","280194b","Action_38","Morph_79","KAI","Affiliation","Present","Present.5","Bossou",0.646055573026095,0.0134264232008593,0.0596133190118153
"4864","280058","Action_13","Morph_28","VUAVUA","Moveaway","Fling","Fling.2","Bossou",-0.832409247893453,0.0209452201933405,0.0773361976369495
"4865","280408","Action_1","Morph_1","YO","Affiliation","Beckon","Beckon.1","Bossou",-0.0470916075338506,0.00966702470461869,0.0123523093447905
"4866","280408","Action_4","Morph_13","YO","Affiliation","Bitekiss","Bite.5","Bossou",0.948176920736477,0.0075187969924812,0.0306122448979592
"4867","280539","Action_43","Morph_96","POKURU","Sexualattention","Raise","Raise.1","Bossou",1.09961178900119,0.0268528464017186,0.0349087003222342
"4868","280539","Action_54","Morph_114","POKURU","Sexualattention","Stancebipedal","StanceBipedal.1","Bossou",1.16408787062702,0.0171858216970999,0.0171858216970999
"4869","280050","Action_57","Morph_115","JEJE","Play","Stompobject","StompObject.1","Bossou",-0.433864582629862,0.0150375939849624,0.0236305048335124
"4870","280050","Action_55","Morph_116","JEJE","Play","Stompingobject","StompObject.2","Bossou",-0.202116184122134,0.00912996777658432,0.0150375939849624
"4871","280050","Action_17","Morph_39","JEJE","Play","Hitobject","HitObject.1","Bossou",-0.7339691750802,0.0327604726100967,0.0408163265306122
"4872","280596","Action_42","Morph_92","JIRE","Position","Push","Push.5","Bossou",0.360467742177429,0.00644468313641246,0.0596133190118153
"4873","280393","Action_38","Morph_76","FANA","Groom","Present","Present.2","Bossou",0.970778917158225,0.00590762620837809,0.0596133190118153
"4874","280614a","Action_50","Morph_107","JEJE","Affiliation","Shake","Shake.1","Bossou",1.26327891022334,0.0139634801288937,0.0343716433941998
"4875","280614a","Action_50","Morph_107","JEJE","Affiliation","Shake","Shake.1","Bossou",-0.309246250367621,0.0139634801288937,0.0343716433941998
"4876","280614a","Action_50","Morph_107","JEJE","Affiliation","Shake","Shake.1","Bossou",-0.455706324544911,0.0139634801288937,0.0343716433941998
"4877","280597","Action_45","Morph_101","JEJE","Giveme","Reach","Reach.2","Bossou",-0.104250021373799,0.027389903329753,0.0719656283566058
"4878","280597","Action_63","Morph_132","JEJE","Giveme","Touch","Touch.1","Bossou",0.0344014267173323,0.00859291084854995,0.0429645542427497
"4879","280392","Action_38","Morph_79","FANA","Groom","Present","Present.5","Bossou",2.44590591243827,0.0134264232008593,0.0596133190118153
"4880","280133","Action_39","Morph_82","VEVE","Sexualattention","Presentgenitalsbackwards","PresentGenitals.1","Bossou",0.740984509974105,0.0354457572502685,0.0290010741138561
"4881","280640a","Action_45","Morph_101","JIRE","Affiliation","Reach","Reach.2","Bossou",-0.141563564321787,0.027389903329753,0.0719656283566058
"4882","280640a","Action_15","Morph_35","JIRE","Affiliation","Grabhold","GrabHold.1","Bossou",1.37901795214911,0.00214822771213749,0.0037593984962406
"4883","280397a","Action_45","Morph_100","YUNRO","Affiliation","Reach","Reach.1","Bossou",0.551007413398823,0.0435016111707841,0.0719656283566058
"4884","280397a","Action_45","Morph_100","YUNRO","Affiliation","Reach","Reach.1","Bossou",0.288931291852213,0.0435016111707841,0.0719656283566058
"4885","280045","Action_20","Morph_45","FOKAIYE","Playcontinue","Hitother","HitOther.1","Bossou",-0.391562202939173,0.0263157894736842,0.0402792696025779
"4886","280538","Action_50","Morph_107","YOLO","Sexualattention","Shake","Shake.1","Bossou",0.0648509723196163,0.0139634801288937,0.0343716433941998
"4887","280283a","Action_34","Morph_65","VUI","Sexualattention","Objectshake","ObjectShake.1","Bossou",2.49204775793937,0.00966702470461869,0.014500537056928
"4888","280229b","Action_45","Morph_101","PILI","Affiliation","Reach","Reach.2","Bossou",0.194744076792512,0.027389903329753,0.0719656283566058
"4889","280348b","Action_39","Morph_82","YO","Sexualattention","Presentgenitalsbackwards","PresentGenitals.1","Bossou",0.0382587121170903,0.0354457572502685,0.0290010741138561
"4890","280404","Action_15","Morph_35","YUNRO","Play","Grabhold","GrabHold.1","Bossou",0.970778917158225,0.00214822771213749,0.0037593984962406
"4891","280476a","Action_13","Morph_27","YOLO","Play","Fling","Fling.1","Bossou",0.0806579030174545,0.056390977443609,0.0773361976369495
"4892","280639","Action_20","Morph_45","FOTAIU","Stopbehaviour","Hitother","HitOther.1","Bossou",-0.404965233066513,0.0263157894736842,0.0402792696025779
"4893","280239","Action_13","Morph_27","JIRE","Stopbehaviour","Fling","Fling.1","Bossou",-0.510825623765991,0.056390977443609,0.0773361976369495
"4894","280543","Action_38","Morph_80","YOLO","Sexualattention","Present","Present.6","Bossou",1.59025509301733,0.00322234156820623,0.0596133190118153
"4895","280466","Action_41","Morph_85","TUA","Position","Pull","Pull.2","Bossou",0.668854487990901,0.00322234156820623,0.0177228786251343
"4896","280352a","Action_45","Morph_101","NA_chimp","Affiliation","Reach","Reach.2","Bossou",-0.569161200778954,0.027389903329753,0.0719656283566058
"4897","280352a","Action_64","Morph_132","NA_chimp","Affiliation","Touchlongother","Touch.1","Bossou",1.76026880213668,0.00859291084854995,0.0112781954887218
"4898","280020","Action_39","Morph_82","VELU","Sexualattention","Presentgenitalsbackwards","PresentGenitals.1","Bossou",0.126632650933366,0.0354457572502685,0.0290010741138561
"4899","280449","Action_20","Morph_45","YOLO","Play","Hitother","HitOther.1","Bossou",0.017839918128331,0.0263157894736842,0.0402792696025779
"4900","280608","Action_38","Morph_77","KAI","Groom","Present","Present.3","Bossou",1.0064969997603,0.0166487647690655,0.0596133190118153
"4901","280637","Action_45","Morph_100","FANA","Climbonme","Reach","Reach.1","Bossou",0.969262616640261,0.0435016111707841,0.0719656283566058
"4902","280399b","Action_8","Morph_19","YUNRO","Play","Dangle","Dangle.1","Bossou",0.527682740832414,0.0257787325456498,0.0257787325456498
"4903","280173b","Action_39","Morph_82","JIRE","Affiliation","Presentgenitalsbackwards","PresentGenitals.1","Bossou",0.699129252237493,0.0354457572502685,0.0290010741138561
"4904","280173b","Action_39","Morph_82","JIRE","Affiliation","Presentgenitalsbackwards","PresentGenitals.1","Bossou",0.760338430100268,0.0354457572502685,0.0290010741138561
"4905","280362","Action_38","Morph_75","PAMA","Groom","Present","Present.1","Bossou",0.783901543828409,0.0150375939849624,0.0596133190118153
"4906","280564","Action_45","Morph_100","YOLO","Giveme","Reach","Reach.1","Bossou",-0.202116184122134,0.0435016111707841,0.0719656283566058
"4907","280564","Action_64","Morph_132","YOLO","Giveme","Touchlongother","Touch.1","Bossou",1.03673688495002,0.00859291084854995,0.0112781954887218
"4908","280428a","Action_20","Morph_45","VUAVUA","Play","Hitother","HitOther.1","Bossou",0.0334347760862374,0.0263157894736842,0.0402792696025779
"4909","280428a","Action_20","Morph_45","VUAVUA","Play","Hitother","HitOther.1","Bossou",-0.567395975254385,0.0263157894736842,0.0402792696025779
"4910","280198b","Action_20","Morph_45","VUI","Stopbehaviour","Hitother","HitOther.1","Bossou",-0.457284856837961,0.0263157894736842,0.0402792696025779
"4911","280194a","Action_50","Morph_107","NA_chimp","Affiliation","Shake","Shake.1","Bossou",1.41220574290439,0.0139634801288937,0.0343716433941998
"4912","280194a","Action_35","Morph_70","NA_chimp","Affiliation","Out","Out.1","Bossou",0.0834216081390724,0.0102040816326531,0.0150375939849624
"4913","280194a","Action_42","Morph_88","NA_chimp","Affiliation","Push","Push.1","Bossou",-0.908818717035454,0.0128893662728249,0.0596133190118153
"4914","280194a","Action_36","Morph_73","NA_chimp","Affiliation","Overstance","OverStance.2","Bossou",0.536493370514568,0.00483351235230934,0.0134264232008593
"4915","280047","Action_38","Morph_77","PAMA","Groom","Present","Present.3","Bossou",1.89416562505944,0.0166487647690655,0.0596133190118153
"4916","280036","Action_64","Morph_140","YOLO","Affiliation","Touchlongother","Touch.9","Bossou",1.07226831332851,0.00698174006444683,0.0112781954887218
"4917","280580a","Action_20","Morph_45","FANLE","Play","Hitother","HitOther.1","Bossou",-0.221894331913778,0.0263157894736842,0.0402792696025779
"4918","280580a","Action_43","Morph_96","FANLE","Play","Raise","Raise.1","Bossou",-0.265268477614881,0.0268528464017186,0.0349087003222342
"4919","280594","Action_42","Morph_91","JIRE","Moveaway","Push","Push.4","Bossou",-0.0682788407532944,0.00805585392051558,0.0596133190118153
"4920","280046","Action_13","Morph_27","FOKAIYE","Stopbehaviour","Fling","Fling.1","Bossou",-0.0222456089473197,0.056390977443609,0.0773361976369495
"4921","280283b","Action_39","Morph_82","NINA","Sexualattention","Presentgenitalsbackwards","PresentGenitals.1","Bossou",1.27396517614597,0.0354457572502685,0.0290010741138561
"4922","280348a","Action_35","Morph_70","NA_chimp","Sexualattention","Out","Out.1","Bossou",-0.214431610712188,0.0102040816326531,0.0150375939849624
"4923","280279","Action_38","Morph_75","NINA","Groom","Present","Present.1","Bossou",0.882527101721346,0.0150375939849624,0.0596133190118153
"4924","280476b","Action_60","Morph_127","FOTAIU","Play","Swing","Swing.1","Bossou",0.0334347760862374,0.0306122448979592,0.0370569280343716
"4925","280626","Action_13","Morph_27","FANLE","Stopbehaviour","Fling","Fling.1","Bossou",-0.510825623765991,0.056390977443609,0.0773361976369495
"4926","280417","Action_42","Morph_89","FANA","Affiliation","Push","Push.2","Bossou",0.178146185383474,0.00537056928034372,0.0596133190118153
"4927","280521","Action_40","Morph_82","FANWA","Sexualattention","Presentgenitalsforwards","PresentGenitals.1","Bossou",0.727065398763406,0.0354457572502685,0.00859291084854995
"4928","280471","Action_38","Morph_77","NINA","Groom","Present","Present.3","Bossou",1.09961178900119,0.0166487647690655,0.0596133190118153
"4929","280256","Action_63","Morph_132","KAI","Stopbehaviour","Touch","Touch.1","Bossou",0.27002713721306,0.00859291084854995,0.0429645542427497
"4930","280352b","Action_45","Morph_101","JIRE","Affiliation","Reach","Reach.2","Bossou",0.0363319292473902,0.027389903329753,0.0719656283566058
"4931","280063","Action_41","Morph_84","JIRE","Position","Pull","Pull.1","Bossou",0.930193637043147,0.0037593984962406,0.0177228786251343
"4932","280616","Action_46","Morph_103","JEJE","Sexualattention","Rockingbipedal","Rocking.1","Bossou",0.569848964215452,0.00322234156820623,0.00214822771213749
"4933","280616","Action_50","Morph_107","JEJE","Sexualattention","Shake","Shake.1","Bossou",-0.404965233066513,0.0139634801288937,0.0343716433941998
"4934","280233b","Action_13","Morph_27","VUAVUA","Affiliation","Fling","Fling.1","Bossou",-0.325730140089311,0.056390977443609,0.0773361976369495
"4935","280609","Action_38","Morph_77","FANA","Takeobjectnurse","Present","Present.3","Bossou",0.719302138036796,0.0166487647690655,0.0596133190118153
"4936","280184b","Action_60","Morph_127","FOTAIU","Stopbehaviour","Swing","Swing.1","Bossou",0.115112807100505,0.0306122448979592,0.0370569280343716
"4937","280574b","Action_20","Morph_49","FANLE","Stopbehaviour","Hitother","HitOther.5","Bossou",-0.0325231917055601,0.00268528464017186,0.0402792696025779
"4938","280574b","Action_60","Morph_127","FANLE","Stopbehaviour","Swing","Swing.1","Bossou",-0.263965545834465,0.0306122448979592,0.0370569280343716
"4939","280329a","Action_63","Morph_138","YO","Affiliation","Touch","Touch.7","Bossou",0.434376451602584,0.0107411385606874,0.0429645542427497
"4940","280557","Action_38","Morph_77","JIRE","Climbonme","Present","Present.3","Bossou",0.710495818894558,0.0166487647690655,0.0596133190118153
"4941","280403","Action_20","Morph_45","YUNRO","Play","Hitother","HitOther.1","Bossou",-0.147340587898709,0.0263157894736842,0.0402792696025779
"4942","280221","Action_4","Morph_10","JIRE","Affiliation","Bitekiss","Bite.2","Bossou",1.79873508296448,0.0128893662728249,0.0306122448979592
"4943","280477b","Action_20","Morph_45","YOLO","Play","Hitother","HitOther.1","Bossou",-1.04982212449868,0.0263157894736842,0.0402792696025779
"4944","280461","Action_38","Morph_77","YO","Groom","Present","Present.3","Bossou",0.812262661450107,0.0166487647690655,0.0596133190118153
"4945","280625","Action_13","Morph_28","JIRE","Stopbehaviour","Fling","Fling.2","Bossou",-0.627359440021942,0.0209452201933405,0.0773361976369495
"4946","280349a","Action_5","Morph_17","NA_chimp","Sexualattention","Bounce","Bounce.1","Bossou",0.347129531095201,0.0204081632653061,0.0204081632653061
"4947","280349a","Action_54","Morph_114","NA_chimp","Sexualattention","Stancebipedal","StanceBipedal.1","Bossou",0.42853038103916,0.0171858216970999,0.0171858216970999
"4948","280424b","Action_20","Morph_45","NTO","Stopbehaviour","Hitother","HitOther.1","Bossou",-1.09961278900169,0.0263157894736842,0.0402792696025779
"4949","280025b","Action_1","Morph_1","PELEY","Play","Beckon","Beckon.1","Bossou",-0.50916034444693,0.00966702470461869,0.0123523093447905
"4950","280025b","Action_60","Morph_127","PELEY","Play","Swing","Swing.1","Bossou",-0.0335567835288428,0.0306122448979592,0.0370569280343716
"4951","280025b","Action_51","Morph_111","PELEY","Play","Spinpirouette","SpinPirouette.1","Bossou",-0.834710744881732,0.00322234156820623,0.00322234156820623
"4952","280025b","Action_23","Morph_48","PELEY","Play","Hittingother","HitOther.4","Bossou",0.0962188577405429,0.00429645542427497,0.00483351235230934
"4953","280056","Action_38","Morph_81","FOTAIU","Climbonme","Present","Present.7","Bossou",2.08318452795867,0.00214822771213749,0.0596133190118153
"4954","280072","Action_41","Morph_85","PELEY","Play","Pull","Pull.2","Bossou",0.202124184090134,0.00322234156820623,0.0177228786251343
"4955","280566b","Action_42","Morph_93","YO","Stopbehaviour","Push","Push.6","Bossou",0.710987098688276,0.00805585392051558,0.0596133190118153
"4956","280581a","Action_45","Morph_100","FANLE","Playcontinue","Reach","Reach.1","Bossou",-0.404965233066513,0.0435016111707841,0.0719656283566058
"4957","280615b","Action_13","Morph_27","PELEY","Moveaway","Fling","Fling.1","Bossou",-0.567395975254385,0.056390977443609,0.0773361976369495
"4958","280266a","Action_54","Morph_114","NTO","Affiliation","Stancebipedal","StanceBipedal.1","Bossou",1.54415244573547,0.0171858216970999,0.0171858216970999
"4959","280266a","Action_60","Morph_129","NTO","Affiliation","Swing","Swing.3","Bossou",-0.0110609473594249,0.00214822771213749,0.0370569280343716
"4960","280266a","Action_4","Morph_10","NTO","Affiliation","Bitekiss","Bite.2","Bossou",0.112435429329788,0.0128893662728249,0.0306122448979592
"4961","280498","Action_38","Morph_77","FANA","Climbonme","Present","Present.3","Bossou",1.6463482664542,0.0166487647690655,0.0596133190118153
"4962","280524","Action_38","Morph_78","FANA","Directattention","Present","Present.4","Bossou",1.18448412774207,0.00214822771213749,0.0596133190118153
"4963","280220","Action_8","Morph_19","YOLO","Play","Dangle","Dangle.1","Bossou",0.832909122935104,0.0257787325456498,0.0257787325456498
"4964","280560","Action_38","Morph_77","FOTAIU","Moveclose","Present","Present.3","Bossou",0.85526603003638,0.0166487647690655,0.0596133190118153
"4965","280560","Action_45","Morph_100","FOTAIU","Moveclose","Reach","Reach.1","Bossou",1.50118432699385,0.0435016111707841,0.0719656283566058
"4966","280551","Action_41","Morph_85","YOLO","Stopbehaviour","Pull","Pull.2","Bossou",0.531804030151182,0.00322234156820623,0.0177228786251343
"4967","280551","Action_60","Morph_127","YOLO","Stopbehaviour","Swing","Swing.1","Bossou",-0.0682788407532944,0.0306122448979592,0.0370569280343716
"4968","280191","Action_13","Morph_28","JIRE","Moveaway","Fling","Fling.2","Bossou",-0.916290731874155,0.0209452201933405,0.0773361976369495
"4969","280044","Action_38","Morph_75","FOTAIU","Directattention","Present","Present.1","Bossou",1.48952761576154,0.0150375939849624,0.0596133190118153
"4970","280370","Action_2","Morph_4","JIRE","Travel","Bigloudscratch","BigLoudScratch.2","Bossou",0.276873873735178,0.0150375939849624,0.0241675617615467
"4971","280370","Action_45","Morph_100","JIRE","Travel","Reach","Reach.1","Bossou",-0.156653810045377,0.0435016111707841,0.0719656283566058
"4972","280649","Action_1","Morph_1","FANLE","Play","Beckon","Beckon.1","Bossou",-0.693147180559945,0.00966702470461869,0.0123523093447905
"4973","280148a","Action_8","Morph_19","FANLE","Play","Dangle","Dangle.1","Bossou",1.04556306757829,0.0257787325456498,0.0257787325456498
"4974","280148a","Action_17","Morph_39","FANLE","Play","Hitobject","HitObject.1","Bossou",-0.867500567704723,0.0327604726100967,0.0408163265306122
"4975","280148a","Action_17","Morph_39","FANLE","Play","Hitobject","HitObject.1","Bossou",-0.703197516413447,0.0327604726100967,0.0408163265306122
"4976","280184a","Action_45","Morph_101","NINA","Moveaway","Reach","Reach.2","Bossou",0.797056643950457,0.027389903329753,0.0719656283566058
"4977","280219","Action_38","Morph_75","JIRE","Groom","Present","Present.1","Bossou",1.86408013080768,0.0150375939849624,0.0596133190118153
"4978","280064","Action_41","Morph_86","JIRE","Stopbehaviour","Pull","Pull.3","Bossou",1.07295254188753,0.00698174006444683,0.0177228786251343
"4979","280339","Action_38","Morph_76","NINA","Directattention","Present","Present.2","Bossou",1.01123720918311,0.00590762620837809,0.0596133190118153
"4980","280329b","Action_63","Morph_138","PAMA","Affiliation","Touch","Touch.7","Bossou",0.341459778132252,0.0107411385606874,0.0429645542427497
"4981","280401","Action_8","Morph_19","NA_chimp","Playcontinue","Dangle","Dangle.1","Bossou",0.486737828236901,0.0257787325456498,0.0257787325456498
"4982","280374","Action_45","Morph_100","JIRE","Affiliation","Reach","Reach.1","Bossou",0.210260925483196,0.0435016111707841,0.0719656283566058
"4983","280364","Action_13","Morph_27","FANA","Moveaway","Fling","Fling.1","Bossou",-0.50916034444693,0.056390977443609,0.0773361976369495
"4984","280375","Action_38","Morph_80","FOAF","Groom","Present","Present.6","Bossou",0.291175961706037,0.00322234156820623,0.0596133190118153
"4985","280025a","Action_42","Morph_93","FANLE","Stopbehaviour","Push","Push.6","Bossou",0.155292884406035,0.00805585392051558,0.0596133190118153
"4986","280025a","Action_43","Morph_96","FANLE","Stopbehaviour","Raise","Raise.1","Bossou",-0.309246250367621,0.0268528464017186,0.0349087003222342
"4987","280025a","Action_20","Morph_45","FANLE","Stopbehaviour","Hitother","HitOther.1","Bossou",-0.567395975254385,0.0263157894736842,0.0402792696025779
"4988","280025a","Action_13","Morph_27","FANLE","Stopbehaviour","Fling","Fling.1","Bossou",-0.693147180559945,0.056390977443609,0.0773361976369495
"4989","280025a","Action_15","Morph_35","FANLE","Stopbehaviour","Grabhold","GrabHold.1","Bossou",1.01884732019925,0.00214822771213749,0.0037593984962406
"4990","280424a","Action_63","Morph_138","NA_chimp","Play","Touch","Touch.7","Bossou",-0.331285709933913,0.0107411385606874,0.0429645542427497
"4991","280424a","Action_45","Morph_100","NA_chimp","Play","Reach","Reach.1","Bossou",0.531804030151182,0.0435016111707841,0.0719656283566058
"4992","280424a","Action_14","Morph_31","NA_chimp","Play","Grab","Grab.3","Bossou",-0.95711272639441,0.00805585392051558,0.023093447905478
"4993","280424a","Action_41","Morph_86","NA_chimp","Play","Pull","Pull.3","Bossou",0.349247428109936,0.00698174006444683,0.0177228786251343
"4994","280373","Action_20","Morph_45","JIRE","Stopbehaviour","Hitother","HitOther.1","Bossou",-0.76142602131324,0.0263157894736842,0.0402792696025779
"4995","280373","Action_14","Morph_29","JIRE","Stopbehaviour","Grab","Grab.1","Bossou",-0.265268477614881,0.0037593984962406,0.023093447905478
"4996","280641a","Action_39","Morph_82","VELU","Affiliation","Presentgenitalsbackwards","PresentGenitals.1","Bossou",0.833778310299691,0.0354457572502685,0.0290010741138561
"4997","280369","Action_38","Morph_79","FOAF","Groom","Present","Present.5","Bossou",0.976444654693902,0.0134264232008593,0.0596133190118153
"4998","280581b","Action_45","Morph_100","JEJE","Playcontinue","Reach","Reach.1","Bossou",-0.221894331913778,0.0435016111707841,0.0719656283566058
"4999","280071","Action_41","Morph_86","JIRE","Position","Pull","Pull.3","Bossou",1.03709143201986,0.00698174006444683,0.0177228786251343
"5000","280137","Action_45","Morph_100","JEJE","Giveme","Reach","Reach.1","Bossou",1.55709143206189,0.0435016111707841,0.0719656283566058
"5001","280593","Action_5","Morph_17","YOLO","Sociosexualattention","Bounce","Bounce.1","Bossou",0.750944279286162,0.0204081632653061,0.0204081632653061
"5002","280593","Action_43","Morph_96","YOLO","Sociosexualattention","Raise","Raise.1","Bossou",-0.331285709933913,0.0268528464017186,0.0349087003222342
"5003","280136","Action_39","Morph_82","VEVE","Sexualattention","Presentgenitalsbackwards","PresentGenitals.1","Bossou",0.839409687538197,0.0354457572502685,0.0290010741138561
"5004","280070","Action_38","Morph_79","JIRE","Directattention","Present","Present.5","Bossou",0.945461109173935,0.0134264232008593,0.0596133190118153
"5005","280266b","Action_4","Morph_10","YO","Affiliation","Bitekiss","Bite.2","Bossou",0.427226599889677,0.0128893662728249,0.0306122448979592
"5006","280266b","Action_11","Morph_23","YO","Affiliation","Embrace","Embrace.2","Bossou",0.431782416425538,0.00268528464017186,0.00859291084854995
"5007","280195b","Action_54","Morph_114","JIRE","Moveaway","Stancebipedal","StanceBipedal.1","Bossou",0.83116847845732,0.0171858216970999,0.0171858216970999
"5008","280606","Action_63","Morph_140","FANA","Affiliation","Touch","Touch.9","Bossou",0.819339205797705,0.00698174006444683,0.0429645542427497
"5009","280223","Action_38","Morph_75","JIRE","Groom","Present","Present.1","Bossou",0.706063405826492,0.0150375939849624,0.0596133190118153
"5010","280319","Action_42","Morph_92","YO","Climbonme","Push","Push.5","Bossou",0.802449915450395,0.00644468313641246,0.0596133190118153
"5011","280319","Action_42","Morph_88","YO","Climbonme","Push","Push.1","Bossou",1.27144451944095,0.0128893662728249,0.0596133190118153
"5012","280563","Action_45","Morph_101","PAMA","Giveme","Reach","Reach.2","Bossou",1.02460687535761,0.027389903329753,0.0719656283566058
"5013","280552","Action_43","Morph_96","JEJE","Sexualattention","Raise","Raise.1","Bossou",0.126632650933366,0.0268528464017186,0.0349087003222342
"5014","280192","Action_45","Morph_100","JIRE","Affiliation","Reach","Reach.1","Bossou",0.456158222423683,0.0435016111707841,0.0719656283566058
"5015","280400","Action_8","Morph_19","NA_chimp","Playcontinue","Dangle","Dangle.1","Bossou",1.70074007084089,0.0257787325456498,0.0257787325456498
"5016","280338","Action_38","Morph_79","NINA","Groom","Present","Present.5","Bossou",1.00905221195547,0.0134264232008593,0.0596133190118153
"5017","280019","Action_38","Morph_79","PELEY","Staysame","Present","Present.5","Bossou",1.16408787062702,0.0134264232008593,0.0596133190118153
"5018","280148b","Action_33","Morph_61","JEJE","Play","Objectmove","ObjectMove.1","Bossou",0.590006421640432,0.0193340494092374,0.0349087003222342
"5019","280148b","Action_8","Morph_19","JEJE","Play","Dangle","Dangle.1","Bossou",1.45067662004916,0.0257787325456498,0.0257787325456498
"5020","280148b","Action_20","Morph_46","JEJE","Play","Hitother","HitOther.2","Bossou",-0.216913001563574,0.00805585392051558,0.0402792696025779
"5021","280579","Action_63","Morph_138","JEJE","Giveme","Touch","Touch.7","Bossou",1.19483114640865,0.0107411385606874,0.0429645542427497
"5022","280104","Action_13","Morph_28","TUA","Stopbehaviour","Fling","Fling.2","Bossou",-1.09362474715707,0.0209452201933405,0.0773361976369495
"5023","280286","Action_40","Morph_82","YOLO","Sexualattention","Presentgenitalsforwards","PresentGenitals.1","Bossou",1.22524493960148,0.0354457572502685,0.00859291084854995
"5024","280489","Action_42","Morph_90","TUA","Position","Push","Push.3","Bossou",1.1049256507247,0.0134264232008593,0.0596133190118153
"5025","280363a","Action_1","Morph_1","TUA","Sexualattention","Beckon","Beckon.1","Bossou",0.263133199530368,0.00966702470461869,0.0123523093447905
"5026","280269","Action_13","Morph_27","JIRE","Moveaway","Fling","Fling.1","Bossou",-0.339677367570161,0.056390977443609,0.0773361976369495
"5027","280586","Action_42","Morph_93","JIRE","Takeobjectnurse","Push","Push.6","Bossou",1.0064969997603,0.00805585392051558,0.0596133190118153
"5028","280053b","Action_8","Morph_19","PELEY","Play","Dangle","Dangle.1","Bossou",0.690142671539647,0.0257787325456498,0.0257787325456498
"5029","280053b","Action_8","Morph_19","PELEY","Play","Dangle","Dangle.1","Bossou",0.577175004307525,0.0257787325456498,0.0257787325456498
"5030","280053b","Action_8","Morph_19","PELEY","Play","Dangle","Dangle.1","Bossou",0.64814981462921,0.0257787325456498,0.0257787325456498
"5031","280096a","Action_20","Morph_45","FOTAIU","Stopbehaviour","Hitother","HitOther.1","Bossou",-0.147340587898709,0.0263157894736842,0.0402792696025779
"5032","280096a","Action_43","Morph_98","FOTAIU","Stopbehaviour","Raise","Raise.3","Bossou",1.1368710007852,0.00590762620837809,0.0349087003222342
"5033","280096a","Action_2","Morph_6","FOTAIU","Stopbehaviour","Bigloudscratch","BigLoudScratch.4","Bossou",0.509224342399017,0.00322234156820623,0.0241675617615467
"5034","280096a","Action_54","Morph_114","FOTAIU","Stopbehaviour","Stancebipedal","StanceBipedal.1","Bossou",1.19270961204723,0.0171858216970999,0.0171858216970999
"5035","280162","Action_38","Morph_75","VUAVUA","Groom","Present","Present.1","Bossou",2.86311474893915,0.0150375939849624,0.0596133190118153
"5036","280618b","Action_13","Morph_27","JIRE","Stopbehaviour","Fling","Fling.1","Bossou",-0.309246250367621,0.056390977443609,0.0773361976369495
"5037","280618b","Action_42","Morph_88","JIRE","Stopbehaviour","Push","Push.1","Bossou",-0.265268477614881,0.0128893662728249,0.0596133190118153
"5038","280618b","Action_41","Morph_86","JIRE","Stopbehaviour","Pull","Pull.3","Bossou",-0.627359440021942,0.00698174006444683,0.0177228786251343
"5039","280350","Action_42","Morph_93","JOKURO","Moveaway","Push","Push.6","Bossou",-0.556869562267398,0.00805585392051558,0.0596133190118153
"5040","280291","Action_38","Morph_75","YO","Groom","Present","Present.1","Bossou",1.61938824328727,0.0150375939849624,0.0596133190118153
"5041","280587a","Action_45","Morph_101","FANLE","Affiliation","Reach","Reach.2","Bossou",-0.331285709933913,0.027389903329753,0.0719656283566058
"5042","280587a","Action_43","Morph_96","FANLE","Affiliation","Raise","Raise.1","Bossou",-0.332679438382517,0.0268528464017186,0.0349087003222342
"5043","280587a","Action_13","Morph_27","FANLE","Affiliation","Fling","Fling.1","Bossou",-0.796287939479459,0.056390977443609,0.0773361976369495
"5044","280587a","Action_63","Morph_137","FANLE","Affiliation","Touch","Touch.6","Bossou",-0.18152187662339,0.00322234156820623,0.0429645542427497
"5045","280587a","Action_3","Morph_12","FANLE","Affiliation","Bite","Bite.4","Bossou",-0.309246250367621,0.00214822771213749,0.00644468313641246
"5046","280587a","Action_29","Morph_58","FANLE","Affiliation","Locomotegallop","LocomoteGallop.1","Bossou",0.223943231484774,0.0134264232008593,0.0134264232008593
"5047","280120","Action_45","Morph_100","FOTAIU","Affiliation","Reach","Reach.1","Bossou",0.70951253464621,0.0435016111707841,0.0719656283566058
"5048","280120","Action_64","Morph_138","FOTAIU","Affiliation","Touchlongother","Touch.7","Bossou",0.730442965303642,0.0107411385606874,0.0112781954887218
"5049","280517","Action_1","Morph_1","JIRE","Moveclose","Beckon","Beckon.1","Bossou",-0.141563564321787,0.00966702470461869,0.0123523093447905
"5050","280517","Action_1","Morph_1","JIRE","Moveclose","Beckon","Beckon.1","Bossou",0.0962188577405429,0.00966702470461869,0.0123523093447905
"5051","280517","Action_1","Morph_1","JIRE","Moveclose","Beckon","Beckon.1","Bossou",-0.404965233066513,0.00966702470461869,0.0123523093447905
"5052","280261a","Action_45","Morph_100","FOAF","Affiliation","Reach","Reach.1","Bossou",-0.122167633974208,0.0435016111707841,0.0719656283566058
"5053","280261a","Action_45","Morph_101","FOAF","Affiliation","Reach","Reach.2","Bossou",0.578297338881003,0.027389903329753,0.0719656283566058
"5054","280547a","Action_13","Morph_27","YOLO","Moveaway","Fling","Fling.1","Bossou",-0.76142602131324,0.056390977443609,0.0773361976369495
"5055","280418","Action_38","Morph_75","FOAF","Directattention","Present","Present.1","Bossou",0.978701991995552,0.0150375939849624,0.0596133190118153
"5056","280418","Action_63","Morph_140","JIRE","Affiliation","Touch","Touch.9","Bossou",0.943516718127747,0.00698174006444683,0.0429645542427497
"5057","280129","Action_45","Morph_100","JEJE","Giveme","Reach","Reach.1","Bossou",0.778866055962483,0.0435016111707841,0.0719656283566058
"5058","280605","Action_63","Morph_132","FANA","Climbonme","Touch","Touch.1","Bossou",0.427878702945064,0.00859291084854995,0.0429645542427497
"5059","280110","Action_40","Morph_82","TUA","Sexualattention","Presentgenitalsforwards","PresentGenitals.1","Bossou",1.4548871525855,0.0354457572502685,0.00859291084854995
"5060","280114a","Action_35","Morph_71","FOTAIU","Staysame","Out","Out.2","Bossou",-0.16369609267079,0.00429645542427497,0.0150375939849624
"5061","280114a","Action_42","Morph_90","FOTAIU","Staysame","Push","Push.3","Bossou",-0.901402119380404,0.0134264232008593,0.0596133190118153
"5062","280114a","Action_28","Morph_57","FOTAIU","Staysame","Locomotebipedal","LocomoteBipedal.2","Bossou",0.205386829724951,0.00429645542427497,0.0155746509129968
"5063","280344","Action_4","Morph_10","NINA","Affiliation","Bitekiss","Bite.2","Bossou",0.782987884559735,0.0128893662728249,0.0306122448979592
"5064","280371","Action_42","Morph_93","JIRE","Climbonme","Push","Push.6","Bossou",0.378436435720245,0.00805585392051558,0.0596133190118153
"5065","280371","Action_38","Morph_75","JIRE","Climbonme","Present","Present.1","Bossou",0.978326122793608,0.0150375939849624,0.0596133190118153
"5066","280214","Action_45","Morph_100","TUA","Stopbehaviour","Reach","Reach.1","Bossou",0.141499562273699,0.0435016111707841,0.0719656283566058
"5067","280249a","Action_38","Morph_79","YOLO","Play","Present","Present.5","Bossou",1.4443273923705,0.0134264232008593,0.0596133190118153
"5068","280249a","Action_14","Morph_29","YOLO","Play","Grab","Grab.1","Bossou",0.764537176646618,0.0037593984962406,0.023093447905478
"5069","280387a","Action_43","Morph_98","NA_chimp","Play","Raise","Raise.3","Bossou",-0.534435489405125,0.00590762620837809,0.0349087003222342
"5070","280387a","Action_13","Morph_27","NA_chimp","Play","Fling","Fling.1","Bossou",-0.805196684368568,0.056390977443609,0.0773361976369495
"5071","280387a","Action_57","Morph_115","NA_chimp","Play","Stompobject","StompObject.1","Bossou",-1.20731170559145,0.0150375939849624,0.0236305048335124
"5072","280111","Action_38","Morph_77","VELU","Groom","Present","Present.3","Bossou",0.708035793053696,0.0166487647690655,0.0596133190118153
"5073","280128","Action_45","Morph_100","JEJE","Giveme","Reach","Reach.1","Bossou",0.545227050483323,0.0435016111707841,0.0719656283566058
"5074","280602","Action_43","Morph_96","YOLO","Play","Raise","Raise.1","Bossou",0.276115436080316,0.0268528464017186,0.0349087003222342
"5075","280516","Action_13","Morph_27","JIRE","Moveaway","Fling","Fling.1","Bossou",-0.693147180559945,0.056390977443609,0.0773361976369495
"5076","280516","Action_13","Morph_28","JIRE","Moveaway","Fling","Fling.2","Bossou",-0.837017550979647,0.0209452201933405,0.0773361976369495
"5077","280121","Action_45","Morph_100","FOKAIYE","Affiliation","Reach","Reach.1","Bossou",-0.825536368605691,0.0435016111707841,0.0719656283566058
"5078","280121","Action_45","Morph_100","FOKAIYE","Affiliation","Reach","Reach.1","Bossou",-0.0954101848046582,0.0435016111707841,0.0719656283566058
"5079","280035b","Action_17","Morph_40","FANLE","Play","Hitobject","HitObject.2","Bossou",-0.450985623409974,0.00483351235230934,0.0408163265306122
"5080","280035b","Action_20","Morph_45","FANLE","Play","Hitother","HitOther.1","Bossou",-1.22417551164346,0.0263157894736842,0.0402792696025779
"5081","280035b","Action_60","Morph_127","FANLE","Play","Swing","Swing.1","Bossou",-0.277071893339765,0.0306122448979592,0.0370569280343716
"5082","280035b","Action_1","Morph_1","FANLE","Play","Beckon","Beckon.1","Bossou",-0.640554730440775,0.00966702470461869,0.0123523093447905
"5083","280035b","Action_38","Morph_81","FANLE","Play","Present","Present.7","Bossou",0.909870164071232,0.00214822771213749,0.0596133190118153
"5084","280035b","Action_63","Morph_134","FANLE","Play","Touch","Touch.3","Bossou",-0.0171461588349705,0.00698174006444683,0.0429645542427497
"5085","280035b","Action_16","Morph_38","FANLE","Play","Headstand","HeadStand.1","Bossou",1.09794539968041,0.00161117078410311,0.00161117078410311
"5086","280035b","Action_14","Morph_31","FANLE","Play","Grab","Grab.3","Bossou",0.724645847619316,0.00805585392051558,0.023093447905478
"5087","280514","Action_39","Morph_82","JOYA","Sociosexualattention","Presentgenitalsbackwards","PresentGenitals.1","Bossou",0.570414415177648,0.0354457572502685,0.0290010741138561
"5088","280326b","Action_4","Morph_10","YO","Affiliation","Bitekiss","Bite.2","Bossou",2.12560922252484,0.0128893662728249,0.0306122448979592
"5089","280126","Action_38","Morph_81","FOTAIU","Climbonme","Present","Present.7","Bossou",1.8879783269686,0.00214822771213749,0.0596133190118153
"5090","280126","Action_38","Morph_75","FOTAIU","Climbonme","Present","Present.1","Bossou",1.09694423156741,0.0150375939849624,0.0596133190118153
"5091","280126","Action_2","Morph_3","FOTAIU","Climbonme","Bigloudscratch","BigLoudScratch.1","Bossou",1.02424787337925,0.00322234156820623,0.0241675617615467
"5092","280232","Action_38","Morph_79","VUAVUA","Affiliation","Present","Present.5","Bossou",1.11841491596429,0.0134264232008593,0.0596133190118153
"5093","280163","Action_50","Morph_108","JEJE","Play","Shake","Shake.2","Bossou",0.545806592661236,0.00214822771213749,0.0343716433941998
"5094","280334b","Action_42","Morph_93","JIRE","Takeobjectnurse","Push","Push.6","Bossou",0.755652385911342,0.00805585392051558,0.0596133190118153
"5095","280318","Action_42","Morph_88","FANA","Climbonme","Push","Push.1","Bossou",0.763605644208507,0.0128893662728249,0.0596133190118153
"5096","280619b","Action_63","Morph_133","JEJE","Affiliation","Touch","Touch.2","Bossou",0.470628434014578,0.00805585392051558,0.0429645542427497
"5097","280382a","Action_45","Morph_100","FOTAIU","Affiliation","Reach","Reach.1","Bossou",1.27088350960856,0.0435016111707841,0.0719656283566058
"5098","280268","Action_40","Morph_82","VUI","Sexualattention","Presentgenitalsforwards","PresentGenitals.1","Bossou",0.853137916868886,0.0354457572502685,0.00859291084854995
"5099","280268","Action_50","Morph_108","VUI","Sexualattention","Shake","Shake.2","Bossou",-0.173163619009189,0.00214822771213749,0.0343716433941998
"5100","280257b","Action_20","Morph_46","YOLO","Play","Hitother","HitOther.2","Bossou",-0.687165108882398,0.00805585392051558,0.0402792696025779
"5101","280578","Action_63","Morph_134","JEJE","Climbonyou","Touch","Touch.3","Bossou",0.862467925176648,0.00698174006444683,0.0429645542427497
"5102","280253b","Action_60","Morph_127","YOLO","Stopbehaviour","Swing","Swing.1","Bossou",-0.226900600191922,0.0306122448979592,0.0370569280343716
"5103","280105","Action_13","Morph_27","TUA","Moveaway","Fling","Fling.1","Bossou",-0.327116141697188,0.056390977443609,0.0773361976369495
"5104","280501","Action_50","Morph_107","PAMA","Play","Shake","Shake.1","Bossou",0.183986836113016,0.0139634801288937,0.0343716433941998
"5105","280501","Action_5","Morph_17","PAMA","Play","Bounce","Bounce.1","Bossou",-0.142716302201595,0.0204081632653061,0.0204081632653061
"5106","280124","Action_14","Morph_31","JEJE","Play","Grab","Grab.3","Bossou",-0.0943106794712413,0.00805585392051558,0.023093447905478
"5107","280321b","Action_39","Morph_82","PILI","Sociosexualattention","Presentgenitalsbackwards","PresentGenitals.1","Bossou",0.0295588022415444,0.0354457572502685,0.0290010741138561
"5108","280363b","Action_39","Morph_82","JIRE","Sexualattention","Presentgenitalsbackwards","PresentGenitals.1","Bossou",0.782987884559735,0.0354457572502685,0.0290010741138561
"5109","280304","Action_64","Morph_138","FANA","Affiliation","Touchlongother","Touch.7","Bossou",2.25936439053948,0.0107411385606874,0.0112781954887218
"5110","280585","Action_38","Morph_77","FANA","Takeobjectnurse","Present","Present.3","Bossou",0.42853038103916,0.0166487647690655,0.0596133190118153
"5111","280053a","Action_29","Morph_58","JEJE","Play","Locomotegallop","LocomoteGallop.1","Bossou",0.0401817896328318,0.0134264232008593,0.0134264232008593
"5112","280053a","Action_55","Morph_116","JEJE","Play","Stompingobject","StompObject.2","Bossou",0.180653499693258,0.00912996777658432,0.0150375939849624
"5113","280053a","Action_57","Morph_115","JEJE","Play","Stompobject","StompObject.1","Bossou",-0.245900538436826,0.0150375939849624,0.0236305048335124
"5114","280053a","Action_57","Morph_115","JEJE","Play","Stompobject","StompObject.1","Bossou",-0.677273831403655,0.0150375939849624,0.0236305048335124
"5115","280053a","Action_21","Morph_43","JEJE","Play","Hittingobject","HitObject.5","Bossou",-0.0954101848046582,0.00537056928034372,0.0118152524167562
"5116","280053a","Action_21","Morph_42","JEJE","Play","Hittingobject","HitObject.4","Bossou",-0.00601807232556302,0.00590762620837809,0.0118152524167562
"5117","280149","Action_8","Morph_19","JEJE","Playcontinue","Dangle","Dangle.1","Bossou",0.583890194622996,0.0257787325456498,0.0257787325456498
"5118","280149","Action_14","Morph_30","JEJE","Playcontinue","Grab","Grab.2","Bossou",0.497132296633988,0.00429645542427497,0.023093447905478
"5119","280161","Action_38","Morph_79","YOLO","Groom","Present","Present.5","Bossou",0.790727508898809,0.0134264232008593,0.0596133190118153
"5120","280096b","Action_38","Morph_79","JIRE","Affiliation","Present","Present.5","Bossou",0.796154930634174,0.0134264232008593,0.0596133190118153
"5121","280248","Action_20","Morph_45","YO","Stopbehaviour","Hitother","HitOther.1","Bossou",-0.640554730440775,0.0263157894736842,0.0402792696025779
"5122","280306","Action_13","Morph_27","KAI","Moveaway","Fling","Fling.1","Bossou",-0.783071888087932,0.056390977443609,0.0773361976369495
"5123","280306","Action_13","Morph_27","KAI","Moveaway","Fling","Fling.1","Bossou",-0.572701027484078,0.056390977443609,0.0773361976369495
"5124","280353","Action_42","Morph_88","NA_chimp","Position","Push","Push.1","Bossou",-0.321583624127462,0.0128893662728249,0.0596133190118153
"5125","280353","Action_5","Morph_17","NA_chimp","Position","Bounce","Bounce.1","Bossou",-0.462035459596559,0.0204081632653061,0.0204081632653061
"5126","280309","Action_63","Morph_140","KAI","Affiliation","Touch","Touch.9","Bossou",0.616266136223988,0.00698174006444683,0.0429645542427497
"5127","280199","Action_13","Morph_27","NINA","Moveaway","Fling","Fling.1","Bossou",-0.396009949337409,0.056390977443609,0.0773361976369495
"5128","280079","Action_45","Morph_100","JEJE","Giveme","Reach","Reach.1","Bossou",1.15341608070878,0.0435016111707841,0.0719656283566058
"5129","280086","Action_20","Morph_45","FOTAIU","Stopbehaviour","Hitother","HitOther.1","Bossou",-0.245900538436826,0.0263157894736842,0.0402792696025779
"5130","280547b","Action_39","Morph_82","FOTAIU","Sexualattention","Presentgenitalsbackwards","PresentGenitals.1","Bossou",1.87272482805116,0.0354457572502685,0.0290010741138561
"5131","280261b","Action_14","Morph_33","YOLO","Affiliation","Grab","Grab.5","Bossou",0.684106435907796,0.00537056928034372,0.023093447905478
"5132","280261b","Action_14","Morph_33","YOLO","Affiliation","Grab","Grab.5","Bossou",1.52692549085964,0.00537056928034372,0.023093447905478
"5133","280114b","Action_35","Morph_70","JEJE","Staysame","Out","Out.1","Bossou",-0.102032725565152,0.0102040816326531,0.0150375939849624
"5134","280114b","Action_43","Morph_96","JEJE","Staysame","Raise","Raise.1","Bossou",0.233489843368354,0.0268528464017186,0.0349087003222342
"5135","280038","Action_38","Morph_76","PAMA","Directattention","Present","Present.2","Bossou",2.13250826261653,0.00590762620837809,0.0596133190118153
"5136","280630b","Action_13","Morph_27","JIRE","Stopbehaviour","Fling","Fling.1","Bossou",-0.567395975254385,0.056390977443609,0.0773361976369495
"5137","280216","Action_13","Morph_27","JIRE","Moveaway","Fling","Fling.1","Bossou",-0.691149177897272,0.056390977443609,0.0773361976369495
"5138","280098","Action_13","Morph_27","TUA","Moveaway","Fling","Fling.1","Bossou",-0.588787165235702,0.056390977443609,0.0773361976369495
"5139","280039","Action_45","Morph_100","PAMA","Affiliation","Reach","Reach.1","Bossou",-0.0682788407532944,0.0435016111707841,0.0719656283566058
"5140","280099","Action_13","Morph_27","TUA","Moveaway","Fling","Fling.1","Bossou",-0.427710717055484,0.056390977443609,0.0773361976369495
"5141","280099","Action_13","Morph_27","TUA","Moveaway","Fling","Fling.1","Bossou",-1.56064774826467,0.056390977443609,0.0773361976369495
"5142","280249b","Action_36","Morph_73","JURU","Affiliation","Overstance","OverStance.2","Bossou",1.21402214017894,0.00483351235230934,0.0134264232008593
"5143","280112","Action_41","Morph_86","FOTAIU","Climbonme","Pull","Pull.3","Bossou",0.381855242469031,0.00698174006444683,0.0177228786251343
"5144","280087","Action_31","Morph_59","FOTAIU","Moveaway","Lunge","Lunge.1","Bossou",0.569283193337559,0.00214822771213749,0.00214822771213749
"5145","280612","Action_13","Morph_27","YOLO","Moveaway","Fling","Fling.1","Bossou",-0.403467105445491,0.056390977443609,0.0773361976369495
"5146","280612","Action_13","Morph_27","YOLO","Moveaway","Fling","Fling.1","Bossou",-0.141563564321787,0.056390977443609,0.0773361976369495
"5147","280612","Action_13","Morph_27","YOLO","Moveaway","Fling","Fling.1","Bossou",-0.834710744881732,0.056390977443609,0.0773361976369495
"5148","280078","Action_63","Morph_135","JEJE","Giveme","Touch","Touch.4","Bossou",0.73716406597672,0.00483351235230934,0.0429645542427497
"5149","280203","Action_38","Morph_79","NA_chimp","Sociosexualattention","Present","Present.5","Bossou",0.164666621555234,0.0134264232008593,0.0596133190118153
"5150","280358","Action_38","Morph_80","NINA","Sexualattention","Present","Present.6","Bossou",0.988425329633354,0.00322234156820623,0.0596133190118153
"5151","280535a","Action_4","Morph_10","JIRE","Affiliation","Bitekiss","Bite.2","Bossou",0.758934921097948,0.0128893662728249,0.0306122448979592
"5152","280122","Action_50","Morph_109","TUA","Sexualattention","Shake","Shake.3","Bossou",0.791634127274599,0.0177228786251343,0.0343716433941998
"5153","280122","Action_50","Morph_109","TUA","Sexualattention","Shake","Shake.3","Bossou",-0.295714244149045,0.0177228786251343,0.0343716433941998
"5154","280035a","Action_54","Morph_114","PELEY","Play","Stancebipedal","StanceBipedal.1","Bossou",-0.0491902441907718,0.0171858216970999,0.0171858216970999
"5155","280035a","Action_50","Morph_109","PELEY","Play","Shake","Shake.3","Bossou",-0.019182819416774,0.0177228786251343,0.0343716433941998
"5156","280035a","Action_50","Morph_109","PELEY","Play","Shake","Shake.3","Bossou",-0.921303273697699,0.0177228786251343,0.0343716433941998
"5157","280035a","Action_1","Morph_1","PELEY","Play","Beckon","Beckon.1","Bossou",-1.2837377727948,0.00966702470461869,0.0123523093447905
"5158","280035a","Action_50","Morph_109","PELEY","Play","Shake","Shake.3","Bossou",0.616266136223988,0.0177228786251343,0.0343716433941998
"5159","280035a","Action_35","Morph_70","PELEY","Play","Out","Out.1","Bossou",-0.376877651256252,0.0102040816326531,0.0150375939849624
"5160","280035a","Action_20","Morph_45","PELEY","Play","Hitother","HitOther.1","Bossou",-1.73160554640831,0.0263157894736842,0.0402792696025779
"5161","280308","Action_13","Morph_27","TUA","Moveaway","Fling","Fling.1","Bossou",-0.197232169529709,0.056390977443609,0.0773361976369495
"5162","280308","Action_13","Morph_27","TUA","Moveaway","Fling","Fling.1","Bossou",-0.522560879984412,0.056390977443609,0.0773361976369495
"5163","280305","Action_42","Morph_91","FANA","Climbonme","Push","Push.4","Bossou",0.543486406005539,0.00805585392051558,0.0596133190118153
"5164","280483b","Action_60","Morph_127","NA_chimp","Stopbehaviour","Swing","Swing.1","Bossou",-0.309246250367621,0.0306122448979592,0.0370569280343716
"5165","280160","Action_48","Morph_104","FANLE","Playcontinue","Rollover","RollOver.1","Bossou",1.43270073393405,0.00429645542427497,0.00429645542427497
"5166","280231","Action_4","Morph_10","VUAVUA","Affiliation","Bitekiss","Bite.2","Bossou",0.794349061068913,0.0128893662728249,0.0306122448979592
"5167","280231","Action_42","Morph_92","VUAVUA","Affiliation","Push","Push.5","Bossou",-0.685179010910768,0.00644468313641246,0.0596133190118153
"5168","280326a","Action_4","Morph_10","FANA","Affiliation","Bitekiss","Bite.2","Bossou",2.20816451737455,0.0128893662728249,0.0306122448979592
"5169","280334a","Action_45","Morph_100","JOKURO","Givemenurse","Reach","Reach.1","Bossou",0.353469812989784,0.0435016111707841,0.0719656283566058
"5170","280632","Action_63","Morph_133","FANLE","Stopbehaviour","Touch","Touch.2","Bossou",0.288931291852213,0.00805585392051558,0.0429645542427497
"5171","280382b","Action_64","Morph_138","NA_chimp","Affiliation","Touchlongother","Touch.7","Bossou",1.70019227570256,0.0107411385606874,0.0112781954887218
"5172","280584","Action_42","Morph_90","JIRE","Stopbehaviour","Push","Push.3","Bossou",-0.798507696217772,0.0134264232008593,0.0596133190118153
"5173","280379","Action_38","Morph_80","NA_chimp","Groom","Present","Present.6","Bossou",0.952429778490028,0.00322234156820623,0.0596133190118153
"5174","280125","Action_42","Morph_89","FOTAIU","Takeobjectnurse","Push","Push.2","Bossou",-0.133531392624523,0.00537056928034372,0.0596133190118153
"5175","280500","Action_39","Morph_82","FANLE","Sexualattention","Presentgenitalsbackwards","PresentGenitals.1","Bossou",0.0962188577405429,0.0354457572502685,0.0290010741138561
"5176","280106","Action_57","Morph_115","TUA","Support","Stompobject","StompObject.1","Bossou",-0.811930716549912,0.0150375939849624,0.0236305048335124
"5177","280257a","Action_54","Morph_114","PONI","Play","Stancebipedal","StanceBipedal.1","Bossou",0.825928291793764,0.0171858216970999,0.0171858216970999
"5178","280257a","Action_60","Morph_129","PONI","Play","Swing","Swing.3","Bossou",0.64500680523201,0.00214822771213749,0.0370569280343716
"5179","280253a","Action_21","Morph_42","JURU","Play","Hittingobject","HitObject.4","Bossou",-0.510825623765991,0.00590762620837809,0.0118152524167562
"5180","280253a","Action_24","Morph_51","JURU","Play","Jump","Jump.1","Bossou",-0.629233854816292,0.0128893662728249,0.0128893662728249
"5181","280253a","Action_17","Morph_40","JURU","Play","Hitobject","HitObject.2","Bossou",-1.55589714550607,0.00483351235230934,0.0408163265306122
"5182","280253a","Action_24","Morph_51","JURU","Play","Jump","Jump.1","Bossou",-0.0943106794712413,0.0128893662728249,0.0128893662728249
"5183","280201","Action_8","Morph_19","FOTAIU","Play","Dangle","Dangle.1","Bossou",0.10345870836823,0.0257787325456498,0.0257787325456498
"5184","280520a","Action_4","Morph_13","FANA","Affiliation","Bitekiss","Bite.5","Bossou",1.3787660946991,0.0075187969924812,0.0306122448979592
"5185","280439","Action_13","Morph_28","TUA","Moveaway","Fling","Fling.2","Bossou",-1.45671682541644,0.0209452201933405,0.0773361976369495
"5186","280572a","Action_43","Morph_96","FANLE","Play","Raise","Raise.1","Bossou",-0.18152187662339,0.0268528464017186,0.0349087003222342
"5187","280572a","Action_60","Morph_127","FANLE","Play","Swing","Swing.1","Bossou",-0.0682788407532944,0.0306122448979592,0.0370569280343716
"5188","280330","Action_63","Morph_140","YUNRO","Affiliation","Touch","Touch.9","Bossou",0.242946178610389,0.00698174006444683,0.0429645542427497
"5189","280438b","Action_45","Morph_101","PILI","Stopbehaviour","Reach","Reach.2","Bossou",-0.798507696217772,0.027389903329753,0.0719656283566058
"5190","280208","Action_34","Morph_66","NA_chimp","Sexualattention","Objectshake","ObjectShake.2","Bossou",0.920282753143692,0.00322234156820623,0.014500537056928
"5191","280208","Action_45","Morph_100","NA_chimp","Sexualattention","Reach","Reach.1","Bossou",0.352064331381049,0.0435016111707841,0.0719656283566058
"5192","280208","Action_42","Morph_88","NA_chimp","Sexualattention","Push","Push.1","Bossou",0.144965770250186,0.0128893662728249,0.0596133190118153
"5193","280588","Action_50","Morph_107","JEJE","Play","Shake","Shake.1","Bossou",-0.0866478067256722,0.0139634801288937,0.0343716433941998
"5194","280588","Action_54","Morph_114","JEJE","Play","Stancebipedal","StanceBipedal.1","Bossou",0.249980205267769,0.0171858216970999,0.0171858216970999
"5195","280588","Action_50","Morph_107","JEJE","Play","Shake","Shake.1","Bossou",-1.60445037092306,0.0139634801288937,0.0343716433941998
"5196","280588","Action_57","Morph_119","JEJE","Play","Stompobject","StompObject.5","Bossou",-0.796287939479459,0.00322234156820623,0.0236305048335124
"5197","280588","Action_57","Morph_119","JEJE","Play","Stompobject","StompObject.5","Bossou",-0.18152187662339,0.00322234156820623,0.0236305048335124
"5198","280588","Action_57","Morph_115","JEJE","Play","Stompobject","StompObject.1","Bossou",-1.2623083813389,0.0150375939849624,0.0236305048335124
"5199","280588","Action_57","Morph_115","JEJE","Play","Stompobject","StompObject.1","Bossou",-1.14885350510486,0.0150375939849624,0.0236305048335124
"5200","280588","Action_43","Morph_96","JEJE","Play","Raise","Raise.1","Bossou",0.017839918128331,0.0268528464017186,0.0349087003222342
"5201","280164","Action_38","Morph_75","FOTAIU","Directattention","Present","Present.1","Bossou",1.68695435486193,0.0150375939849624,0.0596133190118153
"5202","280158","Action_8","Morph_19","JEJE","Playcontinue","Dangle","Dangle.1","Bossou",0.822858787081603,0.0257787325456498,0.0257787325456498
"5203","280158","Action_8","Morph_19","JEJE","Playcontinue","Dangle","Dangle.1","Bossou",1.04556306757829,0.0257787325456498,0.0257787325456498
"5204","280158","Action_8","Morph_19","JEJE","Playcontinue","Dangle","Dangle.1","Bossou",1.01523067972906,0.0257787325456498,0.0257787325456498
"5205","280158","Action_9","Morph_20","JEJE","Playcontinue","Dangleshake","DangleShake.1","Bossou",2.18582653238385,0.00268528464017186,0.00268528464017186
"5206","280158","Action_8","Morph_19","JEJE","Playcontinue","Dangle","Dangle.1","Bossou",1.90924616468372,0.0257787325456498,0.0257787325456498
"5207","280158","Action_55","Morph_116","JEJE","Playcontinue","Stompingobject","StompObject.2","Bossou",-1.21402314017944,0.00912996777658432,0.0150375939849624
"5208","280158","Action_60","Morph_128","JEJE","Playcontinue","Swing","Swing.2","Bossou",-0.0222456089473197,0.0037593984962406,0.0370569280343716
"5209","280158","Action_57","Morph_118","JEJE","Playcontinue","Stompobject","StompObject.4","Bossou",-0.574475650842447,0.00429645542427497,0.0236305048335124
"5210","280158","Action_34","Morph_65","JEJE","Playcontinue","Objectshake","ObjectShake.1","Bossou",1.73607056336747,0.00966702470461869,0.014500537056928
"5211","280158","Action_17","Morph_39","JEJE","Playcontinue","Hitobject","HitObject.1","Bossou",-0.27443684570176,0.0327604726100967,0.0408163265306122
"5212","280158","Action_33","Morph_61","JEJE","Playcontinue","Objectmove","ObjectMove.1","Bossou",1.87885417607899,0.0193340494092374,0.0349087003222342
"5213","280510a","Action_38","Morph_77","JEJE","Directattention","Present","Present.3","Bossou",1.34495139758551,0.0166487647690655,0.0596133190118153
"5214","280316a","Action_13","Morph_27","TUA","Moveaway","Fling","Fling.1","Bossou",-0.70117935225721,0.056390977443609,0.0773361976369495
"5215","280316a","Action_13","Morph_27","TUA","Moveaway","Fling","Fling.1","Bossou",-0.70117935225721,0.056390977443609,0.0773361976369495
"5216","280316a","Action_13","Morph_27","TUA","Moveaway","Fling","Fling.1","Bossou",-0.715392789507265,0.056390977443609,0.0773361976369495
"5217","280412a","Action_40","Morph_82","NA_chimp","Sexualattention","Presentgenitalsforwards","PresentGenitals.1","Bossou",0.63921883853439,0.0354457572502685,0.00859291084854995
"5218","280412a","Action_40","Morph_82","NA_chimp","Sexualattention","Presentgenitalsforwards","PresentGenitals.1","Bossou",0.829424798852493,0.0354457572502685,0.00859291084854995
"5219","280412a","Action_43","Morph_96","NA_chimp","Sexualattention","Raise","Raise.1","Bossou",-0.115410851511328,0.0268528464017186,0.0349087003222342
"5220","280412a","Action_43","Morph_98","NA_chimp","Sexualattention","Raise","Raise.3","Bossou",0.438899884194402,0.00590762620837809,0.0349087003222342
"5221","280458","Action_13","Morph_27","JIRE","Stopbehaviour","Fling","Fling.1","Bossou",-0.693147180559945,0.056390977443609,0.0773361976369495
"5222","280458","Action_45","Morph_100","JIRE","Stopbehaviour","Reach","Reach.1","Bossou",-1.04982212449868,0.0435016111707841,0.0719656283566058
"5223","280115b","Action_28","Morph_57","FOTAIU","Sociosexualattention","Locomotebipedal","LocomoteBipedal.2","Bossou",0.645531326618282,0.00429645542427497,0.0155746509129968
"5224","280115b","Action_39","Morph_82","FOTAIU","Sociosexualattention","Presentgenitalsbackwards","PresentGenitals.1","Bossou",-0.0100503358535015,0.0354457572502685,0.0290010741138561
"5225","280115b","Action_50","Morph_108","FOTAIU","Sociosexualattention","Shake","Shake.2","Bossou",-0.401971218853909,0.00214822771213749,0.0343716433941998
"5226","280218a","Action_23","Morph_48","YOLO","Affiliation","Hittingother","HitOther.4","Bossou",0.305276380852732,0.00429645542427497,0.00483351235230934
"5227","280218a","Action_36","Morph_73","YOLO","Affiliation","Overstance","OverStance.2","Bossou",1.75820268569921,0.00483351235230934,0.0134264232008593
"5228","280154a","Action_39","Morph_82","VUAVUA","Sexualattention","Presentgenitalsbackwards","PresentGenitals.1","Bossou",1.25988043626423,0.0354457572502685,0.0290010741138561
"5229","280457b","Action_38","Morph_77","NINA","Groom","Present","Present.3","Bossou",1.72365905652412,0.0166487647690655,0.0596133190118153
"5230","280340b","Action_4","Morph_10","JOKURO","Affiliation","Bitekiss","Bite.2","Bossou",1.34025042261848,0.0128893662728249,0.0306122448979592
"5231","280177","Action_45","Morph_100","NINA","Climbonme","Reach","Reach.1","Bossou",-0.302457358033935,0.0435016111707841,0.0719656283566058
"5232","280177","Action_38","Morph_75","NINA","Climbonme","Present","Present.1","Bossou",0.668342061640974,0.0150375939849624,0.0596133190118153
"5233","280228a","Action_4","Morph_13","VUI","Affiliation","Bitekiss","Bite.5","Bossou",1.57835995686324,0.0075187969924812,0.0306122448979592
"5234","280048b","Action_21","Morph_44","JEJE","Play","Hittingobject","HitObject.6","Bossou",-0.532730459154041,0.00161117078410311,0.0118152524167562
"5235","280324","Action_42","Morph_91","VUI","Climbonme","Push","Push.4","Bossou",1.0756847840244,0.00805585392051558,0.0596133190118153
"5236","280324","Action_42","Morph_91","VUI","Climbonme","Push","Push.4","Bossou",0.824175442966349,0.00805585392051558,0.0596133190118153
"5237","280031","Action_20","Morph_46","PELEY","Play","Hitother","HitOther.2","Bossou",-0.510825623765991,0.00805585392051558,0.0402792696025779
"5238","280188","Action_45","Morph_100","NINA","Groom","Reach","Reach.1","Bossou",0.211880359035499,0.0435016111707841,0.0719656283566058
"5239","2805012","Action_38","Morph_75","JEJE","Directattention","Present","Present.1","Bossou",1.26327891022334,0.0150375939849624,0.0596133190118153
"5240","280482","Action_40","Morph_82","VUI","Sexualattention","Presentgenitalsforwards","PresentGenitals.1","Bossou",0.579418415231602,0.0354457572502685,0.00859291084854995
"5241","280159","Action_38","Morph_79","YOLO","Directattention","Present","Present.5","Bossou",1.065400154462,0.0134264232008593,0.0596133190118153
"5242","280052a","Action_29","Morph_58","PELEY","Play","Locomotegallop","LocomoteGallop.1","Bossou",0.701611258972075,0.0134264232008593,0.0134264232008593
"5243","280052a","Action_14","Morph_30","PELEY","Play","Grab","Grab.2","Bossou",-0.161343150408763,0.00429645542427497,0.023093447905478
"5244","280595b","Action_13","Morph_27","YOLO","Moveaway","Fling","Fling.1","Bossou",-0.725670372265505,0.056390977443609,0.0773361976369495
"5245","280460a","Action_60","Morph_127","NTO","Play","Swing","Swing.1","Bossou",-0.481266821524446,0.0306122448979592,0.0370569280343716
"5246","280345","Action_55","Morph_117","NA_chimp","Sexualattention","Stompingobject","StompObject.3","Bossou",-0.328504066972036,0.00429645542427497,0.0150375939849624
"5247","280345","Action_55","Morph_117","NA_chimp","Sexualattention","Stompingobject","StompObject.3","Bossou",-0.562118918153541,0.00429645542427497,0.0150375939849624
"5248","280345","Action_5","Morph_17","NA_chimp","Sexualattention","Bounce","Bounce.1","Bossou",1.51292701205326,0.0204081632653061,0.0204081632653061
"5249","280345","Action_24","Morph_51","NA_chimp","Sexualattention","Jump","Jump.1","Bossou",-0.328504066972036,0.0128893662728249,0.0128893662728249
"5250","280345","Action_20","Morph_46","NA_chimp","Sexualattention","Hitother","HitOther.2","Bossou",-0.865122445299756,0.00805585392051558,0.0402792696025779
"5251","280331","Action_64","Morph_138","NA_chimp","Affiliation","Touchlongother","Touch.7","Bossou",1.03318448334565,0.0107411385606874,0.0112781954887218
"5252","280505","Action_40","Morph_82","FOAF","Travel","Presentgenitalsforwards","PresentGenitals.1","Bossou",0.551007413398823,0.0354457572502685,0.00859291084854995
"5253","280505","Action_55","Morph_117","FOAF","Travel","Stompingobject","StompObject.3","Bossou",-0.104250021373799,0.00429645542427497,0.0150375939849624
"5254","280651a","Action_8","Morph_19","PELEY","Play","Dangle","Dangle.1","Bossou",1.80385271691544,0.0257787325456498,0.0257787325456498
"5255","280651a","Action_24","Morph_51","PELEY","Play","Jump","Jump.1","Bossou",0.406797553341943,0.0128893662728249,0.0128893662728249
"5256","280651a","Action_24","Morph_51","PELEY","Play","Jump","Jump.1","Bossou",0.449800921928216,0.0128893662728249,0.0128893662728249
"5257","280651a","Action_24","Morph_51","PELEY","Play","Jump","Jump.1","Bossou",0.398776119957368,0.0128893662728249,0.0128893662728249
"5258","280651a","Action_24","Morph_51","PELEY","Play","Jump","Jump.1","Bossou",0.368109321564396,0.0128893662728249,0.0128893662728249
"5259","280651a","Action_24","Morph_51","PELEY","Play","Jump","Jump.1","Bossou",0.263901543786378,0.0128893662728249,0.0128893662728249
"5260","280651a","Action_24","Morph_51","PELEY","Play","Jump","Jump.1","Bossou",0.288181947493432,0.0128893662728249,0.0128893662728249
"5261","280103","Action_13","Morph_28","TUA","Moveaway","Fling","Fling.2","Bossou",-1.14570389620196,0.0209452201933405,0.0773361976369495
"5262","280252b","Action_13","Morph_27","YOLO","Stopbehaviour","Fling","Fling.1","Bossou",-0.0714960017050699,0.056390977443609,0.0773361976369495
"5263","280252b","Action_13","Morph_27","YOLO","Stopbehaviour","Fling","Fling.1","Bossou",-0.0618754037180875,0.056390977443609,0.0773361976369495
"5264","280568","Action_1","Morph_1","FOTAIU","Climbonme","Beckon","Beckon.1","Bossou",-0.243346258631729,0.00966702470461869,0.0123523093447905
"5265","280568","Action_21","Morph_43","FOTAIU","Climbonme","Hittingobject","HitObject.5","Bossou",1.01884732019925,0.00537056928034372,0.0118152524167562
"5266","280568","Action_21","Morph_43","FOTAIU","Climbonme","Hittingobject","HitObject.5","Bossou",-0.355247391947547,0.00537056928034372,0.0118152524167562
"5267","280568","Action_17","Morph_39","FOTAIU","Climbonme","Hitobject","HitObject.1","Bossou",-0.565633860260986,0.0327604726100967,0.0408163265306122
"5268","280568","Action_38","Morph_77","FOTAIU","Climbonme","Present","Present.3","Bossou",2.02920032524309,0.0166487647690655,0.0596133190118153
"5269","280572b","Action_33","Morph_61","JEJE","Play","Objectmove","ObjectMove.1","Bossou",-0.202116184122134,0.0193340494092374,0.0349087003222342
"5270","280572b","Action_17","Morph_39","JEJE","Play","Hitobject","HitObject.1","Bossou",-1.38629436111989,0.0327604726100967,0.0408163265306122
"5271","280572b","Action_57","Morph_119","JEJE","Play","Stompobject","StompObject.5","Bossou",-1.45243416362444,0.00322234156820623,0.0236305048335124
"5272","280572b","Action_55","Morph_117","JEJE","Play","Stompingobject","StompObject.3","Bossou",-0.959720289801491,0.00429645542427497,0.0150375939849624
"5273","280572b","Action_57","Morph_119","JEJE","Play","Stompobject","StompObject.5","Bossou",-1.00239343092757,0.00322234156820623,0.0236305048335124
"5274","280572b","Action_29","Morph_58","JEJE","Play","Locomotegallop","LocomoteGallop.1","Bossou",-0.332679438382517,0.0134264232008593,0.0134264232008593
"5275","280572b","Action_43","Morph_96","JEJE","Play","Raise","Raise.1","Bossou",-0.379797361359587,0.0268528464017186,0.0349087003222342
"5276","280572b","Action_17","Morph_39","JEJE","Play","Hitobject","HitObject.1","Bossou",-1.78976146656538,0.0327604726100967,0.0408163265306122
"5277","280572b","Action_17","Morph_39","JEJE","Play","Hitobject","HitObject.1","Bossou",-1.60445037092306,0.0327604726100967,0.0408163265306122
"5278","280101","Action_13","Morph_27","TUA","Moveaway","Fling","Fling.1","Bossou",-0.481266821524446,0.056390977443609,0.0773361976369495
"5279","280101","Action_17","Morph_39","TUA","Moveaway","Hitobject","HitObject.1","Bossou",-0.567395975254385,0.0327604726100967,0.0408163265306122
"5280","280347","Action_64","Morph_138","KAI","Affiliation","Touchlongother","Touch.7","Bossou",1.60382217364846,0.0107411385606874,0.0112781954887218
"5281","280583","Action_63","Morph_134","JIRE","Position","Touch","Touch.3","Bossou",0.541742726400712,0.00698174006444683,0.0429645542427497
"5282","280390","Action_39","Morph_82","FANA","Sexualattention","Presentgenitalsbackwards","PresentGenitals.1","Bossou",1.42719635244032,0.0354457572502685,0.0290010741138561
"5283","280217","Action_50","Morph_109","NA_chimp","Sexualattention","Shake","Shake.3","Bossou",-0.0801260444792849,0.0177228786251343,0.0343716433941998
"5284","280372","Action_42","Morph_88","TUA","Position","Push","Push.1","Bossou",-0.266573109241546,0.0128893662728249,0.0596133190118153
"5285","280510b","Action_42","Morph_90","PELEY","Position","Push","Push.3","Bossou",1.61043741276718,0.0134264232008593,0.0596133190118153
"5286","280328","Action_63","Morph_135","YO","Stopbehaviour","Touch","Touch.4","Bossou",-0.832409247893453,0.00483351235230934,0.0429645542427497
"5287","280080","Action_64","Morph_132","JEJE","Giveme","Touchlongother","Touch.1","Bossou",1.7592362775225,0.00859291084854995,0.0112781954887218
"5288","280119","Action_13","Morph_27","JIRE","Stopbehaviour","Fling","Fling.1","Bossou",-0.807436326962073,0.056390977443609,0.0773361976369495
"5289","280534b","Action_42","Morph_93","FOAF","Stopbehaviour","Push","Push.6","Bossou",-0.263965545834465,0.00805585392051558,0.0596133190118153
"5290","280027","Action_42","Morph_90","FANLE","Position","Push","Push.3","Bossou",-0.0325231917055601,0.0134264232008593,0.0596133190118153
"5291","280027","Action_42","Morph_91","FANLE","Position","Push","Push.4","Bossou",-0.627359440021942,0.00805585392051558,0.0596133190118153
"5292","280027","Action_42","Morph_90","FANLE","Position","Push","Push.3","Bossou",-0.22314355131421,0.0134264232008593,0.0596133190118153
"5293","280033","Action_42","Morph_91","PELEY","Travel","Push","Push.4","Bossou",-0.309246250367621,0.00805585392051558,0.0596133190118153
"5294","280033","Action_42","Morph_90","PELEY","Travel","Push","Push.3","Bossou",-0.510825623765991,0.0134264232008593,0.0596133190118153
"5295","280357","Action_34","Morph_65","JA","Play","Objectshake","ObjectShake.1","Bossou",2.53409356063988,0.00966702470461869,0.014500537056928
"5296","280357","Action_48","Morph_104","JA","Play","Rollover","RollOver.1","Bossou",1.73342389221509,0.00429645542427497,0.00429645542427497
"5297","280316b","Action_43","Morph_96","VUI","Stopbehaviour","Raise","Raise.1","Bossou",-0.524248644098131,0.0268528464017186,0.0349087003222342
"5298","280316b","Action_13","Morph_27","VUI","Stopbehaviour","Fling","Fling.1","Bossou",-1.39030238251743,0.056390977443609,0.0773361976369495
"5299","280197","Action_63","Morph_140","YO","Staysame","Touch","Touch.9","Bossou",0.912282710476616,0.00698174006444683,0.0429645542427497
"5300","280412b","Action_39","Morph_82","PAMA","Sexualattention","Presentgenitalsbackwards","PresentGenitals.1","Bossou",0.899754763234056,0.0354457572502685,0.0290010741138561
"5301","280218b","Action_39","Morph_82","PAMA","Affiliation","Presentgenitalsbackwards","PresentGenitals.1","Bossou",1.76695435030908,0.0354457572502685,0.0290010741138561
"5302","280154b","Action_40","Morph_82","YOLO","Sexualattention","Presentgenitalsforwards","PresentGenitals.1","Bossou",1.32760536477121,0.0354457572502685,0.00859291084854995
"5303","280115a","Action_5","Morph_17","JIRE","Sociosexualattention","Bounce","Bounce.1","Bossou",1.25703952526263,0.0204081632653061,0.0204081632653061
"5304","280115a","Action_36","Morph_72","JIRE","Sociosexualattention","Overstance","OverStance.1","Bossou",0.805135682507993,0.00698174006444683,0.0134264232008593
"5305","280196","Action_45","Morph_100","KAI","Affiliation","Reach","Reach.1","Bossou",0.825052251439884,0.0435016111707841,0.0719656283566058
"5306","280340a","Action_4","Morph_10","PAMA","Affiliation","Bitekiss","Bite.2","Bossou",1.62452354985214,0.0128893662728249,0.0306122448979592
"5307","280356","Action_38","Morph_77","JIRE","Givemenurse","Present","Present.3","Bossou",1.28370777234479,0.0166487647690655,0.0596133190118153
"5308","280356","Action_45","Morph_100","JIRE","Givemenurse","Reach","Reach.1","Bossou",0.512823626428664,0.0435016111707841,0.0719656283566058
"5309","280228b","Action_4","Morph_13","KAI","Affiliation","Bitekiss","Bite.5","Bossou",1.5153469890345,0.0075187969924812,0.0306122448979592
"5310","280048a","Action_61","Morph_130","PELEY","Play","Throwobject","ThrowObject.1","Bossou",-0.525939261576039,0.0161117078410312,0.0161117078410312
"5311","280048a","Action_20","Morph_46","PELEY","Play","Hitother","HitOther.2","Bossou",-0.457284856837961,0.00805585392051558,0.0402792696025779
"5312","280048a","Action_21","Morph_43","PELEY","Play","Hittingobject","HitObject.5","Bossou",-0.524248644098131,0.00537056928034372,0.0118152524167562
"5313","280118","Action_13","Morph_27","FOTAIU","Stopbehaviour","Fling","Fling.1","Bossou",-0.687165108882398,0.056390977443609,0.0773361976369495
"5314","280081","Action_63","Morph_132","JEJE","Giveme","Touch","Touch.1","Bossou",0.951271700769401,0.00859291084854995,0.0429645542427497
"5315","2805011","Action_38","Morph_77","JEJE","Directattention","Present","Present.3","Bossou",2.0509134580653,0.0166487647690655,0.0596133190118153
"5316","280604a","Action_60","Morph_127","FANLE","Play","Swing","Swing.1","Bossou",0.0334347760862374,0.0306122448979592,0.0370569280343716
"5317","280604a","Action_60","Morph_127","FANLE","Play","Swing","Swing.1","Bossou",0.361164849211584,0.0306122448979592,0.0370569280343716
"5318","280604a","Action_8","Morph_19","FANLE","Play","Dangle","Dangle.1","Bossou",-0.0682788407532944,0.0257787325456498,0.0257787325456498
"5319","280209","Action_42","Morph_88","NA_chimp","Position","Push","Push.1","Bossou",0.106160195828391,0.0128893662728249,0.0596133190118153
"5320","280460b","Action_60","Morph_127","FOTAIU","Play","Swing","Swing.1","Bossou",-0.659712404473708,0.0306122448979592,0.0370569280343716
"5321","280595a","Action_45","Morph_100","JEJE","Giveme","Reach","Reach.1","Bossou",-0.659712404473708,0.0435016111707841,0.0719656283566058
"5322","280167a","Action_43","Morph_96","TUA","Groom","Raise","Raise.1","Bossou",0.625938430866495,0.0268528464017186,0.0349087003222342
"5323","280346","Action_8","Morph_19","JA","Play","Dangle","Dangle.1","Bossou",1.23110147171419,0.0257787325456498,0.0257787325456498
"5324","280346","Action_60","Morph_127","JA","Play","Swing","Swing.1","Bossou",-0.400477566597125,0.0306122448979592,0.0370569280343716
"5325","280100","Action_17","Morph_39","TUA","Moveaway","Hitobject","HitObject.1","Bossou",-0.562118918153541,0.0327604726100967,0.0408163265306122
"5326","280569","Action_20","Morph_46","VELU","Moveaway","Hitother","HitOther.2","Bossou",-0.455706324544911,0.00805585392051558,0.0402792696025779
"5327","280506","Action_39","Morph_82","FANA","Sexualattention","Presentgenitalsbackwards","PresentGenitals.1","Bossou",1.38729386145297,0.0354457572502685,0.0290010741138561
"5328","280380","Action_38","Morph_75","NA_chimp","Directattention","Present","Present.1","Bossou",1.0346069586922,0.0150375939849624,0.0596133190118153
"5329","280251b","Action_23","Morph_48","JURU","Play","Hittingother","HitOther.4","Bossou",-0.213193220461042,0.00429645542427497,0.00483351235230934
"5330","280251b","Action_20","Morph_49","JURU","Play","Hitother","HitOther.5","Bossou",-1.45243416362444,0.00268528464017186,0.0402792696025779
"5331","280571b","Action_17","Morph_39","FOTAIU","Stopbehaviour","Hitobject","HitObject.1","Bossou",-0.916290731874155,0.0327604726100967,0.0408163265306122
"5332","280571b","Action_17","Morph_39","FOTAIU","Stopbehaviour","Hitobject","HitObject.1","Bossou",-1.89711998488588,0.0327604726100967,0.0408163265306122
"5333","280571b","Action_17","Morph_39","FOTAIU","Stopbehaviour","Hitobject","HitObject.1","Bossou",-1.09661428600544,0.0327604726100967,0.0408163265306122
"5334","280571b","Action_57","Morph_115","FOTAIU","Stopbehaviour","Stompobject","StompObject.1","Bossou",-1.78976146656538,0.0150375939849624,0.0236305048335124
"5335","280259a","Action_16","Morph_38","YOLO","Play","Headstand","HeadStand.1","Bossou",0.0506931143155182,0.00161117078410311,0.00161117078410311
"5336","280259a","Action_51","Morph_111","YOLO","Play","Spinpirouette","SpinPirouette.1","Bossou",0.123102197133983,0.00322234156820623,0.00322234156820623
"5337","280259a","Action_20","Morph_45","YOLO","Play","Hitother","HitOther.1","Bossou",-1.33180617583582,0.0263157894736842,0.0402792696025779
"5338","280083","Action_38","Morph_75","JIRE","Directattention","Present","Present.1","Bossou",1.09426953923397,0.0150375939849624,0.0596133190118153
"5339","280207","Action_38","Morph_75","NINA","Climbonme","Present","Present.1","Bossou",0.857813802115179,0.0150375939849624,0.0596133190118153
"5340","280601b","Action_8","Morph_19","JURU","Playcontinue","Dangle","Dangle.1","Bossou",0.0971267107307228,0.0257787325456498,0.0257787325456498
"5341","280246","Action_13","Morph_27","JIRE","Moveaway","Fling","Fling.1","Bossou",-0.752897184965719,0.056390977443609,0.0773361976369495
"5342","280529","Action_62","Morph_131","FANWA","Stopbehaviour","Throwthreat","ThrowThreat.1","Bossou",0.660107326481745,0.0193340494092374,0.0193340494092374
"5343","280529","Action_54","Morph_114","FANWA","Stopbehaviour","Stancebipedal","StanceBipedal.1","Bossou",0.263133199530368,0.0171858216970999,0.0171858216970999
"5344","280135b","Action_39","Morph_82","VEVE","Sexualattention","Presentgenitalsbackwards","PresentGenitals.1","Bossou",1.18019227566053,0.0354457572502685,0.0290010741138561
"5345","280420","Action_13","Morph_27","YOLO","Stopbehaviour","Fling","Fling.1","Bossou",-0.309246250367621,0.056390977443609,0.0773361976369495
"5346","280014b","Action_13","Morph_27","FOKAIYE","Stopbehaviour","Fling","Fling.1","Bossou",-0.50916034444693,0.056390977443609,0.0773361976369495
"5347","280014b","Action_24","Morph_51","FOKAIYE","Stopbehaviour","Jump","Jump.1","Bossou",-0.916290731874155,0.0128893662728249,0.0128893662728249
"5348","280014b","Action_24","Morph_51","FOKAIYE","Stopbehaviour","Jump","Jump.1","Bossou",-0.913793851675568,0.0128893662728249,0.0128893662728249
"5349","280014b","Action_20","Morph_45","FOKAIYE","Stopbehaviour","Hitother","HitOther.1","Bossou",-0.76142602131324,0.0263157894736842,0.0402792696025779
"5350","280532","Action_42","Morph_91","FANLE","Position","Push","Push.4","Bossou",0.360467742177429,0.00805585392051558,0.0596133190118153
"5351","280144","Action_39","Morph_82","VUAVUA","Sexualattention","Presentgenitalsbackwards","PresentGenitals.1","Bossou",1.08316018410919,0.0354457572502685,0.0290010741138561
"5352","280262","Action_16","Morph_38","YOLO","Play","Headstand","HeadStand.1","Bossou",0.24059046491793,0.00161117078410311,0.00161117078410311
"5353","280426","Action_38","Morph_77","NINA","Directattention","Present","Present.3","Bossou",1.1590800354352,0.0166487647690655,0.0596133190118153
"5354","280179","Action_4","Morph_10","NTO","Affiliation","Bitekiss","Bite.2","Bossou",1.94017947434633,0.0128893662728249,0.0306122448979592
"5355","280200a","Action_14","Morph_33","NINA","Playcontinue","Grab","Grab.5","Bossou",-0.146182510178081,0.00537056928034372,0.023093447905478
"5356","280200a","Action_14","Morph_33","NINA","Playcontinue","Grab","Grab.5","Bossou",-0.70117935225721,0.00537056928034372,0.023093447905478
"5357","280267","Action_50","Morph_109","VUI","Sexualattention","Shake","Shake.3","Bossou",0.440832251945456,0.0177228786251343,0.0343716433941998
"5358","280267","Action_5","Morph_17","VUI","Sexualattention","Bounce","Bounce.1","Bossou",0.084341148433751,0.0204081632653061,0.0204081632653061
"5359","280315b","Action_45","Morph_100","YO","Affiliation","Reach","Reach.1","Bossou",0.423305026236495,0.0435016111707841,0.0719656283566058
"5360","280092","Action_38","Morph_77","JIRE","Directattention","Present","Present.3","Bossou",1.16096091373265,0.0166487647690655,0.0596133190118153
"5361","280157b","Action_33","Morph_61","JEJE","Play","Objectmove","ObjectMove.1","Bossou",0.494086299761693,0.0193340494092374,0.0349087003222342
"5362","280157b","Action_33","Morph_61","JEJE","Play","Objectmove","ObjectMove.1","Bossou",1.2963696535919,0.0193340494092374,0.0349087003222342
"5363","280648a","Action_50","Morph_107","PELEY","Attendme","Shake","Shake.1","Bossou",-0.263965545834465,0.0139634801288937,0.0343716433941998
"5364","280648a","Action_50","Morph_107","PELEY","Attendme","Shake","Shake.1","Bossou",-0.455706324544911,0.0139634801288937,0.0343716433941998
"5365","280648a","Action_60","Morph_127","PELEY","Attendme","Swing","Swing.1","Bossou",-0.104250021373799,0.0306122448979592,0.0370569280343716
"5366","280648a","Action_20","Morph_45","PELEY","Attendme","Hitother","HitOther.1","Bossou",-0.142716302201595,0.0263157894736842,0.0402792696025779
"5367","280648a","Action_63","Morph_132","PELEY","Attendme","Touch","Touch.1","Bossou",-0.180323554131282,0.00859291084854995,0.0429645542427497
"5368","280648a","Action_20","Morph_45","PELEY","Attendme","Hitother","HitOther.1","Bossou",-0.916290731874155,0.0263157894736842,0.0402792696025779
"5369","280648a","Action_33","Morph_62","PELEY","Attendme","Objectmove","ObjectMove.2","Bossou",0.337899788612398,0.0123523093447905,0.0349087003222342
"5370","280545a","Action_61","Morph_130","FOTAIU","Playcontinue","Throwobject","ThrowObject.1","Bossou",-0.265268477614881,0.0161117078410312,0.0161117078410312
"5371","280545a","Action_8","Morph_19","FOTAIU","Playcontinue","Dangle","Dangle.1","Bossou",0.33718626735487,0.0257787325456498,0.0257787325456498
"5372","280545a","Action_60","Morph_127","FOTAIU","Playcontinue","Swing","Swing.1","Bossou",-0.0682788407532944,0.0306122448979592,0.0370569280343716
"5373","280589b","Action_20","Morph_46","JEJE","Play","Hitother","HitOther.2","Bossou",-0.0855578883616465,0.00805585392051558,0.0402792696025779
"5374","280178","Action_4","Morph_10","JIRE","Affiliation","Bitekiss","Bite.2","Bossou",0.802001585472027,0.0128893662728249,0.0306122448979592
"5375","280085","Action_4","Morph_15","FANLE","Staysame","Bitekiss","Bite.7","Bossou",0.0421011760186353,0.0037593984962406,0.0306122448979592
"5376","280433","Action_38","Morph_75","PAMA","Groom","Present","Present.1","Bossou",1.59371495196886,0.0150375939849624,0.0596133190118153
"5377","280263","Action_64","Morph_134","YOLO","Support","Touchlongother","Touch.3","Bossou",1.49290409617815,0.00698174006444683,0.0112781954887218
"5378","280341b","Action_3","Morph_15","FOAF","Affiliation","Bite","Bite.7","Bossou",1.66222009787307,0.0037593984962406,0.00644468313641246
"5379","280421","Action_20","Morph_45","JOYA","Play","Hitother","HitOther.1","Bossou",-1.09961278900169,0.0263157894736842,0.0402792696025779
"5380","280174","Action_43","Morph_96","KAI","Affiliation","Raise","Raise.1","Bossou",0.144965770250186,0.0268528464017186,0.0349087003222342
"5381","280174","Action_43","Morph_96","KAI","Affiliation","Raise","Raise.1","Bossou",0.0478373294141601,0.0268528464017186,0.0349087003222342
"5382","280082","Action_38","Morph_77","YOLO","Groom","Present","Present.3","Bossou",1.08856195281461,0.0166487647690655,0.0596133190118153
"5383","280222a","Action_4","Morph_13","JIRE","Affiliation","Bitekiss","Bite.5","Bossou",1.49380256883518,0.0075187969924812,0.0306122448979592
"5384","280156","Action_38","Morph_76","FANA","Directattention","Present","Present.2","Bossou",1.28315360220038,0.00590762620837809,0.0596133190118153
"5385","280206","Action_8","Morph_19","VUAVUA","Playcontinue","Dangle","Dangle.1","Bossou",0.781158057882659,0.0257787325456498,0.0257787325456498
"5386","280621","Action_61","Morph_130","FANWA","Play","Throwobject","ThrowObject.1","Bossou",-0.834710744881732,0.0161117078410312,0.0161117078410312
"5387","280621","Action_33","Morph_61","FANWA","Play","Objectmove","ObjectMove.1","Bossou",-0.837017550979647,0.0193340494092374,0.0349087003222342
"5388","280621","Action_33","Morph_61","FANWA","Play","Objectmove","ObjectMove.1","Bossou",-1.20397280432594,0.0193340494092374,0.0349087003222342
"5389","280621","Action_17","Morph_39","FANWA","Play","Hitobject","HitObject.1","Bossou",-1.00239343092757,0.0327604726100967,0.0408163265306122
"5390","280509","Action_17","Morph_39","FOAF","Moveaway","Hitobject","HitObject.1","Bossou",-0.50916034444693,0.0327604726100967,0.0408163265306122
"5391","280251a","Action_38","Morph_79","YOLO","Play","Present","Present.5","Bossou",0.845009529869191,0.0134264232008593,0.0596133190118153
"5392","280508","Action_42","Morph_88","FANA","Moveaway","Push","Push.1","Bossou",0.288931291852213,0.0128893662728249,0.0596133190118153
"5393","280573","Action_42","Morph_88","JIRE","Moveaway","Push","Push.1","Bossou",0.511625303936555,0.0128893662728249,0.0596133190118153
"5394","280259b","Action_23","Morph_48","NTO","Play","Hittingother","HitOther.4","Bossou",0.16805358499625,0.00429645542427497,0.00483351235230934
"5395","280210","Action_57","Morph_115","NA_chimp","Sexualattention","Stompobject","StompObject.1","Bossou",-0.636766847123838,0.0150375939849624,0.0236305048335124
"5396","280210","Action_55","Morph_117","NA_chimp","Sexualattention","Stompingobject","StompObject.3","Bossou",0.195566783543975,0.00429645542427497,0.0150375939849624
"5397","280210","Action_57","Morph_115","NA_chimp","Sexualattention","Stompobject","StompObject.1","Bossou",-0.532730459154041,0.0150375939849624,0.0236305048335124
"5398","280210","Action_57","Morph_115","NA_chimp","Sexualattention","Stompobject","StompObject.1","Bossou",-0.980829253011726,0.0150375939849624,0.0236305048335124
"5399","280210","Action_5","Morph_17","NA_chimp","Sexualattention","Bounce","Bounce.1","Bossou",0.337899788612398,0.0204081632653061,0.0204081632653061
"5400","280204","Action_45","Morph_101","NTO","Climbonyou","Reach","Reach.2","Bossou",0.106160195828391,0.027389903329753,0.0719656283566058
"5401","280245","Action_13","Morph_27","JIRE","Moveaway","Fling","Fling.1","Bossou",-0.309246250367621,0.056390977443609,0.0773361976369495
"5402","280601a","Action_45","Morph_100","YOLO","Playcontinue","Reach","Reach.1","Bossou",0.0806579030174545,0.0435016111707841,0.0719656283566058
"5403","280601a","Action_45","Morph_100","YOLO","Playcontinue","Reach","Reach.1","Bossou",-0.567395975254385,0.0435016111707841,0.0719656283566058
"5404","280601a","Action_45","Morph_100","YOLO","Playcontinue","Reach","Reach.1","Bossou",-0.379797361359587,0.0435016111707841,0.0719656283566058
"5405","280601a","Action_63","Morph_132","YOLO","Playcontinue","Touch","Touch.1","Bossou",-0.403467105445491,0.00859291084854995,0.0429645542427497
"5406","280185","Action_41","Morph_86","JIRE","Stopbehaviour","Pull","Pull.3","Bossou",-0.661648513500574,0.00698174006444683,0.0177228786251343
"5407","280185","Action_14","Morph_31","JIRE","Stopbehaviour","Grab","Grab.3","Bossou",-0.302457358033935,0.00805585392051558,0.023093447905478
"5408","280327","Action_38","Morph_76","YO","Groom","Present","Present.2","Bossou",0.362557607096888,0.00590762620837809,0.0596133190118153
"5409","280135a","Action_54","Morph_114","JEJE","Sexualattention","Stancebipedal","StanceBipedal.1","Bossou",1.53492986025904,0.0171858216970999,0.0171858216970999
"5410","280531","Action_38","Morph_75","FANA","Directattention","Present","Present.1","Bossou",0.876717956754332,0.0150375939849624,0.0596133190118153
"5411","280314","Action_45","Morph_101","YUNRO","Giveme","Reach","Reach.2","Bossou",0.73716406597672,0.027389903329753,0.0719656283566058
"5412","280028","Action_33","Morph_61","PELEY","Play","Objectmove","ObjectMove.1","Bossou",-0.0682788407532944,0.0193340494092374,0.0349087003222342
"5413","280028","Action_33","Morph_61","PELEY","Play","Objectmove","ObjectMove.1","Bossou",-0.916290731874155,0.0193340494092374,0.0349087003222342
"5414","280028","Action_33","Morph_61","PELEY","Play","Objectmove","ObjectMove.1","Bossou",0.183154543097847,0.0193340494092374,0.0349087003222342
"5415","280431","Action_42","Morph_88","TUA","Position","Push","Push.1","Bossou",0.607589292198299,0.0128893662728249,0.0596133190118153
"5416","280200b","Action_60","Morph_127","FOTAIU","Stopbehaviour","Swing","Swing.1","Bossou",-0.220646671115623,0.0306122448979592,0.0370569280343716
"5417","280315a","Action_45","Morph_100","YUNRO","Affiliation","Reach","Reach.1","Bossou",1.19875923727305,0.0435016111707841,0.0719656283566058
"5418","280091","Action_60","Morph_127","TUA","Position","Swing","Swing.1","Bossou",0.441475545631197,0.0306122448979592,0.0370569280343716
"5419","280455","Action_20","Morph_45","NINA","Takeobjectnurse","Hitother","HitOther.1","Bossou",-0.567395975254385,0.0263157894736842,0.0402792696025779
"5420","280455","Action_38","Morph_77","NINA","Takeobjectnurse","Present","Present.3","Bossou",-0.286349627218002,0.0166487647690655,0.0596133190118153
"5421","280157a","Action_33","Morph_61","FANLE","Play","Objectmove","ObjectMove.1","Bossou",1.21253603498642,0.0193340494092374,0.0349087003222342
"5422","280157a","Action_60","Morph_128","FANLE","Play","Swing","Swing.2","Bossou",-0.00300450902029872,0.0037593984962406,0.0370569280343716
"5423","280157a","Action_33","Morph_61","FANLE","Play","Objectmove","ObjectMove.1","Bossou",1.21550604013961,0.0193340494092374,0.0349087003222342
"5424","280157a","Action_17","Morph_39","FANLE","Play","Hitobject","HitObject.1","Bossou",-0.388607991041741,0.0327604726100967,0.0408163265306122
"5425","280648b","Action_20","Morph_45","FANA","Moveaway","Hitother","HitOther.1","Bossou",-1.00239343092757,0.0263157894736842,0.0402792696025779
"5426","280589a","Action_29","Morph_58","FANLE","Play","Locomotegallop","LocomoteGallop.1","Bossou",-0.596020469829223,0.0134264232008593,0.0134264232008593
"5427","280029","Action_51","Morph_111","PELEY","Play","Spinpirouette","SpinPirouette.1","Bossou",0.862467925176648,0.00322234156820623,0.00322234156820623
"5428","280430","Action_45","Morph_100","JURU","Giveme","Reach","Reach.1","Bossou",0.521765563804325,0.0435016111707841,0.0719656283566058
"5429","280430","Action_45","Morph_101","JURU","Giveme","Reach","Reach.2","Bossou",1.51226600068183,0.027389903329753,0.0719656283566058
"5430","280430","Action_64","Morph_135","JURU","Giveme","Touchlongother","Touch.4","Bossou",1.00026416565033,0.00483351235230934,0.0112781954887218
"5431","280644","Action_13","Morph_28","FOTAIU","Moveaway","Fling","Fling.2","Bossou",-0.309246250367621,0.0209452201933405,0.0773361976369495
"5432","280341a","Action_28","Morph_57","NA_chimp","Affiliation","Locomotebipedal","LocomoteBipedal.2","Bossou",1.15404699555621,0.00429645542427497,0.0155746509129968
"5433","280341a","Action_54","Morph_114","NA_chimp","Affiliation","Stancebipedal","StanceBipedal.1","Bossou",1.71900954886339,0.0171858216970999,0.0171858216970999
"5434","280341a","Action_12","Morph_26","NA_chimp","Affiliation","Fingermouth","FingerMouth.1","Bossou",1.73183252064771,0.00429645542427497,0.00429645542427497
"5435","280422","Action_41","Morph_86","JIRE","Climbonme","Pull","Pull.3","Bossou",0.819339205797705,0.00698174006444683,0.0177228786251343
"5436","280222b","Action_4","Morph_13","PAMA","Affiliation","Bitekiss","Bite.5","Bossou",1.43746264769429,0.0075187969924812,0.0306122448979592
"5437","280288","Action_63","Morph_140","FOTAIU","Staysame","Touch","Touch.9","Bossou",0.188966099512623,0.00698174006444683,0.0429645542427497
"5438","280068","Action_38","Morph_77","PAMA","Directattention","Present","Present.3","Bossou",1.18601247894894,0.0166487647690655,0.0596133190118153
"5439","280244","Action_13","Morph_27","JIRE","Stopbehaviour","Fling","Fling.1","Bossou",-0.470003629245736,0.056390977443609,0.0773361976369495
"5440","280155","Action_38","Morph_79","FANA","Groom","Present","Present.5","Bossou",2.60172625853472,0.0134264232008593,0.0596133190118153
"5441","280205","Action_13","Morph_28","VELU","Moveaway","Fling","Fling.2","Bossou",-0.49429632181478,0.0209452201933405,0.0773361976369495
"5442","280211","Action_48","Morph_104","PILI","Play","Rollover","RollOver.1","Bossou",1.00905221195547,0.00429645542427497,0.00429645542427497
"5443","280051a","Action_20","Morph_45","PELEY","Play","Hitother","HitOther.1","Bossou",-0.640554730440775,0.0263157894736842,0.0402792696025779
"5444","280622","Action_1","Morph_2","JEJE","Affiliation","Beckon","Beckon.2","Bossou",-0.18152187662339,0.00268528464017186,0.0123523093447905
"5445","280628b","Action_13","Morph_27","YO","Stopbehaviour","Fling","Fling.1","Bossou",0.000999500333083423,0.056390977443609,0.0773361976369495
"5446","280576","Action_42","Morph_92","JIRE","Moveaway","Push","Push.5","Bossou",-0.221894331913778,0.00644468313641246,0.0596133190118153
"5447","280486","Action_4","Morph_10","PILI","Affiliation","Bitekiss","Bite.2","Bossou",2.73215727644544,0.0128893662728249,0.0306122448979592
"5448","280005b","Action_60","Morph_127","VUAVUA","Sexualattention","Swing","Swing.1","Bossou",-0.0682788407532944,0.0306122448979592,0.0370569280343716
"5449","280005b","Action_39","Morph_82","VUAVUA","Sexualattention","Presentgenitalsbackwards","PresentGenitals.1","Bossou",0.449800921928216,0.0354457572502685,0.0290010741138561
"5450","280005b","Action_39","Morph_82","VUAVUA","Sexualattention","Presentgenitalsbackwards","PresentGenitals.1","Bossou",1.56965704242226,0.0354457572502685,0.0290010741138561
"5451","280005b","Action_39","Morph_82","VUAVUA","Sexualattention","Presentgenitalsbackwards","PresentGenitals.1","Bossou",1.3704190119616,0.0354457572502685,0.0290010741138561
"5452","280151","Action_55","Morph_116","JEJE","Play","Stompingobject","StompObject.2","Bossou",-0.433864582629862,0.00912996777658432,0.0150375939849624
"5453","280151","Action_55","Morph_116","JEJE","Play","Stompingobject","StompObject.2","Bossou",-0.433864582629862,0.00912996777658432,0.0150375939849624
"5454","280151","Action_57","Morph_118","JEJE","Play","Stompobject","StompObject.4","Bossou",-0.502526820951296,0.00429645542427497,0.0236305048335124
"5455","280606b","Action_20","Morph_45","FANLE","Playcontinue","Hitother","HitOther.1","Bossou",-1.20064501423326,0.0263157894736842,0.0402792696025779
"5456","280240","Action_1","Morph_1","JIRE","Moveclose","Beckon","Beckon.1","Bossou",-0.562118918153541,0.00966702470461869,0.0123523093447905
"5457","280023","Action_42","Morph_93","FOTAIU","Moveaway","Push","Push.6","Bossou",0.000999500333083423,0.00805585392051558,0.0596133190118153
"5458","280023","Action_41","Morph_84","FOTAIU","Moveaway","Pull","Pull.1","Bossou",0.383900930192324,0.0037593984962406,0.0177228786251343
"5459","280076b","Action_13","Morph_27","JEJE","Stopbehaviour","Fling","Fling.1","Bossou",-1.27296567581289,0.056390977443609,0.0773361976369495
"5460","280518","Action_38","Morph_75","FANLE","Directattention","Present","Present.1","Bossou",1.47499181588118,0.0150375939849624,0.0596133190118153
"5461","280075","Action_13","Morph_27","FANLE","Moveaway","Fling","Fling.1","Bossou",-0.879476758751439,0.056390977443609,0.0773361976369495
"5462","280075","Action_13","Morph_27","FANLE","Moveaway","Fling","Fling.1","Bossou",-0.49593701127224,0.056390977443609,0.0773361976369495
"5463","280075","Action_13","Morph_27","FANLE","Moveaway","Fling","Fling.1","Bossou",-0.636766847123838,0.056390977443609,0.0773361976369495
"5464","280075","Action_13","Morph_27","FANLE","Moveaway","Fling","Fling.1","Bossou",-0.631111789640493,0.056390977443609,0.0773361976369495
"5465","280264","Action_45","Morph_101","YO","Play","Reach","Reach.2","Bossou",0.327863862084613,0.027389903329753,0.0719656283566058
"5466","280016","Action_23","Morph_48","FOKAIYE","Play","Hittingother","HitOther.4","Bossou",0.471252848646168,0.00429645542427497,0.00483351235230934
"5467","280123a","Action_55","Morph_116","JEJE","Play","Stompingobject","StompObject.2","Bossou",0.621651178854875,0.00912996777658432,0.0150375939849624
"5468","280123a","Action_57","Morph_118","JEJE","Play","Stompobject","StompObject.4","Bossou",-0.916290731874155,0.00429645542427497,0.0236305048335124
"5469","280123a","Action_50","Morph_107","JEJE","Play","Shake","Shake.1","Bossou",-0.770028224895903,0.0139634801288937,0.0343716433941998
"5470","280123a","Action_55","Morph_116","JEJE","Play","Stompingobject","StompObject.2","Bossou",0.768718367407019,0.00912996777658432,0.0150375939849624
"5471","280123a","Action_1","Morph_1","JEJE","Play","Beckon","Beckon.1","Bossou",-0.265268477614881,0.00966702470461869,0.0123523093447905
"5472","280123a","Action_1","Morph_2","JEJE","Play","Beckon","Beckon.2","Bossou",-0.657780036722654,0.00268528464017186,0.0123523093447905
"5473","280123a","Action_1","Morph_1","JEJE","Play","Beckon","Beckon.1","Bossou",-0.141563564321787,0.00966702470461869,0.0123523093447905
"5474","280123a","Action_17","Morph_41","JEJE","Play","Hitobject","HitObject.3","Bossou",-0.342490308946776,0.00537056928034372,0.0408163265306122
"5475","280123a","Action_60","Morph_128","JEJE","Play","Swing","Swing.2","Bossou",0.330741561912228,0.0037593984962406,0.0370569280343716
"5476","280123a","Action_17","Morph_39","JEJE","Play","Hitobject","HitObject.1","Bossou",-0.481266821524446,0.0327604726100967,0.0408163265306122
"5477","280123a","Action_60","Morph_127","JEJE","Play","Swing","Swing.1","Bossou",0.719302138036796,0.0306122448979592,0.0370569280343716
"5478","280123a","Action_57","Morph_115","JEJE","Play","Stompobject","StompObject.1","Bossou",-0.536143431750281,0.0150375939849624,0.0236305048335124
"5479","280123a","Action_55","Morph_116","JEJE","Play","Stompingobject","StompObject.2","Bossou",0.893226792275603,0.00912996777658432,0.0150375939849624
"5480","280123a","Action_55","Morph_116","JEJE","Play","Stompingobject","StompObject.2","Bossou",0.167207918983906,0.00912996777658432,0.0150375939849624
"5481","280123a","Action_55","Morph_116","JEJE","Play","Stompingobject","StompObject.2","Bossou",1.25447578649904,0.00912996777658432,0.0150375939849624
"5482","280123a","Action_60","Morph_128","JEJE","Play","Swing","Swing.2","Bossou",0.316998126785834,0.0037593984962406,0.0370569280343716
"5483","280123a","Action_50","Morph_109","JEJE","Play","Shake","Shake.3","Bossou",-0.371063681390832,0.0177228786251343,0.0343716433941998
"5484","280123a","Action_60","Morph_127","JEJE","Play","Swing","Swing.1","Bossou",-0.599656837472606,0.0306122448979592,0.0370569280343716
"5485","280123a","Action_50","Morph_109","JEJE","Play","Shake","Shake.3","Bossou",-1.04128722204884,0.0177228786251343,0.0343716433941998
"5486","280633b","Action_13","Morph_27","JIRE","Stopbehaviour","Fling","Fling.1","Bossou",0.288931291852213,0.056390977443609,0.0773361976369495
"5487","280405a","Action_21","Morph_44","VUI","Play","Hittingobject","HitObject.6","Bossou",-0.0725706928348354,0.00161117078410311,0.0118152524167562
"5488","280405a","Action_17","Morph_41","VUI","Play","Hitobject","HitObject.3","Bossou",-0.210721031315653,0.00537056928034372,0.0408163265306122
"5489","280405a","Action_17","Morph_41","VUI","Play","Hitobject","HitObject.3","Bossou",-0.867500567704723,0.00537056928034372,0.0408163265306122
"5490","280405a","Action_17","Morph_41","VUI","Play","Hitobject","HitObject.3","Bossou",-0.356674943938732,0.00537056928034372,0.0408163265306122
"5491","280405a","Action_17","Morph_39","VUI","Play","Hitobject","HitObject.1","Bossou",-1.07880966137193,0.0327604726100967,0.0408163265306122
"5492","280405a","Action_61","Morph_130","VUI","Play","Throwobject","ThrowObject.1","Bossou",-0.486133011175619,0.0161117078410312,0.0161117078410312
"5493","280323","Action_13","Morph_27","JIRE","Stopbehaviour","Fling","Fling.1","Bossou",-0.865122445299756,0.056390977443609,0.0773361976369495
"5494","280094","Action_45","Morph_100","JEJE","Giveme","Reach","Reach.1","Bossou",1.39822293198516,0.0435016111707841,0.0719656283566058
"5495","280322","Action_13","Morph_28","YUNRO","Moveaway","Fling","Fling.2","Bossou",-0.0314906670913708,0.0209452201933405,0.0773361976369495
"5496","280095","Action_45","Morph_100","JEJE","Giveme","Reach","Reach.1","Bossou",0.855691109745226,0.0435016111707841,0.0719656283566058
"5497","280562a","Action_45","Morph_100","YOLO","Giveme","Reach","Reach.1","Bossou",-0.142716302201595,0.0435016111707841,0.0719656283566058
"5498","280265","Action_2","Morph_3","YO","Travel","Bigloudscratch","BigLoudScratch.1","Bossou",0.954741918248408,0.00322234156820623,0.0241675617615467
"5499","280536a","Action_35","Morph_70","JEJE","Sexualattention","Out","Out.1","Bossou",0.126632650933366,0.0102040816326531,0.0150375939849624
"5500","280024","Action_63","Morph_137","PELEY","Staysame","Touch","Touch.6","Bossou",-0.567395975254385,0.00322234156820623,0.0429645542427497
"5501","280024","Action_36","Morph_73","PELEY","Staysame","Overstance","OverStance.2","Bossou",-0.510825623765991,0.00483351235230934,0.0134264232008593
"5502","280181","Action_45","Morph_100","NTO","Play","Reach","Reach.1","Bossou",0.0610950993598108,0.0435016111707841,0.0719656283566058
"5503","280459","Action_64","Morph_140","JIRE","Affiliation","Touchlongother","Touch.9","Bossou",1.30481311925201,0.00698174006444683,0.0112781954887218
"5504","280143","Action_4","Morph_10","YOLO","Affiliation","Bitekiss","Bite.2","Bossou",2.78173427389948,0.0128893662728249,0.0306122448979592
"5505","280600a","Action_14","Morph_30","YOLO","Play","Grab","Grab.2","Bossou",0.017839918128331,0.00429645542427497,0.023093447905478
"5506","280241","Action_13","Morph_27","JIRE","Moveaway","Fling","Fling.1","Bossou",-0.719491155899547,0.056390977443609,0.0773361976369495
"5507","280172","Action_38","Morph_79","JIRE","Groom","Present","Present.5","Bossou",0.645531326618282,0.0134264232008593,0.0596133190118153
"5508","280084","Action_42","Morph_93","YOLO","Moveaway","Push","Push.6","Bossou",-0.27443684570176,0.00805585392051558,0.0596133190118153
"5509","280624a","Action_20","Morph_45","YO","Play","Hitother","HitOther.1","Bossou",-0.691149177897272,0.0263157894736842,0.0402792696025779
"5510","280624a","Action_63","Morph_134","YO","Play","Touch","Touch.3","Bossou",-0.142716302201595,0.00698174006444683,0.0429645542427497
"5511","280624a","Action_42","Morph_90","YO","Play","Push","Push.3","Bossou",-1.00239343092757,0.0134264232008593,0.0596133190118153
"5512","280273","Action_45","Morph_100","TUA","Sexualattention","Reach","Reach.1","Bossou",-0.27443684570176,0.0435016111707841,0.0719656283566058
"5513","280273","Action_45","Morph_100","TUA","Sexualattention","Reach","Reach.1","Bossou",-0.191160505461159,0.0435016111707841,0.0719656283566058
"5514","280487","Action_34","Morph_66","VUI","Sexualattention","Objectshake","ObjectShake.2","Bossou",2.20375873868715,0.00322234156820623,0.014500537056928
"5515","280180a","Action_63","Morph_132","NINA","Affiliation","Touch","Touch.1","Bossou",-0.585190039054853,0.00859291084854995,0.0429645542427497
"5516","280180a","Action_45","Morph_101","NINA","Affiliation","Reach","Reach.2","Bossou",-0.131248286609954,0.027389903329753,0.0719656283566058
"5517","280577","Action_33","Morph_61","YOLO","Sexualattention","Objectmove","ObjectMove.1","Bossou",-0.95711272639441,0.0193340494092374,0.0349087003222342
"5518","280522a","Action_54","Morph_114","JEJE","Affiliation","Stancebipedal","StanceBipedal.1","Bossou",0.774266231844737,0.0171858216970999,0.0171858216970999
"5519","280522a","Action_35","Morph_71","JEJE","Affiliation","Out","Out.2","Bossou",0.126632650933366,0.00429645542427497,0.0150375939849624
"5520","280006","Action_40","Morph_82","FOAF","Sexualattention","Presentgenitalsforwards","PresentGenitals.1","Bossou",0.789820067820206,0.0354457572502685,0.00859291084854995
"5521","280481","Action_45","Morph_100","NINA","Affiliation","Reach","Reach.1","Bossou",-0.243346258631729,0.0435016111707841,0.0719656283566058
"5522","280485","Action_13","Morph_28","PILI","Stopbehaviour","Fling","Fling.2","Bossou",-0.59783700075562,0.0209452201933405,0.0773361976369495
"5523","280271","Action_41","Morph_86","YOLO","Affiliation","Pull","Pull.3","Bossou",0.489806256541915,0.00698174006444683,0.0177228786251343
"5524","280271","Action_11","Morph_22","YOLO","Affiliation","Embrace","Embrace.1","Bossou",0.719302138036796,0.00161117078410311,0.00859291084854995
"5525","280377","Action_64","Morph_138","NA_chimp","Affiliation","Touchlongother","Touch.7","Bossou",1.24616985302572,0.0107411385606874,0.0112781954887218
"5526","280320","Action_63","Morph_132","JIRE","Staysame","Touch","Touch.1","Bossou",-0.331285709933913,0.00859291084854995,0.0429645542427497
"5527","280166","Action_45","Morph_100","JEJE","Giveme","Reach","Reach.1","Bossou",1.14549587456696,0.0435016111707841,0.0719656283566058
"5528","280152","Action_34","Morph_65","FANLE","Playcontinue","Objectshake","ObjectShake.1","Bossou",1.74116768311199,0.00966702470461869,0.014500537056928
"5529","280606a","Action_45","Morph_100","JEJE","Playcontinue","Reach","Reach.1","Bossou",0.000999500333083423,0.0435016111707841,0.0719656283566058
"5530","280606a","Action_20","Morph_45","JEJE","Playcontinue","Hitother","HitOther.1","Bossou",-0.379797361359587,0.0263157894736842,0.0402792696025779
"5531","280170","Action_64","Morph_138","YOLO","Giveme","Touchlongother","Touch.7","Bossou",1.37801014153219,0.0107411385606874,0.0112781954887218
"5532","280243","Action_42","Morph_90","JIRE","Climbonme","Push","Push.3","Bossou",-0.681218609694672,0.0134264232008593,0.0596133190118153
"5533","280643","Action_42","Morph_91","JEJE","Stopbehaviour","Push","Push.4","Bossou",0.237440856015034,0.00805585392051558,0.0596133190118153
"5534","280419","Action_13","Morph_27","TUA","Moveaway","Fling","Fling.1","Bossou",-0.834710744881732,0.056390977443609,0.0773361976369495
"5535","280141","Action_39","Morph_82","FANLE","Sexualattention","Presentgenitalsbackwards","PresentGenitals.1","Bossou",0.708035793053696,0.0354457572502685,0.0290010741138561
"5536","280183","Action_63","Morph_138","FOTAIU","Giveme","Touch","Touch.7","Bossou",1.33236601909433,0.0107411385606874,0.0429645542427497
"5537","280437","Action_45","Morph_100","JIRE","Climbonme","Reach","Reach.1","Bossou",0.237440856015034,0.0435016111707841,0.0719656283566058
"5538","280073","Action_42","Morph_88","VUAVUA","Climbonme","Push","Push.1","Bossou",-0.0544561857960589,0.0128893662728249,0.0596133190118153
"5539","280073","Action_42","Morph_88","VUAVUA","Climbonme","Push","Push.1","Bossou",0.405465108108164,0.0128893662728249,0.0596133190118153
"5540","280073","Action_42","Morph_90","VUAVUA","Climbonme","Push","Push.3","Bossou",-0.25231492861449,0.0134264232008593,0.0596133190118153
"5541","280542","Action_33","Morph_61","YOLO","Sexualattention","Objectmove","ObjectMove.1","Bossou",0.383900930192324,0.0193340494092374,0.0349087003222342
"5542","280542","Action_34","Morph_65","YOLO","Sexualattention","Objectshake","ObjectShake.1","Bossou",-0.141563564321787,0.00966702470461869,0.014500537056928
"5543","280542","Action_33","Morph_61","YOLO","Sexualattention","Objectmove","ObjectMove.1","Bossou",-0.567395975254385,0.0193340494092374,0.0349087003222342
"5544","280542","Action_33","Morph_61","YOLO","Sexualattention","Objectmove","ObjectMove.1","Bossou",-0.104250021373799,0.0193340494092374,0.0349087003222342
"5545","280544a","Action_33","Morph_61","YOLO","Sexualattention","Objectmove","ObjectMove.1","Bossou",-0.510825623765991,0.0193340494092374,0.0349087003222342
"5546","280544a","Action_34","Morph_65","YOLO","Sexualattention","Objectshake","ObjectShake.1","Bossou",1.98896963851576,0.00966702470461869,0.014500537056928
"5547","280544a","Action_28","Morph_57","YOLO","Sexualattention","Locomotebipedal","LocomoteBipedal.2","Bossou",1.47499181588118,0.00429645542427497,0.0155746509129968
"5548","280131","Action_45","Morph_100","JEJE","Giveme","Reach","Reach.1","Bossou",1.76267388833296,0.0435016111707841,0.0719656283566058
"5549","280097","Action_13","Morph_27","JIRE","Moveaway","Fling","Fling.1","Bossou",-0.638658995275876,0.056390977443609,0.0773361976369495
"5550","280405b","Action_34","Morph_65","NA_chimp","Play","Objectshake","ObjectShake.1","Bossou",0.822419516264084,0.00966702470461869,0.014500537056928
"5551","280405b","Action_60","Morph_127","NA_chimp","Play","Swing","Swing.1","Bossou",0.156148682489931,0.0306122448979592,0.0370569280343716
"5552","280037","Action_42","Morph_90","FOAF","Position","Push","Push.3","Bossou",0.339325305603619,0.0134264232008593,0.0596133190118153
"5553","280037","Action_42","Morph_90","FOAF","Position","Push","Push.3","Bossou",-0.450985623409974,0.0134264232008593,0.0596133190118153
"5554","280608","Action_48","Morph_104","NA_chimp","Play","Rollover","RollOver.1","Bossou",1.63022045161663,0.00429645542427497,0.00429645542427497
"5555","280608","Action_63","Morph_132","NA_chimp","Play","Touch","Touch.1","Bossou",0.521765563804325,0.00859291084854995,0.0429645542427497
"5556","280452","Action_14","Morph_29","FOTAIU","Play","Grab","Grab.1","Bossou",-0.510825623765991,0.0037593984962406,0.023093447905478
"5557","280452","Action_14","Morph_29","FOTAIU","Play","Grab","Grab.1","Bossou",-0.0502412164367468,0.0037593984962406,0.023093447905478
"5558","280130","Action_45","Morph_100","JEJE","Giveme","Reach","Reach.1","Bossou",0.810040932031445,0.0435016111707841,0.0719656283566058
"5559","280617","Action_50","Morph_107","JEJE","Sexualattention","Shake","Shake.1","Bossou",-0.916290731874155,0.0139634801288937,0.0343716433941998
"5560","280617","Action_50","Morph_107","JEJE","Sexualattention","Shake","Shake.1","Bossou",-0.76142602131324,0.0139634801288937,0.0343716433941998
"5561","280617","Action_50","Morph_107","JEJE","Sexualattention","Shake","Shake.1","Bossou",-0.567395975254385,0.0139634801288937,0.0343716433941998
"5562","280617","Action_35","Morph_70","JEJE","Sexualattention","Out","Out.1","Bossou",-0.104250021373799,0.0102040816326531,0.0150375939849624
"5563","280077","Action_45","Morph_101","JEJE","Giveme","Reach","Reach.2","Bossou",1.61183503703382,0.027389903329753,0.0719656283566058
"5564","280134b","Action_45","Morph_100","JIRE","Sexualattention","Reach","Reach.1","Bossou",1.64981180657237,0.0435016111707841,0.0719656283566058
"5565","280620","Action_42","Morph_93","FANA","Stopbehaviour","Push","Push.6","Bossou",0.263133199530368,0.00805585392051558,0.0596133190118153
"5566","280182","Action_13","Morph_28","NINA","Stopbehaviour","Fling","Fling.2","Bossou",-0.454130280089445,0.0209452201933405,0.0773361976369495
"5567","280140","Action_45","Morph_100","FOTAIU","Climbonme","Reach","Reach.1","Bossou",0.286681572118197,0.0435016111707841,0.0719656283566058
"5568","280307","Action_13","Morph_27","KAI","Moveaway","Fling","Fling.1","Bossou",-0.278392025544688,0.056390977443609,0.0773361976369495
"5569","280307","Action_13","Morph_27","KAI","Moveaway","Fling","Fling.1","Bossou",-0.278392025544688,0.056390977443609,0.0773361976369495
"5570","280307","Action_13","Morph_27","KAI","Moveaway","Fling","Fling.1","Bossou",-0.681218609694672,0.056390977443609,0.0773361976369495
"5571","280642","Action_14","Morph_30","FOKAIYE","Stopbehaviour","Grab","Grab.2","Bossou",0.0657877405380032,0.00429645542427497,0.023093447905478
"5572","280313","Action_13","Morph_27","TUA","Moveaway","Fling","Fling.1","Bossou",-0.789658080940789,0.056390977443609,0.0773361976369495
"5573","280242","Action_42","Morph_88","YO","Takeobjectnurse","Push","Push.1","Bossou",0.908258560176891,0.0128893662728249,0.0596133190118153
"5574","280293","Action_45","Morph_100","PILI","Climbonme","Reach","Reach.1","Bossou",1.06125650212434,0.0435016111707841,0.0719656283566058
"5575","280171","Action_42","Morph_92","YO","Moveaway","Push","Push.5","Bossou",0.562468856917829,0.00644468313641246,0.0596133190118153
"5576","280171","Action_42","Morph_92","YO","Moveaway","Push","Push.5","Bossou",1.29143408009593,0.00644468313641246,0.0596133190118153
"5577","280153","Action_8","Morph_19","FOKAIYE","Playcontinue","Dangle","Dangle.1","Bossou",0.844579884320155,0.0257787325456498,0.0257787325456498
"5578","280202","Action_45","Morph_100","YO","Climbonme","Reach","Reach.1","Bossou",0.628608659422374,0.0435016111707841,0.0719656283566058
"5579","280624b","Action_20","Morph_45","FANWA","Play","Hitother","HitOther.1","Bossou",-1.00239343092757,0.0263157894736842,0.0402792696025779
"5580","280270","Action_13","Morph_28","JIRE","Stopbehaviour","Fling","Fling.2","Bossou",-0.108699416923341,0.0209452201933405,0.0773361976369495
"5581","280270","Action_13","Morph_28","JIRE","Stopbehaviour","Fling","Fling.2","Bossou",-0.941608539858445,0.0209452201933405,0.0773361976369495
"5582","280270","Action_13","Morph_28","JIRE","Stopbehaviour","Fling","Fling.2","Bossou",-0.923818998294947,0.0209452201933405,0.0773361976369495
"5583","280247","Action_13","Morph_27","FOAF","Moveaway","Fling","Fling.1","Bossou",-0.543004522130226,0.056390977443609,0.0773361976369495
"5584","280180b","Action_12","Morph_26","FOTAIU","Affiliation","Fingermouth","FingerMouth.1","Bossou",1.21846725047639,0.00429645542427497,0.00429645542427497
"5585","280484","Action_8","Morph_19","PONI","Play","Dangle","Dangle.1","Bossou",1.36634672331019,0.0257787325456498,0.0257787325456498
"5586","280484","Action_8","Morph_19","PONI","Play","Dangle","Dangle.1","Bossou",0.811818710277444,0.0257787325456498,0.0257787325456498
"5587","280484","Action_60","Morph_127","PONI","Play","Swing","Swing.1","Bossou",-0.355247391947547,0.0306122448979592,0.0370569280343716
"5588","280570b","Action_17","Morph_40","FOTAIU","Stopbehaviour","Hitobject","HitObject.2","Bossou",-1.20397280432594,0.00483351235230934,0.0408163265306122
"5589","280570b","Action_17","Morph_39","FOTAIU","Stopbehaviour","Hitobject","HitObject.1","Bossou",-1.38629436111989,0.0327604726100967,0.0408163265306122
"5590","280570b","Action_55","Morph_117","FOTAIU","Stopbehaviour","Stompingobject","StompObject.3","Bossou",-0.404965233066513,0.00429645542427497,0.0150375939849624
"5591","280570b","Action_57","Morph_115","FOTAIU","Stopbehaviour","Stompobject","StompObject.1","Bossou",-1.14885350510486,0.0150375939849624,0.0236305048335124
"5592","250096","Action_13","Morph_28","JIRE","Stopbehaviour","Fling","Fling.2","Bossou",-1.73727128394399,0.0209452201933405,0.0773361976369495
"5593","250084b","Action_45","Morph_101","FOAF","Affiliation","Reach","Reach.2","Bossou",-1.15836229307388,0.027389903329753,0.0719656283566058
"5594","250045a","Action_44","Morph_99","FLANLE","Support","Rakeself","RakeSelf.1","Bossou",-0.931404369684203,0.00537056928034372,0.00537056928034372
"5595","250045a","Action_44","Morph_99","FLANLE","Support","Rakeself","RakeSelf.1","Bossou",-0.675307262431614,0.00537056928034372,0.00537056928034372
"5596","250045a","Action_29","Morph_58","FLANLE","Support","Locomotegallop","LocomoteGallop.1","Bossou",0.909870164071232,0.0134264232008593,0.0134264232008593
"5597","250072","Action_2","Morph_4","JEJE","Groom","Bigloudscratch","BigLoudScratch.2","Bossou",0.807814255538071,0.0150375939849624,0.0241675617615467
"5598","250029","Action_61","Morph_130","FLANLE","Play","Throwobject","ThrowObject.1","Bossou",0.493475985430878,0.0161117078410312,0.0161117078410312
"5599","250021","Action_12","Morph_26","FANWA","Affiliation","Fingermouth","FingerMouth.1","Bossou",0.916290731874155,0.00429645542427497,0.00429645542427497
"5600","250147a","Action_50","Morph_109","JEJE","Moveaway","Shake","Shake.3","Bossou",-0.22314355131421,0.0177228786251343,0.0343716433941998
"5601","250147a","Action_24","Morph_51","JEJE","Moveaway","Jump","Jump.1","Bossou",-0.352398387171472,0.0128893662728249,0.0128893662728249
"5602","250147a","Action_29","Morph_58","JEJE","Moveaway","Locomotegallop","LocomoteGallop.1","Bossou",0.00697561373642514,0.0134264232008593,0.0134264232008593
"5603","250147a","Action_35","Morph_71","JEJE","Moveaway","Out","Out.2","Bossou",-0.303811454381665,0.00429645542427497,0.0150375939849624
"5604","250147a","Action_13","Morph_27","JEJE","Moveaway","Fling","Fling.1","Bossou",-1.13320373343773,0.056390977443609,0.0773361976369495
"5605","250097","Action_13","Morph_28","JIRE","Stopbehaviour","Fling","Fling.2","Bossou",-0.231932057347289,0.0209452201933405,0.0773361976369495
"5606","250095","Action_13","Morph_28","JIRE","Moveaway","Fling","Fling.2","Bossou",-1.44816976483798,0.0209452201933405,0.0773361976369495
"5607","250084a","Action_50","Morph_109","JEJE","Affiliation","Shake","Shake.3","Bossou",0.778407024510769,0.0177228786251343,0.0343716433941998
"5608","250023","Action_17","Morph_42","JEJE","Stopbehaviour","Hitobject","HitObject.4","Bossou",-0.515838165589535,0.00590762620837809,0.0408163265306122
"5609","250023","Action_17","Morph_40","JEJE","Stopbehaviour","Hitobject","HitObject.2","Bossou",-0.665532013526972,0.00483351235230934,0.0408163265306122
"5610","250131a","Action_45","Morph_101","VELU","Affiliation","Reach","Reach.2","Bossou",0.331459694797669,0.027389903329753,0.0719656283566058
"5611","250102","Action_17","Morph_39","FOAF","Stopbehaviour","Hitobject","HitObject.1","Bossou",-0.744440474947496,0.0327604726100967,0.0408163265306122
"5612","250101","Action_45","Morph_101","FLANLE","Affiliation","Reach","Reach.2","Bossou",-0.697155201957484,0.027389903329753,0.0719656283566058
"5613","250022","Action_63","Morph_135","FANLE","Giveme","Touch","Touch.4","Bossou",-0.32989392126109,0.00483351235230934,0.0429645542427497
"5614","250147b","Action_24","Morph_51","FOAF","Stopbehaviour","Jump","Jump.1","Bossou",0.504405055963068,0.0128893662728249,0.0128893662728249
"5615","250039","Action_33","Morph_62","FLANLE","Play","Objectmove","ObjectMove.2","Bossou",-0.0345914447696191,0.0123523093447905,0.0349087003222342
"5616","250137","Action_50","Morph_107","FANLE","Climbonme","Shake","Shake.1","Bossou",-0.457284856837961,0.0139634801288937,0.0343716433941998
"5617","250137","Action_54","Morph_114","FANLE","Climbonme","Stancebipedal","StanceBipedal.1","Bossou",-0.3078847797693,0.0171858216970999,0.0171858216970999
"5618","250137","Action_54","Morph_114","FANLE","Climbonme","Stancebipedal","StanceBipedal.1","Bossou",-0.572701027484078,0.0171858216970999,0.0171858216970999
"5619","250137","Action_38","Morph_76","FANLE","Climbonme","Present","Present.2","Bossou",1.46325540225602,0.00590762620837809,0.0596133190118153
"5620","250137","Action_60","Morph_127","FANLE","Climbonme","Swing","Swing.1","Bossou",-1.45671682541644,0.0306122448979592,0.0370569280343716
"5621","250099a","Action_43","Morph_96","FLANLE","Play","Raise","Raise.1","Bossou",-0.0356271776431512,0.0268528464017186,0.0349087003222342
"5622","250099a","Action_60","Morph_127","FLANLE","Play","Swing","Swing.1","Bossou",0.134530892957606,0.0306122448979592,0.0370569280343716
"5623","250099a","Action_24","Morph_51","FLANLE","Play","Jump","Jump.1","Bossou",-0.510825623765991,0.0128893662728249,0.0128893662728249
"5624","250099a","Action_34","Morph_66","FLANLE","Play","Objectshake","ObjectShake.2","Bossou",1.24703229378638,0.00322234156820623,0.014500537056928
"5625","250106","Action_13","Morph_28","FOAF","Stopbehaviour","Fling","Fling.2","Bossou",-1.44392347395653,0.0209452201933405,0.0773361976369495
"5626","250106","Action_57","Morph_115","FOAF","Stopbehaviour","Stompobject","StompObject.1","Bossou",-0.928869514081015,0.0150375939849624,0.0236305048335124
"5627","250141b","Action_61","Morph_130","FLANLE","Play","Throwobject","ThrowObject.1","Bossou",0.12751332029896,0.0161117078410312,0.0161117078410312
"5628","250141b","Action_61","Morph_130","FLANLE","Play","Throwobject","ThrowObject.1","Bossou",0.484276288532454,0.0161117078410312,0.0161117078410312
"5629","250139a","Action_62","Morph_131","FLANLE","Play","Throwthreat","ThrowThreat.1","Bossou",-0.236988958136263,0.0193340494092374,0.0193340494092374
"5630","250139a","Action_62","Morph_131","FLANLE","Play","Throwthreat","ThrowThreat.1","Bossou",0.387979793767145,0.0193340494092374,0.0193340494092374
"5631","250139a","Action_61","Morph_130","FLANLE","Play","Throwobject","ThrowObject.1","Bossou",0.199670195128568,0.0161117078410312,0.0161117078410312
"5632","250139a","Action_33","Morph_63","FLANLE","Play","Objectmove","ObjectMove.3","Bossou",-0.563874844855806,0.00214822771213749,0.0349087003222342
"5633","250139a","Action_61","Morph_130","FLANLE","Play","Throwobject","ThrowObject.1","Bossou",-0.188742124596877,0.0161117078410312,0.0161117078410312
"5634","250080b","Action_13","Morph_27","FANLE","Moveaway","Fling","Fling.1","Bossou",-0.82098055206983,0.056390977443609,0.0773361976369495
"5635","250038","Action_18","Morph_39","FLANLE","Moveaway","Hitobjectobject","HitObject.1","Bossou",0.285930539412975,0.0327604726100967,0.00268528464017186
"5636","250038","Action_33","Morph_62","FLANLE","Moveaway","Objectmove","ObjectMove.2","Bossou",0.631803550318893,0.0123523093447905,0.0349087003222342
"5637","250038","Action_33","Morph_61","FLANLE","Moveaway","Objectmove","ObjectMove.1","Bossou",-0.767870726755882,0.0193340494092374,0.0349087003222342
"5638","250082","Action_2","Morph_4","FOAF","Groom","Bigloudscratch","BigLoudScratch.2","Bossou",0.445326641533295,0.0150375939849624,0.0241675617615467
"5639","250082","Action_38","Morph_75","FOAF","Groom","Present","Present.1","Bossou",1.06125650212434,0.0150375939849624,0.0596133190118153
"5640","250051","Action_4","Morph_12","FLANLE","Affiliation","Bitekiss","Bite.4","Bossou",-0.269187489815617,0.00214822771213749,0.0306122448979592
"5641","250051","Action_4","Morph_12","FLANLE","Affiliation","Bitekiss","Bite.4","Bossou",-0.183922838160928,0.00214822771213749,0.0306122448979592
"5642","250099b","Action_45","Morph_101","YO","Play","Reach","Reach.2","Bossou",1.8808381523116,0.027389903329753,0.0719656283566058
"5643","250105","Action_17","Morph_39","FOAF","Stopbehaviour","Hitobject","HitObject.1","Bossou",-0.328504066972036,0.0327604726100967,0.0408163265306122
"5644","250120a","Action_35","Morph_70","FOAF","Affiliation","Out","Out.1","Bossou",-0.484508315448617,0.0102040816326531,0.0150375939849624
"5645","250120a","Action_36","Morph_72","FOAF","Affiliation","Overstance","OverStance.1","Bossou",-0.585190039054853,0.00698174006444683,0.0134264232008593
"5646","250139b","Action_13","Morph_27","YO","Stopbehaviour","Fling","Fling.1","Bossou",-0.482886255076749,0.056390977443609,0.0773361976369495
"5647","250139b","Action_13","Morph_27","YO","Stopbehaviour","Fling","Fling.1","Bossou",-0.525939261576039,0.056390977443609,0.0773361976369495
"5648","250139b","Action_13","Morph_27","YO","Stopbehaviour","Fling","Fling.1","Bossou",-0.928869514081015,0.056390977443609,0.0773361976369495
"5649","250139b","Action_14","Morph_31","YO","Stopbehaviour","Grab","Grab.3","Bossou",-0.335472736288129,0.00805585392051558,0.023093447905478
"5650","250139b","Action_13","Morph_27","YO","Stopbehaviour","Fling","Fling.1","Bossou",-0.928869514081015,0.056390977443609,0.0773361976369495
"5651","250085b","Action_63","Morph_134","YO","Affiliation","Touch","Touch.3","Bossou",0.4811908186363,0.00698174006444683,0.0429645542427497
"5652","250003a","Action_39","Morph_82","FANA","Sexualattention","Presentgenitalsbackwards","PresentGenitals.1","Bossou",0.580538236177291,0.0354457572502685,0.0290010741138561
"5653","250030a","Action_61","Morph_130","FLANLE","Play","Throwobject","ThrowObject.1","Bossou",0.88128512267534,0.0161117078410312,0.0161117078410312
"5654","250050a","Action_36","Morph_72","JEJE","Affiliation","Overstance","OverStance.1","Bossou",1.01884732019925,0.00698174006444683,0.0134264232008593
"5655","250050a","Action_50","Morph_109","JEJE","Affiliation","Shake","Shake.3","Bossou",-0.372514007968479,0.0177228786251343,0.0343716433941998
"5656","250028a","Action_18","Morph_39","FLANLE","Play","Hitobjectobject","HitObject.1","Bossou",-0.544727175441672,0.0327604726100967,0.00268528464017186
"5657","250028a","Action_61","Morph_130","FLANLE","Play","Throwobject","ThrowObject.1","Bossou",0.291175961706037,0.0161117078410312,0.0161117078410312
"5658","250071","Action_45","Morph_101","FANLE","Climbonme","Reach","Reach.2","Bossou",0.804688555292853,0.027389903329753,0.0719656283566058
"5659","250071","Action_1","Morph_1","FANLE","Climbonme","Beckon","Beckon.1","Bossou",0,0.00966702470461869,0.0123523093447905
"5660","250091","Action_61","Morph_130","FLANLE","Groom","Throwobject","ThrowObject.1","Bossou",0.815807193295833,0.0161117078410312,0.0161117078410312
"5661","250133","Action_61","Morph_130","FLANLE","Playcontinue","Throwobject","ThrowObject.1","Bossou",0.493475985430878,0.0161117078410312,0.0161117078410312
"5662","250003b","Action_50","Morph_109","JEJE","Sexualattention","Shake","Shake.3","Bossou",-0.186329578191493,0.0177228786251343,0.0343716433941998
"5663","250003b","Action_24","Morph_51","JEJE","Sexualattention","Jump","Jump.1","Bossou",-0.572701027484078,0.0128893662728249,0.0128893662728249
"5664","250003b","Action_36","Morph_72","JEJE","Sexualattention","Overstance","OverStance.1","Bossou",-0.0629397997738742,0.00698174006444683,0.0134264232008593
"5665","250116","Action_33","Morph_63","FLANLE","Play","Objectmove","ObjectMove.3","Bossou",1.55032464794159,0.00214822771213749,0.0349087003222342
"5666","250030b","Action_13","Morph_27","JIRE","Moveaway","Fling","Fling.1","Bossou",-0.7339691750802,0.056390977443609,0.0773361976369495
"5667","250030b","Action_17","Morph_40","JIRE","Moveaway","Hitobject","HitObject.2","Bossou",-0.539568092631645,0.00483351235230934,0.0408163265306122
"5668","250030b","Action_13","Morph_27","JIRE","Moveaway","Fling","Fling.1","Bossou",-1.17441400208439,0.056390977443609,0.0773361976369495
"5669","250044","Action_42","Morph_88","JEJE","Moveaway","Push","Push.1","Bossou",0.713439883827708,0.0128893662728249,0.0596133190118153
"5670","250028b","Action_13","Morph_27","JIRE","Stopbehaviour","Fling","Fling.1","Bossou",-0.555125882662571,0.056390977443609,0.0773361976369495
"5671","250028b","Action_13","Morph_28","JIRE","Stopbehaviour","Fling","Fling.2","Bossou",-1.23100147671386,0.0209452201933405,0.0773361976369495
"5672","250142","Action_8","Morph_19","FLANLE","Play","Dangle","Dangle.1","Bossou",1.05117121406797,0.0257787325456498,0.0257787325456498
"5673","250142","Action_57","Morph_115","FLANLE","Play","Stompobject","StompObject.1","Bossou",-1.43969513784701,0.0150375939849624,0.0236305048335124
"5674","250012","Action_50","Morph_109","FANLE","Staysame","Shake","Shake.3","Bossou",1.11119940417358,0.0177228786251343,0.0343716433941998
"5675","250135","Action_61","Morph_130","FLANLE","Moveaway","Throwobject","ThrowObject.1","Bossou",0.717351869256763,0.0161117078410312,0.0161117078410312
"5676","250047","Action_36","Morph_72","JIRE","Affiliation","Overstance","OverStance.1","Bossou",0.60267527739587,0.00698174006444683,0.0134264232008593
"5677","250077","Action_50","Morph_109","JEJE","Stopbehaviour","Shake","Shake.3","Bossou",-0.644357016390513,0.0177228786251343,0.0343716433941998
"5678","250077","Action_50","Morph_109","JEJE","Stopbehaviour","Shake","Shake.3","Bossou",0.242946178610389,0.0177228786251343,0.0343716433941998
"5679","250077","Action_35","Morph_70","JEJE","Stopbehaviour","Out","Out.1","Bossou",-0.372514007968479,0.0102040816326531,0.0150375939849624
"5680","250070","Action_28","Morph_56","JEJE","Affiliation","Locomotebipedal","LocomoteBipedal.1","Bossou",0.370183293963525,0.0112781954887218,0.0155746509129968
"5681","250070","Action_35","Morph_71","JEJE","Affiliation","Out","Out.2","Bossou",-0.505838082254952,0.00429645542427497,0.0150375939849624
"5682","250037","Action_13","Morph_27","JEJE","Moveaway","Fling","Fling.1","Bossou",-0.916290731874155,0.056390977443609,0.0773361976369495
"5683","250016","Action_36","Morph_72","JIRE","Affiliation","Overstance","OverStance.1","Bossou",1.33920275358604,0.00698174006444683,0.0134264232008593
"5684","250053","Action_17","Morph_40","FLANLE","Affiliation","Hitobject","HitObject.2","Bossou",-0.592397277459802,0.00483351235230934,0.0408163265306122
"5685","250053","Action_5","Morph_17","FLANLE","Affiliation","Bounce","Bounce.1","Bossou",0.771496146970922,0.0204081632653061,0.0204081632653061
"5686","250067","Action_2","Morph_4","JIRE","Followme","Bigloudscratch","BigLoudScratch.2","Bossou",0.538829820175588,0.0150375939849624,0.0241675617615467
"5687","250067","Action_2","Morph_4","JIRE","Followme","Bigloudscratch","BigLoudScratch.2","Bossou",-0.388607991041741,0.0150375939849624,0.0241675617615467
"5688","250017","Action_2","Morph_4","FANLE","Staysame","Bigloudscratch","BigLoudScratch.2","Bossou",1.01269122616047,0.0150375939849624,0.0241675617615467
"5689","250017","Action_50","Morph_109","FANLE","Staysame","Shake","Shake.3","Bossou",0.255417111864505,0.0177228786251343,0.0343716433941998
"5690","250042a","Action_46","Morph_103","FLANLE","Play","Rockingbipedal","Rocking.1","Bossou",0.507419830631158,0.00322234156820623,0.00214822771213749
"5691","250042a","Action_61","Morph_130","FLANLE","Play","Throwobject","ThrowObject.1","Bossou",0.511025603768657,0.0161117078410312,0.0161117078410312
"5692","250146","Action_54","Morph_114","FLANLE","Play","Stancebipedal","StanceBipedal.1","Bossou",1.25133337568577,0.0171858216970999,0.0171858216970999
"5693","250146","Action_28","Morph_56","FLANLE","Play","Locomotebipedal","LocomoteBipedal.1","Bossou",0.759870812602853,0.0112781954887218,0.0155746509129968
"5694","250146","Action_5","Morph_17","FLANLE","Play","Bounce","Bounce.1","Bossou",0.544647172241501,0.0204081632653061,0.0204081632653061
"5695","250146","Action_43","Morph_96","FLANLE","Play","Raise","Raise.1","Bossou",-0.675307262431614,0.0268528464017186,0.0349087003222342
"5696","250002b","Action_39","Morph_82","FANA","Sexualattention","Presentgenitalsbackwards","PresentGenitals.1","Bossou",1.11874165996328,0.0354457572502685,0.0290010741138561
"5697","250129","Action_17","Morph_39","FLANLE","Play","Hitobject","HitObject.1","Bossou",-0.167235919375914,0.0327604726100967,0.0408163265306122
"5698","250129","Action_33","Morph_61","FLANLE","Play","Objectmove","ObjectMove.1","Bossou",0.185649346886629,0.0193340494092374,0.0349087003222342
"5699","250129","Action_24","Morph_51","FLANLE","Play","Jump","Jump.1","Bossou",-0.484508315448617,0.0128893662728249,0.0128893662728249
"5700","250015","Action_50","Morph_109","FANLE","Staysame","Shake","Shake.3","Bossou",-0.360969868221613,0.0177228786251343,0.0343716433941998
"5701","250015","Action_2","Morph_4","FANLE","Staysame","Bigloudscratch","BigLoudScratch.2","Bossou",1.96206467352626,0.0150375939849624,0.0241675617615467
"5702","250078","Action_4","Morph_13","FANA","Affiliation","Bitekiss","Bite.5","Bossou",1.14103300455206,0.0075187969924812,0.0306122448979592
"5703","250078","Action_4","Morph_13","FANA","Affiliation","Bitekiss","Bite.5","Bossou",0.816249377693929,0.0075187969924812,0.0306122448979592
"5704","250008","Action_13","Morph_27","FOAF","Stopbehaviour","Fling","Fling.1","Bossou",-0.931404369684203,0.056390977443609,0.0773361976369495
"5705","250065","Action_62","Morph_131","FLANLE","Play","Throwthreat","ThrowThreat.1","Bossou",0.348541960708543,0.0193340494092374,0.0193340494092374
"5706","250014","Action_13","Morph_28","FOAF","Stopbehaviour","Fling","Fling.2","Bossou",-0.721546655081643,0.0209452201933405,0.0773361976369495
"5707","250043","Action_48","Morph_104","FOAF","Playcontinue","Rollover","RollOver.1","Bossou",0.526502103150998,0.00429645542427497,0.00429645542427497
"5708","250134","Action_61","Morph_130","FLANLE","Play","Throwobject","ThrowObject.1","Bossou",0.137149838147234,0.0161117078410312,0.0161117078410312
"5709","250019","Action_50","Morph_109","FANLE","Staysame","Shake","Shake.3","Bossou",0.0421011760186353,0.0177228786251343,0.0343716433941998
"5710","250019","Action_50","Morph_109","FANLE","Staysame","Shake","Shake.3","Bossou",0.506817602368452,0.0177228786251343,0.0343716433941998
"5711","250019","Action_5","Morph_17","FANLE","Staysame","Bounce","Bounce.1","Bossou",1.80319384685372,0.0204081632653061,0.0204081632653061
"5712","250019","Action_50","Morph_109","FANLE","Staysame","Shake","Shake.3","Bossou",0.238229188732251,0.0177228786251343,0.0343716433941998
"5713","250060","Action_61","Morph_130","FLANLE","Play","Throwobject","ThrowObject.1","Bossou",0.51402051466251,0.0161117078410312,0.0161117078410312
"5714","250060","Action_50","Morph_109","FLANLE","Play","Shake","Shake.3","Bossou",-0.679244275390954,0.0177228786251343,0.0343716433941998
"5715","250011","Action_21","Morph_39","FOAF","Stopbehaviour","Hittingobject","HitObject.1","Bossou",-0.579818495252942,0.0327604726100967,0.0118152524167562
"5716","250041b","Action_45","Morph_101","JEJE","Stopbehaviour","Reach","Reach.2","Bossou",-0.657780036722654,0.027389903329753,0.0719656283566058
"5717","250010","Action_3","Morph_15","FANWA","Affiliation","Bite","Bite.7","Bossou",0.162118849476435,0.0037593984962406,0.00644468313641246
"5718","250074","Action_42","Morph_90","FANLE","Groom","Push","Push.3","Bossou",0.698134722070984,0.0134264232008593,0.0596133190118153
"5719","250036","Action_24","Morph_51","FLANLE","Play","Jump","Jump.1","Bossou",-0.336872316642553,0.0128893662728249,0.0128893662728249
"5720","250036","Action_17","Morph_42","FLANLE","Play","Hitobject","HitObject.4","Bossou",-0.455706324544911,0.00590762620837809,0.0408163265306122
"5721","250036","Action_29","Morph_58","FLANLE","Play","Locomotegallop","LocomoteGallop.1","Bossou",0.17730901497041,0.0134264232008593,0.0134264232008593
"5722","250036","Action_34","Morph_66","FLANLE","Play","Objectshake","ObjectShake.2","Bossou",0.287432041196572,0.00322234156820623,0.014500537056928
"5723","250036","Action_34","Morph_65","FLANLE","Play","Objectshake","ObjectShake.1","Bossou",0.354171813720614,0.00966702470461869,0.014500537056928
"5724","250061","Action_34","Morph_65","FLANLE","Playcontinue","Objectshake","ObjectShake.1","Bossou",0.306749135169007,0.00966702470461869,0.014500537056928
"5725","250061","Action_43","Morph_96","FLANLE","Playcontinue","Raise","Raise.1","Bossou",-0.388607991041741,0.0268528464017186,0.0349087003222342
"5726","250018","Action_4","Morph_13","JIRE","Affiliation","Bitekiss","Bite.5","Bossou",1.11579711342221,0.0075187969924812,0.0306122448979592
"5727","250052","Action_33","Morph_63","FLANLE","Play","Objectmove","ObjectMove.3","Bossou",0.0573250666192694,0.00214822771213749,0.0349087003222342
"5728","250052","Action_33","Morph_62","FLANLE","Play","Objectmove","ObjectMove.2","Bossou",0.059211859631846,0.0123523093447905,0.0349087003222342
"5729","250052","Action_33","Morph_62","FLANLE","Play","Objectmove","ObjectMove.2","Bossou",0.193920692637306,0.0123523093447905,0.0349087003222342
"5730","250052","Action_29","Morph_58","FLANLE","Play","Locomotegallop","LocomoteGallop.1","Bossou",0.765002617660373,0.0134264232008593,0.0134264232008593
"5731","250124","Action_45","Morph_101","FANA","Affiliation","Reach","Reach.2","Bossou",1.39426253076907,0.027389903329753,0.0719656283566058
"5732","250144b","Action_13","Morph_27","FANA","Play","Fling","Fling.1","Bossou",-0.0932123817221787,0.056390977443609,0.0773361976369495
"5733","250024b","Action_31","Morph_59","JEJE","Stopbehaviour","Lunge","Lunge.1","Bossou",0.0980337402713654,0.00214822771213749,0.00214822771213749
"5734","250024b","Action_17","Morph_39","JEJE","Stopbehaviour","Hitobject","HitObject.1","Bossou",-0.24079848655293,0.0327604726100967,0.0408163265306122
"5735","250126","Action_13","Morph_28","FANLE","Moveaway","Fling","Fling.2","Bossou",-0.941608539858445,0.0209452201933405,0.0773361976369495
"5736","250034","Action_17","Morph_39","FLANLE","Play","Hitobject","HitObject.1","Bossou",0.0372957847436969,0.0327604726100967,0.0408163265306122
"5737","250034","Action_5","Morph_17","FLANLE","Play","Bounce","Bounce.1","Bossou",0.89527136465008,0.0204081632653061,0.0204081632653061
"5738","250034","Action_28","Morph_56","FLANLE","Play","Locomotebipedal","LocomoteBipedal.1","Bossou",-0.154317360384357,0.0112781954887218,0.0155746509129968
"5739","250034","Action_5","Morph_17","FLANLE","Play","Bounce","Bounce.1","Bossou",-0.342490308946776,0.0204081632653061,0.0204081632653061
"5740","250034","Action_57","Morph_115","FLANLE","Play","Stompobject","StompObject.1","Bossou",0.0815799869924228,0.0150375939849624,0.0236305048335124
"5741","250041a","Action_62","Morph_131","FLANLE","Play","Throwthreat","ThrowThreat.1","Bossou",0.624868339806651,0.0193340494092374,0.0193340494092374
"5742","250041a","Action_62","Morph_131","FLANLE","Play","Throwthreat","ThrowThreat.1","Bossou",0.708035793053696,0.0193340494092374,0.0193340494092374
"5743","250041a","Action_62","Morph_131","FLANLE","Play","Throwthreat","ThrowThreat.1","Bossou",0.268499253035007,0.0193340494092374,0.0193340494092374
"5744","250041a","Action_62","Morph_131","FLANLE","Play","Throwthreat","ThrowThreat.1","Bossou",0.270790204781563,0.0193340494092374,0.0193340494092374
"5745","250035","Action_13","Morph_27","JEJE","Moveaway","Fling","Fling.1","Bossou",-0.603306476560156,0.056390977443609,0.0773361976369495
"5746","250079","Action_4","Morph_13","FANA","Affiliation","Bitekiss","Bite.5","Bossou",0.118671529717499,0.0075187969924812,0.0306122448979592
"5747","250127","Action_42","Morph_88","YO","Moveclose","Push","Push.1","Bossou",0.207826847202317,0.0128893662728249,0.0596133190118153
"5748","250069","Action_38","Morph_76","FANLE","Climbonme","Present","Present.2","Bossou",0.478095799143072,0.00590762620837809,0.0596133190118153
"5749","250020","Action_2","Morph_4","FANLE","Staysame","Bigloudscratch","BigLoudScratch.2","Bossou",1.19966353273784,0.0150375939849624,0.0241675617615467
"5750","250020","Action_44","Morph_99","FANLE","Staysame","Rakeself","RakeSelf.1","Bossou",0.185649346886629,0.00537056928034372,0.00537056928034372
"5751","250020","Action_44","Morph_99","FANLE","Staysame","Rakeself","RakeSelf.1","Bossou",-0.53785429615391,0.00537056928034372,0.00537056928034372
"5752","250020","Action_44","Morph_99","FANLE","Staysame","Rakeself","RakeSelf.1","Bossou",-0.731888008876376,0.00537056928034372,0.00537056928034372
"5753","250020","Action_5","Morph_17","FANLE","Staysame","Bounce","Bounce.1","Bossou",1.06712162157674,0.0204081632653061,0.0204081632653061
"5754","250020","Action_46","Morph_103","FANLE","Staysame","Rockingbipedal","Rocking.1","Bossou",1.19573899939883,0.00322234156820623,0.00214822771213749
"5755","250020","Action_46","Morph_103","FANLE","Staysame","Rockingbipedal","Rocking.1","Bossou",0.89771934628872,0.00322234156820623,0.00214822771213749
"5756","250024a","Action_33","Morph_62","FLANLE","Play","Objectmove","ObjectMove.2","Bossou",0.644482008578664,0.0123523093447905,0.0349087003222342
"5757","250024a","Action_24","Morph_51","FLANLE","Play","Jump","Jump.1","Bossou",-0.596020469829223,0.0128893662728249,0.0128893662728249
"5758","250024a","Action_29","Morph_58","FLANLE","Play","Locomotegallop","LocomoteGallop.1","Bossou",-0.667479433811368,0.0134264232008593,0.0134264232008593
"5759","250024a","Action_29","Morph_58","FLANLE","Play","Locomotegallop","LocomoteGallop.1","Bossou",-0.841647188878389,0.0134264232008593,0.0134264232008593
"5760","250024a","Action_5","Morph_17","FLANLE","Play","Bounce","Bounce.1","Bossou",-0.224394333215862,0.0204081632653061,0.0204081632653061
"5761","250024a","Action_33","Morph_62","FLANLE","Play","Objectmove","ObjectMove.2","Bossou",-0.811930716549912,0.0123523093447905,0.0349087003222342
"5762","250076a","Action_15","Morph_36","FOAF","Playcontinue","Grabhold","GrabHold.2","Bossou",2.45513449145433,0.00161117078410311,0.0037593984962406
"5763","250149b","Action_57","Morph_115","FANLE","Stopbehaviour","Stompobject","StompObject.1","Bossou",-1.82015894374975,0.0150375939849624,0.0236305048335124
"5764","250149b","Action_20","Morph_45","FANLE","Stopbehaviour","Hitother","HitOther.1","Bossou",-1.13943428318836,0.0263157894736842,0.0402792696025779
"5765","250145a","Action_62","Morph_131","FLANLE","Play","Throwthreat","ThrowThreat.1","Bossou",-0.460449416440924,0.0193340494092374,0.0193340494092374
"5766","250145a","Action_62","Morph_131","FLANLE","Play","Throwthreat","ThrowThreat.1","Bossou",0.430482871083452,0.0193340494092374,0.0193340494092374
"5767","250145a","Action_61","Morph_130","FLANLE","Play","Throwobject","ThrowObject.1","Bossou",-0.282362910974181,0.0161117078410312,0.0161117078410312
"5768","250004","Action_28","Morph_56","JEJE","Moveaway","Locomotebipedal","LocomoteBipedal.1","Bossou",1.19634377716144,0.0112781954887218,0.0155746509129968
"5769","250004","Action_50","Morph_109","JEJE","Moveaway","Shake","Shake.3","Bossou",0.151002873536527,0.0177228786251343,0.0343716433941998
"5770","250040","Action_62","Morph_131","FLANLE","Play","Throwthreat","ThrowThreat.1","Bossou",0.655445313375934,0.0193340494092374,0.0193340494092374
"5771","250040","Action_62","Morph_131","FLANLE","Play","Throwthreat","ThrowThreat.1","Bossou",0.142367241286922,0.0193340494092374,0.0193340494092374
"5772","250040","Action_62","Morph_131","FLANLE","Play","Throwthreat","ThrowThreat.1","Bossou",-0.3051673867928,0.0193340494092374,0.0193340494092374
"5773","250040","Action_62","Morph_131","FLANLE","Play","Throwthreat","ThrowThreat.1","Bossou",-0.596020469829223,0.0193340494092374,0.0193340494092374
"5774","250040","Action_43","Morph_96","FLANLE","Play","Raise","Raise.1","Bossou",0.258510695151501,0.0268528464017186,0.0349087003222342
"5775","250031a","Action_5","Morph_17","FLANLE","Play","Bounce","Bounce.1","Bossou",-0.124430078378177,0.0204081632653061,0.0204081632653061
"5776","250031a","Action_5","Morph_17","FLANLE","Play","Bounce","Bounce.1","Bossou",1.1400740784757,0.0204081632653061,0.0204081632653061
"5777","250081a","Action_35","Morph_70","FLANLE","Play","Out","Out.1","Bossou",-0.827822083886547,0.0102040816326531,0.0150375939849624
"5778","250076b","Action_3","Morph_12","FANWA","Playcontinue","Bite","Bite.4","Bossou",0.38253760346446,0.00214822771213749,0.00644468313641246
"5779","250059","Action_45","Morph_101","FANLE","Climbonme","Reach","Reach.2","Bossou",-0.594207232705042,0.027389903329753,0.0719656283566058
"5780","250033","Action_28","Morph_56","JEJE","Affiliation","Locomotebipedal","LocomoteBipedal.1","Bossou",0.308954207727321,0.0112781954887218,0.0155746509129968
"5781","250058","Action_51","Morph_111","FLANLE","Stopbehaviour","Spinpirouette","SpinPirouette.1","Bossou",0.234281295724666,0.00322234156820623,0.00322234156820623
"5782","250031b","Action_2","Morph_4","FOAF","Play","Bigloudscratch","BigLoudScratch.2","Bossou",0.693647055601596,0.0150375939849624,0.0241675617615467
"5783","250006","Action_13","Morph_27","FOAF","Moveaway","Fling","Fling.1","Bossou",-0.335472736288129,0.056390977443609,0.0773361976369495
"5784","250006","Action_13","Morph_27","FOAF","Moveaway","Fling","Fling.1","Bossou",-0.336872316642553,0.056390977443609,0.0773361976369495
"5785","250081b","Action_45","Morph_101","FANWA","Play","Reach","Reach.2","Bossou",-0.655851395816248,0.027389903329753,0.0719656283566058
"5786","250123a","Action_63","Morph_140","FANA","Affiliation","Touch","Touch.9","Bossou",-0.174353387144778,0.00698174006444683,0.0429645542427497
"5787","250032","Action_48","Morph_104","FOAF","Playcontinue","Rollover","RollOver.1","Bossou",0.451712359273484,0.00429645542427497,0.00429645542427497
"5788","250128a","Action_62","Morph_131","FLANLE","Affiliation","Throwthreat","ThrowThreat.1","Bossou",0.244513577050402,0.0193340494092374,0.0193340494092374
"5789","250138","Action_54","Morph_114","FLANLE","Play","Stancebipedal","StanceBipedal.1","Bossou",0.102556588325092,0.0171858216970999,0.0171858216970999
"5790","250138","Action_62","Morph_131","FLANLE","Play","Throwthreat","ThrowThreat.1","Bossou",-0.155484902840395,0.0193340494092374,0.0193340494092374
"5791","250138","Action_62","Morph_131","FLANLE","Play","Throwthreat","ThrowThreat.1","Bossou",-0.750776293396582,0.0193340494092374,0.0193340494092374
"5792","250138","Action_62","Morph_131","FLANLE","Play","Throwthreat","ThrowThreat.1","Bossou",-0.0943106794712413,0.0193340494092374,0.0193340494092374
"5793","250138","Action_18","Morph_39","FLANLE","Play","Hitobjectobject","HitObject.1","Bossou",-0.199671195129068,0.0327604726100967,0.00268528464017186
"5794","250109","Action_13","Morph_28","JEJE","Moveaway","Fling","Fling.2","Bossou",-0.524248644098131,0.0209452201933405,0.0773361976369495
"5795","250109","Action_17","Morph_39","JEJE","Moveaway","Hitobject","HitObject.1","Bossou",-0.396009949337409,0.0327604726100967,0.0408163265306122
"5796","25007b","Action_13","Morph_27","FOAF","Moveaway","Fling","Fling.1","Bossou",-0.161343150408763,0.056390977443609,0.0773361976369495
"5797","25007b","Action_13","Morph_27","FOAF","Moveaway","Fling","Fling.1","Bossou",-0.911303190363116,0.056390977443609,0.0773361976369495
"5798","25007b","Action_13","Morph_27","FOAF","Moveaway","Fling","Fling.1","Bossou",-0.3147107448397,0.056390977443609,0.0773361976369495
"5799","250128b","Action_45","Morph_101","VELU","Affiliation","Reach","Reach.2","Bossou",-0.0470916075338506,0.027389903329753,0.0719656283566058
"5800","250027","Action_5","Morph_17","FLANLE","Play","Bounce","Bounce.1","Bossou",0.273836665629728,0.0204081632653061,0.0204081632653061
"5801","250113","Action_63","Morph_138","FANLE","Affiliation","Touch","Touch.7","Bossou",0.137149838147234,0.0107411385606874,0.0429645542427497
"5802","250026","Action_5","Morph_17","FLANLE","Play","Bounce","Bounce.1","Bossou",0.900567771408919,0.0204081632653061,0.0204081632653061
"5803","250026","Action_29","Morph_58","FLANLE","Play","Locomotegallop","LocomoteGallop.1","Bossou",0.81447946572747,0.0134264232008593,0.0134264232008593
"5804","250118","Action_1","Morph_2","FLANLE","Play","Beckon","Beckon.2","Bossou",-0.342490308946776,0.00268528464017186,0.0123523093447905
"5805","250118","Action_50","Morph_109","FLANLE","Play","Shake","Shake.3","Bossou",-0.916290731874155,0.0177228786251343,0.0343716433941998
"5806","250118","Action_1","Morph_2","FLANLE","Play","Beckon","Beckon.2","Bossou",-0.679244275390954,0.00268528464017186,0.0123523093447905
"5807","250062b","Action_11","Morph_22","FANWA","Affiliation","Embrace","Embrace.1","Bossou",0.821100544870406,0.00161117078410311,0.00859291084854995
"5808","250063b","Action_13","Morph_27","YO","Play","Fling","Fling.1","Bossou",-0.750776293396582,0.056390977443609,0.0773361976369495
"5809","250063b","Action_14","Morph_31","YO","Play","Grab","Grab.3","Bossou",-0.365283318475333,0.00805585392051558,0.023093447905478
"5810","250136","Action_62","Morph_131","FLANLE","Play","Throwthreat","ThrowThreat.1","Bossou",0.415415438961332,0.0193340494092374,0.0193340494092374
"5811","250046b","Action_17","Morph_39","JEJE","Moveaway","Hitobject","HitObject.1","Bossou",-0.569161200778954,0.0327604726100967,0.0408163265306122
"5812","250046b","Action_57","Morph_115","JEJE","Moveaway","Stompobject","StompObject.1","Bossou",-0.423120043346885,0.0150375939849624,0.0236305048335124
"5813","250046b","Action_57","Morph_119","JEJE","Moveaway","Stompobject","StompObject.5","Bossou",0.389335726178281,0.00322234156820623,0.0236305048335124
"5814","250143b","Action_13","Morph_27","FANA","Moveaway","Fling","Fling.1","Bossou",-0.740238788093796,0.056390977443609,0.0773361976369495
"5815","250140a","Action_28","Morph_56","FANWA","Affiliation","Locomotebipedal","LocomoteBipedal.1","Bossou",-0.297059234264378,0.0112781954887218,0.0155746509129968
"5816","250009a","Action_50","Morph_109","FANLE","Affiliation","Shake","Shake.3","Bossou",0.16296882827814,0.0177228786251343,0.0343716433941998
"5817","250009a","Action_5","Morph_17","FANLE","Affiliation","Bounce","Bounce.1","Bossou",-0.44628710262842,0.0204081632653061,0.0204081632653061
"5818","250125a","Action_62","Morph_131","FLANLE","Affiliation","Throwthreat","ThrowThreat.1","Bossou",-0.059750004405774,0.0193340494092374,0.0193340494092374
"5819","250063a","Action_61","Morph_130","FLANLE","Play","Throwobject","ThrowObject.1","Bossou",-0.44628710262842,0.0161117078410312,0.0161117078410312
"5820","250046a","Action_44","Morph_99","FLANLE","Support","Rakeself","RakeSelf.1","Bossou",-0.271808723295491,0.00537056928034372,0.00537056928034372
"5821","250046a","Action_29","Morph_58","FLANLE","Support","Locomotegallop","LocomoteGallop.1","Bossou",0.545227050483323,0.0134264232008593,0.0134264232008593
"5822","250046a","Action_44","Morph_99","FLANLE","Support","Rakeself","RakeSelf.1","Bossou",-0.839329690738027,0.00537056928034372,0.00537056928034372
"5823","250083","Action_2","Morph_4","JEJE","Groom","Bigloudscratch","BigLoudScratch.2","Bossou",1.80038879592611,0.0150375939849624,0.0241675617615467
"5824","250143a","Action_33","Morph_62","FLANLE","Play","Objectmove","ObjectMove.2","Bossou",0.79253992443798,0.0123523093447905,0.0349087003222342
"5825","250143a","Action_8","Morph_19","FLANLE","Play","Dangle","Dangle.1","Bossou",0.820660500858905,0.0257787325456498,0.0257787325456498
"5826","250115","Action_45","Morph_100","FANA","Moveclose","Reach","Reach.1","Bossou",0.0907543632684641,0.0435016111707841,0.0719656283566058
"5827","250114","Action_5","Morph_17","FANA","Play","Bounce","Bounce.1","Bossou",0.340748793388473,0.0204081632653061,0.0204081632653061
"5828","250092a","Action_42","Morph_90","FANLE","Moveaway","Push","Push.3","Bossou",0.548121408509688,0.0134264232008593,0.0596133190118153
"5829","250140b","Action_63","Morph_135","YO","Affiliation","Touch","Touch.4","Bossou",-0.744440474947496,0.00483351235230934,0.0429645542427497
"5830","250009b","Action_64","Morph_137","JEJE","Affiliation","Touchlongother","Touch.6","Bossou",1.82050888251404,0.00322234156820623,0.0112781954887218
"5831","250125b","Action_45","Morph_101","YO","Affiliation","Reach","Reach.2","Bossou",-0.614336000135655,0.027389903329753,0.0719656283566058
"5832","250125b","Action_63","Morph_135","YO","Affiliation","Touch","Touch.4","Bossou",0.212689093410351,0.00483351235230934,0.0429645542427497
"5833","250152","Action_63","Morph_132","FANLE","Stopbehaviour","Touch","Touch.1","Bossou",0.173112617708645,0.00859291084854995,0.0429645542427497
"5834","250224a","Action_39","Morph_82","VUAVUA","Sexualattention","Presentgenitalsbackwards","PresentGenitals.1","Bossou",1.45371933743468,0.0354457572502685,0.0290010741138561
"5835","250227","Action_2","Morph_4","PELEY","Givemenurse","Bigloudscratch","BigLoudScratch.2","Bossou",-0.23572233352107,0.0150375939849624,0.0241675617615467
"5836","250227","Action_2","Morph_4","PELEY","Givemenurse","Bigloudscratch","BigLoudScratch.2","Bossou",0.770108221696074,0.0150375939849624,0.0241675617615467
"5837","250227","Action_2","Morph_4","PELEY","Givemenurse","Bigloudscratch","BigLoudScratch.2","Bossou",0.581656804526582,0.0150375939849624,0.0241675617615467
"5838","250227","Action_2","Morph_4","PELEY","Givemenurse","Bigloudscratch","BigLoudScratch.2","Bossou",0.760338430100268,0.0150375939849624,0.0241675617615467
"5839","250211a","Action_13","Morph_28","TUA","Moveaway","Fling","Fling.2","Bossou",-0.556869562267398,0.0209452201933405,0.0773361976369495
"5840","250211a","Action_13","Morph_28","TUA","Moveaway","Fling","Fling.2","Bossou",-1.41881755282545,0.0209452201933405,0.0773361976369495
"5841","250182","Action_2","Morph_4","TUA","Groom","Bigloudscratch","BigLoudScratch.2","Bossou",1.78154076903372,0.0150375939849624,0.0241675617615467
"5842","250182","Action_2","Morph_4","TUA","Groom","Bigloudscratch","BigLoudScratch.2","Bossou",1.82454929205105,0.0150375939849624,0.0241675617615467
"5843","250182","Action_38","Morph_75","TUA","Groom","Present","Present.1","Bossou",0.829861003875767,0.0150375939849624,0.0596133190118153
"5844","250180","Action_4","Morph_13","JEJE","Groom","Bitekiss","Bite.5","Bossou",0.653886466606643,0.0075187969924812,0.0306122448979592
"5845","250176","Action_45","Morph_101","FANLE","Giveme","Reach","Reach.2","Bossou",-0.121038328377056,0.027389903329753,0.0719656283566058
"5846","250177","Action_29","Morph_58","YOLO","Play","Locomotegallop","LocomoteGallop.1","Bossou",0.699129252237493,0.0134264232008593,0.0134264232008593
"5847","250177","Action_48","Morph_104","YOLO","Play","Rollover","RollOver.1","Bossou",1.65937028118231,0.00429645542427497,0.00429645542427497
"5848","250211b","Action_13","Morph_28","JEJE","Moveaway","Fling","Fling.2","Bossou",-0.975510091534126,0.0209452201933405,0.0773361976369495
"5849","250211b","Action_35","Morph_70","JEJE","Moveaway","Out","Out.1","Bossou",-0.713349887877465,0.0102040816326531,0.0150375939849624
"5850","250168","Action_63","Morph_140","YO","Moveaway","Touch","Touch.9","Bossou",-0.355247391947547,0.00698174006444683,0.0429645542427497
"5851","250173","Action_12","Morph_26","FANLE","Affiliation","Fingermouth","FingerMouth.1","Bossou",2.07994141672149,0.00429645542427497,0.00429645542427497
"5852","250184a","Action_2","Morph_4","TUA","Groom","Bigloudscratch","BigLoudScratch.2","Bossou",1.46464332753087,0.0150375939849624,0.0241675617615467
"5853","250184a","Action_2","Morph_4","TUA","Groom","Bigloudscratch","BigLoudScratch.2","Bossou",0.301584977620772,0.0150375939849624,0.0241675617615467
"5854","250184a","Action_2","Morph_3","TUA","Groom","Bigloudscratch","BigLoudScratch.1","Bossou",0.640273690952877,0.00322234156820623,0.0241675617615467
"5855","250184a","Action_2","Morph_3","TUA","Groom","Bigloudscratch","BigLoudScratch.1","Bossou",1.06746555967127,0.00322234156820623,0.0241675617615467
"5856","250184a","Action_2","Morph_3","TUA","Groom","Bigloudscratch","BigLoudScratch.1","Bossou",1.48568710499793,0.00322234156820623,0.0241675617615467
"5857","250184a","Action_2","Morph_4","TUA","Groom","Bigloudscratch","BigLoudScratch.2","Bossou",1.27982211660937,0.0150375939849624,0.0241675617615467
"5858","250184a","Action_2","Morph_4","TUA","Groom","Bigloudscratch","BigLoudScratch.2","Bossou",2.27716471564713,0.0150375939849624,0.0241675617615467
"5859","250184a","Action_2","Morph_4","TUA","Groom","Bigloudscratch","BigLoudScratch.2","Bossou",0.743840294875463,0.0150375939849624,0.0241675617615467
"5860","250184a","Action_2","Morph_4","TUA","Groom","Bigloudscratch","BigLoudScratch.2","Bossou",1.75006904217385,0.0150375939849624,0.0241675617615467
"5861","250184a","Action_2","Morph_4","TUA","Groom","Bigloudscratch","BigLoudScratch.2","Bossou",0.982452934127824,0.0150375939849624,0.0241675617615467
"5862","250184a","Action_2","Morph_6","TUA","Groom","Bigloudscratch","BigLoudScratch.4","Bossou",1.47017584510059,0.00322234156820623,0.0241675617615467
"5863","250225a","Action_39","Morph_82","PELEY","Sexualattention","Presentgenitalsbackwards","PresentGenitals.1","Bossou",0.163818085229395,0.0354457572502685,0.0290010741138561
"5864","250238","Action_5","Morph_17","FOKAIYE","Play","Bounce","Bounce.1","Bossou",-0.0377018671840115,0.0204081632653061,0.0204081632653061
"5865","250238","Action_28","Morph_56","FOKAIYE","Play","Locomotebipedal","LocomoteBipedal.1","Bossou",0.131905070879939,0.0112781954887218,0.0155746509129968
"5866","250238","Action_57","Morph_115","FOKAIYE","Play","Stompobject","StompObject.1","Bossou",-1.14885350510486,0.0150375939849624,0.0236305048335124
"5867","250184b","Action_2","Morph_4","YOLO","Groom","Bigloudscratch","BigLoudScratch.2","Bossou",0.609765571620894,0.0150375939849624,0.0241675617615467
"5868","250225a","Action_43","Morph_96","PELEY","Sexualattention","Raise","Raise.1","Bossou",0.0925791812930932,0.0268528464017186,0.0349087003222342
"5869","250225a","Action_43","Morph_96","PELEY","Sexualattention","Raise","Raise.1","Bossou",0.819779831493311,0.0268528464017186,0.0349087003222342
"5870","250156","Action_39","Morph_82","FANA","Groom","Presentgenitalsbackwards","PresentGenitals.1","Bossou",0.770108221696074,0.0354457572502685,0.0290010741138561
"5871","250183a","Action_45","Morph_101","TUA","Groom","Reach","Reach.2","Bossou",-0.616186139423817,0.027389903329753,0.0719656283566058
"5872","250198","Action_17","Morph_39","JEJE","Play","Hitobject","HitObject.1","Bossou",-0.325730140089311,0.0327604726100967,0.0408163265306122
"5873","250198","Action_8","Morph_19","JEJE","Play","Dangle","Dangle.1","Bossou",0.884180677955921,0.0257787325456498,0.0257787325456498
"5874","250155b","Action_54","Morph_114","FANLE","Affiliation","Stancebipedal","StanceBipedal.1","Bossou",1.065400154462,0.0171858216970999,0.0171858216970999
"5875","250240","Action_28","Morph_56","PELEY","Sexualattention","Locomotebipedal","LocomoteBipedal.1","Bossou",0.809150856316251,0.0112781954887218,0.0155746509129968
"5876","250240","Action_43","Morph_96","PELEY","Sexualattention","Raise","Raise.1","Bossou",0.254642218373581,0.0268528464017186,0.0349087003222342
"5877","250199","Action_28","Morph_56","YOLO","Affiliation","Locomotebipedal","LocomoteBipedal.1","Bossou",1.85754720976606,0.0112781954887218,0.0155746509129968
"5878","250199","Action_60","Morph_127","YOLO","Affiliation","Swing","Swing.1","Bossou",0.464991087422191,0.0306122448979592,0.0370569280343716
"5879","250231b","Action_23","Morph_48","FANLE","Takeobject","Hittingother","HitOther.4","Bossou",0.114221144090023,0.00429645542427497,0.00483351235230934
"5880","250231b","Action_45","Morph_101","FANLE","Takeobject","Reach","Reach.2","Bossou",-0.750776293396582,0.027389903329753,0.0719656283566058
"5881","250231b","Action_20","Morph_45","FANLE","Takeobject","Hitother","HitOther.1","Bossou",-0.721546655081643,0.0263157894736842,0.0402792696025779
"5882","250231b","Action_42","Morph_90","FANLE","Takeobject","Push","Push.3","Bossou",-0.0491902441907718,0.0134264232008593,0.0596133190118153
"5883","250231b","Action_28","Morph_56","FANLE","Takeobject","Locomotebipedal","LocomoteBipedal.1","Bossou",0.049742091894814,0.0112781954887218,0.0155746509129968
"5884","250210","Action_28","Morph_56","FOAF","Affiliation","Locomotebipedal","LocomoteBipedal.1","Bossou",0.109750863959119,0.0112781954887218,0.0155746509129968
"5885","250210","Action_29","Morph_58","FOAF","Affiliation","Locomotegallop","LocomoteGallop.1","Bossou",0.322807874427155,0.0134264232008593,0.0134264232008593
"5886","250183b","Action_39","Morph_82","YO","Groom","Presentgenitalsbackwards","PresentGenitals.1","Bossou",0.642905964123199,0.0354457572502685,0.0290010741138561
"5887","250209","Action_41","Morph_86","VUAVUA","Climbonme","Pull","Pull.3","Bossou",0.740507751919783,0.00698174006444683,0.0177228786251343
"5888","250209","Action_41","Morph_86","VUAVUA","Climbonme","Pull","Pull.3","Bossou",-0.898942093539542,0.00698174006444683,0.0177228786251343
"5889","250209","Action_41","Morph_85","VUAVUA","Climbonme","Pull","Pull.2","Bossou",-0.198450938723838,0.00322234156820623,0.0177228786251343
"5890","250155a","Action_36","Morph_72","FANA","Affiliation","Overstance","OverStance.1","Bossou",0.222343231143441,0.00698174006444683,0.0134264232008593
"5891","250187a","Action_29","Morph_58","JEJE","Affiliation","Locomotegallop","LocomoteGallop.1","Bossou",0.0148886124937506,0.0134264232008593,0.0134264232008593
"5892","250217","Action_13","Morph_28","TUA","Moveaway","Fling","Fling.2","Bossou",-0.729811164931537,0.0209452201933405,0.0773361976369495
"5893","250216a","Action_13","Morph_28","JIRE","Stopbehaviour","Fling","Fling.2","Bossou",-0.298406035814757,0.0209452201933405,0.0773361976369495
"5894","250201a","Action_8","Morph_19","JEJE","Play","Dangle","Dangle.1","Bossou",-0.0366639843715915,0.0257787325456498,0.0257787325456498
"5895","250201a","Action_57","Morph_119","JEJE","Play","Stompobject","StompObject.5","Bossou",-0.570929547835696,0.00322234156820623,0.0236305048335124
"5896","250201a","Action_9","Morph_20","JEJE","Play","Dangleshake","DangleShake.1","Bossou",-0.213193220461042,0.00268528464017186,0.00268528464017186
"5897","250201a","Action_28","Morph_56","JEJE","Play","Locomotebipedal","LocomoteBipedal.1","Bossou",-0.0470916075338506,0.0112781954887218,0.0155746509129968
"5898","250201a","Action_60","Morph_127","JEJE","Play","Swing","Swing.1","Bossou",0.109750863959119,0.0306122448979592,0.0370569280343716
"5899","250230a","Action_20","Morph_45","JIRE","Stopbehaviour","Hitother","HitOther.1","Bossou",-0.342490308946776,0.0263157894736842,0.0402792696025779
"5900","250201b","Action_13","Morph_28","FANLE","Play","Fling","Fling.2","Bossou",-1.22077992264232,0.0209452201933405,0.0773361976369495
"5901","250201b","Action_54","Morph_114","FANLE","Play","Stancebipedal","StanceBipedal.1","Bossou",-0.158995731490458,0.0171858216970999,0.0171858216970999
"5902","250154b","Action_42","Morph_88","YOLO","Moveaway","Push","Push.1","Bossou",0.132781111233818,0.0128893662728249,0.0596133190118153
"5903","250188","Action_39","Morph_82","FANA","Affiliation","Presentgenitalsbackwards","PresentGenitals.1","Bossou",0.623261053095779,0.0354457572502685,0.0290010741138561
"5904","250219","Action_12","Morph_26","FANA","Affiliation","Fingermouth","FingerMouth.1","Bossou",1.3415584672785,0.00429645542427497,0.00429645542427497
"5905","250215","Action_13","Morph_27","JIRE","Moveaway","Fling","Fling.1","Bossou",-0.29169009384932,0.056390977443609,0.0773361976369495
"5906","250229a","Action_14","Morph_31","JEJE","Play","Grab","Grab.3","Bossou",-1.05555279920766,0.00805585392051558,0.023093447905478
"5907","250229a","Action_45","Morph_101","JEJE","Play","Reach","Reach.2","Bossou",-0.936493439191674,0.027389903329753,0.0719656283566058
"5908","250202b","Action_35","Morph_70","JEJE","Stopbehaviour","Out","Out.1","Bossou",-0.729811164931537,0.0102040816326531,0.0150375939849624
"5909","250229b","Action_35","Morph_70","FANLE","Play","Out","Out.1","Bossou",-1.22077992264232,0.0102040816326531,0.0150375939849624
"5910","250229b","Action_50","Morph_108","FANLE","Play","Shake","Shake.2","Bossou",-0.476424197048658,0.00214822771213749,0.0343716433941998
"5911","250229b","Action_60","Morph_127","FANLE","Play","Swing","Swing.1","Bossou",-1.50058350752202,0.0306122448979592,0.0370569280343716
"5912","250229b","Action_28","Morph_56","FANLE","Play","Locomotebipedal","LocomoteBipedal.1","Bossou",-0.116533816255952,0.0112781954887218,0.0155746509129968
"5913","250202a","Action_21","Morph_43","FANLE","Playcontinue","Hittingobject","HitObject.5","Bossou",0.581656804526582,0.00537056928034372,0.0118152524167562
"5914","250202a","Action_17","Morph_39","FANLE","Playcontinue","Hitobject","HitObject.1","Bossou",-0.151986356997882,0.0327604726100967,0.0408163265306122
"5915","250202a","Action_17","Morph_41","FANLE","Playcontinue","Hitobject","HitObject.3","Bossou",-0.685179010910768,0.00537056928034372,0.0408163265306122
"5916","250202a","Action_17","Morph_41","FANLE","Playcontinue","Hitobject","HitObject.3","Bossou",-0.740238788093796,0.00537056928034372,0.0408163265306122
"5917","250207","Action_54","Morph_114","YOLO","Moveaway","Stancebipedal","StanceBipedal.1","Bossou",0.227135572583747,0.0171858216970999,0.0171858216970999
"5918","250193","Action_42","Morph_93","FANLE","Play","Push","Push.6","Bossou",-0.198450938723838,0.00805585392051558,0.0596133190118153
"5919","250193","Action_20","Morph_45","FANLE","Play","Hitother","HitOther.1","Bossou",-0.310609577095486,0.0263157894736842,0.0402792696025779
"5920","250193","Action_20","Morph_49","FANLE","Play","Hitother","HitOther.5","Bossou",-0.426178149705706,0.00268528464017186,0.0402792696025779
"5921","250206","Action_39","Morph_82","JIRE","Groom","Presentgenitalsbackwards","PresentGenitals.1","Bossou",0.910272659548592,0.0354457572502685,0.0290010741138561
"5922","250194","Action_38","Morph_81","FOTAIU","Groom","Present","Present.7","Bossou",1.70765295993106,0.00214822771213749,0.0596133190118153
"5923","250214b","Action_13","Morph_28","JIRE","Stopbehaviour","Fling","Fling.2","Bossou",-0.693147180559945,0.0209452201933405,0.0773361976369495
"5924","250214b","Action_17","Morph_39","JIRE","Stopbehaviour","Hitobject","HitObject.1","Bossou",0.137149838147234,0.0327604726100967,0.0408163265306122
"5925","250214b","Action_13","Morph_28","JIRE","Stopbehaviour","Fling","Fling.2","Bossou",-0.309246250367621,0.0209452201933405,0.0773361976369495
"5926","250195a","Action_8","Morph_19","FANA","Play","Dangle","Dangle.1","Bossou",0.556181325486788,0.0257787325456498,0.0257787325456498
"5927","250195a","Action_8","Morph_19","FANA","Play","Dangle","Dangle.1","Bossou",1.34937100701529,0.0257787325456498,0.0257787325456498
"5928","250195a","Action_45","Morph_101","FANA","Play","Reach","Reach.2","Bossou",0.396087946295567,0.027389903329753,0.0719656283566058
"5929","250226a","Action_24","Morph_51","PELEY","Affiliation","Jump","Jump.1","Bossou",-0.0629397997738742,0.0128893662728249,0.0128893662728249
"5930","250226a","Action_8","Morph_19","PELEY","Affiliation","Dangle","Dangle.1","Bossou",-0.921303273697699,0.0257787325456498,0.0257787325456498
"5931","250226a","Action_29","Morph_58","PELEY","Affiliation","Locomotegallop","LocomoteGallop.1","Bossou",0.391366183728663,0.0134264232008593,0.0134264232008593
"5932","250226a","Action_60","Morph_127","PELEY","Affiliation","Swing","Swing.1","Bossou",-0.366725279792234,0.0306122448979592,0.0370569280343716
"5933","250228a","Action_43","Morph_96","PELEY","Sexualattention","Raise","Raise.1","Bossou",1.26947960652806,0.0268528464017186,0.0349087003222342
"5934","250228a","Action_63","Morph_135","PELEY","Sexualattention","Touch","Touch.4","Bossou",-0.0408219945202552,0.00483351235230934,0.0429645542427497
"5935","250236","Action_28","Morph_56","FOKAIYE","Stopbehaviour","Locomotebipedal","LocomoteBipedal.1","Bossou",0.662687973075237,0.0112781954887218,0.0155746509129968
"5936","250236","Action_35","Morph_71","FOKAIYE","Stopbehaviour","Out","Out.2","Bossou",-0.951917909517306,0.00429645542427497,0.0150375939849624
"5937","250236","Action_20","Morph_45","FOKAIYE","Stopbehaviour","Hitother","HitOther.1","Bossou",-0.933945667112876,0.0263157894736842,0.0402792696025779
"5938","250218a","Action_63","Morph_133","FOKAIYE","Climbonyou","Touch","Touch.2","Bossou",0.0852598439508234,0.00805585392051558,0.0429645542427497
"5939","250166","Action_63","Morph_138","YO","Affiliation","Touch","Touch.7","Bossou",0.475612868010246,0.0107411385606874,0.0429645542427497
"5940","250195b","Action_20","Morph_45","JEJE","Play","Hitother","HitOther.1","Bossou",-0.432322562278047,0.0263157894736842,0.0402792696025779
"5941","250226b","Action_63","Morph_134","VELU","Affiliation","Touch","Touch.3","Bossou",-0.59783700075562,0.00698174006444683,0.0429645542427497
"5942","250213b","Action_42","Morph_91","FOTAIU","Stopbehaviour","Push","Push.4","Bossou",0.0760346862759976,0.00805585392051558,0.0596133190118153
"5943","250164","Action_54","Morph_114","FANA","Affiliation","Stancebipedal","StanceBipedal.1","Bossou",0.82329786502499,0.0171858216970999,0.0171858216970999
"5944","250164","Action_5","Morph_17","FANA","Affiliation","Bounce","Bounce.1","Bossou",-0.027371196796132,0.0204081632653061,0.0204081632653061
"5945","250164","Action_36","Morph_72","FANA","Affiliation","Overstance","OverStance.1","Bossou",-0.481266821524446,0.00698174006444683,0.0134264232008593
"5946","250228b","Action_39","Morph_82","VUAVUA","Sexualattention","Presentgenitalsbackwards","PresentGenitals.1","Bossou",0.335757695683344,0.0354457572502685,0.0290010741138561
"5947","250204b","Action_31","Morph_59","FANLE","Moveaway","Lunge","Lunge.1","Bossou",0.244513577050402,0.00214822771213749,0.00214822771213749
"5948","250235","Action_28","Morph_56","FOKAIYE","Play","Locomotebipedal","LocomoteBipedal.1","Bossou",0.322083499169113,0.0112781954887218,0.0155746509129968
"5949","250235","Action_20","Morph_45","FOKAIYE","Play","Hitother","HitOther.1","Bossou",-0.767870726755882,0.0263157894736842,0.0402792696025779
"5950","250151b","Action_64","Morph_133","FANLE","Affiliation","Touchlongother","Touch.2","Bossou",1.13879407830094,0.00805585392051558,0.0112781954887218
"5951","250234","Action_13","Morph_28","FOTAIU","Moveaway","Fling","Fling.2","Bossou",-0.585190039054853,0.0209452201933405,0.0773361976369495
"5952","250218b","Action_38","Morph_78","FOTAIU","Climbonme","Present","Present.4","Bossou",-0.151986356997882,0.00214822771213749,0.0596133190118153
"5953","250165","Action_12","Morph_26","FANA","Support","Fingermouth","FingerMouth.1","Bossou",1.65994089460721,0.00429645542427497,0.00429645542427497
"5954","250223","Action_39","Morph_82","VELU","Sexualattention","Presentgenitalsbackwards","PresentGenitals.1","Bossou",0.897311765276352,0.0354457572502685,0.0290010741138561
"5955","250222","Action_39","Morph_82","VUAVUA","Sexualattention","Presentgenitalsbackwards","PresentGenitals.1","Bossou",1.13526560631615,0.0354457572502685,0.0290010741138561
"5956","250205b","Action_38","Morph_77","FOTAIU","Climbonme","Present","Present.3","Bossou",0.70408712059828,0.0166487647690655,0.0596133190118153
"5957","250212b","Action_42","Morph_91","FOKAIYE","Stopbehaviour","Push","Push.4","Bossou",-0.205794912979597,0.00805585392051558,0.0596133190118153
"5958","250212b","Action_42","Morph_90","FOKAIYE","Stopbehaviour","Push","Push.3","Bossou",-0.316081546973479,0.0134264232008593,0.0596133190118153
"5959","250212b","Action_42","Morph_90","FOKAIYE","Stopbehaviour","Push","Push.3","Bossou",-0.636766847123838,0.0134264232008593,0.0596133190118153
"5960","250212b","Action_14","Morph_33","FOKAIYE","Stopbehaviour","Grab","Grab.5","Bossou",-0.980829253011726,0.00537056928034372,0.023093447905478
"5961","250212b","Action_13","Morph_27","FOKAIYE","Stopbehaviour","Fling","Fling.1","Bossou",-0.994252273343867,0.056390977443609,0.0773361976369495
"5962","250233","Action_13","Morph_28","FOTAIU","Moveaway","Fling","Fling.2","Bossou",-0.105360515657826,0.0209452201933405,0.0773361976369495
"5963","250220","Action_35","Morph_70","TUA","Moveaway","Out","Out.1","Bossou",-1.06711362160874,0.0102040816326531,0.0150375939849624
"5964","250220","Action_31","Morph_59","TUA","Moveaway","Lunge","Lunge.1","Bossou",-1.69826912614072,0.00214822771213749,0.00214822771213749
"5965","250205a","Action_28","Morph_56","FOKAIYE","Climbonyou","Locomotebipedal","LocomoteBipedal.1","Bossou",0.698632110790515,0.0112781954887218,0.0155746509129968
"5966","250205a","Action_43","Morph_98","FOKAIYE","Climbonyou","Raise","Raise.3","Bossou",-0.20089294237939,0.00590762620837809,0.0349087003222342
"5967","250179","Action_45","Morph_101","YO","Affiliation","Reach","Reach.2","Bossou",0.638690994763886,0.027389903329753,0.0719656283566058
"5968","250232","Action_33","Morph_62","FOKAIYE","Moveclose","Objectmove","ObjectMove.2","Bossou",0.634988266386413,0.0123523093447905,0.0349087003222342
"5969","250232","Action_55","Morph_116","FOKAIYE","Moveclose","Stompingobject","StompObject.2","Bossou",1.40118297361364,0.00912996777658432,0.0150375939849624
"5970","250232","Action_5","Morph_17","FOKAIYE","Moveclose","Bounce","Bounce.1","Bossou",0.827240915040644,0.0204081632653061,0.0204081632653061
"5971","280187a","Action_8","Morph_19","FOTAIU","Play","Dangle","Dangle.1","Bossou",1.45605360553474,0.0257787325456498,0.0257787325456498
"5972","280187a","Action_14","Morph_33","FOTAIU","Play","Grab","Grab.5","Bossou",-0.234457311214483,0.00537056928034372,0.023093447905478
"5973","280168","Action_38","Morph_79","YO","Groom","Present","Present.5","Bossou",1.93412671051498,0.0134264232008593,0.0596133190118153
"5974","280335","Action_42","Morph_90","KAI","Position","Push","Push.3","Bossou",0.676001021724975,0.0134264232008593,0.0596133190118153
"5975","280647","Action_13","Morph_28","FOTAIU","Moveaway","Fling","Fling.2","Bossou",-0.510825623765991,0.0209452201933405,0.0773361976369495
"5976","280647","Action_13","Morph_27","FOTAIU","Moveaway","Fling","Fling.1","Bossou",-0.22314355131421,0.056390977443609,0.0773361976369495
"5977","280647","Action_17","Morph_39","FOTAIU","Moveaway","Hitobject","HitObject.1","Bossou",-0.404965233066513,0.0327604726100967,0.0408163265306122
"5978","280653","Action_60","Morph_127","PELEY","Playcontinue","Swing","Swing.1","Bossou",0.0657877405380032,0.0306122448979592,0.0370569280343716
"5979","280623a","Action_62","Morph_131","FANWA","Play","Throwthreat","ThrowThreat.1","Bossou",-0.18152187662339,0.0193340494092374,0.0193340494092374
"5980","280623a","Action_62","Morph_131","FANWA","Play","Throwthreat","ThrowThreat.1","Bossou",-0.455706324544911,0.0193340494092374,0.0193340494092374
"5981","280590","Action_38","Morph_75","FOTAIU","Climbonme","Present","Present.1","Bossou",1.01269122616047,0.0150375939849624,0.0596133190118153
"5982","280602","Action_42","Morph_91","JIRE","Moveaway","Push","Push.4","Bossou",0.501986675098786,0.00805585392051558,0.0596133190118153
"5983","280317a","Action_63","Morph_138","VUI","Affiliation","Touch","Touch.7","Bossou",0.487966329619908,0.0107411385606874,0.0429645542427497
"5984","280317a","Action_4","Morph_10","VUI","Affiliation","Bitekiss","Bite.2","Bossou",0.12751332029896,0.0128893662728249,0.0306122448979592
"5985","280376","Action_34","Morph_65","FOAF","Play","Objectshake","ObjectShake.1","Bossou",0.46436274935565,0.00966702470461869,0.014500537056928
"5986","280376","Action_45","Morph_100","FOAF","Play","Reach","Reach.1","Bossou",1.33710411692912,0.0435016111707841,0.0719656283566058
"5987","280274b","Action_39","Morph_82","YO","Sociosexualattention","Presentgenitalsbackwards","PresentGenitals.1","Bossou",0.613562701217103,0.0354457572502685,0.0290010741138561
"5988","280012a","Action_43","Morph_96","FOKAIYE","Stopbehaviour","Raise","Raise.1","Bossou",0.313349819200359,0.0268528464017186,0.0349087003222342
"5989","280012a","Action_43","Morph_96","FOKAIYE","Stopbehaviour","Raise","Raise.1","Bossou",-0.309246250367621,0.0268528464017186,0.0349087003222342
"5990","280478b","Action_45","Morph_100","YOLO","Play","Reach","Reach.1","Bossou",0.155292884406035,0.0435016111707841,0.0719656283566058
"5991","280281a","Action_60","Morph_129","NINA","Affiliation","Swing","Swing.3","Bossou",-0.0171461588349705,0.00214822771213749,0.0370569280343716
"5992","280496","Action_34","Morph_65","NA_chimp","Sexualattention","Objectshake","ObjectShake.1","Bossou",0.0806579030174545,0.00966702470461869,0.014500537056928
"5993","280496","Action_33","Morph_61","NA_chimp","Sexualattention","Objectmove","ObjectMove.1","Bossou",0.276115436080316,0.0193340494092374,0.0349087003222342
"5994","280496","Action_34","Morph_66","NA_chimp","Sexualattention","Objectshake","ObjectShake.2","Bossou",1.1999647829284,0.00322234156820623,0.014500537056928
"5995","280395a","Action_39","Morph_82","JIRE","Support","Presentgenitalsbackwards","PresentGenitals.1","Bossou",1.15625206811452,0.0354457572502685,0.0290010741138561
"5996","280145b","Action_45","Morph_100","JEJE","Playcontinue","Reach","Reach.1","Bossou",0.317726193800158,0.0435016111707841,0.0719656283566058
"5997","280145b","Action_14","Morph_30","JEJE","Playcontinue","Grab","Grab.2","Bossou",0.476234178996372,0.00429645542427497,0.023093447905478
"5998","280145b","Action_63","Morph_134","JEJE","Playcontinue","Touch","Touch.3","Bossou",-0.519193873436507,0.00698174006444683,0.0429645542427497
"5999","280069","Action_42","Morph_93","JIRE","Position","Push","Push.6","Bossou",-0.403467105445491,0.00805585392051558,0.0596133190118153
"6000","280507","Action_45","Morph_100","FANA","Affiliation","Reach","Reach.1","Bossou",0.512224644679698,0.0435016111707841,0.0719656283566058
"6001","280507","Action_15","Morph_36","FANA","Affiliation","Grabhold","GrabHold.2","Bossou",1.96585282256697,0.00161117078410311,0.0037593984962406
"6002","280102b","Action_3","Morph_15","TUA","Affiliation","Bite","Bite.7","Bossou",0.593326845277734,0.0037593984962406,0.00644468313641246
"6003","280102b","Action_3","Morph_15","TUA","Affiliation","Bite","Bite.7","Bossou",0.484892241739486,0.0037593984962406,0.00644468313641246
"6004","280102b","Action_3","Morph_15","TUA","Affiliation","Bite","Bite.7","Bossou",0.307484699747961,0.0037593984962406,0.00644468313641246
"6005","280102b","Action_3","Morph_15","TUA","Affiliation","Bite","Bite.7","Bossou",-0.683196849706777,0.0037593984962406,0.00644468313641246
"6006","280102b","Action_4","Morph_10","TUA","Affiliation","Bitekiss","Bite.2","Bossou",2.44460535301447,0.0128893662728249,0.0306122448979592
"6007","280413","Action_38","Morph_80","PAMA","Directattention","Present","Present.6","Bossou",1.54756250871601,0.00322234156820623,0.0596133190118153
"6008","280030a","Action_33","Morph_61","PELEY","Play","Objectmove","ObjectMove.1","Bossou",0.862467925176648,0.0193340494092374,0.0349087003222342
"6009","280030a","Action_43","Morph_96","PELEY","Play","Raise","Raise.1","Bossou",-0.355247391947547,0.0268528464017186,0.0349087003222342
"6010","280030a","Action_14","Morph_31","PELEY","Play","Grab","Grab.3","Bossou",-0.404965233066513,0.00805585392051558,0.023093447905478
"6011","280030a","Action_28","Morph_56","PELEY","Play","Locomotebipedal","LocomoteBipedal.1","Bossou",-0.404965233066513,0.0112781954887218,0.0155746509129968
"6012","280030a","Action_14","Morph_29","PELEY","Play","Grab","Grab.1","Bossou",-0.75928698306449,0.0037593984962406,0.023093447905478
"6013","280030a","Action_21","Morph_42","PELEY","Play","Hittingobject","HitObject.4","Bossou",-0.355247391947547,0.00590762620837809,0.0118152524167562
"6014","280030a","Action_20","Morph_45","PELEY","Play","Hitother","HitOther.1","Bossou",-0.916290731874155,0.0263157894736842,0.0402792696025779
"6015","280146a","Action_8","Morph_19","FANLE","Play","Dangle","Dangle.1","Bossou",1.83545732449377,0.0257787325456498,0.0257787325456498
"6016","280146a","Action_8","Morph_19","FANLE","Play","Dangle","Dangle.1","Bossou",0.965842510703403,0.0257787325456498,0.0257787325456498
"6017","280146a","Action_17","Morph_39","FANLE","Play","Hitobject","HitObject.1","Bossou",-1.14256417619729,0.0327604726100967,0.0408163265306122
"6018","280146a","Action_24","Morph_51","FANLE","Play","Jump","Jump.1","Bossou",0.212689093410351,0.0128893662728249,0.0128893662728249
"6019","280146a","Action_17","Morph_39","FANLE","Play","Hitobject","HitObject.1","Bossou",-0.489390343045926,0.0327604726100967,0.0408163265306122
"6020","280146a","Action_57","Morph_118","FANLE","Play","Stompobject","StompObject.4","Bossou",-1.18417017702976,0.00429645542427497,0.0236305048335124
"6021","280146a","Action_17","Morph_39","FANLE","Play","Hitobject","HitObject.1","Bossou",-1.46533756846034,0.0327604726100967,0.0408163265306122
"6022","280146a","Action_17","Morph_39","FANLE","Play","Hitobject","HitObject.1","Bossou",-0.576253429088446,0.0327604726100967,0.0408163265306122
"6023","280146a","Action_17","Morph_39","FANLE","Play","Hitobject","HitObject.1","Bossou",-0.776528789498996,0.0327604726100967,0.0408163265306122
"6024","280146a","Action_17","Morph_39","FANLE","Play","Hitobject","HitObject.1","Bossou",-1.13943428318836,0.0327604726100967,0.0408163265306122
"6025","280519b","Action_13","Morph_27","JIRE","Stopbehaviour","Fling","Fling.1","Bossou",-0.265268477614881,0.056390977443609,0.0773361976369495
"6026","280492b","Action_28","Morph_56","VUAVUA","Play","Locomotebipedal","LocomoteBipedal.1","Bossou",0.168898536461814,0.0112781954887218,0.0155746509129968
"6027","280492b","Action_43","Morph_96","VUAVUA","Play","Raise","Raise.1","Bossou",-0.331285709933913,0.0268528464017186,0.0349087003222342
"6028","280497","Action_40","Morph_82","NA_chimp","Sexualattention","Presentgenitalsforwards","PresentGenitals.1","Bossou",0.774266231844737,0.0354457572502685,0.00859291084854995
"6029","280497","Action_33","Morph_62","NA_chimp","Sexualattention","Objectmove","ObjectMove.2","Bossou",0.541160823562064,0.0123523093447905,0.0349087003222342
"6030","280488a","Action_4","Morph_10","PAMA","Affiliation","Bitekiss","Bite.2","Bossou",1.79275896956114,0.0128893662728249,0.0306122448979592
"6031","280599","Action_45","Morph_101","JEJE","Giveme","Reach","Reach.2","Bossou",1.00026416565033,0.027389903329753,0.0719656283566058
"6032","280255b","Action_38","Morph_79","YOLO","Affiliation","Present","Present.5","Bossou",1.24126858906963,0.0134264232008593,0.0596133190118153
"6033","280224b","Action_43","Morph_96","NA_chimp","Stopbehaviour","Raise","Raise.1","Bossou",-0.562118918153541,0.0268528464017186,0.0349087003222342
"6034","280260","Action_21","Morph_44","FOAF","Sexualattention","Hittingobject","HitObject.6","Bossou",1.09594206011223,0.00161117078410311,0.0118152524167562
"6035","280260","Action_40","Morph_82","FOAF","Sexualattention","Presentgenitalsforwards","PresentGenitals.1","Bossou",1.00283533327434,0.0354457572502685,0.00859291084854995
"6036","280603","Action_42","Morph_92","JIRE","Moveaway","Push","Push.5","Bossou",-0.0325231917055601,0.00644468313641246,0.0596133190118153
"6037","280591","Action_40","Morph_82","FOAF","Sexualattention","Presentgenitalsforwards","PresentGenitals.1","Bossou",1.4634868569498,0.0354457572502685,0.00859291084854995
"6038","280652","Action_20","Morph_45","FOTAIU","Stopbehaviour","Hitother","HitOther.1","Bossou",-0.356674943938732,0.0263157894736842,0.0402792696025779
"6039","280440","Action_13","Morph_27","TUA","Moveaway","Fling","Fling.1","Bossou",-0.796287939479459,0.056390977443609,0.0773361976369495
"6040","280169","Action_38","Morph_77","YO","Directattention","Present","Present.3","Bossou",1.49626921432846,0.0166487647690655,0.0596133190118153
"6041","280559","Action_13","Morph_27","JIRE","Moveaway","Fling","Fling.1","Bossou",-0.691149177897272,0.056390977443609,0.0773361976369495
"6042","280554","Action_48","Morph_104","YOLO","Play","Rollover","RollOver.1","Bossou",0.969262616640261,0.00429645542427497,0.00429645542427497
"6043","280187b","Action_45","Morph_100","NINA","Play","Reach","Reach.1","Bossou",1.56171717622269,0.0435016111707841,0.0719656283566058
"6044","280442","Action_38","Morph_78","YO","Directattention","Present","Present.4","Bossou",1.27731619855015,0.00214822771213749,0.0596133190118153
"6045","280336","Action_38","Morph_76","KAI","Groom","Present","Present.2","Bossou",1.57381073479095,0.00590762620837809,0.0596133190118153
"6046","280623b","Action_13","Morph_27","VELU","Moveaway","Fling","Fling.1","Bossou",-0.627359440021942,0.056390977443609,0.0773361976369495
"6047","280623b","Action_13","Morph_27","VELU","Moveaway","Fling","Fling.1","Bossou",-0.913793851675568,0.056390977443609,0.0773361976369495
"6048","280601","Action_42","Morph_92","JIRE","Stopbehaviour","Push","Push.5","Bossou",-0.3078847797693,0.00644468313641246,0.0596133190118153
"6049","280317b","Action_4","Morph_10","YO","Affiliation","Bitekiss","Bite.2","Bossou",0.472500509444323,0.0128893662728249,0.0306122448979592
"6050","280281b","Action_34","Morph_65","VUI","Affiliation","Objectshake","ObjectShake.1","Bossou",1.10160779764791,0.00966702470461869,0.014500537056928
"6051","280281b","Action_50","Morph_107","VUI","Affiliation","Shake","Shake.1","Bossou",0.194744076792512,0.0139634801288937,0.0343716433941998
"6052","280281b","Action_5","Morph_17","VUI","Affiliation","Bounce","Bounce.1","Bossou",-0.699165252885508,0.0204081632653061,0.0204081632653061
"6053","280281b","Action_36","Morph_72","VUI","Affiliation","Overstance","OverStance.1","Bossou",0.169742774587095,0.00698174006444683,0.0134264232008593
"6054","280281b","Action_36","Morph_72","VUI","Affiliation","Overstance","OverStance.1","Bossou",1.30833281965018,0.00698174006444683,0.0134264232008593
"6055","280495","Action_40","Morph_82","NA_chimp","Sexualattention","Presentgenitalsforwards","PresentGenitals.1","Bossou",0.361164849211584,0.0354457572502685,0.00859291084854995
"6056","280365","Action_38","Morph_79","VUI","Sociosexualattention","Present","Present.5","Bossou",0.336472236621213,0.0134264232008593,0.0596133190118153
"6057","280533","Action_5","Morph_17","YOLO","Sexualattention","Bounce","Bounce.1","Bossou",0.000999500333083423,0.0204081632653061,0.0204081632653061
"6058","280533","Action_33","Morph_61","YOLO","Sexualattention","Objectmove","ObjectMove.1","Bossou",-0.0682788407532944,0.0193340494092374,0.0349087003222342
"6059","280533","Action_33","Morph_61","YOLO","Sexualattention","Objectmove","ObjectMove.1","Bossou",-0.18152187662339,0.0193340494092374,0.0349087003222342
"6060","280533","Action_63","Morph_133","YOLO","Sexualattention","Touch","Touch.2","Bossou",0.588897159186146,0.00805585392051558,0.0429645542427497
"6061","280533","Action_34","Morph_65","YOLO","Sexualattention","Objectshake","ObjectShake.1","Bossou",0.313349819200359,0.00966702470461869,0.014500537056928
"6062","280395b","Action_54","Morph_114","TUA","Support","Stancebipedal","StanceBipedal.1","Bossou",0.405465108108164,0.0171858216970999,0.0171858216970999
"6063","280395b","Action_60","Morph_127","TUA","Support","Swing","Swing.1","Bossou",-0.433864582629862,0.0306122448979592,0.0370569280343716
"6064","280145a","Action_33","Morph_61","FANLE","Playcontinue","Objectmove","ObjectMove.1","Bossou",0.151862349309246,0.0193340494092374,0.0349087003222342
"6065","280145a","Action_60","Morph_128","FANLE","Playcontinue","Swing","Swing.2","Bossou",-0.436955775199535,0.0037593984962406,0.0370569280343716
"6066","280333","Action_42","Morph_90","JIRE","Climbonme","Push","Push.3","Bossou",0.764071518896644,0.0134264232008593,0.0596133190118153
"6067","280333","Action_38","Morph_75","JIRE","Climbonme","Present","Present.1","Bossou",1.07636667972079,0.0150375939849624,0.0596133190118153
"6068","280102a","Action_45","Morph_100","FOTAIU","Affiliation","Reach","Reach.1","Bossou",2.30966000666601,0.0435016111707841,0.0719656283566058
"6069","280102a","Action_38","Morph_76","FOTAIU","Affiliation","Present","Present.2","Bossou",2.69739362091368,0.00590762620837809,0.0596133190118153
"6070","280139","Action_40","Morph_82","JEJE","Sexualattention","Presentgenitalsforwards","PresentGenitals.1","Bossou",0.676509539406922,0.0354457572502685,0.00859291084854995
"6071","280030b","Action_43","Morph_98","FANLE","Stopbehaviour","Raise","Raise.3","Bossou",-0.221894331913778,0.00590762620837809,0.0349087003222342
"6072","280030b","Action_13","Morph_27","FANLE","Stopbehaviour","Fling","Fling.1","Bossou",-0.50916034444693,0.056390977443609,0.0773361976369495
"6073","280030b","Action_42","Morph_90","FANLE","Stopbehaviour","Push","Push.3","Bossou",0.183986836113016,0.0134264232008593,0.0596133190118153
"6074","280030b","Action_36","Morph_72","FANLE","Stopbehaviour","Overstance","OverStance.1","Bossou",0.862467925176648,0.00698174006444683,0.0134264232008593
"6075","280367","Action_41","Morph_84","JIRE","Stopbehaviour","Pull","Pull.1","Bossou",-1.04412410338404,0.0037593984962406,0.0177228786251343
"6076","280367","Action_42","Morph_92","JIRE","Stopbehaviour","Push","Push.5","Bossou",-1.04412410338404,0.00644468313641246,0.0596133190118153
"6077","280367","Action_41","Morph_84","JIRE","Stopbehaviour","Pull","Pull.1","Bossou",-0.145025772050258,0.0037593984962406,0.0177228786251343
"6078","280146b","Action_34","Morph_65","JEJE","Play","Objectshake","ObjectShake.1","Bossou",0.958200134951365,0.00966702470461869,0.014500537056928
"6079","280146b","Action_8","Morph_19","JEJE","Play","Dangle","Dangle.1","Bossou",2.00458328813541,0.0257787325456498,0.0257787325456498
"6080","280146b","Action_57","Morph_118","JEJE","Play","Stompobject","StompObject.4","Bossou",-0.731888008876376,0.00429645542427497,0.0236305048335124
"6081","280146b","Action_17","Morph_39","JEJE","Play","Hitobject","HitObject.1","Bossou",-0.731888008876376,0.0327604726100967,0.0408163265306122
"6082","280146b","Action_17","Morph_39","JEJE","Play","Hitobject","HitObject.1","Bossou",-0.767870726755882,0.0327604726100967,0.0408163265306122
"6083","280146b","Action_20","Morph_46","JEJE","Play","Hitother","HitOther.2","Bossou",-0.443166975292176,0.00805585392051558,0.0402792696025779
"6084","280494","Action_42","Morph_91","YO","Climbonme","Push","Push.4","Bossou",0.211070970079941,0.00805585392051558,0.0596133190118153
"6085","280492a","Action_34","Morph_65","FOTAIU","Play","Objectshake","ObjectShake.1","Bossou",-0.0161293819298836,0.00966702470461869,0.014500537056928
"6086","280492a","Action_33","Morph_61","FOTAIU","Play","Objectmove","ObjectMove.1","Bossou",0.349247428109936,0.0193340494092374,0.0349087003222342
"6087","280004","Action_42","Morph_88","VUAVUA","Climbonme","Push","Push.1","Bossou",0.758466646680588,0.0128893662728249,0.0596133190118153
"6088","280290","Action_40","Morph_82","YOLO","Sexualattention","Presentgenitalsforwards","PresentGenitals.1","Bossou",1.65994089460721,0.0354457572502685,0.00859291084854995
"6089","280627a","Action_61","Morph_130","FANWA","Affiliation","Throwobject","ThrowObject.1","Bossou",0.237440856015034,0.0161117078410312,0.0161117078410312
"6090","280627a","Action_61","Morph_130","FANWA","Affiliation","Throwobject","ThrowObject.1","Bossou",0.42853038103916,0.0161117078410312,0.0161117078410312
"6091","280627a","Action_43","Morph_96","FANWA","Affiliation","Raise","Raise.1","Bossou",-0.104250021373799,0.0268528464017186,0.0349087003222342
"6092","280627a","Action_38","Morph_77","FANWA","Affiliation","Present","Present.3","Bossou",0.660107326481745,0.0166487647690655,0.0596133190118153
"6093","280488b","Action_4","Morph_10","KAI","Affiliation","Bitekiss","Bite.2","Bossou",1.32282193816432,0.0128893662728249,0.0306122448979592
"6094","280224a","Action_5","Morph_17","VUI","Play","Bounce","Bounce.1","Bossou",0.340748793388473,0.0204081632653061,0.0204081632653061
"6095","280224a","Action_28","Morph_56","VUI","Play","Locomotebipedal","LocomoteBipedal.1","Bossou",0.169742774587095,0.0112781954887218,0.0155746509129968
"6096","280224a","Action_17","Morph_39","VUI","Play","Hitobject","HitObject.1","Bossou",-0.675307262431614,0.0327604726100967,0.0408163265306122
"6097","280224a","Action_57","Morph_115","VUI","Play","Stompobject","StompObject.1","Bossou",-0.978166135592243,0.0150375939849624,0.0236305048335124
"6098","280255a","Action_63","Morph_133","JURU","Affiliation","Touch","Touch.2","Bossou",-0.327116141697188,0.00805585392051558,0.0429645542427497
"6099","280255a","Action_38","Morph_78","JURU","Affiliation","Present","Present.4","Bossou",-0.631111789640493,0.00214822771213749,0.0596133190118153
"6100","280549","Action_60","Morph_127","FOTAIU","Play","Swing","Swing.1","Bossou",-0.104250021373799,0.0306122448979592,0.0370569280343716
"6101","280337","Action_39","Morph_82","NINA","Sexualattention","Presentgenitalsbackwards","PresentGenitals.1","Bossou",1.24559447901676,0.0354457572502685,0.0290010741138561
"6102","280474","Action_13","Morph_28","PILI","Moveaway","Fling","Fling.2","Bossou",-0.874669057183336,0.0209452201933405,0.0773361976369495
"6103","280655","Action_39","Morph_82","VUAVUA","Sexualattention","Presentgenitalsbackwards","PresentGenitals.1","Bossou",0.0657877405380032,0.0354457572502685,0.0290010741138561
"6104","280003a","Action_14","Morph_30","PELEY","Playcontinue","Grab","Grab.2","Bossou",-0.18152187662339,0.00429645542427497,0.023093447905478
"6105","280093a","Action_43","Morph_96","FANLE","Support","Raise","Raise.1","Bossou",-0.486133011175619,0.0268528464017186,0.0349087003222342
"6106","280093a","Action_11","Morph_23","FANLE","Support","Embrace","Embrace.2","Bossou",0.744315467134345,0.00268528464017186,0.00859291084854995
"6107","280059","Action_39","Morph_82","PAMA","Sexualattention","Presentgenitalsbackwards","PresentGenitals.1","Bossou",0.0227394869694893,0.0354457572502685,0.0290010741138561
"6108","280468","Action_38","Morph_75","YOLO","Directattention","Present","Present.1","Bossou",0.685618914139154,0.0150375939849624,0.0596133190118153
"6109","280611","Action_63","Morph_138","JEJE","Affiliation","Touch","Touch.7","Bossou",1.43627429342491,0.0107411385606874,0.0429645542427497
"6110","280254a","Action_2","Morph_6","JIRE","Travel","Bigloudscratch","BigLoudScratch.4","Bossou",0.247641022914597,0.00322234156820623,0.0241675617615467
"6111","280254a","Action_45","Morph_100","JIRE","Travel","Reach","Reach.1","Bossou",0.2207406666979,0.0435016111707841,0.0719656283566058
"6112","280237","Action_45","Morph_100","FOTAIU","Support","Reach","Reach.1","Bossou",0.0266419309464211,0.0435016111707841,0.0719656283566058
"6113","280234","Action_38","Morph_79","FANA","Directattention","Present","Present.5","Bossou",1.17093295024774,0.0134264232008593,0.0596133190118153
"6114","280067","Action_38","Morph_77","PAMA","Directattention","Present","Present.3","Bossou",0.916690651895482,0.0166487647690655,0.0596133190118153
"6115","280427b","Action_20","Morph_45","NTO","Stopbehaviour","Hitother","HitOther.1","Bossou",-1.15201306539522,0.0263157894736842,0.0402792696025779
"6116","280402","Action_39","Morph_82","NINA","Sexualattention","Presentgenitalsbackwards","PresentGenitals.1","Bossou",1.60281603612521,0.0354457572502685,0.0290010741138561
"6117","280147b","Action_55","Morph_116","JEJE","Play","Stompingobject","StompObject.2","Bossou",0.922670338838194,0.00912996777658432,0.0150375939849624
"6118","280147b","Action_33","Morph_62","JEJE","Play","Objectmove","ObjectMove.2","Bossou",0.349952398177906,0.0123523093447905,0.0349087003222342
"6119","280147b","Action_8","Morph_19","JEJE","Play","Dangle","Dangle.1","Bossou",2.400800140491,0.0257787325456498,0.0257787325456498
"6120","280147b","Action_33","Morph_61","JEJE","Play","Objectmove","ObjectMove.1","Bossou",0.732367893713227,0.0193340494092374,0.0349087003222342
"6121","280147b","Action_55","Morph_116","JEJE","Play","Stompingobject","StompObject.2","Bossou",-0.463624022281697,0.00912996777658432,0.0150375939849624
"6122","280147b","Action_33","Morph_61","JEJE","Play","Objectmove","ObjectMove.1","Bossou",0.279901885132819,0.0193340494092374,0.0349087003222342
"6123","280490","Action_5","Morph_17","NA_chimp","Sexualattention","Bounce","Bounce.1","Bossou",0.826366024346168,0.0204081632653061,0.0204081632653061
"6124","280490","Action_5","Morph_17","NA_chimp","Sexualattention","Bounce","Bounce.1","Bossou",0.337899788612398,0.0204081632653061,0.0204081632653061
"6125","280490","Action_41","Morph_84","NA_chimp","Sexualattention","Pull","Pull.1","Bossou",-0.286349627218002,0.0037593984962406,0.0177228786251343
"6126","280407b","Action_60","Morph_127","NA_chimp","Play","Swing","Swing.1","Bossou",0.0870947068509337,0.0306122448979592,0.0370569280343716
"6127","280407b","Action_20","Morph_45","NA_chimp","Play","Hitother","HitOther.1","Bossou",-0.215671536475509,0.0263157894736842,0.0402792696025779
"6128","280150b","Action_33","Morph_62","JEJE","Playcontinue","Objectmove","ObjectMove.2","Bossou",0.527092596229863,0.0123523093447905,0.0349087003222342
"6129","280150b","Action_60","Morph_127","JEJE","Playcontinue","Swing","Swing.1","Bossou",0.417393678973438,0.0306122448979592,0.0370569280343716
"6130","280409","Action_38","Morph_77","NINA","Groom","Present","Present.3","Bossou",0.99139820436096,0.0166487647690655,0.0596133190118153
"6131","280414","Action_45","Morph_100","PILI","Affiliation","Reach","Reach.1","Bossou",0.909870164071232,0.0435016111707841,0.0719656283566058
"6132","280414","Action_45","Morph_100","PILI","Affiliation","Reach","Reach.1","Bossou",0.286681572118197,0.0435016111707841,0.0719656283566058
"6133","280414","Action_45","Morph_100","PILI","Affiliation","Reach","Reach.1","Bossou",0.977197666777676,0.0435016111707841,0.0719656283566058
"6134","280414","Action_55","Morph_117","PILI","Affiliation","Stompingobject","StompObject.3","Bossou",0.634988266386413,0.00429645542427497,0.0150375939849624
"6135","280042","Action_38","Morph_75","PAMA","Directattention","Present","Present.1","Bossou",1.22023977678981,0.0150375939849624,0.0596133190118153
"6136","280598","Action_14","Morph_33","JEJE","Giveme","Grab","Grab.5","Bossou",0.833778310299691,0.00537056928034372,0.023093447905478
"6137","280598","Action_45","Morph_101","JEJE","Giveme","Reach","Reach.2","Bossou",0.0657877405380032,0.027389903329753,0.0719656283566058
"6138","280598","Action_63","Morph_138","JEJE","Giveme","Touch","Touch.7","Bossou",1.0123279200711,0.0107411385606874,0.0429645542427497
"6139","280537","Action_63","Morph_140","YO","Affiliation","Touch","Touch.9","Bossou",0.727065398763406,0.00698174006444683,0.0429645542427497
"6140","280479a","Action_33","Morph_62","YOLO","Play","Objectmove","ObjectMove.2","Bossou",-0.798507696217772,0.0123523093447905,0.0349087003222342
"6141","280479a","Action_43","Morph_96","YOLO","Play","Raise","Raise.1","Bossou",0.0334347760862374,0.0268528464017186,0.0349087003222342
"6142","280001","Action_36","Morph_72","YOLO","Support","Overstance","OverStance.1","Bossou",0.406797553341943,0.00698174006444683,0.0134264232008593
"6143","280394","Action_13","Morph_27","NINA","Moveaway","Fling","Fling.1","Bossou",-0.978166135592243,0.056390977443609,0.0773361976369495
"6144","280066","Action_39","Morph_82","PAMA","Sexualattention","Presentgenitalsbackwards","PresentGenitals.1","Bossou",0.242946178610389,0.0354457572502685,0.0290010741138561
"6145","280638b","Action_5","Morph_17","PELEY","Play","Bounce","Bounce.1","Bossou",-0.18152187662339,0.0204081632653061,0.0204081632653061
"6146","280236","Action_13","Morph_28","VUI","Moveaway","Fling","Fling.2","Bossou",-0.653926467406664,0.0209452201933405,0.0773361976369495
"6147","280469","Action_42","Morph_89","TUA","Position","Push","Push.2","Bossou",0.33718626735487,0.00537056928034372,0.0596133190118153
"6148","280469","Action_42","Morph_89","TUA","Position","Push","Push.2","Bossou",0.33718626735487,0.00537056928034372,0.0596133190118153
"6149","280516b","Action_62","Morph_131","JOYA","Moveaway","Throwthreat","ThrowThreat.1","Bossou",0.263133199530368,0.0193340494092374,0.0193340494092374
"6150","280351b","Action_63","Morph_138","JOKURO","Affiliation","Touch","Touch.7","Bossou",1.1349442179155,0.0107411385606874,0.0429645542427497
"6151","280605","Action_8","Morph_19","FANLE","Playcontinue","Dangle","Dangle.1","Bossou",0.694146680893029,0.0257787325456498,0.0257787325456498
"6152","280605","Action_60","Morph_127","FANLE","Playcontinue","Swing","Swing.1","Bossou",0.154436353304419,0.0306122448979592,0.0370569280343716
"6153","280108","Action_2","Morph_3","VUAVUA","Travel","Bigloudscratch","BigLoudScratch.1","Bossou",1.6482739362193,0.00322234156820623,0.0241675617615467
"6154","280108","Action_2","Morph_4","VUAVUA","Travel","Bigloudscratch","BigLoudScratch.2","Bossou",1.4634868569498,0.0150375939849624,0.0241675617615467
"6155","280108","Action_2","Morph_4","VUAVUA","Travel","Bigloudscratch","BigLoudScratch.2","Bossou",1.85049996425066,0.0150375939849624,0.0241675617615467
"6156","280654","Action_13","Morph_27","FOTAIU","Stopbehaviour","Fling","Fling.1","Bossou",0.0344014267173323,0.056390977443609,0.0773361976369495
"6157","280057b","Action_43","Morph_98","JEJE","Stopbehaviour","Raise","Raise.3","Bossou",0.147557564357615,0.00590762620837809,0.0349087003222342
"6158","280057b","Action_20","Morph_49","JEJE","Stopbehaviour","Hitother","HitOther.5","Bossou",-0.742337424750717,0.00268528464017186,0.0402792696025779
"6159","280238a","Action_1","Morph_1","FOTAIU","Affiliation","Beckon","Beckon.1","Bossou",-0.27443684570176,0.00966702470461869,0.0123523093447905
"6160","280238a","Action_1","Morph_1","FOTAIU","Affiliation","Beckon","Beckon.1","Bossou",-0.484508315448617,0.00966702470461869,0.0123523093447905
"6161","280238a","Action_11","Morph_23","FOTAIU","Affiliation","Embrace","Embrace.2","Bossou",0.685115008862681,0.00268528464017186,0.00859291084854995
"6162","280368b","Action_45","Morph_100","FOAF","Stopbehaviour","Reach","Reach.1","Bossou",0.84372003903932,0.0435016111707841,0.0719656283566058
"6163","280475","Action_13","Morph_27","PILI","Stopbehaviour","Fling","Fling.1","Bossou",-0.725670372265505,0.056390977443609,0.0773361976369495
"6164","280446","Action_45","Morph_100","JURU","Climbonyou","Reach","Reach.1","Bossou",-0.162518929497775,0.0435016111707841,0.0719656283566058
"6165","280656","Action_62","Morph_131","FOTAIU","Moveaway","Throwthreat","ThrowThreat.1","Bossou",-0.403467105445491,0.0193340494092374,0.0193340494092374
"6166","280258","Action_42","Morph_91","PAMA","Stopbehaviour","Push","Push.4","Bossou",-0.605136303237232,0.00805585392051558,0.0596133190118153
"6167","280258","Action_14","Morph_31","PAMA","Stopbehaviour","Grab","Grab.3","Bossou",-0.466808738349216,0.00805585392051558,0.023093447905478
"6168","280258","Action_41","Morph_86","PAMA","Stopbehaviour","Pull","Pull.3","Bossou",-0.923818998294947,0.00698174006444683,0.0177228786251343
"6169","280093b","Action_45","Morph_100","FANA","Support","Reach","Reach.1","Bossou",-0.369615455214467,0.0435016111707841,0.0719656283566058
"6170","280607","Action_45","Morph_101","FANLE","Giveme","Reach","Reach.2","Bossou",0.349247428109936,0.027389903329753,0.0719656283566058
"6171","280065","Action_24","Morph_51","PELEY","Stopbehaviour","Jump","Jump.1","Bossou",-0.187535123846842,0.0128893662728249,0.0128893662728249
"6172","280065","Action_57","Morph_118","PELEY","Stopbehaviour","Stompobject","StompObject.4","Bossou",-0.398986142010455,0.00429645542427497,0.0236305048335124
"6173","280254b","Action_43","Morph_96","JURU","Climbonme","Raise","Raise.1","Bossou",0.511625303936555,0.0268528464017186,0.0349087003222342
"6174","280427a","Action_45","Morph_100","VUAVUA","Play","Reach","Reach.1","Bossou",-0.659712404473708,0.0435016111707841,0.0719656283566058
"6175","280427a","Action_14","Morph_33","VUAVUA","Play","Grab","Grab.5","Bossou",-0.104250021373799,0.00537056928034372,0.023093447905478
"6176","280427a","Action_45","Morph_100","VUAVUA","Play","Reach","Reach.1","Bossou",-0.243346258631729,0.0435016111707841,0.0719656283566058
"6177","280415","Action_54","Morph_114","NA_chimp","Sexualattention","Stancebipedal","StanceBipedal.1","Bossou",0.546385799164542,0.0171858216970999,0.0171858216970999
"6178","280147a","Action_60","Morph_127","FANLE","Play","Swing","Swing.1","Bossou",1.16907075231667,0.0306122448979592,0.0370569280343716
"6179","280147a","Action_24","Morph_51","FANLE","Play","Jump","Jump.1","Bossou",0.0601539228197471,0.0128893662728249,0.0128893662728249
"6180","280147a","Action_33","Morph_62","FANLE","Play","Objectmove","ObjectMove.2","Bossou",-0.267879445155601,0.0123523093447905,0.0349087003222342
"6181","280147a","Action_33","Morph_62","FANLE","Play","Objectmove","ObjectMove.2","Bossou",0.410784269585764,0.0123523093447905,0.0349087003222342
"6182","280407a","Action_60","Morph_128","VUI","Moveaway","Swing","Swing.2","Bossou",-0.348140041488895,0.0037593984962406,0.0370569280343716
"6183","280407a","Action_60","Morph_127","VUI","Moveaway","Swing","Swing.1","Bossou",-0.309246250367621,0.0306122448979592,0.0370569280343716
"6184","280407a","Action_60","Morph_127","VUI","Moveaway","Swing","Swing.1","Bossou",0.131028262406404,0.0306122448979592,0.0370569280343716
"6185","280407a","Action_51","Morph_111","VUI","Moveaway","Spinpirouette","SpinPirouette.1","Bossou",0.573236883887388,0.00322234156820623,0.00322234156820623
"6186","280407a","Action_60","Morph_127","VUI","Moveaway","Swing","Swing.1","Bossou",-0.180323554131282,0.0306122448979592,0.0370569280343716
"6187","280407a","Action_42","Morph_92","VUI","Moveaway","Push","Push.5","Bossou",-1.02165124753198,0.00644468313641246,0.0596133190118153
"6188","280600","Action_45","Morph_101","JEJE","Giveme","Reach","Reach.2","Bossou",0.995841010632164,0.027389903329753,0.0719656283566058
"6189","280463","Action_42","Morph_88","YO","Climbonme","Push","Push.1","Bossou",1.32255552015288,0.0128893662728249,0.0596133190118153
"6190","280634b","Action_13","Morph_27","JIRE","Stopbehaviour","Fling","Fling.1","Bossou",-0.455706324544911,0.056390977443609,0.0773361976369495
"6191","280150a","Action_60","Morph_127","FANLE","Playcontinue","Swing","Swing.1","Bossou",0.369492447649347,0.0306122448979592,0.0370569280343716
"6192","280150a","Action_8","Morph_19","FANLE","Playcontinue","Dangle","Dangle.1","Bossou",0.712459491592318,0.0257787325456498,0.0257787325456498
"6193","280150a","Action_17","Morph_39","FANLE","Playcontinue","Hitobject","HitObject.1","Bossou",-1.24479479884619,0.0327604726100967,0.0408163265306122
"6194","280150a","Action_55","Morph_116","FANLE","Playcontinue","Stompingobject","StompObject.2","Bossou",-0.153151179494175,0.00912996777658432,0.0150375939849624
"6195","280150a","Action_17","Morph_39","FANLE","Playcontinue","Hitobject","HitObject.1","Bossou",-1.38230233985035,0.0327604726100967,0.0408163265306122
"6196","280040","Action_45","Morph_100","PAMA","Affiliation","Reach","Reach.1","Bossou",0.370183293963525,0.0435016111707841,0.0719656283566058
"6197","280041","Action_38","Morph_77","PAMA","Groom","Present","Present.3","Bossou",1.83975566749631,0.0166487647690655,0.0596133190118153
"6198","280492","Action_38","Morph_75","PAMA","Climbonme","Present","Present.1","Bossou",1.04802050255205,0.0150375939849624,0.0596133190118153
"6199","280492","Action_42","Morph_89","PAMA","Climbonme","Push","Push.2","Bossou",0.869618323675724,0.00537056928034372,0.0596133190118153
"6200","280049","Action_13","Morph_27","JIRE","Stopbehaviour","Fling","Fling.1","Bossou",-0.774357235985488,0.056390977443609,0.0773361976369495
"6201","280479b","Action_8","Morph_19","FOTAIU","Play","Dangle","Dangle.1","Bossou",-0.379797361359587,0.0257787325456498,0.0257787325456498
"6202","280002","Action_43","Morph_96","PELEY","Stopbehaviour","Raise","Raise.1","Bossou",-0.455706324544911,0.0268528464017186,0.0349087003222342
"6203","280002","Action_1","Morph_1","PELEY","Stopbehaviour","Beckon","Beckon.1","Bossou",-0.567395975254385,0.00966702470461869,0.0123523093447905
"6204","280116","Action_38","Morph_79","FOTAIU","Directattention","Present","Present.5","Bossou",1.65038789876305,0.0134264232008593,0.0596133190118153
"6205","280638a","Action_55","Morph_116","JEJE","Play","Stompingobject","StompObject.2","Bossou",-0.355247391947547,0.00912996777658432,0.0150375939849624
"6206","280638a","Action_57","Morph_118","JEJE","Play","Stompobject","StompObject.4","Bossou",-0.627359440021942,0.00429645542427497,0.0236305048335124
"6207","280013a","Action_21","Morph_43","FOKAIYE","Play","Hittingobject","HitObject.5","Bossou",0.406131552651325,0.00537056928034372,0.0118152524167562
"6208","280013a","Action_20","Morph_49","FOKAIYE","Play","Hitother","HitOther.5","Bossou",-0.356674943938732,0.00268528464017186,0.0402792696025779
"6209","280235","Action_13","Morph_27","JIRE","Moveaway","Fling","Fling.1","Bossou",-0.755022584278033,0.056390977443609,0.0773361976369495
"6210","280366","Action_45","Morph_100","JOKURO","Climbonyou","Reach","Reach.1","Bossou",-0.616186139423817,0.0435016111707841,0.0719656283566058
"6211","280480b","Action_61","Morph_130","YOLO","Play","Throwobject","ThrowObject.1","Bossou",-0.379797361359587,0.0161117078410312,0.0161117078410312
"6212","280480b","Action_17","Morph_40","YOLO","Play","Hitobject","HitObject.2","Bossou",-0.53785429615391,0.00483351235230934,0.0408163265306122
"6213","280480b","Action_33","Morph_62","YOLO","Play","Objectmove","ObjectMove.2","Bossou",-0.309246250367621,0.0123523093447905,0.0349087003222342
"6214","280480b","Action_33","Morph_62","YOLO","Play","Objectmove","ObjectMove.2","Bossou",-0.263965545834465,0.0123523093447905,0.0349087003222342
"6215","280351a","Action_12","Morph_26","YO","Affiliation","Fingermouth","FingerMouth.1","Bossou",1.20297230399235,0.00429645542427497,0.00429645542427497
"6216","280057a","Action_57","Morph_118","FANLE","Stopbehaviour","Stompobject","StompObject.4","Bossou",-0.211956361923645,0.00429645542427497,0.0236305048335124
"6217","280553","Action_45","Morph_100","VUAVUA","Position","Reach","Reach.1","Bossou",0.427878702945064,0.0435016111707841,0.0719656283566058
"6218","280553","Action_42","Morph_91","VUAVUA","Position","Push","Push.4","Bossou",0.38458189719174,0.00805585392051558,0.0596133190118153
"6219","280238b","Action_11","Morph_22","JURU","Affiliation","Embrace","Embrace.1","Bossou",0.187309098304994,0.00161117078410311,0.00859291084854995
"6220","280368a","Action_63","Morph_135","JIRE","Affiliation","Touch","Touch.4","Bossou",-0.546452801409142,0.00483351235230934,0.0429645542427497
"6221","280368a","Action_60","Morph_127","JIRE","Affiliation","Swing","Swing.1","Bossou",-0.238257189124258,0.0306122448979592,0.0370569280343716
"6222","280444","Action_13","Morph_28","JIRE","Stopbehaviour","Fling","Fling.2","Bossou",-1.25878104082093,0.0209452201933405,0.0773361976369495
"6223","280444","Action_13","Morph_27","JIRE","Stopbehaviour","Fling","Fling.1","Bossou",-0.798507696217772,0.056390977443609,0.0773361976369495
"6224","280629b","Action_15","Morph_36","YO","Stopbehaviour","Grabhold","GrabHold.2","Bossou",1.26327891022334,0.00161117078410311,0.0037593984962406
"6225","280629b","Action_42","Morph_90","YO","Stopbehaviour","Push","Push.3","Bossou",0.406797553341943,0.0134264232008593,0.0596133190118153
"6226","280629b","Action_64","Morph_134","YO","Stopbehaviour","Touchlongother","Touch.3","Bossou",1.35351287159551,0.00698174006444683,0.0112781954887218
