"","Communication_number","gesture_record_anon","morphs_anon","Signaller","Goal","Lumped_Gs","morph","Social_unit","log","rFq_morph","rFq_action"
"1","102357","Action_2","Morph_3","BB","Groom","Bigloudscratch","BigLoudScratch.1","Sonso",1.28093384546206,0.0215364120781528,0.0577264653641208
"2","102357","Action_2","Morph_4","BB","Groom","Bigloudscratch","BigLoudScratch.2","Sonso",1.11185751541813,0.019316163410302,0.0577264653641208
"3","100466a","Action_20","Morph_50","BB","Play","Hitother","HitOther.6","Sonso",-1.02165124753198,0.00488454706927176,0.0404085257548845
"4","100468","Action_45","Morph_101","BB","Play","Reach","Reach.2","Sonso",0.542324290825362,0.0370781527531083,0.0801509769094138
"5","100468","Action_15","Morph_35","BB","Play","Grabhold","GrabHold.1","Sonso",1.56024766824333,0.00932504440497336,0.0204262877442274
"6","100466a","Action_14","Morph_29","BB","Play","Grab","Grab.1","Sonso",0.444685821261446,0.00821492007104796,0.0353019538188277
"7","100466a","Action_14","Morph_29","BB","Play","Grab","Grab.1","Sonso",0.494696241836107,0.00821492007104796,0.0353019538188277
"8","101408","Action_2","Morph_3","BB","Groom","Bigloudscratch","BigLoudScratch.1","Sonso",0.985816794522765,0.0215364120781528,0.0577264653641208
"9","101304b","Action_2","Morph_4","BB","Groom","Bigloudscratch","BigLoudScratch.2","Sonso",0.336472236621213,0.019316163410302,0.0577264653641208
"10","102434","Action_38","Morph_79","BB","Directattention","Present","Present.5","Sonso",1.35583515363518,0.00688277087033748,0.0492895204262877
"11","100551","Action_45","Morph_100","BB","Affiliation","Reach","Reach.1","Sonso",0.246860077931526,0.0408525754884547,0.0801509769094138
"12","102272","Action_2","Morph_4","BH","Travel","Bigloudscratch","BigLoudScratch.2","Sonso",0.732367893713227,0.019316163410302,0.0577264653641208
"13","100804","Action_15","Morph_35","BH","Climbonme","Grabhold","GrabHold.1","Sonso",1.52605630349505,0.00932504440497336,0.0204262877442274
"14","102348","Action_23","Morph_47","BH","Playcontinue","Hittingother","HitOther.3","Sonso",0.89199803930511,0.00843694493783304,0.0157637655417407
"15","102350","Action_23","Morph_47","BH","Playcontinue","Hittingother","HitOther.3","Sonso",0.693147180559945,0.00843694493783304,0.0157637655417407
"16","102349","Action_42","Morph_95","BH","Playcontinue","Push","Push.8","Sonso",0.712949807856125,0.00133214920071048,0.0466252220248668
"17","101768","Action_41","Morph_84","BH","Climbonme","Pull","Pull.1","Sonso",-0.083381608939051,0.00821492007104796,0.0253108348134991
"18","102289a","Action_2","Morph_3","BH","Groom","Bigloudscratch","BigLoudScratch.1","Sonso",1.81807677754543,0.0215364120781528,0.0577264653641208
"19","102288","Action_38","Morph_77","BH","Directattention","Present","Present.3","Sonso",0.751416088683921,0.00466252220248668,0.0492895204262877
"20","102456","Action_38","Morph_77","BH","Groom","Present","Present.3","Sonso",1.3244189574018,0.00466252220248668,0.0492895204262877
"21","102296","Action_38","Morph_75","BH","Directattention","Present","Present.1","Sonso",0.307484699747961,0.0170959147424512,0.0492895204262877
"22","102297","Action_38","Morph_76","BH","Directattention","Present","Present.2","Sonso",1.34547236659964,0.0135435168738899,0.0492895204262877
"23","102289a","Action_2","Morph_5","BH","Groom","Bigloudscratch","BigLoudScratch.3","Sonso",0.908258560176891,0.0119893428063943,0.0577264653641208
"24","102290","Action_38","Morph_75","BH","Directattention","Present","Present.1","Sonso",1.58514521986506,0.0170959147424512,0.0492895204262877
"25","102293","Action_38","Morph_75","BH","Directattention","Present","Present.1","Sonso",1.23547147138531,0.0170959147424512,0.0492895204262877
"26","102214","Action_42","Morph_91","BH","Play","Push","Push.4","Sonso",0.56531380905006,0.00932504440497336,0.0466252220248668
"27","102292","Action_38","Morph_75","BH","Directattention","Present","Present.1","Sonso",0.955511445027436,0.0170959147424512,0.0492895204262877
"28","102380","Action_23","Morph_47","BH","Play","Hittingother","HitOther.3","Sonso",0.444685821261446,0.00843694493783304,0.0157637655417407
"29","101350","Action_13","Morph_27","BH","Moveaway","Fling","Fling.1","Sonso",-0.7339691750802,0.00688277087033748,0.0117673179396092
"30","101350","Action_43","Morph_96","BH","Moveaway","Raise","Raise.1","Sonso",-0.127833371509885,0.00865896980461812,0.0113232682060391
"31","101350","Action_13","Morph_27","BH","Moveaway","Fling","Fling.1","Sonso",-0.510825623765991,0.00688277087033748,0.0117673179396092
"32","101350","Action_13","Morph_27","BH","Moveaway","Fling","Fling.1","Sonso",-0.82098055206983,0.00688277087033748,0.0117673179396092
"33","101379b","Action_39","Morph_82","BH","Sexualattention","Presentgenitalsbackwards","PresentGenitals.1","Sonso",1.26976054486394,0.0295293072824156,0.033303730017762
"34","100766b","Action_39","Morph_82","BH","Sexualattention","Presentgenitalsbackwards","PresentGenitals.1","Sonso",0.307484699747961,0.0295293072824156,0.033303730017762
"35","101129b","Action_57","Morph_115","BT","Play","Stompobject","StompObject.1","Sonso",-0.510825623765991,0.0337477797513321,0.0424067495559503
"36","100529","Action_29","Morph_58","BT","Play","Locomotegallop","LocomoteGallop.1","Sonso",1.57691472072854,0.00821492007104796,0.00821492007104796
"37","102452","Action_55","Morph_116","BT","Play","Stompingobject","StompObject.2","Sonso",1.17557332980424,0.0148756660746004,0.0230905861456483
"38","102454","Action_57","Morph_115","BT","Playcontinue","Stompobject","StompObject.1","Sonso",0.182321556793955,0.0337477797513321,0.0424067495559503
"39","102452","Action_20","Morph_45","BT","Play","Hitother","HitOther.1","Sonso",-0.27443684570176,0.0202042628774423,0.0404085257548845
"40","100898a","Action_33","Morph_61","BT","Play","Objectmove","ObjectMove.1","Sonso",0.672944473242426,0.0317495559502664,0.0406305506216696
"41","100898a","Action_9","Morph_20","BT","Play","Dangleshake","DangleShake.1","Sonso",2.598235335095,0.00710479573712256,0.00710479573712256
"42","101008b","Action_20","Morph_50","BT","Play","Hitother","HitOther.6","Sonso",0.0769610411361284,0.00488454706927176,0.0404085257548845
"43","101172","Action_38","Morph_77","BT","Groom","Present","Present.3","Sonso",0.215111379616945,0.00466252220248668,0.0492895204262877
"44","101006","Action_25","Morph_52","BT","Playcontinue","Kickpunch","KickPunch.1","Sonso",-0.328504066972036,0.0022202486678508,0.0022202486678508
"45","100999","Action_45","Morph_100","BT","Giveme","Reach","Reach.1","Sonso",0.494696241836107,0.0408525754884547,0.0801509769094138
"46","100999","Action_45","Morph_100","BT","Giveme","Reach","Reach.1","Sonso",0.494696241836107,0.0408525754884547,0.0801509769094138
"47","100772p2","Action_34","Morph_66","DN","Groom","Objectshake","ObjectShake.2","Sonso",1.6094379124341,0.0237566607460036,0.108792184724689
"48","100772p1","Action_2","Morph_6","DN","Groom","Bigloudscratch","BigLoudScratch.4","Sonso",1.7227665977411,0.00421847246891652,0.0577264653641208
"49","100772p1","Action_34","Morph_65","DN","Groom","Objectshake","ObjectShake.1","Sonso",0.307484699747961,0.0746003552397869,0.108792184724689
"50","100772p1","Action_2","Morph_4","DN","Groom","Bigloudscratch","BigLoudScratch.2","Sonso",1.95727390770563,0.019316163410302,0.0577264653641208
"51","102394","Action_34","Morph_65","DN","Moveaway","Objectshake","ObjectShake.1","Sonso",0.0769610411361284,0.0746003552397869,0.108792184724689
"52","102394","Action_34","Morph_65","DN","Moveaway","Objectshake","ObjectShake.1","Sonso",-0.127833371509885,0.0746003552397869,0.108792184724689
"53","100626","Action_57","Morph_115","DN","Followme","Stompobject","StompObject.1","Sonso",-0.22314355131421,0.0337477797513321,0.0424067495559503
"54","100648","Action_17","Morph_39","DN","Followme","Hitobject","HitObject.1","Sonso",-0.44628710262842,0.0430728241563055,0.0559502664298401
"55","100645p3","Action_17","Morph_39","DN","Followme","Hitobject","HitObject.1","Sonso",-0.82098055206983,0.0430728241563055,0.0559502664298401
"56","100628a","Action_33","Morph_61","DN","Followme","Objectmove","ObjectMove.1","Sonso",0.470003629245736,0.0317495559502664,0.0406305506216696
"57","100637p4","Action_34","Morph_66","DN","Followme","Objectshake","ObjectShake.2","Sonso",2.10413415427021,0.0237566607460036,0.108792184724689
"58","100645p1","Action_24","Morph_51","DN","Followme","Jump","Jump.1","Sonso",0,0.00732682060390764,0.00732682060390764
"59","100626","Action_57","Morph_115","DN","Followme","Stompobject","StompObject.1","Sonso",-0.22314355131421,0.0337477797513321,0.0424067495559503
"60","100654","Action_17","Morph_40","DN","Followme","Hitobject","HitObject.2","Sonso",-0.7339691750802,0.0119893428063943,0.0559502664298401
"61","100628","Action_49","Morph_105","DN","Followme","Rub","Rub.1","Sonso",1.72988406550997,0.0044404973357016,0.0066607460035524
"62","100650","Action_33","Morph_61","DN","Followme","Objectmove","ObjectMove.1","Sonso",0.0769610411361284,0.0317495559502664,0.0406305506216696
"63","100625","Action_34","Morph_66","DN","Followme","Objectshake","ObjectShake.2","Sonso",1.86872051036418,0.0237566607460036,0.108792184724689
"64","100643p1","Action_34","Morph_65","DN","Followme","Objectshake","ObjectShake.1","Sonso",0.182321556793955,0.0746003552397869,0.108792184724689
"65","100634","Action_34","Morph_65","DN","Followme","Objectshake","ObjectShake.1","Sonso",0.0392207131532813,0.0746003552397869,0.108792184724689
"66","100653a","Action_34","Morph_66","DN","Followme","Objectshake","ObjectShake.2","Sonso",0.609765571620894,0.0237566607460036,0.108792184724689
"67","100625","Action_34","Morph_65","DN","Followme","Objectshake","ObjectShake.1","Sonso",1.51732262352629,0.0746003552397869,0.108792184724689
"68","100648","Action_17","Morph_39","DN","Followme","Hitobject","HitObject.1","Sonso",-0.82098055206983,0.0430728241563055,0.0559502664298401
"69","100655","Action_60","Morph_127","DN","Followme","Swing","Swing.1","Sonso",-0.083381608939051,0.0428507992895204,0.0475133214920071
"70","100648","Action_24","Morph_51","DN","Followme","Jump","Jump.1","Sonso",-0.27443684570176,0.00732682060390764,0.00732682060390764
"71","100652b","Action_23","Morph_48","DN","Sociosexualattention","Hittingother","HitOther.4","Sonso",0.908258560176891,0.00732682060390764,0.0157637655417407
"72","100626","Action_34","Morph_65","DN","Followme","Objectshake","ObjectShake.1","Sonso",1.52605630349505,0.0746003552397869,0.108792184724689
"73","100637p5","Action_24","Morph_51","DN","Followme","Jump","Jump.1","Sonso",-0.510825623765991,0.00732682060390764,0.00732682060390764
"74","100634","Action_34","Morph_65","DN","Followme","Objectshake","ObjectShake.1","Sonso",0.56531380905006,0.0746003552397869,0.108792184724689
"75","100637p4","Action_34","Morph_65","DN","Followme","Objectshake","ObjectShake.1","Sonso",0.631271776841858,0.0746003552397869,0.108792184724689
"76","100649b","Action_49","Morph_105","DN","Sociosexualattention","Rub","Rub.1","Sonso",2.92530980925744,0.0044404973357016,0.0066607460035524
"77","100637p4","Action_34","Morph_66","DN","Followme","Objectshake","ObjectShake.2","Sonso",1.35583515363518,0.0237566607460036,0.108792184724689
"78","100644p1","Action_34","Morph_65","DN","Followme","Objectshake","ObjectShake.1","Sonso",0.908258560176891,0.0746003552397869,0.108792184724689
"79","100623","Action_55","Morph_117","DN","Followme","Stompingobject","StompObject.3","Sonso",0.985816794522765,0.00688277087033748,0.0230905861456483
"80","100645p1","Action_33","Morph_61","DN","Followme","Objectmove","ObjectMove.1","Sonso",-0.82098055206983,0.0317495559502664,0.0406305506216696
"81","100648","Action_34","Morph_65","DN","Followme","Objectshake","ObjectShake.1","Sonso",0.307484699747961,0.0746003552397869,0.108792184724689
"82","100625","Action_34","Morph_65","DN","Followme","Objectshake","ObjectShake.1","Sonso",1.6094379124341,0.0746003552397869,0.108792184724689
"83","100647","Action_18","Morph_39","DN","Followme","Hitobjectobject","HitObject.1","Sonso",-0.385662480811985,0.0430728241563055,0.00466252220248668
"84","100645p1","Action_17","Morph_39","DN","Followme","Hitobject","HitObject.1","Sonso",0,0.0430728241563055,0.0559502664298401
"85","100633","Action_33","Morph_61","DN","Followme","Objectmove","ObjectMove.1","Sonso",-0.510825623765991,0.0317495559502664,0.0406305506216696
"86","100626","Action_34","Morph_65","DN","Followme","Objectshake","ObjectShake.1","Sonso",0.908258560176891,0.0746003552397869,0.108792184724689
"87","100625","Action_34","Morph_65","DN","Followme","Objectshake","ObjectShake.1","Sonso",1.52605630349505,0.0746003552397869,0.108792184724689
"88","100623","Action_34","Morph_65","DN","Followme","Objectshake","ObjectShake.1","Sonso",0.470003629245736,0.0746003552397869,0.108792184724689
"89","100645p2","Action_60","Morph_127","DN","Followme","Swing","Swing.1","Sonso",-0.083381608939051,0.0428507992895204,0.0475133214920071
"90","100637p5","Action_57","Morph_118","DN","Followme","Stompobject","StompObject.4","Sonso",-0.7339691750802,0.005550621669627,0.0424067495559503
"91","100641a","Action_22","Morph_43","DN","Followme","Hittingobjectobject","HitObject.5","Sonso",0.518793793415168,0.0044404973357016,0.00266429840142096
"92","100639b","Action_49","Morph_NA","DN","Sociosexualattention","Rub",NA,"Sonso",1.99605993274078,0.0159857904085258,0.0066607460035524
"93","100641a","Action_34","Morph_65","DN","Followme","Objectshake","ObjectShake.1","Sonso",1.12492959698548,0.0746003552397869,0.108792184724689
"94","100654","Action_34","Morph_65","DN","Followme","Objectshake","ObjectShake.1","Sonso",0.182321556793955,0.0746003552397869,0.108792184724689
"95","100642","Action_34","Morph_65","DN","Followme","Objectshake","ObjectShake.1","Sonso",0,0.0746003552397869,0.108792184724689
"96","100645p1","Action_57","Morph_118","DN","Followme","Stompobject","StompObject.4","Sonso",-0.510825623765991,0.005550621669627,0.0424067495559503
"97","100641a","Action_49","Morph_NA","DN","Followme","Rub",NA,"Sonso",1.49962304642689,0.0159857904085258,0.0066607460035524
"98","100644p1","Action_17","Morph_41","DN","Followme","Hitobject","HitObject.3","Sonso",-0.510825623765991,0.00510657193605684,0.0559502664298401
"99","100642","Action_60","Morph_128","DN","Followme","Swing","Swing.2","Sonso",-0.328504066972036,0.00310834813499112,0.0475133214920071
"100","100624","Action_34","Morph_65","DN","Followme","Objectshake","ObjectShake.1","Sonso",1.12492959698548,0.0746003552397869,0.108792184724689
"101","100643p1","Action_34","Morph_66","DN","Followme","Objectshake","ObjectShake.2","Sonso",1.54329810992956,0.0237566607460036,0.108792184724689
"102","100625","Action_34","Morph_65","DN","Followme","Objectshake","ObjectShake.1","Sonso",1.87364662870024,0.0746003552397869,0.108792184724689
"103","100636b","Action_49","Morph_105","DN","Sociosexualattention","Rub","Rub.1","Sonso",1.79840401194672,0.0044404973357016,0.0066607460035524
"104","100637p2","Action_34","Morph_65","DN","Followme","Objectshake","ObjectShake.1","Sonso",2.1701959049483,0.0746003552397869,0.108792184724689
"105","100645p1","Action_34","Morph_65","DN","Followme","Objectshake","ObjectShake.1","Sonso",0.908258560176891,0.0746003552397869,0.108792184724689
"106","100626","Action_34","Morph_65","DN","Followme","Objectshake","ObjectShake.1","Sonso",1.33500106673234,0.0746003552397869,0.108792184724689
"107","100645p1","Action_34","Morph_65","DN","Followme","Objectshake","ObjectShake.1","Sonso",1.28093384546206,0.0746003552397869,0.108792184724689
"108","100642","Action_34","Morph_65","DN","Followme","Objectshake","ObjectShake.1","Sonso",0.924258901523332,0.0746003552397869,0.108792184724689
"109","100647","Action_34","Morph_65","DN","Followme","Objectshake","ObjectShake.1","Sonso",-0.083381608939051,0.0746003552397869,0.108792184724689
"110","100628a","Action_34","Morph_65","DN","Followme","Objectshake","ObjectShake.1","Sonso",0.542324290825362,0.0746003552397869,0.108792184724689
"111","100645p3","Action_34","Morph_66","DN","Followme","Objectshake","ObjectShake.2","Sonso",-0.7339691750802,0.0237566607460036,0.108792184724689
"112","100628a","Action_17","Morph_39","DN","Followme","Hitobject","HitObject.1","Sonso",-0.44628710262842,0.0430728241563055,0.0559502664298401
"113","100629p2","Action_34","Morph_65","DN","Followme","Objectshake","ObjectShake.1","Sonso",0.985816794522765,0.0746003552397869,0.108792184724689
"114","100635p1","Action_34","Morph_65","DN","Followme","Objectshake","ObjectShake.1","Sonso",0.418710334858185,0.0746003552397869,0.108792184724689
"115","100653a","Action_57","Morph_115","DN","Followme","Stompobject","StompObject.1","Sonso",-0.0408219945202552,0.0337477797513321,0.0424067495559503
"116","100654","Action_24","Morph_51","DN","Followme","Jump","Jump.1","Sonso",-0.328504066972036,0.00732682060390764,0.00732682060390764
"117","100631p1","Action_34","Morph_66","DN","Followme","Objectshake","ObjectShake.2","Sonso",0.336472236621213,0.0237566607460036,0.108792184724689
"118","100655","Action_24","Morph_51","DN","Followme","Jump","Jump.1","Sonso",-0.083381608939051,0.00732682060390764,0.00732682060390764
"119","100655","Action_57","Morph_115","DN","Followme","Stompobject","StompObject.1","Sonso",-0.653926467406664,0.0337477797513321,0.0424067495559503
"120","100645p3","Action_57","Morph_115","DN","Followme","Stompobject","StompObject.1","Sonso",-0.653926467406664,0.0337477797513321,0.0424067495559503
"121","100629p2","Action_34","Morph_65","DN","Followme","Objectshake","ObjectShake.1","Sonso",1.76473079684014,0.0746003552397869,0.108792184724689
"122","100651","Action_34","Morph_65","DN","Followme","Objectshake","ObjectShake.1","Sonso",1.13783300182139,0.0746003552397869,0.108792184724689
"123","100647","Action_33","Morph_61","DN","Followme","Objectmove","ObjectMove.1","Sonso",0.364643113587909,0.0317495559502664,0.0406305506216696
"124","100645p3","Action_34","Morph_65","DN","Followme","Objectshake","ObjectShake.1","Sonso",-0.127833371509885,0.0746003552397869,0.108792184724689
"125","100644p2","Action_34","Morph_66","DN","Followme","Objectshake","ObjectShake.2","Sonso",0.78845736036427,0.0237566607460036,0.108792184724689
"126","100645p3","Action_33","Morph_61","DN","Followme","Objectmove","ObjectMove.1","Sonso",-0.916290731874155,0.0317495559502664,0.0406305506216696
"127","100625","Action_34","Morph_65","DN","Followme","Objectshake","ObjectShake.1","Sonso",0.587786664902119,0.0746003552397869,0.108792184724689
"128","100634","Action_17","Morph_39","DN","Followme","Hitobject","HitObject.1","Sonso",0.0392207131532813,0.0430728241563055,0.0559502664298401
"129","100629p1","Action_34","Morph_65","DN","Followme","Objectshake","ObjectShake.1","Sonso",1.83098018238134,0.0746003552397869,0.108792184724689
"130","100639b","Action_49","Morph_NA","DN","Sociosexualattention","Rub",NA,"Sonso",1.880990602956,0.0159857904085258,0.0066607460035524
"131","100635p1","Action_34","Morph_66","DN","Followme","Objectshake","ObjectShake.2","Sonso",1.82454929205105,0.0237566607460036,0.108792184724689
"132","100647","Action_60","Morph_NA","DN","Followme","Swing",NA,"Sonso",0.182321556793955,0.0159857904085258,0.0475133214920071
"133","100654","Action_17","Morph_40","DN","Followme","Hitobject","HitObject.2","Sonso",-0.916290731874155,0.0119893428063943,0.0559502664298401
"134","100623","Action_34","Morph_65","DN","Followme","Objectshake","ObjectShake.1","Sonso",0.65232518603969,0.0746003552397869,0.108792184724689
"135","100645p3","Action_17","Morph_39","DN","Followme","Hitobject","HitObject.1","Sonso",0.215111379616945,0.0430728241563055,0.0559502664298401
"136","100637p5","Action_34","Morph_66","DN","Followme","Objectshake","ObjectShake.2","Sonso",0.307484699747961,0.0237566607460036,0.108792184724689
"137","100645p3","Action_24","Morph_51","DN","Followme","Jump","Jump.1","Sonso",-0.44628710262842,0.00732682060390764,0.00732682060390764
"138","100629p2","Action_34","Morph_66","DN","Followme","Objectshake","ObjectShake.2","Sonso",0.970778917158225,0.0237566607460036,0.108792184724689
"139","100650","Action_34","Morph_69","DN","Followme","Objectshake","ObjectShake.5","Sonso",0.89199803930511,0.0011101243339254,0.108792184724689
"140","100634","Action_34","Morph_65","DN","Followme","Objectshake","ObjectShake.1","Sonso",1.41585316336144,0.0746003552397869,0.108792184724689
"141","100641a","Action_34","Morph_65","DN","Followme","Objectshake","ObjectShake.1","Sonso",0.0760346862759976,0.0746003552397869,0.108792184724689
"142","100629p2","Action_34","Morph_65","DN","Followme","Objectshake","ObjectShake.1","Sonso",1.08518926833597,0.0746003552397869,0.108792184724689
"143","100642","Action_34","Morph_65","DN","Followme","Objectshake","ObjectShake.1","Sonso",0.609765571620894,0.0746003552397869,0.108792184724689
"144","100654","Action_24","Morph_51","DN","Followme","Jump","Jump.1","Sonso",-0.328504066972036,0.00732682060390764,0.00732682060390764
"145","100645p2","Action_34","Morph_65","DN","Followme","Objectshake","ObjectShake.1","Sonso",0.806475865866949,0.0746003552397869,0.108792184724689
"146","100647","Action_33","Morph_61","DN","Followme","Objectmove","ObjectMove.1","Sonso",-0.385662480811985,0.0317495559502664,0.0406305506216696
"147","100626","Action_34","Morph_65","DN","Followme","Objectshake","ObjectShake.1","Sonso",1.44456326924387,0.0746003552397869,0.108792184724689
"148","100645p3","Action_34","Morph_65","DN","Followme","Objectshake","ObjectShake.1","Sonso",1.00063188030791,0.0746003552397869,0.108792184724689
"149","100625","Action_34","Morph_66","DN","Followme","Objectshake","ObjectShake.2","Sonso",1.18784342239605,0.0237566607460036,0.108792184724689
"150","100643p1","Action_61","Morph_130","DN","Followme","Throwobject","ThrowObject.1","Sonso",-0.653926467406664,0.00244227353463588,0.00244227353463588
"151","100637p1","Action_34","Morph_65","DN","Followme","Objectshake","ObjectShake.1","Sonso",0.940007258491471,0.0746003552397869,0.108792184724689
"152","100624","Action_34","Morph_65","DN","Followme","Objectshake","ObjectShake.1","Sonso",1.49962304642689,0.0746003552397869,0.108792184724689
"153","100648","Action_34","Morph_65","DN","Followme","Objectshake","ObjectShake.1","Sonso",0.307484699747961,0.0746003552397869,0.108792184724689
"154","100637p5","Action_34","Morph_65","DN","Followme","Objectshake","ObjectShake.1","Sonso",0.732367893713227,0.0746003552397869,0.108792184724689
"155","100629p2","Action_34","Morph_66","DN","Followme","Objectshake","ObjectShake.2","Sonso",0.56531380905006,0.0237566607460036,0.108792184724689
"156","100644p1","Action_60","Morph_127","DN","Followme","Swing","Swing.1","Sonso",0.0769610411361284,0.0428507992895204,0.0475133214920071
"157","100645p3","Action_34","Morph_65","DN","Followme","Objectshake","ObjectShake.1","Sonso",0,0.0746003552397869,0.108792184724689
"158","100644p1","Action_34","Morph_66","DN","Followme","Objectshake","ObjectShake.2","Sonso",1.07158361628019,0.0237566607460036,0.108792184724689
"159","100637p5","Action_17","Morph_39","DN","Followme","Hitobject","HitObject.1","Sonso",-0.510825623765991,0.0430728241563055,0.0559502664298401
"160","100655","Action_34","Morph_65","DN","Followme","Objectshake","ObjectShake.1","Sonso",1.23547147138531,0.0746003552397869,0.108792184724689
"161","100628a","Action_34","Morph_65","DN","Followme","Objectshake","ObjectShake.1","Sonso",0.215111379616945,0.0746003552397869,0.108792184724689
"162","100624","Action_17","Morph_39","DN","Followme","Hitobject","HitObject.1","Sonso",0.0392207131532813,0.0430728241563055,0.0559502664298401
"163","100651","Action_34","Morph_65","DN","Followme","Objectshake","ObjectShake.1","Sonso",1.05779029414785,0.0746003552397869,0.108792184724689
"164","100625","Action_34","Morph_66","DN","Followme","Objectshake","ObjectShake.2","Sonso",1.75785791755237,0.0237566607460036,0.108792184724689
"165","100643p2","Action_34","Morph_65","DN","Followme","Objectshake","ObjectShake.1","Sonso",1.67147330335355,0.0746003552397869,0.108792184724689
"166","100647","Action_34","Morph_65","DN","Followme","Objectshake","ObjectShake.1","Sonso",-0.083381608939051,0.0746003552397869,0.108792184724689
"167","100631p1","Action_34","Morph_66","DN","Followme","Objectshake","ObjectShake.2","Sonso",1.17557332980424,0.0237566607460036,0.108792184724689
"168","100637p4","Action_34","Morph_66","DN","Followme","Objectshake","ObjectShake.2","Sonso",2.04898233419513,0.0237566607460036,0.108792184724689
"169","100624","Action_34","Morph_65","DN","Followme","Objectshake","ObjectShake.1","Sonso",0.8754687373539,0.0746003552397869,0.108792184724689
"170","100645p3","Action_34","Morph_65","DN","Followme","Objectshake","ObjectShake.1","Sonso",0,0.0746003552397869,0.108792184724689
"171","100631p1","Action_34","Morph_66","DN","Followme","Objectshake","ObjectShake.2","Sonso",1.45395300959371,0.0237566607460036,0.108792184724689
"172","100644p1","Action_57","Morph_115","DN","Followme","Stompobject","StompObject.1","Sonso",-0.510825623765991,0.0337477797513321,0.0424067495559503
"173","100645p3","Action_34","Morph_65","DN","Followme","Objectshake","ObjectShake.1","Sonso",-0.27443684570176,0.0746003552397869,0.108792184724689
"174","100637p1","Action_34","Morph_66","DN","Followme","Objectshake","ObjectShake.2","Sonso",1.57691472072854,0.0237566607460036,0.108792184724689
"175","100624","Action_34","Morph_65","DN","Followme","Objectshake","ObjectShake.1","Sonso",0.148420005118273,0.0746003552397869,0.108792184724689
"176","100625","Action_47","Morph_103","DN","Followme","Rockingsit","Rocking.1","Sonso",1.89311196348834,0.00377442273534636,0.00377442273534636
"177","100644p1","Action_17","Morph_39","DN","Followme","Hitobject","HitObject.1","Sonso",-0.328504066972036,0.0430728241563055,0.0559502664298401
"178","100648","Action_34","Morph_65","DN","Followme","Objectshake","ObjectShake.1","Sonso",0.307484699747961,0.0746003552397869,0.108792184724689
"179","100631p1","Action_34","Morph_66","DN","Followme","Objectshake","ObjectShake.2","Sonso",0.751416088683921,0.0237566607460036,0.108792184724689
"180","100637p5","Action_34","Morph_66","DN","Followme","Objectshake","ObjectShake.2","Sonso",0.542324290825362,0.0237566607460036,0.108792184724689
"181","100645p3","Action_60","Morph_127","DN","Followme","Swing","Swing.1","Sonso",-0.328504066972036,0.0428507992895204,0.0475133214920071
"182","100634","Action_34","Morph_66","DN","Followme","Objectshake","ObjectShake.2","Sonso",0.693147180559945,0.0237566607460036,0.108792184724689
"183","100635p1","Action_57","Morph_NA","DN","Followme","Stompobject",NA,"Sonso",-1.42711635564015,0.0159857904085258,0.0424067495559503
"184","100645p2","Action_60","Morph_127","DN","Followme","Swing","Swing.1","Sonso",0.542324290825362,0.0428507992895204,0.0475133214920071
"185","100645p1","Action_34","Morph_66","DN","Followme","Objectshake","ObjectShake.2","Sonso",0.631271776841858,0.0237566607460036,0.108792184724689
"186","100692","Action_42","Morph_93","DN","Position","Push","Push.6","Sonso",-0.44628710262842,0.0066607460035524,0.0466252220248668
"187","100691","Action_42","Morph_93","DN","Position","Push","Push.6","Sonso",-0.27443684570176,0.0066607460035524,0.0466252220248668
"188","100693","Action_42","Morph_93","DN","Position","Push","Push.6","Sonso",-0.22314355131421,0.0066607460035524,0.0466252220248668
"189","100701","Action_38","Morph_79","DN","Directattention","Present","Present.5","Sonso",2.09924416897602,0.00688277087033748,0.0492895204262877
"190","100449","Action_11","Morph_22","DN","Play","Embrace","Embrace.1","Sonso",1.24703229378638,0.00288632326820604,0.005550621669627
"191","102386","Action_63","Morph_132","DN","Stopbehaviour","Touch","Touch.1","Sonso",-0.7339691750802,0.0104351687388988,0.0341918294849023
"192","102385b","Action_13","Morph_28","DN","Stopbehaviour","Fling","Fling.2","Sonso",-0.879476758751439,0.00488454706927176,0.0117673179396092
"193","100695","Action_38","Morph_78","DN","Groom","Present","Present.4","Sonso",0.65232518603969,0.00288632326820604,0.0492895204262877
"194","100607","Action_34","Morph_69","DN","Followme","Objectshake","ObjectShake.5","Sonso",0.336472236621213,0.0011101243339254,0.108792184724689
"195","100600","Action_49","Morph_105","DN","Followme","Rub","Rub.1","Sonso",1.18784342239605,0.0044404973357016,0.0066607460035524
"196","100578","Action_34","Morph_65","DN","Followme","Objectshake","ObjectShake.1","Sonso",1.78507048107726,0.0746003552397869,0.108792184724689
"197","100595a","Action_22","Morph_43","DN","Followme","Hittingobjectobject","HitObject.5","Sonso",0.444685821261446,0.0044404973357016,0.00266429840142096
"198","100595a","Action_34","Morph_65","DN","Followme","Objectshake","ObjectShake.1","Sonso",0.182321556793955,0.0746003552397869,0.108792184724689
"199","100518","Action_34","Morph_65","DN","Followme","Objectshake","ObjectShake.1","Sonso",1.708377860289,0.0746003552397869,0.108792184724689
"200","100499","Action_61","Morph_130","DN","Followme","Throwobject","ThrowObject.1","Sonso",-0.82098055206983,0.00244227353463588,0.00244227353463588
"201","100500","Action_34","Morph_65","DN","Followme","Objectshake","ObjectShake.1","Sonso",1.11185751541813,0.0746003552397869,0.108792184724689
"202","100499","Action_33","Morph_62","DN","Followme","Objectmove","ObjectMove.2","Sonso",-0.510825623765991,0.00643872113676732,0.0406305506216696
"203","100595a","Action_34","Morph_65","DN","Followme","Objectshake","ObjectShake.1","Sonso",0.494696241836107,0.0746003552397869,0.108792184724689
"204","100515","Action_34","Morph_65","DN","Followme","Objectshake","ObjectShake.1","Sonso",1.3244189574018,0.0746003552397869,0.108792184724689
"205","100590p2","Action_34","Morph_65","DN","Followme","Objectshake","ObjectShake.1","Sonso",0.113328685307003,0.0746003552397869,0.108792184724689
"206","100601","Action_22","Morph_43","DN","Followme","Hittingobjectobject","HitObject.5","Sonso",2.33795223683134,0.0044404973357016,0.00266429840142096
"207","100606","Action_34","Morph_66","DN","Followme","Objectshake","ObjectShake.2","Sonso",1.04380405217311,0.0237566607460036,0.108792184724689
"208","100575","Action_50","Morph_107","DN","Followme","Shake","Shake.1","Sonso",1.09861228866811,0.00355239786856128,0.0122113676731794
"209","100594","Action_34","Morph_65","DN","Followme","Objectshake","ObjectShake.1","Sonso",0.336472236621213,0.0746003552397869,0.108792184724689
"210","100601","Action_18","Morph_39","DN","Followme","Hitobjectobject","HitObject.1","Sonso",0.518793793415168,0.0430728241563055,0.00466252220248668
"211","100589","Action_34","Morph_65","DN","Followme","Objectshake","ObjectShake.1","Sonso",0.392042087776024,0.0746003552397869,0.108792184724689
"212","100594","Action_24","Morph_51","DN","Followme","Jump","Jump.1","Sonso",-0.385662480811985,0.00732682060390764,0.00732682060390764
"213","100578","Action_34","Morph_65","DN","Followme","Objectshake","ObjectShake.1","Sonso",2.52732736567195,0.0746003552397869,0.108792184724689
"214","100501","Action_34","Morph_65","DN","Followme","Objectshake","ObjectShake.1","Sonso",1.18784342239605,0.0746003552397869,0.108792184724689
"215","100509","Action_60","Morph_127","DN","Followme","Swing","Swing.1","Sonso",0.712949807856125,0.0428507992895204,0.0475133214920071
"216","100499","Action_60","Morph_127","DN","Followme","Swing","Swing.1","Sonso",0.148420005118273,0.0428507992895204,0.0475133214920071
"217","100498","Action_60","Morph_NA","DN","Followme","Swing",NA,"Sonso",1.33500106673234,0.0159857904085258,0.0475133214920071
"218","100516p2","Action_34","Morph_65","DN","Followme","Objectshake","ObjectShake.1","Sonso",2.25339484880327,0.0746003552397869,0.108792184724689
"219","100586","Action_34","Morph_66","DN","Followme","Objectshake","ObjectShake.2","Sonso",1.30291275218084,0.0237566607460036,0.108792184724689
"220","100511p1","Action_33","Morph_64","DN","Followme","Objectmove","ObjectMove.4","Sonso",-0.127833371509885,0.00066607460035524,0.0406305506216696
"221","100596","Action_34","Morph_65","DN","Followme","Objectshake","ObjectShake.1","Sonso",1.21194097397511,0.0746003552397869,0.108792184724689
"222","100578","Action_34","Morph_65","DN","Followme","Objectshake","ObjectShake.1","Sonso",1.91692261218206,0.0746003552397869,0.108792184724689
"223","100602p2","Action_34","Morph_65","DN","Followme","Objectshake","ObjectShake.1","Sonso",1.79840401194672,0.0746003552397869,0.108792184724689
"224","100590p1","Action_17","Morph_41","DN","Followme","Hitobject","HitObject.3","Sonso",-0.44628710262842,0.00510657193605684,0.0559502664298401
"225","100586","Action_34","Morph_65","DN","Followme","Objectshake","ObjectShake.1","Sonso",0.444685821261446,0.0746003552397869,0.108792184724689
"226","100508","Action_34","Morph_65","DN","Followme","Objectshake","ObjectShake.1","Sonso",2.13298230860787,0.0746003552397869,0.108792184724689
"227","100601","Action_34","Morph_66","DN","Followme","Objectshake","ObjectShake.2","Sonso",1.64093657949347,0.0237566607460036,0.108792184724689
"228","100579","Action_34","Morph_65","DN","Followme","Objectshake","ObjectShake.1","Sonso",1.77833644889591,0.0746003552397869,0.108792184724689
"229","100601","Action_34","Morph_65","DN","Followme","Objectshake","ObjectShake.1","Sonso",1.35583515363518,0.0746003552397869,0.108792184724689
"230","100578","Action_60","Morph_127","DN","Followme","Swing","Swing.1","Sonso",0.0392207131532813,0.0428507992895204,0.0475133214920071
"231","100519","Action_34","Morph_65","DN","Followme","Objectshake","ObjectShake.1","Sonso",0.732367893713227,0.0746003552397869,0.108792184724689
"232","100508","Action_60","Morph_127","DN","Followme","Swing","Swing.1","Sonso",0.693147180559945,0.0428507992895204,0.0475133214920071
"233","100595a","Action_33","Morph_NA","DN","Followme","Objectmove",NA,"Sonso",0.65232518603969,0.0159857904085258,0.0406305506216696
"234","100500","Action_61","Morph_130","DN","Followme","Throwobject","ThrowObject.1","Sonso",0.418710334858185,0.00244227353463588,0.00244227353463588
"235","100589","Action_34","Morph_65","DN","Followme","Objectshake","ObjectShake.1","Sonso",0.8754687373539,0.0746003552397869,0.108792184724689
"236","100593","Action_33","Morph_61","DN","Followme","Objectmove","ObjectMove.1","Sonso",1.68639895357023,0.0317495559502664,0.0406305506216696
"237","100591","Action_34","Morph_65","DN","Followme","Objectshake","ObjectShake.1","Sonso",-0.127833371509885,0.0746003552397869,0.108792184724689
"238","100500","Action_33","Morph_62","DN","Followme","Objectmove","ObjectMove.2","Sonso",0.841567185678219,0.00643872113676732,0.0406305506216696
"239","100589","Action_17","Morph_41","DN","Followme","Hitobject","HitObject.3","Sonso",-0.510825623765991,0.00510657193605684,0.0559502664298401
"240","100511p1","Action_57","Morph_115","DN","Followme","Stompobject","StompObject.1","Sonso",-0.7339691750802,0.0337477797513321,0.0424067495559503
"241","100588","Action_34","Morph_66","DN","Followme","Objectshake","ObjectShake.2","Sonso",1.64865862558738,0.0237566607460036,0.108792184724689
"242","100595a","Action_57","Morph_115","DN","Followme","Stompobject","StompObject.1","Sonso",-1.02165124753198,0.0337477797513321,0.0424067495559503
"243","100608","Action_42","Morph_92","DN","Position","Push","Push.5","Sonso",0.182321556793955,0.0066607460035524,0.0466252220248668
"244","100605","Action_34","Morph_65","DN","Followme","Objectshake","ObjectShake.1","Sonso",0.336472236621213,0.0746003552397869,0.108792184724689
"245","100557","Action_34","Morph_65","DN","Followme","Objectshake","ObjectShake.1","Sonso",0.970778917158225,0.0746003552397869,0.108792184724689
"246","100515","Action_33","Morph_61","DN","Followme","Objectmove","ObjectMove.1","Sonso",0.770108221696074,0.0317495559502664,0.0406305506216696
"247","100519","Action_34","Morph_65","DN","Followme","Objectshake","ObjectShake.1","Sonso",0.89199803930511,0.0746003552397869,0.108792184724689
"248","100597","Action_33","Morph_61","DN","Followme","Objectmove","ObjectMove.1","Sonso",1.41585316336144,0.0317495559502664,0.0406305506216696
"249","100518","Action_60","Morph_127","DN","Followme","Swing","Swing.1","Sonso",-0.0408219945202552,0.0428507992895204,0.0475133214920071
"250","100504","Action_34","Morph_65","DN","Followme","Objectshake","ObjectShake.1","Sonso",1.21194097397511,0.0746003552397869,0.108792184724689
"251","100559","Action_34","Morph_65","DN","Followme","Objectshake","ObjectShake.1","Sonso",1.88706964903238,0.0746003552397869,0.108792184724689
"252","100602p1","Action_34","Morph_65","DN","Followme","Objectshake","ObjectShake.1","Sonso",2.70001802940495,0.0746003552397869,0.108792184724689
"253","100498","Action_33","Morph_61","DN","Followme","Objectmove","ObjectMove.1","Sonso",0.215111379616945,0.0317495559502664,0.0406305506216696
"254","100516p3","Action_33","Morph_61","DN","Followme","Objectmove","ObjectMove.1","Sonso",1.1999647829284,0.0317495559502664,0.0406305506216696
"255","100557","Action_34","Morph_65","DN","Followme","Objectshake","ObjectShake.1","Sonso",1.56024766824333,0.0746003552397869,0.108792184724689
"256","100593","Action_22","Morph_43","DN","Followme","Hittingobjectobject","HitObject.5","Sonso",0.56531380905006,0.0044404973357016,0.00266429840142096
"257","100577","Action_34","Morph_65","DN","Sexualattention","Objectshake","ObjectShake.1","Sonso",1.43508452528932,0.0746003552397869,0.108792184724689
"258","100498","Action_60","Morph_127","DN","Followme","Swing","Swing.1","Sonso",0.148420005118273,0.0428507992895204,0.0475133214920071
"259","100509","Action_33","Morph_61","DN","Followme","Objectmove","ObjectMove.1","Sonso",0.364643113587909,0.0317495559502664,0.0406305506216696
"260","100509","Action_33","Morph_61","DN","Followme","Objectmove","ObjectMove.1","Sonso",0.924258901523332,0.0317495559502664,0.0406305506216696
"261","100517","Action_34","Morph_65","DN","Followme","Objectshake","ObjectShake.1","Sonso",1.01523067972906,0.0746003552397869,0.108792184724689
"262","100597","Action_33","Morph_61","DN","Followme","Objectmove","ObjectMove.1","Sonso",0.494696241836107,0.0317495559502664,0.0406305506216696
"263","100578","Action_34","Morph_65","DN","Followme","Objectshake","ObjectShake.1","Sonso",1.00063188030791,0.0746003552397869,0.108792184724689
"264","100589","Action_24","Morph_51","DN","Followme","Jump","Jump.1","Sonso",-0.385662480811985,0.00732682060390764,0.00732682060390764
"265","100585","Action_34","Morph_65","DN","Followme","Objectshake","ObjectShake.1","Sonso",1.70110510095992,0.0746003552397869,0.108792184724689
"266","100600","Action_34","Morph_65","DN","Followme","Objectshake","ObjectShake.1","Sonso",0.908258560176891,0.0746003552397869,0.108792184724689
"267","100575","Action_34","Morph_65","DN","Followme","Objectshake","ObjectShake.1","Sonso",1.64865862558738,0.0746003552397869,0.108792184724689
"268","100519","Action_34","Morph_65","DN","Followme","Objectshake","ObjectShake.1","Sonso",0.418710334858185,0.0746003552397869,0.108792184724689
"269","100607","Action_34","Morph_66","DN","Followme","Objectshake","ObjectShake.2","Sonso",0.364643113587909,0.0237566607460036,0.108792184724689
"270","100519","Action_34","Morph_65","DN","Followme","Objectshake","ObjectShake.1","Sonso",0.113328685307003,0.0746003552397869,0.108792184724689
"271","100589","Action_34","Morph_66","DN","Followme","Objectshake","ObjectShake.2","Sonso",1.11185751541813,0.0237566607460036,0.108792184724689
"272","100595a","Action_34","Morph_69","DN","Followme","Objectshake","ObjectShake.5","Sonso",0.246860077931526,0.0011101243339254,0.108792184724689
"273","100557","Action_34","Morph_65","DN","Followme","Objectshake","ObjectShake.1","Sonso",0.770108221696074,0.0746003552397869,0.108792184724689
"274","100578","Action_34","Morph_65","DN","Followme","Objectshake","ObjectShake.1","Sonso",1.70110510095992,0.0746003552397869,0.108792184724689
"275","100510","Action_34","Morph_65","DN","Sexualattention","Objectshake","ObjectShake.1","Sonso",0.336472236621213,0.0746003552397869,0.108792184724689
"276","100589","Action_34","Morph_66","DN","Followme","Objectshake","ObjectShake.2","Sonso",1.11185751541813,0.0237566607460036,0.108792184724689
"277","100515","Action_57","Morph_115","DN","Followme","Stompobject","StompObject.1","Sonso",-0.44628710262842,0.0337477797513321,0.0424067495559503
"278","100507","Action_33","Morph_61","DN","Followme","Objectmove","ObjectMove.1","Sonso",0.587786664902119,0.0317495559502664,0.0406305506216696
"279","100601","Action_34","Morph_66","DN","Followme","Objectshake","ObjectShake.2","Sonso",1.44456326924387,0.0237566607460036,0.108792184724689
"280","100578","Action_34","Morph_65","DN","Followme","Objectshake","ObjectShake.1","Sonso",2.08442908319087,0.0746003552397869,0.108792184724689
"281","100519","Action_34","Morph_65","DN","Followme","Objectshake","ObjectShake.1","Sonso",0.770108221696074,0.0746003552397869,0.108792184724689
"282","100599","Action_34","Morph_65","DN","Followme","Objectshake","ObjectShake.1","Sonso",1.1999647829284,0.0746003552397869,0.108792184724689
"283","100513","Action_34","Morph_68","DN","Followme","Objectshake","ObjectShake.4","Sonso",1.09861228866811,0.00288632326820604,0.108792184724689
"284","100602p1","Action_34","Morph_65","DN","Followme","Objectshake","ObjectShake.1","Sonso",2.11866225483312,0.0746003552397869,0.108792184724689
"285","100590p2","Action_17","Morph_39","DN","Followme","Hitobject","HitObject.1","Sonso",-0.7339691750802,0.0430728241563055,0.0559502664298401
"286","100586","Action_17","Morph_39","DN","Followme","Hitobject","HitObject.1","Sonso",0.0769610411361284,0.0430728241563055,0.0559502664298401
"287","100594","Action_18","Morph_40","DN","Followme","Hitobjectobject","HitObject.2","Sonso",-0.44628710262842,0.0119893428063943,0.00466252220248668
"288","100596","Action_60","Morph_127","DN","Followme","Swing","Swing.1","Sonso",-0.22314355131421,0.0428507992895204,0.0475133214920071
"289","100591","Action_34","Morph_65","DN","Followme","Objectshake","ObjectShake.1","Sonso",2.20165917440409,0.0746003552397869,0.108792184724689
"290","100582","Action_17","Morph_39","DN","Stopbehaviour","Hitobject","HitObject.1","Sonso",-0.385662480811985,0.0430728241563055,0.0559502664298401
"291","100508","Action_49","Morph_105","DN","Followme","Rub","Rub.1","Sonso",2.07442899985629,0.0044404973357016,0.0066607460035524
"292","100593","Action_18","Morph_39","DN","Followme","Hitobjectobject","HitObject.1","Sonso",0,0.0430728241563055,0.00466252220248668
"293","100507","Action_33","Morph_61","DN","Followme","Objectmove","ObjectMove.1","Sonso",1.18784342239605,0.0317495559502664,0.0406305506216696
"294","100578","Action_17","Morph_39","DN","Followme","Hitobject","HitObject.1","Sonso",-0.174353387144778,0.0430728241563055,0.0559502664298401
"295","100508","Action_60","Morph_127","DN","Followme","Swing","Swing.1","Sonso",0.336472236621213,0.0428507992895204,0.0475133214920071
"296","100518","Action_60","Morph_127","DN","Followme","Swing","Swing.1","Sonso",-0.44628710262842,0.0428507992895204,0.0475133214920071
"297","100509","Action_61","Morph_130","DN","Followme","Throwobject","ThrowObject.1","Sonso",-0.0408219945202552,0.00244227353463588,0.00244227353463588
"298","100511p1","Action_33","Morph_61","DN","Followme","Objectmove","ObjectMove.1","Sonso",-0.27443684570176,0.0317495559502664,0.0406305506216696
"299","100587","Action_34","Morph_65","DN","Followme","Objectshake","ObjectShake.1","Sonso",1.67147330335355,0.0746003552397869,0.108792184724689
"300","100597","Action_33","Morph_61","DN","Followme","Objectmove","ObjectMove.1","Sonso",0.444685821261446,0.0317495559502664,0.0406305506216696
"301","100601","Action_34","Morph_65","DN","Followme","Objectshake","ObjectShake.1","Sonso",1.63315443905142,0.0746003552397869,0.108792184724689
"302","100594","Action_34","Morph_65","DN","Followme","Objectshake","ObjectShake.1","Sonso",1.62531126159039,0.0746003552397869,0.108792184724689
"303","100594","Action_34","Morph_65","DN","Followme","Objectshake","ObjectShake.1","Sonso",1.67147330335355,0.0746003552397869,0.108792184724689
"304","100586","Action_34","Morph_65","DN","Followme","Objectshake","ObjectShake.1","Sonso",1.87487437593856,0.0746003552397869,0.108792184724689
"305","100579","Action_34","Morph_66","DN","Followme","Objectshake","ObjectShake.2","Sonso",2.24495598015741,0.0237566607460036,0.108792184724689
"306","100580","Action_34","Morph_65","DN","Followme","Objectshake","ObjectShake.1","Sonso",2.41233595695316,0.0746003552397869,0.108792184724689
"307","100595a","Action_57","Morph_NA","DN","Followme","Stompobject",NA,"Sonso",-1.27296567581289,0.0159857904085258,0.0424067495559503
"308","100591","Action_34","Morph_65","DN","Followme","Objectshake","ObjectShake.1","Sonso",0.841567185678219,0.0746003552397869,0.108792184724689
"309","100575","Action_34","Morph_66","DN","Followme","Objectshake","ObjectShake.2","Sonso",1.21194097397511,0.0237566607460036,0.108792184724689
"310","100508","Action_17","Morph_39","DN","Followme","Hitobject","HitObject.1","Sonso",-0.083381608939051,0.0430728241563055,0.0559502664298401
"311","100580","Action_33","Morph_61","DN","Followme","Objectmove","ObjectMove.1","Sonso",0.631271776841858,0.0317495559502664,0.0406305506216696
"312","100577","Action_34","Morph_66","DN","Sexualattention","Objectshake","ObjectShake.2","Sonso",2.45100509811232,0.0237566607460036,0.108792184724689
"313","100601","Action_34","Morph_65","DN","Followme","Objectshake","ObjectShake.1","Sonso",0.494696241836107,0.0746003552397869,0.108792184724689
"314","100508","Action_34","Morph_65","DN","Followme","Objectshake","ObjectShake.1","Sonso",2.18380155700408,0.0746003552397869,0.108792184724689
"315","100595a","Action_18","Morph_39","DN","Followme","Hitobjectobject","HitObject.1","Sonso",0.27763173659828,0.0430728241563055,0.00466252220248668
"316","100575","Action_34","Morph_65","DN","Followme","Objectshake","ObjectShake.1","Sonso",2.79239134953596,0.0746003552397869,0.108792184724689
"317","100577","Action_34","Morph_66","DN","Sexualattention","Objectshake","ObjectShake.2","Sonso",2.2364452904895,0.0237566607460036,0.108792184724689
"318","100557","Action_33","Morph_61","DN","Followme","Objectmove","ObjectMove.1","Sonso",0.27763173659828,0.0317495559502664,0.0406305506216696
"319","100595a","Action_34","Morph_65","DN","Followme","Objectshake","ObjectShake.1","Sonso",1.26976054486394,0.0746003552397869,0.108792184724689
"320","100509","Action_33","Morph_62","DN","Followme","Objectmove","ObjectMove.2","Sonso",-0.083381608939051,0.00643872113676732,0.0406305506216696
"321","100498","Action_33","Morph_62","DN","Followme","Objectmove","ObjectMove.2","Sonso",1.49962304642689,0.00643872113676732,0.0406305506216696
"322","100519","Action_33","Morph_61","DN","Followme","Objectmove","ObjectMove.1","Sonso",0.955511445027436,0.0317495559502664,0.0406305506216696
"323","100504","Action_22","Morph_43","DN","Followme","Hittingobjectobject","HitObject.5","Sonso",0.148420005118273,0.0044404973357016,0.00266429840142096
"324","100558","Action_60","Morph_127","DN","Followme","Swing","Swing.1","Sonso",0.148420005118273,0.0428507992895204,0.0475133214920071
"325","100503","Action_34","Morph_65","DN","Followme","Objectshake","ObjectShake.1","Sonso",1.05779029414785,0.0746003552397869,0.108792184724689
"326","100504","Action_18","Morph_39","DN","Followme","Hitobjectobject","HitObject.1","Sonso",-0.27443684570176,0.0430728241563055,0.00466252220248668
"327","100588","Action_34","Morph_65","DN","Followme","Objectshake","ObjectShake.1","Sonso",1.708377860289,0.0746003552397869,0.108792184724689
"328","100593","Action_34","Morph_65","DN","Followme","Objectshake","ObjectShake.1","Sonso",0.364643113587909,0.0746003552397869,0.108792184724689
"329","100507","Action_34","Morph_65","DN","Followme","Objectshake","ObjectShake.1","Sonso",0.27763173659828,0.0746003552397869,0.108792184724689
"330","100590p2","Action_34","Morph_65","DN","Followme","Objectshake","ObjectShake.1","Sonso",0.732367893713227,0.0746003552397869,0.108792184724689
"331","100591","Action_34","Morph_65","DN","Followme","Objectshake","ObjectShake.1","Sonso",-0.127833371509885,0.0746003552397869,0.108792184724689
"332","100600","Action_24","Morph_51","DN","Followme","Jump","Jump.1","Sonso",-0.653926467406664,0.00732682060390764,0.00732682060390764
"333","100513","Action_33","Morph_62","DN","Followme","Objectmove","ObjectMove.2","Sonso",0.751416088683921,0.00643872113676732,0.0406305506216696
"334","100592","Action_49","Morph_105","DN","Sociosexualattention","Rub","Rub.1","Sonso",1.72988406550997,0.0044404973357016,0.0066607460035524
"335","100508","Action_60","Morph_127","DN","Followme","Swing","Swing.1","Sonso",0.418710334858185,0.0428507992895204,0.0475133214920071
"336","100501","Action_17","Morph_39","DN","Followme","Hitobject","HitObject.1","Sonso",-0.083381608939051,0.0430728241563055,0.0559502664298401
"337","100575","Action_34","Morph_66","DN","Followme","Objectshake","ObjectShake.2","Sonso",1.69377906086785,0.0237566607460036,0.108792184724689
"338","100511p1","Action_60","Morph_127","DN","Followme","Swing","Swing.1","Sonso",0.444685821261446,0.0428507992895204,0.0475133214920071
"339","100581","Action_34","Morph_65","DN","Followme","Objectshake","ObjectShake.1","Sonso",1.85629799036563,0.0746003552397869,0.108792184724689
"340","100600","Action_34","Morph_65","DN","Followme","Objectshake","ObjectShake.1","Sonso",1.07158361628019,0.0746003552397869,0.108792184724689
"341","100498","Action_33","Morph_61","DN","Followme","Objectmove","ObjectMove.1","Sonso",-0.0408219945202552,0.0317495559502664,0.0406305506216696
"342","100589","Action_34","Morph_65","DN","Followme","Objectshake","ObjectShake.1","Sonso",1.33500106673234,0.0746003552397869,0.108792184724689
"343","100594","Action_34","Morph_65","DN","Followme","Objectshake","ObjectShake.1","Sonso",-0.22314355131421,0.0746003552397869,0.108792184724689
"344","100508","Action_33","Morph_62","DN","Followme","Objectmove","ObjectMove.2","Sonso",0.336472236621213,0.00643872113676732,0.0406305506216696
"345","100590p3","Action_34","Morph_65","DN","Followme","Objectshake","ObjectShake.1","Sonso",2.11384296839717,0.0746003552397869,0.108792184724689
"346","100595a","Action_55","Morph_116","DN","Followme","Stompingobject","StompObject.2","Sonso",0,0.0148756660746004,0.0230905861456483
"347","100606","Action_34","Morph_65","DN","Followme","Objectshake","ObjectShake.1","Sonso",0.732367893713227,0.0746003552397869,0.108792184724689
"348","100507","Action_34","Morph_65","DN","Followme","Objectshake","ObjectShake.1","Sonso",1.01523067972906,0.0746003552397869,0.108792184724689
"349","100504","Action_34","Morph_65","DN","Followme","Objectshake","ObjectShake.1","Sonso",1.16315080980568,0.0746003552397869,0.108792184724689
"350","100498","Action_33","Morph_61","DN","Followme","Objectmove","ObjectMove.1","Sonso",-0.127833371509885,0.0317495559502664,0.0406305506216696
"351","100515","Action_34","Morph_65","DN","Followme","Objectshake","ObjectShake.1","Sonso",0.444685821261446,0.0746003552397869,0.108792184724689
"352","100590p2","Action_33","Morph_NA","DN","Followme","Objectmove",NA,"Sonso",-0.22314355131421,0.0159857904085258,0.0406305506216696
"353","100503","Action_33","Morph_61","DN","Followme","Objectmove","ObjectMove.1","Sonso",1.39624469197306,0.0317495559502664,0.0406305506216696
"354","100598","Action_34","Morph_65","DN","Followme","Objectshake","ObjectShake.1","Sonso",1.81807677754543,0.0746003552397869,0.108792184724689
"355","100511p2","Action_34","Morph_65","DN","Followme","Objectshake","ObjectShake.1","Sonso",2.19722457733622,0.0746003552397869,0.108792184724689
"356","100575","Action_34","Morph_66","DN","Followme","Objectshake","ObjectShake.2","Sonso",0.609765571620894,0.0237566607460036,0.108792184724689
"357","100607","Action_57","Morph_115","DN","Followme","Stompobject","StompObject.1","Sonso",-0.82098055206983,0.0337477797513321,0.0424067495559503
"358","100518","Action_24","Morph_51","DN","Followme","Jump","Jump.1","Sonso",-0.510825623765991,0.00732682060390764,0.00732682060390764
"359","100511p1","Action_33","Morph_61","DN","Followme","Objectmove","ObjectMove.1","Sonso",0.631271776841858,0.0317495559502664,0.0406305506216696
"360","100588","Action_34","Morph_65","DN","Followme","Objectshake","ObjectShake.1","Sonso",2.27006190128849,0.0746003552397869,0.108792184724689
"361","100591","Action_49","Morph_105","DN","Followme","Rub","Rub.1","Sonso",1.64865862558738,0.0044404973357016,0.0066607460035524
"362","100500","Action_34","Morph_65","DN","Followme","Objectshake","ObjectShake.1","Sonso",0.732367893713227,0.0746003552397869,0.108792184724689
"363","100596","Action_57","Morph_115","DN","Followme","Stompobject","StompObject.1","Sonso",-0.510825623765991,0.0337477797513321,0.0424067495559503
"364","100519","Action_57","Morph_115","DN","Followme","Stompobject","StompObject.1","Sonso",-0.44628710262842,0.0337477797513321,0.0424067495559503
"365","100498","Action_2","Morph_4","DN","Followme","Bigloudscratch","BigLoudScratch.2","Sonso",1.42551507427317,0.019316163410302,0.0577264653641208
"366","100594","Action_50","Morph_108","DN","Followme","Shake","Shake.2","Sonso",0.0392207131532813,0.00466252220248668,0.0122113676731794
"367","100595a","Action_34","Morph_65","DN","Followme","Objectshake","ObjectShake.1","Sonso",1.15057202759882,0.0746003552397869,0.108792184724689
"368","100605","Action_34","Morph_66","DN","Followme","Objectshake","ObjectShake.2","Sonso",2.01223279198639,0.0237566607460036,0.108792184724689
"369","100508","Action_65","Morph_NA","DN","Followme","Wave",NA,"Sonso",-0.127833371509885,0.0159857904085258,0.00066607460035524
"370","100520","Action_34","Morph_65","DN","Groom","Objectshake","ObjectShake.1","Sonso",0.8754687373539,0.0746003552397869,0.108792184724689
"371","100590p2","Action_34","Morph_65","DN","Followme","Objectshake","ObjectShake.1","Sonso",0.824175442966349,0.0746003552397869,0.108792184724689
"372","100500","Action_17","Morph_39","DN","Followme","Hitobject","HitObject.1","Sonso",-0.127833371509885,0.0430728241563055,0.0559502664298401
"373","100593","Action_18","Morph_39","DN","Followme","Hitobjectobject","HitObject.1","Sonso",-0.916290731874155,0.0430728241563055,0.00466252220248668
"374","100507","Action_34","Morph_65","DN","Followme","Objectshake","ObjectShake.1","Sonso",0.113328685307003,0.0746003552397869,0.108792184724689
"375","100515","Action_33","Morph_61","DN","Followme","Objectmove","ObjectMove.1","Sonso",-0.22314355131421,0.0317495559502664,0.0406305506216696
"376","100520","Action_50","Morph_107","DN","Groom","Shake","Shake.1","Sonso",-0.127833371509885,0.00355239786856128,0.0122113676731794
"377","100514","Action_33","Morph_62","DN","Followme","Objectmove","ObjectMove.2","Sonso",0.148420005118273,0.00643872113676732,0.0406305506216696
"378","100557","Action_50","Morph_107","DN","Followme","Shake","Shake.1","Sonso",-0.174353387144778,0.00355239786856128,0.0122113676731794
"379","100508","Action_60","Morph_127","DN","Followme","Swing","Swing.1","Sonso",0.955511445027436,0.0428507992895204,0.0475133214920071
"380","100593","Action_22","Morph_43","DN","Followme","Hittingobjectobject","HitObject.5","Sonso",1.05779029414785,0.0044404973357016,0.00266429840142096
"381","100575","Action_34","Morph_65","DN","Followme","Objectshake","ObjectShake.1","Sonso",1.83098018238134,0.0746003552397869,0.108792184724689
"382","100596","Action_34","Morph_NA","DN","Followme","Objectshake",NA,"Sonso",0.113328685307003,0.0159857904085258,0.108792184724689
"383","100595a","Action_34","Morph_65","DN","Followme","Objectshake","ObjectShake.1","Sonso",0.336472236621213,0.0746003552397869,0.108792184724689
"384","100594","Action_34","Morph_65","DN","Followme","Objectshake","ObjectShake.1","Sonso",1.04380405217311,0.0746003552397869,0.108792184724689
"385","100498","Action_33","Morph_61","DN","Followme","Objectmove","ObjectMove.1","Sonso",0.470003629245736,0.0317495559502664,0.0406305506216696
"386","100559","Action_33","Morph_61","DN","Followme","Objectmove","ObjectMove.1","Sonso",-0.328504066972036,0.0317495559502664,0.0406305506216696
"387","100594","Action_34","Morph_66","DN","Followme","Objectshake","ObjectShake.2","Sonso",1.64093657949347,0.0237566607460036,0.108792184724689
"388","100596","Action_60","Morph_127","DN","Followme","Swing","Swing.1","Sonso",0.0769610411361284,0.0428507992895204,0.0475133214920071
"389","100511p2","Action_34","Morph_65","DN","Followme","Objectshake","ObjectShake.1","Sonso",0.924258901523332,0.0746003552397869,0.108792184724689
"390","100590p2","Action_34","Morph_65","DN","Followme","Objectshake","ObjectShake.1","Sonso",0.494696241836107,0.0746003552397869,0.108792184724689
"391","100593","Action_22","Morph_43","DN","Followme","Hittingobjectobject","HitObject.5","Sonso",0.470003629245736,0.0044404973357016,0.00266429840142096
"392","100595a","Action_22","Morph_43","DN","Followme","Hittingobjectobject","HitObject.5","Sonso",1.24703229378638,0.0044404973357016,0.00266429840142096
"393","100517","Action_34","Morph_65","DN","Followme","Objectshake","ObjectShake.1","Sonso",1.68639895357023,0.0746003552397869,0.108792184724689
"394","100607","Action_57","Morph_115","DN","Followme","Stompobject","StompObject.1","Sonso",-0.579818495252942,0.0337477797513321,0.0424067495559503
"395","100511p1","Action_33","Morph_63","DN","Followme","Objectmove","ObjectMove.3","Sonso",0.908258560176891,0.0011101243339254,0.0406305506216696
"396","100597","Action_34","Morph_65","DN","Followme","Objectshake","ObjectShake.1","Sonso",0.8754687373539,0.0746003552397869,0.108792184724689
"397","100594","Action_34","Morph_66","DN","Followme","Objectshake","ObjectShake.2","Sonso",-0.0418642040986989,0.0237566607460036,0.108792184724689
"398","100594","Action_49","Morph_105","DN","Followme","Rub","Rub.1","Sonso",1.92278773163446,0.0044404973357016,0.0066607460035524
"399","100557","Action_34","Morph_65","DN","Followme","Objectshake","ObjectShake.1","Sonso",1.04380405217311,0.0746003552397869,0.108792184724689
"400","100590p1","Action_34","Morph_65","DN","Followme","Objectshake","ObjectShake.1","Sonso",1.1999647829284,0.0746003552397869,0.108792184724689
"401","100515","Action_34","Morph_65","DN","Followme","Objectshake","ObjectShake.1","Sonso",1.72988406550997,0.0746003552397869,0.108792184724689
"402","100513","Action_34","Morph_68","DN","Followme","Objectshake","ObjectShake.4","Sonso",0.418710334858185,0.00288632326820604,0.108792184724689
"403","100514","Action_60","Morph_129","DN","Followme","Swing","Swing.3","Sonso",1.36609165380237,0.0011101243339254,0.0475133214920071
"404","100602p1","Action_33","Morph_61","DN","Followme","Objectmove","ObjectMove.1","Sonso",0.672944473242426,0.0317495559502664,0.0406305506216696
"405","100557","Action_33","Morph_61","DN","Followme","Objectmove","ObjectMove.1","Sonso",1.29198368164865,0.0317495559502664,0.0406305506216696
"406","100516p4","Action_34","Morph_65","DN","Followme","Objectshake","ObjectShake.1","Sonso",0.841567185678219,0.0746003552397869,0.108792184724689
"407","100515","Action_34","Morph_65","DN","Followme","Objectshake","ObjectShake.1","Sonso",0.940007258491471,0.0746003552397869,0.108792184724689
"408","100514","Action_33","Morph_61","DN","Followme","Objectmove","ObjectMove.1","Sonso",1.78507048107726,0.0317495559502664,0.0406305506216696
"409","100508","Action_34","Morph_65","DN","Followme","Objectshake","ObjectShake.1","Sonso",0.732367893713227,0.0746003552397869,0.108792184724689
"410","100500","Action_34","Morph_65","DN","Followme","Objectshake","ObjectShake.1","Sonso",1.30291275218084,0.0746003552397869,0.108792184724689
"411","100597","Action_17","Morph_39","DN","Followme","Hitobject","HitObject.1","Sonso",-0.083381608939051,0.0430728241563055,0.0559502664298401
"412","100589","Action_34","Morph_65","DN","Followme","Objectshake","ObjectShake.1","Sonso",0.148420005118273,0.0746003552397869,0.108792184724689
"413","100607","Action_34","Morph_69","DN","Followme","Objectshake","ObjectShake.5","Sonso",0.148420005118273,0.0011101243339254,0.108792184724689
"414","100607","Action_34","Morph_66","DN","Followme","Objectshake","ObjectShake.2","Sonso",0.732367893713227,0.0237566607460036,0.108792184724689
"415","100501","Action_34","Morph_65","DN","Followme","Objectshake","ObjectShake.1","Sonso",0.444685821261446,0.0746003552397869,0.108792184724689
"416","100500","Action_33","Morph_61","DN","Followme","Objectmove","ObjectMove.1","Sonso",0.470003629245736,0.0317495559502664,0.0406305506216696
"417","100598","Action_34","Morph_66","DN","Followme","Objectshake","ObjectShake.2","Sonso",1.7227665977411,0.0237566607460036,0.108792184724689
"418","100594","Action_21","Morph_43","DN","Followme","Hittingobject","HitObject.5","Sonso",0.858661619037519,0.0044404973357016,0.00799289520426288
"419","100498","Action_33","Morph_61","DN","Followme","Objectmove","ObjectMove.1","Sonso",0.518793793415168,0.0317495559502664,0.0406305506216696
"420","100518","Action_33","Morph_61","DN","Followme","Objectmove","ObjectMove.1","Sonso",-0.27443684570176,0.0317495559502664,0.0406305506216696
"421","100607","Action_24","Morph_51","DN","Followme","Jump","Jump.1","Sonso",-0.0408219945202552,0.00732682060390764,0.00732682060390764
"422","100520","Action_18","Morph_39","DN","Groom","Hitobjectobject","HitObject.1","Sonso",-0.44628710262842,0.0430728241563055,0.00466252220248668
"423","100502","Action_33","Morph_62","DN","Followme","Objectmove","ObjectMove.2","Sonso",1.49962304642689,0.00643872113676732,0.0406305506216696
"424","100588","Action_34","Morph_66","DN","Followme","Objectshake","ObjectShake.2","Sonso",1.56024766824333,0.0237566607460036,0.108792184724689
"425","100597","Action_34","Morph_65","DN","Followme","Objectshake","ObjectShake.1","Sonso",0.418710334858185,0.0746003552397869,0.108792184724689
"426","100586","Action_34","Morph_65","DN","Followme","Objectshake","ObjectShake.1","Sonso",0.985816794522765,0.0746003552397869,0.108792184724689
"427","100559","Action_34","Morph_65","DN","Followme","Objectshake","ObjectShake.1","Sonso",0.470003629245736,0.0746003552397869,0.108792184724689
"428","100509","Action_33","Morph_62","DN","Followme","Objectmove","ObjectMove.2","Sonso",-0.0408219945202552,0.00643872113676732,0.0406305506216696
"429","100501","Action_34","Morph_65","DN","Followme","Objectshake","ObjectShake.1","Sonso",1.56024766824333,0.0746003552397869,0.108792184724689
"430","100519","Action_57","Morph_115","DN","Followme","Stompobject","StompObject.1","Sonso",-0.385662480811985,0.0337477797513321,0.0424067495559503
"431","100601","Action_22","Morph_43","DN","Followme","Hittingobjectobject","HitObject.5","Sonso",1.59330853050422,0.0044404973357016,0.00266429840142096
"432","100509","Action_61","Morph_130","DN","Followme","Throwobject","ThrowObject.1","Sonso",0.732367893713227,0.00244227353463588,0.00244227353463588
"433","100599","Action_34","Morph_65","DN","Followme","Objectshake","ObjectShake.1","Sonso",1.40609698841607,0.0746003552397869,0.108792184724689
"434","100595a","Action_34","Morph_65","DN","Followme","Objectshake","ObjectShake.1","Sonso",1.3244189574018,0.0746003552397869,0.108792184724689
"435","100596","Action_34","Morph_65","DN","Followme","Objectshake","ObjectShake.1","Sonso",0.65232518603969,0.0746003552397869,0.108792184724689
"436","100602p1","Action_57","Morph_115","DN","Followme","Stompobject","StompObject.1","Sonso",-0.127833371509885,0.0337477797513321,0.0424067495559503
"437","100509","Action_34","Morph_65","DN","Followme","Objectshake","ObjectShake.1","Sonso",1.79175946922805,0.0746003552397869,0.108792184724689
"438","100575","Action_34","Morph_65","DN","Followme","Objectshake","ObjectShake.1","Sonso",1.16315080980568,0.0746003552397869,0.108792184724689
"439","100607","Action_34","Morph_65","DN","Followme","Objectshake","ObjectShake.1","Sonso",0.364643113587909,0.0746003552397869,0.108792184724689
"440","100507","Action_33","Morph_61","DN","Followme","Objectmove","ObjectMove.1","Sonso",0.27763173659828,0.0317495559502664,0.0406305506216696
"441","100575","Action_34","Morph_65","DN","Followme","Objectshake","ObjectShake.1","Sonso",2.14710019015365,0.0746003552397869,0.108792184724689
"442","100555","Action_60","Morph_127","DN","Followme","Swing","Swing.1","Sonso",-0.328504066972036,0.0428507992895204,0.0475133214920071
"443","100516p1","Action_34","Morph_65","DN","Followme","Objectshake","ObjectShake.1","Sonso",1.95727390770563,0.0746003552397869,0.108792184724689
"444","100559","Action_60","Morph_127","DN","Followme","Swing","Swing.1","Sonso",-0.22314355131421,0.0428507992895204,0.0475133214920071
"445","100577","Action_34","Morph_65","DN","Sexualattention","Objectshake","ObjectShake.1","Sonso",1.07158361628019,0.0746003552397869,0.108792184724689
"446","100500","Action_34","Morph_65","DN","Followme","Objectshake","ObjectShake.1","Sonso",0.65232518603969,0.0746003552397869,0.108792184724689
"447","100509","Action_33","Morph_61","DN","Followme","Objectmove","ObjectMove.1","Sonso",-0.22314355131421,0.0317495559502664,0.0406305506216696
"448","100590p3","Action_49","Morph_105","DN","Followme","Rub","Rub.1","Sonso",2.46129678414887,0.0044404973357016,0.0066607460035524
"449","100595a","Action_18","Morph_39","DN","Followme","Hitobjectobject","HitObject.1","Sonso",0.148420005118273,0.0430728241563055,0.00466252220248668
"450","100504","Action_22","Morph_43","DN","Followme","Hittingobjectobject","HitObject.5","Sonso",0.364643113587909,0.0044404973357016,0.00266429840142096
"451","100600","Action_34","Morph_66","DN","Followme","Objectshake","ObjectShake.2","Sonso",1.70110510095992,0.0237566607460036,0.108792184724689
"452","100505","Action_18","Morph_39","DN","Followme","Hitobjectobject","HitObject.1","Sonso",0,0.0430728241563055,0.00466252220248668
"453","100590p1","Action_34","Morph_65","DN","Followme","Objectshake","ObjectShake.1","Sonso",1.1999647829284,0.0746003552397869,0.108792184724689
"454","100507","Action_33","Morph_61","DN","Followme","Objectmove","ObjectMove.1","Sonso",0.65232518603969,0.0317495559502664,0.0406305506216696
"455","101251","Action_23","Morph_47","FA","Play","Hittingother","HitOther.3","Sonso",0.518793793415168,0.00843694493783304,0.0157637655417407
"456","100211","Action_37","Morph_74","FA","Travel","Poke","Poke.1","Sonso",0.336472236621213,0.00266429840142096,0.00266429840142096
"457","102418","Action_20","Morph_46","FA","Stopbehaviour","Hitother","HitOther.2","Sonso",-0.385662480811985,0.00932504440497336,0.0404085257548845
"458","102414","Action_17","Morph_39","FA","Play","Hitobject","HitObject.1","Sonso",-0.385662480811985,0.0430728241563055,0.0559502664298401
"459","102413","Action_57","Morph_115","FA","Play","Stompobject","StompObject.1","Sonso",-1.27296567581289,0.0337477797513321,0.0424067495559503
"460","102414","Action_17","Morph_41","FA","Play","Hitobject","HitObject.3","Sonso",-0.44628710262842,0.00510657193605684,0.0559502664298401
"461","102414","Action_17","Morph_41","FA","Play","Hitobject","HitObject.3","Sonso",0.0392207131532813,0.00510657193605684,0.0559502664298401
"462","102414","Action_57","Morph_115","FA","Play","Stompobject","StompObject.1","Sonso",-0.22314355131421,0.0337477797513321,0.0424067495559503
"463","102413","Action_17","Morph_39","FA","Play","Hitobject","HitObject.1","Sonso",-1.83258146374831,0.0430728241563055,0.0559502664298401
"464","102413","Action_55","Morph_116","FA","Play","Stompingobject","StompObject.2","Sonso",0.307484699747961,0.0148756660746004,0.0230905861456483
"465","100209","Action_52","Morph_112","FA","Stopbehaviour","Spinroulade","SpinRoulade.1","Sonso",0.307484699747961,0.00488454706927176,0.00488454706927176
"466","102332","Action_42","Morph_93","FD","Position","Push","Push.6","Sonso",0.148420005118273,0.0066607460035524,0.0466252220248668
"467","100202","Action_34","Morph_65","FD","Sexualattention","Objectshake","ObjectShake.1","Sonso",0.712949807856125,0.0746003552397869,0.108792184724689
"468","100977","Action_45","Morph_101","FD","Giveme","Reach","Reach.2","Sonso",1.49962304642689,0.0370781527531083,0.0801509769094138
"469","100977","Action_45","Morph_101","FD","Giveme","Reach","Reach.2","Sonso",1.70110510095992,0.0370781527531083,0.0801509769094138
"470","100215","Action_40","Morph_82","FD","Sexualattention","Presentgenitalsforwards","PresentGenitals.1","Sonso",1.91692261218206,0.0295293072824156,0.00199822380106572
"471","100875b","Action_63","Morph_134","FD","Sociosexualattention","Touch","Touch.3","Sonso",0.609765571620894,0.00488454706927176,0.0341918294849023
"472","100858","Action_38","Morph_75","FD","Groom","Present","Present.1","Sonso",1.18784342239605,0.0170959147424512,0.0492895204262877
"473","100860","Action_2","Morph_4","FD","Groom","Bigloudscratch","BigLoudScratch.2","Sonso",1.04380405217311,0.019316163410302,0.0577264653641208
"474","101582","Action_38","Morph_75","FD","Directattention","Present","Present.1","Sonso",1.28093384546206,0.0170959147424512,0.0492895204262877
"475","101581","Action_38","Morph_75","FD","Directattention","Present","Present.1","Sonso",0.806475865866949,0.0170959147424512,0.0492895204262877
"476","100676a","Action_2","Morph_5","FK","Groom","Bigloudscratch","BigLoudScratch.3","Sonso",1.23547147138531,0.0119893428063943,0.0577264653641208
"477","100676a","Action_2","Morph_3","FK","Groom","Bigloudscratch","BigLoudScratch.1","Sonso",1.50851199384414,0.0215364120781528,0.0577264653641208
"478","100250a","Action_2","Morph_3","FK","Groom","Bigloudscratch","BigLoudScratch.1","Sonso",1.01523067972906,0.0215364120781528,0.0577264653641208
"479","100249a","Action_2","Morph_5","FK","Groom","Bigloudscratch","BigLoudScratch.3","Sonso",1.59330853050422,0.0119893428063943,0.0577264653641208
"480","100250a","Action_2","Morph_3","FK","Groom","Bigloudscratch","BigLoudScratch.1","Sonso",0.8754687373539,0.0215364120781528,0.0577264653641208
"481","100249a","Action_2","Morph_3","FK","Groom","Bigloudscratch","BigLoudScratch.1","Sonso",1.59330853050422,0.0215364120781528,0.0577264653641208
"482","101109","Action_34","Morph_65","FK","Play","Objectshake","ObjectShake.1","Sonso",1.31372366828506,0.0746003552397869,0.108792184724689
"483","101109","Action_34","Morph_65","FK","Play","Objectshake","ObjectShake.1","Sonso",1.00063188030791,0.0746003552397869,0.108792184724689
"484","100332","Action_32","Morph_60","FK","Sexualattention","Objectmouth","ObjectMouth.1","Sonso",1.49962304642689,0.00466252220248668,0.00466252220248668
"485","101769","Action_34","Morph_66","FK","Sexualattention","Objectshake","ObjectShake.2","Sonso",2.45787797740008,0.0237566607460036,0.108792184724689
"486","101755a","Action_55","Morph_117","FK","Moveaway","Stompingobject","StompObject.3","Sonso",0.336472236621213,0.00688277087033748,0.0230905861456483
"487","101755a","Action_34","Morph_65","FK","Moveaway","Objectshake","ObjectShake.1","Sonso",1.22377543162212,0.0746003552397869,0.108792184724689
"488","101106","Action_34","Morph_65","FK","Moveaway","Objectshake","ObjectShake.1","Sonso",0.518793793415168,0.0746003552397869,0.108792184724689
"489","102233","Action_2","Morph_5","FK","Groom","Bigloudscratch","BigLoudScratch.3","Sonso",0.841567185678219,0.0119893428063943,0.0577264653641208
"490","102229a","Action_2","Morph_3","FK","Groom","Bigloudscratch","BigLoudScratch.1","Sonso",1.16315080980568,0.0215364120781528,0.0577264653641208
"491","102216b","Action_64","Morph_NA","FK","Affiliation","Touchlongother",NA,"Sonso",1.85002837735203,0.0159857904085258,0.0175399644760213
"492","100328","Action_3","Morph_9","FK","Affiliation","Bite","Bite.1","Sonso",1.00063188030791,0.0044404973357016,0.0168738898756661
"493","100428b","Action_9","Morph_20","FK","Play","Dangleshake","DangleShake.1","Sonso",1.7509374747078,0.00710479573712256,0.00710479573712256
"494","101179","Action_20","Morph_45","FK","Play","Hitother","HitOther.1","Sonso",-0.75928698306449,0.0202042628774423,0.0404085257548845
"495","101179","Action_32","Morph_60","FK","Play","Objectmouth","ObjectMouth.1","Sonso",0.625403528473426,0.00466252220248668,0.00466252220248668
"496","101179","Action_60","Morph_127","FK","Play","Swing","Swing.1","Sonso",0.819339205797705,0.0428507992895204,0.0475133214920071
"497","100368","Action_13","Morph_27","FK","Moveaway","Fling","Fling.1","Sonso",-0.653926467406664,0.00688277087033748,0.0117673179396092
"498","100867","Action_34","Morph_69","FK","Moveaway","Objectshake","ObjectShake.5","Sonso",0.824175442966349,0.0011101243339254,0.108792184724689
"499","100867","Action_17","Morph_40","FK","Moveaway","Hitobject","HitObject.2","Sonso",-0.7339691750802,0.0119893428063943,0.0559502664298401
"500","100867","Action_17","Morph_40","FK","Moveaway","Hitobject","HitObject.2","Sonso",-0.22314355131421,0.0119893428063943,0.0559502664298401
"501","100867","Action_21","Morph_44","FK","Moveaway","Hittingobject","HitObject.6","Sonso",0.148420005118273,0.00155417406749556,0.00799289520426288
"502","100867","Action_24","Morph_51","FK","Moveaway","Jump","Jump.1","Sonso",-0.44628710262842,0.00732682060390764,0.00732682060390764
"503","100195","Action_45","Morph_100","FK","Giveme","Reach","Reach.1","Sonso",1.00063188030791,0.0408525754884547,0.0801509769094138
"504","100941a","Action_9","Morph_20","FK","Playcontinue","Dangleshake","DangleShake.1","Sonso",0.751416088683921,0.00710479573712256,0.00710479573712256
"505","100941a","Action_32","Morph_60","FK","Playcontinue","Objectmouth","ObjectMouth.1","Sonso",3.7869131943853,0.00466252220248668,0.00466252220248668
"506","100262b","Action_60","Morph_127","FK","Moveaway","Swing","Swing.1","Sonso",0.392042087776024,0.0428507992895204,0.0475133214920071
"507","100970a","Action_34","Morph_65","FK","Play","Objectshake","ObjectShake.1","Sonso",0.113328685307003,0.0746003552397869,0.108792184724689
"508","100677","Action_2","Morph_4","FL","Directattention","Bigloudscratch","BigLoudScratch.2","Sonso",0.65232518603969,0.019316163410302,0.0577264653641208
"509","100676b","Action_2","Morph_3","FL","Groom","Bigloudscratch","BigLoudScratch.1","Sonso",1.18784342239605,0.0215364120781528,0.0577264653641208
"510","101030","Action_39","Morph_82","FL","Giveme","Presentgenitalsbackwards","PresentGenitals.1","Sonso",1.57691472072854,0.0295293072824156,0.033303730017762
"511","100347","Action_43","Morph_96","GR","Affiliation","Raise","Raise.1","Sonso",0.0769610411361284,0.00865896980461812,0.0113232682060391
"512","102331","Action_2","Morph_5","GS","Directattention","Bigloudscratch","BigLoudScratch.3","Sonso",0.712949807856125,0.0119893428063943,0.0577264653641208
"513","100738b","Action_63","Morph_138","GS","Play","Touch","Touch.7","Sonso",0.246860077931526,0.0044404973357016,0.0341918294849023
"514","100738b","Action_63","Morph_132","GS","Play","Touch","Touch.1","Sonso",1.00063188030791,0.0104351687388988,0.0341918294849023
"515","100934","Action_40","Morph_82","GS","Sexualattention","Presentgenitalsforwards","PresentGenitals.1","Sonso",0.609765571620894,0.0295293072824156,0.00199822380106572
"516","100856","Action_37","Morph_74","HL","Play","Poke","Poke.1","Sonso",0.113328685307003,0.00266429840142096,0.00266429840142096
"517","101366","Action_42","Morph_91","HL","Position","Push","Push.4","Sonso",0.246860077931526,0.00932504440497336,0.0466252220248668
"518","100817","Action_38","Morph_79","HL","Groom","Present","Present.5","Sonso",0.89199803930511,0.00688277087033748,0.0492895204262877
"519","101748b","Action_9","Morph_20","HL","Play","Dangleshake","DangleShake.1","Sonso",1.3244189574018,0.00710479573712256,0.00710479573712256
"520","101748b","Action_34","Morph_66","HL","Play","Objectshake","ObjectShake.2","Sonso",-0.174353387144778,0.0237566607460036,0.108792184724689
"521","101270","Action_50","Morph_107","HL","Playcontinue","Shake","Shake.1","Sonso",0.672944473242426,0.00355239786856128,0.0122113676731794
"522","101277a","Action_34","Morph_65","HL","Playcontinue","Objectshake","ObjectShake.1","Sonso",-0.328504066972036,0.0746003552397869,0.108792184724689
"523","101277a","Action_33","Morph_61","HL","Playcontinue","Objectmove","ObjectMove.1","Sonso",0.89199803930511,0.0317495559502664,0.0406305506216696
"524","101277a","Action_57","Morph_115","HL","Playcontinue","Stompobject","StompObject.1","Sonso",-0.0408219945202552,0.0337477797513321,0.0424067495559503
"525","102432","Action_1","Morph_2","HL","Play","Beckon","Beckon.2","Sonso",-0.27443684570176,0.00133214920071048,0.00155417406749556
"526","102432","Action_50","Morph_108","HL","Play","Shake","Shake.2","Sonso",0.89199803930511,0.00466252220248668,0.0122113676731794
"527","102079","Action_2","Morph_3","HL","Groom","Bigloudscratch","BigLoudScratch.1","Sonso",0.732367893713227,0.0215364120781528,0.0577264653641208
"528","102077","Action_38","Morph_78","HL","Directattention","Present","Present.4","Sonso",1.08518926833597,0.00288632326820604,0.0492895204262877
"529","100248","Action_38","Morph_77","HR","Groom","Present","Present.3","Sonso",0.8754687373539,0.00466252220248668,0.0492895204262877
"530","100066","Action_59","Morph_124","HR","Giveme","Stroke","Stroke.1","Sonso",1.31372366828506,0.0011101243339254,0.00377442273534636
"531","100066","Action_59","Morph_124","HR","Giveme","Stroke","Stroke.1","Sonso",0.8754687373539,0.0011101243339254,0.00377442273534636
"532","100249b","Action_38","Morph_75","HT","Groom","Present","Present.1","Sonso",1.25846098961001,0.0170959147424512,0.0492895204262877
"533","100672","Action_42","Morph_90","HT","Takeobject","Push","Push.3","Sonso",2.278292400425,0.00510657193605684,0.0466252220248668
"534","100671","Action_64","Morph_139","HT","Takeobject","Touchlongother","Touch.8","Sonso",1.15057202759882,0.00577264653641208,0.0175399644760213
"535","100670","Action_64","Morph_133","HT","Takeobject","Touchlongother","Touch.2","Sonso",2.11866225483312,0.00754884547069272,0.0175399644760213
"536","100672","Action_63","Morph_137","HT","Takeobject","Touch","Touch.6","Sonso",-0.328504066972036,0.00488454706927176,0.0341918294849023
"537","100674","Action_42","Morph_90","HT","Takeobject","Push","Push.3","Sonso",0.672944473242426,0.00510657193605684,0.0466252220248668
"538","100667","Action_42","Morph_93","HT","Takeobject","Push","Push.6","Sonso",0.307484699747961,0.0066607460035524,0.0466252220248668
"539","100671","Action_42","Morph_90","HT","Takeobject","Push","Push.3","Sonso",1.66392609771817,0.00510657193605684,0.0466252220248668
"540","100666","Action_42","Morph_88","HT","Takeobject","Push","Push.1","Sonso",0.985816794522765,0.0106571936056838,0.0466252220248668
"541","100672","Action_42","Morph_90","HT","Takeobject","Push","Push.3","Sonso",0.392042087776024,0.00510657193605684,0.0466252220248668
"542","100663","Action_42","Morph_88","HT","Takeobject","Push","Push.1","Sonso",-0.083381608939051,0.0106571936056838,0.0466252220248668
"543","100666","Action_42","Morph_90","HT","Takeobject","Push","Push.3","Sonso",0.940007258491471,0.00510657193605684,0.0466252220248668
"544","100666","Action_42","Morph_90","HT","Takeobject","Push","Push.3","Sonso",1.04380405217311,0.00510657193605684,0.0466252220248668
"545","100666","Action_64","Morph_139","HT","Takeobject","Touchlongother","Touch.8","Sonso",1.45395300959371,0.00577264653641208,0.0175399644760213
"546","100674","Action_64","Morph_137","HT","Takeobject","Touchlongother","Touch.6","Sonso",1.83736998048011,0.00488454706927176,0.0175399644760213
"547","100667","Action_42","Morph_93","HT","Takeobject","Push","Push.6","Sonso",0.148420005118273,0.0066607460035524,0.0466252220248668
"548","100670","Action_42","Morph_88","HT","Takeobject","Push","Push.1","Sonso",0.0392207131532813,0.0106571936056838,0.0466252220248668
"549","100669","Action_42","Morph_90","HT","Takeobject","Push","Push.3","Sonso",1.81156209652423,0.00510657193605684,0.0466252220248668
"550","100667","Action_42","Morph_93","HT","Takeobject","Push","Push.6","Sonso",0.246860077931526,0.0066607460035524,0.0466252220248668
"551","100666","Action_45","Morph_100","HT","Takeobject","Reach","Reach.1","Sonso",0.470003629245736,0.0408525754884547,0.0801509769094138
"552","100669","Action_63","Morph_139","HT","Takeobject","Touch","Touch.8","Sonso",0,0.00577264653641208,0.0341918294849023
"553","100065","Action_63","Morph_137","HT","Stopbehaviour","Touch","Touch.6","Sonso",0.924258901523332,0.00488454706927176,0.0341918294849023
"554","100108","Action_42","Morph_92","HT","Climbonme","Push","Push.5","Sonso",-0.127833371509885,0.0066607460035524,0.0466252220248668
"555","100247","Action_47","Morph_103","HT","Position","Rockingsit","Rocking.1","Sonso",1.25846098961001,0.00377442273534636,0.00377442273534636
"556","100247","Action_47","Morph_103","HT","Position","Rockingsit","Rocking.1","Sonso",0.336472236621213,0.00377442273534636,0.00377442273534636
"557","100247","Action_42","Morph_89","HT","Position","Push","Push.2","Sonso",0.148420005118273,0.00355239786856128,0.0466252220248668
"558","100247","Action_55","Morph_117","HT","Position","Stompingobject","StompObject.3","Sonso",0.824175442966349,0.00688277087033748,0.0230905861456483
"559","100251","Action_42","Morph_92","HT","Position","Push","Push.5","Sonso",0.89199803930511,0.0066607460035524,0.0466252220248668
"560","101363","Action_42","Morph_90","HT","Moveclose","Push","Push.3","Sonso",0.56531380905006,0.00510657193605684,0.0466252220248668
"561","100621","Action_42","Morph_90","HT","Moveaway","Push","Push.3","Sonso",0.336472236621213,0.00510657193605684,0.0466252220248668
"562","100621","Action_42","Morph_90","HT","Moveaway","Push","Push.3","Sonso",-0.385662480811985,0.00510657193605684,0.0466252220248668
"563","101364","Action_41","Morph_85","HT","Moveclose","Pull","Pull.2","Sonso",0.307484699747961,0.00643872113676732,0.0253108348134991
"564","101369","Action_42","Morph_88","HT","Takeobjectnurse","Push","Push.1","Sonso",1.47247205736094,0.0106571936056838,0.0466252220248668
"565","101363","Action_42","Morph_89","HT","Moveclose","Push","Push.2","Sonso",0.418710334858185,0.00355239786856128,0.0466252220248668
"566","101368b","Action_41","Morph_86","HT","Takeobjectnurse","Pull","Pull.3","Sonso",0.940007258491471,0.00510657193605684,0.0253108348134991
"567","100620","Action_42","Morph_93","HT","Moveaway","Push","Push.6","Sonso",-0.7339691750802,0.0066607460035524,0.0466252220248668
"568","101770","Action_42","Morph_91","HT","Climbonme","Push","Push.4","Sonso",-0.127833371509885,0.00932504440497336,0.0466252220248668
"569","101363","Action_42","Morph_88","HT","Moveclose","Push","Push.1","Sonso",1.22377543162212,0.0106571936056838,0.0466252220248668
"570","102062b","Action_39","Morph_82","HT","Sexualattention","Presentgenitalsbackwards","PresentGenitals.1","Sonso",0.824175442966349,0.0295293072824156,0.033303730017762
"571","100298","Action_39","Morph_83","HT","Staysame","Presentgenitalsbackwards","PresentGenitals.2","Sonso",0.940007258491471,0.00577264653641208,0.033303730017762
"572","100298","Action_45","Morph_100","HT","Staysame","Reach","Reach.1","Sonso",-0.385662480811985,0.0408525754884547,0.0801509769094138
"573","100253b","Action_38","Morph_77","HT","Directattention","Present","Present.3","Sonso",1.05779029414785,0.00466252220248668,0.0492895204262877
"574","101708","Action_34","Morph_NA","HW","Moveaway","Objectshake",NA,"Sonso",-0.127833371509885,0.0159857904085258,0.108792184724689
"575","101302","Action_45","Morph_102","HW","Play","Reach","Reach.3","Sonso",0.113328685307003,0.0022202486678508,0.0801509769094138
"576","101562","Action_23","Morph_47","HW","Affiliation","Hittingother","HitOther.3","Sonso",1.69377906086785,0.00843694493783304,0.0157637655417407
"577","101301","Action_14","Morph_29","HW","Play","Grab","Grab.1","Sonso",0.0392207131532813,0.00821492007104796,0.0353019538188277
"578","102324b","Action_45","Morph_102","HW","Play","Reach","Reach.3","Sonso",1.16315080980568,0.0022202486678508,0.0801509769094138
"579","100259b","Action_63","Morph_134","HW","Affiliation","Touch","Touch.3","Sonso",0.587786664902119,0.00488454706927176,0.0341918294849023
"580","101667b","Action_64","Morph_135","HW","Support","Touchlongother","Touch.4","Sonso",1.1999647829284,0.00488454706927176,0.0175399644760213
"581","100863b","Action_64","Morph_132","HW","Affiliation","Touchlongother","Touch.1","Sonso",1.49962304642689,0.0104351687388988,0.0175399644760213
"582","100350","Action_13","Morph_27","HW","Moveaway","Fling","Fling.1","Sonso",-0.27443684570176,0.00688277087033748,0.0117673179396092
"583","100698","Action_39","Morph_82","HW","Sexualattention","Presentgenitalsbackwards","PresentGenitals.1","Sonso",0.494696241836107,0.0295293072824156,0.033303730017762
"584","101767","Action_37","Morph_74","HW","Play","Poke","Poke.1","Sonso",-1.02165124753198,0.00266429840142096,0.00266429840142096
"585","101767","Action_37","Morph_74","HW","Play","Poke","Poke.1","Sonso",-0.579818495252942,0.00266429840142096,0.00266429840142096
"586","102431","Action_38","Morph_75","HW","Directattention","Present","Present.1","Sonso",1.09861228866811,0.0170959147424512,0.0492895204262877
"587","100126","Action_34","Morph_65","HW","Sexualattention","Objectshake","ObjectShake.1","Sonso",0.693147180559945,0.0746003552397869,0.108792184724689
"588","100348b","Action_64","Morph_135","HW","Affiliation","Touchlongother","Touch.4","Sonso",1.99605993274078,0.00488454706927176,0.0175399644760213
"589","100043a","Action_2","Morph_5","HW","Groom","Bigloudscratch","BigLoudScratch.3","Sonso",0.751416088683921,0.0119893428063943,0.0577264653641208
"590","101188","Action_45","Morph_100","HW","Giveme","Reach","Reach.1","Sonso",0.65232518603969,0.0408525754884547,0.0801509769094138
"591","100040a","Action_2","Morph_5","HW","Groom","Bigloudscratch","BigLoudScratch.3","Sonso",1.21194097397511,0.0119893428063943,0.0577264653641208
"592","101897","Action_63","Morph_132","HW","Staysame","Touch","Touch.1","Sonso",0.78845736036427,0.0104351687388988,0.0341918294849023
"593","100177a","Action_2","Morph_3","HW","Groom","Bigloudscratch","BigLoudScratch.1","Sonso",-0.127833371509885,0.0215364120781528,0.0577264653641208
"594","100043b","Action_2","Morph_3","HW","Groom","Bigloudscratch","BigLoudScratch.1","Sonso",1.33500106673234,0.0215364120781528,0.0577264653641208
"595","101467","Action_27","Morph_54","HW","Sexualattention","Leafclip","LeafClip.1","Sonso",1.34547236659964,0.0044404973357016,0.00599467140319716
"596","101553","Action_34","Morph_65","HW","Sexualattention","Objectshake","ObjectShake.1","Sonso",0.148420005118273,0.0746003552397869,0.108792184724689
"597","101469","Action_27","Morph_54","HW","Sexualattention","Leafclip","LeafClip.1","Sonso",0.148420005118273,0.0044404973357016,0.00599467140319716
"598","101469","Action_17","Morph_39","HW","Sexualattention","Hitobject","HitObject.1","Sonso",-0.22314355131421,0.0430728241563055,0.0559502664298401
"599","101781","Action_27","Morph_54","HW","Sexualattention","Leafclip","LeafClip.1","Sonso",0.908258560176891,0.0044404973357016,0.00599467140319716
"600","101553","Action_34","Morph_65","HW","Sexualattention","Objectshake","ObjectShake.1","Sonso",1.48160454092422,0.0746003552397869,0.108792184724689
"601","100191a","Action_17","Morph_39","HW","Moveclose","Hitobject","HitObject.1","Sonso",0,0.0430728241563055,0.0559502664298401
"602","102184","Action_13","Morph_27","HW","Moveaway","Fling","Fling.1","Sonso",-0.083381608939051,0.00688277087033748,0.0117673179396092
"603","101011","Action_14","Morph_33","HW","Playcontinue","Grab","Grab.5","Sonso",-0.133531392624523,0.0033303730017762,0.0353019538188277
"604","102149","Action_38","Morph_75","HW","Groom","Present","Present.1","Sonso",1.64865862558738,0.0170959147424512,0.0492895204262877
"605","101010b","Action_20","Morph_45","HW","Play","Hitother","HitOther.1","Sonso",0,0.0202042628774423,0.0404085257548845
"606","101009","Action_14","Morph_33","HW","Play","Grab","Grab.5","Sonso",0.246860077931526,0.0033303730017762,0.0353019538188277
"607","100142","Action_63","Morph_138","HW","Affiliation","Touch","Touch.7","Sonso",1.12492959698548,0.0044404973357016,0.0341918294849023
"608","102235","Action_2","Morph_5","HW","Groom","Bigloudscratch","BigLoudScratch.3","Sonso",0.970778917158225,0.0119893428063943,0.0577264653641208
"609","102234","Action_38","Morph_78","HW","Groom","Present","Present.4","Sonso",1.23547147138531,0.00288632326820604,0.0492895204262877
"610","102246b","Action_42","Morph_89","HW","Position","Push","Push.2","Sonso",-0.0408219945202552,0.00355239786856128,0.0466252220248668
"611","102249","Action_38","Morph_76","HW","Groom","Present","Present.2","Sonso",0.418710334858185,0.0135435168738899,0.0492895204262877
"612","102232","Action_42","Morph_92","HW","Position","Push","Push.5","Sonso",-0.27443684570176,0.0066607460035524,0.0466252220248668
"613","102249","Action_2","Morph_3","HW","Groom","Bigloudscratch","BigLoudScratch.1","Sonso",1.40609698841607,0.0215364120781528,0.0577264653641208
"614","102235","Action_2","Morph_6","HW","Groom","Bigloudscratch","BigLoudScratch.4","Sonso",1.04380405217311,0.00421847246891652,0.0577264653641208
"615","101113","Action_17","Morph_39","HW","Play","Hitobject","HitObject.1","Sonso",-0.385662480811985,0.0430728241563055,0.0559502664298401
"616","101113","Action_20","Morph_50","HW","Play","Hitother","HitOther.6","Sonso",-0.174353387144778,0.00488454706927176,0.0404085257548845
"617","102276a","Action_2","Morph_4","HW","Groom","Bigloudscratch","BigLoudScratch.2","Sonso",0.693147180559945,0.019316163410302,0.0577264653641208
"618","102275","Action_2","Morph_5","HW","Groom","Bigloudscratch","BigLoudScratch.3","Sonso",0.970778917158225,0.0119893428063943,0.0577264653641208
"619","102276a","Action_38","Morph_75","HW","Groom","Present","Present.1","Sonso",1.02961941718116,0.0170959147424512,0.0492895204262877
"620","102273","Action_2","Morph_3","HW","Groom","Bigloudscratch","BigLoudScratch.1","Sonso",-0.174353387144778,0.0215364120781528,0.0577264653641208
"621","102281a","Action_2","Morph_3","HW","Groom","Bigloudscratch","BigLoudScratch.1","Sonso",1.67147330335355,0.0215364120781528,0.0577264653641208
"622","102323","Action_48","Morph_104","HW","Playcontinue","Rollover","RollOver.1","Sonso",1.11185751541813,0.00621669626998224,0.00621669626998224
"623","102220a","Action_2","Morph_3","HW","Groom","Bigloudscratch","BigLoudScratch.1","Sonso",0,0.0215364120781528,0.0577264653641208
"624","102220a","Action_38","Morph_75","HW","Groom","Present","Present.1","Sonso",1.44456326924387,0.0170959147424512,0.0492895204262877
"625","101367","Action_63","Morph_135","HY","Stopbehaviour","Touch","Touch.4","Sonso",0.631271776841858,0.00488454706927176,0.0341918294849023
"626","101368a","Action_45","Morph_101","HY","Givemenurse","Reach","Reach.2","Sonso",1.01523067972906,0.0370781527531083,0.0801509769094138
"627","101367","Action_63","Morph_135","HY","Stopbehaviour","Touch","Touch.4","Sonso",1.54329810992956,0.00488454706927176,0.0341918294849023
"628","101367","Action_14","Morph_33","HY","Stopbehaviour","Grab","Grab.5","Sonso",1.31372366828506,0.0033303730017762,0.0353019538188277
"629","101367","Action_14","Morph_33","HY","Stopbehaviour","Grab","Grab.5","Sonso",0.924258901523332,0.0033303730017762,0.0353019538188277
"630","101873","Action_38","Morph_76","JL","Groom","Present","Present.2","Sonso",0.751416088683921,0.0135435168738899,0.0492895204262877
"631","100189","Action_64","Morph_133","JL","Stopbehaviour","Touchlongother","Touch.2","Sonso",1.00063188030791,0.00754884547069272,0.0175399644760213
"632","100196","Action_33","Morph_61","JL","Moveaway","Objectmove","ObjectMove.1","Sonso",0.27763173659828,0.0317495559502664,0.0406305506216696
"633","100781","Action_39","Morph_82","JL","Sexualattention","Presentgenitalsbackwards","PresentGenitals.1","Sonso",0.113328685307003,0.0295293072824156,0.033303730017762
"634","101253","Action_39","Morph_82","JL","Sexualattention","Presentgenitalsbackwards","PresentGenitals.1","Sonso",0.732367893713227,0.0295293072824156,0.033303730017762
"635","100340","Action_39","Morph_82","JL","Affiliation","Presentgenitalsbackwards","PresentGenitals.1","Sonso",1.08518926833597,0.0295293072824156,0.033303730017762
"636","100167","Action_39","Morph_82","JL","Sexualattention","Presentgenitalsbackwards","PresentGenitals.1","Sonso",0.631271776841858,0.0295293072824156,0.033303730017762
"637","100168","Action_63","Morph_132","JL","Sociosexualattention","Touch","Touch.1","Sonso",0.0769610411361284,0.0104351687388988,0.0341918294849023
"638","100343","Action_45","Morph_100","JL","Affiliation","Reach","Reach.1","Sonso",0,0.0408525754884547,0.0801509769094138
"639","101036a","Action_11","Morph_23","JL","Affiliation","Embrace","Embrace.2","Sonso",1.99061032797322,0.00199822380106572,0.005550621669627
"640","100139","Action_63","Morph_132","JL","Sociosexualattention","Touch","Touch.1","Sonso",0.27763173659828,0.0104351687388988,0.0341918294849023
"641","102241a","Action_45","Morph_102","JL","Staysame","Reach","Reach.3","Sonso",1.05779029414785,0.0022202486678508,0.0801509769094138
"642","100342b","Action_39","Morph_82","JL","Affiliation","Presentgenitalsbackwards","PresentGenitals.1","Sonso",-0.127833371509885,0.0295293072824156,0.033303730017762
"643","102241a","Action_45","Morph_102","JL","Staysame","Reach","Reach.3","Sonso",1.64093657949347,0.0022202486678508,0.0801509769094138
"644","101189","Action_39","Morph_82","JL","Giveme","Presentgenitalsbackwards","PresentGenitals.1","Sonso",0.113328685307003,0.0295293072824156,0.033303730017762
"645","100343","Action_63","Morph_140","JL","Affiliation","Touch","Touch.9","Sonso",0.307484699747961,0.00399644760213144,0.0341918294849023
"646","100168","Action_45","Morph_100","JL","Sociosexualattention","Reach","Reach.1","Sonso",-0.22314355131421,0.0408525754884547,0.0801509769094138
"647","100782b","Action_39","Morph_82","JL","Sociosexualattention","Presentgenitalsbackwards","PresentGenitals.1","Sonso",0.542324290825362,0.0295293072824156,0.033303730017762
"648","101556","Action_39","Morph_82","JL","Sexualattention","Presentgenitalsbackwards","PresentGenitals.1","Sonso",1.00063188030791,0.0295293072824156,0.033303730017762
"649","100389","Action_39","Morph_83","JN","Sociosexualattention","Presentgenitalsbackwards","PresentGenitals.2","Sonso",0.672944473242426,0.00577264653641208,0.033303730017762
"650","100087","Action_42","Morph_94","JN","Climbonme","Push","Push.7","Sonso",0.732367893713227,0.00288632326820604,0.0466252220248668
"651","100085","Action_38","Morph_81","JN","Climbonme","Present","Present.7","Sonso",1.56024766824333,0.00244227353463588,0.0492895204262877
"652","102488","Action_17","Morph_39","JN","Position","Hitobject","HitObject.1","Sonso",-0.174353387144778,0.0430728241563055,0.0559502664298401
"653","100439","Action_42","Morph_90","JN","Stopbehaviour","Push","Push.3","Sonso",-0.328504066972036,0.00510657193605684,0.0466252220248668
"654","100085","Action_38","Morph_81","JN","Climbonme","Present","Present.7","Sonso",0.364643113587909,0.00244227353463588,0.0492895204262877
"655","101128","Action_42","Morph_88","JN","Moveclose","Push","Push.1","Sonso",1.12492959698548,0.0106571936056838,0.0466252220248668
"656","100445","Action_41","Morph_85","JN","Stopbehaviour","Pull","Pull.2","Sonso",0.672944473242426,0.00643872113676732,0.0253108348134991
"657","101143","Action_23","Morph_47","JN","Moveclose","Hittingother","HitOther.3","Sonso",0.0392207131532813,0.00843694493783304,0.0157637655417407
"658","100182","Action_42","Morph_88","JN","Climbonme","Push","Push.1","Sonso",0.418710334858185,0.0106571936056838,0.0466252220248668
"659","100086","Action_42","Morph_88","JN","Climbonme","Push","Push.1","Sonso",0.8754687373539,0.0106571936056838,0.0466252220248668
"660","100085","Action_42","Morph_88","JN","Climbonme","Push","Push.1","Sonso",0.27763173659828,0.0106571936056838,0.0466252220248668
"661","100084","Action_38","Morph_81","JN","Climbonme","Present","Present.7","Sonso",-0.22314355131421,0.00244227353463588,0.0492895204262877
"662","101937","Action_41","Morph_85","JN","Climbonme","Pull","Pull.2","Sonso",0.609765571620894,0.00643872113676732,0.0253108348134991
"663","100438","Action_42","Morph_92","JN","Stopbehaviour","Push","Push.5","Sonso",-0.82098055206983,0.0066607460035524,0.0466252220248668
"664","102424","Action_42","Morph_88","JN","Climbonme","Push","Push.1","Sonso",-0.27443684570176,0.0106571936056838,0.0466252220248668
"665","100087","Action_42","Morph_88","JN","Climbonme","Push","Push.1","Sonso",0.631271776841858,0.0106571936056838,0.0466252220248668
"666","100089","Action_38","Morph_81","JN","Climbonme","Present","Present.7","Sonso",0.712949807856125,0.00244227353463588,0.0492895204262877
"667","100088","Action_38","Morph_81","JN","Climbonme","Present","Present.7","Sonso",0.647626665258136,0.00244227353463588,0.0492895204262877
"668","102421a","Action_38","Morph_76","JN","Groom","Present","Present.2","Sonso",1.17557332980424,0.0135435168738899,0.0492895204262877
"669","102422a","Action_2","Morph_4","JN","Directattention","Bigloudscratch","BigLoudScratch.2","Sonso",1.37624402526639,0.019316163410302,0.0577264653641208
"670","101686b","Action_42","Morph_91","JN","Position","Push","Push.4","Sonso",0.56531380905006,0.00932504440497336,0.0466252220248668
"671","101600","Action_38","Morph_78","JN","Directattention","Present","Present.4","Sonso",1.56024766824333,0.00288632326820604,0.0492895204262877
"672","100440","Action_42","Morph_91","JN","Position","Push","Push.4","Sonso",0.364643113587909,0.00932504440497336,0.0466252220248668
"673","102102","Action_1","Morph_2","JN","Moveclose","Beckon","Beckon.2","Sonso",-0.174353387144778,0.00133214920071048,0.00155417406749556
"674","100238","Action_39","Morph_82","JN","Sexualattention","Presentgenitalsbackwards","PresentGenitals.1","Sonso",0,0.0295293072824156,0.033303730017762
"675","100216","Action_3","Morph_14","JN","Staysame","Bite","Bite.6","Sonso",2.57413778351594,0.00266429840142096,0.0168738898756661
"676","100531","Action_20","Morph_45","JN","Staysame","Hitother","HitOther.1","Sonso",-1.13943428318836,0.0202042628774423,0.0404085257548845
"677","100523","Action_63","Morph_138","JS","Play","Touch","Touch.7","Sonso",0.113328685307003,0.0044404973357016,0.0341918294849023
"678","101129a","Action_33","Morph_61","JS","Play","Objectmove","ObjectMove.1","Sonso",0.0769610411361284,0.0317495559502664,0.0406305506216696
"679","102033","Action_45","Morph_100","JS","Climbonme","Reach","Reach.1","Sonso",-0.0408219945202552,0.0408525754884547,0.0801509769094138
"680","102470","Action_56","Morph_123","JS","Play","Stompingother","StompOther.2","Sonso",0.148420005118273,0.00244227353463588,0.00266429840142096
"681","100173","Action_1","Morph_2","JS","Position","Beckon","Beckon.2","Sonso",0.182321556793955,0.00133214920071048,0.00155417406749556
"682","101685","Action_64","Morph_137","JS","Giveme","Touchlongother","Touch.6","Sonso",2.54631527791664,0.00488454706927176,0.0175399644760213
"683","100173","Action_1","Morph_2","JS","Position","Beckon","Beckon.2","Sonso",0.542324290825362,0.00133214920071048,0.00155417406749556
"684","101684","Action_45","Morph_101","JS","Giveme","Reach","Reach.2","Sonso",1.76473079684014,0.0370781527531083,0.0801509769094138
"685","102472","Action_60","Morph_128","JS","Play","Swing","Swing.2","Sonso",0.392042087776024,0.00310834813499112,0.0475133214920071
"686","102472","Action_20","Morph_45","JS","Play","Hitother","HitOther.1","Sonso",-0.82098055206983,0.0202042628774423,0.0404085257548845
"687","102103","Action_14","Morph_29","JS","Play","Grab","Grab.1","Sonso",0.444685821261446,0.00821492007104796,0.0353019538188277
"688","102103","Action_20","Morph_46","JS","Play","Hitother","HitOther.2","Sonso",-0.127833371509885,0.00932504440497336,0.0404085257548845
"689","101611","Action_8","Morph_19","JS","Play","Dangle","Dangle.1","Sonso",0.908258560176891,0.0484014209591474,0.0484014209591474
"690","101613","Action_60","Morph_127","JS","Play","Swing","Swing.1","Sonso",-0.22314355131421,0.0428507992895204,0.0475133214920071
"691","102479","Action_55","Morph_117","JS","Play","Stompingobject","StompObject.3","Sonso",0.56531380905006,0.00688277087033748,0.0230905861456483
"692","101612","Action_8","Morph_19","JS","Play","Dangle","Dangle.1","Sonso",0.587786664902119,0.0484014209591474,0.0484014209591474
"693","101613","Action_8","Morph_19","JS","Play","Dangle","Dangle.1","Sonso",1.81156209652423,0.0484014209591474,0.0484014209591474
"694","101613","Action_60","Morph_128","JS","Play","Swing","Swing.2","Sonso",0.364643113587909,0.00310834813499112,0.0475133214920071
"695","102479","Action_17","Morph_39","JS","Play","Hitobject","HitObject.1","Sonso",-1.02165124753198,0.0430728241563055,0.0559502664298401
"696","102479","Action_57","Morph_118","JS","Play","Stompobject","StompObject.4","Sonso",-0.653926467406664,0.005550621669627,0.0424067495559503
"697","101613","Action_8","Morph_19","JS","Play","Dangle","Dangle.1","Sonso",1.81807677754543,0.0484014209591474,0.0484014209591474
"698","101613","Action_8","Morph_19","JS","Play","Dangle","Dangle.1","Sonso",-0.27443684570176,0.0484014209591474,0.0484014209591474
"699","101613","Action_60","Morph_127","JS","Play","Swing","Swing.1","Sonso",0.392042087776024,0.0428507992895204,0.0475133214920071
"700","101613","Action_60","Morph_127","JS","Play","Swing","Swing.1","Sonso",0.940007258491471,0.0428507992895204,0.0475133214920071
"701","101613","Action_60","Morph_127","JS","Play","Swing","Swing.1","Sonso",0.246860077931526,0.0428507992895204,0.0475133214920071
"702","102479","Action_57","Morph_119","JS","Play","Stompobject","StompObject.5","Sonso",-0.328504066972036,0.00155417406749556,0.0424067495559503
"703","101611","Action_8","Morph_19","JS","Play","Dangle","Dangle.1","Sonso",1.81156209652423,0.0484014209591474,0.0484014209591474
"704","102487","Action_57","Morph_118","JS","Play","Stompobject","StompObject.4","Sonso",-0.510825623765991,0.005550621669627,0.0424067495559503
"705","102483","Action_55","Morph_117","JS","Play","Stompingobject","StompObject.3","Sonso",0.841567185678219,0.00688277087033748,0.0230905861456483
"706","102483","Action_58","Morph_NA","JS","Play","Stompother",NA,"Sonso",-0.385662480811985,0.0159857904085258,0.00377442273534636
"707","102487","Action_17","Morph_39","JS","Play","Hitobject","HitObject.1","Sonso",-1.27296567581289,0.0430728241563055,0.0559502664298401
"708","102487","Action_17","Morph_39","JS","Play","Hitobject","HitObject.1","Sonso",-0.916290731874155,0.0430728241563055,0.0559502664298401
"709","102487","Action_55","Morph_121","JS","Play","Stompingobject","StompObject.7","Sonso",0.392042087776024,0.00066607460035524,0.0230905861456483
"710","101941","Action_8","Morph_19","JS","Play","Dangle","Dangle.1","Sonso",0.924258901523332,0.0484014209591474,0.0484014209591474
"711","101940","Action_52","Morph_112","JS","Stopbehaviour","Spinroulade","SpinRoulade.1","Sonso",0.693147180559945,0.00488454706927176,0.00488454706927176
"712","101941","Action_8","Morph_19","JS","Play","Dangle","Dangle.1","Sonso",0.824175442966349,0.0484014209591474,0.0484014209591474
"713","100470","Action_45","Morph_100","JS","Play","Reach","Reach.1","Sonso",0.307484699747961,0.0408525754884547,0.0801509769094138
"714","101609","Action_57","Morph_118","JS","Play","Stompobject","StompObject.4","Sonso",-0.653926467406664,0.005550621669627,0.0424067495559503
"715","100470","Action_45","Morph_100","JS","Play","Reach","Reach.1","Sonso",0.0769610411361284,0.0408525754884547,0.0801509769094138
"716","100470","Action_45","Morph_100","JS","Play","Reach","Reach.1","Sonso",0.418710334858185,0.0408525754884547,0.0801509769094138
"717","101609","Action_34","Morph_67","JS","Play","Objectshake","ObjectShake.3","Sonso",0.182321556793955,0.0022202486678508,0.108792184724689
"718","101609","Action_8","Morph_19","JS","Play","Dangle","Dangle.1","Sonso",0.712949807856125,0.0484014209591474,0.0484014209591474
"719","101609","Action_34","Morph_65","JS","Play","Objectshake","ObjectShake.1","Sonso",0.924258901523332,0.0746003552397869,0.108792184724689
"720","101610","Action_34","Morph_65","JS","Play","Objectshake","ObjectShake.1","Sonso",0.8754687373539,0.0746003552397869,0.108792184724689
"721","101610","Action_34","Morph_66","JS","Play","Objectshake","ObjectShake.2","Sonso",0.712949807856125,0.0237566607460036,0.108792184724689
"722","101609","Action_34","Morph_66","JS","Play","Objectshake","ObjectShake.2","Sonso",0.858661619037519,0.0237566607460036,0.108792184724689
"723","101609","Action_8","Morph_19","JS","Play","Dangle","Dangle.1","Sonso",0.924258901523332,0.0484014209591474,0.0484014209591474
"724","102484","Action_21","Morph_43","JS","Play","Hittingobject","HitObject.5","Sonso",0.672944473242426,0.0044404973357016,0.00799289520426288
"725","102484","Action_55","Morph_116","JS","Play","Stompingobject","StompObject.2","Sonso",0.392042087776024,0.0148756660746004,0.0230905861456483
"726","100213","Action_4","Morph_13","JS","Staysame","Bitekiss","Bite.5","Sonso",0.246860077931526,0.0011101243339254,0.00066607460035524
"727","101855","Action_34","Morph_65","JS","Play","Objectshake","ObjectShake.1","Sonso",-0.328504066972036,0.0746003552397869,0.108792184724689
"728","101855","Action_34","Morph_65","JS","Play","Objectshake","ObjectShake.1","Sonso",0.609765571620894,0.0746003552397869,0.108792184724689
"729","101857a","Action_8","Morph_19","JS","Playcontinue","Dangle","Dangle.1","Sonso",0.970778917158225,0.0484014209591474,0.0484014209591474
"730","101856","Action_20","Morph_45","JS","Play","Hitother","HitOther.1","Sonso",-1.02165124753198,0.0202042628774423,0.0404085257548845
"731","101855","Action_8","Morph_19","JS","Play","Dangle","Dangle.1","Sonso",-1.42711635564015,0.0484014209591474,0.0484014209591474
"732","101857a","Action_34","Morph_67","JS","Playcontinue","Objectshake","ObjectShake.3","Sonso",0.494696241836107,0.0022202486678508,0.108792184724689
"733","101856","Action_8","Morph_19","JS","Play","Dangle","Dangle.1","Sonso",0.732367893713227,0.0484014209591474,0.0484014209591474
"734","100104","Action_17","Morph_39","JS","Sexualattention","Hitobject","HitObject.1","Sonso",-0.44628710262842,0.0430728241563055,0.0559502664298401
"735","100105","Action_40","Morph_82","JS","Sexualattention","Presentgenitalsforwards","PresentGenitals.1","Sonso",1.65632149833295,0.0295293072824156,0.00199822380106572
"736","100105","Action_20","Morph_45","JS","Sexualattention","Hitother","HitOther.1","Sonso",-0.510825623765991,0.0202042628774423,0.0404085257548845
"737","100104","Action_45","Morph_101","JS","Sexualattention","Reach","Reach.2","Sonso",0.89199803930511,0.0370781527531083,0.0801509769094138
"738","102476","Action_17","Morph_39","JS","Play","Hitobject","HitObject.1","Sonso",-0.82098055206983,0.0430728241563055,0.0559502664298401
"739","102476","Action_55","Morph_117","JS","Play","Stompingobject","StompObject.3","Sonso",1.80500469597808,0.00688277087033748,0.0230905861456483
"740","102476","Action_55","Morph_117","JS","Play","Stompingobject","StompObject.3","Sonso",0.751416088683921,0.00688277087033748,0.0230905861456483
"741","102476","Action_55","Morph_117","JS","Play","Stompingobject","StompObject.3","Sonso",0.824175442966349,0.00688277087033748,0.0230905861456483
"742","102094a","Action_21","Morph_42","JS","Sexualattention","Hittingobject","HitObject.4","Sonso",-0.083381608939051,0.00599467140319716,0.00799289520426288
"743","102094a","Action_34","Morph_65","JS","Sexualattention","Objectshake","ObjectShake.1","Sonso",0.364643113587909,0.0746003552397869,0.108792184724689
"744","102101a","Action_55","Morph_116","JS","Sexualattention","Stompingobject","StompObject.2","Sonso",0.0769610411361284,0.0148756660746004,0.0230905861456483
"745","102094a","Action_33","Morph_62","JS","Sexualattention","Objectmove","ObjectMove.2","Sonso",0.494696241836107,0.00643872113676732,0.0406305506216696
"746","102101a","Action_34","Morph_65","JS","Sexualattention","Objectshake","ObjectShake.1","Sonso",0.908258560176891,0.0746003552397869,0.108792184724689
"747","102101a","Action_33","Morph_61","JS","Sexualattention","Objectmove","ObjectMove.1","Sonso",-0.174353387144778,0.0317495559502664,0.0406305506216696
"748","102094a","Action_34","Morph_66","JS","Sexualattention","Objectshake","ObjectShake.2","Sonso",1.34547236659964,0.0237566607460036,0.108792184724689
"749","102094a","Action_21","Morph_42","JS","Sexualattention","Hittingobject","HitObject.4","Sonso",-1.02165124753198,0.00599467140319716,0.00799289520426288
"750","102101a","Action_34","Morph_66","JS","Sexualattention","Objectshake","ObjectShake.2","Sonso",2.55567572067621,0.0237566607460036,0.108792184724689
"751","101876","Action_17","Morph_39","JS","Play","Hitobject","HitObject.1","Sonso",0.148420005118273,0.0430728241563055,0.0559502664298401
"752","101877","Action_45","Morph_100","JS","Play","Reach","Reach.1","Sonso",1.58514521986506,0.0408525754884547,0.0801509769094138
"753","102468","Action_20","Morph_46","JS","Play","Hitother","HitOther.2","Sonso",-0.7339691750802,0.00932504440497336,0.0404085257548845
"754","102462","Action_17","Morph_39","JS","Play","Hitobject","HitObject.1","Sonso",-1.02165124753198,0.0430728241563055,0.0559502664298401
"755","102462","Action_17","Morph_41","JS","Play","Hitobject","HitObject.3","Sonso",-0.579818495252942,0.00510657193605684,0.0559502664298401
"756","101875","Action_8","Morph_19","JS","Play","Dangle","Dangle.1","Sonso",1.74396880539171,0.0484014209591474,0.0484014209591474
"757","102469","Action_20","Morph_46","JS","Playcontinue","Hitother","HitOther.2","Sonso",-0.510825623765991,0.00932504440497336,0.0404085257548845
"758","102462","Action_17","Morph_39","JS","Play","Hitobject","HitObject.1","Sonso",-0.510825623765991,0.0430728241563055,0.0559502664298401
"759","102462","Action_8","Morph_19","JS","Play","Dangle","Dangle.1","Sonso",1.47247205736094,0.0484014209591474,0.0484014209591474
"760","102462","Action_17","Morph_41","JS","Play","Hitobject","HitObject.3","Sonso",-0.44628710262842,0.00510657193605684,0.0559502664298401
"761","102463","Action_8","Morph_19","JS","Play","Dangle","Dangle.1","Sonso",1.42551507427317,0.0484014209591474,0.0484014209591474
"762","102463","Action_20","Morph_45","JS","Play","Hitother","HitOther.1","Sonso",-0.579818495252942,0.0202042628774423,0.0404085257548845
"763","101875","Action_17","Morph_39","JS","Play","Hitobject","HitObject.1","Sonso",-0.385662480811985,0.0430728241563055,0.0559502664298401
"764","102462","Action_17","Morph_39","JS","Play","Hitobject","HitObject.1","Sonso",-0.328504066972036,0.0430728241563055,0.0559502664298401
"765","102462","Action_26","Morph_53","JS","Play","Knockobject","KnockObject.1","Sonso",-1.27296567581289,0.00133214920071048,0.0011101243339254
"766","102461","Action_45","Morph_100","JS","Play","Reach","Reach.1","Sonso",0.182321556793955,0.0408525754884547,0.0801509769094138
"767","102463","Action_20","Morph_45","JS","Play","Hitother","HitOther.1","Sonso",-0.579818495252942,0.0202042628774423,0.0404085257548845
"768","100103b","Action_57","Morph_115","JS","Play","Stompobject","StompObject.1","Sonso",0.0392207131532813,0.0337477797513321,0.0424067495559503
"769","100103b","Action_33","Morph_61","JS","Play","Objectmove","ObjectMove.1","Sonso",0.113328685307003,0.0317495559502664,0.0406305506216696
"770","101110","Action_17","Morph_39","JT","Play","Hitobject","HitObject.1","Sonso",0.148420005118273,0.0430728241563055,0.0559502664298401
"771","101110","Action_34","Morph_65","JT","Play","Objectshake","ObjectShake.1","Sonso",-0.22314355131421,0.0746003552397869,0.108792184724689
"772","102034","Action_2","Morph_4","JT","Groom","Bigloudscratch","BigLoudScratch.2","Sonso",1.61740608208328,0.019316163410302,0.0577264653641208
"773","101686a","Action_2","Morph_3","JT","Groom","Bigloudscratch","BigLoudScratch.1","Sonso",1.74396880539171,0.0215364120781528,0.0577264653641208
"774","102421b","Action_2","Morph_3","JT","Directattention","Bigloudscratch","BigLoudScratch.1","Sonso",0.751416088683921,0.0215364120781528,0.0577264653641208
"775","102422b","Action_2","Morph_4","JT","Directattention","Bigloudscratch","BigLoudScratch.2","Sonso",0.924258901523332,0.019316163410302,0.0577264653641208
"776","102035","Action_42","Morph_92","JT","Position","Push","Push.5","Sonso",-0.174353387144778,0.0066607460035524,0.0466252220248668
"777","102036","Action_2","Morph_3","JT","Directattention","Bigloudscratch","BigLoudScratch.1","Sonso",0.8754687373539,0.0215364120781528,0.0577264653641208
"778","102034","Action_38","Morph_76","JT","Groom","Present","Present.2","Sonso",1.64865862558738,0.0135435168738899,0.0492895204262877
"779","100972","Action_41","Morph_84","JT","Play","Pull","Pull.1","Sonso",0.970778917158225,0.00821492007104796,0.0253108348134991
"780","101766","Action_8","Morph_19","JT","Play","Dangle","Dangle.1","Sonso",0.770108221696074,0.0484014209591474,0.0484014209591474
"781","101986","Action_60","Morph_127","JT","Play","Swing","Swing.1","Sonso",1.89911798754855,0.0428507992895204,0.0475133214920071
"782","101145","Action_41","Morph_86","JT","Moveclose","Pull","Pull.3","Sonso",0.667829372575655,0.00510657193605684,0.0253108348134991
"783","100391","Action_42","Morph_91","JT","Stopbehaviour","Push","Push.4","Sonso",0.113328685307003,0.00932504440497336,0.0466252220248668
"784","100391","Action_42","Morph_91","JT","Stopbehaviour","Push","Push.4","Sonso",-0.385662480811985,0.00932504440497336,0.0466252220248668
"785","101683b","Action_17","Morph_39","JT","Play","Hitobject","HitObject.1","Sonso",-0.579818495252942,0.0430728241563055,0.0559502664298401
"786","100890","Action_34","Morph_65","JT","Play","Objectshake","ObjectShake.1","Sonso",0.0392207131532813,0.0746003552397869,0.108792184724689
"787","101604b","Action_34","Morph_65","JT","Play","Objectshake","ObjectShake.1","Sonso",0.732367893713227,0.0746003552397869,0.108792184724689
"788","100891b","Action_57","Morph_115","JT","Playcontinue","Stompobject","StompObject.1","Sonso",-0.579818495252942,0.0337477797513321,0.0424067495559503
"789","101683b","Action_17","Morph_39","JT","Play","Hitobject","HitObject.1","Sonso",-0.579818495252942,0.0430728241563055,0.0559502664298401
"790","100967","Action_17","Morph_40","JT","Play","Hitobject","HitObject.2","Sonso",0.113328685307003,0.0119893428063943,0.0559502664298401
"791","101130","Action_39","Morph_82","JT","Staysame","Presentgenitalsbackwards","PresentGenitals.1","Sonso",0.732367893713227,0.0295293072824156,0.033303730017762
"792","100850","Action_14","Morph_30","JT","Play","Grab","Grab.2","Sonso",0.364643113587909,0.00799289520426288,0.0353019538188277
"793","100220","Action_39","Morph_82","JT","Sexualattention","Presentgenitalsbackwards","PresentGenitals.1","Sonso",0.307484699747961,0.0295293072824156,0.033303730017762
"794","100963","Action_50","Morph_108","JT","Play","Shake","Shake.2","Sonso",0.65232518603969,0.00466252220248668,0.0122113676731794
"795","100965","Action_60","Morph_127","JT","Playcontinue","Swing","Swing.1","Sonso",0.113328685307003,0.0428507992895204,0.0475133214920071
"796","100961a","Action_33","Morph_61","JT","Play","Objectmove","ObjectMove.1","Sonso",-0.328504066972036,0.0317495559502664,0.0406305506216696
"797","100390","Action_33","Morph_61","JT","Moveaway","Objectmove","ObjectMove.1","Sonso",-0.44628710262842,0.0317495559502664,0.0406305506216696
"798","100912b","Action_17","Morph_39","JT","Play","Hitobject","HitObject.1","Sonso",-0.44628710262842,0.0430728241563055,0.0559502664298401
"799","100912b","Action_34","Morph_65","JT","Play","Objectshake","ObjectShake.1","Sonso",1.71559810826249,0.0746003552397869,0.108792184724689
"800","100913","Action_8","Morph_19","JT","Playcontinue","Dangle","Dangle.1","Sonso",0.806475865866949,0.0484014209591474,0.0484014209591474
"801","100917","Action_8","Morph_19","JT","Play","Dangle","Dangle.1","Sonso",1.25846098961001,0.0484014209591474,0.0484014209591474
"802","100912b","Action_55","Morph_116","JT","Play","Stompingobject","StompObject.2","Sonso",0.113328685307003,0.0148756660746004,0.0230905861456483
"803","100913","Action_8","Morph_19","JT","Playcontinue","Dangle","Dangle.1","Sonso",0.418710334858185,0.0484014209591474,0.0484014209591474
"804","100563","Action_9","Morph_20","JT","Play","Dangleshake","DangleShake.1","Sonso",-0.0408219945202552,0.00710479573712256,0.00710479573712256
"805","100564","Action_53","Morph_113","JT","Stopbehaviour","Spinsomersault","SpinSomersault.1","Sonso",-0.083381608939051,0.00799289520426288,0.00799289520426288
"806","100919b","Action_8","Morph_19","JT","Play","Dangle","Dangle.1","Sonso",1.29198368164865,0.0484014209591474,0.0484014209591474
"807","100916","Action_34","Morph_65","JT","Play","Objectshake","ObjectShake.1","Sonso",0.0392207131532813,0.0746003552397869,0.108792184724689
"808","100563","Action_57","Morph_118","JT","Play","Stompobject","StompObject.4","Sonso",-0.44628710262842,0.005550621669627,0.0424067495559503
"809","100916","Action_8","Morph_19","JT","Play","Dangle","Dangle.1","Sonso",1.49065437644413,0.0484014209591474,0.0484014209591474
"810","100563","Action_8","Morph_19","JT","Play","Dangle","Dangle.1","Sonso",1.64093657949347,0.0484014209591474,0.0484014209591474
"811","100916","Action_34","Morph_65","JT","Play","Objectshake","ObjectShake.1","Sonso",0.307484699747961,0.0746003552397869,0.108792184724689
"812","102093","Action_45","Morph_100","JT","Play","Reach","Reach.1","Sonso",2.03339760317843,0.0408525754884547,0.0801509769094138
"813","102093","Action_41","Morph_87","JT","Play","Pull","Pull.4","Sonso",2.40514168131914,0.00532859680284192,0.0253108348134991
"814","101616","Action_17","Morph_39","JT","Playcontinue","Hitobject","HitObject.1","Sonso",-0.0408219945202552,0.0430728241563055,0.0559502664298401
"815","102093","Action_15","Morph_35","JT","Play","Grabhold","GrabHold.1","Sonso",1.05779029414785,0.00932504440497336,0.0204262877442274
"816","102093","Action_37","Morph_74","JT","Play","Poke","Poke.1","Sonso",-0.916290731874155,0.00266429840142096,0.00266429840142096
"817","101124","Action_55","Morph_116","JT","Play","Stompingobject","StompObject.2","Sonso",-0.127833371509885,0.0148756660746004,0.0230905861456483
"818","100920","Action_55","Morph_116","JT","Play","Stompingobject","StompObject.2","Sonso",-0.7339691750802,0.0148756660746004,0.0230905861456483
"819","100920","Action_57","Morph_118","JT","Play","Stompobject","StompObject.4","Sonso",-0.385662480811985,0.005550621669627,0.0424067495559503
"820","101124","Action_33","Morph_61","JT","Play","Objectmove","ObjectMove.1","Sonso",0.693147180559945,0.0317495559502664,0.0406305506216696
"821","102477","Action_34","Morph_65","JT","Play","Objectshake","ObjectShake.1","Sonso",1.38629436111989,0.0746003552397869,0.108792184724689
"822","102477","Action_34","Morph_66","JT","Play","Objectshake","ObjectShake.2","Sonso",2.21920348405499,0.0237566607460036,0.108792184724689
"823","102477","Action_57","Morph_115","JT","Play","Stompobject","StompObject.1","Sonso",-0.653926467406664,0.0337477797513321,0.0424067495559503
"824","102477","Action_57","Morph_115","JT","Play","Stompobject","StompObject.1","Sonso",-0.127833371509885,0.0337477797513321,0.0424067495559503
"825","102477","Action_60","Morph_127","JT","Play","Swing","Swing.1","Sonso",-0.083381608939051,0.0428507992895204,0.0475133214920071
"826","102477","Action_38","Morph_81","JT","Play","Present","Present.7","Sonso",1.80500469597808,0.00244227353463588,0.0492895204262877
"827","100935","Action_48","Morph_104","JT","Play","Rollover","RollOver.1","Sonso",-0.0408219945202552,0.00621669626998224,0.00621669626998224
"828","102097","Action_38","Morph_79","JT","Groom","Present","Present.5","Sonso",1.15057202759882,0.00688277087033748,0.0492895204262877
"829","102097","Action_2","Morph_3","JT","Groom","Bigloudscratch","BigLoudScratch.1","Sonso",1.49065437644413,0.0215364120781528,0.0577264653641208
"830","102097","Action_2","Morph_5","JT","Groom","Bigloudscratch","BigLoudScratch.3","Sonso",0.418710334858185,0.0119893428063943,0.0577264653641208
"831","102097","Action_2","Morph_3","JT","Groom","Bigloudscratch","BigLoudScratch.1","Sonso",0.470003629245736,0.0215364120781528,0.0577264653641208
"832","100302","Action_20","Morph_46","JT","Playcontinue","Hitother","HitOther.2","Sonso",0.0392207131532813,0.00932504440497336,0.0404085257548845
"833","100966b","Action_43","Morph_96","JT","Play","Raise","Raise.1","Sonso",-0.653926467406664,0.00865896980461812,0.0113232682060391
"834","101121","Action_10","Morph_21","JT","Play","Drum","Drum.1","Sonso",-0.27443684570176,0.0033303730017762,0.0033303730017762
"835","100442","Action_15","Morph_37","JT","Play","Grabhold","GrabHold.3","Sonso",1.880990602956,0.00532859680284192,0.0204262877442274
"836","100442","Action_3","Morph_9","JT","Play","Bite","Bite.1","Sonso",1.74396880539171,0.0044404973357016,0.0168738898756661
"837","100372","Action_41","Morph_86","JT","Playcontinue","Pull","Pull.3","Sonso",0.56531380905006,0.00510657193605684,0.0253108348134991
"838","100472","Action_34","Morph_65","KA","Play","Objectshake","ObjectShake.1","Sonso",1.63315443905142,0.0746003552397869,0.108792184724689
"839","101608","Action_63","Morph_139","KA","Play","Touch","Touch.8","Sonso",0.336472236621213,0.00577264653641208,0.0341918294849023
"840","101608","Action_63","Morph_139","KA","Play","Touch","Touch.8","Sonso",0.364643113587909,0.00577264653641208,0.0341918294849023
"841","101608","Action_14","Morph_31","KA","Play","Grab","Grab.3","Sonso",-1.02165124753198,0.00466252220248668,0.0353019538188277
"842","101812","Action_45","Morph_100","KA","Play","Reach","Reach.1","Sonso",1.43508452528932,0.0408525754884547,0.0801509769094138
"843","101812","Action_45","Morph_101","KA","Play","Reach","Reach.2","Sonso",1.00063188030791,0.0370781527531083,0.0801509769094138
"844","101814a","Action_14","Morph_29","KA","Play","Grab","Grab.1","Sonso",0.113328685307003,0.00821492007104796,0.0353019538188277
"845","101814a","Action_14","Morph_30","KA","Play","Grab","Grab.2","Sonso",0.364643113587909,0.00799289520426288,0.0353019538188277
"846","101814a","Action_14","Morph_32","KA","Play","Grab","Grab.4","Sonso",0.392042087776024,0.00754884547069272,0.0353019538188277
"847","101820a","Action_20","Morph_46","KA","Play","Hitother","HitOther.2","Sonso",-0.127833371509885,0.00932504440497336,0.0404085257548845
"848","101820a","Action_34","Morph_68","KA","Play","Objectshake","ObjectShake.4","Sonso",0.841567185678219,0.00288632326820604,0.108792184724689
"849","101820a","Action_33","Morph_61","KA","Play","Objectmove","ObjectMove.1","Sonso",0.444685821261446,0.0317495559502664,0.0406305506216696
"850","101816","Action_8","Morph_19","KA","Play","Dangle","Dangle.1","Sonso",2.37954613413017,0.0484014209591474,0.0484014209591474
"851","101816","Action_33","Morph_61","KA","Play","Objectmove","ObjectMove.1","Sonso",-0.328504066972036,0.0317495559502664,0.0406305506216696
"852","101816","Action_17","Morph_39","KA","Play","Hitobject","HitObject.1","Sonso",-0.44628710262842,0.0430728241563055,0.0559502664298401
"853","101223","Action_20","Morph_45","KA","Stopbehaviour","Hitother","HitOther.1","Sonso",-0.510825623765991,0.0202042628774423,0.0404085257548845
"854","101223","Action_60","Morph_127","KA","Stopbehaviour","Swing","Swing.1","Sonso",0.444685821261446,0.0428507992895204,0.0475133214920071
"855","101223","Action_20","Morph_45","KA","Stopbehaviour","Hitother","HitOther.1","Sonso",-0.44628710262842,0.0202042628774423,0.0404085257548845
"856","102236b","Action_20","Morph_45","KA","Stopbehaviour","Hitother","HitOther.1","Sonso",-0.82098055206983,0.0202042628774423,0.0404085257548845
"857","102205","Action_20","Morph_50","KA","Stopbehaviour","Hitother","HitOther.6","Sonso",-1.27296567581289,0.00488454706927176,0.0404085257548845
"858","102206","Action_13","Morph_28","KA","Stopbehaviour","Fling","Fling.2","Sonso",-0.328504066972036,0.00488454706927176,0.0117673179396092
"859","101554","Action_41","Morph_86","KA","Climbonme","Pull","Pull.3","Sonso",0.970778917158225,0.00510657193605684,0.0253108348134991
"860","101809","Action_64","Morph_133","KA","Play","Touchlongother","Touch.2","Sonso",1.05779029414785,0.00754884547069272,0.0175399644760213
"861","101220","Action_3","Morph_14","KA","Play","Bite","Bite.6","Sonso",0.587786664902119,0.00266429840142096,0.0168738898756661
"862","101446","Action_38","Morph_79","KA","Directattention","Present","Present.5","Sonso",1.1999647829284,0.00688277087033748,0.0492895204262877
"863","101881","Action_38","Morph_79","KA","Directattention","Present","Present.5","Sonso",1.1999647829284,0.00688277087033748,0.0492895204262877
"864","101447","Action_38","Morph_76","KA","Directattention","Present","Present.2","Sonso",1.41585316336144,0.0135435168738899,0.0492895204262877
"865","101502","Action_8","Morph_19","KA","Play","Dangle","Dangle.1","Sonso",1.09861228866811,0.0484014209591474,0.0484014209591474
"866","101503","Action_8","Morph_19","KA","Play","Dangle","Dangle.1","Sonso",1.99061032797322,0.0484014209591474,0.0484014209591474
"867","101786","Action_39","Morph_82","KA","Staysame","Presentgenitalsbackwards","PresentGenitals.1","Sonso",1.29198368164865,0.0295293072824156,0.033303730017762
"868","100305","Action_39","Morph_82","KA","Sexualattention","Presentgenitalsbackwards","PresentGenitals.1","Sonso",0,0.0295293072824156,0.033303730017762
"869","100434","Action_55","Morph_117","KA","Play","Stompingobject","StompObject.3","Sonso",0.65232518603969,0.00688277087033748,0.0230905861456483
"870","100434","Action_64","Morph_134","KA","Play","Touchlongother","Touch.3","Sonso",1.12492959698548,0.00488454706927176,0.0175399644760213
"871","101821a","Action_17","Morph_39","KA","Play","Hitobject","HitObject.1","Sonso",-0.0408219945202552,0.0430728241563055,0.0559502664298401
"872","100750b","Action_60","Morph_127","KA","Play","Swing","Swing.1","Sonso",0.182321556793955,0.0428507992895204,0.0475133214920071
"873","101821a","Action_45","Morph_100","KA","Play","Reach","Reach.1","Sonso",0.824175442966349,0.0408525754884547,0.0801509769094138
"874","102105","Action_45","Morph_102","KA","Stopbehaviour","Reach","Reach.3","Sonso",0.418710334858185,0.0022202486678508,0.0801509769094138
"875","102105","Action_45","Morph_102","KA","Stopbehaviour","Reach","Reach.3","Sonso",0.806475865866949,0.0022202486678508,0.0801509769094138
"876","102204","Action_64","Morph_135","KA","Giveme","Touchlongother","Touch.4","Sonso",1.58514521986506,0.00488454706927176,0.0175399644760213
"877","102204","Action_45","Morph_101","KA","Giveme","Reach","Reach.2","Sonso",0.924258901523332,0.0370781527531083,0.0801509769094138
"878","102204","Action_45","Morph_101","KA","Giveme","Reach","Reach.2","Sonso",2.67827804276854,0.0370781527531083,0.0801509769094138
"879","102199b","Action_45","Morph_101","KA","Staysame","Reach","Reach.2","Sonso",0.518793793415168,0.0370781527531083,0.0801509769094138
"880","102204","Action_45","Morph_101","KA","Giveme","Reach","Reach.2","Sonso",0.56531380905006,0.0370781527531083,0.0801509769094138
"881","102204","Action_45","Morph_101","KA","Giveme","Reach","Reach.2","Sonso",0.65232518603969,0.0370781527531083,0.0801509769094138
"882","101784b","Action_33","Morph_61","KA","Play","Objectmove","ObjectMove.1","Sonso",0.215111379616945,0.0317495559502664,0.0406305506216696
"883","101299","Action_53","Morph_113","KB","Play","Spinsomersault","SpinSomersault.1","Sonso",0.806475865866949,0.00799289520426288,0.00799289520426288
"884","101299","Action_57","Morph_118","KB","Play","Stompobject","StompObject.4","Sonso",-0.22314355131421,0.005550621669627,0.0424067495559503
"885","100212","Action_57","Morph_115","KB","Moveaway","Stompobject","StompObject.1","Sonso",-0.385662480811985,0.0337477797513321,0.0424067495559503
"886","101748a","Action_34","Morph_65","KB","Play","Objectshake","ObjectShake.1","Sonso",0.751416088683921,0.0746003552397869,0.108792184724689
"887","101748a","Action_34","Morph_66","KB","Play","Objectshake","ObjectShake.2","Sonso",2.78501124223834,0.0237566607460036,0.108792184724689
"888","101748a","Action_8","Morph_19","KB","Play","Dangle","Dangle.1","Sonso",0.609765571620894,0.0484014209591474,0.0484014209591474
"889","101748a","Action_34","Morph_66","KB","Play","Objectshake","ObjectShake.2","Sonso",0.27763173659828,0.0237566607460036,0.108792184724689
"890","101298","Action_57","Morph_115","KB","Play","Stompobject","StompObject.1","Sonso",-0.27443684570176,0.0337477797513321,0.0424067495559503
"891","101298","Action_17","Morph_40","KB","Play","Hitobject","HitObject.2","Sonso",0,0.0119893428063943,0.0559502664298401
"892","101298","Action_17","Morph_39","KB","Play","Hitobject","HitObject.1","Sonso",0.0769610411361284,0.0430728241563055,0.0559502664298401
"893","101298","Action_57","Morph_115","KB","Play","Stompobject","StompObject.1","Sonso",-0.385662480811985,0.0337477797513321,0.0424067495559503
"894","101298","Action_48","Morph_104","KB","Play","Rollover","RollOver.1","Sonso",1.21194097397511,0.00621669626998224,0.00621669626998224
"895","101297","Action_53","Morph_113","KB","Play","Spinsomersault","SpinSomersault.1","Sonso",0.494696241836107,0.00799289520426288,0.00799289520426288
"896","101561","Action_45","Morph_101","KB","Giveme","Reach","Reach.2","Sonso",1.12492959698548,0.0370781527531083,0.0801509769094138
"897","101296","Action_53","Morph_113","KB","Play","Spinsomersault","SpinSomersault.1","Sonso",0.806475865866949,0.00799289520426288,0.00799289520426288
"898","101298","Action_53","Morph_113","KB","Play","Spinsomersault","SpinSomersault.1","Sonso",0.307484699747961,0.00799289520426288,0.00799289520426288
"899","101298","Action_53","Morph_113","KB","Play","Spinsomersault","SpinSomersault.1","Sonso",0.494696241836107,0.00799289520426288,0.00799289520426288
"900","101561","Action_45","Morph_101","KB","Giveme","Reach","Reach.2","Sonso",1.96850998097255,0.0370781527531083,0.0801509769094138
"901","101628b","Action_17","Morph_39","KB","Play","Hitobject","HitObject.1","Sonso",-0.510825623765991,0.0430728241563055,0.0559502664298401
"902","101772","Action_14","Morph_32","KB","Play","Grab","Grab.4","Sonso",-0.174353387144778,0.00754884547069272,0.0353019538188277
"903","102153","Action_45","Morph_100","KB","Play","Reach","Reach.1","Sonso",0.56531380905006,0.0408525754884547,0.0801509769094138
"904","101772","Action_14","Morph_32","KB","Play","Grab","Grab.4","Sonso",0.336472236621213,0.00754884547069272,0.0353019538188277
"905","101772","Action_14","Morph_30","KB","Play","Grab","Grab.2","Sonso",0.470003629245736,0.00799289520426288,0.0353019538188277
"906","101772","Action_14","Morph_32","KB","Play","Grab","Grab.4","Sonso",-0.174353387144778,0.00754884547069272,0.0353019538188277
"907","101225","Action_63","Morph_134","KB","Play","Touch","Touch.3","Sonso",-0.0408219945202552,0.00488454706927176,0.0341918294849023
"908","101527b","Action_8","Morph_19","KB","Play","Dangle","Dangle.1","Sonso",2.04381436403668,0.0484014209591474,0.0484014209591474
"909","101772","Action_63","Morph_133","KB","Play","Touch","Touch.2","Sonso",-0.653926467406664,0.00754884547069272,0.0341918294849023
"910","101233","Action_14","Morph_31","KB","Play","Grab","Grab.3","Sonso",0.56531380905006,0.00466252220248668,0.0353019538188277
"911","101772","Action_14","Morph_32","KB","Play","Grab","Grab.4","Sonso",-0.127833371509885,0.00754884547069272,0.0353019538188277
"912","100282","Action_60","Morph_127","KB","Playcontinue","Swing","Swing.1","Sonso",0.0769610411361284,0.0428507992895204,0.0475133214920071
"913","100282","Action_34","Morph_65","KB","Playcontinue","Objectshake","ObjectShake.1","Sonso",2.17928687664955,0.0746003552397869,0.108792184724689
"914","100282","Action_34","Morph_65","KB","Playcontinue","Objectshake","ObjectShake.1","Sonso",1.56024766824333,0.0746003552397869,0.108792184724689
"915","100022","Action_41","Morph_NA","KB","Play","Pull",NA,"Sonso",0.732367893713227,0.0159857904085258,0.0253108348134991
"916","100282","Action_55","Morph_117","KB","Playcontinue","Stompingobject","StompObject.3","Sonso",0.970778917158225,0.00688277087033748,0.0230905861456483
"917","100282","Action_21","Morph_43","KB","Playcontinue","Hittingobject","HitObject.5","Sonso",0.693147180559945,0.0044404973357016,0.00799289520426288
"918","100705","Action_45","Morph_100","KB","Play","Reach","Reach.1","Sonso",0.182321556793955,0.0408525754884547,0.0801509769094138
"919","101342","Action_63","Morph_132","KB","Stopbehaviour","Touch","Touch.1","Sonso",0.56531380905006,0.0104351687388988,0.0341918294849023
"920","102038","Action_14","Morph_31","KB","Play","Grab","Grab.3","Sonso",0.0392207131532813,0.00466252220248668,0.0353019538188277
"921","100713a","Action_15","Morph_37","KB","Play","Grabhold","GrabHold.3","Sonso",1.63315443905142,0.00532859680284192,0.0204262877442274
"922","101343","Action_8","Morph_19","KB","Play","Dangle","Dangle.1","Sonso",1.21194097397511,0.0484014209591474,0.0484014209591474
"923","100713a","Action_57","Morph_115","KB","Play","Stompobject","StompObject.1","Sonso",-0.510825623765991,0.0337477797513321,0.0424067495559503
"924","101317a","Action_8","Morph_19","KB","Play","Dangle","Dangle.1","Sonso",1.11185751541813,0.0484014209591474,0.0484014209591474
"925","101300","Action_15","Morph_35","KB","Play","Grabhold","GrabHold.1","Sonso",1.49065437644413,0.00932504440497336,0.0204262877442274
"926","101339a","Action_15","Morph_37","KB","Play","Grabhold","GrabHold.3","Sonso",1.74396880539171,0.00532859680284192,0.0204262877442274
"927","101387a","Action_57","Morph_115","KB","Play","Stompobject","StompObject.1","Sonso",-0.82098055206983,0.0337477797513321,0.0424067495559503
"928","101317a","Action_57","Morph_115","KB","Play","Stompobject","StompObject.1","Sonso",-0.44628710262842,0.0337477797513321,0.0424067495559503
"929","101300","Action_15","Morph_35","KB","Play","Grabhold","GrabHold.1","Sonso",1.81156209652423,0.00932504440497336,0.0204262877442274
"930","101397","Action_41","Morph_86","KB","Play","Pull","Pull.3","Sonso",0.712949807856125,0.00510657193605684,0.0253108348134991
"931","101300","Action_3","Morph_12","KB","Play","Bite","Bite.4","Sonso",1.17557332980424,0.00177619893428064,0.0168738898756661
"932","101397","Action_42","Morph_94","KB","Play","Push","Push.7","Sonso",-0.175544572514931,0.00288632326820604,0.0466252220248668
"933","101300","Action_3","Morph_12","KB","Play","Bite","Bite.4","Sonso",1.22377543162212,0.00177619893428064,0.0168738898756661
"934","101300","Action_16","Morph_38","KB","Play","Headstand","HeadStand.1","Sonso",0.215111379616945,0.0066607460035524,0.0066607460035524
"935","101317a","Action_17","Morph_39","KB","Play","Hitobject","HitObject.1","Sonso",-0.7339691750802,0.0430728241563055,0.0559502664298401
"936","101557a","Action_60","Morph_127","KB","Play","Swing","Swing.1","Sonso",-0.127833371509885,0.0428507992895204,0.0475133214920071
"937","101387a","Action_57","Morph_115","KB","Play","Stompobject","StompObject.1","Sonso",-0.653926467406664,0.0337477797513321,0.0424067495559503
"938","101397","Action_41","Morph_87","KB","Play","Pull","Pull.4","Sonso",-0.048140375327935,0.00532859680284192,0.0253108348134991
"939","101397","Action_41","Morph_87","KB","Play","Pull","Pull.4","Sonso",-0.048140375327935,0.00532859680284192,0.0253108348134991
"940","101838b","Action_17","Morph_39","KB","Playcontinue","Hitobject","HitObject.1","Sonso",-0.328504066972036,0.0430728241563055,0.0559502664298401
"941","101317a","Action_60","Morph_128","KB","Play","Swing","Swing.2","Sonso",-0.22314355131421,0.00310834813499112,0.0475133214920071
"942","101557a","Action_14","Morph_31","KB","Play","Grab","Grab.3","Sonso",0.392042087776024,0.00466252220248668,0.0353019538188277
"943","101300","Action_3","Morph_12","KB","Play","Bite","Bite.4","Sonso",0.587786664902119,0.00177619893428064,0.0168738898756661
"944","101154a","Action_14","Morph_31","KB","Play","Grab","Grab.3","Sonso",1.04380405217311,0.00466252220248668,0.0353019538188277
"945","101397","Action_41","Morph_87","KB","Play","Pull","Pull.4","Sonso",-0.209487224866724,0.00532859680284192,0.0253108348134991
"946","101384","Action_14","Morph_31","KB","Play","Grab","Grab.3","Sonso",-0.44628710262842,0.00466252220248668,0.0353019538188277
"947","101397","Action_57","Morph_115","KB","Play","Stompobject","StompObject.1","Sonso",-0.127833371509885,0.0337477797513321,0.0424067495559503
"948","101627","Action_17","Morph_39","KB","Play","Hitobject","HitObject.1","Sonso",-0.328504066972036,0.0430728241563055,0.0559502664298401
"949","101027","Action_8","Morph_19","KB","Play","Dangle","Dangle.1","Sonso",0.65232518603969,0.0484014209591474,0.0484014209591474
"950","101021","Action_8","Morph_19","KB","Play","Dangle","Dangle.1","Sonso",1.11185751541813,0.0484014209591474,0.0484014209591474
"951","101838b","Action_57","Morph_115","KB","Playcontinue","Stompobject","StompObject.1","Sonso",-0.82098055206983,0.0337477797513321,0.0424067495559503
"952","101627","Action_57","Morph_115","KB","Play","Stompobject","StompObject.1","Sonso",-0.385662480811985,0.0337477797513321,0.0424067495559503
"953","101557a","Action_63","Morph_137","KB","Play","Touch","Touch.6","Sonso",0.182321556793955,0.00488454706927176,0.0341918294849023
"954","101330","Action_17","Morph_39","KB","Play","Hitobject","HitObject.1","Sonso",-0.22314355131421,0.0430728241563055,0.0559502664298401
"955","101154a","Action_3","Morph_15","KB","Play","Bite","Bite.7","Sonso",0.336472236621213,0.00133214920071048,0.0168738898756661
"956","101557a","Action_3","Morph_14","KB","Play","Bite","Bite.6","Sonso",1.39624469197306,0.00266429840142096,0.0168738898756661
"957","101557a","Action_8","Morph_19","KB","Play","Dangle","Dangle.1","Sonso",1.93441576962958,0.0484014209591474,0.0484014209591474
"958","102485","Action_55","Morph_116","KB","Play","Stompingobject","StompObject.2","Sonso",0.494696241836107,0.0148756660746004,0.0230905861456483
"959","101397","Action_41","Morph_87","KB","Play","Pull","Pull.4","Sonso",-0.048140375327935,0.00532859680284192,0.0253108348134991
"960","101558a","Action_34","Morph_65","KB","Play","Objectshake","ObjectShake.1","Sonso",1.57691472072854,0.0746003552397869,0.108792184724689
"961","101558a","Action_34","Morph_67","KB","Play","Objectshake","ObjectShake.3","Sonso",0.908258560176891,0.0022202486678508,0.108792184724689
"962","102271","Action_15","Morph_35","KB","Play","Grabhold","GrabHold.1","Sonso",1.73695123273306,0.00932504440497336,0.0204262877442274
"963","102271","Action_20","Morph_49","KB","Play","Hitother","HitOther.5","Sonso",0,0.00599467140319716,0.0404085257548845
"964","102271","Action_20","Morph_49","KB","Play","Hitother","HitOther.5","Sonso",-0.27443684570176,0.00599467140319716,0.0404085257548845
"965","101327","Action_9","Morph_20","KB","Play","Dangleshake","DangleShake.1","Sonso",1.45395300959371,0.00710479573712256,0.00710479573712256
"966","101984","Action_64","Morph_135","KB","Play","Touchlongother","Touch.4","Sonso",1.99605993274078,0.00488454706927176,0.0175399644760213
"967","101458","Action_8","Morph_19","KB","Play","Dangle","Dangle.1","Sonso",0.470003629245736,0.0484014209591474,0.0484014209591474
"968","101286","Action_9","Morph_20","KB","Play","Dangleshake","DangleShake.1","Sonso",3.0521126069901,0.00710479573712256,0.00710479573712256
"969","101286","Action_34","Morph_65","KB","Play","Objectshake","ObjectShake.1","Sonso",0.955511445027436,0.0746003552397869,0.108792184724689
"970","101714","Action_41","Morph_87","KB","Play","Pull","Pull.4","Sonso",0.934523500135215,0.00532859680284192,0.0253108348134991
"971","101756","Action_2","Morph_3","KB","Groom","Bigloudscratch","BigLoudScratch.1","Sonso",1.04380405217311,0.0215364120781528,0.0577264653641208
"972","101756","Action_15","Morph_35","KB","Groom","Grabhold","GrabHold.1","Sonso",2.53369681395743,0.00932504440497336,0.0204262877442274
"973","102028","Action_42","Morph_NA","KB","Giveme","Push",NA,"Sonso",1.12492959698548,0.0159857904085258,0.0466252220248668
"974","101714","Action_41","Morph_86","KB","Play","Pull","Pull.3","Sonso",0.391366183728663,0.00510657193605684,0.0253108348134991
"975","101714","Action_41","Morph_87","KB","Play","Pull","Pull.4","Sonso",-0.338273858567841,0.00532859680284192,0.0253108348134991
"976","101295","Action_20","Morph_46","KB","Play","Hitother","HitOther.2","Sonso",0.364643113587909,0.00932504440497336,0.0404085257548845
"977","101756","Action_2","Morph_4","KB","Groom","Bigloudscratch","BigLoudScratch.2","Sonso",0.824175442966349,0.019316163410302,0.0577264653641208
"978","100321","Action_45","Morph_101","KB","Climbonyou","Reach","Reach.2","Sonso",0.542324290825362,0.0370781527531083,0.0801509769094138
"979","100326","Action_43","Morph_96","KB","Givemenurse","Raise","Raise.1","Sonso",0.418710334858185,0.00865896980461812,0.0113232682060391
"980","101458","Action_8","Morph_19","KB","Play","Dangle","Dangle.1","Sonso",0.494696241836107,0.0484014209591474,0.0484014209591474
"981","101286","Action_60","Morph_127","KB","Play","Swing","Swing.1","Sonso",0.470003629245736,0.0428507992895204,0.0475133214920071
"982","101395","Action_43","Morph_98","KB","Givemenurse","Raise","Raise.3","Sonso",0.631271776841858,0.00177619893428064,0.0113232682060391
"983","101458","Action_56","Morph_123","KB","Play","Stompingother","StompOther.2","Sonso",-0.0408219945202552,0.00244227353463588,0.00266429840142096
"984","101714","Action_41","Morph_87","KB","Play","Pull","Pull.4","Sonso",0.0788111804242898,0.00532859680284192,0.0253108348134991
"985","101714","Action_23","Morph_47","KB","Play","Hittingother","HitOther.3","Sonso",0.712949807856125,0.00843694493783304,0.0157637655417407
"986","101458","Action_19","Morph_39","KB","Play","Hitobjectother","HitObject.1","Sonso",-0.579818495252942,0.0430728241563055,0.00088809946714032
"987","101286","Action_60","Morph_128","KB","Play","Swing","Swing.2","Sonso",0.609765571620894,0.00310834813499112,0.0475133214920071
"988","100943","Action_63","Morph_135","KB","Giveme","Touch","Touch.4","Sonso",1.12492959698548,0.00488454706927176,0.0341918294849023
"989","101164","Action_14","Morph_29","KB","Play","Grab","Grab.1","Sonso",0.631271776841858,0.00821492007104796,0.0353019538188277
"990","101396","Action_23","Morph_48","KB","Play","Hittingother","HitOther.4","Sonso",0,0.00732682060390764,0.0157637655417407
"991","101714","Action_41","Morph_87","KB","Play","Pull","Pull.4","Sonso",-0.205794912979597,0.00532859680284192,0.0253108348134991
"992","102027","Action_42","Morph_91","KB","Giveme","Push","Push.4","Sonso",1.17557332980424,0.00932504440497336,0.0466252220248668
"993","100109b","Action_45","Morph_100","KB","Climbonyou","Reach","Reach.1","Sonso",0.0769610411361284,0.0408525754884547,0.0801509769094138
"994","101396","Action_23","Morph_48","KB","Play","Hittingother","HitOther.4","Sonso",0.65232518603969,0.00732682060390764,0.0157637655417407
"995","101396","Action_20","Morph_45","KB","Play","Hitother","HitOther.1","Sonso",-0.328504066972036,0.0202042628774423,0.0404085257548845
"996","101458","Action_8","Morph_19","KB","Play","Dangle","Dangle.1","Sonso",0.672944473242426,0.0484014209591474,0.0484014209591474
"997","101396","Action_23","Morph_48","KB","Play","Hittingother","HitOther.4","Sonso",0.336472236621213,0.00732682060390764,0.0157637655417407
"998","101458","Action_20","Morph_50","KB","Play","Hitother","HitOther.6","Sonso",-1.02165124753198,0.00488454706927176,0.0404085257548845
"999","101286","Action_9","Morph_20","KB","Play","Dangleshake","DangleShake.1","Sonso",2.24918431626693,0.00710479573712256,0.00710479573712256
"1000","101458","Action_8","Morph_19","KB","Play","Dangle","Dangle.1","Sonso",0.246860077931526,0.0484014209591474,0.0484014209591474
"1001","101295","Action_20","Morph_46","KB","Play","Hitother","HitOther.2","Sonso",0.27763173659828,0.00932504440497336,0.0404085257548845
"1002","101714","Action_41","Morph_87","KB","Play","Pull","Pull.4","Sonso",-0.0294288106908122,0.00532859680284192,0.0253108348134991
"1003","101458","Action_23","Morph_48","KB","Play","Hittingother","HitOther.4","Sonso",-0.7339691750802,0.00732682060390764,0.0157637655417407
"1004","101714","Action_41","Morph_87","KB","Play","Pull","Pull.4","Sonso",0.29416103854949,0.00532859680284192,0.0253108348134991
"1005","101458","Action_64","Morph_133","KB","Play","Touchlongother","Touch.2","Sonso",2.04898233419513,0.00754884547069272,0.0175399644760213
"1006","101286","Action_8","Morph_19","KB","Play","Dangle","Dangle.1","Sonso",1.65632149833295,0.0484014209591474,0.0484014209591474
"1007","101714","Action_23","Morph_48","KB","Play","Hittingother","HitOther.4","Sonso",0.806475865866949,0.00732682060390764,0.0157637655417407
"1008","101458","Action_32","Morph_60","KB","Play","Objectmouth","ObjectMouth.1","Sonso",2.02287119019144,0.00466252220248668,0.00466252220248668
"1009","100943","Action_42","Morph_91","KB","Giveme","Push","Push.4","Sonso",1.37624402526639,0.00932504440497336,0.0466252220248668
"1010","101385","Action_60","Morph_127","KB","Play","Swing","Swing.1","Sonso",-0.328504066972036,0.0428507992895204,0.0475133214920071
"1011","101280","Action_8","Morph_19","KB","Play","Dangle","Dangle.1","Sonso",0.89199803930511,0.0484014209591474,0.0484014209591474
"1012","101714","Action_63","Morph_137","KB","Play","Touch","Touch.6","Sonso",1.05779029414785,0.00488454706927176,0.0341918294849023
"1013","101458","Action_8","Morph_19","KB","Play","Dangle","Dangle.1","Sonso",1.64865862558738,0.0484014209591474,0.0484014209591474
"1014","101518","Action_55","Morph_116","KB","Play","Stompingobject","StompObject.2","Sonso",0.587786664902119,0.0148756660746004,0.0230905861456483
"1015","101714","Action_41","Morph_87","KB","Play","Pull","Pull.4","Sonso",-0.346724613085564,0.00532859680284192,0.0253108348134991
"1016","101984","Action_63","Morph_137","KB","Play","Touch","Touch.6","Sonso",1.05779029414785,0.00488454706927176,0.0341918294849023
"1017","102027","Action_45","Morph_101","KB","Giveme","Reach","Reach.2","Sonso",0.587786664902119,0.0370781527531083,0.0801509769094138
"1018","101714","Action_41","Morph_87","KB","Play","Pull","Pull.4","Sonso",0.281412459438185,0.00532859680284192,0.0253108348134991
"1019","100338","Action_43","Morph_96","KB","Affiliation","Raise","Raise.1","Sonso",0.113328685307003,0.00865896980461812,0.0113232682060391
"1020","102027","Action_42","Morph_91","KB","Giveme","Push","Push.4","Sonso",1.43508452528932,0.00932504440497336,0.0466252220248668
"1021","101715","Action_17","Morph_39","KB","Playcontinue","Hitobject","HitObject.1","Sonso",-0.127833371509885,0.0430728241563055,0.0559502664298401
"1022","101780","Action_60","Morph_127","KB","Play","Swing","Swing.1","Sonso",0,0.0428507992895204,0.0475133214920071
"1023","101196","Action_8","Morph_19","KB","Play","Dangle","Dangle.1","Sonso",0.841567185678219,0.0484014209591474,0.0484014209591474
"1024","101773","Action_45","Morph_100","KB","Play","Reach","Reach.1","Sonso",1.56861591791385,0.0408525754884547,0.0801509769094138
"1025","101831","Action_33","Morph_61","KB","Play","Objectmove","ObjectMove.1","Sonso",0.751416088683921,0.0317495559502664,0.0406305506216696
"1026","101780","Action_8","Morph_19","KB","Play","Dangle","Dangle.1","Sonso",-0.22314355131421,0.0484014209591474,0.0484014209591474
"1027","101831","Action_14","Morph_30","KB","Play","Grab","Grab.2","Sonso",-0.083381608939051,0.00799289520426288,0.0353019538188277
"1028","101773","Action_45","Morph_100","KB","Play","Reach","Reach.1","Sonso",1.56861591791385,0.0408525754884547,0.0801509769094138
"1029","101773","Action_52","Morph_112","KB","Play","Spinroulade","SpinRoulade.1","Sonso",0.542324290825362,0.00488454706927176,0.00488454706927176
"1030","102320","Action_51","Morph_111","KB","Playcontinue","Spinpirouette","SpinPirouette.1","Sonso",0.215111379616945,0.00133214920071048,0.00133214920071048
"1031","101017","Action_63","Morph_135","KB","Play","Touch","Touch.4","Sonso",0.181487876045377,0.00488454706927176,0.0341918294849023
"1032","101024","Action_3","Morph_14","KB","Play","Bite","Bite.6","Sonso",0.78845736036427,0.00266429840142096,0.0168738898756661
"1033","101621","Action_57","Morph_115","KB","Play","Stompobject","StompObject.1","Sonso",-0.653926467406664,0.0337477797513321,0.0424067495559503
"1034","101621","Action_57","Morph_120","KB","Play","Stompobject","StompObject.6","Sonso",-0.510825623765991,0.00133214920071048,0.0424067495559503
"1035","100770","Action_34","Morph_NA","KB","Play","Objectshake",NA,"Sonso",1.05779029414785,0.0159857904085258,0.108792184724689
"1036","100770","Action_34","Morph_65","KB","Play","Objectshake","ObjectShake.1","Sonso",0.364643113587909,0.0746003552397869,0.108792184724689
"1037","100770","Action_34","Morph_66","KB","Play","Objectshake","ObjectShake.2","Sonso",1.35583515363518,0.0237566607460036,0.108792184724689
"1038","101929b","Action_16","Morph_38","KB","Play","Headstand","HeadStand.1","Sonso",0.712949807856125,0.0066607460035524,0.0066607460035524
"1039","102481","Action_63","Morph_137","KB","Play","Touch","Touch.6","Sonso",-0.0408219945202552,0.00488454706927176,0.0341918294849023
"1040","102481","Action_63","Morph_137","KB","Play","Touch","Touch.6","Sonso",0.336472236621213,0.00488454706927176,0.0341918294849023
"1041","101679","Action_57","Morph_115","KB","Play","Stompobject","StompObject.1","Sonso",-0.579818495252942,0.0337477797513321,0.0424067495559503
"1042","100770","Action_17","Morph_39","KB","Play","Hitobject","HitObject.1","Sonso",-0.0408219945202552,0.0430728241563055,0.0559502664298401
"1043","100770","Action_34","Morph_66","KB","Play","Objectshake","ObjectShake.2","Sonso",0.712949807856125,0.0237566607460036,0.108792184724689
"1044","100770","Action_17","Morph_39","KB","Play","Hitobject","HitObject.1","Sonso",-0.510825623765991,0.0430728241563055,0.0559502664298401
"1045","100770","Action_34","Morph_66","KB","Play","Objectshake","ObjectShake.2","Sonso",-0.44628710262842,0.0237566607460036,0.108792184724689
"1046","100770","Action_34","Morph_65","KB","Play","Objectshake","ObjectShake.1","Sonso",-0.510825623765991,0.0746003552397869,0.108792184724689
"1047","100770","Action_17","Morph_39","KB","Play","Hitobject","HitObject.1","Sonso",-0.0408219945202552,0.0430728241563055,0.0559502664298401
"1048","100770","Action_20","Morph_46","KB","Play","Hitother","HitOther.2","Sonso",-0.174353387144778,0.00932504440497336,0.0404085257548845
"1049","101204","Action_55","Morph_117","KB","Play","Stompingobject","StompObject.3","Sonso",0.841567185678219,0.00688277087033748,0.0230905861456483
"1050","101519","Action_57","Morph_115","KB","Play","Stompobject","StompObject.1","Sonso",-0.579818495252942,0.0337477797513321,0.0424067495559503
"1051","101316","Action_21","Morph_43","KB","Play","Hittingobject","HitObject.5","Sonso",0,0.0044404973357016,0.00799289520426288
"1052","101519","Action_21","Morph_43","KB","Play","Hittingobject","HitObject.5","Sonso",-0.127833371509885,0.0044404973357016,0.00799289520426288
"1053","101519","Action_57","Morph_115","KB","Play","Stompobject","StompObject.1","Sonso",-0.328504066972036,0.0337477797513321,0.0424067495559503
"1054","101204","Action_17","Morph_39","KB","Play","Hitobject","HitObject.1","Sonso",-0.385662480811985,0.0430728241563055,0.0559502664298401
"1055","101204","Action_57","Morph_115","KB","Play","Stompobject","StompObject.1","Sonso",-0.653926467406664,0.0337477797513321,0.0424067495559503
"1056","101205","Action_57","Morph_115","KB","Play","Stompobject","StompObject.1","Sonso",-0.22314355131421,0.0337477797513321,0.0424067495559503
"1057","101205","Action_21","Morph_42","KB","Play","Hittingobject","HitObject.4","Sonso",-0.127833371509885,0.00599467140319716,0.00799289520426288
"1058","101198","Action_8","Morph_19","KB","Play","Dangle","Dangle.1","Sonso",1.00063188030791,0.0484014209591474,0.0484014209591474
"1059","101513","Action_60","Morph_127","KB","Play","Swing","Swing.1","Sonso",0.246860077931526,0.0428507992895204,0.0475133214920071
"1060","101520","Action_20","Morph_45","KB","Play","Hitother","HitOther.1","Sonso",-0.653926467406664,0.0202042628774423,0.0404085257548845
"1061","101521","Action_15","Morph_37","KB","Play","Grabhold","GrabHold.3","Sonso",1.44456326924387,0.00532859680284192,0.0204262877442274
"1062","101521","Action_3","Morph_15","KB","Play","Bite","Bite.7","Sonso",1.11185751541813,0.00133214920071048,0.0168738898756661
"1063","101520","Action_3","Morph_15","KB","Play","Bite","Bite.7","Sonso",0.56531380905006,0.00133214920071048,0.0168738898756661
"1064","101520","Action_15","Morph_35","KB","Play","Grabhold","GrabHold.1","Sonso",1.86872051036418,0.00932504440497336,0.0204262877442274
"1065","101832","Action_52","Morph_112","KB","Play","Spinroulade","SpinRoulade.1","Sonso",1.05779029414785,0.00488454706927176,0.00488454706927176
"1066","101832","Action_25","Morph_52","KB","Play","Kickpunch","KickPunch.1","Sonso",-1.03282454813011,0.0022202486678508,0.0022202486678508
"1067","101832","Action_53","Morph_113","KB","Play","Spinsomersault","SpinSomersault.1","Sonso",1.28093384546206,0.00799289520426288,0.00799289520426288
"1068","101398","Action_20","Morph_45","KB","Play","Hitother","HitOther.1","Sonso",-0.328504066972036,0.0202042628774423,0.0404085257548845
"1069","101513","Action_9","Morph_20","KB","Play","Dangleshake","DangleShake.1","Sonso",1.21194097397511,0.00710479573712256,0.00710479573712256
"1070","101832","Action_25","Morph_52","KB","Play","Kickpunch","KickPunch.1","Sonso",-1.03282454813011,0.0022202486678508,0.0022202486678508
"1071","101513","Action_8","Morph_19","KB","Play","Dangle","Dangle.1","Sonso",1.18784342239605,0.0484014209591474,0.0484014209591474
"1072","101832","Action_25","Morph_52","KB","Play","Kickpunch","KickPunch.1","Sonso",-1.03282454813011,0.0022202486678508,0.0022202486678508
"1073","101529a","Action_8","Morph_19","KB","Play","Dangle","Dangle.1","Sonso",1.40609698841607,0.0484014209591474,0.0484014209591474
"1074","101521","Action_23","Morph_48","KB","Play","Hittingother","HitOther.4","Sonso",1.67147330335355,0.00732682060390764,0.0157637655417407
"1075","101520","Action_57","Morph_115","KB","Play","Stompobject","StompObject.1","Sonso",-0.127833371509885,0.0337477797513321,0.0424067495559503
"1076","101520","Action_3","Morph_15","KB","Play","Bite","Bite.7","Sonso",-0.22314355131421,0.00133214920071048,0.0168738898756661
"1077","101520","Action_20","Morph_45","KB","Play","Hitother","HitOther.1","Sonso",-0.22314355131421,0.0202042628774423,0.0404085257548845
"1078","100370","Action_37","Morph_74","KB","Play","Poke","Poke.1","Sonso",1.85629799036563,0.00266429840142096,0.00266429840142096
"1079","100370","Action_45","Morph_101","KB","Play","Reach","Reach.2","Sonso",0.751416088683921,0.0370781527531083,0.0801509769094138
"1080","100370","Action_8","Morph_19","KB","Play","Dangle","Dangle.1","Sonso",2.73436750941958,0.0484014209591474,0.0484014209591474
"1081","100370","Action_23","Morph_47","KB","Play","Hittingother","HitOther.3","Sonso",0.841567185678219,0.00843694493783304,0.0157637655417407
"1082","101751","Action_34","Morph_66","KB","Playcontinue","Objectshake","ObjectShake.2","Sonso",1.17557332980424,0.0237566607460036,0.108792184724689
"1083","102300","Action_8","Morph_19","KB","Play","Dangle","Dangle.1","Sonso",0.494696241836107,0.0484014209591474,0.0484014209591474
"1084","102302","Action_8","Morph_19","KB","Playcontinue","Dangle","Dangle.1","Sonso",-0.385662480811985,0.0484014209591474,0.0484014209591474
"1085","102301","Action_8","Morph_19","KB","Playcontinue","Dangle","Dangle.1","Sonso",-0.127833371509885,0.0484014209591474,0.0484014209591474
"1086","102151","Action_8","Morph_19","KB","Play","Dangle","Dangle.1","Sonso",0.587786664902119,0.0484014209591474,0.0484014209591474
"1087","101452","Action_20","Morph_45","KB","Play","Hitother","HitOther.1","Sonso",-0.7339691750802,0.0202042628774423,0.0404085257548845
"1088","101455b","Action_60","Morph_127","KB","Play","Swing","Swing.1","Sonso",0.712949807856125,0.0428507992895204,0.0475133214920071
"1089","101452","Action_9","Morph_20","KB","Play","Dangleshake","DangleShake.1","Sonso",0.732367893713227,0.00710479573712256,0.00710479573712256
"1090","101455b","Action_8","Morph_19","KB","Play","Dangle","Dangle.1","Sonso",0.924258901523332,0.0484014209591474,0.0484014209591474
"1091","100148","Action_48","Morph_104","KB","Play","Rollover","RollOver.1","Sonso",1.60140574073684,0.00621669626998224,0.00621669626998224
"1092","101575","Action_8","Morph_19","KB","Play","Dangle","Dangle.1","Sonso",1.35583515363518,0.0484014209591474,0.0484014209591474
"1093","101574","Action_8","Morph_19","KB","Playcontinue","Dangle","Dangle.1","Sonso",0.732367893713227,0.0484014209591474,0.0484014209591474
"1094","101575","Action_63","Morph_137","KB","Play","Touch","Touch.6","Sonso",1.39624469197306,0.00488454706927176,0.0341918294849023
"1095","101575","Action_63","Morph_137","KB","Play","Touch","Touch.6","Sonso",0.824175442966349,0.00488454706927176,0.0341918294849023
"1096","100757","Action_61","Morph_130","KB","Play","Throwobject","ThrowObject.1","Sonso",0.587786664902119,0.00244227353463588,0.00244227353463588
"1097","101406","Action_20","Morph_45","KC","Play","Hitother","HitOther.1","Sonso",-0.27443684570176,0.0202042628774423,0.0404085257548845
"1098","101407","Action_34","Morph_65","KC","Play","Objectshake","ObjectShake.1","Sonso",2.90799335924598,0.0746003552397869,0.108792184724689
"1099","101406","Action_15","Morph_35","KC","Play","Grabhold","GrabHold.1","Sonso",1.73695123273306,0.00932504440497336,0.0204262877442274
"1100","100466b","Action_33","Morph_61","KC","Play","Objectmove","ObjectMove.1","Sonso",1.29198368164865,0.0317495559502664,0.0406305506216696
"1101","101239","Action_60","Morph_127","KC","Play","Swing","Swing.1","Sonso",0.470003629245736,0.0428507992895204,0.0475133214920071
"1102","101376","Action_60","Morph_127","KC","Play","Swing","Swing.1","Sonso",1.04380405217311,0.0428507992895204,0.0475133214920071
"1103","101239","Action_15","Morph_35","KC","Play","Grabhold","GrabHold.1","Sonso",1.88706964903238,0.00932504440497336,0.0204262877442274
"1104","101239","Action_9","Morph_20","KC","Play","Dangleshake","DangleShake.1","Sonso",2.59525470695687,0.00710479573712256,0.00710479573712256
"1105","101241","Action_8","Morph_19","KC","Playcontinue","Dangle","Dangle.1","Sonso",0.215111379616945,0.0484014209591474,0.0484014209591474
"1106","102457","Action_34","Morph_65","KC","Play","Objectshake","ObjectShake.1","Sonso",1.40609698841607,0.0746003552397869,0.108792184724689
"1107","102457","Action_14","Morph_29","KC","Play","Grab","Grab.1","Sonso",-0.653926467406664,0.00821492007104796,0.0353019538188277
"1108","102455","Action_20","Morph_49","KC","Play","Hitother","HitOther.5","Sonso",0.215111379616945,0.00599467140319716,0.0404085257548845
"1109","102449","Action_60","Morph_127","KC","Play","Swing","Swing.1","Sonso",0.444685821261446,0.0428507992895204,0.0475133214920071
"1110","102086","Action_45","Morph_100","KC","Play","Reach","Reach.1","Sonso",1.49962304642689,0.0408525754884547,0.0801509769094138
"1111","102085","Action_45","Morph_100","KC","Play","Reach","Reach.1","Sonso",0.940007258491471,0.0408525754884547,0.0801509769094138
"1112","102085","Action_43","Morph_96","KC","Play","Raise","Raise.1","Sonso",0.78845736036427,0.00865896980461812,0.0113232682060391
"1113","100738a","Action_63","Morph_138","KC","Play","Touch","Touch.7","Sonso",0.518793793415168,0.0044404973357016,0.0341918294849023
"1114","100259a","Action_39","Morph_83","KC","Affiliation","Presentgenitalsbackwards","PresentGenitals.2","Sonso",0.65232518603969,0.00577264653641208,0.033303730017762
"1115","102324a","Action_23","Morph_48","KC","Play","Hittingother","HitOther.4","Sonso",0.182321556793955,0.00732682060390764,0.0157637655417407
"1116","102324a","Action_20","Morph_45","KC","Play","Hitother","HitOther.1","Sonso",-0.82098055206983,0.0202042628774423,0.0404085257548845
"1117","102324a","Action_20","Morph_45","KC","Play","Hitother","HitOther.1","Sonso",-0.083381608939051,0.0202042628774423,0.0404085257548845
"1118","100294","Action_45","Morph_101","KC","Staysame","Reach","Reach.2","Sonso",-0.328504066972036,0.0370781527531083,0.0801509769094138
"1119","101586","Action_8","Morph_19","KC","Play","Dangle","Dangle.1","Sonso",0.940007258491471,0.0484014209591474,0.0484014209591474
"1120","101590","Action_33","Morph_61","KC","Play","Objectmove","ObjectMove.1","Sonso",0.27763173659828,0.0317495559502664,0.0406305506216696
"1121","101938","Action_8","Morph_19","KC","Play","Dangle","Dangle.1","Sonso",0.609765571620894,0.0484014209591474,0.0484014209591474
"1122","101590","Action_33","Morph_61","KC","Play","Objectmove","ObjectMove.1","Sonso",0,0.0317495559502664,0.0406305506216696
"1123","101939","Action_26","Morph_53","KC","Play","Knockobject","KnockObject.1","Sonso",-0.916290731874155,0.00133214920071048,0.0011101243339254
"1124","101939","Action_55","Morph_116","KC","Play","Stompingobject","StompObject.2","Sonso",0.246860077931526,0.0148756660746004,0.0230905861456483
"1125","101939","Action_43","Morph_96","KC","Play","Raise","Raise.1","Sonso",0.0392207131532813,0.00865896980461812,0.0113232682060391
"1126","101814b","Action_17","Morph_40","KC","Play","Hitobject","HitObject.2","Sonso",-0.916290731874155,0.0119893428063943,0.0559502664298401
"1127","101528","Action_57","Morph_115","KC","Play","Stompobject","StompObject.1","Sonso",-0.7339691750802,0.0337477797513321,0.0424067495559503
"1128","101528","Action_57","Morph_115","KC","Play","Stompobject","StompObject.1","Sonso",-0.7339691750802,0.0337477797513321,0.0424067495559503
"1129","101527a","Action_57","Morph_118","KC","Play","Stompobject","StompObject.4","Sonso",-0.916290731874155,0.005550621669627,0.0424067495559503
"1130","101527a","Action_55","Morph_116","KC","Play","Stompingobject","StompObject.2","Sonso",0.246860077931526,0.0148756660746004,0.0230905861456483
"1131","101523b","Action_57","Morph_115","KC","Play","Stompobject","StompObject.1","Sonso",-0.7339691750802,0.0337477797513321,0.0424067495559503
"1132","101527a","Action_57","Morph_118","KC","Play","Stompobject","StompObject.4","Sonso",-0.916290731874155,0.005550621669627,0.0424067495559503
"1133","101528","Action_17","Morph_39","KC","Play","Hitobject","HitObject.1","Sonso",-0.916290731874155,0.0430728241563055,0.0559502664298401
"1134","101527a","Action_17","Morph_40","KC","Play","Hitobject","HitObject.2","Sonso",-0.82098055206983,0.0119893428063943,0.0559502664298401
"1135","101527a","Action_17","Morph_40","KC","Play","Hitobject","HitObject.2","Sonso",-0.579818495252942,0.0119893428063943,0.0559502664298401
"1136","101527a","Action_17","Morph_39","KC","Play","Hitobject","HitObject.1","Sonso",-0.22314355131421,0.0430728241563055,0.0559502664298401
"1137","101527a","Action_55","Morph_116","KC","Play","Stompingobject","StompObject.2","Sonso",-0.0408219945202552,0.0148756660746004,0.0230905861456483
"1138","101527a","Action_57","Morph_118","KC","Play","Stompobject","StompObject.4","Sonso",-0.82098055206983,0.005550621669627,0.0424067495559503
"1139","101527a","Action_55","Morph_116","KC","Play","Stompingobject","StompObject.2","Sonso",0.246860077931526,0.0148756660746004,0.0230905861456483
"1140","101527a","Action_17","Morph_40","KC","Play","Hitobject","HitObject.2","Sonso",-0.7339691750802,0.0119893428063943,0.0559502664298401
"1141","101527a","Action_21","Morph_42","KC","Play","Hittingobject","HitObject.4","Sonso",-0.27443684570176,0.00599467140319716,0.00799289520426288
"1142","101523b","Action_57","Morph_115","KC","Play","Stompobject","StompObject.1","Sonso",-0.27443684570176,0.0337477797513321,0.0424067495559503
"1143","101527a","Action_55","Morph_116","KC","Play","Stompingobject","StompObject.2","Sonso",0.770108221696074,0.0148756660746004,0.0230905861456483
"1144","101527a","Action_57","Morph_118","KC","Play","Stompobject","StompObject.4","Sonso",-0.579818495252942,0.005550621669627,0.0424067495559503
"1145","102475","Action_34","Morph_65","KC","Play","Objectshake","ObjectShake.1","Sonso",1.83098018238134,0.0746003552397869,0.108792184724689
"1146","101527a","Action_17","Morph_39","KC","Play","Hitobject","HitObject.1","Sonso",-0.27443684570176,0.0430728241563055,0.0559502664298401
"1147","102009","Action_57","Morph_115","KC","Play","Stompobject","StompObject.1","Sonso",-0.174353387144778,0.0337477797513321,0.0424067495559503
"1148","102046","Action_21","Morph_44","KC","Play","Hittingobject","HitObject.6","Sonso",0.307484699747961,0.00155417406749556,0.00799289520426288
"1149","102010","Action_41","Morph_87","KC","Play","Pull","Pull.4","Sonso",0.470003629245736,0.00532859680284192,0.0253108348134991
"1150","102009","Action_57","Morph_115","KC","Play","Stompobject","StompObject.1","Sonso",-0.385662480811985,0.0337477797513321,0.0424067495559503
"1151","102224","Action_33","Morph_61","KC","Play","Objectmove","ObjectMove.1","Sonso",0.418710334858185,0.0317495559502664,0.0406305506216696
"1152","102040","Action_14","Morph_30","KC","Stopbehaviour","Grab","Grab.2","Sonso",0.65232518603969,0.00799289520426288,0.0353019538188277
"1153","102042","Action_14","Morph_30","KC","Play","Grab","Grab.2","Sonso",0.940007258491471,0.00799289520426288,0.0353019538188277
"1154","102009","Action_20","Morph_49","KC","Play","Hitother","HitOther.5","Sonso",-0.22314355131421,0.00599467140319716,0.0404085257548845
"1155","102010","Action_15","Morph_37","KC","Play","Grabhold","GrabHold.3","Sonso",2.09924416897602,0.00532859680284192,0.0204262877442274
"1156","102009","Action_34","Morph_65","KC","Play","Objectshake","ObjectShake.1","Sonso",1.11185751541813,0.0746003552397869,0.108792184724689
"1157","102009","Action_57","Morph_115","KC","Play","Stompobject","StompObject.1","Sonso",0.336472236621213,0.0337477797513321,0.0424067495559503
"1158","102010","Action_8","Morph_19","KC","Play","Dangle","Dangle.1","Sonso",0.985816794522765,0.0484014209591474,0.0484014209591474
"1159","102223a","Action_33","Morph_62","KC","Play","Objectmove","ObjectMove.2","Sonso",0.770108221696074,0.00643872113676732,0.0406305506216696
"1160","102223a","Action_55","Morph_117","KC","Play","Stompingobject","StompObject.3","Sonso",0.444685821261446,0.00688277087033748,0.0230905861456483
"1161","102046","Action_8","Morph_19","KC","Play","Dangle","Dangle.1","Sonso",2.57108434602905,0.0484014209591474,0.0484014209591474
"1162","102228","Action_29","Morph_58","KC","Play","Locomotegallop","LocomoteGallop.1","Sonso",1.16315080980568,0.00821492007104796,0.00821492007104796
"1163","101918","Action_41","Morph_87","KC","Travel","Pull","Pull.4","Sonso",0.494696241836107,0.00532859680284192,0.0253108348134991
"1164","101918","Action_41","Morph_87","KC","Travel","Pull","Pull.4","Sonso",0.364643113587909,0.00532859680284192,0.0253108348134991
"1165","102317","Action_41","Morph_87","KC","Climbonyou","Pull","Pull.4","Sonso",0.770108221696074,0.00532859680284192,0.0253108348134991
"1166","100371","Action_41","Morph_84","KC","Climbonyou","Pull","Pull.1","Sonso",0.246860077931526,0.00821492007104796,0.0253108348134991
"1167","100739","Action_2","Morph_3","KC","Givemenurse","Bigloudscratch","BigLoudScratch.1","Sonso",2.19722457733622,0.0215364120781528,0.0577264653641208
"1168","100371","Action_41","Morph_84","KC","Climbonyou","Pull","Pull.1","Sonso",0.732367893713227,0.00821492007104796,0.0253108348134991
"1169","100371","Action_15","Morph_35","KC","Climbonyou","Grabhold","GrabHold.1","Sonso",2.32630161961136,0.00932504440497336,0.0204262877442274
"1170","101644","Action_17","Morph_39","KC","Play","Hitobject","HitObject.1","Sonso",-0.385662480811985,0.0430728241563055,0.0559502664298401
"1171","101918","Action_41","Morph_87","KC","Travel","Pull","Pull.4","Sonso",0.494696241836107,0.00532859680284192,0.0253108348134991
"1172","100187","Action_2","Morph_4","KC","Travel","Bigloudscratch","BigLoudScratch.2","Sonso",0.841567185678219,0.019316163410302,0.0577264653641208
"1173","101935","Action_45","Morph_100","KC","Climbonyou","Reach","Reach.1","Sonso",1.38629436111989,0.0408525754884547,0.0801509769094138
"1174","101644","Action_60","Morph_127","KC","Play","Swing","Swing.1","Sonso",-0.174353387144778,0.0428507992895204,0.0475133214920071
"1175","101644","Action_57","Morph_115","KC","Play","Stompobject","StompObject.1","Sonso",-0.27443684570176,0.0337477797513321,0.0424067495559503
"1176","100030","Action_41","Morph_87","KC","Climbonyou","Pull","Pull.4","Sonso",0.672944473242426,0.00532859680284192,0.0253108348134991
"1177","101644","Action_14","Morph_31","KC","Play","Grab","Grab.3","Sonso",-0.174353387144778,0.00466252220248668,0.0353019538188277
"1178","101646","Action_8","Morph_19","KC","Play","Dangle","Dangle.1","Sonso",0.824175442966349,0.0484014209591474,0.0484014209591474
"1179","101645","Action_8","Morph_19","KC","Play","Dangle","Dangle.1","Sonso",0.0769610411361284,0.0484014209591474,0.0484014209591474
"1180","100187","Action_41","Morph_87","KC","Travel","Pull","Pull.4","Sonso",0.908258560176891,0.00532859680284192,0.0253108348134991
"1181","101644","Action_8","Morph_19","KC","Play","Dangle","Dangle.1","Sonso",-0.174353387144778,0.0484014209591474,0.0484014209591474
"1182","100279","Action_42","Morph_91","KC","Position","Push","Push.4","Sonso",0.806475865866949,0.00932504440497336,0.0466252220248668
"1183","101918","Action_42","Morph_94","KC","Travel","Push","Push.7","Sonso",-0.579818495252942,0.00288632326820604,0.0466252220248668
"1184","101644","Action_8","Morph_19","KC","Play","Dangle","Dangle.1","Sonso",1.24703229378638,0.0484014209591474,0.0484014209591474
"1185","101918","Action_41","Morph_87","KC","Travel","Pull","Pull.4","Sonso",-0.579818495252942,0.00532859680284192,0.0253108348134991
"1186","100371","Action_63","Morph_132","KC","Climbonyou","Touch","Touch.1","Sonso",-0.22314355131421,0.0104351687388988,0.0341918294849023
"1187","100371","Action_41","Morph_84","KC","Climbonyou","Pull","Pull.1","Sonso",0.732367893713227,0.00821492007104796,0.0253108348134991
"1188","101918","Action_42","Morph_94","KC","Travel","Push","Push.7","Sonso",-0.653926467406664,0.00288632326820604,0.0466252220248668
"1189","101644","Action_55","Morph_116","KC","Play","Stompingobject","StompObject.2","Sonso",0.148420005118273,0.0148756660746004,0.0230905861456483
"1190","101918","Action_41","Morph_87","KC","Travel","Pull","Pull.4","Sonso",0.113328685307003,0.00532859680284192,0.0253108348134991
"1191","102210","Action_41","Morph_86","KC","Position","Pull","Pull.3","Sonso",0.148420005118273,0.00510657193605684,0.0253108348134991
"1192","101645","Action_55","Morph_116","KC","Play","Stompingobject","StompObject.2","Sonso",-0.82098055206983,0.0148756660746004,0.0230905861456483
"1193","100464","Action_15","Morph_37","KC","Play","Grabhold","GrabHold.3","Sonso",2.07442899985629,0.00532859680284192,0.0204262877442274
"1194","101858","Action_8","Morph_19","KC","Play","Dangle","Dangle.1","Sonso",-0.127833371509885,0.0484014209591474,0.0484014209591474
"1195","102261","Action_29","Morph_58","KC","Play","Locomotegallop","LocomoteGallop.1","Sonso",1.07158361628019,0.00821492007104796,0.00821492007104796
"1196","102091","Action_38","Morph_80","KC","Groom","Present","Present.6","Sonso",0.518793793415168,0.00155417406749556,0.0492895204262877
"1197","102261","Action_61","Morph_130","KC","Play","Throwobject","ThrowObject.1","Sonso",-0.510825623765991,0.00244227353463588,0.00244227353463588
"1198","102091","Action_2","Morph_5","KC","Groom","Bigloudscratch","BigLoudScratch.3","Sonso",1.18784342239605,0.0119893428063943,0.0577264653641208
"1199","101413a","Action_17","Morph_40","KC","Play","Hitobject","HitObject.2","Sonso",0,0.0119893428063943,0.0559502664298401
"1200","102264","Action_20","Morph_50","KC","Play","Hitother","HitOther.6","Sonso",-0.82098055206983,0.00488454706927176,0.0404085257548845
"1201","101413a","Action_17","Morph_40","KC","Play","Hitobject","HitObject.2","Sonso",-0.385662480811985,0.0119893428063943,0.0559502664298401
"1202","101859","Action_57","Morph_115","KC","Play","Stompobject","StompObject.1","Sonso",-0.328504066972036,0.0337477797513321,0.0424067495559503
"1203","102261","Action_57","Morph_118","KC","Play","Stompobject","StompObject.4","Sonso",-0.385662480811985,0.005550621669627,0.0424067495559503
"1204","100464","Action_3","Morph_13","KC","Play","Bite","Bite.5","Sonso",1.29198368164865,0.0011101243339254,0.0168738898756661
"1205","102227","Action_14","Morph_30","KC","Play","Grab","Grab.2","Sonso",0,0.00799289520426288,0.0353019538188277
"1206","102227","Action_29","Morph_58","KC","Play","Locomotegallop","LocomoteGallop.1","Sonso",1.17557332980424,0.00821492007104796,0.00821492007104796
"1207","101354","Action_34","Morph_66","KC","Play","Objectshake","ObjectShake.2","Sonso",1.35583515363518,0.0237566607460036,0.108792184724689
"1208","102226","Action_60","Morph_127","KC","Moveclose","Swing","Swing.1","Sonso",-0.174353387144778,0.0428507992895204,0.0475133214920071
"1209","102226","Action_55","Morph_116","KC","Moveclose","Stompingobject","StompObject.2","Sonso",0.246860077931526,0.0148756660746004,0.0230905861456483
"1210","102043","Action_20","Morph_49","KC","Play","Hitother","HitOther.5","Sonso",0.246860077931526,0.00599467140319716,0.0404085257548845
"1211","102043","Action_20","Morph_49","KC","Play","Hitother","HitOther.5","Sonso",-0.22314355131421,0.00599467140319716,0.0404085257548845
"1212","100475","Action_57","Morph_118","KC","Play","Stompobject","StompObject.4","Sonso",-0.579818495252942,0.005550621669627,0.0424067495559503
"1213","100475","Action_55","Morph_117","KC","Play","Stompingobject","StompObject.3","Sonso",0.8754687373539,0.00688277087033748,0.0230905861456483
"1214","101860a","Action_11","Morph_22","KC","Play","Embrace","Embrace.1","Sonso",1.41585316336144,0.00288632326820604,0.005550621669627
"1215","101860a","Action_56","Morph_123","KC","Play","Stompingother","StompOther.2","Sonso",0.712949807856125,0.00244227353463588,0.00266429840142096
"1216","101860a","Action_3","Morph_9","KC","Play","Bite","Bite.1","Sonso",1.78507048107726,0.0044404973357016,0.0168738898756661
"1217","101860a","Action_23","Morph_48","KC","Play","Hittingother","HitOther.4","Sonso",1.08518926833597,0.00732682060390764,0.0157637655417407
"1218","101860a","Action_23","Morph_48","KC","Play","Hittingother","HitOther.4","Sonso",0.712949807856125,0.00732682060390764,0.0157637655417407
"1219","101860a","Action_20","Morph_49","KC","Play","Hitother","HitOther.5","Sonso",-0.22314355131421,0.00599467140319716,0.0404085257548845
"1220","101860a","Action_56","Morph_123","KC","Play","Stompingother","StompOther.2","Sonso",0.908258560176891,0.00244227353463588,0.00266429840142096
"1221","102025","Action_14","Morph_34","KC","Play","Grab","Grab.6","Sonso",0.824175442966349,0.00355239786856128,0.0353019538188277
"1222","101860a","Action_58","Morph_122","KC","Play","Stompother","StompOther.1","Sonso",-0.27443684570176,0.00244227353463588,0.00377442273534636
"1223","101860a","Action_23","Morph_48","KC","Play","Hittingother","HitOther.4","Sonso",0.89199803930511,0.00732682060390764,0.0157637655417407
"1224","102217","Action_45","Morph_100","KC","Takeobject","Reach","Reach.1","Sonso",1.38629436111989,0.0408525754884547,0.0801509769094138
"1225","101860a","Action_20","Morph_46","KC","Play","Hitother","HitOther.2","Sonso",0,0.00932504440497336,0.0404085257548845
"1226","101382","Action_23","Morph_48","KC","Play","Hittingother","HitOther.4","Sonso",2.21920348405499,0.00732682060390764,0.0157637655417407
"1227","102018","Action_23","Morph_47","KC","Play","Hittingother","HitOther.3","Sonso",1.1999647829284,0.00843694493783304,0.0157637655417407
"1228","102018","Action_3","Morph_9","KC","Play","Bite","Bite.1","Sonso",0.364643113587909,0.0044404973357016,0.0168738898756661
"1229","101381","Action_15","Morph_37","KC","Play","Grabhold","GrabHold.3","Sonso",2.2321626286975,0.00532859680284192,0.0204262877442274
"1230","101647","Action_23","Morph_48","KC","Play","Hittingother","HitOther.4","Sonso",1.07158361628019,0.00732682060390764,0.0157637655417407
"1231","101380","Action_56","Morph_123","KC","Play","Stompingother","StompOther.2","Sonso",0.631271776841858,0.00244227353463588,0.00266429840142096
"1232","101378","Action_15","Morph_36","KC","Play","Grabhold","GrabHold.2","Sonso",1.54329810992956,0.005550621669627,0.0204262877442274
"1233","102017","Action_3","Morph_9","KC","Play","Bite","Bite.1","Sonso",1.25846098961001,0.0044404973357016,0.0168738898756661
"1234","101643","Action_8","Morph_19","KC","Play","Dangle","Dangle.1","Sonso",1.31372366828506,0.0484014209591474,0.0484014209591474
"1235","101381","Action_15","Morph_37","KC","Play","Grabhold","GrabHold.3","Sonso",1.86252854011626,0.00532859680284192,0.0204262877442274
"1236","101381","Action_15","Morph_36","KC","Play","Grabhold","GrabHold.2","Sonso",1.68639895357023,0.005550621669627,0.0204262877442274
"1237","102017","Action_15","Morph_37","KC","Play","Grabhold","GrabHold.3","Sonso",2.08442908319087,0.00532859680284192,0.0204262877442274
"1238","101381","Action_3","Morph_16","KC","Play","Bite","Bite.8","Sonso",1.42551507427317,0.00288632326820604,0.0168738898756661
"1239","102017","Action_20","Morph_49","KC","Play","Hitother","HitOther.5","Sonso",-0.27443684570176,0.00599467140319716,0.0404085257548845
"1240","101643","Action_58","Morph_NA","KC","Play","Stompother",NA,"Sonso",-0.82098055206983,0.0159857904085258,0.00377442273534636
"1241","102018","Action_15","Morph_35","KC","Play","Grabhold","GrabHold.1","Sonso",2.21484617868604,0.00932504440497336,0.0204262877442274
"1242","101380","Action_8","Morph_19","KC","Play","Dangle","Dangle.1","Sonso",1.83098018238134,0.0484014209591474,0.0484014209591474
"1243","101380","Action_60","Morph_127","KC","Play","Swing","Swing.1","Sonso",0.970778917158225,0.0428507992895204,0.0475133214920071
"1244","101381","Action_3","Morph_16","KC","Play","Bite","Bite.8","Sonso",0.672944473242426,0.00288632326820604,0.0168738898756661
"1245","102017","Action_11","Morph_22","KC","Play","Embrace","Embrace.1","Sonso",1.01523067972906,0.00288632326820604,0.005550621669627
"1246","102262b","Action_8","Morph_19","KC","Play","Dangle","Dangle.1","Sonso",1.50851199384414,0.0484014209591474,0.0484014209591474
"1247","101692","Action_8","Morph_19","KC","Play","Dangle","Dangle.1","Sonso",1.08518926833597,0.0484014209591474,0.0484014209591474
"1248","101583b","Action_61","Morph_130","KC","Play","Throwobject","ThrowObject.1","Sonso",0.392042087776024,0.00244227353463588,0.00244227353463588
"1249","101583b","Action_18","Morph_39","KC","Play","Hitobjectobject","HitObject.1","Sonso",-0.0408219945202552,0.0430728241563055,0.00466252220248668
"1250","101642","Action_45","Morph_100","KC","Playcontinue","Reach","Reach.1","Sonso",2.00148000021012,0.0408525754884547,0.0801509769094138
"1251","101649","Action_20","Morph_46","KC","Play","Hitother","HitOther.2","Sonso",0,0.00932504440497336,0.0404085257548845
"1252","101512","Action_8","Morph_19","KC","Play","Dangle","Dangle.1","Sonso",2.60712428251225,0.0484014209591474,0.0484014209591474
"1253","101583b","Action_57","Morph_115","KC","Play","Stompobject","StompObject.1","Sonso",-0.579818495252942,0.0337477797513321,0.0424067495559503
"1254","101512","Action_20","Morph_50","KC","Play","Hitother","HitOther.6","Sonso",0.418710334858185,0.00488454706927176,0.0404085257548845
"1255","101692","Action_55","Morph_116","KC","Play","Stompingobject","StompObject.2","Sonso",-0.579818495252942,0.0148756660746004,0.0230905861456483
"1256","100485","Action_9","Morph_20","KC","Play","Dangleshake","DangleShake.1","Sonso",2.2321626286975,0.00710479573712256,0.00710479573712256
"1257","101583b","Action_8","Morph_19","KC","Play","Dangle","Dangle.1","Sonso",1.52605630349505,0.0484014209591474,0.0484014209591474
"1258","101640b","Action_8","Morph_19","KC","Play","Dangle","Dangle.1","Sonso",0.751416088683921,0.0484014209591474,0.0484014209591474
"1259","100355b","Action_43","Morph_96","KC","Play","Raise","Raise.1","Sonso",0.152721087017664,0.00865896980461812,0.0113232682060391
"1260","101583b","Action_57","Morph_120","KC","Play","Stompobject","StompObject.6","Sonso",-0.0408219945202552,0.00133214920071048,0.0424067495559503
"1261","101692","Action_55","Morph_116","KC","Play","Stompingobject","StompObject.2","Sonso",-0.385662480811985,0.0148756660746004,0.0230905861456483
"1262","101737b","Action_57","Morph_115","KC","Play","Stompobject","StompObject.1","Sonso",-0.510825623765991,0.0337477797513321,0.0424067495559503
"1263","101692","Action_34","Morph_66","KC","Play","Objectshake","ObjectShake.2","Sonso",0.246860077931526,0.0237566607460036,0.108792184724689
"1264","101916","Action_43","Morph_96","KC","Play","Raise","Raise.1","Sonso",-0.385662480811985,0.00865896980461812,0.0113232682060391
"1265","100824","Action_14","Morph_32","KC","Play","Grab","Grab.4","Sonso",-0.127833371509885,0.00754884547069272,0.0353019538188277
"1266","100821","Action_45","Morph_101","KC","Play","Reach","Reach.2","Sonso",1.22377543162212,0.0370781527531083,0.0801509769094138
"1267","102020","Action_25","Morph_52","KC","Play","Kickpunch","KickPunch.1","Sonso",0.470003629245736,0.0022202486678508,0.0022202486678508
"1268","102024","Action_15","Morph_35","KC","Play","Grabhold","GrabHold.1","Sonso",1.49065437644413,0.00932504440497336,0.0204262877442274
"1269","101591b","Action_20","Morph_49","KC","Play","Hitother","HitOther.5","Sonso",-0.127833371509885,0.00599467140319716,0.0404085257548845
"1270","100175","Action_20","Morph_49","KC","Stopbehaviour","Hitother","HitOther.5","Sonso",-0.653926467406664,0.00599467140319716,0.0404085257548845
"1271","101862","Action_23","Morph_48","KC","Play","Hittingother","HitOther.4","Sonso",0.470003629245736,0.00732682060390764,0.0157637655417407
"1272","101865","Action_20","Morph_49","KC","Play","Hitother","HitOther.5","Sonso",0.113328685307003,0.00599467140319716,0.0404085257548845
"1273","101862","Action_23","Morph_47","KC","Play","Hittingother","HitOther.3","Sonso",0.751416088683921,0.00843694493783304,0.0157637655417407
"1274","101862","Action_23","Morph_48","KC","Play","Hittingother","HitOther.4","Sonso",0.806475865866949,0.00732682060390764,0.0157637655417407
"1275","101862","Action_20","Morph_49","KC","Play","Hitother","HitOther.5","Sonso",-0.385662480811985,0.00599467140319716,0.0404085257548845
"1276","101862","Action_20","Morph_49","KC","Play","Hitother","HitOther.5","Sonso",-0.579818495252942,0.00599467140319716,0.0404085257548845
"1277","101862","Action_14","Morph_29","KC","Play","Grab","Grab.1","Sonso",1.25846098961001,0.00821492007104796,0.0353019538188277
"1278","101865","Action_20","Morph_46","KC","Play","Hitother","HitOther.2","Sonso",-0.579818495252942,0.00932504440497336,0.0404085257548845
"1279","101864","Action_20","Morph_49","KC","Play","Hitother","HitOther.5","Sonso",-0.22314355131421,0.00599467140319716,0.0404085257548845
"1280","101864","Action_23","Morph_48","KC","Play","Hittingother","HitOther.4","Sonso",0.841567185678219,0.00732682060390764,0.0157637655417407
"1281","101865","Action_20","Morph_46","KC","Play","Hitother","HitOther.2","Sonso",-0.510825623765991,0.00932504440497336,0.0404085257548845
"1282","100269b","Action_3","Morph_13","KC","Affiliation","Bite","Bite.5","Sonso",-0.0408219945202552,0.0011101243339254,0.0168738898756661
"1283","101914","Action_57","Morph_118","KC","Play","Stompobject","StompObject.4","Sonso",-0.328504066972036,0.005550621669627,0.0424067495559503
"1284","101550","Action_8","Morph_19","KC","Play","Dangle","Dangle.1","Sonso",1.30291275218084,0.0484014209591474,0.0484014209591474
"1285","101914","Action_43","Morph_96","KC","Play","Raise","Raise.1","Sonso",-0.385662480811985,0.00865896980461812,0.0113232682060391
"1286","102327a","Action_14","Morph_34","KC","Play","Grab","Grab.6","Sonso",0.89199803930511,0.00355239786856128,0.0353019538188277
"1287","101914","Action_20","Morph_45","KC","Play","Hitother","HitOther.1","Sonso",-0.127833371509885,0.0202042628774423,0.0404085257548845
"1288","101345","Action_14","Morph_29","KC","Play","Grab","Grab.1","Sonso",-0.0408219945202552,0.00821492007104796,0.0353019538188277
"1289","101942","Action_8","Morph_19","KC","Play","Dangle","Dangle.1","Sonso",2.53369681395743,0.0484014209591474,0.0484014209591474
"1290","101673","Action_14","Morph_30","KC","Play","Grab","Grab.2","Sonso",-0.22314355131421,0.00799289520426288,0.0353019538188277
"1291","101942","Action_14","Morph_32","KC","Play","Grab","Grab.4","Sonso",0.587786664902119,0.00754884547069272,0.0353019538188277
"1292","101348a","Action_20","Morph_46","KC","Playcontinue","Hitother","HitOther.2","Sonso",-0.27443684570176,0.00932504440497336,0.0404085257548845
"1293","101942","Action_58","Morph_122","KC","Play","Stompother","StompOther.1","Sonso",-0.44628710262842,0.00244227353463588,0.00377442273534636
"1294","101347","Action_33","Morph_61","KC","Play","Objectmove","ObjectMove.1","Sonso",0.182321556793955,0.0317495559502664,0.0406305506216696
"1295","101345","Action_23","Morph_48","KC","Play","Hittingother","HitOther.4","Sonso",1.04380405217311,0.00732682060390764,0.0157637655417407
"1296","101942","Action_15","Morph_35","KC","Play","Grabhold","GrabHold.1","Sonso",1.44456326924387,0.00932504440497336,0.0204262877442274
"1297","101942","Action_60","Morph_127","KC","Play","Swing","Swing.1","Sonso",0.182321556793955,0.0428507992895204,0.0475133214920071
"1298","101942","Action_8","Morph_19","KC","Play","Dangle","Dangle.1","Sonso",1.67896397508271,0.0484014209591474,0.0484014209591474
"1299","101942","Action_58","Morph_122","KC","Play","Stompother","StompOther.1","Sonso",-0.27443684570176,0.00244227353463588,0.00377442273534636
"1300","101810","Action_63","Morph_139","KC","Play","Touch","Touch.8","Sonso",0.631271776841858,0.00577264653641208,0.0341918294849023
"1301","101668","Action_39","Morph_82","KE","Sexualattention","Presentgenitalsbackwards","PresentGenitals.1","Sonso",0.824175442966349,0.0295293072824156,0.033303730017762
"1302","100945","Action_45","Morph_101","KE","Affiliation","Reach","Reach.2","Sonso",1.13783300182139,0.0370781527531083,0.0801509769094138
"1303","100863a","Action_45","Morph_101","KG","Affiliation","Reach","Reach.2","Sonso",0.78845736036427,0.0370781527531083,0.0801509769094138
"1304","101667a","Action_45","Morph_100","KG","Support","Reach","Reach.1","Sonso",-0.7339691750802,0.0408525754884547,0.0801509769094138
"1305","100709","Action_42","Morph_88","KG","Moveclose","Push","Push.1","Sonso",1.56024766824333,0.0106571936056838,0.0466252220248668
"1306","101665b","Action_39","Morph_83","KG","Affiliation","Presentgenitalsbackwards","PresentGenitals.2","Sonso",0.587786664902119,0.00577264653641208,0.033303730017762
"1307","101666","Action_45","Morph_100","KG","Staysame","Reach","Reach.1","Sonso",0.631271776841858,0.0408525754884547,0.0801509769094138
"1308","100112","Action_45","Morph_100","KH","Play","Reach","Reach.1","Sonso",0,0.0408525754884547,0.0801509769094138
"1309","100112","Action_14","Morph_32","KH","Play","Grab","Grab.4","Sonso",0.494696241836107,0.00754884547069272,0.0353019538188277
"1310","102041","Action_59","Morph_124","KH","Play","Stroke","Stroke.1","Sonso",0.307484699747961,0.0011101243339254,0.00377442273534636
"1311","102223b","Action_11","Morph_22","KH","Affiliation","Embrace","Embrace.1","Sonso",2.12345842709661,0.00288632326820604,0.005550621669627
"1312","102053","Action_8","Morph_19","KH","Play","Dangle","Dangle.1","Sonso",0.0392207131532813,0.0484014209591474,0.0484014209591474
"1313","102045","Action_8","Morph_19","KH","Play","Dangle","Dangle.1","Sonso",1.02961941718116,0.0484014209591474,0.0484014209591474
"1314","102045","Action_8","Morph_19","KH","Play","Dangle","Dangle.1","Sonso",1.51732262352629,0.0484014209591474,0.0484014209591474
"1315","102135","Action_17","Morph_41","KH","Play","Hitobject","HitObject.3","Sonso",-0.653926467406664,0.00510657193605684,0.0559502664298401
"1316","102135","Action_21","Morph_42","KH","Play","Hittingobject","HitObject.4","Sonso",-0.174353387144778,0.00599467140319716,0.00799289520426288
"1317","102135","Action_55","Morph_116","KH","Play","Stompingobject","StompObject.2","Sonso",-0.083381608939051,0.0148756660746004,0.0230905861456483
"1318","102135","Action_21","Morph_42","KH","Play","Hittingobject","HitObject.4","Sonso",-0.579818495252942,0.00599467140319716,0.00799289520426288
"1319","102124","Action_45","Morph_100","KH","Playcontinue","Reach","Reach.1","Sonso",-0.22314355131421,0.0408525754884547,0.0801509769094138
"1320","102119","Action_3","Morph_16","KH","Play","Bite","Bite.8","Sonso",0.858661619037519,0.00288632326820604,0.0168738898756661
"1321","102124","Action_17","Morph_41","KH","Playcontinue","Hitobject","HitObject.3","Sonso",-0.22314355131421,0.00510657193605684,0.0559502664298401
"1322","102123","Action_21","Morph_44","KH","Playcontinue","Hittingobject","HitObject.6","Sonso",1.09861228866811,0.00155417406749556,0.00799289520426288
"1323","102123","Action_20","Morph_45","KH","Playcontinue","Hitother","HitOther.1","Sonso",-0.127833371509885,0.0202042628774423,0.0404085257548845
"1324","102123","Action_17","Morph_41","KH","Playcontinue","Hitobject","HitObject.3","Sonso",-0.083381608939051,0.00510657193605684,0.0559502664298401
"1325","100809ap1","Action_60","Morph_127","KI","Play","Swing","Swing.1","Sonso",1.11185751541813,0.0428507992895204,0.0475133214920071
"1326","100810","Action_8","Morph_19","KI","Playcontinue","Dangle","Dangle.1","Sonso",2.82849635417808,0.0484014209591474,0.0484014209591474
"1327","100810","Action_17","Morph_39","KI","Playcontinue","Hitobject","HitObject.1","Sonso",0.246860077931526,0.0430728241563055,0.0559502664298401
"1328","100708","Action_9","Morph_20","KI","Play","Dangleshake","DangleShake.1","Sonso",1.49962304642689,0.00710479573712256,0.00710479573712256
"1329","100708","Action_34","Morph_65","KI","Play","Objectshake","ObjectShake.1","Sonso",1.25846098961001,0.0746003552397869,0.108792184724689
"1330","102289b","Action_38","Morph_77","KL","Directattention","Present","Present.3","Sonso",1.34547236659964,0.00466252220248668,0.0492895204262877
"1331","102295","Action_2","Morph_3","KL","Groom","Bigloudscratch","BigLoudScratch.1","Sonso",0.494696241836107,0.0215364120781528,0.0577264653641208
"1332","102295","Action_38","Morph_76","KL","Groom","Present","Present.2","Sonso",0.307484699747961,0.0135435168738899,0.0492895204262877
"1333","101851","Action_42","Morph_93","KL","Position","Push","Push.6","Sonso",-0.579818495252942,0.0066607460035524,0.0466252220248668
"1334","102287","Action_42","Morph_92","KL","Position","Push","Push.5","Sonso",-0.083381608939051,0.0066607460035524,0.0466252220248668
"1335","100295","Action_3","Morph_12","KL","Staysame","Bite","Bite.4","Sonso",0.858661619037519,0.00177619893428064,0.0168738898756661
"1336","101934","Action_14","Morph_29","KL","Stopbehaviour","Grab","Grab.1","Sonso",-0.127833371509885,0.00821492007104796,0.0353019538188277
"1337","101934","Action_20","Morph_45","KL","Stopbehaviour","Hitother","HitOther.1","Sonso",-0.82098055206983,0.0202042628774423,0.0404085257548845
"1338","101934","Action_17","Morph_39","KL","Stopbehaviour","Hitobject","HitObject.1","Sonso",-0.510825623765991,0.0430728241563055,0.0559502664298401
"1339","101934","Action_14","Morph_29","KL","Stopbehaviour","Grab","Grab.1","Sonso",0.494696241836107,0.00821492007104796,0.0353019538188277
"1340","101372","Action_63","Morph_132","KL","Play","Touch","Touch.1","Sonso",0.148420005118273,0.0104351687388988,0.0341918294849023
"1341","101372","Action_63","Morph_132","KL","Play","Touch","Touch.1","Sonso",0.8754687373539,0.0104351687388988,0.0341918294849023
"1342","101944","Action_38","Morph_76","KL","Climbonme","Present","Present.2","Sonso",0.392042087776024,0.0135435168738899,0.0492895204262877
"1343","100432","Action_64","Morph_132","KL","Moveclose","Touchlongother","Touch.1","Sonso",1.17557332980424,0.0104351687388988,0.0175399644760213
"1344","101936","Action_63","Morph_137","KL","Climbonme","Touch","Touch.6","Sonso",0.858661619037519,0.00488454706927176,0.0341918294849023
"1345","101796","Action_38","Morph_76","KL","Climbonme","Present","Present.2","Sonso",0.27763173659828,0.0135435168738899,0.0492895204262877
"1346","101824","Action_38","Morph_75","KL","Climbonme","Present","Present.1","Sonso",1.04380405217311,0.0170959147424512,0.0492895204262877
"1347","101372","Action_63","Morph_132","KL","Play","Touch","Touch.1","Sonso",0.518793793415168,0.0104351687388988,0.0341918294849023
"1348","100432","Action_64","Morph_132","KL","Moveclose","Touchlongother","Touch.1","Sonso",1.68639895357023,0.0104351687388988,0.0175399644760213
"1349","100432","Action_64","Morph_132","KL","Moveclose","Touchlongother","Touch.1","Sonso",1.49962304642689,0.0104351687388988,0.0175399644760213
"1350","102451","Action_45","Morph_100","KL","Play","Reach","Reach.1","Sonso",0.985816794522765,0.0408525754884547,0.0801509769094138
"1351","102446","Action_38","Morph_75","KL","Climbonme","Present","Present.1","Sonso",0.89199803930511,0.0170959147424512,0.0492895204262877
"1352","100574","Action_14","Morph_29","KL","Climbonme","Grab","Grab.1","Sonso",1.30291275218084,0.00821492007104796,0.0353019538188277
"1353","101605","Action_45","Morph_100","KL","Climbonme","Reach","Reach.1","Sonso",0.542324290825362,0.0408525754884547,0.0801509769094138
"1354","101585","Action_15","Morph_36","KL","Play","Grabhold","GrabHold.2","Sonso",1.86252854011626,0.005550621669627,0.0204262877442274
"1355","102083","Action_42","Morph_93","KL","Climbonme","Push","Push.6","Sonso",-0.083381608939051,0.0066607460035524,0.0466252220248668
"1356","101227","Action_45","Morph_100","KL","Climbonme","Reach","Reach.1","Sonso",0.307484699747961,0.0408525754884547,0.0801509769094138
"1357","101824","Action_38","Morph_75","KL","Climbonme","Present","Present.1","Sonso",1.3244189574018,0.0170959147424512,0.0492895204262877
"1358","101948","Action_42","Morph_88","KL","Climbonme","Push","Push.1","Sonso",1.64865862558738,0.0106571936056838,0.0466252220248668
"1359","101936","Action_38","Morph_76","KL","Climbonme","Present","Present.2","Sonso",2.07442899985629,0.0135435168738899,0.0492895204262877
"1360","101344","Action_38","Morph_76","KL","Climbonme","Present","Present.2","Sonso",1.93441576962958,0.0135435168738899,0.0492895204262877
"1361","101796","Action_42","Morph_88","KL","Climbonme","Push","Push.1","Sonso",0.0769610411361284,0.0106571936056838,0.0466252220248668
"1362","101824","Action_42","Morph_91","KL","Climbonme","Push","Push.4","Sonso",0.8754687373539,0.00932504440497336,0.0466252220248668
"1363","101948","Action_42","Morph_88","KL","Climbonme","Push","Push.1","Sonso",0.65232518603969,0.0106571936056838,0.0466252220248668
"1364","102451","Action_15","Morph_36","KL","Play","Grabhold","GrabHold.2","Sonso",1.69377906086785,0.005550621669627,0.0204262877442274
"1365","102310","Action_2","Morph_4","KL","Travel","Bigloudscratch","BigLoudScratch.2","Sonso",1.26976054486394,0.019316163410302,0.0577264653641208
"1366","101948","Action_42","Morph_88","KL","Climbonme","Push","Push.1","Sonso",0.65232518603969,0.0106571936056838,0.0466252220248668
"1367","101412","Action_38","Morph_75","KL","Climbonme","Present","Present.1","Sonso",0.78845736036427,0.0170959147424512,0.0492895204262877
"1368","102299","Action_2","Morph_5","KL","Groom","Bigloudscratch","BigLoudScratch.3","Sonso",0.392042087776024,0.0119893428063943,0.0577264653641208
"1369","100740","Action_2","Morph_5","KL","Directattention","Bigloudscratch","BigLoudScratch.3","Sonso",0.494696241836107,0.0119893428063943,0.0577264653641208
"1370","100816","Action_42","Morph_93","KL","Position","Push","Push.6","Sonso",0.8754687373539,0.0066607460035524,0.0466252220248668
"1371","100737a","Action_2","Morph_5","KL","Groom","Bigloudscratch","BigLoudScratch.3","Sonso",1.23547147138531,0.0119893428063943,0.0577264653641208
"1372","101383","Action_42","Morph_93","KL","Position","Push","Push.6","Sonso",0.924258901523332,0.0066607460035524,0.0466252220248668
"1373","100740","Action_38","Morph_75","KL","Directattention","Present","Present.1","Sonso",1.11185751541813,0.0170959147424512,0.0492895204262877
"1374","100008","Action_39","Morph_82","KL","Sexualattention","Presentgenitalsbackwards","PresentGenitals.1","Sonso",1.11185751541813,0.0295293072824156,0.033303730017762
"1375","101987","Action_39","Morph_82","KL","Sexualattention","Presentgenitalsbackwards","PresentGenitals.1","Sonso",1.1999647829284,0.0295293072824156,0.033303730017762
"1376","100724","Action_2","Morph_3","KL","Groom","Bigloudscratch","BigLoudScratch.1","Sonso",1.68639895357023,0.0215364120781528,0.0577264653641208
"1377","101650","Action_34","Morph_65","KL","Moveaway","Objectshake","ObjectShake.1","Sonso",-0.328504066972036,0.0746003552397869,0.108792184724689
"1378","100176b","Action_2","Morph_6","KL","Travel","Bigloudscratch","BigLoudScratch.4","Sonso",0.78845736036427,0.00421847246891652,0.0577264653641208
"1379","102084","Action_38","Morph_79","KL","Sociosexualattention","Present","Present.5","Sonso",0.824175442966349,0.00688277087033748,0.0492895204262877
"1380","101541","Action_63","Morph_136","KL","Stopbehaviour","Touch","Touch.5","Sonso",0.182321556793955,0.00421847246891652,0.0341918294849023
"1381","100760","Action_13","Morph_27","KL","Stopbehaviour","Fling","Fling.1","Sonso",-0.82098055206983,0.00688277087033748,0.0117673179396092
"1382","101541","Action_15","Morph_35","KL","Stopbehaviour","Grabhold","GrabHold.1","Sonso",1.16315080980568,0.00932504440497336,0.0204262877442274
"1383","100760","Action_13","Morph_28","KL","Stopbehaviour","Fling","Fling.2","Sonso",-0.82098055206983,0.00488454706927176,0.0117673179396092
"1384","100760","Action_13","Morph_28","KL","Stopbehaviour","Fling","Fling.2","Sonso",-0.579818495252942,0.00488454706927176,0.0117673179396092
"1385","101537","Action_63","Morph_137","KL","Stopbehaviour","Touch","Touch.6","Sonso",-0.510825623765991,0.00488454706927176,0.0341918294849023
"1386","102294","Action_38","Morph_79","KM","Directattention","Present","Present.5","Sonso",0.940007258491471,0.00688277087033748,0.0492895204262877
"1387","102213","Action_48","Morph_104","KM","Play","Rollover","RollOver.1","Sonso",1.07158361628019,0.00621669626998224,0.00621669626998224
"1388","102453","Action_60","Morph_127","KM","Playcontinue","Swing","Swing.1","Sonso",-0.083381608939051,0.0428507992895204,0.0475133214920071
"1389","102384","Action_45","Morph_100","KM","Affiliation","Reach","Reach.1","Sonso",0.841567185678219,0.0408525754884547,0.0801509769094138
"1390","102459","Action_45","Morph_101","KM","Play","Reach","Reach.2","Sonso",0.518793793415168,0.0370781527531083,0.0801509769094138
"1391","102458","Action_16","Morph_38","KM","Playcontinue","Headstand","HeadStand.1","Sonso",0.307484699747961,0.0066607460035524,0.0066607460035524
"1392","101090","Action_57","Morph_115","KM","Playcontinue","Stompobject","StompObject.1","Sonso",-0.385662480811985,0.0337477797513321,0.0424067495559503
"1393","101088","Action_8","Morph_19","KM","Play","Dangle","Dangle.1","Sonso",1.01523067972906,0.0484014209591474,0.0484014209591474
"1394","100199","Action_45","Morph_100","KM","Giveme","Reach","Reach.1","Sonso",1.08518926833597,0.0408525754884547,0.0801509769094138
"1395","100199","Action_45","Morph_100","KM","Giveme","Reach","Reach.1","Sonso",0.0769610411361284,0.0408525754884547,0.0801509769094138
"1396","100891a","Action_17","Morph_39","KM","Playcontinue","Hitobject","HitObject.1","Sonso",-0.916290731874155,0.0430728241563055,0.0559502664298401
"1397","100891a","Action_55","Morph_116","KM","Playcontinue","Stompingobject","StompObject.2","Sonso",-0.44628710262842,0.0148756660746004,0.0230905861456483
"1398","101604a","Action_34","Morph_65","KM","Play","Objectshake","ObjectShake.1","Sonso",1.60140574073684,0.0746003552397869,0.108792184724689
"1399","101604a","Action_60","Morph_127","KM","Play","Swing","Swing.1","Sonso",1.89911798754855,0.0428507992895204,0.0475133214920071
"1400","101683a","Action_60","Morph_127","KM","Play","Swing","Swing.1","Sonso",-0.0408219945202552,0.0428507992895204,0.0475133214920071
"1401","100713b","Action_60","Morph_127","KM","Play","Swing","Swing.1","Sonso",0.246860077931526,0.0428507992895204,0.0475133214920071
"1402","102155","Action_45","Morph_100","KM","Play","Reach","Reach.1","Sonso",-1.02165124753198,0.0408525754884547,0.0801509769094138
"1403","102155","Action_45","Morph_100","KM","Play","Reach","Reach.1","Sonso",0.182321556793955,0.0408525754884547,0.0801509769094138
"1404","101341","Action_45","Morph_100","KM","Play","Reach","Reach.1","Sonso",-0.083381608939051,0.0408525754884547,0.0801509769094138
"1405","100813","Action_63","Morph_136","KM","Play","Touch","Touch.5","Sonso",-0.328504066972036,0.00421847246891652,0.0341918294849023
"1406","101823","Action_8","Morph_19","KM","Play","Dangle","Dangle.1","Sonso",1.07158361628019,0.0484014209591474,0.0484014209591474
"1407","100813","Action_63","Morph_136","KM","Play","Touch","Touch.5","Sonso",-0.127833371509885,0.00421847246891652,0.0341918294849023
"1408","102156","Action_15","Morph_36","KM","Play","Grabhold","GrabHold.2","Sonso",1.24703229378638,0.005550621669627,0.0204262877442274
"1409","101413b","Action_45","Morph_101","KM","Play","Reach","Reach.2","Sonso",-0.083381608939051,0.0370781527531083,0.0801509769094138
"1410","100814","Action_15","Morph_36","KM","Play","Grabhold","GrabHold.2","Sonso",2.74212951475507,0.005550621669627,0.0204262877442274
"1411","101823","Action_60","Morph_127","KM","Play","Swing","Swing.1","Sonso",0.0392207131532813,0.0428507992895204,0.0475133214920071
"1412","102092","Action_42","Morph_89","KM","Position","Push","Push.2","Sonso",0.494696241836107,0.00355239786856128,0.0466252220248668
"1413","102026","Action_60","Morph_127","KM","Play","Swing","Swing.1","Sonso",0.246860077931526,0.0428507992895204,0.0475133214920071
"1414","101086","Action_41","Morph_84","KM","Play","Pull","Pull.1","Sonso",0.246860077931526,0.00821492007104796,0.0253108348134991
"1415","102026","Action_41","Morph_86","KM","Play","Pull","Pull.3","Sonso",1.07158361628019,0.00510657193605684,0.0253108348134991
"1416","100813","Action_41","Morph_86","KM","Play","Pull","Pull.3","Sonso",2.21046980408624,0.00510657193605684,0.0253108348134991
"1417","102154","Action_63","Morph_139","KM","Play","Touch","Touch.8","Sonso",0.494696241836107,0.00577264653641208,0.0341918294849023
"1418","100814","Action_41","Morph_85","KM","Play","Pull","Pull.2","Sonso",2.29051251175978,0.00643872113676732,0.0253108348134991
"1419","102221","Action_2","Morph_4","KM","Groom","Bigloudscratch","BigLoudScratch.2","Sonso",0.494696241836107,0.019316163410302,0.0577264653641208
"1420","100735","Action_2","Morph_4","KM","Directattention","Bigloudscratch","BigLoudScratch.2","Sonso",0.841567185678219,0.019316163410302,0.0577264653641208
"1421","102298","Action_2","Morph_4","KM","Groom","Bigloudscratch","BigLoudScratch.2","Sonso",0.924258901523332,0.019316163410302,0.0577264653641208
"1422","100737b","Action_2","Morph_5","KM","Directattention","Bigloudscratch","BigLoudScratch.3","Sonso",0.65232518603969,0.0119893428063943,0.0577264653641208
"1423","101087","Action_45","Morph_101","KM","Giveme","Reach","Reach.2","Sonso",2.69462718077007,0.0370781527531083,0.0801509769094138
"1424","101087","Action_45","Morph_101","KM","Giveme","Reach","Reach.2","Sonso",1.89911798754855,0.0370781527531083,0.0801509769094138
"1425","102298","Action_38","Morph_76","KM","Groom","Present","Present.2","Sonso",0.307484699747961,0.0135435168738899,0.0492895204262877
"1426","101087","Action_63","Morph_138","KM","Giveme","Touch","Touch.7","Sonso",1.17557332980424,0.0044404973357016,0.0341918294849023
"1427","100736","Action_38","Morph_76","KM","Groom","Present","Present.2","Sonso",0.113328685307003,0.0135435168738899,0.0492895204262877
"1428","100710","Action_2","Morph_4","KM","Groom","Bigloudscratch","BigLoudScratch.2","Sonso",0.985816794522765,0.019316163410302,0.0577264653641208
"1429","102221","Action_2","Morph_5","KM","Groom","Bigloudscratch","BigLoudScratch.3","Sonso",0.470003629245736,0.0119893428063943,0.0577264653641208
"1430","101087","Action_45","Morph_101","KM","Giveme","Reach","Reach.2","Sonso",2.9274534328007,0.0370781527531083,0.0801509769094138
"1431","102013","Action_17","Morph_40","KM","Play","Hitobject","HitObject.2","Sonso",-0.653926467406664,0.0119893428063943,0.0559502664298401
"1432","101235","Action_55","Morph_116","KM","Play","Stompingobject","StompObject.2","Sonso",-0.82098055206983,0.0148756660746004,0.0230905861456483
"1433","102160a","Action_17","Morph_39","KM","Play","Hitobject","HitObject.1","Sonso",-0.510825623765991,0.0430728241563055,0.0559502664298401
"1434","101243","Action_34","Morph_65","KM","Playcontinue","Objectshake","ObjectShake.1","Sonso",0.924258901523332,0.0746003552397869,0.108792184724689
"1435","101516","Action_20","Morph_45","KM","Play","Hitother","HitOther.1","Sonso",-0.82098055206983,0.0202042628774423,0.0404085257548845
"1436","101516","Action_57","Morph_115","KM","Play","Stompobject","StompObject.1","Sonso",-0.916290731874155,0.0337477797513321,0.0424067495559503
"1437","101235","Action_17","Morph_39","KM","Play","Hitobject","HitObject.1","Sonso",-0.7339691750802,0.0430728241563055,0.0559502664298401
"1438","101516","Action_8","Morph_19","KM","Play","Dangle","Dangle.1","Sonso",2.19722457733622,0.0484014209591474,0.0484014209591474
"1439","102160a","Action_34","Morph_68","KM","Play","Objectshake","ObjectShake.4","Sonso",-0.127833371509885,0.00288632326820604,0.108792184724689
"1440","101235","Action_33","Morph_61","KM","Play","Objectmove","ObjectMove.1","Sonso",0.336472236621213,0.0317495559502664,0.0406305506216696
"1441","101516","Action_20","Morph_45","KM","Play","Hitother","HitOther.1","Sonso",-0.82098055206983,0.0202042628774423,0.0404085257548845
"1442","102311b","Action_8","Morph_19","KM","Play","Dangle","Dangle.1","Sonso",-0.127833371509885,0.0484014209591474,0.0484014209591474
"1443","101517b","Action_57","Morph_115","KM","Playcontinue","Stompobject","StompObject.1","Sonso",-0.510825623765991,0.0337477797513321,0.0424067495559503
"1444","102311b","Action_33","Morph_61","KM","Play","Objectmove","ObjectMove.1","Sonso",0.336472236621213,0.0317495559502664,0.0406305506216696
"1445","101516","Action_20","Morph_45","KM","Play","Hitother","HitOther.1","Sonso",-1.02165124753198,0.0202042628774423,0.0404085257548845
"1446","101682","Action_57","Morph_115","KM","Play","Stompobject","StompObject.1","Sonso",-0.7339691750802,0.0337477797513321,0.0424067495559503
"1447","102319b","Action_53","Morph_113","KM","Stopbehaviour","Spinsomersault","SpinSomersault.1","Sonso",0.392042087776024,0.00799289520426288,0.00799289520426288
"1448","101517b","Action_57","Morph_115","KM","Playcontinue","Stompobject","StompObject.1","Sonso",-0.22314355131421,0.0337477797513321,0.0424067495559503
"1449","101602","Action_20","Morph_45","KM","Moveaway","Hitother","HitOther.1","Sonso",0,0.0202042628774423,0.0404085257548845
"1450","102396b","Action_60","Morph_127","KM","Stopbehaviour","Swing","Swing.1","Sonso",-0.27443684570176,0.0428507992895204,0.0475133214920071
"1451","101602","Action_60","Morph_127","KM","Moveaway","Swing","Swing.1","Sonso",0.246860077931526,0.0428507992895204,0.0475133214920071
"1452","101602","Action_60","Morph_127","KM","Moveaway","Swing","Swing.1","Sonso",0.27763173659828,0.0428507992895204,0.0475133214920071
"1453","101602","Action_60","Morph_127","KM","Moveaway","Swing","Swing.1","Sonso",0.27763173659828,0.0428507992895204,0.0475133214920071
"1454","102396b","Action_20","Morph_45","KM","Stopbehaviour","Hitother","HitOther.1","Sonso",-0.82098055206983,0.0202042628774423,0.0404085257548845
"1455","101602","Action_17","Morph_39","KM","Moveaway","Hitobject","HitObject.1","Sonso",0.148420005118273,0.0430728241563055,0.0559502664298401
"1456","101602","Action_57","Morph_115","KM","Moveaway","Stompobject","StompObject.1","Sonso",-0.328504066972036,0.0337477797513321,0.0424067495559503
"1457","101687","Action_34","Morph_67","KM","Play","Objectshake","ObjectShake.3","Sonso",0.518793793415168,0.0022202486678508,0.108792184724689
"1458","101602","Action_20","Morph_45","KM","Moveaway","Hitother","HitOther.1","Sonso",-0.82098055206983,0.0202042628774423,0.0404085257548845
"1459","101214a","Action_17","Morph_39","KM","Playcontinue","Hitobject","HitObject.1","Sonso",-0.174353387144778,0.0430728241563055,0.0559502664298401
"1460","101214a","Action_17","Morph_39","KM","Playcontinue","Hitobject","HitObject.1","Sonso",0,0.0430728241563055,0.0559502664298401
"1461","101214a","Action_17","Morph_39","KM","Playcontinue","Hitobject","HitObject.1","Sonso",-0.174353387144778,0.0430728241563055,0.0559502664298401
"1462","102014","Action_13","Morph_27","KM","Moveaway","Fling","Fling.1","Sonso",0.0392207131532813,0.00688277087033748,0.0117673179396092
"1463","100714p1","Action_2","Morph_5","KM","Groom","Bigloudscratch","BigLoudScratch.3","Sonso",0.609765571620894,0.0119893428063943,0.0577264653641208
"1464","100714p2","Action_2","Morph_4","KM","Groom","Bigloudscratch","BigLoudScratch.2","Sonso",1.55180879959746,0.019316163410302,0.0577264653641208
"1465","101450","Action_33","Morph_61","KM","Play","Objectmove","ObjectMove.1","Sonso",-0.22314355131421,0.0317495559502664,0.0406305506216696
"1466","101450","Action_8","Morph_19","KM","Play","Dangle","Dangle.1","Sonso",2.05412373369555,0.0484014209591474,0.0484014209591474
"1467","101992b","Action_45","Morph_101","KM","Play","Reach","Reach.2","Sonso",1.73695123273306,0.0370781527531083,0.0801509769094138
"1468","101993b","Action_15","Morph_35","KM","Play","Grabhold","GrabHold.1","Sonso",2.00148000021012,0.00932504440497336,0.0204262877442274
"1469","101451a","Action_8","Morph_19","KM","Play","Dangle","Dangle.1","Sonso",1.29198368164865,0.0484014209591474,0.0484014209591474
"1470","101450","Action_33","Morph_61","KM","Play","Objectmove","ObjectMove.1","Sonso",-0.174353387144778,0.0317495559502664,0.0406305506216696
"1471","100682","Action_9","Morph_20","KM","Play","Dangleshake","DangleShake.1","Sonso",1.91102289005487,0.00710479573712256,0.00710479573712256
"1472","101990","Action_33","Morph_61","KM","Play","Objectmove","ObjectMove.1","Sonso",0.858661619037519,0.0317495559502664,0.0406305506216696
"1473","101450","Action_60","Morph_127","KM","Play","Swing","Swing.1","Sonso",0.494696241836107,0.0428507992895204,0.0475133214920071
"1474","100524","Action_55","Morph_117","KM","Play","Stompingobject","StompObject.3","Sonso",0.672944473242426,0.00688277087033748,0.0230905861456483
"1475","101175","Action_34","Morph_66","KM","Play","Objectshake","ObjectShake.2","Sonso",0.642905964123199,0.0237566607460036,0.108792184724689
"1476","101993b","Action_53","Morph_113","KM","Play","Spinsomersault","SpinSomersault.1","Sonso",0.824175442966349,0.00799289520426288,0.00799289520426288
"1477","101451a","Action_34","Morph_66","KM","Play","Objectshake","ObjectShake.2","Sonso",1.24703229378638,0.0237566607460036,0.108792184724689
"1478","101175","Action_34","Morph_65","KM","Play","Objectshake","ObjectShake.1","Sonso",0.890357349847651,0.0746003552397869,0.108792184724689
"1479","101175","Action_60","Morph_127","KM","Play","Swing","Swing.1","Sonso",0.0334347760862374,0.0428507992895204,0.0475133214920071
"1480","101451a","Action_34","Morph_66","KM","Play","Objectshake","ObjectShake.2","Sonso",0.985816794522765,0.0237566607460036,0.108792184724689
"1481","101989","Action_33","Morph_61","KM","Play","Objectmove","ObjectMove.1","Sonso",0.364643113587909,0.0317495559502664,0.0406305506216696
"1482","101175","Action_8","Morph_19","KM","Play","Dangle","Dangle.1","Sonso",1.46741341240468,0.0484014209591474,0.0484014209591474
"1483","100524","Action_14","Morph_34","KM","Play","Grab","Grab.6","Sonso",0.418710334858185,0.00355239786856128,0.0353019538188277
"1484","101993b","Action_14","Morph_30","KM","Play","Grab","Grab.2","Sonso",0.732367893713227,0.00799289520426288,0.0353019538188277
"1485","101996","Action_52","Morph_112","KM","Stopbehaviour","Spinroulade","SpinRoulade.1","Sonso",0.65232518603969,0.00488454706927176,0.00488454706927176
"1486","101988","Action_45","Morph_100","KM","Playcontinue","Reach","Reach.1","Sonso",0.56531380905006,0.0408525754884547,0.0801509769094138
"1487","101451a","Action_34","Morph_66","KM","Play","Objectshake","ObjectShake.2","Sonso",0.955511445027436,0.0237566607460036,0.108792184724689
"1488","100427b","Action_20","Morph_45","KM","Play","Hitother","HitOther.1","Sonso",-0.27443684570176,0.0202042628774423,0.0404085257548845
"1489","101175","Action_17","Morph_39","KM","Play","Hitobject","HitObject.1","Sonso",-0.265268477614881,0.0430728241563055,0.0559502664298401
"1490","101451a","Action_34","Morph_66","KM","Play","Objectshake","ObjectShake.2","Sonso",0.470003629245736,0.0237566607460036,0.108792184724689
"1491","101450","Action_34","Morph_65","KM","Play","Objectshake","ObjectShake.1","Sonso",0.470003629245736,0.0746003552397869,0.108792184724689
"1492","102004","Action_17","Morph_41","KM","Play","Hitobject","HitObject.3","Sonso",0.182321556793955,0.00510657193605684,0.0559502664298401
"1493","101175","Action_17","Morph_41","KM","Play","Hitobject","HitObject.3","Sonso",-1.45671682541644,0.00510657193605684,0.0559502664298401
"1494","101451a","Action_34","Morph_66","KM","Play","Objectshake","ObjectShake.2","Sonso",0.336472236621213,0.0237566607460036,0.108792184724689
"1495","101209","Action_57","Morph_115","KM","Play","Stompobject","StompObject.1","Sonso",-0.579818495252942,0.0337477797513321,0.0424067495559503
"1496","101211","Action_55","Morph_116","KM","Play","Stompingobject","StompObject.2","Sonso",0.732367893713227,0.0148756660746004,0.0230905861456483
"1497","101209","Action_55","Morph_116","KM","Play","Stompingobject","StompObject.2","Sonso",0.970778917158225,0.0148756660746004,0.0230905861456483
"1498","101651","Action_17","Morph_40","KM","Play","Hitobject","HitObject.2","Sonso",-0.22314355131421,0.0119893428063943,0.0559502664298401
"1499","101211","Action_21","Morph_42","KM","Play","Hittingobject","HitObject.4","Sonso",-0.7339691750802,0.00599467140319716,0.00799289520426288
"1500","101211","Action_17","Morph_39","KM","Play","Hitobject","HitObject.1","Sonso",-1.02165124753198,0.0430728241563055,0.0559502664298401
"1501","100476","Action_55","Morph_NA","KM","Moveaway","Stompingobject",NA,"Sonso",1.72988406550997,0.0159857904085258,0.0230905861456483
"1502","101211","Action_57","Morph_118","KM","Play","Stompobject","StompObject.4","Sonso",-0.44628710262842,0.005550621669627,0.0424067495559503
"1503","100476","Action_55","Morph_117","KM","Moveaway","Stompingobject","StompObject.3","Sonso",0.609765571620894,0.00688277087033748,0.0230905861456483
"1504","101651","Action_18","Morph_40","KM","Play","Hitobjectobject","HitObject.2","Sonso",-0.328504066972036,0.0119893428063943,0.00466252220248668
"1505","100476","Action_55","Morph_117","KM","Moveaway","Stompingobject","StompObject.3","Sonso",0.148420005118273,0.00688277087033748,0.0230905861456483
"1506","100476","Action_55","Morph_117","KM","Moveaway","Stompingobject","StompObject.3","Sonso",-0.22314355131421,0.00688277087033748,0.0230905861456483
"1507","101651","Action_33","Morph_62","KM","Play","Objectmove","ObjectMove.2","Sonso",-0.385662480811985,0.00643872113676732,0.0406305506216696
"1508","101209","Action_21","Morph_42","KM","Play","Hittingobject","HitObject.4","Sonso",-0.82098055206983,0.00599467140319716,0.00799289520426288
"1509","100201","Action_64","Morph_140","KM","Giveme","Touchlongother","Touch.9","Sonso",2.13298230860787,0.00399644760213144,0.0175399644760213
"1510","101212","Action_57","Morph_115","KM","Play","Stompobject","StompObject.1","Sonso",-1.02165124753198,0.0337477797513321,0.0424067495559503
"1511","101212","Action_34","Morph_68","KM","Play","Objectshake","ObjectShake.4","Sonso",0.364643113587909,0.00288632326820604,0.108792184724689
"1512","101212","Action_60","Morph_127","KM","Play","Swing","Swing.1","Sonso",0.113328685307003,0.0428507992895204,0.0475133214920071
"1513","100822","Action_33","Morph_62","KM","Play","Objectmove","ObjectMove.2","Sonso",0.307484699747961,0.00643872113676732,0.0406305506216696
"1514","100823b","Action_52","Morph_112","KM","Play","Spinroulade","SpinRoulade.1","Sonso",0.806475865866949,0.00488454706927176,0.00488454706927176
"1515","101212","Action_60","Morph_127","KM","Play","Swing","Swing.1","Sonso",-0.328504066972036,0.0428507992895204,0.0475133214920071
"1516","101215","Action_18","Morph_40","KM","Play","Hitobjectobject","HitObject.2","Sonso",-0.127833371509885,0.0119893428063943,0.00466252220248668
"1517","101212","Action_17","Morph_39","KM","Play","Hitobject","HitObject.1","Sonso",-0.7339691750802,0.0430728241563055,0.0559502664298401
"1518","101212","Action_33","Morph_61","KM","Play","Objectmove","ObjectMove.1","Sonso",-0.27443684570176,0.0317495559502664,0.0406305506216696
"1519","101212","Action_57","Morph_115","KM","Play","Stompobject","StompObject.1","Sonso",-0.653926467406664,0.0337477797513321,0.0424067495559503
"1520","101212","Action_57","Morph_115","KM","Play","Stompobject","StompObject.1","Sonso",-0.916290731874155,0.0337477797513321,0.0424067495559503
"1521","101212","Action_60","Morph_129","KM","Play","Swing","Swing.3","Sonso",-0.174353387144778,0.0011101243339254,0.0475133214920071
"1522","101212","Action_55","Morph_116","KM","Play","Stompingobject","StompObject.2","Sonso",-0.7339691750802,0.0148756660746004,0.0230905861456483
"1523","101212","Action_50","Morph_110","KM","Play","Shake","Shake.4","Sonso",1.87487437593856,0.00399644760213144,0.0122113676731794
"1524","101212","Action_55","Morph_116","KM","Play","Stompingobject","StompObject.2","Sonso",0.215111379616945,0.0148756660746004,0.0230905861456483
"1525","101212","Action_17","Morph_39","KM","Play","Hitobject","HitObject.1","Sonso",-0.916290731874155,0.0430728241563055,0.0559502664298401
"1526","101212","Action_50","Morph_110","KM","Play","Shake","Shake.4","Sonso",0.841567185678219,0.00399644760213144,0.0122113676731794
"1527","101212","Action_57","Morph_115","KM","Play","Stompobject","StompObject.1","Sonso",-0.579818495252942,0.0337477797513321,0.0424067495559503
"1528","101212","Action_60","Morph_129","KM","Play","Swing","Swing.3","Sonso",0.806475865866949,0.0011101243339254,0.0475133214920071
"1529","101212","Action_16","Morph_38","KM","Play","Headstand","HeadStand.1","Sonso",3.82777145298056,0.0066607460035524,0.0066607460035524
"1530","101212","Action_33","Morph_61","KM","Play","Objectmove","ObjectMove.1","Sonso",-0.22314355131421,0.0317495559502664,0.0406305506216696
"1531","101212","Action_17","Morph_39","KM","Play","Hitobject","HitObject.1","Sonso",-0.579818495252942,0.0430728241563055,0.0559502664298401
"1532","101212","Action_50","Morph_110","KM","Play","Shake","Shake.4","Sonso",-0.0408219945202552,0.00399644760213144,0.0122113676731794
"1533","101212","Action_16","Morph_38","KM","Play","Headstand","HeadStand.1","Sonso",1.77155676191054,0.0066607460035524,0.0066607460035524
"1534","101212","Action_50","Morph_110","KM","Play","Shake","Shake.4","Sonso",2.27006190128849,0.00399644760213144,0.0122113676731794
"1535","101215","Action_55","Morph_116","KM","Play","Stompingobject","StompObject.2","Sonso",-0.328504066972036,0.0148756660746004,0.0230905861456483
"1536","100828","Action_52","Morph_112","KM","Stopbehaviour","Spinroulade","SpinRoulade.1","Sonso",1.00063188030791,0.00488454706927176,0.00488454706927176
"1537","100822","Action_53","Morph_113","KM","Play","Spinsomersault","SpinSomersault.1","Sonso",0.824175442966349,0.00799289520426288,0.00799289520426288
"1538","101212","Action_60","Morph_127","KM","Play","Swing","Swing.1","Sonso",0.0769610411361284,0.0428507992895204,0.0475133214920071
"1539","101212","Action_17","Morph_42","KM","Play","Hitobject","HitObject.4","Sonso",-0.82098055206983,0.00599467140319716,0.0559502664298401
"1540","101212","Action_60","Morph_129","KM","Play","Swing","Swing.3","Sonso",-0.27443684570176,0.0011101243339254,0.0475133214920071
"1541","101212","Action_57","Morph_115","KM","Play","Stompobject","StompObject.1","Sonso",-0.44628710262842,0.0337477797513321,0.0424067495559503
"1542","100822","Action_57","Morph_119","KM","Play","Stompobject","StompObject.5","Sonso",-0.328504066972036,0.00155417406749556,0.0424067495559503
"1543","101212","Action_50","Morph_110","KM","Play","Shake","Shake.4","Sonso",1.94591014905531,0.00399644760213144,0.0122113676731794
"1544","101212","Action_60","Morph_127","KM","Play","Swing","Swing.1","Sonso",-0.44628710262842,0.0428507992895204,0.0475133214920071
"1545","101212","Action_57","Morph_115","KM","Play","Stompobject","StompObject.1","Sonso",-0.7339691750802,0.0337477797513321,0.0424067495559503
"1546","101212","Action_50","Morph_110","KM","Play","Shake","Shake.4","Sonso",1.23547147138531,0.00399644760213144,0.0122113676731794
"1547","100822","Action_18","Morph_39","KM","Play","Hitobjectobject","HitObject.1","Sonso",0.113328685307003,0.0430728241563055,0.00466252220248668
"1548","101212","Action_16","Morph_38","KM","Play","Headstand","HeadStand.1","Sonso",1.67147330335355,0.0066607460035524,0.0066607460035524
"1549","101212","Action_6","Morph_18","KM","Play","Bow","Bow.1","Sonso",0.307484699747961,0.00177619893428064,0.00177619893428064
"1550","101215","Action_18","Morph_40","KM","Play","Hitobjectobject","HitObject.2","Sonso",-0.0408219945202552,0.0119893428063943,0.00466252220248668
"1551","101212","Action_57","Morph_115","KM","Play","Stompobject","StompObject.1","Sonso",-1.27296567581289,0.0337477797513321,0.0424067495559503
"1552","100820","Action_41","Morph_84","KM","Play","Pull","Pull.1","Sonso",0.858661619037519,0.00821492007104796,0.0253108348134991
"1553","101212","Action_17","Morph_42","KM","Play","Hitobject","HitObject.4","Sonso",-0.579818495252942,0.00599467140319716,0.0559502664298401
"1554","100822","Action_17","Morph_40","KM","Play","Hitobject","HitObject.2","Sonso",0,0.0119893428063943,0.0559502664298401
"1555","101215","Action_60","Morph_127","KM","Play","Swing","Swing.1","Sonso",0.215111379616945,0.0428507992895204,0.0475133214920071
"1556","101212","Action_60","Morph_127","KM","Play","Swing","Swing.1","Sonso",0.0769610411361284,0.0428507992895204,0.0475133214920071
"1557","101215","Action_57","Morph_115","KM","Play","Stompobject","StompObject.1","Sonso",-0.916290731874155,0.0337477797513321,0.0424067495559503
"1558","101212","Action_16","Morph_38","KM","Play","Headstand","HeadStand.1","Sonso",4.57964722875701,0.0066607460035524,0.0066607460035524
"1559","101212","Action_50","Morph_110","KM","Play","Shake","Shake.4","Sonso",1.77155676191054,0.00399644760213144,0.0122113676731794
"1560","101212","Action_50","Morph_110","KM","Play","Shake","Shake.4","Sonso",0.246860077931526,0.00399644760213144,0.0122113676731794
"1561","101215","Action_17","Morph_39","KM","Play","Hitobject","HitObject.1","Sonso",-0.27443684570176,0.0430728241563055,0.0559502664298401
"1562","101212","Action_50","Morph_110","KM","Play","Shake","Shake.4","Sonso",0.418710334858185,0.00399644760213144,0.0122113676731794
"1563","101212","Action_60","Morph_127","KM","Play","Swing","Swing.1","Sonso",0.148420005118273,0.0428507992895204,0.0475133214920071
"1564","101212","Action_50","Morph_107","KM","Play","Shake","Shake.1","Sonso",-0.0408219945202552,0.00355239786856128,0.0122113676731794
"1565","102172","Action_17","Morph_39","KM","Moveaway","Hitobject","HitObject.1","Sonso",-0.653926467406664,0.0430728241563055,0.0559502664298401
"1566","101991","Action_53","Morph_113","KM","Stopbehaviour","Spinsomersault","SpinSomersault.1","Sonso",1.02961941718116,0.00799289520426288,0.00799289520426288
"1567","102172","Action_34","Morph_65","KM","Moveaway","Objectshake","ObjectShake.1","Sonso",0.364643113587909,0.0746003552397869,0.108792184724689
"1568","102172","Action_34","Morph_65","KM","Moveaway","Objectshake","ObjectShake.1","Sonso",0,0.0746003552397869,0.108792184724689
"1569","102172","Action_34","Morph_65","KM","Moveaway","Objectshake","ObjectShake.1","Sonso",0.307484699747961,0.0746003552397869,0.108792184724689
"1570","101886","Action_29","Morph_58","KM","Play","Locomotegallop","LocomoteGallop.1","Sonso",0.858661619037519,0.00821492007104796,0.00821492007104796
"1571","101886","Action_17","Morph_39","KM","Play","Hitobject","HitObject.1","Sonso",-0.510825623765991,0.0430728241563055,0.0559502664298401
"1572","101966b","Action_17","Morph_39","KM","Playcontinue","Hitobject","HitObject.1","Sonso",-0.82098055206983,0.0430728241563055,0.0559502664298401
"1573","101966b","Action_57","Morph_115","KM","Playcontinue","Stompobject","StompObject.1","Sonso",-0.510825623765991,0.0337477797513321,0.0424067495559503
"1574","102397","Action_45","Morph_101","KM","Giveme","Reach","Reach.2","Sonso",0.78845736036427,0.0370781527531083,0.0801509769094138
"1575","102397","Action_45","Morph_101","KM","Giveme","Reach","Reach.2","Sonso",1.66392609771817,0.0370781527531083,0.0801509769094138
"1576","102397","Action_45","Morph_101","KM","Giveme","Reach","Reach.2","Sonso",0.672944473242426,0.0370781527531083,0.0801509769094138
"1577","101953b","Action_20","Morph_45","KM","Play","Hitother","HitOther.1","Sonso",-0.44628710262842,0.0202042628774423,0.0404085257548845
"1578","101953b","Action_24","Morph_51","KM","Play","Jump","Jump.1","Sonso",0.246860077931526,0.00732682060390764,0.00732682060390764
"1579","101950a","Action_60","Morph_127","KM","Play","Swing","Swing.1","Sonso",-0.127833371509885,0.0428507992895204,0.0475133214920071
"1580","101334","Action_25","Morph_52","KM","Playcontinue","Kickpunch","KickPunch.1","Sonso",-0.44628710262842,0.0022202486678508,0.0022202486678508
"1581","101334","Action_20","Morph_46","KM","Playcontinue","Hitother","HitOther.2","Sonso",-0.44628710262842,0.00932504440497336,0.0404085257548845
"1582","101950a","Action_8","Morph_19","KM","Play","Dangle","Dangle.1","Sonso",0.693147180559945,0.0484014209591474,0.0484014209591474
"1583","101353","Action_48","Morph_104","KM","Play","Rollover","RollOver.1","Sonso",0.0769610411361284,0.00621669626998224,0.00621669626998224
"1584","101355","Action_41","Morph_86","KM","Play","Pull","Pull.3","Sonso",0.182321556793955,0.00510657193605684,0.0253108348134991
"1585","101819","Action_8","Morph_19","KM","Play","Dangle","Dangle.1","Sonso",1.31372366828506,0.0484014209591474,0.0484014209591474
"1586","101950a","Action_60","Morph_127","KM","Play","Swing","Swing.1","Sonso",-0.127833371509885,0.0428507992895204,0.0475133214920071
"1587","101950a","Action_8","Morph_19","KM","Play","Dangle","Dangle.1","Sonso",1.35583515363518,0.0484014209591474,0.0484014209591474
"1588","101334","Action_25","Morph_52","KM","Playcontinue","Kickpunch","KickPunch.1","Sonso",-0.82098055206983,0.0022202486678508,0.0022202486678508
"1589","101352b","Action_63","Morph_135","KM","Stopbehaviour","Touch","Touch.4","Sonso",0.336472236621213,0.00488454706927176,0.0341918294849023
"1590","101950a","Action_34","Morph_65","KM","Play","Objectshake","ObjectShake.1","Sonso",0.215111379616945,0.0746003552397869,0.108792184724689
"1591","101334","Action_20","Morph_46","KM","Playcontinue","Hitother","HitOther.2","Sonso",-1.13943428318836,0.00932504440497336,0.0404085257548845
"1592","100116b","Action_63","Morph_135","KM","Affiliation","Touch","Touch.4","Sonso",0.587786664902119,0.00488454706927176,0.0341918294849023
"1593","102117","Action_33","Morph_61","KN","Play","Objectmove","ObjectMove.1","Sonso",-0.083381608939051,0.0317495559502664,0.0406305506216696
"1594","102066","Action_23","Morph_47","KN","Play","Hittingother","HitOther.3","Sonso",-0.174353387144778,0.00843694493783304,0.0157637655417407
"1595","102117","Action_34","Morph_68","KN","Play","Objectshake","ObjectShake.4","Sonso",0.246860077931526,0.00288632326820604,0.108792184724689
"1596","102066","Action_23","Morph_47","KN","Play","Hittingother","HitOther.3","Sonso",0.56531380905006,0.00843694493783304,0.0157637655417407
"1597","102120","Action_63","Morph_132","KN","Play","Touch","Touch.1","Sonso",0.182321556793955,0.0104351687388988,0.0341918294849023
"1598","102065","Action_42","Morph_91","KN","Position","Push","Push.4","Sonso",1.38629436111989,0.00932504440497336,0.0466252220248668
"1599","101390","Action_38","Morph_75","KN","Groom","Present","Present.1","Sonso",0.587786664902119,0.0170959147424512,0.0492895204262877
"1600","101388","Action_38","Morph_76","KN","Groom","Present","Present.2","Sonso",-0.0408219945202552,0.0135435168738899,0.0492895204262877
"1601","101389","Action_2","Morph_7","KN","Groom","Bigloudscratch","BigLoudScratch.5","Sonso",0.609765571620894,0.00066607460035524,0.0577264653641208
"1602","101392","Action_2","Morph_3","KN","Directattention","Bigloudscratch","BigLoudScratch.1","Sonso",0.418710334858185,0.0215364120781528,0.0577264653641208
"1603","101391","Action_38","Morph_76","KN","Directattention","Present","Present.2","Sonso",0.542324290825362,0.0135435168738899,0.0492895204262877
"1604","101066a","Action_20","Morph_45","KN","Play","Hitother","HitOther.1","Sonso",-0.0408219945202552,0.0202042628774423,0.0404085257548845
"1605","101269","Action_38","Morph_76","KN","Groom","Present","Present.2","Sonso",1.50851199384414,0.0135435168738899,0.0492895204262877
"1606","101403","Action_45","Morph_100","KN","Giveme","Reach","Reach.1","Sonso",1.45395300959371,0.0408525754884547,0.0801509769094138
"1607","101405","Action_45","Morph_101","KN","Giveme","Reach","Reach.2","Sonso",0.587786664902119,0.0370781527531083,0.0801509769094138
"1608","102403","Action_2","Morph_3","KN","Travel","Bigloudscratch","BigLoudScratch.1","Sonso",0.806475865866949,0.0215364120781528,0.0577264653641208
"1609","102346p1","Action_57","Morph_115","KN","Play","Stompobject","StompObject.1","Sonso",-0.653926467406664,0.0337477797513321,0.0424067495559503
"1610","102346p3","Action_34","Morph_65","KN","Play","Objectshake","ObjectShake.1","Sonso",-0.174353387144778,0.0746003552397869,0.108792184724689
"1611","102346p3","Action_33","Morph_61","KN","Play","Objectmove","ObjectMove.1","Sonso",-0.385662480811985,0.0317495559502664,0.0406305506216696
"1612","102346p3","Action_34","Morph_68","KN","Play","Objectshake","ObjectShake.4","Sonso",-1.02165124753198,0.00288632326820604,0.108792184724689
"1613","102346p1","Action_34","Morph_65","KN","Play","Objectshake","ObjectShake.1","Sonso",0.940007258491471,0.0746003552397869,0.108792184724689
"1614","102346p1","Action_34","Morph_66","KN","Play","Objectshake","ObjectShake.2","Sonso",0.806475865866949,0.0237566607460036,0.108792184724689
"1615","102346p3","Action_17","Morph_39","KN","Play","Hitobject","HitObject.1","Sonso",-1.13943428318836,0.0430728241563055,0.0559502664298401
"1616","102346p2","Action_34","Morph_65","KN","Play","Objectshake","ObjectShake.1","Sonso",0.215111379616945,0.0746003552397869,0.108792184724689
"1617","102346p3","Action_17","Morph_39","KN","Play","Hitobject","HitObject.1","Sonso",-0.174353387144778,0.0430728241563055,0.0559502664298401
"1618","102346p3","Action_17","Morph_39","KN","Play","Hitobject","HitObject.1","Sonso",-0.174353387144778,0.0430728241563055,0.0559502664298401
"1619","100544","Action_60","Morph_127","KN","Play","Swing","Swing.1","Sonso",1.41585316336144,0.0428507992895204,0.0475133214920071
"1620","100544","Action_9","Morph_20","KN","Play","Dangleshake","DangleShake.1","Sonso",1.44456326924387,0.00710479573712256,0.00710479573712256
"1621","100544","Action_20","Morph_45","KN","Play","Hitother","HitOther.1","Sonso",0.246860077931526,0.0202042628774423,0.0404085257548845
"1622","100544","Action_9","Morph_20","KN","Play","Dangleshake","DangleShake.1","Sonso",1.91102289005487,0.00710479573712256,0.00710479573712256
"1623","100544","Action_60","Morph_127","KN","Play","Swing","Swing.1","Sonso",0.215111379616945,0.0428507992895204,0.0475133214920071
"1624","101115","Action_63","Morph_133","KN","Affiliation","Touch","Touch.2","Sonso",0,0.00754884547069272,0.0341918294849023
"1625","102125","Action_20","Morph_45","KN","Stopbehaviour","Hitother","HitOther.1","Sonso",-0.653926467406664,0.0202042628774423,0.0404085257548845
"1626","102108","Action_13","Morph_28","KN","Moveaway","Fling","Fling.2","Sonso",-0.385662480811985,0.00488454706927176,0.0117673179396092
"1627","101240","Action_8","Morph_19","KR","Play","Dangle","Dangle.1","Sonso",2.3178677165252,0.0484014209591474,0.0484014209591474
"1628","101240","Action_20","Morph_45","KR","Play","Hitother","HitOther.1","Sonso",-0.653926467406664,0.0202042628774423,0.0404085257548845
"1629","100898b","Action_9","Morph_20","KR","Play","Dangleshake","DangleShake.1","Sonso",2.18380155700408,0.00710479573712256,0.00710479573712256
"1630","100786","Action_33","Morph_61","KR","Play","Objectmove","ObjectMove.1","Sonso",-0.127833371509885,0.0317495559502664,0.0406305506216696
"1631","101394","Action_65","Morph_NA","KR","Play","Wave",NA,"Sonso",0.908258560176891,0.0159857904085258,0.00066607460035524
"1632","100080","Action_39","Morph_82","KR","Sexualattention","Presentgenitalsbackwards","PresentGenitals.1","Sonso",0.182321556793955,0.0295293072824156,0.033303730017762
"1633","100968","Action_51","Morph_111","KR","Play","Spinpirouette","SpinPirouette.1","Sonso",0.693147180559945,0.00133214920071048,0.00133214920071048
"1634","101317b","Action_6","Morph_18","KR","Play","Bow","Bow.1","Sonso",0.841567185678219,0.00177619893428064,0.00177619893428064
"1635","101631","Action_41","Morph_86","KR","Play","Pull","Pull.3","Sonso",0.78845736036427,0.00510657193605684,0.0253108348134991
"1636","101387b","Action_57","Morph_115","KR","Play","Stompobject","StompObject.1","Sonso",-0.82098055206983,0.0337477797513321,0.0424067495559503
"1637","101557b","Action_14","Morph_30","KR","Stopbehaviour","Grab","Grab.2","Sonso",0.364643113587909,0.00799289520426288,0.0353019538188277
"1638","101339b","Action_63","Morph_140","KR","Stopbehaviour","Touch","Touch.9","Sonso",0.970778917158225,0.00399644760213144,0.0341918294849023
"1639","101319","Action_15","Morph_37","KR","Play","Grabhold","GrabHold.3","Sonso",1.83736998048011,0.00532859680284192,0.0204262877442274
"1640","101154b","Action_42","Morph_91","KR","Stopbehaviour","Push","Push.4","Sonso",0.148420005118273,0.00932504440497336,0.0466252220248668
"1641","101629","Action_52","Morph_112","KR","Play","Spinroulade","SpinRoulade.1","Sonso",0.970778917158225,0.00488454706927176,0.00488454706927176
"1642","101318","Action_16","Morph_38","KR","Playcontinue","Headstand","HeadStand.1","Sonso",1.880990602956,0.0066607460035524,0.0066607460035524
"1643","101626","Action_48","Morph_104","KR","Play","Rollover","RollOver.1","Sonso",1.12492959698548,0.00621669626998224,0.00621669626998224
"1644","101319","Action_14","Morph_30","KR","Play","Grab","Grab.2","Sonso",0.631271776841858,0.00799289520426288,0.0353019538188277
"1645","101064","Action_45","Morph_100","KR","Moveclose","Reach","Reach.1","Sonso",1.02961941718116,0.0408525754884547,0.0801509769094138
"1646","101154b","Action_42","Morph_90","KR","Stopbehaviour","Push","Push.3","Sonso",-0.7339691750802,0.00510657193605684,0.0466252220248668
"1647","102169","Action_45","Morph_100","KR","Play","Reach","Reach.1","Sonso",0.970778917158225,0.0408525754884547,0.0801509769094138
"1648","101154b","Action_42","Morph_93","KR","Stopbehaviour","Push","Push.6","Sonso",-0.27443684570176,0.0066607460035524,0.0466252220248668
"1649","101329","Action_45","Morph_100","KR","Play","Reach","Reach.1","Sonso",1.74396880539171,0.0408525754884547,0.0801509769094138
"1650","101387b","Action_50","Morph_108","KR","Play","Shake","Shake.2","Sonso",-0.385662480811985,0.00466252220248668,0.0122113676731794
"1651","101025","Action_60","Morph_127","KR","Play","Swing","Swing.1","Sonso",1.08518926833597,0.0428507992895204,0.0475133214920071
"1652","101625","Action_48","Morph_104","KR","Play","Rollover","RollOver.1","Sonso",0.78845736036427,0.00621669626998224,0.00621669626998224
"1653","101154b","Action_42","Morph_91","KR","Stopbehaviour","Push","Push.4","Sonso",-0.653926467406664,0.00932504440497336,0.0466252220248668
"1654","101631","Action_48","Morph_104","KR","Play","Rollover","RollOver.1","Sonso",1.00063188030791,0.00621669626998224,0.00621669626998224
"1655","101318","Action_48","Morph_104","KR","Playcontinue","Rollover","RollOver.1","Sonso",2.29857707159651,0.00621669626998224,0.00621669626998224
"1656","101830","Action_45","Morph_101","KR","Play","Reach","Reach.2","Sonso",0.27763173659828,0.0370781527531083,0.0801509769094138
"1657","102162","Action_57","Morph_115","KR","Play","Stompobject","StompObject.1","Sonso",-0.385662480811985,0.0337477797513321,0.0424067495559503
"1658","102311a","Action_33","Morph_62","KR","Play","Objectmove","ObjectMove.2","Sonso",0.215111379616945,0.00643872113676732,0.0406305506216696
"1659","100800","Action_17","Morph_39","KR","Play","Hitobject","HitObject.1","Sonso",-0.653926467406664,0.0430728241563055,0.0559502664298401
"1660","101236","Action_57","Morph_115","KR","Play","Stompobject","StompObject.1","Sonso",-0.579818495252942,0.0337477797513321,0.0424067495559503
"1661","102312","Action_8","Morph_19","KR","Play","Dangle","Dangle.1","Sonso",0.542324290825362,0.0484014209591474,0.0484014209591474
"1662","100798","Action_17","Morph_41","KR","Play","Hitobject","HitObject.3","Sonso",-0.127833371509885,0.00510657193605684,0.0559502664298401
"1663","101517a","Action_60","Morph_127","KR","Playcontinue","Swing","Swing.1","Sonso",1.49065437644413,0.0428507992895204,0.0475133214920071
"1664","100798","Action_8","Morph_19","KR","Play","Dangle","Dangle.1","Sonso",1.78507048107726,0.0484014209591474,0.0484014209591474
"1665","101242","Action_55","Morph_116","KR","Stopbehaviour","Stompingobject","StompObject.2","Sonso",-0.22314355131421,0.0148756660746004,0.0230905861456483
"1666","101517a","Action_60","Morph_127","KR","Playcontinue","Swing","Swing.1","Sonso",1.88706964903238,0.0428507992895204,0.0475133214920071
"1667","102319a","Action_29","Morph_58","KR","Play","Locomotegallop","LocomoteGallop.1","Sonso",0.858661619037519,0.00821492007104796,0.00821492007104796
"1668","102159","Action_23","Morph_48","KR","Play","Hittingother","HitOther.4","Sonso",0,0.00732682060390764,0.0157637655417407
"1669","100798","Action_17","Morph_41","KR","Play","Hitobject","HitObject.3","Sonso",-0.0408219945202552,0.00510657193605684,0.0559502664298401
"1670","100798","Action_45","Morph_101","KR","Play","Reach","Reach.2","Sonso",0.470003629245736,0.0370781527531083,0.0801509769094138
"1671","100683","Action_34","Morph_65","KR","Play","Objectshake","ObjectShake.1","Sonso",0.518793793415168,0.0746003552397869,0.108792184724689
"1672","100451","Action_17","Morph_40","KR","Play","Hitobject","HitObject.2","Sonso",-0.7339691750802,0.0119893428063943,0.0559502664298401
"1673","102312","Action_56","Morph_123","KR","Play","Stompingother","StompOther.2","Sonso",-0.328504066972036,0.00244227353463588,0.00266429840142096
"1674","101517a","Action_60","Morph_128","KR","Playcontinue","Swing","Swing.2","Sonso",1.77155676191054,0.00310834813499112,0.0475133214920071
"1675","100799","Action_8","Morph_19","KR","Play","Dangle","Dangle.1","Sonso",2.30657711426358,0.0484014209591474,0.0484014209591474
"1676","101517a","Action_60","Morph_127","KR","Playcontinue","Swing","Swing.1","Sonso",1.64865862558738,0.0428507992895204,0.0475133214920071
"1677","100798","Action_17","Morph_41","KR","Play","Hitobject","HitObject.3","Sonso",-0.510825623765991,0.00510657193605684,0.0559502664298401
"1678","102312","Action_14","Morph_32","KR","Play","Grab","Grab.4","Sonso",0.364643113587909,0.00754884547069272,0.0353019538188277
"1679","100801","Action_15","Morph_36","KR","Play","Grabhold","GrabHold.2","Sonso",0.924258901523332,0.005550621669627,0.0204262877442274
"1680","100800","Action_17","Morph_39","KR","Play","Hitobject","HitObject.1","Sonso",-0.7339691750802,0.0430728241563055,0.0559502664298401
"1681","100683","Action_33","Morph_61","KR","Play","Objectmove","ObjectMove.1","Sonso",0.609765571620894,0.0317495559502664,0.0406305506216696
"1682","100451","Action_20","Morph_49","KR","Play","Hitother","HitOther.5","Sonso",-0.385662480811985,0.00599467140319716,0.0404085257548845
"1683","101236","Action_29","Morph_58","KR","Play","Locomotegallop","LocomoteGallop.1","Sonso",0.364643113587909,0.00821492007104796,0.00821492007104796
"1684","100451","Action_50","Morph_108","KR","Play","Shake","Shake.2","Sonso",-0.7339691750802,0.00466252220248668,0.0122113676731794
"1685","100798","Action_21","Morph_44","KR","Play","Hittingobject","HitObject.6","Sonso",0.587786664902119,0.00155417406749556,0.00799289520426288
"1686","101517a","Action_60","Morph_128","KR","Playcontinue","Swing","Swing.2","Sonso",0,0.00310834813499112,0.0475133214920071
"1687","101057b","Action_13","Morph_27","KR","Stopbehaviour","Fling","Fling.1","Sonso",-1.02165124753198,0.00688277087033748,0.0117673179396092
"1688","101489a","Action_8","Morph_19","KR","Play","Dangle","Dangle.1","Sonso",0.542324290825362,0.0484014209591474,0.0484014209591474
"1689","100159","Action_39","Morph_82","KR","Sexualattention","Presentgenitalsbackwards","PresentGenitals.1","Sonso",1.51732262352629,0.0295293072824156,0.033303730017762
"1690","102171","Action_8","Morph_19","KR","Play","Dangle","Dangle.1","Sonso",0.56531380905006,0.0484014209591474,0.0484014209591474
"1691","100787a","Action_2","Morph_3","KR","Groom","Bigloudscratch","BigLoudScratch.1","Sonso",1.21194097397511,0.0215364120781528,0.0577264653641208
"1692","101928","Action_59","Morph_126","KR","Giveme","Stroke","Stroke.3","Sonso",-0.385662480811985,0.0011101243339254,0.00377442273534636
"1693","100157","Action_2","Morph_4","KR","Groom","Bigloudscratch","BigLoudScratch.2","Sonso",1.07158361628019,0.019316163410302,0.0577264653641208
"1694","100787a","Action_2","Morph_4","KR","Groom","Bigloudscratch","BigLoudScratch.2","Sonso",0.940007258491471,0.019316163410302,0.0577264653641208
"1695","102171","Action_20","Morph_46","KR","Play","Hitother","HitOther.2","Sonso",-0.510825623765991,0.00932504440497336,0.0404085257548845
"1696","102171","Action_60","Morph_127","KR","Play","Swing","Swing.1","Sonso",0.182321556793955,0.0428507992895204,0.0475133214920071
"1697","100787a","Action_2","Morph_4","KR","Groom","Bigloudscratch","BigLoudScratch.2","Sonso",0.8754687373539,0.019316163410302,0.0577264653641208
"1698","100787a","Action_2","Morph_5","KR","Groom","Bigloudscratch","BigLoudScratch.3","Sonso",0.712949807856125,0.0119893428063943,0.0577264653641208
"1699","101928","Action_59","Morph_126","KR","Giveme","Stroke","Stroke.3","Sonso",-0.44628710262842,0.0011101243339254,0.00377442273534636
"1700","101928","Action_64","Morph_138","KR","Giveme","Touchlongother","Touch.7","Sonso",0.751416088683921,0.0044404973357016,0.0175399644760213
"1701","101928","Action_59","Morph_126","KR","Giveme","Stroke","Stroke.3","Sonso",-0.385662480811985,0.0011101243339254,0.00377442273534636
"1702","101928","Action_59","Morph_126","KR","Giveme","Stroke","Stroke.3","Sonso",-0.174353387144778,0.0011101243339254,0.00377442273534636
"1703","101321","Action_42","Morph_91","KR","Position","Push","Push.4","Sonso",0.246860077931526,0.00932504440497336,0.0466252220248668
"1704","101321","Action_42","Morph_91","KR","Position","Push","Push.4","Sonso",0.246860077931526,0.00932504440497336,0.0466252220248668
"1705","100278a","Action_33","Morph_61","KR","Play","Objectmove","ObjectMove.1","Sonso",1.60140574073684,0.0317495559502664,0.0406305506216696
"1706","101775","Action_33","Morph_61","KR","Play","Objectmove","ObjectMove.1","Sonso",0.336472236621213,0.0317495559502664,0.0406305506216696
"1707","101026","Action_63","Morph_136","KR","Play","Touch","Touch.5","Sonso",0.65232518603969,0.00421847246891652,0.0341918294849023
"1708","101022","Action_42","Morph_92","KR","Play","Push","Push.5","Sonso",0.27763173659828,0.0066607460035524,0.0466252220248668
"1709","101022","Action_42","Morph_95","KR","Play","Push","Push.8","Sonso",0.770108221696074,0.00133214920071048,0.0466252220248668
"1710","100617","Action_48","Morph_104","KR","Stopbehaviour","Rollover","RollOver.1","Sonso",1.1999647829284,0.00621669626998224,0.00621669626998224
"1711","100616","Action_17","Morph_40","KR","Stopbehaviour","Hitobject","HitObject.2","Sonso",-0.27443684570176,0.0119893428063943,0.0559502664298401
"1712","100617","Action_47","Morph_103","KR","Stopbehaviour","Rockingsit","Rocking.1","Sonso",0.672944473242426,0.00377442273534636,0.00377442273534636
"1713","100617","Action_43","Morph_NA","KR","Stopbehaviour","Raise",NA,"Sonso",0.336472236621213,0.0159857904085258,0.0113232682060391
"1714","100617","Action_43","Morph_96","KR","Stopbehaviour","Raise","Raise.1","Sonso",1.11185751541813,0.00865896980461812,0.0113232682060391
"1715","102473b","Action_39","Morph_82","KR","Sexualattention","Presentgenitalsbackwards","PresentGenitals.1","Sonso",0.27763173659828,0.0295293072824156,0.033303730017762
"1716","100872","Action_8","Morph_19","KR","Play","Dangle","Dangle.1","Sonso",1.1999647829284,0.0484014209591474,0.0484014209591474
"1717","100872","Action_14","Morph_31","KR","Play","Grab","Grab.3","Sonso",0.336472236621213,0.00466252220248668,0.0353019538188277
"1718","102374","Action_22","Morph_42","KR","Play","Hittingobjectobject","HitObject.4","Sonso",0.770108221696074,0.00599467140319716,0.00266429840142096
"1719","100888","Action_23","Morph_48","KR","Play","Hittingother","HitOther.4","Sonso",-0.127833371509885,0.00732682060390764,0.0157637655417407
"1720","100687b","Action_33","Morph_61","KR","Play","Objectmove","ObjectMove.1","Sonso",0.470003629245736,0.0317495559502664,0.0406305506216696
"1721","100853a","Action_24","Morph_51","KR","Play","Jump","Jump.1","Sonso",-0.127833371509885,0.00732682060390764,0.00732682060390764
"1722","101094","Action_10","Morph_21","KR","Play","Drum","Drum.1","Sonso",-0.27443684570176,0.0033303730017762,0.0033303730017762
"1723","100681","Action_20","Morph_45","KR","Play","Hitother","HitOther.1","Sonso",-0.44628710262842,0.0202042628774423,0.0404085257548845
"1724","100872","Action_17","Morph_41","KR","Play","Hitobject","HitObject.3","Sonso",-0.44628710262842,0.00510657193605684,0.0559502664298401
"1725","100872","Action_8","Morph_19","KR","Play","Dangle","Dangle.1","Sonso",1.77833644889591,0.0484014209591474,0.0484014209591474
"1726","100872","Action_21","Morph_44","KR","Play","Hittingobject","HitObject.6","Sonso",1.3244189574018,0.00155417406749556,0.00799289520426288
"1727","100853b","Action_20","Morph_45","KR","Play","Hitother","HitOther.1","Sonso",-1.02165124753198,0.0202042628774423,0.0404085257548845
"1728","100687b","Action_32","Morph_60","KR","Play","Objectmouth","ObjectMouth.1","Sonso",0.587786664902119,0.00466252220248668,0.00466252220248668
"1729","101753","Action_55","Morph_116","KR","Play","Stompingobject","StompObject.2","Sonso",-0.27443684570176,0.0148756660746004,0.0230905861456483
"1730","101622","Action_53","Morph_113","KR","Play","Spinsomersault","SpinSomersault.1","Sonso",0.0769610411361284,0.00799289520426288,0.00799289520426288
"1731","101622","Action_53","Morph_113","KR","Play","Spinsomersault","SpinSomersault.1","Sonso",0.215111379616945,0.00799289520426288,0.00799289520426288
"1732","100998","Action_33","Morph_61","KR","Play","Objectmove","ObjectMove.1","Sonso",0.470003629245736,0.0317495559502664,0.0406305506216696
"1733","101753","Action_55","Morph_117","KR","Play","Stompingobject","StompObject.3","Sonso",-0.579818495252942,0.00688277087033748,0.0230905861456483
"1734","100622b","Action_39","Morph_82","KR","Sociosexualattention","Presentgenitalsbackwards","PresentGenitals.1","Sonso",0.113328685307003,0.0295293072824156,0.033303730017762
"1735","101839a","Action_3","Morph_12","KR","Playcontinue","Bite","Bite.4","Sonso",-0.083381608939051,0.00177619893428064,0.0168738898756661
"1736","101841","Action_57","Morph_115","KR","Playcontinue","Stompobject","StompObject.1","Sonso",-0.510825623765991,0.0337477797513321,0.0424067495559503
"1737","101400","Action_42","Morph_88","KR","Position","Push","Push.1","Sonso",0.518793793415168,0.0106571936056838,0.0466252220248668
"1738","101713","Action_20","Morph_45","KR","Play","Hitother","HitOther.1","Sonso",-0.579818495252942,0.0202042628774423,0.0404085257548845
"1739","101840b","Action_57","Morph_115","KR","Playcontinue","Stompobject","StompObject.1","Sonso",-0.82098055206983,0.0337477797513321,0.0424067495559503
"1740","101839b","Action_58","Morph_122","KR","Playcontinue","Stompother","StompOther.1","Sonso",-0.7339691750802,0.00244227353463588,0.00377442273534636
"1741","101839a","Action_23","Morph_48","KR","Playcontinue","Hittingother","HitOther.4","Sonso",0.113328685307003,0.00732682060390764,0.0157637655417407
"1742","101837","Action_48","Morph_104","KR","Playcontinue","Rollover","RollOver.1","Sonso",0.494696241836107,0.00621669626998224,0.00621669626998224
"1743","101841","Action_17","Morph_39","KR","Playcontinue","Hitobject","HitObject.1","Sonso",-0.579818495252942,0.0430728241563055,0.0559502664298401
"1744","101399b","Action_15","Morph_35","KR","Position","Grabhold","GrabHold.1","Sonso",1.22377543162212,0.00932504440497336,0.0204262877442274
"1745","101833a","Action_6","Morph_18","KR","Play","Bow","Bow.1","Sonso",0.693147180559945,0.00177619893428064,0.00177619893428064
"1746","101657","Action_23","Morph_48","KR","Play","Hittingother","HitOther.4","Sonso",-0.44628710262842,0.00732682060390764,0.0157637655417407
"1747","101095","Action_25","Morph_52","KR","Play","Kickpunch","KickPunch.1","Sonso",0,0.0022202486678508,0.0022202486678508
"1748","102333","Action_20","Morph_46","KR","Playcontinue","Hitother","HitOther.2","Sonso",-0.328504066972036,0.00932504440497336,0.0404085257548845
"1749","101454","Action_8","Morph_19","KR","Play","Dangle","Dangle.1","Sonso",1.38629436111989,0.0484014209591474,0.0484014209591474
"1750","101454","Action_20","Morph_45","KR","Play","Hitother","HitOther.1","Sonso",-0.174353387144778,0.0202042628774423,0.0404085257548845
"1751","101566b","Action_60","Morph_127","KR","Playcontinue","Swing","Swing.1","Sonso",1.17557332980424,0.0428507992895204,0.0475133214920071
"1752","101454","Action_60","Morph_127","KR","Play","Swing","Swing.1","Sonso",0.182321556793955,0.0428507992895204,0.0475133214920071
"1753","101567b","Action_45","Morph_101","KR","Playcontinue","Reach","Reach.2","Sonso",0.65232518603969,0.0370781527531083,0.0801509769094138
"1754","102399","Action_45","Morph_101","KR","Giveme","Reach","Reach.2","Sonso",2.42657107277504,0.0370781527531083,0.0801509769094138
"1755","100763","Action_53","Morph_113","KR","Play","Spinsomersault","SpinSomersault.1","Sonso",0.65232518603969,0.00799289520426288,0.00799289520426288
"1756","101493","Action_21","Morph_42","KR","Play","Hittingobject","HitObject.4","Sonso",0.336472236621213,0.00599467140319716,0.00799289520426288
"1757","100763","Action_8","Morph_19","KR","Play","Dangle","Dangle.1","Sonso",1.91692261218206,0.0484014209591474,0.0484014209591474
"1758","101360","Action_20","Morph_45","KR","Stopbehaviour","Hitother","HitOther.1","Sonso",-0.579818495252942,0.0202042628774423,0.0404085257548845
"1759","100818","Action_57","Morph_118","KR","Play","Stompobject","StompObject.4","Sonso",0.864997437486605,0.005550621669627,0.0424067495559503
"1760","100763","Action_17","Morph_40","KR","Play","Hitobject","HitObject.2","Sonso",-0.0418642040986989,0.0119893428063943,0.0559502664298401
"1761","101092","Action_55","Morph_116","KR","Play","Stompingobject","StompObject.2","Sonso",-0.127833371509885,0.0148756660746004,0.0230905861456483
"1762","102342a","Action_8","Morph_19","KR","Play","Dangle","Dangle.1","Sonso",0.65232518603969,0.0484014209591474,0.0484014209591474
"1763","102340","Action_8","Morph_19","KR","Play","Dangle","Dangle.1","Sonso",0.609765571620894,0.0484014209591474,0.0484014209591474
"1764","101099","Action_60","Morph_127","KR","Play","Swing","Swing.1","Sonso",0.215111379616945,0.0428507992895204,0.0475133214920071
"1765","101099","Action_50","Morph_108","KR","Play","Shake","Shake.2","Sonso",-0.06720874969345,0.00466252220248668,0.0122113676731794
"1766","101098b","Action_8","Morph_19","KR","Play","Dangle","Dangle.1","Sonso",0.587786664902119,0.0484014209591474,0.0484014209591474
"1767","102342a","Action_34","Morph_66","KR","Play","Objectshake","ObjectShake.2","Sonso",0.246860077931526,0.0237566607460036,0.108792184724689
"1768","101099","Action_8","Morph_19","KR","Play","Dangle","Dangle.1","Sonso",3.23001356927866,0.0484014209591474,0.0484014209591474
"1769","101099","Action_60","Morph_127","KR","Play","Swing","Swing.1","Sonso",0.0971267107307228,0.0428507992895204,0.0475133214920071
"1770","102339","Action_8","Morph_19","KR","Play","Dangle","Dangle.1","Sonso",0.609765571620894,0.0484014209591474,0.0484014209591474
"1771","101099","Action_60","Morph_127","KR","Play","Swing","Swing.1","Sonso",0.215111379616945,0.0428507992895204,0.0475133214920071
"1772","101275","Action_57","Morph_115","KS","Play","Stompobject","StompObject.1","Sonso",-0.579818495252942,0.0337477797513321,0.0424067495559503
"1773","101275","Action_57","Morph_115","KS","Play","Stompobject","StompObject.1","Sonso",-0.44628710262842,0.0337477797513321,0.0424067495559503
"1774","101277b","Action_17","Morph_39","KS","Playcontinue","Hitobject","HitObject.1","Sonso",-0.510825623765991,0.0430728241563055,0.0559502664298401
"1775","101276","Action_34","Morph_65","KS","Playcontinue","Objectshake","ObjectShake.1","Sonso",0.609765571620894,0.0746003552397869,0.108792184724689
"1776","101276","Action_57","Morph_115","KS","Playcontinue","Stompobject","StompObject.1","Sonso",-0.82098055206983,0.0337477797513321,0.0424067495559503
"1777","101277b","Action_33","Morph_61","KS","Playcontinue","Objectmove","ObjectMove.1","Sonso",0.148420005118273,0.0317495559502664,0.0406305506216696
"1778","101277b","Action_57","Morph_115","KS","Playcontinue","Stompobject","StompObject.1","Sonso",-0.510825623765991,0.0337477797513321,0.0424067495559503
"1779","101275","Action_34","Morph_66","KS","Play","Objectshake","ObjectShake.2","Sonso",0.518793793415168,0.0237566607460036,0.108792184724689
"1780","102236a","Action_43","Morph_96","KS","Moveaway","Raise","Raise.1","Sonso",1.97962120639763,0.00865896980461812,0.0113232682060391
"1781","102236a","Action_17","Morph_39","KS","Moveaway","Hitobject","HitObject.1","Sonso",-0.7339691750802,0.0430728241563055,0.0559502664298401
"1782","101558b","Action_14","Morph_30","KS","Play","Grab","Grab.2","Sonso",0.940007258491471,0.00799289520426288,0.0353019538188277
"1783","101560","Action_57","Morph_115","KS","Playcontinue","Stompobject","StompObject.1","Sonso",-0.510825623765991,0.0337477797513321,0.0424067495559503
"1784","101490","Action_57","Morph_115","KS","Play","Stompobject","StompObject.1","Sonso",-0.579818495252942,0.0337477797513321,0.0424067495559503
"1785","101560","Action_57","Morph_115","KS","Playcontinue","Stompobject","StompObject.1","Sonso",-0.653926467406664,0.0337477797513321,0.0424067495559503
"1786","101559","Action_45","Morph_100","KS","Playcontinue","Reach","Reach.1","Sonso",1.63315443905142,0.0408525754884547,0.0801509769094138
"1787","101490","Action_17","Morph_39","KS","Play","Hitobject","HitObject.1","Sonso",-0.579818495252942,0.0430728241563055,0.0559502664298401
"1788","101560","Action_34","Morph_66","KS","Playcontinue","Objectshake","ObjectShake.2","Sonso",0.470003629245736,0.0237566607460036,0.108792184724689
"1789","101623","Action_11","Morph_22","KS","Play","Embrace","Embrace.1","Sonso",1.00063188030791,0.00288632326820604,0.005550621669627
"1790","101560","Action_45","Morph_100","KS","Playcontinue","Reach","Reach.1","Sonso",-0.174353387144778,0.0408525754884547,0.0801509769094138
"1791","102396a","Action_60","Morph_127","KS","Moveaway","Swing","Swing.1","Sonso",-0.44628710262842,0.0428507992895204,0.0475133214920071
"1792","102396a","Action_13","Morph_28","KS","Moveaway","Fling","Fling.2","Sonso",-0.916290731874155,0.00488454706927176,0.0117673179396092
"1793","101066b","Action_21","Morph_42","KS","Play","Hittingobject","HitObject.4","Sonso",-0.174353387144778,0.00599467140319716,0.00799289520426288
"1794","101066b","Action_8","Morph_19","KS","Play","Dangle","Dangle.1","Sonso",-0.127833371509885,0.0484014209591474,0.0484014209591474
"1795","101059","Action_17","Morph_40","KS","Play","Hitobject","HitObject.2","Sonso",-0.7339691750802,0.0119893428063943,0.0559502664298401
"1796","101057a","Action_14","Morph_32","KS","Playcontinue","Grab","Grab.4","Sonso",0.712949807856125,0.00754884547069272,0.0353019538188277
"1797","101489b","Action_29","Morph_58","KS","Play","Locomotegallop","LocomoteGallop.1","Sonso",0.148420005118273,0.00821492007104796,0.00821492007104796
"1798","100982a","Action_59","Morph_125","KS","Giveme","Stroke","Stroke.2","Sonso",1.37624402526639,0.00155417406749556,0.00377442273534636
"1799","100982a","Action_45","Morph_100","KS","Giveme","Reach","Reach.1","Sonso",-0.127833371509885,0.0408525754884547,0.0801509769094138
"1800","102410a","Action_38","Morph_75","KS","Groom","Present","Present.1","Sonso",1.42551507427317,0.0170959147424512,0.0492895204262877
"1801","101790a","Action_43","Morph_98","KS","Givemenurse","Raise","Raise.3","Sonso",0.732367893713227,0.00177619893428064,0.0113232682060391
"1802","102416","Action_38","Morph_77","KS","Directattention","Present","Present.3","Sonso",0.712949807856125,0.00466252220248668,0.0492895204262877
"1803","101788","Action_45","Morph_100","KS","Givemenurse","Reach","Reach.1","Sonso",1.35583515363518,0.0408525754884547,0.0801509769094138
"1804","101788","Action_45","Morph_101","KS","Givemenurse","Reach","Reach.2","Sonso",1.98513086220859,0.0370781527531083,0.0801509769094138
"1805","101795","Action_38","Morph_75","KS","Groom","Present","Present.1","Sonso",1.40609698841607,0.0170959147424512,0.0492895204262877
"1806","101603","Action_45","Morph_100","KS","Affiliation","Reach","Reach.1","Sonso",1.58514521986506,0.0408525754884547,0.0801509769094138
"1807","101794","Action_42","Morph_89","KS","Position","Push","Push.2","Sonso",-0.174353387144778,0.00355239786856128,0.0466252220248668
"1808","102409","Action_40","Morph_82","KS","Sexualattention","Presentgenitalsforwards","PresentGenitals.1","Sonso",1.28093384546206,0.0295293072824156,0.00199822380106572
"1809","100538","Action_57","Morph_115","KS","Sexualattention","Stompobject","StompObject.1","Sonso",-0.653926467406664,0.0337477797513321,0.0424067495559503
"1810","101194","Action_45","Morph_101","KS","Giveme","Reach","Reach.2","Sonso",1.50851199384414,0.0370781527531083,0.0801509769094138
"1811","100538","Action_17","Morph_40","KS","Sexualattention","Hitobject","HitObject.2","Sonso",-0.083381608939051,0.0119893428063943,0.0559502664298401
"1812","101193","Action_45","Morph_101","KS","Giveme","Reach","Reach.2","Sonso",0.8754687373539,0.0370781527531083,0.0801509769094138
"1813","101850","Action_34","Morph_65","KS","Play","Objectshake","ObjectShake.1","Sonso",0.182321556793955,0.0746003552397869,0.108792184724689
"1814","101850","Action_57","Morph_115","KS","Play","Stompobject","StompObject.1","Sonso",-0.579818495252942,0.0337477797513321,0.0424067495559503
"1815","101846","Action_20","Morph_45","KS","Play","Hitother","HitOther.1","Sonso",-0.385662480811985,0.0202042628774423,0.0404085257548845
"1816","101850","Action_57","Morph_115","KS","Play","Stompobject","StompObject.1","Sonso",-0.44628710262842,0.0337477797513321,0.0424067495559503
"1817","101268a","Action_55","Morph_116","KS","Playcontinue","Stompingobject","StompObject.2","Sonso",-0.174353387144778,0.0148756660746004,0.0230905861456483
"1818","102378","Action_20","Morph_50","KS","Playcontinue","Hitother","HitOther.6","Sonso",-1.27296567581289,0.00488454706927176,0.0404085257548845
"1819","101789","Action_2","Morph_3","KS","Groom","Bigloudscratch","BigLoudScratch.1","Sonso",1.30291275218084,0.0215364120781528,0.0577264653641208
"1820","102378","Action_20","Morph_50","KS","Playcontinue","Hitother","HitOther.6","Sonso",-1.6094379124341,0.00488454706927176,0.0404085257548845
"1821","102378","Action_20","Morph_50","KS","Playcontinue","Hitother","HitOther.6","Sonso",-0.328504066972036,0.00488454706927176,0.0404085257548845
"1822","101274","Action_24","Morph_51","KS","Stopbehaviour","Jump","Jump.1","Sonso",-0.82098055206983,0.00732682060390764,0.00732682060390764
"1823","101274","Action_24","Morph_51","KS","Stopbehaviour","Jump","Jump.1","Sonso",-0.82098055206983,0.00732682060390764,0.00732682060390764
"1824","101274","Action_57","Morph_115","KS","Stopbehaviour","Stompobject","StompObject.1","Sonso",-0.653926467406664,0.0337477797513321,0.0424067495559503
"1825","101274","Action_24","Morph_51","KS","Stopbehaviour","Jump","Jump.1","Sonso",-1.13943428318836,0.00732682060390764,0.00732682060390764
"1826","101787","Action_15","Morph_35","KS","Play","Grabhold","GrabHold.1","Sonso",1.17557332980424,0.00932504440497336,0.0204262877442274
"1827","101787","Action_23","Morph_47","KS","Play","Hittingother","HitOther.3","Sonso",-0.083381608939051,0.00843694493783304,0.0157637655417407
"1828","102060","Action_50","Morph_108","KS","Playcontinue","Shake","Shake.2","Sonso",0.113328685307003,0.00466252220248668,0.0122113676731794
"1829","102060","Action_17","Morph_39","KS","Playcontinue","Hitobject","HitObject.1","Sonso",0.182321556793955,0.0430728241563055,0.0559502664298401
"1830","102347","Action_63","Morph_132","KS","Playcontinue","Touch","Touch.1","Sonso",-1.27296567581289,0.0104351687388988,0.0341918294849023
"1831","100885b","Action_57","Morph_115","KS","Play","Stompobject","StompObject.1","Sonso",-0.27443684570176,0.0337477797513321,0.0424067495559503
"1832","101146","Action_8","Morph_19","KS","Play","Dangle","Dangle.1","Sonso",0,0.0484014209591474,0.0484014209591474
"1833","102347","Action_63","Morph_132","KS","Playcontinue","Touch","Touch.1","Sonso",-0.7339691750802,0.0104351687388988,0.0341918294849023
"1834","101146","Action_8","Morph_19","KS","Play","Dangle","Dangle.1","Sonso",0.392042087776024,0.0484014209591474,0.0484014209591474
"1835","101146","Action_17","Morph_40","KS","Play","Hitobject","HitObject.2","Sonso",-1.13943428318836,0.0119893428063943,0.0559502664298401
"1836","102059b","Action_23","Morph_48","KS","Play","Hittingother","HitOther.4","Sonso",-0.083381608939051,0.00732682060390764,0.0157637655417407
"1837","102057b","Action_60","Morph_127","KS","Play","Swing","Swing.1","Sonso",-0.174353387144778,0.0428507992895204,0.0475133214920071
"1838","101293","Action_42","Morph_94","KS","Play","Push","Push.7","Sonso",-0.44628710262842,0.00288632326820604,0.0466252220248668
"1839","102347","Action_58","Morph_122","KS","Playcontinue","Stompother","StompOther.1","Sonso",-0.0408219945202552,0.00244227353463588,0.00377442273534636
"1840","102059b","Action_20","Morph_49","KS","Play","Hitother","HitOther.5","Sonso",0.307484699747961,0.00599467140319716,0.0404085257548845
"1841","102192","Action_45","Morph_101","KS","Giveme","Reach","Reach.2","Sonso",0.970778917158225,0.0370781527531083,0.0801509769094138
"1842","102198a","Action_45","Morph_101","KS","Giveme","Reach","Reach.2","Sonso",1.22377543162212,0.0370781527531083,0.0801509769094138
"1843","102192","Action_45","Morph_101","KS","Giveme","Reach","Reach.2","Sonso",2.89480635496403,0.0370781527531083,0.0801509769094138
"1844","102198a","Action_45","Morph_101","KS","Giveme","Reach","Reach.2","Sonso",0.542324290825362,0.0370781527531083,0.0801509769094138
"1845","102286b","Action_38","Morph_76","KS","Groom","Present","Present.2","Sonso",0.858661619037519,0.0135435168738899,0.0492895204262877
"1846","100996a","Action_45","Morph_100","KS","Giveme","Reach","Reach.1","Sonso",1.79175946922805,0.0408525754884547,0.0801509769094138
"1847","102195a","Action_45","Morph_101","KS","Giveme","Reach","Reach.2","Sonso",0.0392207131532813,0.0370781527531083,0.0801509769094138
"1848","100996a","Action_45","Morph_100","KS","Giveme","Reach","Reach.1","Sonso",0.336472236621213,0.0408525754884547,0.0801509769094138
"1849","102195a","Action_45","Morph_101","KS","Giveme","Reach","Reach.2","Sonso",1.25846098961001,0.0370781527531083,0.0801509769094138
"1850","102198a","Action_45","Morph_101","KS","Giveme","Reach","Reach.2","Sonso",-0.083381608939051,0.0370781527531083,0.0801509769094138
"1851","102186","Action_45","Morph_100","KS","Giveme","Reach","Reach.1","Sonso",1.81156209652423,0.0408525754884547,0.0801509769094138
"1852","102187","Action_45","Morph_101","KS","Giveme","Reach","Reach.2","Sonso",0.336472236621213,0.0370781527531083,0.0801509769094138
"1853","100996a","Action_45","Morph_100","KS","Giveme","Reach","Reach.1","Sonso",0.841567185678219,0.0408525754884547,0.0801509769094138
"1854","102187","Action_45","Morph_101","KS","Giveme","Reach","Reach.2","Sonso",0.364643113587909,0.0370781527531083,0.0801509769094138
"1855","102192","Action_45","Morph_101","KS","Giveme","Reach","Reach.2","Sonso",1.30291275218084,0.0370781527531083,0.0801509769094138
"1856","100996a","Action_45","Morph_100","KS","Giveme","Reach","Reach.1","Sonso",1.76473079684014,0.0408525754884547,0.0801509769094138
"1857","100996a","Action_45","Morph_100","KS","Giveme","Reach","Reach.1","Sonso",0.182321556793955,0.0408525754884547,0.0801509769094138
"1858","102198a","Action_45","Morph_101","KS","Giveme","Reach","Reach.2","Sonso",-0.44628710262842,0.0370781527531083,0.0801509769094138
"1859","100996a","Action_45","Morph_100","KS","Giveme","Reach","Reach.1","Sonso",0.182321556793955,0.0408525754884547,0.0801509769094138
"1860","102207","Action_45","Morph_101","KS","Giveme","Reach","Reach.2","Sonso",0.56531380905006,0.0370781527531083,0.0801509769094138
"1861","102188","Action_45","Morph_100","KS","Giveme","Reach","Reach.1","Sonso",0.824175442966349,0.0408525754884547,0.0801509769094138
"1862","102198a","Action_45","Morph_101","KS","Giveme","Reach","Reach.2","Sonso",1.12492959698548,0.0370781527531083,0.0801509769094138
"1863","102207","Action_45","Morph_101","KS","Giveme","Reach","Reach.2","Sonso",2.63619609733423,0.0370781527531083,0.0801509769094138
"1864","102191","Action_63","Morph_138","KS","Giveme","Touch","Touch.7","Sonso",0.908258560176891,0.0044404973357016,0.0341918294849023
"1865","102195a","Action_45","Morph_101","KS","Giveme","Reach","Reach.2","Sonso",0.693147180559945,0.0370781527531083,0.0801509769094138
"1866","102187","Action_45","Morph_101","KS","Giveme","Reach","Reach.2","Sonso",0.518793793415168,0.0370781527531083,0.0801509769094138
"1867","102207","Action_45","Morph_101","KS","Giveme","Reach","Reach.2","Sonso",0.8754687373539,0.0370781527531083,0.0801509769094138
"1868","100994","Action_45","Morph_100","KS","Giveme","Reach","Reach.1","Sonso",2.2512917986065,0.0408525754884547,0.0801509769094138
"1869","102207","Action_45","Morph_101","KS","Giveme","Reach","Reach.2","Sonso",1.45395300959371,0.0370781527531083,0.0801509769094138
"1870","102186","Action_45","Morph_100","KS","Giveme","Reach","Reach.1","Sonso",0.693147180559945,0.0408525754884547,0.0801509769094138
"1871","102187","Action_45","Morph_101","KS","Giveme","Reach","Reach.2","Sonso",2.07442899985629,0.0370781527531083,0.0801509769094138
"1872","102198a","Action_45","Morph_101","KS","Giveme","Reach","Reach.2","Sonso",-0.7339691750802,0.0370781527531083,0.0801509769094138
"1873","102286b","Action_2","Morph_4","KS","Groom","Bigloudscratch","BigLoudScratch.2","Sonso",0.470003629245736,0.019316163410302,0.0577264653641208
"1874","102208","Action_45","Morph_101","KS","Giveme","Reach","Reach.2","Sonso",1.24703229378638,0.0370781527531083,0.0801509769094138
"1875","102207","Action_45","Morph_101","KS","Giveme","Reach","Reach.2","Sonso",1.01523067972906,0.0370781527531083,0.0801509769094138
"1876","102196","Action_45","Morph_100","KS","Giveme","Reach","Reach.1","Sonso",2.4748563139345,0.0408525754884547,0.0801509769094138
"1877","102196","Action_45","Morph_100","KS","Giveme","Reach","Reach.1","Sonso",0.65232518603969,0.0408525754884547,0.0801509769094138
"1878","102208","Action_45","Morph_101","KS","Giveme","Reach","Reach.2","Sonso",1.95727390770563,0.0370781527531083,0.0801509769094138
"1879","102192","Action_45","Morph_101","KS","Giveme","Reach","Reach.2","Sonso",1.28093384546206,0.0370781527531083,0.0801509769094138
"1880","102197","Action_45","Morph_100","KS","Giveme","Reach","Reach.1","Sonso",1.77155676191054,0.0408525754884547,0.0801509769094138
"1881","102198a","Action_45","Morph_101","KS","Giveme","Reach","Reach.2","Sonso",-0.653926467406664,0.0370781527531083,0.0801509769094138
"1882","102190","Action_45","Morph_101","KS","Giveme","Reach","Reach.2","Sonso",0.418710334858185,0.0370781527531083,0.0801509769094138
"1883","102195a","Action_45","Morph_101","KS","Giveme","Reach","Reach.2","Sonso",-0.174353387144778,0.0370781527531083,0.0801509769094138
"1884","102188","Action_45","Morph_100","KS","Giveme","Reach","Reach.1","Sonso",1.13783300182139,0.0408525754884547,0.0801509769094138
"1885","102198a","Action_45","Morph_101","KS","Giveme","Reach","Reach.2","Sonso",1.77833644889591,0.0370781527531083,0.0801509769094138
"1886","102187","Action_45","Morph_101","KS","Giveme","Reach","Reach.2","Sonso",0.518793793415168,0.0370781527531083,0.0801509769094138
"1887","102196","Action_45","Morph_100","KS","Giveme","Reach","Reach.1","Sonso",1.83098018238134,0.0408525754884547,0.0801509769094138
"1888","102198a","Action_45","Morph_101","KS","Giveme","Reach","Reach.2","Sonso",0.113328685307003,0.0370781527531083,0.0801509769094138
"1889","100996a","Action_45","Morph_100","KS","Giveme","Reach","Reach.1","Sonso",2.55877649835446,0.0408525754884547,0.0801509769094138
"1890","102198a","Action_45","Morph_100","KS","Giveme","Reach","Reach.1","Sonso",0.215111379616945,0.0408525754884547,0.0801509769094138
"1891","102192","Action_45","Morph_101","KS","Giveme","Reach","Reach.2","Sonso",1.30291275218084,0.0370781527531083,0.0801509769094138
"1892","102208","Action_45","Morph_101","KS","Giveme","Reach","Reach.2","Sonso",2.68648602318637,0.0370781527531083,0.0801509769094138
"1893","102191","Action_45","Morph_101","KS","Giveme","Reach","Reach.2","Sonso",-0.127833371509885,0.0370781527531083,0.0801509769094138
"1894","100996a","Action_45","Morph_100","KS","Giveme","Reach","Reach.1","Sonso",1.01523067972906,0.0408525754884547,0.0801509769094138
"1895","102208","Action_45","Morph_101","KS","Giveme","Reach","Reach.2","Sonso",1.99061032797322,0.0370781527531083,0.0801509769094138
"1896","102198a","Action_45","Morph_101","KS","Giveme","Reach","Reach.2","Sonso",0.824175442966349,0.0370781527531083,0.0801509769094138
"1897","102191","Action_64","Morph_138","KS","Giveme","Touchlongother","Touch.7","Sonso",1.7227665977411,0.0044404973357016,0.0175399644760213
"1898","102196","Action_63","Morph_138","KS","Giveme","Touch","Touch.7","Sonso",1.04380405217311,0.0044404973357016,0.0341918294849023
"1899","102192","Action_45","Morph_101","KS","Giveme","Reach","Reach.2","Sonso",0.418710334858185,0.0370781527531083,0.0801509769094138
"1900","102375","Action_57","Morph_115","KS","Play","Stompobject","StompObject.1","Sonso",-0.510825623765991,0.0337477797513321,0.0424067495559503
"1901","102112","Action_2","Morph_5","KS","Groom","Bigloudscratch","BigLoudScratch.3","Sonso",0.609765571620894,0.0119893428063943,0.0577264653641208
"1902","102110","Action_42","Morph_90","KS","Position","Push","Push.3","Sonso",-0.44628710262842,0.00510657193605684,0.0466252220248668
"1903","102112","Action_2","Morph_5","KS","Groom","Bigloudscratch","BigLoudScratch.3","Sonso",0.693147180559945,0.0119893428063943,0.0577264653641208
"1904","102362","Action_8","Morph_19","KS","Play","Dangle","Dangle.1","Sonso",-0.22314355131421,0.0484014209591474,0.0484014209591474
"1905","102362","Action_60","Morph_127","KS","Play","Swing","Swing.1","Sonso",-0.328504066972036,0.0428507992895204,0.0475133214920071
"1906","101370","Action_33","Morph_61","KT","Sexualattention","Objectmove","ObjectMove.1","Sonso",0.307484699747961,0.0317495559502664,0.0406305506216696
"1907","101370","Action_34","Morph_65","KT","Sexualattention","Objectshake","ObjectShake.1","Sonso",1.01523067972906,0.0746003552397869,0.108792184724689
"1908","101370","Action_34","Morph_65","KT","Sexualattention","Objectshake","ObjectShake.1","Sonso",0.770108221696074,0.0746003552397869,0.108792184724689
"1909","101370","Action_34","Morph_65","KT","Sexualattention","Objectshake","ObjectShake.1","Sonso",0.751416088683921,0.0746003552397869,0.108792184724689
"1910","101370","Action_17","Morph_39","KT","Sexualattention","Hitobject","HitObject.1","Sonso",0.182321556793955,0.0430728241563055,0.0559502664298401
"1911","101370","Action_27","Morph_54","KT","Sexualattention","Leafclip","LeafClip.1","Sonso",0.609765571620894,0.0044404973357016,0.00599467140319716
"1912","101370","Action_17","Morph_39","KT","Sexualattention","Hitobject","HitObject.1","Sonso",0,0.0430728241563055,0.0559502664298401
"1913","101370","Action_27","Morph_54","KT","Sexualattention","Leafclip","LeafClip.1","Sonso",0.955511445027436,0.0044404973357016,0.00599467140319716
"1914","101370","Action_34","Morph_65","KT","Sexualattention","Objectshake","ObjectShake.1","Sonso",0.751416088683921,0.0746003552397869,0.108792184724689
"1915","101580","Action_38","Morph_77","KT","Directattention","Present","Present.3","Sonso",1.57691472072854,0.00466252220248668,0.0492895204262877
"1916","102062a","Action_34","Morph_65","KT","Sexualattention","Objectshake","ObjectShake.1","Sonso",0.215111379616945,0.0746003552397869,0.108792184724689
"1917","102062a","Action_34","Morph_65","KT","Sexualattention","Objectshake","ObjectShake.1","Sonso",0.307484699747961,0.0746003552397869,0.108792184724689
"1918","100150","Action_2","Morph_3","KT","Groom","Bigloudscratch","BigLoudScratch.1","Sonso",0.65232518603969,0.0215364120781528,0.0577264653641208
"1919","101260","Action_38","Morph_79","KT","Groom","Present","Present.5","Sonso",2.15640258281596,0.00688277087033748,0.0492895204262877
"1920","101259","Action_38","Morph_79","KT","Directattention","Present","Present.5","Sonso",1.85002837735203,0.00688277087033748,0.0492895204262877
"1921","100150","Action_63","Morph_137","KT","Groom","Touch","Touch.6","Sonso",0.27763173659828,0.00488454706927176,0.0341918294849023
"1922","100150","Action_2","Morph_3","KT","Groom","Bigloudscratch","BigLoudScratch.1","Sonso",0.542324290825362,0.0215364120781528,0.0577264653641208
"1923","101765","Action_27","Morph_54","KT","Sexualattention","Leafclip","LeafClip.1","Sonso",2.02814824729229,0.0044404973357016,0.00599467140319716
"1924","101765","Action_27","Morph_54","KT","Sexualattention","Leafclip","LeafClip.1","Sonso",1.67896397508271,0.0044404973357016,0.00599467140319716
"1925","101765","Action_34","Morph_65","KT","Sexualattention","Objectshake","ObjectShake.1","Sonso",-0.22314355131421,0.0746003552397869,0.108792184724689
"1926","101765","Action_27","Morph_54","KT","Sexualattention","Leafclip","LeafClip.1","Sonso",0.182321556793955,0.0044404973357016,0.00599467140319716
"1927","101765","Action_27","Morph_55","KT","Sexualattention","Leafclip","LeafClip.2","Sonso",1.26976054486394,0.00133214920071048,0.00599467140319716
"1928","101765","Action_27","Morph_55","KT","Sexualattention","Leafclip","LeafClip.2","Sonso",1.11185751541813,0.00133214920071048,0.00599467140319716
"1929","101765","Action_27","Morph_54","KT","Sexualattention","Leafclip","LeafClip.1","Sonso",1.67147330335355,0.0044404973357016,0.00599467140319716
"1930","101765","Action_34","Morph_65","KT","Sexualattention","Objectshake","ObjectShake.1","Sonso",0.392042087776024,0.0746003552397869,0.108792184724689
"1931","101765","Action_27","Morph_54","KT","Sexualattention","Leafclip","LeafClip.1","Sonso",1.67147330335355,0.0044404973357016,0.00599467140319716
"1932","101765","Action_27","Morph_54","KT","Sexualattention","Leafclip","LeafClip.1","Sonso",0.712949807856125,0.0044404973357016,0.00599467140319716
"1933","101665a","Action_42","Morph_88","KT","Position","Push","Push.1","Sonso",-0.328504066972036,0.0106571936056838,0.0466252220248668
"1934","101665a","Action_42","Morph_NA","KT","Position","Push",NA,"Sonso",-0.328504066972036,0.0159857904085258,0.0466252220248668
"1935","101474","Action_45","Morph_100","KT","Play","Reach","Reach.1","Sonso",0.215111379616945,0.0408525754884547,0.0801509769094138
"1936","102410b","Action_38","Morph_78","KT","Groom","Present","Present.4","Sonso",1.7227665977411,0.00288632326820604,0.0492895204262877
"1937","102410b","Action_2","Morph_3","KT","Groom","Bigloudscratch","BigLoudScratch.1","Sonso",1.3244189574018,0.0215364120781528,0.0577264653641208
"1938","100471","Action_23","Morph_47","KT","Play","Hittingother","HitOther.3","Sonso",-0.174353387144778,0.00843694493783304,0.0157637655417407
"1939","100471","Action_42","Morph_88","KT","Play","Push","Push.1","Sonso",0.307484699747961,0.0106571936056838,0.0466252220248668
"1940","100982b","Action_42","Morph_91","KT","Stopbehaviour","Push","Push.4","Sonso",-0.510825623765991,0.00932504440497336,0.0466252220248668
"1941","102118","Action_38","Morph_76","KT","Groom","Present","Present.2","Sonso",1.95160817016995,0.0135435168738899,0.0492895204262877
"1942","102063","Action_2","Morph_5","KT","Groom","Bigloudscratch","BigLoudScratch.3","Sonso",0.65232518603969,0.0119893428063943,0.0577264653641208
"1943","102175a","Action_2","Morph_4","KT","Groom","Bigloudscratch","BigLoudScratch.2","Sonso",1.13783300182139,0.019316163410302,0.0577264653641208
"1944","102118","Action_2","Morph_4","KT","Groom","Bigloudscratch","BigLoudScratch.2","Sonso",1.77155676191054,0.019316163410302,0.0577264653641208
"1945","102175a","Action_2","Morph_4","KT","Groom","Bigloudscratch","BigLoudScratch.2","Sonso",1.01523067972906,0.019316163410302,0.0577264653641208
"1946","102063","Action_34","Morph_65","KT","Groom","Objectshake","ObjectShake.1","Sonso",0.215111379616945,0.0746003552397869,0.108792184724689
"1947","102063","Action_2","Morph_4","KT","Groom","Bigloudscratch","BigLoudScratch.2","Sonso",1.63315443905142,0.019316163410302,0.0577264653641208
"1948","100696","Action_2","Morph_3","KT","Directattention","Bigloudscratch","BigLoudScratch.1","Sonso",0.0769610411361284,0.0215364120781528,0.0577264653641208
"1949","100697","Action_2","Morph_4","KT","Groom","Bigloudscratch","BigLoudScratch.2","Sonso",0.712949807856125,0.019316163410302,0.0577264653641208
"1950","100696","Action_2","Morph_4","KT","Directattention","Bigloudscratch","BigLoudScratch.2","Sonso",0.364643113587909,0.019316163410302,0.0577264653641208
"1951","100165b","Action_2","Morph_3","KT","Groom","Bigloudscratch","BigLoudScratch.1","Sonso",1.34547236659964,0.0215364120781528,0.0577264653641208
"1952","101003","Action_45","Morph_101","KT","Staysame","Reach","Reach.2","Sonso",-0.7339691750802,0.0370781527531083,0.0801509769094138
"1953","101571","Action_14","Morph_33","KT","Play","Grab","Grab.5","Sonso",1.50851199384414,0.0033303730017762,0.0353019538188277
"1954","100978b","Action_23","Morph_47","KT","Stopbehaviour","Hittingother","HitOther.3","Sonso",1.08518926833597,0.00843694493783304,0.0157637655417407
"1955","100978b","Action_42","Morph_91","KT","Stopbehaviour","Push","Push.4","Sonso",-0.44628710262842,0.00932504440497336,0.0466252220248668
"1956","100978b","Action_23","Morph_47","KT","Stopbehaviour","Hittingother","HitOther.3","Sonso",0.307484699747961,0.00843694493783304,0.0157637655417407
"1957","100978b","Action_64","Morph_135","KT","Stopbehaviour","Touchlongother","Touch.4","Sonso",0.824175442966349,0.00488454706927176,0.0175399644760213
"1958","101981b","Action_38","Morph_76","KT","Directattention","Present","Present.2","Sonso",0.970778917158225,0.0135435168738899,0.0492895204262877
"1959","101982b","Action_38","Morph_79","KT","Directattention","Present","Present.5","Sonso",0.65232518603969,0.00688277087033748,0.0492895204262877
"1960","101980b","Action_38","Morph_75","KT","Directattention","Present","Present.1","Sonso",0.8754687373539,0.0170959147424512,0.0492895204262877
"1961","100457b","Action_3","Morph_11","KT","Playcontinue","Bite","Bite.3","Sonso",0.712949807856125,0.00310834813499112,0.0168738898756661
"1962","100458","Action_41","Morph_84","KT","Playcontinue","Pull","Pull.1","Sonso",2.33408376005342,0.00821492007104796,0.0253108348134991
"1963","100458","Action_3","Morph_15","KT","Playcontinue","Bite","Bite.7","Sonso",1.37624402526639,0.00133214920071048,0.0168738898756661
"1964","100459","Action_41","Morph_85","KT","Playcontinue","Pull","Pull.2","Sonso",0.587786664902119,0.00643872113676732,0.0253108348134991
"1965","100461","Action_41","Morph_86","KT","Playcontinue","Pull","Pull.3","Sonso",0.955511445027436,0.00510657193605684,0.0253108348134991
"1966","100461","Action_41","Morph_85","KT","Playcontinue","Pull","Pull.2","Sonso",1.62531126159039,0.00643872113676732,0.0253108348134991
"1967","100461","Action_3","Morph_9","KT","Playcontinue","Bite","Bite.1","Sonso",-0.083381608939051,0.0044404973357016,0.0168738898756661
"1968","100023","Action_13","Morph_27","KU","Stopbehaviour","Fling","Fling.1","Sonso",-0.916290731874155,0.00688277087033748,0.0117673179396092
"1969","101332","Action_13","Morph_28","KU","Moveaway","Fling","Fling.2","Sonso",-0.27443684570176,0.00488454706927176,0.0117673179396092
"1970","100245","Action_11","Morph_23","KU","Affiliation","Embrace","Embrace.2","Sonso",0.364643113587909,0.00199822380106572,0.005550621669627
"1971","102222","Action_38","Morph_75","KU","Directattention","Present","Present.1","Sonso",-0.653926467406664,0.0170959147424512,0.0492895204262877
"1972","102222","Action_2","Morph_3","KU","Directattention","Bigloudscratch","BigLoudScratch.1","Sonso",0.542324290825362,0.0215364120781528,0.0577264653641208
"1973","101793","Action_2","Morph_6","KU","Groom","Bigloudscratch","BigLoudScratch.4","Sonso",1.6094379124341,0.00421847246891652,0.0577264653641208
"1974","101790b","Action_2","Morph_4","KU","Groom","Bigloudscratch","BigLoudScratch.2","Sonso",1.02961941718116,0.019316163410302,0.0577264653641208
"1975","102055","Action_38","Morph_75","KU","Groom","Present","Present.1","Sonso",1.01523067972906,0.0170959147424512,0.0492895204262877
"1976","101577","Action_2","Morph_3","KU","Directattention","Bigloudscratch","BigLoudScratch.1","Sonso",1.17557332980424,0.0215364120781528,0.0577264653641208
"1977","102175b","Action_2","Morph_4","KU","Directattention","Bigloudscratch","BigLoudScratch.2","Sonso",0.65232518603969,0.019316163410302,0.0577264653641208
"1978","101601","Action_63","Morph_133","KU","Staysame","Touch","Touch.2","Sonso",0,0.00754884547069272,0.0341918294849023
"1979","101402","Action_63","Morph_138","KU","Giveme","Touch","Touch.7","Sonso",0.631271776841858,0.0044404973357016,0.0341918294849023
"1980","100111","Action_39","Morph_82","KU","Sociosexualattention","Presentgenitalsbackwards","PresentGenitals.1","Sonso",0.65232518603969,0.0295293072824156,0.033303730017762
"1981","101402","Action_63","Morph_138","KU","Giveme","Touch","Touch.7","Sonso",0.672944473242426,0.0044404973357016,0.0341918294849023
"1982","101402","Action_45","Morph_100","KU","Giveme","Reach","Reach.1","Sonso",0.336472236621213,0.0408525754884547,0.0801509769094138
"1983","101402","Action_63","Morph_138","KU","Giveme","Touch","Touch.7","Sonso",0.693147180559945,0.0044404973357016,0.0341918294849023
"1984","102426","Action_38","Morph_75","KU","Groom","Present","Present.1","Sonso",1.15057202759882,0.0170959147424512,0.0492895204262877
"1985","100285a","Action_13","Morph_28","KU","Moveaway","Fling","Fling.2","Sonso",-1.13943428318836,0.00488454706927176,0.0117673179396092
"1986","100285a","Action_13","Morph_28","KU","Moveaway","Fling","Fling.2","Sonso",-1.02165124753198,0.00488454706927176,0.0117673179396092
"1987","101579b","Action_39","Morph_82","KU","Sexualattention","Presentgenitalsbackwards","PresentGenitals.1","Sonso",0.770108221696074,0.0295293072824156,0.033303730017762
"1988","100679","Action_34","Morph_65","KW","Attendme","Objectshake","ObjectShake.1","Sonso",0.985816794522765,0.0746003552397869,0.108792184724689
"1989","100679","Action_17","Morph_39","KW","Attendme","Hitobject","HitObject.1","Sonso",0,0.0430728241563055,0.0559502664298401
"1990","100678","Action_21","Morph_44","KW","Attendme","Hittingobject","HitObject.6","Sonso",1.40609698841607,0.00155417406749556,0.00799289520426288
"1991","102308","Action_42","Morph_91","KW","Moveclose","Push","Push.4","Sonso",0.609765571620894,0.00932504440497336,0.0466252220248668
"1992","100339","Action_42","Morph_92","KW","Takeobjectnurse","Push","Push.5","Sonso",0.392042087776024,0.0066607460035524,0.0466252220248668
"1993","101206","Action_42","Morph_92","KW","Climbonme","Push","Push.5","Sonso",0.364643113587909,0.0066607460035524,0.0466252220248668
"1994","102345","Action_45","Morph_100","KW","Climbonme","Reach","Reach.1","Sonso",0.770108221696074,0.0408525754884547,0.0801509769094138
"1995","102168","Action_3","Morph_16","KW","Play","Bite","Bite.8","Sonso",2.36837283353205,0.00288632326820604,0.0168738898756661
"1996","102168","Action_15","Morph_36","KW","Play","Grabhold","GrabHold.2","Sonso",3.51927666972776,0.005550621669627,0.0204262877442274
"1997","101495","Action_42","Morph_88","KW","Climbonme","Push","Push.1","Sonso",1.25846098961001,0.0106571936056838,0.0466252220248668
"1998","100333","Action_38","Morph_75","KW","Climbonme","Present","Present.1","Sonso",0.336472236621213,0.0170959147424512,0.0492895204262877
"1999","100141","Action_45","Morph_100","KW","Climbonme","Reach","Reach.1","Sonso",-0.27443684570176,0.0408525754884547,0.0801509769094138
"2000","100029","Action_38","Morph_75","KW","Climbonme","Present","Present.1","Sonso",1.1999647829284,0.0170959147424512,0.0492895204262877
"2001","102170","Action_64","Morph_136","KW","Playcontinue","Touchlongother","Touch.5","Sonso",2.17475172148416,0.00421847246891652,0.0175399644760213
"2002","100780","Action_42","Morph_92","KW","Moveclose","Push","Push.5","Sonso",0.336472236621213,0.0066607460035524,0.0466252220248668
"2003","100109a","Action_41","Morph_86","KW","Climbonme","Pull","Pull.3","Sonso",1.04380405217311,0.00510657193605684,0.0253108348134991
"2004","100149","Action_42","Morph_93","KW","Followme","Push","Push.6","Sonso",-0.44628710262842,0.0066607460035524,0.0466252220248668
"2005","101633","Action_63","Morph_139","KW","Play","Touch","Touch.8","Sonso",0.470003629245736,0.00577264653641208,0.0341918294849023
"2006","101023","Action_15","Morph_36","KW","Stopbehaviour","Grabhold","GrabHold.2","Sonso",2.278292400425,0.005550621669627,0.0204262877442274
"2007","101167","Action_38","Morph_75","KW","Climbonme","Present","Present.1","Sonso",1.01523067972906,0.0170959147424512,0.0492895204262877
"2008","100689","Action_63","Morph_136","KW","Stopbehaviour","Touch","Touch.5","Sonso",0.693147180559945,0.00421847246891652,0.0341918294849023
"2009","100788","Action_38","Morph_75","KW","Directattention","Present","Present.1","Sonso",1.49065437644413,0.0170959147424512,0.0492895204262877
"2010","102072","Action_2","Morph_4","KW","Directattention","Bigloudscratch","BigLoudScratch.2","Sonso",-0.27443684570176,0.019316163410302,0.0577264653641208
"2011","102400","Action_45","Morph_100","KW","Affiliation","Reach","Reach.1","Sonso",0.307484699747961,0.0408525754884547,0.0801509769094138
"2012","100158","Action_2","Morph_4","KW","Groom","Bigloudscratch","BigLoudScratch.2","Sonso",0.712949807856125,0.019316163410302,0.0577264653641208
"2013","101237","Action_42","Morph_91","KW","Position","Push","Push.4","Sonso",0.336472236621213,0.00932504440497336,0.0466252220248668
"2014","100787b","Action_38","Morph_80","KW","Groom","Present","Present.6","Sonso",1.00063188030791,0.00155417406749556,0.0492895204262877
"2015","100834","Action_42","Morph_93","KW","Position","Push","Push.6","Sonso",0.113328685307003,0.0066607460035524,0.0466252220248668
"2016","102072","Action_38","Morph_76","KW","Directattention","Present","Present.2","Sonso",-0.27443684570176,0.0135435168738899,0.0492895204262877
"2017","100832","Action_38","Morph_79","KW","Groom","Present","Present.5","Sonso",0.924258901523332,0.00688277087033748,0.0492895204262877
"2018","100789","Action_64","Morph_132","KW","Play","Touchlongother","Touch.1","Sonso",0.65232518603969,0.0104351687388988,0.0175399644760213
"2019","100323","Action_39","Morph_82","KW","Sexualattention","Presentgenitalsbackwards","PresentGenitals.1","Sonso",0.587786664902119,0.0295293072824156,0.033303730017762
"2020","102250a","Action_2","Morph_4","KW","Travel","Bigloudscratch","BigLoudScratch.2","Sonso",2.54317555791198,0.019316163410302,0.0577264653641208
"2021","102250a","Action_2","Morph_3","KW","Travel","Bigloudscratch","BigLoudScratch.1","Sonso",1.56024766824333,0.0215364120781528,0.0577264653641208
"2022","102250a","Action_2","Morph_5","KW","Travel","Bigloudscratch","BigLoudScratch.3","Sonso",1.43508452528932,0.0119893428063943,0.0577264653641208
"2023","102335","Action_42","Morph_93","KW","Position","Push","Push.6","Sonso",-0.510825623765991,0.0066607460035524,0.0466252220248668
"2024","101932","Action_42","Morph_90","KW","Position","Push","Push.3","Sonso",0.470003629245736,0.00510657193605684,0.0466252220248668
"2025","102250a","Action_2","Morph_6","KW","Travel","Bigloudscratch","BigLoudScratch.4","Sonso",2.68102152871429,0.00421847246891652,0.0577264653641208
"2026","102307","Action_2","Morph_4","KW","Groom","Bigloudscratch","BigLoudScratch.2","Sonso",1.52605630349505,0.019316163410302,0.0577264653641208
"2027","100218b","Action_45","Morph_100","KW","Sexualattention","Reach","Reach.1","Sonso",0.609765571620894,0.0408525754884547,0.0801509769094138
"2028","100081","Action_39","Morph_82","KW","Sexualattention","Presentgenitalsbackwards","PresentGenitals.1","Sonso",0.631271776841858,0.0295293072824156,0.033303730017762
"2029","100320","Action_39","Morph_82","KW","Sexualattention","Presentgenitalsbackwards","PresentGenitals.1","Sonso",0.672944473242426,0.0295293072824156,0.033303730017762
"2030","100334b","Action_39","Morph_82","KW","Affiliation","Presentgenitalsbackwards","PresentGenitals.1","Sonso",0,0.0295293072824156,0.033303730017762
"2031","100840","Action_42","Morph_89","KW","Position","Push","Push.2","Sonso",0,0.00355239786856128,0.0466252220248668
"2032","100839","Action_42","Morph_89","KW","Position","Push","Push.2","Sonso",0.908258560176891,0.00355239786856128,0.0466252220248668
"2033","100337b","Action_39","Morph_82","KW","Stopbehaviour","Presentgenitalsbackwards","PresentGenitals.1","Sonso",0.182321556793955,0.0295293072824156,0.033303730017762
"2034","102344","Action_17","Morph_39","KW","Moveaway","Hitobject","HitObject.1","Sonso",-0.22314355131421,0.0430728241563055,0.0559502664298401
"2035","100132","Action_39","Morph_82","KW","Sociosexualattention","Presentgenitalsbackwards","PresentGenitals.1","Sonso",0.182321556793955,0.0295293072824156,0.033303730017762
"2036","100871","Action_42","Morph_93","KW","Position","Push","Push.6","Sonso",0.470003629245736,0.0066607460035524,0.0466252220248668
"2037","100870","Action_2","Morph_5","KW","Groom","Bigloudscratch","BigLoudScratch.3","Sonso",1.41585316336144,0.0119893428063943,0.0577264653641208
"2038","100989","Action_39","Morph_82","KW","Giveme","Presentgenitalsbackwards","PresentGenitals.1","Sonso",0.0769610411361284,0.0295293072824156,0.033303730017762
"2039","100989","Action_39","Morph_82","KW","Giveme","Presentgenitalsbackwards","PresentGenitals.1","Sonso",0.246860077931526,0.0295293072824156,0.033303730017762
"2040","100759","Action_20","Morph_50","KW","Stopbehaviour","Hitother","HitOther.6","Sonso",-0.579818495252942,0.00488454706927176,0.0404085257548845
"2041","100759","Action_20","Morph_50","KW","Stopbehaviour","Hitother","HitOther.6","Sonso",-0.127833371509885,0.00488454706927176,0.0404085257548845
"2042","101336","Action_20","Morph_45","KX","Play","Hitother","HitOther.1","Sonso",-0.44628710262842,0.0202042628774423,0.0404085257548845
"2043","101717","Action_15","Morph_37","KX","Play","Grabhold","GrabHold.3","Sonso",2.68102152871429,0.00532859680284192,0.0204262877442274
"2044","101336","Action_14","Morph_32","KX","Play","Grab","Grab.4","Sonso",0.65232518603969,0.00754884547069272,0.0353019538188277
"2045","101911","Action_17","Morph_41","KX","Play","Hitobject","HitObject.3","Sonso",-0.510825623765991,0.00510657193605684,0.0559502664298401
"2046","101911","Action_8","Morph_19","KX","Play","Dangle","Dangle.1","Sonso",0.693147180559945,0.0484014209591474,0.0484014209591474
"2047","101911","Action_32","Morph_60","KX","Play","Objectmouth","ObjectMouth.1","Sonso",1.41585316336144,0.00466252220248668,0.00466252220248668
"2048","101911","Action_60","Morph_127","KX","Play","Swing","Swing.1","Sonso",0.631271776841858,0.0428507992895204,0.0475133214920071
"2049","101221","Action_60","Morph_127","KX","Play","Swing","Swing.1","Sonso",0.494696241836107,0.0428507992895204,0.0475133214920071
"2050","101221","Action_9","Morph_20","KX","Play","Dangleshake","DangleShake.1","Sonso",2.45787797740008,0.00710479573712256,0.00710479573712256
"2051","101222","Action_8","Morph_19","KX","Play","Dangle","Dangle.1","Sonso",2.53686638871871,0.0484014209591474,0.0484014209591474
"2052","101221","Action_60","Morph_127","KX","Play","Swing","Swing.1","Sonso",0.732367893713227,0.0428507992895204,0.0475133214920071
"2053","100778a","Action_15","Morph_35","KX","Play","Grabhold","GrabHold.1","Sonso",2.089391872533,0.00932504440497336,0.0204262877442274
"2054","101221","Action_50","Morph_108","KX","Play","Shake","Shake.2","Sonso",0.182321556793955,0.00466252220248668,0.0122113676731794
"2055","101221","Action_45","Morph_100","KX","Play","Reach","Reach.1","Sonso",0.494696241836107,0.0408525754884547,0.0801509769094138
"2056","101221","Action_60","Morph_127","KX","Play","Swing","Swing.1","Sonso",0.494696241836107,0.0428507992895204,0.0475133214920071
"2057","101498","Action_58","Morph_NA","KX","Play","Stompother",NA,"Sonso",-0.328504066972036,0.0159857904085258,0.00377442273534636
"2058","101901","Action_34","Morph_65","KX","Playcontinue","Objectshake","ObjectShake.1","Sonso",0.78845736036427,0.0746003552397869,0.108792184724689
"2059","101497a","Action_23","Morph_48","KX","Play","Hittingother","HitOther.4","Sonso",-0.22314355131421,0.00732682060390764,0.0157637655417407
"2060","101901","Action_57","Morph_115","KX","Playcontinue","Stompobject","StompObject.1","Sonso",0.113328685307003,0.0337477797513321,0.0424067495559503
"2061","101901","Action_20","Morph_45","KX","Playcontinue","Hitother","HitOther.1","Sonso",0.27763173659828,0.0202042628774423,0.0404085257548845
"2062","101497a","Action_42","Morph_95","KX","Play","Push","Push.8","Sonso",0.732367893713227,0.00133214920071048,0.0466252220248668
"2063","101083","Action_14","Morph_34","KX","Play","Grab","Grab.6","Sonso",0.56531380905006,0.00355239786856128,0.0353019538188277
"2064","101083","Action_32","Morph_60","KX","Play","Objectmouth","ObjectMouth.1","Sonso",1.23547147138531,0.00466252220248668,0.00466252220248668
"2065","101338","Action_55","Morph_121","KX","Playcontinue","Stompingobject","StompObject.7","Sonso",0.955511445027436,0.00066607460035524,0.0230905861456483
"2066","101219","Action_64","Morph_140","KX","Giveme","Touchlongother","Touch.9","Sonso",1.33500106673234,0.00399644760213144,0.0175399644760213
"2067","101337","Action_63","Morph_139","KX","Play","Touch","Touch.8","Sonso",-0.44628710262842,0.00577264653641208,0.0341918294849023
"2068","101497a","Action_23","Morph_48","KX","Play","Hittingother","HitOther.4","Sonso",-0.127833371509885,0.00732682060390764,0.0157637655417407
"2069","101498","Action_42","Morph_95","KX","Play","Push","Push.8","Sonso",1.33500106673234,0.00133214920071048,0.0466252220248668
"2070","101337","Action_14","Morph_33","KX","Play","Grab","Grab.5","Sonso",0.307484699747961,0.0033303730017762,0.0353019538188277
"2071","101498","Action_20","Morph_45","KX","Play","Hitother","HitOther.1","Sonso",-0.174353387144778,0.0202042628774423,0.0404085257548845
"2072","101498","Action_8","Morph_19","KX","Play","Dangle","Dangle.1","Sonso",1.34547236659964,0.0484014209591474,0.0484014209591474
"2073","101606","Action_34","Morph_67","KX","Play","Objectshake","ObjectShake.3","Sonso",0.113328685307003,0.0022202486678508,0.108792184724689
"2074","101813a","Action_20","Morph_49","KX","Play","Hitother","HitOther.5","Sonso",-0.82098055206983,0.00599467140319716,0.0404085257548845
"2075","101813a","Action_20","Morph_49","KX","Play","Hitother","HitOther.5","Sonso",-0.7339691750802,0.00599467140319716,0.0404085257548845
"2076","101555","Action_56","Morph_123","KX","Play","Stompingother","StompOther.2","Sonso",1.65632149833295,0.00244227353463588,0.00266429840142096
"2077","101555","Action_23","Morph_47","KX","Play","Hittingother","HitOther.3","Sonso",0.307484699747961,0.00843694493783304,0.0157637655417407
"2078","100203p2","Action_2","Morph_3","KY","Travel","Bigloudscratch","BigLoudScratch.1","Sonso",1.23547147138531,0.0215364120781528,0.0577264653641208
"2079","100203p2","Action_2","Morph_4","KY","Travel","Bigloudscratch","BigLoudScratch.2","Sonso",1.46325540225602,0.019316163410302,0.0577264653641208
"2080","100203p1","Action_2","Morph_4","KY","Travel","Bigloudscratch","BigLoudScratch.2","Sonso",0.89199803930511,0.019316163410302,0.0577264653641208
"2081","100203p2","Action_2","Morph_4","KY","Travel","Bigloudscratch","BigLoudScratch.2","Sonso",1.46325540225602,0.019316163410302,0.0577264653641208
"2082","100203p2","Action_2","Morph_3","KY","Travel","Bigloudscratch","BigLoudScratch.1","Sonso",0.955511445027436,0.0215364120781528,0.0577264653641208
"2083","101497b","Action_14","Morph_32","KY","Stopbehaviour","Grab","Grab.4","Sonso",0.27763173659828,0.00754884547069272,0.0353019538188277
"2084","100203p2","Action_2","Morph_4","KY","Travel","Bigloudscratch","BigLoudScratch.2","Sonso",0.418710334858185,0.019316163410302,0.0577264653641208
"2085","100203p2","Action_2","Morph_3","KY","Travel","Bigloudscratch","BigLoudScratch.1","Sonso",0.732367893713227,0.0215364120781528,0.0577264653641208
"2086","100203p2","Action_2","Morph_3","KY","Travel","Bigloudscratch","BigLoudScratch.1","Sonso",1.85629799036563,0.0215364120781528,0.0577264653641208
"2087","100222a","Action_57","Morph_115","KY","Staysame","Stompobject","StompObject.1","Sonso",-0.7339691750802,0.0337477797513321,0.0424067495559503
"2088","100222a","Action_45","Morph_100","KY","Staysame","Reach","Reach.1","Sonso",0.113328685307003,0.0408525754884547,0.0801509769094138
"2089","100388","Action_41","Morph_85","KY","Playcontinue","Pull","Pull.2","Sonso",1.00063188030791,0.00643872113676732,0.0253108348134991
"2090","100892","Action_34","Morph_65","KZ","Sexualattention","Objectshake","ObjectShake.1","Sonso",0.770108221696074,0.0746003552397869,0.108792184724689
"2091","100892","Action_17","Morph_39","KZ","Sexualattention","Hitobject","HitObject.1","Sonso",-0.653926467406664,0.0430728241563055,0.0559502664298401
"2092","101349","Action_18","Morph_40","KZ","Sexualattention","Hitobjectobject","HitObject.2","Sonso",0.246860077931526,0.0119893428063943,0.00466252220248668
"2093","100892","Action_57","Morph_119","KZ","Sexualattention","Stompobject","StompObject.5","Sonso",-0.22314355131421,0.00155417406749556,0.0424067495559503
"2094","101349","Action_33","Morph_61","KZ","Sexualattention","Objectmove","ObjectMove.1","Sonso",-0.22314355131421,0.0317495559502664,0.0406305506216696
"2095","101349","Action_17","Morph_40","KZ","Sexualattention","Hitobject","HitObject.2","Sonso",0.246860077931526,0.0119893428063943,0.0559502664298401
"2096","100892","Action_34","Morph_66","KZ","Sexualattention","Objectshake","ObjectShake.2","Sonso",0.908258560176891,0.0237566607460036,0.108792184724689
"2097","100892","Action_17","Morph_39","KZ","Sexualattention","Hitobject","HitObject.1","Sonso",-0.82098055206983,0.0430728241563055,0.0559502664298401
"2098","100875a","Action_38","Morph_79","KZ","Sociosexualattention","Present","Present.5","Sonso",0.631271776841858,0.00688277087033748,0.0492895204262877
"2099","101755b","Action_34","Morph_65","KZ","Moveaway","Objectshake","ObjectShake.1","Sonso",0.0392207131532813,0.0746003552397869,0.108792184724689
"2100","102152","Action_42","Morph_92","KZ","Position","Push","Push.5","Sonso",0.494696241836107,0.0066607460035524,0.0466252220248668
"2101","101636","Action_8","Morph_19","KZ","Playcontinue","Dangle","Dangle.1","Sonso",1.22377543162212,0.0484014209591474,0.0484014209591474
"2102","101630","Action_3","Morph_11","KZ","Play","Bite","Bite.3","Sonso",0.0769610411361284,0.00310834813499112,0.0168738898756661
"2103","101632","Action_64","Morph_139","KZ","Play","Touchlongother","Touch.8","Sonso",1.39624469197306,0.00577264653641208,0.0175399644760213
"2104","101632","Action_16","Morph_38","KZ","Play","Headstand","HeadStand.1","Sonso",1.12492959698548,0.0066607460035524,0.0066607460035524
"2105","101636","Action_20","Morph_45","KZ","Playcontinue","Hitother","HitOther.1","Sonso",-0.44628710262842,0.0202042628774423,0.0404085257548845
"2106","100961b","Action_14","Morph_33","KZ","Play","Grab","Grab.5","Sonso",-0.083381608939051,0.0033303730017762,0.0353019538188277
"2107","100961b","Action_20","Morph_45","KZ","Play","Hitother","HitOther.1","Sonso",-0.7339691750802,0.0202042628774423,0.0404085257548845
"2108","101504","Action_15","Morph_36","KZ","Play","Grabhold","GrabHold.2","Sonso",1.56024766824333,0.005550621669627,0.0204262877442274
"2109","100317","Action_47","Morph_103","KZ","Sexualattention","Rockingsit","Rocking.1","Sonso",1.73695123273306,0.00377442273534636,0.00377442273534636
"2110","101504","Action_14","Morph_30","KZ","Play","Grab","Grab.2","Sonso",1.07158361628019,0.00799289520426288,0.0353019538188277
"2111","100307","Action_47","Morph_103","KZ","Sexualattention","Rockingsit","Rocking.1","Sonso",1.02961941718116,0.00377442273534636,0.00377442273534636
"2112","100707","Action_23","Morph_47","KZ","Affiliation","Hittingother","HitOther.3","Sonso",2.41591377830105,0.00843694493783304,0.0157637655417407
"2113","100833","Action_23","Morph_47","KZ","Play","Hittingother","HitOther.3","Sonso",0.924258901523332,0.00843694493783304,0.0157637655417407
"2114","101279","Action_63","Morph_135","KZ","Stopbehaviour","Touch","Touch.4","Sonso",0.985816794522765,0.00488454706927176,0.0341918294849023
"2115","101681","Action_42","Morph_91","KZ","Play","Push","Push.4","Sonso",-0.510825623765991,0.00932504440497336,0.0466252220248668
"2116","101681","Action_17","Morph_39","KZ","Play","Hitobject","HitObject.1","Sonso",-0.44628710262842,0.0430728241563055,0.0559502664298401
"2117","101213p1","Action_45","Morph_100","KZ","Play","Reach","Reach.1","Sonso",2.28645571106416,0.0408525754884547,0.0801509769094138
"2118","100136","Action_17","Morph_39","KZ","Moveaway","Hitobject","HitObject.1","Sonso",-0.127833371509885,0.0430728241563055,0.0559502664298401
"2119","100278b","Action_17","Morph_40","KZ","Play","Hitobject","HitObject.2","Sonso",0.215111379616945,0.0119893428063943,0.0559502664298401
"2120","100135","Action_17","Morph_39","KZ","Play","Hitobject","HitObject.1","Sonso",-1.13943428318836,0.0430728241563055,0.0559502664298401
"2121","101028","Action_63","Morph_137","KZ","Stopbehaviour","Touch","Touch.6","Sonso",0.418710334858185,0.00488454706927176,0.0341918294849023
"2122","100277","Action_17","Morph_39","KZ","Play","Hitobject","HitObject.1","Sonso",-0.44628710262842,0.0430728241563055,0.0559502664298401
"2123","100278b","Action_29","Morph_58","KZ","Play","Locomotegallop","LocomoteGallop.1","Sonso",1.00063188030791,0.00821492007104796,0.00821492007104796
"2124","100278b","Action_33","Morph_61","KZ","Play","Objectmove","ObjectMove.1","Sonso",0.470003629245736,0.0317495559502664,0.0406305506216696
"2125","100135","Action_60","Morph_127","KZ","Play","Swing","Swing.1","Sonso",-0.22314355131421,0.0428507992895204,0.0475133214920071
"2126","100277","Action_20","Morph_45","KZ","Play","Hitother","HitOther.1","Sonso",-0.127833371509885,0.0202042628774423,0.0404085257548845
"2127","101028","Action_63","Morph_137","KZ","Stopbehaviour","Touch","Touch.6","Sonso",1.60140574073684,0.00488454706927176,0.0341918294849023
"2128","101774","Action_41","Morph_86","KZ","Play","Pull","Pull.3","Sonso",0.940007258491471,0.00510657193605684,0.0253108348134991
"2129","101624","Action_17","Morph_39","KZ","Stopbehaviour","Hitobject","HitObject.1","Sonso",-0.174353387144778,0.0430728241563055,0.0559502664298401
"2130","101619","Action_15","Morph_35","KZ","Giveme","Grabhold","GrabHold.1","Sonso",1.85002837735203,0.00932504440497336,0.0204262877442274
"2131","102250b","Action_2","Morph_6","KZ","Travel","Bigloudscratch","BigLoudScratch.4","Sonso",0.806475865866949,0.00421847246891652,0.0577264653641208
"2132","101930","Action_38","Morph_77","KZ","Groom","Present","Present.3","Sonso",3.69386699562498,0.00466252220248668,0.0492895204262877
"2133","101619","Action_45","Morph_101","KZ","Giveme","Reach","Reach.2","Sonso",0.113328685307003,0.0370781527531083,0.0801509769094138
"2134","101619","Action_15","Morph_35","KZ","Giveme","Grabhold","GrabHold.1","Sonso",2.13771044980381,0.00932504440497336,0.0204262877442274
"2135","101620","Action_45","Morph_101","KZ","Giveme","Reach","Reach.2","Sonso",1.89911798754855,0.0370781527531083,0.0801509769094138
"2136","101619","Action_45","Morph_101","KZ","Giveme","Reach","Reach.2","Sonso",1.71559810826249,0.0370781527531083,0.0801509769094138
"2137","101619","Action_45","Morph_101","KZ","Giveme","Reach","Reach.2","Sonso",0.712949807856125,0.0370781527531083,0.0801509769094138
"2138","100986a","Action_45","Morph_100","KZ","Giveme","Reach","Reach.1","Sonso",1.44456326924387,0.0408525754884547,0.0801509769094138
"2139","100983","Action_34","Morph_66","KZ","Giveme","Objectshake","ObjectShake.2","Sonso",1.48160454092422,0.0237566607460036,0.108792184724689
"2140","100987","Action_45","Morph_100","KZ","Giveme","Reach","Reach.1","Sonso",2.75493378700106,0.0408525754884547,0.0801509769094138
"2141","100986a","Action_45","Morph_100","KZ","Giveme","Reach","Reach.1","Sonso",1.43508452528932,0.0408525754884547,0.0801509769094138
"2142","101216","Action_39","Morph_83","KZ","Sociosexualattention","Presentgenitalsbackwards","PresentGenitals.2","Sonso",0.65232518603969,0.00577264653641208,0.033303730017762
"2143","102411","Action_34","Morph_65","KZ","Sexualattention","Objectshake","ObjectShake.1","Sonso",0.970778917158225,0.0746003552397869,0.108792184724689
"2144","102411","Action_34","Morph_65","KZ","Sexualattention","Objectshake","ObjectShake.1","Sonso",-0.44628710262842,0.0746003552397869,0.108792184724689
"2145","100240","Action_11","Morph_NA","KZ","Affiliation","Embrace",NA,"Sonso",1.22377543162212,0.0159857904085258,0.005550621669627
"2146","100240","Action_3","Morph_12","KZ","Affiliation","Bite","Bite.4","Sonso",0.924258901523332,0.00177619893428064,0.0168738898756661
"2147","100137","Action_39","Morph_82","KZ","Stopbehaviour","Presentgenitalsbackwards","PresentGenitals.1","Sonso",1.37624402526639,0.0295293072824156,0.033303730017762
"2148","100300","Action_33","Morph_61","KZ","Staysame","Objectmove","ObjectMove.1","Sonso",0.0392207131532813,0.0317495559502664,0.0406305506216696
"2149","100137","Action_63","Morph_135","KZ","Stopbehaviour","Touch","Touch.4","Sonso",0.78845736036427,0.00488454706927176,0.0341918294849023
"2150","101056","Action_20","Morph_46","KZ","Play","Hitother","HitOther.2","Sonso",-0.510825623765991,0.00932504440497336,0.0404085257548845
"2151","101230","Action_34","Morph_65","KZ","Play","Objectshake","ObjectShake.1","Sonso",-0.0408219945202552,0.0746003552397869,0.108792184724689
"2152","101230","Action_15","Morph_37","KZ","Play","Grabhold","GrabHold.3","Sonso",1.00063188030791,0.00532859680284192,0.0204262877442274
"2153","101230","Action_33","Morph_61","KZ","Play","Objectmove","ObjectMove.1","Sonso",0.246860077931526,0.0317495559502664,0.0406305506216696
"2154","101197a","Action_15","Morph_36","KZ","Play","Grabhold","GrabHold.2","Sonso",1.33500106673234,0.005550621669627,0.0204262877442274
"2155","101197a","Action_63","Morph_134","KZ","Play","Touch","Touch.3","Sonso",0.364643113587909,0.00488454706927176,0.0341918294849023
"2156","101197a","Action_63","Morph_134","KZ","Play","Touch","Touch.3","Sonso",0.609765571620894,0.00488454706927176,0.0341918294849023
"2157","102158","Action_27","Morph_54","KZ","Sexualattention","Leafclip","LeafClip.1","Sonso",1.67896397508271,0.0044404973357016,0.00599467140319716
"2158","101002","Action_50","Morph_108","KZ","Play","Shake","Shake.2","Sonso",-0.174353387144778,0.00466252220248668,0.0122113676731794
"2159","102158","Action_27","Morph_NA","KZ","Sexualattention","Leafclip",NA,"Sonso",1.89311196348834,0.0159857904085258,0.00599467140319716
"2160","101002","Action_50","Morph_110","KZ","Play","Shake","Shake.4","Sonso",-0.127833371509885,0.00399644760213144,0.0122113676731794
"2161","101658","Action_57","Morph_115","KZ","Play","Stompobject","StompObject.1","Sonso",-0.653926467406664,0.0337477797513321,0.0424067495559503
"2162","101658","Action_17","Morph_39","KZ","Play","Hitobject","HitObject.1","Sonso",-0.44628710262842,0.0430728241563055,0.0559502664298401
"2163","101658","Action_17","Morph_40","KZ","Play","Hitobject","HitObject.2","Sonso",-0.328504066972036,0.0119893428063943,0.0559502664298401
"2164","101658","Action_21","Morph_42","KZ","Play","Hittingobject","HitObject.4","Sonso",0,0.00599467140319716,0.00799289520426288
"2165","101658","Action_17","Morph_40","KZ","Play","Hitobject","HitObject.2","Sonso",-0.510825623765991,0.0119893428063943,0.0559502664298401
"2166","101776","Action_55","Morph_117","KZ","Moveaway","Stompingobject","StompObject.3","Sonso",0.542324290825362,0.00688277087033748,0.0230905861456483
"2167","101776","Action_17","Morph_39","KZ","Moveaway","Hitobject","HitObject.1","Sonso",-1.13943428318836,0.0430728241563055,0.0559502664298401
"2168","101853","Action_63","Morph_132","KZ","Staysame","Touch","Touch.1","Sonso",-0.916290731874155,0.0104351687388988,0.0341918294849023
"2169","101271","Action_42","Morph_93","KZ","Position","Push","Push.6","Sonso",0,0.0066607460035524,0.0466252220248668
"2170","100232","Action_13","Morph_27","KZ","Moveaway","Fling","Fling.1","Sonso",-0.44628710262842,0.00688277087033748,0.0117673179396092
"2171","101492","Action_14","Morph_30","KZ","Play","Grab","Grab.2","Sonso",-0.27443684570176,0.00799289520426288,0.0353019538188277
"2172","100233a","Action_63","Morph_133","KZ","Affiliation","Touch","Touch.2","Sonso",-0.579818495252942,0.00754884547069272,0.0341918294849023
"2173","100079","Action_23","Morph_47","KZ","Affiliation","Hittingother","HitOther.3","Sonso",0.858661619037519,0.00843694493783304,0.0157637655417407
"2174","100097","Action_63","Morph_135","KZ","Sociosexualattention","Touch","Touch.4","Sonso",0.703592438421484,0.00488454706927176,0.0341918294849023
"2175","100234b","Action_3","Morph_9","KZ","Affiliation","Bite","Bite.1","Sonso",1.880990602956,0.0044404973357016,0.0168738898756661
"2176","101123","Action_23","Morph_47","KZ","Sociosexualattention","Hittingother","HitOther.3","Sonso",1.01523067972906,0.00843694493783304,0.0157637655417407
"2177","102360b","Action_20","Morph_45","KZ","Playcontinue","Hitother","HitOther.1","Sonso",-0.579818495252942,0.0202042628774423,0.0404085257548845
"2178","102360b","Action_37","Morph_74","KZ","Playcontinue","Poke","Poke.1","Sonso",-1.13943428318836,0.00266429840142096,0.00266429840142096
"2179","102360b","Action_37","Morph_74","KZ","Playcontinue","Poke","Poke.1","Sonso",-0.385662480811985,0.00266429840142096,0.00266429840142096
"2180","100632","Action_39","Morph_82","LL","Affiliation","Presentgenitalsbackwards","PresentGenitals.1","Sonso",0.693147180559945,0.0295293072824156,0.033303730017762
"2181","100628b","Action_49","Morph_105","LL","Sexualattention","Rub","Rub.1","Sonso",1.1999647829284,0.0044404973357016,0.0066607460035524
"2182","100636a","Action_39","Morph_82","LL","Sociosexualattention","Presentgenitalsbackwards","PresentGenitals.1","Sonso",0.770108221696074,0.0295293072824156,0.033303730017762
"2183","100627","Action_39","Morph_82","LL","Sexualattention","Presentgenitalsbackwards","PresentGenitals.1","Sonso",0.693147180559945,0.0295293072824156,0.033303730017762
"2184","100641b","Action_39","Morph_82","LL","Sexualattention","Presentgenitalsbackwards","PresentGenitals.1","Sonso",1.1999647829284,0.0295293072824156,0.033303730017762
"2185","100639a","Action_39","Morph_82","LL","Sexualattention","Presentgenitalsbackwards","PresentGenitals.1","Sonso",0.8754687373539,0.0295293072824156,0.033303730017762
"2186","100649a","Action_39","Morph_82","LL","Sociosexualattention","Presentgenitalsbackwards","PresentGenitals.1","Sonso",0.56531380905006,0.0295293072824156,0.033303730017762
"2187","100653b","Action_45","Morph_100","LL","Affiliation","Reach","Reach.1","Sonso",1.42551507427317,0.0408525754884547,0.0801509769094138
"2188","100653b","Action_64","Morph_134","LL","Affiliation","Touchlongother","Touch.3","Sonso",2.30657711426358,0.00488454706927176,0.0175399644760213
"2189","100638","Action_39","Morph_82","LL","Sociosexualattention","Presentgenitalsbackwards","PresentGenitals.1","Sonso",1.00063188030791,0.0295293072824156,0.033303730017762
"2190","100652a","Action_39","Morph_82","LL","Sociosexualattention","Presentgenitalsbackwards","PresentGenitals.1","Sonso",-0.22314355131421,0.0295293072824156,0.033303730017762
"2191","100699","Action_38","Morph_75","LL","Groom","Present","Present.1","Sonso",0.215111379616945,0.0170959147424512,0.0492895204262877
"2192","100700","Action_38","Morph_75","LL","Groom","Present","Present.1","Sonso",3.21567069391925,0.0170959147424512,0.0492895204262877
"2193","102372","Action_45","Morph_100","LL","Giveme","Reach","Reach.1","Sonso",1.11185751541813,0.0408525754884547,0.0801509769094138
"2194","102372","Action_20","Morph_50","LL","Giveme","Hitother","HitOther.6","Sonso",-0.82098055206983,0.00488454706927176,0.0404085257548845
"2195","100777","Action_39","Morph_82","LL","Groom","Presentgenitalsbackwards","PresentGenitals.1","Sonso",1.39624469197306,0.0295293072824156,0.033303730017762
"2196","100797b","Action_39","Morph_82","LL","Sexualattention","Presentgenitalsbackwards","PresentGenitals.1","Sonso",0.56531380905006,0.0295293072824156,0.033303730017762
"2197","100719b","Action_2","Morph_6","MA","Groom","Bigloudscratch","BigLoudScratch.4","Sonso",1.63315443905142,0.00421847246891652,0.0577264653641208
"2198","100717","Action_38","Morph_76","MA","Groom","Present","Present.2","Sonso",0.56531380905006,0.0135435168738899,0.0492895204262877
"2199","100718","Action_38","Morph_79","MA","Groom","Present","Present.5","Sonso",0.631271776841858,0.00688277087033748,0.0492895204262877
"2200","100465","Action_2","Morph_3","MA","Directattention","Bigloudscratch","BigLoudScratch.1","Sonso",0.27763173659828,0.0215364120781528,0.0577264653641208
"2201","100091a","Action_58","Morph_122","MB","Play","Stompother","StompOther.1","Sonso",-0.510825623765991,0.00244227353463588,0.00377442273534636
"2202","100091a","Action_20","Morph_49","MB","Play","Hitother","HitOther.5","Sonso",-0.328504066972036,0.00599467140319716,0.0404085257548845
"2203","100091a","Action_58","Morph_122","MB","Play","Stompother","StompOther.1","Sonso",-0.328504066972036,0.00244227353463588,0.00377442273534636
"2204","100221","Action_57","Morph_119","MB","Play","Stompobject","StompObject.5","Sonso",0.246860077931526,0.00155417406749556,0.0424067495559503
"2205","100218a","Action_43","Morph_96","MB","Sexualattention","Raise","Raise.1","Sonso",-0.579818495252942,0.00865896980461812,0.0113232682060391
"2206","102428","Action_45","Morph_100","MI","Play","Reach","Reach.1","Sonso",1.79840401194672,0.0408525754884547,0.0801509769094138
"2207","101845","Action_45","Morph_100","MI","Play","Reach","Reach.1","Sonso",0.587786664902119,0.0408525754884547,0.0801509769094138
"2208","100496","Action_14","Morph_29","MI","Affiliation","Grab","Grab.1","Sonso",0.5675839575846,0.00821492007104796,0.0353019538188277
"2209","100496","Action_15","Morph_35","MI","Affiliation","Grabhold","GrabHold.1","Sonso",1.7718968401318,0.00932504440497336,0.0204262877442274
"2210","100845","Action_15","Morph_35","MI","Attendme","Grabhold","GrabHold.1","Sonso",2.006870848845,0.00932504440497336,0.0204262877442274
"2211","100224","Action_17","Morph_39","MI","Playcontinue","Hitobject","HitObject.1","Sonso",-0.44628710262842,0.0430728241563055,0.0559502664298401
"2212","100537","Action_38","Morph_75","MK","Directattention","Present","Present.1","Sonso",1.22377543162212,0.0170959147424512,0.0492895204262877
"2213","102425","Action_45","Morph_100","MK","Staysame","Reach","Reach.1","Sonso",0.0392207131532813,0.0408525754884547,0.0801509769094138
"2214","102425","Action_33","Morph_61","MK","Staysame","Objectmove","ObjectMove.1","Sonso",-0.653926467406664,0.0317495559502664,0.0406305506216696
"2215","100489","Action_60","Morph_127","MK","Moveaway","Swing","Swing.1","Sonso",-0.579818495252942,0.0428507992895204,0.0475133214920071
"2216","102029","Action_45","Morph_100","MK","Moveclose","Reach","Reach.1","Sonso",0.587786664902119,0.0408525754884547,0.0801509769094138
"2217","100490","Action_2","Morph_5","MK","Groom","Bigloudscratch","BigLoudScratch.3","Sonso",0.518793793415168,0.0119893428063943,0.0577264653641208
"2218","100704a","Action_2","Morph_3","MK","Groom","Bigloudscratch","BigLoudScratch.1","Sonso",1.12492959698548,0.0215364120781528,0.0577264653641208
"2219","101791","Action_38","Morph_75","MK","Groom","Present","Present.1","Sonso",1.40609698841607,0.0170959147424512,0.0492895204262877
"2220","102030","Action_2","Morph_4","MK","Groom","Bigloudscratch","BigLoudScratch.2","Sonso",1.07158361628019,0.019316163410302,0.0577264653641208
"2221","101909a","Action_2","Morph_4","MK","Groom","Bigloudscratch","BigLoudScratch.2","Sonso",1.21194097397511,0.019316163410302,0.0577264653641208
"2222","102030","Action_38","Morph_76","MK","Groom","Present","Present.2","Sonso",1.70110510095992,0.0135435168738899,0.0492895204262877
"2223","102015b","Action_38","Morph_76","MK","Groom","Present","Present.2","Sonso",2.09433015417359,0.0135435168738899,0.0492895204262877
"2224","102032","Action_38","Morph_76","MK","Groom","Present","Present.2","Sonso",1.48160454092422,0.0135435168738899,0.0492895204262877
"2225","102032","Action_2","Morph_3","MK","Groom","Bigloudscratch","BigLoudScratch.1","Sonso",1.04380405217311,0.0215364120781528,0.0577264653641208
"2226","102015b","Action_38","Morph_76","MK","Groom","Present","Present.2","Sonso",1.35583515363518,0.0135435168738899,0.0492895204262877
"2227","100991b","Action_13","Morph_27","MK","Moveaway","Fling","Fling.1","Sonso",-1.13943428318836,0.00688277087033748,0.0117673179396092
"2228","100993","Action_45","Morph_100","MK","Giveme","Reach","Reach.1","Sonso",1.78758409781757,0.0408525754884547,0.0801509769094138
"2229","100992","Action_45","Morph_100","MK","Giveme","Reach","Reach.1","Sonso",1.77495235091167,0.0408525754884547,0.0801509769094138
"2230","100993","Action_45","Morph_100","MK","Giveme","Reach","Reach.1","Sonso",1.13943428318836,0.0408525754884547,0.0801509769094138
"2231","100992","Action_45","Morph_100","MK","Giveme","Reach","Reach.1","Sonso",0.585005021940242,0.0408525754884547,0.0801509769094138
"2232","100992","Action_45","Morph_101","MK","Giveme","Reach","Reach.2","Sonso",0.717839793150317,0.0370781527531083,0.0801509769094138
"2233","100990","Action_39","Morph_82","MK","Giveme","Presentgenitalsbackwards","PresentGenitals.1","Sonso",-0.510825623765991,0.0295293072824156,0.033303730017762
"2234","100992","Action_45","Morph_101","MK","Giveme","Reach","Reach.2","Sonso",2.6775909936175,0.0370781527531083,0.0801509769094138
"2235","100992","Action_45","Morph_100","MK","Giveme","Reach","Reach.1","Sonso",0.998791953385899,0.0408525754884547,0.0801509769094138
"2236","100756","Action_20","Morph_50","MK","Moveaway","Hitother","HitOther.6","Sonso",-0.328504066972036,0.00488454706927176,0.0404085257548845
"2237","100981","Action_39","Morph_82","ML","Giveme","Presentgenitalsbackwards","PresentGenitals.1","Sonso",0.148420005118273,0.0295293072824156,0.033303730017762
"2238","100981","Action_45","Morph_101","ML","Giveme","Reach","Reach.2","Sonso",1.07158361628019,0.0370781527531083,0.0801509769094138
"2239","100986b","Action_39","Morph_82","ML","Sexualattention","Presentgenitalsbackwards","PresentGenitals.1","Sonso",1.13783300182139,0.0295293072824156,0.033303730017762
"2240","101067","Action_41","Morph_86","ML","Climbonme","Pull","Pull.3","Sonso",0.182321556793955,0.00510657193605684,0.0253108348134991
"2241","100675","Action_8","Morph_19","MN","Play","Dangle","Dangle.1","Sonso",1.07158361628019,0.0484014209591474,0.0484014209591474
"2242","100675","Action_34","Morph_66","MN","Play","Objectshake","ObjectShake.2","Sonso",1.79175946922805,0.0237566607460036,0.108792184724689
"2243","100675","Action_9","Morph_20","MN","Play","Dangleshake","DangleShake.1","Sonso",1.34547236659964,0.00710479573712256,0.00710479573712256
"2244","101834","Action_38","Morph_75","MN","Groom","Present","Present.1","Sonso",1.80500469597808,0.0170959147424512,0.0492895204262877
"2245","100902","Action_45","Morph_100","MN","Givemenurse","Reach","Reach.1","Sonso",-0.27443684570176,0.0408525754884547,0.0801509769094138
"2246","100903","Action_63","Morph_132","MN","Givemenurse","Touch","Touch.1","Sonso",0.444685821261446,0.0104351687388988,0.0341918294849023
"2247","100899","Action_63","Morph_138","MN","Moveclose","Touch","Touch.7","Sonso",0.27763173659828,0.0044404973357016,0.0341918294849023
"2248","100902","Action_45","Morph_100","MN","Givemenurse","Reach","Reach.1","Sonso",0.0769610411361284,0.0408525754884547,0.0801509769094138
"2249","100902","Action_43","Morph_96","MN","Givemenurse","Raise","Raise.1","Sonso",0.494696241836107,0.00865896980461812,0.0113232682060391
"2250","100904","Action_43","Morph_96","MN","Givemenurse","Raise","Raise.1","Sonso",-0.229413164327805,0.00865896980461812,0.0113232682060391
"2251","100895","Action_63","Morph_140","MN","Giveme","Touch","Touch.9","Sonso",0.65232518603969,0.00399644760213144,0.0341918294849023
"2252","100903","Action_43","Morph_96","MN","Givemenurse","Raise","Raise.1","Sonso",-0.510825623765991,0.00865896980461812,0.0113232682060391
"2253","100902","Action_43","Morph_96","MN","Givemenurse","Raise","Raise.1","Sonso",0.182321556793955,0.00865896980461812,0.0113232682060391
"2254","100903","Action_60","Morph_127","MN","Givemenurse","Swing","Swing.1","Sonso",-0.174353387144778,0.0428507992895204,0.0475133214920071
"2255","100899","Action_43","Morph_98","MN","Moveclose","Raise","Raise.3","Sonso",0.215111379616945,0.00177619893428064,0.0113232682060391
"2256","100902","Action_45","Morph_100","MN","Givemenurse","Reach","Reach.1","Sonso",0.587786664902119,0.0408525754884547,0.0801509769094138
"2257","100905","Action_45","Morph_100","MN","Moveclose","Reach","Reach.1","Sonso",0,0.0408525754884547,0.0801509769094138
"2258","100903","Action_43","Morph_NA","MN","Givemenurse","Raise",NA,"Sonso",-0.385662480811985,0.0159857904085258,0.0113232682060391
"2259","100905","Action_45","Morph_100","MN","Moveclose","Reach","Reach.1","Sonso",0.470003629245736,0.0408525754884547,0.0801509769094138
"2260","100113","Action_17","Morph_39","MS","Sexualattention","Hitobject","HitObject.1","Sonso",-0.174353387144778,0.0430728241563055,0.0559502664298401
"2261","100113","Action_33","Morph_61","MS","Sexualattention","Objectmove","ObjectMove.1","Sonso",-0.510825623765991,0.0317495559502664,0.0406305506216696
"2262","100113","Action_34","Morph_65","MS","Sexualattention","Objectshake","ObjectShake.1","Sonso",1.47247205736094,0.0746003552397869,0.108792184724689
"2263","100610p2","Action_34","Morph_65","MS","Attendme","Objectshake","ObjectShake.1","Sonso",-0.22314355131421,0.0746003552397869,0.108792184724689
"2264","100611","Action_33","Morph_61","MS","Attendme","Objectmove","ObjectMove.1","Sonso",0.215111379616945,0.0317495559502664,0.0406305506216696
"2265","100610p2","Action_24","Morph_51","MS","Attendme","Jump","Jump.1","Sonso",-0.083381608939051,0.00732682060390764,0.00732682060390764
"2266","100611","Action_58","Morph_122","MS","Attendme","Stompother","StompOther.1","Sonso",-0.127833371509885,0.00244227353463588,0.00377442273534636
"2267","100610p2","Action_20","Morph_49","MS","Attendme","Hitother","HitOther.5","Sonso",-0.328504066972036,0.00599467140319716,0.0404085257548845
"2268","100610p2","Action_22","Morph_43","MS","Attendme","Hittingobjectobject","HitObject.5","Sonso",0.806475865866949,0.0044404973357016,0.00266429840142096
"2269","100610p2","Action_24","Morph_51","MS","Attendme","Jump","Jump.1","Sonso",-0.44628710262842,0.00732682060390764,0.00732682060390764
"2270","100611","Action_41","Morph_84","MS","Attendme","Pull","Pull.1","Sonso",-0.0408219945202552,0.00821492007104796,0.0253108348134991
"2271","102216a","Action_38","Morph_75","MS","Affiliation","Present","Present.1","Sonso",1.28093384546206,0.0170959147424512,0.0492895204262877
"2272","102229b","Action_38","Morph_75","MS","Directattention","Present","Present.1","Sonso",0.806475865866949,0.0170959147424512,0.0492895204262877
"2273","100702","Action_38","Morph_75","MS","Directattention","Present","Present.1","Sonso",2.25758772706331,0.0170959147424512,0.0492895204262877
"2274","100311ap1","Action_10","Morph_21","MS","Sexualattention","Drum","Drum.1","Sonso",-0.916290731874155,0.0033303730017762,0.0033303730017762
"2275","100311ap1","Action_33","Morph_61","MS","Sexualattention","Objectmove","ObjectMove.1","Sonso",0.470003629245736,0.0317495559502664,0.0406305506216696
"2276","100311ap1","Action_10","Morph_21","MS","Sexualattention","Drum","Drum.1","Sonso",0,0.0033303730017762,0.0033303730017762
"2277","100311ap2","Action_10","Morph_21","MS","Sexualattention","Drum","Drum.1","Sonso",0.444685821261446,0.0033303730017762,0.0033303730017762
"2278","100311ap1","Action_17","Morph_42","MS","Sexualattention","Hitobject","HitObject.4","Sonso",-1.02165124753198,0.00599467140319716,0.0559502664298401
"2279","100311ap2","Action_10","Morph_21","MS","Sexualattention","Drum","Drum.1","Sonso",0.27763173659828,0.0033303730017762,0.0033303730017762
"2280","100311ap2","Action_29","Morph_58","MS","Sexualattention","Locomotegallop","LocomoteGallop.1","Sonso",1.56861591791385,0.00821492007104796,0.00821492007104796
"2281","100311ap1","Action_17","Morph_42","MS","Sexualattention","Hitobject","HitObject.4","Sonso",-1.13943428318836,0.00599467140319716,0.0559502664298401
"2282","100311ap1","Action_33","Morph_61","MS","Sexualattention","Objectmove","ObjectMove.1","Sonso",0.182321556793955,0.0317495559502664,0.0406305506216696
"2283","100311ap1","Action_17","Morph_42","MS","Sexualattention","Hitobject","HitObject.4","Sonso",-1.13943428318836,0.00599467140319716,0.0559502664298401
"2284","100311ap1","Action_33","Morph_61","MS","Sexualattention","Objectmove","ObjectMove.1","Sonso",-0.7339691750802,0.0317495559502664,0.0406305506216696
"2285","100311ap1","Action_17","Morph_39","MS","Sexualattention","Hitobject","HitObject.1","Sonso",-1.02165124753198,0.0430728241563055,0.0559502664298401
"2286","100311ap2","Action_33","Morph_61","MS","Sexualattention","Objectmove","ObjectMove.1","Sonso",1.48160454092422,0.0317495559502664,0.0406305506216696
"2287","100311ap1","Action_33","Morph_61","MS","Sexualattention","Objectmove","ObjectMove.1","Sonso",-0.083381608939051,0.0317495559502664,0.0406305506216696
"2288","100311ap1","Action_33","Morph_61","MS","Sexualattention","Objectmove","ObjectMove.1","Sonso",0.494696241836107,0.0317495559502664,0.0406305506216696
"2289","101860b","Action_42","Morph_92","MS","Stopbehaviour","Push","Push.5","Sonso",0.908258560176891,0.0066607460035524,0.0466252220248668
"2290","101331","Action_57","Morph_115","MS","Stopbehaviour","Stompobject","StompObject.1","Sonso",-0.174353387144778,0.0337477797513321,0.0424067495559503
"2291","100491","Action_38","Morph_75","MS","Directattention","Present","Present.1","Sonso",1.26976054486394,0.0170959147424512,0.0492895204262877
"2292","100366","Action_33","Morph_61","MS","Staysame","Objectmove","ObjectMove.1","Sonso",0.924258901523332,0.0317495559502664,0.0406305506216696
"2293","100266b","Action_39","Morph_83","MS","Sociosexualattention","Presentgenitalsbackwards","PresentGenitals.2","Sonso",-0.22314355131421,0.00577264653641208,0.033303730017762
"2294","100304","Action_39","Morph_83","MS","Staysame","Presentgenitalsbackwards","PresentGenitals.2","Sonso",-0.127833371509885,0.00577264653641208,0.033303730017762
"2295","102147","Action_60","Morph_127","MS","Moveaway","Swing","Swing.1","Sonso",0.148420005118273,0.0428507992895204,0.0475133214920071
"2296","102147","Action_60","Morph_127","MS","Moveaway","Swing","Swing.1","Sonso",-0.127833371509885,0.0428507992895204,0.0475133214920071
"2297","100837","Action_27","Morph_55","MS","Sexualattention","Leafclip","LeafClip.2","Sonso",1.24703229378638,0.00133214920071048,0.00599467140319716
"2298","100837","Action_27","Morph_55","MS","Sexualattention","Leafclip","LeafClip.2","Sonso",1.33500106673234,0.00133214920071048,0.00599467140319716
"2299","101294","Action_63","Morph_139","MS","Playcontinue","Touch","Touch.8","Sonso",0.364643113587909,0.00577264653641208,0.0341918294849023
"2300","101294","Action_63","Morph_139","MS","Playcontinue","Touch","Touch.8","Sonso",0.113328685307003,0.00577264653641208,0.0341918294849023
"2301","100830","Action_38","Morph_79","MS","Directattention","Present","Present.5","Sonso",1.15057202759882,0.00688277087033748,0.0492895204262877
"2302","101738","Action_39","Morph_82","NB","Sexualattention","Presentgenitalsbackwards","PresentGenitals.1","Sonso",0.940007258491471,0.0295293072824156,0.033303730017762
"2303","101736","Action_39","Morph_82","NB","Sexualattention","Presentgenitalsbackwards","PresentGenitals.1","Sonso",0.65232518603969,0.0295293072824156,0.033303730017762
"2304","101735","Action_39","Morph_82","NB","Sexualattention","Presentgenitalsbackwards","PresentGenitals.1","Sonso",0.89199803930511,0.0295293072824156,0.033303730017762
"2305","100255","Action_64","Morph_135","NB","Sociosexualattention","Touchlongother","Touch.4","Sonso",1.63315443905142,0.00488454706927176,0.0175399644760213
"2306","101747","Action_39","Morph_82","NB","Sexualattention","Presentgenitalsbackwards","PresentGenitals.1","Sonso",0.215111379616945,0.0295293072824156,0.033303730017762
"2307","100348a","Action_39","Morph_82","NB","Affiliation","Presentgenitalsbackwards","PresentGenitals.1","Sonso",0.307484699747961,0.0295293072824156,0.033303730017762
"2308","100354","Action_63","Morph_134","NB","Affiliation","Touch","Touch.3","Sonso",0.494696241836107,0.00488454706927176,0.0341918294849023
"2309","101463","Action_42","Morph_90","NB","Position","Push","Push.3","Sonso",0,0.00510657193605684,0.0466252220248668
"2310","101463","Action_42","Morph_90","NB","Position","Push","Push.3","Sonso",0.364643113587909,0.00510657193605684,0.0466252220248668
"2311","100171","Action_49","Morph_106","NB","Affiliation","Rub","Rub.3","Sonso",1.50851199384414,0.00044404973357016,0.0066607460035524
"2312","100561","Action_39","Morph_82","NB","Sexualattention","Presentgenitalsbackwards","PresentGenitals.1","Sonso",0.751416088683921,0.0295293072824156,0.033303730017762
"2313","101729","Action_39","Morph_82","NB","Sexualattention","Presentgenitalsbackwards","PresentGenitals.1","Sonso",2.00148000021012,0.0295293072824156,0.033303730017762
"2314","101252","Action_11","Morph_22","NB","Affiliation","Embrace","Embrace.1","Sonso",1.41585316336144,0.00288632326820604,0.005550621669627
"2315","100874","Action_45","Morph_101","NB","Giveme","Reach","Reach.2","Sonso",0.609765571620894,0.0370781527531083,0.0801509769094138
"2316","101733","Action_39","Morph_82","NB","Staysame","Presentgenitalsbackwards","PresentGenitals.1","Sonso",0.609765571620894,0.0295293072824156,0.033303730017762
"2317","100032","Action_39","Morph_82","NB","Staysame","Presentgenitalsbackwards","PresentGenitals.1","Sonso",0.0392207131532813,0.0295293072824156,0.033303730017762
"2318","101734p2","Action_39","Morph_82","NB","Sexualattention","Presentgenitalsbackwards","PresentGenitals.1","Sonso",0.712949807856125,0.0295293072824156,0.033303730017762
"2319","100874","Action_45","Morph_101","NB","Giveme","Reach","Reach.2","Sonso",1.00063188030791,0.0370781527531083,0.0801509769094138
"2320","100662","Action_39","Morph_82","NB","Sexualattention","Presentgenitalsbackwards","PresentGenitals.1","Sonso",1.51732262352629,0.0295293072824156,0.033303730017762
"2321","102441","Action_39","Morph_82","NB","Sexualattention","Presentgenitalsbackwards","PresentGenitals.1","Sonso",1.51732262352629,0.0295293072824156,0.033303730017762
"2322","101326","Action_39","Morph_82","NB","Sexualattention","Presentgenitalsbackwards","PresentGenitals.1","Sonso",1.28093384546206,0.0295293072824156,0.033303730017762
"2323","101730","Action_39","Morph_82","NB","Sexualattention","Presentgenitalsbackwards","PresentGenitals.1","Sonso",3.27184770963431,0.0295293072824156,0.033303730017762
"2324","102106a","Action_11","Morph_23","NB","Affiliation","Embrace","Embrace.2","Sonso",1.98513086220859,0.00199822380106572,0.005550621669627
"2325","101854","Action_39","Morph_82","NB","Staysame","Presentgenitalsbackwards","PresentGenitals.1","Sonso",1.56861591791385,0.0295293072824156,0.033303730017762
"2326","100169","Action_11","Morph_24","NB","Groom","Embrace","Embrace.3","Sonso",1.36609165380237,0.00022202486678508,0.005550621669627
"2327","101264","Action_38","Morph_80","NB","Groom","Present","Present.6","Sonso",1.29198368164865,0.00155417406749556,0.0492895204262877
"2328","100796","Action_2","Morph_3","NB","Groom","Bigloudscratch","BigLoudScratch.1","Sonso",1.47247205736094,0.0215364120781528,0.0577264653641208
"2329","100951","Action_38","Morph_75","NB","Groom","Present","Present.1","Sonso",1.52605630349505,0.0170959147424512,0.0492895204262877
"2330","101263","Action_42","Morph_93","NB","Position","Push","Push.6","Sonso",-0.22314355131421,0.0066607460035524,0.0466252220248668
"2331","101250","Action_2","Morph_5","NB","Directattention","Bigloudscratch","BigLoudScratch.3","Sonso",0.693147180559945,0.0119893428063943,0.0577264653641208
"2332","101847","Action_20","Morph_45","NB","Stopbehaviour","Hitother","HitOther.1","Sonso",-0.328504066972036,0.0202042628774423,0.0404085257548845
"2333","100878a","Action_63","Morph_132","NB","Play","Touch","Touch.1","Sonso",-0.127833371509885,0.0104351687388988,0.0341918294849023
"2334","101135","Action_16","Morph_38","NB","Playcontinue","Headstand","HeadStand.1","Sonso",1.23547147138531,0.0066607460035524,0.0066607460035524
"2335","100002","Action_42","Morph_90","NB","Position","Push","Push.3","Sonso",0.444685821261446,0.00510657193605684,0.0466252220248668
"2336","100375","Action_42","Morph_88","NB","Followme","Push","Push.1","Sonso",1.49065437644413,0.0106571936056838,0.0466252220248668
"2337","100953","Action_14","Morph_30","NB","Play","Grab","Grab.2","Sonso",0.609765571620894,0.00799289520426288,0.0353019538188277
"2338","100954b","Action_45","Morph_101","NB","Play","Reach","Reach.2","Sonso",2.52412736294128,0.0370781527531083,0.0801509769094138
"2339","101882","Action_42","Morph_92","NB","Climbonme","Push","Push.5","Sonso",-1.27296567581289,0.0066607460035524,0.0466252220248668
"2340","100942","Action_42","Morph_89","NB","Travel","Push","Push.2","Sonso",0.27763173659828,0.00355239786856128,0.0466252220248668
"2341","101705","Action_48","Morph_104","NB","Play","Rollover","RollOver.1","Sonso",2.05923883436232,0.00621669626998224,0.00621669626998224
"2342","101891","Action_42","Morph_91","NB","Play","Push","Push.4","Sonso",0.56531380905006,0.00932504440497336,0.0466252220248668
"2343","100534","Action_42","Morph_90","NB","Position","Push","Push.3","Sonso",0.418710334858185,0.00510657193605684,0.0466252220248668
"2344","100562b","Action_38","Morph_81","NB","Climbonme","Present","Present.7","Sonso",0.732367893713227,0.00244227353463588,0.0492895204262877
"2345","101414","Action_42","Morph_88","NB","Takeobjectnurse","Push","Push.1","Sonso",0.518793793415168,0.0106571936056838,0.0466252220248668
"2346","101283","Action_63","Morph_133","NB","Takeobjectnurse","Touch","Touch.2","Sonso",0.0392207131532813,0.00754884547069272,0.0341918294849023
"2347","100521","Action_42","Morph_89","NB","Position","Push","Push.2","Sonso",0,0.00355239786856128,0.0466252220248668
"2348","102492","Action_42","Morph_88","NB","Climbonme","Push","Push.1","Sonso",0.56531380905006,0.0106571936056838,0.0466252220248668
"2349","101891","Action_42","Morph_91","NB","Play","Push","Push.4","Sonso",0.587786664902119,0.00932504440497336,0.0466252220248668
"2350","101157","Action_63","Morph_137","NB","Moveaway","Touch","Touch.6","Sonso",-0.653926467406664,0.00488454706927176,0.0341918294849023
"2351","102493","Action_38","Morph_75","NB","Climbonme","Present","Present.1","Sonso",1.33500106673234,0.0170959147424512,0.0492895204262877
"2352","101847","Action_20","Morph_45","NB","Stopbehaviour","Hitother","HitOther.1","Sonso",-0.510825623765991,0.0202042628774423,0.0404085257548845
"2353","100734","Action_42","Morph_88","NB","Position","Push","Push.1","Sonso",0.470003629245736,0.0106571936056838,0.0466252220248668
"2354","100733","Action_42","Morph_88","NB","Position","Push","Push.1","Sonso",0.182321556793955,0.0106571936056838,0.0466252220248668
"2355","102368","Action_63","Morph_138","NB","Giveme","Touch","Touch.7","Sonso",0.56531380905006,0.0044404973357016,0.0341918294849023
"2356","101425","Action_42","Morph_89","NB","Position","Push","Push.2","Sonso",1.30291275218084,0.00355239786856128,0.0466252220248668
"2357","101664b","Action_42","Morph_92","NB","Takeobjectnurse","Push","Push.5","Sonso",-0.579818495252942,0.0066607460035524,0.0466252220248668
"2358","101895","Action_42","Morph_93","NB","Takeobjectnurse","Push","Push.6","Sonso",1.38629436111989,0.0066607460035524,0.0466252220248668
"2359","100381","Action_42","Morph_88","NB","Position","Push","Push.1","Sonso",0.392042087776024,0.0106571936056838,0.0466252220248668
"2360","100878a","Action_37","Morph_74","NB","Play","Poke","Poke.1","Sonso",-0.44628710262842,0.00266429840142096,0.00266429840142096
"2361","102369","Action_45","Morph_101","NB","Giveme","Reach","Reach.2","Sonso",0.0392207131532813,0.0370781527531083,0.0801509769094138
"2362","101720","Action_42","Morph_88","NB","Moveaway","Push","Push.1","Sonso",-0.083381608939051,0.0106571936056838,0.0466252220248668
"2363","101870","Action_38","Morph_75","NB","Climbonme","Present","Present.1","Sonso",1.45395300959371,0.0170959147424512,0.0492895204262877
"2364","100878a","Action_63","Morph_132","NB","Play","Touch","Touch.1","Sonso",-0.328504066972036,0.0104351687388988,0.0341918294849023
"2365","101281","Action_42","Morph_91","NB","Position","Push","Push.4","Sonso",0.418710334858185,0.00932504440497336,0.0466252220248668
"2366","101156","Action_42","Morph_91","NB","Moveaway","Push","Push.4","Sonso",-0.653926467406664,0.00932504440497336,0.0466252220248668
"2367","100728","Action_42","Morph_92","NB","Position","Push","Push.5","Sonso",-0.27443684570176,0.0066607460035524,0.0466252220248668
"2368","100953","Action_20","Morph_45","NB","Play","Hitother","HitOther.1","Sonso",-0.22314355131421,0.0202042628774423,0.0404085257548845
"2369","101848","Action_15","Morph_35","NB","Stopbehaviour","Grabhold","GrabHold.1","Sonso",0.924258901523332,0.00932504440497336,0.0204262877442274
"2370","101962","Action_42","Morph_91","NB","Position","Push","Push.4","Sonso",0.955511445027436,0.00932504440497336,0.0466252220248668
"2371","100729","Action_42","Morph_92","NB","Position","Push","Push.5","Sonso",0.494696241836107,0.0066607460035524,0.0466252220248668
"2372","100926","Action_64","Morph_140","NB","Stopbehaviour","Touchlongother","Touch.9","Sonso",1.41585316336144,0.00399644760213144,0.0175399644760213
"2373","101132","Action_3","Morph_16","NB","Play","Bite","Bite.8","Sonso",0.587786664902119,0.00288632326820604,0.0168738898756661
"2374","101720","Action_42","Morph_88","NB","Moveaway","Push","Push.1","Sonso",0.518793793415168,0.0106571936056838,0.0466252220248668
"2375","100380","Action_42","Morph_93","NB","Position","Push","Push.6","Sonso",0,0.0066607460035524,0.0466252220248668
"2376","100878a","Action_15","Morph_35","NB","Play","Grabhold","GrabHold.1","Sonso",2.45100509811232,0.00932504440497336,0.0204262877442274
"2377","102140","Action_42","Morph_88","NB","Moveclose","Push","Push.1","Sonso",1.23547147138531,0.0106571936056838,0.0466252220248668
"2378","100878a","Action_63","Morph_132","NB","Play","Touch","Touch.1","Sonso",-1.02165124753198,0.0104351687388988,0.0341918294849023
"2379","102076","Action_42","Morph_88","NB","Takeobjectnurse","Push","Push.1","Sonso",1.70110510095992,0.0106571936056838,0.0466252220248668
"2380","100732","Action_42","Morph_88","NB","Position","Push","Push.1","Sonso",0.693147180559945,0.0106571936056838,0.0466252220248668
"2381","100878a","Action_63","Morph_132","NB","Play","Touch","Touch.1","Sonso",-0.174353387144778,0.0104351687388988,0.0341918294849023
"2382","100172","Action_42","Morph_88","NB","Position","Push","Push.1","Sonso",0.732367893713227,0.0106571936056838,0.0466252220248668
"2383","101868b","Action_42","Morph_92","NB","Position","Push","Push.5","Sonso",-0.44628710262842,0.0066607460035524,0.0466252220248668
"2384","101157","Action_42","Morph_91","NB","Moveaway","Push","Push.4","Sonso",-0.27443684570176,0.00932504440497336,0.0466252220248668
"2385","102073","Action_42","Morph_89","NB","Position","Push","Push.2","Sonso",1.67147330335355,0.00355239786856128,0.0466252220248668
"2386","101424","Action_42","Morph_93","NB","Position","Push","Push.6","Sonso",-0.579818495252942,0.0066607460035524,0.0466252220248668
"2387","100878a","Action_15","Morph_36","NB","Play","Grabhold","GrabHold.2","Sonso",2.45100509811232,0.005550621669627,0.0204262877442274
"2388","102412","Action_38","Morph_81","NB","Climbonme","Present","Present.7","Sonso",0.336472236621213,0.00244227353463588,0.0492895204262877
"2389","101896","Action_42","Morph_88","NB","Travel","Push","Push.1","Sonso",0.631271776841858,0.0106571936056838,0.0466252220248668
"2390","100878a","Action_63","Morph_132","NB","Play","Touch","Touch.1","Sonso",0.113328685307003,0.0104351687388988,0.0341918294849023
"2391","100715","Action_45","Morph_100","NB","Climbonme","Reach","Reach.1","Sonso",-0.22314355131421,0.0408525754884547,0.0801509769094138
"2392","100170","Action_60","Morph_127","NB","Stopbehaviour","Swing","Swing.1","Sonso",0.215111379616945,0.0428507992895204,0.0475133214920071
"2393","102148","Action_45","Morph_100","NB","Moveaway","Reach","Reach.1","Sonso",-0.328504066972036,0.0408525754884547,0.0801509769094138
"2394","102146","Action_21","Morph_42","NB","Moveaway","Hittingobject","HitObject.4","Sonso",0.0769610411361284,0.00599467140319716,0.00799289520426288
"2395","100193a","Action_39","Morph_82","NB","Support","Presentgenitalsbackwards","PresentGenitals.1","Sonso",0.78845736036427,0.0295293072824156,0.033303730017762
"2396","100292a","Action_39","Morph_82","NB","Followme","Presentgenitalsbackwards","PresentGenitals.1","Sonso",0.924258901523332,0.0295293072824156,0.033303730017762
"2397","100784","Action_23","Morph_47","NB","Play","Hittingother","HitOther.3","Sonso",0.113328685307003,0.00843694493783304,0.0157637655417407
"2398","100784","Action_20","Morph_49","NB","Play","Hitother","HitOther.5","Sonso",-0.328504066972036,0.00599467140319716,0.0404085257548845
"2399","100784","Action_20","Morph_46","NB","Play","Hitother","HitOther.2","Sonso",-0.44628710262842,0.00932504440497336,0.0404085257548845
"2400","100784","Action_23","Morph_47","NB","Play","Hittingother","HitOther.3","Sonso",0,0.00843694493783304,0.0157637655417407
"2401","100784","Action_23","Morph_48","NB","Play","Hittingother","HitOther.4","Sonso",0.494696241836107,0.00732682060390764,0.0157637655417407
"2402","100127","Action_17","Morph_40","NB","Moveaway","Hitobject","HitObject.2","Sonso",-0.7339691750802,0.0119893428063943,0.0559502664298401
"2403","101719b","Action_39","Morph_82","NB","Sexualattention","Presentgenitalsbackwards","PresentGenitals.1","Sonso",1.13783300182139,0.0295293072824156,0.033303730017762
"2404","100425","Action_20","Morph_45","NB","Moveaway","Hitother","HitOther.1","Sonso",-0.510825623765991,0.0202042628774423,0.0404085257548845
"2405","101170","Action_34","Morph_66","NK","Sexualattention","Objectshake","ObjectShake.2","Sonso",1.35583515363518,0.0237566607460036,0.108792184724689
"2406","101170","Action_34","Morph_65","NK","Sexualattention","Objectshake","ObjectShake.1","Sonso",0.806475865866949,0.0746003552397869,0.108792184724689
"2407","101170","Action_34","Morph_66","NK","Sexualattention","Objectshake","ObjectShake.2","Sonso",1.99061032797322,0.0237566607460036,0.108792184724689
"2408","101304a","Action_2","Morph_4","NK","Groom","Bigloudscratch","BigLoudScratch.2","Sonso",1.26976054486394,0.019316163410302,0.0577264653641208
"2409","101374","Action_27","Morph_54","NK","Sexualattention","Leafclip","LeafClip.1","Sonso",1.89911798754855,0.0044404973357016,0.00599467140319716
"2410","101374","Action_34","Morph_65","NK","Sexualattention","Objectshake","ObjectShake.1","Sonso",0.27763173659828,0.0746003552397869,0.108792184724689
"2411","101373","Action_27","Morph_55","NK","Sexualattention","Leafclip","LeafClip.2","Sonso",1.708377860289,0.00133214920071048,0.00599467140319716
"2412","101374","Action_34","Morph_65","NK","Sexualattention","Objectshake","ObjectShake.1","Sonso",0.0769610411361284,0.0746003552397869,0.108792184724689
"2413","101379a","Action_27","Morph_54","NK","Sexualattention","Leafclip","LeafClip.1","Sonso",1.49962304642689,0.0044404973357016,0.00599467140319716
"2414","100946","Action_33","Morph_61","NK","Moveaway","Objectmove","ObjectMove.1","Sonso",0.336472236621213,0.0317495559502664,0.0406305506216696
"2415","100946","Action_17","Morph_39","NK","Moveaway","Hitobject","HitObject.1","Sonso",-0.127833371509885,0.0430728241563055,0.0559502664298401
"2416","100037","Action_38","Morph_76","NK","Directattention","Present","Present.2","Sonso",1.42551507427317,0.0135435168738899,0.0492895204262877
"2417","100034","Action_2","Morph_7","NK","Groom","Bigloudscratch","BigLoudScratch.5","Sonso",1.33500106673234,0.00066607460035524,0.0577264653641208
"2418","100178","Action_2","Morph_3","NK","Groom","Bigloudscratch","BigLoudScratch.1","Sonso",1.09861228866811,0.0215364120781528,0.0577264653641208
"2419","100039","Action_2","Morph_3","NK","Groom","Bigloudscratch","BigLoudScratch.1","Sonso",1.57691472072854,0.0215364120781528,0.0577264653641208
"2420","100038","Action_2","Morph_3","NK","Groom","Bigloudscratch","BigLoudScratch.1","Sonso",0.470003629245736,0.0215364120781528,0.0577264653641208
"2421","100037","Action_2","Morph_5","NK","Directattention","Bigloudscratch","BigLoudScratch.3","Sonso",0.970778917158225,0.0119893428063943,0.0577264653641208
"2422","100041","Action_2","Morph_3","NK","Groom","Bigloudscratch","BigLoudScratch.1","Sonso",0.806475865866949,0.0215364120781528,0.0577264653641208
"2423","100040b","Action_2","Morph_3","NK","Groom","Bigloudscratch","BigLoudScratch.1","Sonso",1.04380405217311,0.0215364120781528,0.0577264653641208
"2424","100177b","Action_2","Morph_4","NK","Groom","Bigloudscratch","BigLoudScratch.2","Sonso",0.672944473242426,0.019316163410302,0.0577264653641208
"2425","100036","Action_2","Morph_5","NK","Groom","Bigloudscratch","BigLoudScratch.3","Sonso",1.28093384546206,0.0119893428063943,0.0577264653641208
"2426","100038","Action_2","Morph_5","NK","Groom","Bigloudscratch","BigLoudScratch.3","Sonso",0.392042087776024,0.0119893428063943,0.0577264653641208
"2427","102433","Action_33","Morph_61","NK","Followme","Objectmove","ObjectMove.1","Sonso",0.307484699747961,0.0317495559502664,0.0406305506216696
"2428","100342a","Action_45","Morph_100","NK","Affiliation","Reach","Reach.1","Sonso",0.518793793415168,0.0408525754884547,0.0801509769094138
"2429","102242","Action_2","Morph_3","NK","Groom","Bigloudscratch","BigLoudScratch.1","Sonso",0.542324290825362,0.0215364120781528,0.0577264653641208
"2430","101036b","Action_11","Morph_23","NK","Affiliation","Embrace","Embrace.2","Sonso",1.99061032797322,0.00199822380106572,0.005550621669627
"2431","102242","Action_2","Morph_3","NK","Groom","Bigloudscratch","BigLoudScratch.1","Sonso",1.13783300182139,0.0215364120781528,0.0577264653641208
"2432","101153","Action_23","Morph_47","NK","Play","Hittingother","HitOther.3","Sonso",1.00063188030791,0.00843694493783304,0.0157637655417407
"2433","101375","Action_45","Morph_100","NK","Play","Reach","Reach.1","Sonso",1.11185751541813,0.0408525754884547,0.0801509769094138
"2434","101874","Action_45","Morph_101","NK","Play","Reach","Reach.2","Sonso",-0.510825623765991,0.0370781527531083,0.0801509769094138
"2435","102473a","Action_45","Morph_100","NK","Sexualattention","Reach","Reach.1","Sonso",0.587786664902119,0.0408525754884547,0.0801509769094138
"2436","101192","Action_13","Morph_28","NK","Moveaway","Fling","Fling.2","Sonso",-1.02165124753198,0.00488454706927176,0.0117673179396092
"2437","101184","Action_20","Morph_45","NK","Moveaway","Hitother","HitOther.1","Sonso",-0.083381608939051,0.0202042628774423,0.0404085257548845
"2438","101186","Action_13","Morph_28","NK","Moveaway","Fling","Fling.2","Sonso",-0.328504066972036,0.00488454706927176,0.0117673179396092
"2439","101185","Action_13","Morph_28","NK","Moveaway","Fling","Fling.2","Sonso",-0.510825623765991,0.00488454706927176,0.0117673179396092
"2440","101186","Action_13","Morph_28","NK","Moveaway","Fling","Fling.2","Sonso",-0.328504066972036,0.00488454706927176,0.0117673179396092
"2441","100165a","Action_2","Morph_3","NK","Groom","Bigloudscratch","BigLoudScratch.1","Sonso",1.77833644889591,0.0215364120781528,0.0577264653641208
"2442","101798","Action_33","Morph_62","NK","Moveaway","Objectmove","ObjectMove.2","Sonso",1.1999647829284,0.00643872113676732,0.0406305506216696
"2443","100244p2","Action_34","Morph_66","NK","Moveclose","Objectshake","ObjectShake.2","Sonso",0.924258901523332,0.0237566607460036,0.108792184724689
"2444","100241","Action_34","Morph_66","NK","Sexualattention","Objectshake","ObjectShake.2","Sonso",1.17557332980424,0.0237566607460036,0.108792184724689
"2445","100241","Action_47","Morph_103","NK","Sexualattention","Rockingsit","Rocking.1","Sonso",1.95727390770563,0.00377442273534636,0.00377442273534636
"2446","100241","Action_34","Morph_65","NK","Sexualattention","Objectshake","ObjectShake.1","Sonso",1.83098018238134,0.0746003552397869,0.108792184724689
"2447","100244p1","Action_34","Morph_66","NK","Moveclose","Objectshake","ObjectShake.2","Sonso",1.62531126159039,0.0237566607460036,0.108792184724689
"2448","100241","Action_34","Morph_66","NK","Sexualattention","Objectshake","ObjectShake.2","Sonso",0.8754687373539,0.0237566607460036,0.108792184724689
"2449","100244p1","Action_34","Morph_66","NK","Moveclose","Objectshake","ObjectShake.2","Sonso",1.60140574073684,0.0237566607460036,0.108792184724689
"2450","100244p1","Action_34","Morph_66","NK","Moveclose","Objectshake","ObjectShake.2","Sonso",2.16102152867226,0.0237566607460036,0.108792184724689
"2451","100241","Action_47","Morph_103","NK","Sexualattention","Rockingsit","Rocking.1","Sonso",0.985816794522765,0.00377442273534636,0.00377442273534636
"2452","100244p3","Action_34","Morph_66","NK","Moveclose","Objectshake","ObjectShake.2","Sonso",0.587786664902119,0.0237566607460036,0.108792184724689
"2453","100241","Action_34","Morph_65","NK","Sexualattention","Objectshake","ObjectShake.1","Sonso",0.841567185678219,0.0746003552397869,0.108792184724689
"2454","100244p3","Action_34","Morph_66","NK","Moveclose","Objectshake","ObjectShake.2","Sonso",0.970778917158225,0.0237566607460036,0.108792184724689
"2455","100244p2","Action_10","Morph_21","NK","Moveclose","Drum","Drum.1","Sonso",0.27763173659828,0.0033303730017762,0.0033303730017762
"2456","100239p1","Action_34","Morph_65","NK","Sexualattention","Objectshake","ObjectShake.1","Sonso",1.78507048107726,0.0746003552397869,0.108792184724689
"2457","100244p3","Action_34","Morph_66","NK","Moveclose","Objectshake","ObjectShake.2","Sonso",1.18784342239605,0.0237566607460036,0.108792184724689
"2458","100244p1","Action_34","Morph_65","NK","Moveclose","Objectshake","ObjectShake.1","Sonso",1.44456326924387,0.0746003552397869,0.108792184724689
"2459","100241","Action_33","Morph_61","NK","Sexualattention","Objectmove","ObjectMove.1","Sonso",0.246860077931526,0.0317495559502664,0.0406305506216696
"2460","100241","Action_34","Morph_66","NK","Sexualattention","Objectshake","ObjectShake.2","Sonso",0.712949807856125,0.0237566607460036,0.108792184724689
"2461","100241","Action_47","Morph_103","NK","Sexualattention","Rockingsit","Rocking.1","Sonso",1.31372366828506,0.00377442273534636,0.00377442273534636
"2462","100244p3","Action_33","Morph_61","NK","Moveclose","Objectmove","ObjectMove.1","Sonso",-0.127833371509885,0.0317495559502664,0.0406305506216696
"2463","100244p1","Action_34","Morph_66","NK","Moveclose","Objectshake","ObjectShake.2","Sonso",1.47247205736094,0.0237566607460036,0.108792184724689
"2464","100241","Action_34","Morph_65","NK","Sexualattention","Objectshake","ObjectShake.1","Sonso",0.924258901523332,0.0746003552397869,0.108792184724689
"2465","100244p3","Action_34","Morph_65","NK","Moveclose","Objectshake","ObjectShake.1","Sonso",1.7227665977411,0.0746003552397869,0.108792184724689
"2466","100241","Action_33","Morph_61","NK","Sexualattention","Objectmove","ObjectMove.1","Sonso",0.444685821261446,0.0317495559502664,0.0406305506216696
"2467","100244p1","Action_34","Morph_65","NK","Moveclose","Objectshake","ObjectShake.1","Sonso",1.35583515363518,0.0746003552397869,0.108792184724689
"2468","100241","Action_34","Morph_65","NK","Sexualattention","Objectshake","ObjectShake.1","Sonso",0.770108221696074,0.0746003552397869,0.108792184724689
"2469","100244p2","Action_34","Morph_65","NK","Moveclose","Objectshake","ObjectShake.1","Sonso",0.89199803930511,0.0746003552397869,0.108792184724689
"2470","100244p2","Action_34","Morph_66","NK","Moveclose","Objectshake","ObjectShake.2","Sonso",0.770108221696074,0.0237566607460036,0.108792184724689
"2471","100241","Action_34","Morph_65","NK","Sexualattention","Objectshake","ObjectShake.1","Sonso",1.99605993274078,0.0746003552397869,0.108792184724689
"2472","100239p2","Action_33","Morph_61","NK","Sexualattention","Objectmove","ObjectMove.1","Sonso",1.15057202759882,0.0317495559502664,0.0406305506216696
"2473","100244p1","Action_33","Morph_62","NK","Moveclose","Objectmove","ObjectMove.2","Sonso",0.444685821261446,0.00643872113676732,0.0406305506216696
"2474","100241","Action_47","Morph_103","NK","Sexualattention","Rockingsit","Rocking.1","Sonso",1.39624469197306,0.00377442273534636,0.00377442273534636
"2475","100241","Action_34","Morph_65","NK","Sexualattention","Objectshake","ObjectShake.1","Sonso",0.78845736036427,0.0746003552397869,0.108792184724689
"2476","100241","Action_34","Morph_66","NK","Sexualattention","Objectshake","ObjectShake.2","Sonso",-0.127833371509885,0.0237566607460036,0.108792184724689
"2477","100241","Action_34","Morph_65","NK","Sexualattention","Objectshake","ObjectShake.1","Sonso",0.672944473242426,0.0746003552397869,0.108792184724689
"2478","100239p2","Action_10","Morph_21","NK","Sexualattention","Drum","Drum.1","Sonso",0.56531380905006,0.0033303730017762,0.0033303730017762
"2479","100239p2","Action_33","Morph_61","NK","Sexualattention","Objectmove","ObjectMove.1","Sonso",0.542324290825362,0.0317495559502664,0.0406305506216696
"2480","100244p1","Action_34","Morph_65","NK","Moveclose","Objectshake","ObjectShake.1","Sonso",0.89199803930511,0.0746003552397869,0.108792184724689
"2481","100345a","Action_45","Morph_100","NK","Sexualattention","Reach","Reach.1","Sonso",1.82937633279936,0.0408525754884547,0.0801509769094138
"2482","100244p3","Action_24","Morph_51","NK","Moveclose","Jump","Jump.1","Sonso",0.215111379616945,0.00732682060390764,0.00732682060390764
"2483","100344","Action_34","Morph_65","NK","Followme","Objectshake","ObjectShake.1","Sonso",0.924258901523332,0.0746003552397869,0.108792184724689
"2484","100330","Action_47","Morph_103","NK","Sexualattention","Rockingsit","Rocking.1","Sonso",0.693147180559945,0.00377442273534636,0.00377442273534636
"2485","100330","Action_45","Morph_101","NK","Sexualattention","Reach","Reach.2","Sonso",1.08518926833597,0.0370781527531083,0.0801509769094138
"2486","100337a","Action_34","Morph_65","NK","Moveclose","Objectshake","ObjectShake.1","Sonso",0.712949807856125,0.0746003552397869,0.108792184724689
"2487","100329","Action_57","Morph_115","NK","Sexualattention","Stompobject","StompObject.1","Sonso",-0.653926467406664,0.0337477797513321,0.0424067495559503
"2488","100329","Action_45","Morph_101","NK","Sexualattention","Reach","Reach.2","Sonso",-0.22314355131421,0.0370781527531083,0.0801509769094138
"2489","100988a","Action_13","Morph_27","NK","Moveaway","Fling","Fling.1","Sonso",-0.579818495252942,0.00688277087033748,0.0117673179396092
"2490","100334a","Action_47","Morph_103","NK","Affiliation","Rockingsit","Rocking.1","Sonso",1.7509374747078,0.00377442273534636,0.00377442273534636
"2491","100337a","Action_34","Morph_66","NK","Moveclose","Objectshake","ObjectShake.2","Sonso",3.24571247882176,0.0237566607460036,0.108792184724689
"2492","100334a","Action_33","Morph_61","NK","Affiliation","Objectmove","ObjectMove.1","Sonso",0.631271776841858,0.0317495559502664,0.0406305506216696
"2493","100337a","Action_64","Morph_135","NK","Moveclose","Touchlongother","Touch.4","Sonso",1.39624469197306,0.00488454706927176,0.0175399644760213
"2494","100329","Action_45","Morph_101","NK","Sexualattention","Reach","Reach.2","Sonso",-0.579818495252942,0.0370781527531083,0.0801509769094138
"2495","100334a","Action_64","Morph_135","NK","Affiliation","Touchlongother","Touch.4","Sonso",2.598235335095,0.00488454706927176,0.0175399644760213
"2496","100337a","Action_34","Morph_66","NK","Moveclose","Objectshake","ObjectShake.2","Sonso",2.25339484880327,0.0237566607460036,0.108792184724689
"2497","100988a","Action_13","Morph_27","NK","Moveaway","Fling","Fling.1","Sonso",-0.7339691750802,0.00688277087033748,0.0117673179396092
"2498","100719a","Action_2","Morph_3","NK","Groom","Bigloudscratch","BigLoudScratch.1","Sonso",1.36609165380237,0.0215364120781528,0.0577264653641208
"2499","101254","Action_2","Morph_6","NK","Directattention","Bigloudscratch","BigLoudScratch.4","Sonso",0.770108221696074,0.00421847246891652,0.0577264653641208
"2500","100266a","Action_42","Morph_89","NK","Sociosexualattention","Push","Push.2","Sonso",-0.127833371509885,0.00355239786856128,0.0466252220248668
"2501","100266a","Action_64","Morph_135","NK","Sociosexualattention","Touchlongother","Touch.4","Sonso",1.17557332980424,0.00488454706927176,0.0175399644760213
"2502","100658","Action_34","Morph_65","NK","Followme","Objectshake","ObjectShake.1","Sonso",0.970778917158225,0.0746003552397869,0.108792184724689
"2503","100658","Action_33","Morph_61","NK","Followme","Objectmove","ObjectMove.1","Sonso",0.542324290825362,0.0317495559502664,0.0406305506216696
"2504","100658","Action_34","Morph_65","NK","Followme","Objectshake","ObjectShake.1","Sonso",1.57691472072854,0.0746003552397869,0.108792184724689
"2505","100657","Action_33","Morph_61","NK","Followme","Objectmove","ObjectMove.1","Sonso",0.336472236621213,0.0317495559502664,0.0406305506216696
"2506","100186","Action_42","Morph_92","NK","Position","Push","Push.5","Sonso",0.215111379616945,0.0066607460035524,0.0466252220248668
"2507","100659","Action_34","Morph_65","NK","Moveclose","Objectshake","ObjectShake.1","Sonso",1.95727390770563,0.0746003552397869,0.108792184724689
"2508","102106b","Action_11","Morph_23","NK","Affiliation","Embrace","Embrace.2","Sonso",1.77833644889591,0.00199822380106572,0.005550621669627
"2509","100660","Action_33","Morph_61","NK","Followme","Objectmove","ObjectMove.1","Sonso",0.444685821261446,0.0317495559502664,0.0406305506216696
"2510","100657","Action_34","Morph_65","NK","Followme","Objectshake","ObjectShake.1","Sonso",0.307484699747961,0.0746003552397869,0.108792184724689
"2511","100661","Action_34","Morph_65","NK","Followme","Objectshake","ObjectShake.1","Sonso",0.740507751919783,0.0746003552397869,0.108792184724689
"2512","100352b","Action_45","Morph_100","NK","Affiliation","Reach","Reach.1","Sonso",-0.22314355131421,0.0408525754884547,0.0801509769094138
"2513","100658","Action_34","Morph_65","NK","Followme","Objectshake","ObjectShake.1","Sonso",1.95727390770563,0.0746003552397869,0.108792184724689
"2514","100661","Action_34","Morph_65","NK","Followme","Objectshake","ObjectShake.1","Sonso",1.49065437644413,0.0746003552397869,0.108792184724689
"2515","100660","Action_34","Morph_65","NK","Followme","Objectshake","ObjectShake.1","Sonso",0.545806592661236,0.0746003552397869,0.108792184724689
"2516","100657","Action_34","Morph_65","NK","Followme","Objectshake","ObjectShake.1","Sonso",0.970778917158225,0.0746003552397869,0.108792184724689
"2517","100658","Action_34","Morph_65","NK","Followme","Objectshake","ObjectShake.1","Sonso",1.26976054486394,0.0746003552397869,0.108792184724689
"2518","100657","Action_49","Morph_105","NK","Followme","Rub","Rub.1","Sonso",2.14347212133697,0.0044404973357016,0.0066607460035524
"2519","100487b","Action_41","Morph_85","NK","Play","Pull","Pull.2","Sonso",0.215111379616945,0.00643872113676732,0.0253108348134991
"2520","100484b","Action_33","Morph_61","NK","Play","Objectmove","ObjectMove.1","Sonso",1.00063188030791,0.0317495559502664,0.0406305506216696
"2521","100082b","Action_2","Morph_3","NK","Groom","Bigloudscratch","BigLoudScratch.1","Sonso",1.86872051036418,0.0215364120781528,0.0577264653641208
"2522","101187","Action_13","Morph_27","NK","Moveaway","Fling","Fling.1","Sonso",-0.82098055206983,0.00688277087033748,0.0117673179396092
"2523","101037","Action_33","Morph_61","NK","Moveaway","Objectmove","ObjectMove.1","Sonso",-1.02165124753198,0.0317495559502664,0.0406305506216696
"2524","101187","Action_17","Morph_39","NK","Moveaway","Hitobject","HitObject.1","Sonso",-0.653926467406664,0.0430728241563055,0.0559502664298401
"2525","101033","Action_47","Morph_103","NK","Moveaway","Rockingsit","Rocking.1","Sonso",0.672944473242426,0.00377442273534636,0.00377442273534636
"2526","101033","Action_34","Morph_65","NK","Moveaway","Objectshake","ObjectShake.1","Sonso",-0.653926467406664,0.0746003552397869,0.108792184724689
"2527","100123","Action_13","Morph_27","NK","Moveaway","Fling","Fling.1","Sonso",-0.653926467406664,0.00688277087033748,0.0117673179396092
"2528","100123","Action_13","Morph_27","NK","Moveaway","Fling","Fling.1","Sonso",-0.82098055206983,0.00688277087033748,0.0117673179396092
"2529","102071","Action_34","Morph_65","NK","Moveclose","Objectshake","ObjectShake.1","Sonso",1.49962304642689,0.0746003552397869,0.108792184724689
"2530","102070p1","Action_34","Morph_66","NK","Sexualattention","Objectshake","ObjectShake.2","Sonso",0.824175442966349,0.0237566607460036,0.108792184724689
"2531","102070p2","Action_34","Morph_66","NK","Sexualattention","Objectshake","ObjectShake.2","Sonso",-0.0408219945202552,0.0237566607460036,0.108792184724689
"2532","102070p1","Action_34","Morph_65","NK","Sexualattention","Objectshake","ObjectShake.1","Sonso",0,0.0746003552397869,0.108792184724689
"2533","102071","Action_34","Morph_65","NK","Moveclose","Objectshake","ObjectShake.1","Sonso",1.35583515363518,0.0746003552397869,0.108792184724689
"2534","102070p1","Action_34","Morph_66","NK","Sexualattention","Objectshake","ObjectShake.2","Sonso",1.00063188030791,0.0237566607460036,0.108792184724689
"2535","100144b","Action_38","Morph_78","NK","Groom","Present","Present.4","Sonso",0.672944473242426,0.00288632326820604,0.0492895204262877
"2536","100144b","Action_2","Morph_4","NK","Groom","Bigloudscratch","BigLoudScratch.2","Sonso",1.31372366828506,0.019316163410302,0.0577264653641208
"2537","100303b","Action_2","Morph_4","NK","Groom","Bigloudscratch","BigLoudScratch.2","Sonso",0.180653499693258,0.019316163410302,0.0577264653641208
"2538","100188","Action_2","Morph_3","NK","Groom","Bigloudscratch","BigLoudScratch.1","Sonso",1.77833644889591,0.0215364120781528,0.0577264653641208
"2539","102139","Action_2","Morph_3","NK","Directattention","Bigloudscratch","BigLoudScratch.1","Sonso",1.04380405217311,0.0215364120781528,0.0577264653641208
"2540","100303b","Action_2","Morph_5","NK","Groom","Bigloudscratch","BigLoudScratch.3","Sonso",1.03175998168027,0.0119893428063943,0.0577264653641208
"2541","100536a","Action_2","Morph_4","NK","Groom","Bigloudscratch","BigLoudScratch.2","Sonso",0.824175442966349,0.019316163410302,0.0577264653641208
"2542","102139","Action_2","Morph_3","NK","Directattention","Bigloudscratch","BigLoudScratch.1","Sonso",0.27763173659828,0.0215364120781528,0.0577264653641208
"2543","101081b","Action_34","Morph_65","NK","Stopbehaviour","Objectshake","ObjectShake.1","Sonso",1.17557332980424,0.0746003552397869,0.108792184724689
"2544","100143a","Action_2","Morph_3","NK","Groom","Bigloudscratch","BigLoudScratch.1","Sonso",1.93441576962958,0.0215364120781528,0.0577264653641208
"2545","100396a","Action_11","Morph_22","NK","Affiliation","Embrace","Embrace.1","Sonso",1.3244189574018,0.00288632326820604,0.005550621669627
"2546","101718a","Action_45","Morph_100","NK","Moveclose","Reach","Reach.1","Sonso",0.0392207131532813,0.0408525754884547,0.0801509769094138
"2547","100274","Action_13","Morph_28","NK","Moveaway","Fling","Fling.2","Sonso",-0.579818495252942,0.00488454706927176,0.0117673179396092
"2548","101032","Action_13","Morph_27","NK","Moveaway","Fling","Fling.1","Sonso",-0.7339691750802,0.00688277087033748,0.0117673179396092
"2549","101904","Action_13","Morph_28","NK","Moveaway","Fling","Fling.2","Sonso",-1.42711635564015,0.00488454706927176,0.0117673179396092
"2550","101077","Action_34","Morph_66","NK","Moveaway","Objectshake","ObjectShake.2","Sonso",1.88706964903238,0.0237566607460036,0.108792184724689
"2551","100106","Action_34","Morph_65","NK","Followme","Objectshake","ObjectShake.1","Sonso",0.215111379616945,0.0746003552397869,0.108792184724689
"2552","101077","Action_13","Morph_27","NK","Moveaway","Fling","Fling.1","Sonso",0.215111379616945,0.00688277087033748,0.0117673179396092
"2553","101077","Action_34","Morph_65","NK","Moveaway","Objectshake","ObjectShake.1","Sonso",0.65232518603969,0.0746003552397869,0.108792184724689
"2554","100686","Action_57","Morph_115","NR","Attendme","Stompobject","StompObject.1","Sonso",-0.385662480811985,0.0337477797513321,0.0424067495559503
"2555","100686","Action_34","Morph_65","NR","Attendme","Objectshake","ObjectShake.1","Sonso",0.858661619037519,0.0746003552397869,0.108792184724689
"2556","100686","Action_34","Morph_65","NR","Attendme","Objectshake","ObjectShake.1","Sonso",0.215111379616945,0.0746003552397869,0.108792184724689
"2557","101515","Action_39","Morph_82","NR","Sexualattention","Presentgenitalsbackwards","PresentGenitals.1","Sonso",0.841567185678219,0.0295293072824156,0.033303730017762
"2558","100428a","Action_29","Morph_58","NR","Play","Locomotegallop","LocomoteGallop.1","Sonso",0.215111379616945,0.00821492007104796,0.00821492007104796
"2559","100782a","Action_42","Morph_92","NR","Position","Push","Push.5","Sonso",0.0769610411361284,0.0066607460035524,0.0466252220248668
"2560","102098","Action_1","Morph_2","NR","Moveclose","Beckon","Beckon.2","Sonso",-0.653926467406664,0.00133214920071048,0.00155417406749556
"2561","100912a","Action_17","Morph_39","NR","Play","Hitobject","HitObject.1","Sonso",-0.328504066972036,0.0430728241563055,0.0559502664298401
"2562","100912a","Action_60","Morph_127","NR","Play","Swing","Swing.1","Sonso",0.542324290825362,0.0428507992895204,0.0475133214920071
"2563","100922","Action_17","Morph_39","NR","Play","Hitobject","HitObject.1","Sonso",0.444685821261446,0.0430728241563055,0.0559502664298401
"2564","100912a","Action_34","Morph_65","NR","Play","Objectshake","ObjectShake.1","Sonso",0.78845736036427,0.0746003552397869,0.108792184724689
"2565","100912a","Action_60","Morph_127","NR","Play","Swing","Swing.1","Sonso",0.494696241836107,0.0428507992895204,0.0475133214920071
"2566","100912a","Action_34","Morph_65","NR","Play","Objectshake","ObjectShake.1","Sonso",0.418710334858185,0.0746003552397869,0.108792184724689
"2567","100912a","Action_57","Morph_115","NR","Play","Stompobject","StompObject.1","Sonso",-0.385662480811985,0.0337477797513321,0.0424067495559503
"2568","100918","Action_64","Morph_133","NR","Stopbehaviour","Touchlongother","Touch.2","Sonso",1.90508815453506,0.00754884547069272,0.0175399644760213
"2569","101956b","Action_43","Morph_97","NR","Play","Raise","Raise.2","Sonso",0.0769610411361284,0.00044404973357016,0.0113232682060391
"2570","102325","Action_41","Morph_85","NR","Climbonme","Pull","Pull.2","Sonso",1.21194097397511,0.00643872113676732,0.0253108348134991
"2571","102262a","Action_45","Morph_100","NR","Play","Reach","Reach.1","Sonso",1.26976054486394,0.0408525754884547,0.0801509769094138
"2572","102303","Action_38","Morph_75","NR","Climbonme","Present","Present.1","Sonso",1.41585316336144,0.0170959147424512,0.0492895204262877
"2573","101040","Action_33","Morph_63","NR","Play","Objectmove","ObjectMove.3","Sonso",1.67896397508271,0.0011101243339254,0.0406305506216696
"2574","101105","Action_13","Morph_27","NR","Moveaway","Fling","Fling.1","Sonso",-0.7339691750802,0.00688277087033748,0.0117673179396092
"2575","101195","Action_42","Morph_92","NR","Moveaway","Push","Push.5","Sonso",-0.510825623765991,0.0066607460035524,0.0466252220248668
"2576","101762","Action_13","Morph_27","NR","Moveaway","Fling","Fling.1","Sonso",-0.653926467406664,0.00688277087033748,0.0117673179396092
"2577","101960","Action_42","Morph_89","NR","Position","Push","Push.2","Sonso",0.751416088683921,0.00355239786856128,0.0466252220248668
"2578","101961","Action_38","Morph_75","NR","Directattention","Present","Present.1","Sonso",1.07158361628019,0.0170959147424512,0.0492895204262877
"2579","101472","Action_39","Morph_82","NR","Sexualattention","Presentgenitalsbackwards","PresentGenitals.1","Sonso",1.26976054486394,0.0295293072824156,0.033303730017762
"2580","102406","Action_17","Morph_40","NR","Moveaway","Hitobject","HitObject.2","Sonso",-0.44628710262842,0.0119893428063943,0.0559502664298401
"2581","102406","Action_20","Morph_46","NR","Moveaway","Hitother","HitOther.2","Sonso",-0.82098055206983,0.00932504440497336,0.0404085257548845
"2582","100896","Action_13","Morph_27","NR","Moveaway","Fling","Fling.1","Sonso",-0.7339691750802,0.00688277087033748,0.0117673179396092
"2583","100984","Action_34","Morph_66","NR","Giveme","Objectshake","ObjectShake.2","Sonso",0.392042087776024,0.0237566607460036,0.108792184724689
"2584","100896","Action_13","Morph_27","NR","Moveaway","Fling","Fling.1","Sonso",-0.7339691750802,0.00688277087033748,0.0117673179396092
"2585","101258","Action_38","Morph_75","NR","Directattention","Present","Present.1","Sonso",0.8754687373539,0.0170959147424512,0.0492895204262877
"2586","101448","Action_2","Morph_4","NR","Groom","Bigloudscratch","BigLoudScratch.2","Sonso",0.78845736036427,0.019316163410302,0.0577264653641208
"2587","100749","Action_2","Morph_5","NR","Directattention","Bigloudscratch","BigLoudScratch.3","Sonso",0.89199803930511,0.0119893428063943,0.0577264653641208
"2588","101262","Action_2","Morph_3","NR","Groom","Bigloudscratch","BigLoudScratch.1","Sonso",0.770108221696074,0.0215364120781528,0.0577264653641208
"2589","102381","Action_2","Morph_4","NR","Groom","Bigloudscratch","BigLoudScratch.2","Sonso",0.470003629245736,0.019316163410302,0.0577264653641208
"2590","100932","Action_64","Morph_134","NR","Play","Touchlongother","Touch.3","Sonso",1.74396880539171,0.00488454706927176,0.0175399644760213
"2591","102381","Action_38","Morph_76","NR","Groom","Present","Present.2","Sonso",1.00063188030791,0.0135435168738899,0.0492895204262877
"2592","100744","Action_2","Morph_3","NR","Groom","Bigloudscratch","BigLoudScratch.1","Sonso",1.09861228866811,0.0215364120781528,0.0577264653641208
"2593","101256","Action_2","Morph_4","NR","Groom","Bigloudscratch","BigLoudScratch.2","Sonso",0.494086299761693,0.019316163410302,0.0577264653641208
"2594","102383","Action_38","Morph_76","NR","Directattention","Present","Present.2","Sonso",1.09861228866811,0.0135435168738899,0.0492895204262877
"2595","101257","Action_2","Morph_5","NR","Groom","Bigloudscratch","BigLoudScratch.3","Sonso",1.50851199384414,0.0119893428063943,0.0577264653641208
"2596","100932","Action_63","Morph_134","NR","Play","Touch","Touch.3","Sonso",1.18784342239605,0.00488454706927176,0.0341918294849023
"2597","102383","Action_2","Morph_4","NR","Directattention","Bigloudscratch","BigLoudScratch.2","Sonso",0.806475865866949,0.019316163410302,0.0577264653641208
"2598","100749","Action_2","Morph_4","NR","Directattention","Bigloudscratch","BigLoudScratch.2","Sonso",0.770108221696074,0.019316163410302,0.0577264653641208
"2599","101475","Action_39","Morph_82","NR","Sexualattention","Presentgenitalsbackwards","PresentGenitals.1","Sonso",0.182321556793955,0.0295293072824156,0.033303730017762
"2600","100741","Action_49","Morph_NA","NR","Play","Rub",NA,"Sonso",3.08739946207981,0.0159857904085258,0.0066607460035524
"2601","100741","Action_49","Morph_NA","NR","Play","Rub",NA,"Sonso",0.215111379616945,0.0159857904085258,0.0066607460035524
"2602","101133","Action_64","Morph_132","NR","Play","Touchlongother","Touch.1","Sonso",1.28093384546206,0.0104351687388988,0.0175399644760213
"2603","101427","Action_63","Morph_133","NR","Play","Touch","Touch.2","Sonso",1.18784342239605,0.00754884547069272,0.0341918294849023
"2604","100929","Action_64","Morph_133","NR","Play","Touchlongother","Touch.2","Sonso",2.60712428251225,0.00754884547069272,0.0175399644760213
"2605","100931","Action_64","Morph_133","NR","Play","Touchlongother","Touch.2","Sonso",2.46470394247048,0.00754884547069272,0.0175399644760213
"2606","100767","Action_15","Morph_36","NR","Play","Grabhold","GrabHold.2","Sonso",1.46325540225602,0.005550621669627,0.0204262877442274
"2607","100927","Action_64","Morph_139","NR","Play","Touchlongother","Touch.8","Sonso",2.02814824729229,0.00577264653641208,0.0175399644760213
"2608","100929","Action_3","Morph_16","NR","Play","Bite","Bite.8","Sonso",2.74212951475507,0.00288632326820604,0.0168738898756661
"2609","102373","Action_33","Morph_62","NR","Play","Objectmove","ObjectMove.2","Sonso",0.418710334858185,0.00643872113676732,0.0406305506216696
"2610","100948a","Action_63","Morph_137","NR","Play","Touch","Touch.6","Sonso",0.470003629245736,0.00488454706927176,0.0341918294849023
"2611","100741","Action_23","Morph_47","NR","Play","Hittingother","HitOther.3","Sonso",1.22377543162212,0.00843694493783304,0.0157637655417407
"2612","100741","Action_49","Morph_NA","NR","Play","Rub",NA,"Sonso",2.4748563139345,0.0159857904085258,0.0066607460035524
"2613","100925","Action_14","Morph_30","NR","Play","Grab","Grab.2","Sonso",0.65232518603969,0.00799289520426288,0.0353019538188277
"2614","100911b","Action_57","Morph_115","NR","Play","Stompobject","StompObject.1","Sonso",-0.82098055206983,0.0337477797513321,0.0424067495559503
"2615","100929","Action_41","Morph_85","NR","Play","Pull","Pull.2","Sonso",1.58514521986506,0.00643872113676732,0.0253108348134991
"2616","100931","Action_63","Morph_133","NR","Play","Touch","Touch.2","Sonso",-0.22314355131421,0.00754884547069272,0.0341918294849023
"2617","100742b","Action_53","Morph_113","NR","Playcontinue","Spinsomersault","SpinSomersault.1","Sonso",2.21046980408624,0.00799289520426288,0.00799289520426288
"2618","101133","Action_64","Morph_132","NR","Play","Touchlongother","Touch.1","Sonso",1.05779029414785,0.0104351687388988,0.0175399644760213
"2619","100741","Action_49","Morph_NA","NR","Play","Rub",NA,"Sonso",0.518793793415168,0.0159857904085258,0.0066607460035524
"2620","100925","Action_43","Morph_96","NR","Play","Raise","Raise.1","Sonso",0.494696241836107,0.00865896980461812,0.0113232682060391
"2621","100925","Action_64","Morph_133","NR","Play","Touchlongother","Touch.2","Sonso",1.15057202759882,0.00754884547069272,0.0175399644760213
"2622","100931","Action_64","Morph_133","NR","Play","Touchlongother","Touch.2","Sonso",2.2321626286975,0.00754884547069272,0.0175399644760213
"2623","100930","Action_41","Morph_85","NR","Play","Pull","Pull.2","Sonso",0,0.00643872113676732,0.0253108348134991
"2624","100741","Action_23","Morph_47","NR","Play","Hittingother","HitOther.3","Sonso",1.15057202759882,0.00843694493783304,0.0157637655417407
"2625","102373","Action_48","Morph_104","NR","Play","Rollover","RollOver.1","Sonso",0.494696241836107,0.00621669626998224,0.00621669626998224
"2626","100931","Action_63","Morph_133","NR","Play","Touch","Touch.2","Sonso",0.215111379616945,0.00754884547069272,0.0341918294849023
"2627","100741","Action_23","Morph_47","NR","Play","Hittingother","HitOther.3","Sonso",2.21046980408624,0.00843694493783304,0.0157637655417407
"2628","100948a","Action_63","Morph_137","NR","Play","Touch","Touch.6","Sonso",0.751416088683921,0.00488454706927176,0.0341918294849023
"2629","100741","Action_41","Morph_85","NR","Play","Pull","Pull.2","Sonso",1.54329810992956,0.00643872113676732,0.0253108348134991
"2630","100925","Action_15","Morph_36","NR","Play","Grabhold","GrabHold.2","Sonso",2.44060639089142,0.005550621669627,0.0204262877442274
"2631","100931","Action_64","Morph_133","NR","Play","Touchlongother","Touch.2","Sonso",1.91102289005487,0.00754884547069272,0.0175399644760213
"2632","100741","Action_14","Morph_30","NR","Play","Grab","Grab.2","Sonso",1.70110510095992,0.00799289520426288,0.0353019538188277
"2633","101133","Action_64","Morph_134","NR","Play","Touchlongother","Touch.3","Sonso",3.40784192438082,0.00488454706927176,0.0175399644760213
"2634","100743","Action_15","Morph_37","NR","Play","Grabhold","GrabHold.3","Sonso",1.63315443905142,0.00532859680284192,0.0204262877442274
"2635","100947","Action_14","Morph_30","NR","Play","Grab","Grab.2","Sonso",0.246860077931526,0.00799289520426288,0.0353019538188277
"2636","100925","Action_15","Morph_36","NR","Play","Grabhold","GrabHold.2","Sonso",1.81807677754543,0.005550621669627,0.0204262877442274
"2637","100741","Action_49","Morph_NA","NR","Play","Rub",NA,"Sonso",1.76473079684014,0.0159857904085258,0.0066607460035524
"2638","100768","Action_52","Morph_112","NR","Stopbehaviour","Spinroulade","SpinRoulade.1","Sonso",1.12492959698548,0.00488454706927176,0.00488454706927176
"2639","101141","Action_33","Morph_61","NR","Play","Objectmove","ObjectMove.1","Sonso",-1.02165124753198,0.0317495559502664,0.0406305506216696
"2640","101141","Action_43","Morph_96","NR","Play","Raise","Raise.1","Sonso",-0.174353387144778,0.00865896980461812,0.0113232682060391
"2641","101142","Action_45","Morph_100","NR","Play","Reach","Reach.1","Sonso",1.11185751541813,0.0408525754884547,0.0801509769094138
"2642","101141","Action_17","Morph_39","NR","Play","Hitobject","HitObject.1","Sonso",-0.510825623765991,0.0430728241563055,0.0559502664298401
"2643","100881","Action_60","Morph_127","NR","Stopbehaviour","Swing","Swing.1","Sonso",0.0769610411361284,0.0428507992895204,0.0475133214920071
"2644","102351","Action_34","Morph_65","NR","Stopbehaviour","Objectshake","ObjectShake.1","Sonso",0.770108221696074,0.0746003552397869,0.108792184724689
"2645","101141","Action_34","Morph_65","NR","Play","Objectshake","ObjectShake.1","Sonso",1.38629436111989,0.0746003552397869,0.108792184724689
"2646","101142","Action_45","Morph_100","NR","Play","Reach","Reach.1","Sonso",1.69377906086785,0.0408525754884547,0.0801509769094138
"2647","101706","Action_39","Morph_82","NR","Sexualattention","Presentgenitalsbackwards","PresentGenitals.1","Sonso",1.21194097397511,0.0295293072824156,0.033303730017762
"2648","100492","Action_50","Morph_108","NR","Play","Shake","Shake.2","Sonso",0.182321556793955,0.00466252220248668,0.0122113676731794
"2649","100492","Action_34","Morph_65","NR","Play","Objectshake","ObjectShake.1","Sonso",0.89199803930511,0.0746003552397869,0.108792184724689
"2650","100492","Action_34","Morph_65","NR","Play","Objectshake","ObjectShake.1","Sonso",0.444685821261446,0.0746003552397869,0.108792184724689
"2651","102439","Action_20","Morph_50","NR","Stopbehaviour","Hitother","HitOther.6","Sonso",-0.82098055206983,0.00488454706927176,0.0404085257548845
"2652","101273a","Action_34","Morph_65","NR","Play","Objectshake","ObjectShake.1","Sonso",1.05779029414785,0.0746003552397869,0.108792184724689
"2653","101273a","Action_24","Morph_51","NR","Play","Jump","Jump.1","Sonso",-0.653926467406664,0.00732682060390764,0.00732682060390764
"2654","101273a","Action_24","Morph_51","NR","Play","Jump","Jump.1","Sonso",-0.174353387144778,0.00732682060390764,0.00732682060390764
"2655","101273a","Action_33","Morph_62","NR","Play","Objectmove","ObjectMove.2","Sonso",0.215111379616945,0.00643872113676732,0.0406305506216696
"2656","101273a","Action_34","Morph_65","NR","Play","Objectshake","ObjectShake.1","Sonso",0.770108221696074,0.0746003552397869,0.108792184724689
"2657","100387b","Action_51","Morph_111","NR","Stopbehaviour","Spinpirouette","SpinPirouette.1","Sonso",1.01523067972906,0.00133214920071048,0.00133214920071048
"2658","101760","Action_38","Morph_77","NR","Directattention","Present","Present.3","Sonso",1.17557332980424,0.00466252220248668,0.0492895204262877
"2659","101759a","Action_38","Morph_76","NR","Directattention","Present","Present.2","Sonso",0.985816794522765,0.0135435168738899,0.0492895204262877
"2660","101777","Action_39","Morph_82","NR","Sexualattention","Presentgenitalsbackwards","PresentGenitals.1","Sonso",0.56531380905006,0.0295293072824156,0.033303730017762
"2661","101758b","Action_38","Morph_76","NR","Directattention","Present","Present.2","Sonso",-0.44628710262842,0.0135435168738899,0.0492895204262877
"2662","101827","Action_13","Morph_28","NR","Moveaway","Fling","Fling.2","Sonso",-0.44628710262842,0.00488454706927176,0.0117673179396092
"2663","101826","Action_20","Morph_46","NR","Moveaway","Hitother","HitOther.2","Sonso",-0.7339691750802,0.00932504440497336,0.0404085257548845
"2664","100554","Action_17","Morph_39","NR","Play","Hitobject","HitObject.1","Sonso",-0.27443684570176,0.0430728241563055,0.0559502664298401
"2665","100436a","Action_50","Morph_107","NR","Play","Shake","Shake.1","Sonso",-0.328504066972036,0.00355239786856128,0.0122113676731794
"2666","100436a","Action_60","Morph_127","NR","Play","Swing","Swing.1","Sonso",-0.22314355131421,0.0428507992895204,0.0475133214920071
"2667","101174","Action_55","Morph_116","NT","Play","Stompingobject","StompObject.2","Sonso",-0.627359440021942,0.0148756660746004,0.0230905861456483
"2668","100944","Action_17","Morph_41","NT","Play","Hitobject","HitObject.3","Sonso",-0.355247391947547,0.00510657193605684,0.0559502664298401
"2669","100271b","Action_39","Morph_82","NT","Sexualattention","Presentgenitalsbackwards","PresentGenitals.1","Sonso",0.336472236621213,0.0295293072824156,0.033303730017762
"2670","101178","Action_8","Morph_19","NT","Play","Dangle","Dangle.1","Sonso",0.42853038103916,0.0484014209591474,0.0484014209591474
"2671","101178","Action_60","Morph_127","NT","Play","Swing","Swing.1","Sonso",1.17433799919625,0.0428507992895204,0.0475133214920071
"2672","101174","Action_55","Morph_117","NT","Play","Stompingobject","StompObject.3","Sonso",0.917490012449637,0.00688277087033748,0.0230905861456483
"2673","101178","Action_60","Morph_127","NT","Play","Swing","Swing.1","Sonso",0.531804030151182,0.0428507992895204,0.0475133214920071
"2674","101174","Action_9","Morph_20","NT","Play","Dangleshake","DangleShake.1","Sonso",1.96108021384476,0.00710479573712256,0.00710479573712256
"2675","102494","Action_18","Morph_39","NT","Moveclose","Hitobjectobject","HitObject.1","Sonso",-0.127833371509885,0.0430728241563055,0.00466252220248668
"2676","102495","Action_1","Morph_2","NT","Position","Beckon","Beckon.2","Sonso",-0.22314355131421,0.00133214920071048,0.00155417406749556
"2677","102141","Action_63","Morph_134","NT","Staysame","Touch","Touch.3","Sonso",0.113328685307003,0.00488454706927176,0.0341918294849023
"2678","102141","Action_38","Morph_79","NT","Staysame","Present","Present.5","Sonso",0.631271776841858,0.00688277087033748,0.0492895204262877
"2679","102095","Action_50","Morph_108","NT","Playcontinue","Shake","Shake.2","Sonso",0.751416088683921,0.00466252220248668,0.0122113676731794
"2680","101857b","Action_15","Morph_35","NT","Playcontinue","Grabhold","GrabHold.1","Sonso",0.985816794522765,0.00932504440497336,0.0204262877442274
"2681","102096","Action_60","Morph_127","NT","Playcontinue","Swing","Swing.1","Sonso",0.841567185678219,0.0428507992895204,0.0475133214920071
"2682","102095","Action_60","Morph_127","NT","Playcontinue","Swing","Swing.1","Sonso",0.78845736036427,0.0428507992895204,0.0475133214920071
"2683","100921","Action_60","Morph_127","NT","Play","Swing","Swing.1","Sonso",-0.328504066972036,0.0428507992895204,0.0475133214920071
"2684","100374","Action_60","Morph_127","NT","Playcontinue","Swing","Swing.1","Sonso",-0.174353387144778,0.0428507992895204,0.0475133214920071
"2685","101457","Action_45","Morph_100","NT","Play","Reach","Reach.1","Sonso",0.542324290825362,0.0408525754884547,0.0801509769094138
"2686","101532","Action_15","Morph_35","NT","Play","Grabhold","GrabHold.1","Sonso",0.940007258491471,0.00932504440497336,0.0204262877442274
"2687","101525","Action_60","Morph_127","NT","Play","Swing","Swing.1","Sonso",0.27763173659828,0.0428507992895204,0.0475133214920071
"2688","101459","Action_41","Morph_85","NT","Play","Pull","Pull.2","Sonso",0.712949807856125,0.00643872113676732,0.0253108348134991
"2689","101532","Action_63","Morph_135","NT","Play","Touch","Touch.4","Sonso",0.392042087776024,0.00488454706927176,0.0341918294849023
"2690","101532","Action_15","Morph_35","NT","Play","Grabhold","GrabHold.1","Sonso",1.12492959698548,0.00932504440497336,0.0204262877442274
"2691","101532","Action_45","Morph_100","NT","Play","Reach","Reach.1","Sonso",0.908258560176891,0.0408525754884547,0.0801509769094138
"2692","101525","Action_60","Morph_127","NT","Play","Swing","Swing.1","Sonso",0.587786664902119,0.0428507992895204,0.0475133214920071
"2693","100723","Action_41","Morph_84","NT","Playcontinue","Pull","Pull.1","Sonso",1.49962304642689,0.00821492007104796,0.0253108348134991
"2694","100723","Action_16","Morph_38","NT","Playcontinue","Headstand","HeadStand.1","Sonso",2.37954613413017,0.0066607460035524,0.0066607460035524
"2695","100355a","Action_45","Morph_100","NT","Play","Reach","Reach.1","Sonso",0.712949807856125,0.0408525754884547,0.0801509769094138
"2696","101640a","Action_8","Morph_19","NT","Play","Dangle","Dangle.1","Sonso",2.48823443988067,0.0484014209591474,0.0484014209591474
"2697","101648","Action_8","Morph_19","NT","Play","Dangle","Dangle.1","Sonso",1.44456326924387,0.0484014209591474,0.0484014209591474
"2698","101640a","Action_57","Morph_118","NT","Play","Stompobject","StompObject.4","Sonso",-0.510825623765991,0.005550621669627,0.0424067495559503
"2699","101640a","Action_60","Morph_127","NT","Play","Swing","Swing.1","Sonso",1.37624402526639,0.0428507992895204,0.0475133214920071
"2700","100356","Action_60","Morph_127","NT","Playcontinue","Swing","Swing.1","Sonso",0.908258560176891,0.0428507992895204,0.0475133214920071
"2701","101640a","Action_17","Morph_39","NT","Play","Hitobject","HitObject.1","Sonso",-0.916290731874155,0.0430728241563055,0.0559502664298401
"2702","100355a","Action_42","Morph_91","NT","Play","Push","Push.4","Sonso",0.336472236621213,0.00932504440497336,0.0466252220248668
"2703","100794","Action_45","Morph_101","NT","Moveclose","Reach","Reach.2","Sonso",1.81156209652423,0.0370781527531083,0.0801509769094138
"2704","101640a","Action_17","Morph_41","NT","Play","Hitobject","HitObject.3","Sonso",-0.82098055206983,0.00510657193605684,0.0559502664298401
"2705","101583a","Action_52","Morph_112","NT","Play","Spinroulade","SpinRoulade.1","Sonso",1.21194097397511,0.00488454706927176,0.00488454706927176
"2706","101552","Action_14","Morph_32","NT","Play","Grab","Grab.4","Sonso",0,0.00754884547069272,0.0353019538188277
"2707","100794","Action_42","Morph_88","NT","Moveclose","Push","Push.1","Sonso",0.470003629245736,0.0106571936056838,0.0466252220248668
"2708","101583a","Action_16","Morph_38","NT","Play","Headstand","HeadStand.1","Sonso",1.11185751541813,0.0066607460035524,0.0066607460035524
"2709","100727","Action_42","Morph_95","NT","Moveclose","Push","Push.8","Sonso",0.924258901523332,0.00133214920071048,0.0466252220248668
"2710","101640a","Action_63","Morph_137","NT","Play","Touch","Touch.6","Sonso",0.631271776841858,0.00488454706927176,0.0341918294849023
"2711","100355a","Action_8","Morph_19","NT","Play","Dangle","Dangle.1","Sonso",0.78845736036427,0.0484014209591474,0.0484014209591474
"2712","101639","Action_50","Morph_108","NT","Playcontinue","Shake","Shake.2","Sonso",-0.0408219945202552,0.00466252220248668,0.0122113676731794
"2713","101640a","Action_26","Morph_53","NT","Play","Knockobject","KnockObject.1","Sonso",-0.7339691750802,0.00133214920071048,0.0011101243339254
"2714","100725","Action_41","Morph_85","NT","Playcontinue","Pull","Pull.2","Sonso",0.609765571620894,0.00643872113676732,0.0253108348134991
"2715","101552","Action_14","Morph_33","NT","Play","Grab","Grab.5","Sonso",-0.22314355131421,0.0033303730017762,0.0353019538188277
"2716","101737a","Action_15","Morph_36","NT","Play","Grabhold","GrabHold.2","Sonso",1.36609165380237,0.005550621669627,0.0204262877442274
"2717","100794","Action_63","Morph_134","NT","Moveclose","Touch","Touch.3","Sonso",0.27763173659828,0.00488454706927176,0.0341918294849023
"2718","101583a","Action_14","Morph_32","NT","Play","Grab","Grab.4","Sonso",-0.328504066972036,0.00754884547069272,0.0353019538188277
"2719","101640a","Action_17","Morph_39","NT","Play","Hitobject","HitObject.1","Sonso",-1.13943428318836,0.0430728241563055,0.0559502664298401
"2720","101552","Action_63","Morph_132","NT","Play","Touch","Touch.1","Sonso",1.02961941718116,0.0104351687388988,0.0341918294849023
"2721","101640a","Action_57","Morph_118","NT","Play","Stompobject","StompObject.4","Sonso",-0.7339691750802,0.005550621669627,0.0424067495559503
"2722","100725","Action_41","Morph_87","NT","Playcontinue","Pull","Pull.4","Sonso",1.24703229378638,0.00532859680284192,0.0253108348134991
"2723","100427a","Action_56","Morph_123","NT","Play","Stompingother","StompOther.2","Sonso",1.11185751541813,0.00244227353463588,0.00266429840142096
"2724","100427a","Action_8","Morph_19","NT","Play","Dangle","Dangle.1","Sonso",2.03339760317843,0.0484014209591474,0.0484014209591474
"2725","100495","Action_56","Morph_NA","NT","Play","Stompingother",NA,"Sonso",0.587786664902119,0.0159857904085258,0.00266429840142096
"2726","100680","Action_32","Morph_60","NT","Playcontinue","Objectmouth","ObjectMouth.1","Sonso",1.71559810826249,0.00466252220248668,0.00466252220248668
"2727","101176","Action_17","Morph_39","NT","Sociosexualattention","Hitobject","HitObject.1","Sonso",-0.567395975254385,0.0430728241563055,0.0559502664298401
"2728","100495","Action_8","Morph_19","NT","Play","Dangle","Dangle.1","Sonso",1.36609165380237,0.0484014209591474,0.0484014209591474
"2729","101994","Action_20","Morph_50","NT","Playcontinue","Hitother","HitOther.6","Sonso",0.113328685307003,0.00488454706927176,0.0404085257548845
"2730","102008","Action_17","Morph_39","NT","Play","Hitobject","HitObject.1","Sonso",-0.083381608939051,0.0430728241563055,0.0559502664298401
"2731","101992a","Action_17","Morph_39","NT","Play","Hitobject","HitObject.1","Sonso",0,0.0430728241563055,0.0559502664298401
"2732","100427a","Action_58","Morph_122","NT","Play","Stompother","StompOther.1","Sonso",-0.579818495252942,0.00244227353463588,0.00377442273534636
"2733","101993a","Action_64","Morph_139","NT","Play","Touchlongother","Touch.8","Sonso",1.18784342239605,0.00577264653641208,0.0175399644760213
"2734","100494","Action_53","Morph_113","NT","Play","Spinsomersault","SpinSomersault.1","Sonso",1.41585316336144,0.00799289520426288,0.00799289520426288
"2735","101451b","Action_45","Morph_100","NT","Play","Reach","Reach.1","Sonso",0.955511445027436,0.0408525754884547,0.0801509769094138
"2736","100745","Action_60","Morph_127","NT","Stopbehaviour","Swing","Swing.1","Sonso",0.0392207131532813,0.0428507992895204,0.0475133214920071
"2737","102008","Action_34","Morph_65","NT","Play","Objectshake","ObjectShake.1","Sonso",1.18784342239605,0.0746003552397869,0.108792184724689
"2738","100680","Action_14","Morph_30","NT","Playcontinue","Grab","Grab.2","Sonso",0.307484699747961,0.00799289520426288,0.0353019538188277
"2739","101992a","Action_20","Morph_45","NT","Play","Hitother","HitOther.1","Sonso",-0.653926467406664,0.0202042628774423,0.0404085257548845
"2740","102008","Action_8","Morph_19","NT","Play","Dangle","Dangle.1","Sonso",1.09861228866811,0.0484014209591474,0.0484014209591474
"2741","101993a","Action_60","Morph_127","NT","Play","Swing","Swing.1","Sonso",0.392042087776024,0.0428507992895204,0.0475133214920071
"2742","101993a","Action_15","Morph_35","NT","Play","Grabhold","GrabHold.1","Sonso",2.70001802940495,0.00932504440497336,0.0204262877442274
"2743","101533","Action_33","Morph_61","NT","Play","Objectmove","ObjectMove.1","Sonso",0.955511445027436,0.0317495559502664,0.0406305506216696
"2744","101993a","Action_56","Morph_123","NT","Play","Stompingother","StompOther.2","Sonso",0.494696241836107,0.00244227353463588,0.00266429840142096
"2745","101993a","Action_58","Morph_122","NT","Play","Stompother","StompOther.1","Sonso",0.0392207131532813,0.00244227353463588,0.00377442273534636
"2746","102007","Action_34","Morph_65","NT","Moveaway","Objectshake","ObjectShake.1","Sonso",1.46325540225602,0.0746003552397869,0.108792184724689
"2747","100687a","Action_60","Morph_127","NT","Play","Swing","Swing.1","Sonso",0.246860077931526,0.0428507992895204,0.0475133214920071
"2748","100426a","Action_8","Morph_19","NT","Play","Dangle","Dangle.1","Sonso",0.518793793415168,0.0484014209591474,0.0484014209591474
"2749","100687a","Action_60","Morph_127","NT","Play","Swing","Swing.1","Sonso",0.246860077931526,0.0428507992895204,0.0475133214920071
"2750","100426a","Action_63","Morph_NA","NT","Play","Touch",NA,"Sonso",0.56531380905006,0.0159857904085258,0.0341918294849023
"2751","100769b","Action_29","Morph_58","NT","Play","Locomotegallop","LocomoteGallop.1","Sonso",0.418710334858185,0.00821492007104796,0.00821492007104796
"2752","100808","Action_8","Morph_19","NT","Play","Dangle","Dangle.1","Sonso",1.99061032797322,0.0484014209591474,0.0484014209591474
"2753","100808","Action_60","Morph_127","NT","Play","Swing","Swing.1","Sonso",1.12492959698548,0.0428507992895204,0.0475133214920071
"2754","100854","Action_34","Morph_65","NT","Playcontinue","Objectshake","ObjectShake.1","Sonso",0.672944473242426,0.0746003552397869,0.108792184724689
"2755","101268b","Action_20","Morph_45","NT","Playcontinue","Hitother","HitOther.1","Sonso",-0.82098055206983,0.0202042628774423,0.0404085257548845
"2756","101801","Action_17","Morph_39","NT","Play","Hitobject","HitObject.1","Sonso",-0.328504066972036,0.0430728241563055,0.0559502664298401
"2757","101268b","Action_57","Morph_115","NT","Playcontinue","Stompobject","StompObject.1","Sonso",-0.653926467406664,0.0337477797513321,0.0424067495559503
"2758","101801","Action_8","Morph_19","NT","Play","Dangle","Dangle.1","Sonso",1.99605993274078,0.0484014209591474,0.0484014209591474
"2759","101573","Action_14","Morph_33","NT","Playcontinue","Grab","Grab.5","Sonso",0.518793793415168,0.0033303730017762,0.0353019538188277
"2760","100257","Action_27","Morph_54","NT","Playcontinue","Leafclip","LeafClip.1","Sonso",1.48160454092422,0.0044404973357016,0.00599467140319716
"2761","100256","Action_27","Morph_54","NT","Playcontinue","Leafclip","LeafClip.1","Sonso",2.03861954715958,0.0044404973357016,0.00599467140319716
"2762","101004","Action_60","Morph_127","NT","Giveme","Swing","Swing.1","Sonso",0.0392207131532813,0.0428507992895204,0.0475133214920071
"2763","101004","Action_33","Morph_61","NT","Giveme","Objectmove","ObjectMove.1","Sonso",-0.0408219945202552,0.0317495559502664,0.0406305506216696
"2764","101004","Action_33","Morph_61","NT","Giveme","Objectmove","ObjectMove.1","Sonso",-0.510825623765991,0.0317495559502664,0.0406305506216696
"2765","101004","Action_60","Morph_128","NT","Giveme","Swing","Swing.2","Sonso",0.841567185678219,0.00310834813499112,0.0475133214920071
"2766","101004","Action_33","Morph_61","NT","Giveme","Objectmove","ObjectMove.1","Sonso",-0.385662480811985,0.0317495559502664,0.0406305506216696
"2767","101004","Action_34","Morph_65","NT","Giveme","Objectshake","ObjectShake.1","Sonso",-0.27443684570176,0.0746003552397869,0.108792184724689
"2768","101004","Action_60","Morph_127","NT","Giveme","Swing","Swing.1","Sonso",0.470003629245736,0.0428507992895204,0.0475133214920071
"2769","101004","Action_34","Morph_65","NT","Giveme","Objectshake","ObjectShake.1","Sonso",0.246860077931526,0.0746003552397869,0.108792184724689
"2770","100562a","Action_63","Morph_133","NT","Climbonyou","Touch","Touch.2","Sonso",-0.083381608939051,0.00754884547069272,0.0341918294849023
"2771","101137","Action_43","Morph_96","NT","Climbonyou","Raise","Raise.1","Sonso",1.68639895357023,0.00865896980461812,0.0113232682060391
"2772","102352","Action_59","Morph_125","NT","Giveme","Stroke","Stroke.2","Sonso",3.12851338478781,0.00155417406749556,0.00377442273534636
"2773","102366","Action_63","Morph_138","NT","Giveme","Touch","Touch.7","Sonso",0.518793793415168,0.0044404973357016,0.0341918294849023
"2774","102353","Action_42","Morph_93","NT","Position","Push","Push.6","Sonso",-0.44628710262842,0.0066607460035524,0.0466252220248668
"2775","102352","Action_59","Morph_125","NT","Giveme","Stroke","Stroke.2","Sonso",2.60417007061482,0.00155417406749556,0.00377442273534636
"2776","102443","Action_45","Morph_100","NT","Directattention","Reach","Reach.1","Sonso",0.246860077931526,0.0408525754884547,0.0801509769094138
"2777","102352","Action_59","Morph_125","NT","Giveme","Stroke","Stroke.2","Sonso",1.41585316336144,0.00155417406749556,0.00377442273534636
"2778","100765","Action_42","Morph_94","NT","Travel","Push","Push.7","Sonso",0.443402947448557,0.00288632326820604,0.0466252220248668
"2779","100765","Action_42","Morph_94","NT","Travel","Push","Push.7","Sonso",-0.457284856837961,0.00288632326820604,0.0466252220248668
"2780","100955","Action_3","Morph_11","NT","Playcontinue","Bite","Bite.3","Sonso",1.13783300182139,0.00310834813499112,0.0168738898756661
"2781","101131","Action_48","Morph_104","NT","Play","Rollover","RollOver.1","Sonso",2.85186190313429,0.00621669626998224,0.00621669626998224
"2782","101131","Action_63","Morph_137","NT","Play","Touch","Touch.6","Sonso",0.27763173659828,0.00488454706927176,0.0341918294849023
"2783","100535","Action_63","Morph_139","NT","Attendme","Touch","Touch.8","Sonso",0.542324290825362,0.00577264653641208,0.0341918294849023
"2784","100006","Action_42","Morph_93","NT","Position","Push","Push.6","Sonso",-0.127833371509885,0.0066607460035524,0.0466252220248668
"2785","100894","Action_64","Morph_140","NT","Giveme","Touchlongother","Touch.9","Sonso",2.44755086324423,0.00399644760213144,0.0175399644760213
"2786","102366","Action_45","Morph_101","NT","Giveme","Reach","Reach.2","Sonso",0.89199803930511,0.0370781527531083,0.0801509769094138
"2787","102352","Action_17","Morph_39","NT","Giveme","Hitobject","HitObject.1","Sonso",-0.22314355131421,0.0430728241563055,0.0559502664298401
"2788","100955","Action_34","Morph_65","NT","Playcontinue","Objectshake","ObjectShake.1","Sonso",0.182321556793955,0.0746003552397869,0.108792184724689
"2789","102363","Action_45","Morph_101","NT","Giveme","Reach","Reach.2","Sonso",1.85629799036563,0.0370781527531083,0.0801509769094138
"2790","102366","Action_45","Morph_101","NT","Giveme","Reach","Reach.2","Sonso",2.18829594659192,0.0370781527531083,0.0801509769094138
"2791","100765","Action_42","Morph_94","NT","Travel","Push","Push.7","Sonso",0.242946178610389,0.00288632326820604,0.0466252220248668
"2792","102352","Action_60","Morph_127","NT","Giveme","Swing","Swing.1","Sonso",0,0.0428507992895204,0.0475133214920071
"2793","100765","Action_42","Morph_94","NT","Travel","Push","Push.7","Sonso",-0.12897038129696,0.00288632326820604,0.0466252220248668
"2794","102352","Action_20","Morph_45","NT","Giveme","Hitother","HitOther.1","Sonso",-0.27443684570176,0.0202042628774423,0.0404085257548845
"2795","101282","Action_43","Morph_96","NT","Givemenurse","Raise","Raise.1","Sonso",-0.44628710262842,0.00865896980461812,0.0113232682060391
"2796","101664a","Action_43","Morph_96","NT","Givemenurse","Raise","Raise.1","Sonso",0.307484699747961,0.00865896980461812,0.0113232682060391
"2797","100765","Action_42","Morph_94","NT","Travel","Push","Push.7","Sonso",-0.279713902802604,0.00288632326820604,0.0466252220248668
"2798","102365","Action_64","Morph_140","NT","Giveme","Touchlongother","Touch.9","Sonso",2.54944517092557,0.00399644760213144,0.0175399644760213
"2799","101261","Action_42","Morph_93","NT","Position","Push","Push.6","Sonso",-0.385662480811985,0.0066607460035524,0.0466252220248668
"2800","100880","Action_13","Morph_27","NT","Givemenurse","Fling","Fling.1","Sonso",0.148420005118273,0.00688277087033748,0.0117673179396092
"2801","102352","Action_23","Morph_47","NT","Giveme","Hittingother","HitOther.3","Sonso",0.587786664902119,0.00843694493783304,0.0157637655417407
"2802","101246","Action_43","Morph_98","NT","Givemenurse","Raise","Raise.3","Sonso",3.64805745959368,0.00177619893428064,0.0113232682060391
"2803","100880","Action_13","Morph_27","NT","Givemenurse","Fling","Fling.1","Sonso",0.0769610411361284,0.00688277087033748,0.0117673179396092
"2804","102354","Action_63","Morph_140","NT","Giveme","Touch","Touch.9","Sonso",1.21194097397511,0.00399644760213144,0.0341918294849023
"2805","100954a","Action_33","Morph_62","NT","Play","Objectmove","ObjectMove.2","Sonso",1.48160454092422,0.00643872113676732,0.0406305506216696
"2806","102352","Action_60","Morph_127","NT","Giveme","Swing","Swing.1","Sonso",0.444685821261446,0.0428507992895204,0.0475133214920071
"2807","100954a","Action_33","Morph_62","NT","Play","Objectmove","ObjectMove.2","Sonso",0.908258560176891,0.00643872113676732,0.0406305506216696
"2808","101868a","Action_38","Morph_75","NT","Groom","Present","Present.1","Sonso",1.94591014905531,0.0170959147424512,0.0492895204262877
"2809","100765","Action_41","Morph_87","NT","Travel","Pull","Pull.4","Sonso",0.0685927914656117,0.00532859680284192,0.0253108348134991
"2810","100765","Action_42","Morph_94","NT","Travel","Push","Push.7","Sonso",0.387979793767145,0.00288632326820604,0.0466252220248668
"2811","102365","Action_45","Morph_101","NT","Giveme","Reach","Reach.2","Sonso",2.4748563139345,0.0370781527531083,0.0801509769094138
"2812","102352","Action_23","Morph_47","NT","Giveme","Hittingother","HitOther.3","Sonso",1.60140574073684,0.00843694493783304,0.0157637655417407
"2813","102366","Action_63","Morph_138","NT","Giveme","Touch","Touch.7","Sonso",0.732367893713227,0.0044404973357016,0.0341918294849023
"2814","100299","Action_38","Morph_76","NT","Groom","Present","Present.2","Sonso",0.307484699747961,0.0135435168738899,0.0492895204262877
"2815","102352","Action_23","Morph_47","NT","Giveme","Hittingother","HitOther.3","Sonso",0.494696241836107,0.00843694493783304,0.0157637655417407
"2816","101137","Action_43","Morph_96","NT","Climbonyou","Raise","Raise.1","Sonso",1.93441576962958,0.00865896980461812,0.0113232682060391
"2817","102352","Action_45","Morph_100","NT","Giveme","Reach","Reach.1","Sonso",0.841567185678219,0.0408525754884547,0.0801509769094138
"2818","101433","Action_8","Morph_19","NT","Play","Dangle","Dangle.1","Sonso",1.07158361628019,0.0484014209591474,0.0484014209591474
"2819","102366","Action_45","Morph_101","NT","Giveme","Reach","Reach.2","Sonso",1.86872051036418,0.0370781527531083,0.0801509769094138
"2820","101430","Action_43","Morph_96","NT","Givemenurse","Raise","Raise.1","Sonso",0.182321556793955,0.00865896980461812,0.0113232682060391
"2821","102352","Action_45","Morph_101","NT","Giveme","Reach","Reach.2","Sonso",1.1999647829284,0.0370781527531083,0.0801509769094138
"2822","100765","Action_42","Morph_94","NT","Travel","Push","Push.7","Sonso",-0.309246250367621,0.00288632326820604,0.0466252220248668
"2823","100765","Action_42","Morph_94","NT","Travel","Push","Push.7","Sonso",0.164666621555234,0.00288632326820604,0.0466252220248668
"2824","100573","Action_3","Morph_11","NT","Stopbehaviour","Bite","Bite.3","Sonso",1.30291275218084,0.00310834813499112,0.0168738898756661
"2825","100484a","Action_8","Morph_19","NT","Play","Dangle","Dangle.1","Sonso",2.089391872533,0.0484014209591474,0.0484014209591474
"2826","100481","Action_8","Morph_19","NT","Play","Dangle","Dangle.1","Sonso",1.87487437593856,0.0484014209591474,0.0484014209591474
"2827","100573","Action_3","Morph_13","NT","Stopbehaviour","Bite","Bite.5","Sonso",0.148420005118273,0.0011101243339254,0.0168738898756661
"2828","100487a","Action_33","Morph_62","NT","Play","Objectmove","ObjectMove.2","Sonso",-0.0408219945202552,0.00643872113676732,0.0406305506216696
"2829","100382","Action_34","Morph_65","NT","Play","Objectshake","ObjectShake.1","Sonso",0.56531380905006,0.0746003552397869,0.108792184724689
"2830","100483","Action_33","Morph_62","NT","Play","Objectmove","ObjectMove.2","Sonso",1.59330853050422,0.00643872113676732,0.0406305506216696
"2831","100487a","Action_33","Morph_61","NT","Play","Objectmove","ObjectMove.1","Sonso",-0.22314355131421,0.0317495559502664,0.0406305506216696
"2832","100486","Action_11","Morph_22","NT","Affiliation","Embrace","Embrace.1","Sonso",0.78845736036427,0.00288632326820604,0.005550621669627
"2833","100481","Action_52","Morph_112","NT","Play","Spinroulade","SpinRoulade.1","Sonso",1.11185751541813,0.00488454706927176,0.00488454706927176
"2834","100004","Action_39","Morph_82","NT","Staysame","Presentgenitalsbackwards","PresentGenitals.1","Sonso",0.940007258491471,0.0295293072824156,0.033303730017762
"2835","100957","Action_15","Morph_37","NT","Play","Grabhold","GrabHold.3","Sonso",2.32238772029023,0.00532859680284192,0.0204262877442274
"2836","100753","Action_34","Morph_NA","NT","Playcontinue","Objectshake",NA,"Sonso",0.336472236621213,0.0159857904085258,0.108792184724689
"2837","101887","Action_57","Morph_115","NT","Play","Stompobject","StompObject.1","Sonso",-0.653926467406664,0.0337477797513321,0.0424067495559503
"2838","100567","Action_53","Morph_113","NT","Play","Spinsomersault","SpinSomersault.1","Sonso",0.970778917158225,0.00799289520426288,0.00799289520426288
"2839","100567","Action_52","Morph_112","NT","Play","Spinroulade","SpinRoulade.1","Sonso",1.39624469197306,0.00488454706927176,0.00488454706927176
"2840","101096","Action_60","Morph_127","NT","Play","Swing","Swing.1","Sonso",0.470003629245736,0.0428507992895204,0.0475133214920071
"2841","100795","Action_60","Morph_127","NT","Playcontinue","Swing","Swing.1","Sonso",0.806475865866949,0.0428507992895204,0.0475133214920071
"2842","100752","Action_50","Morph_108","NT","Playcontinue","Shake","Shake.2","Sonso",0.56531380905006,0.00466252220248668,0.0122113676731794
"2843","100957","Action_53","Morph_113","NT","Play","Spinsomersault","SpinSomersault.1","Sonso",0.732367893713227,0.00799289520426288,0.00799289520426288
"2844","100567","Action_3","Morph_12","NT","Play","Bite","Bite.4","Sonso",1.60140574073684,0.00177619893428064,0.0168738898756661
"2845","100948b","Action_14","Morph_33","NT","Play","Grab","Grab.5","Sonso",0.0769610411361284,0.0033303730017762,0.0353019538188277
"2846","100752","Action_60","Morph_127","NT","Playcontinue","Swing","Swing.1","Sonso",-0.083381608939051,0.0428507992895204,0.0475133214920071
"2847","100566","Action_33","Morph_61","NT","Play","Objectmove","ObjectMove.1","Sonso",0,0.0317495559502664,0.0406305506216696
"2848","100566","Action_60","Morph_128","NT","Play","Swing","Swing.2","Sonso",0,0.00310834813499112,0.0475133214920071
"2849","101887","Action_21","Morph_43","NT","Play","Hittingobject","HitObject.5","Sonso",0.587786664902119,0.0044404973357016,0.00799289520426288
"2850","100753","Action_17","Morph_39","NT","Playcontinue","Hitobject","HitObject.1","Sonso",-0.328504066972036,0.0430728241563055,0.0559502664298401
"2851","100569","Action_48","Morph_104","NT","Play","Rollover","RollOver.1","Sonso",1.17557332980424,0.00621669626998224,0.00621669626998224
"2852","102329","Action_8","Morph_19","NT","Play","Dangle","Dangle.1","Sonso",0.336472236621213,0.0484014209591474,0.0484014209591474
"2853","101892","Action_41","Morph_84","NT","Playcontinue","Pull","Pull.1","Sonso",0.631271776841858,0.00821492007104796,0.0253108348134991
"2854","100948b","Action_15","Morph_35","NT","Play","Grabhold","GrabHold.1","Sonso",2.99373027088332,0.00932504440497336,0.0204262877442274
"2855","100747","Action_14","Morph_34","NT","Play","Grab","Grab.6","Sonso",-0.27443684570176,0.00355239786856128,0.0353019538188277
"2856","100753","Action_60","Morph_129","NT","Playcontinue","Swing","Swing.3","Sonso",-0.174353387144778,0.0011101243339254,0.0475133214920071
"2857","100751","Action_60","Morph_127","NT","Play","Swing","Swing.1","Sonso",0.113328685307003,0.0428507992895204,0.0475133214920071
"2858","100742a","Action_42","Morph_95","NT","Playcontinue","Push","Push.8","Sonso",-0.127833371509885,0.00133214920071048,0.0466252220248668
"2859","100911a","Action_20","Morph_46","NT","Play","Hitother","HitOther.2","Sonso",-0.127833371509885,0.00932504440497336,0.0404085257548845
"2860","100567","Action_17","Morph_39","NT","Play","Hitobject","HitObject.1","Sonso",-0.385662480811985,0.0430728241563055,0.0559502664298401
"2861","102329","Action_60","Morph_128","NT","Play","Swing","Swing.2","Sonso",-0.127833371509885,0.00310834813499112,0.0475133214920071
"2862","100568","Action_52","Morph_112","NT","Stopbehaviour","Spinroulade","SpinRoulade.1","Sonso",1.12492959698548,0.00488454706927176,0.00488454706927176
"2863","101042","Action_20","Morph_45","NT","Play","Hitother","HitOther.1","Sonso",-0.916290731874155,0.0202042628774423,0.0404085257548845
"2864","100753","Action_8","Morph_19","NT","Playcontinue","Dangle","Dangle.1","Sonso",1.80500469597808,0.0484014209591474,0.0484014209591474
"2865","102356","Action_20","Morph_45","NT","Play","Hitother","HitOther.1","Sonso",-0.579818495252942,0.0202042628774423,0.0404085257548845
"2866","101096","Action_60","Morph_127","NT","Play","Swing","Swing.1","Sonso",0.364643113587909,0.0428507992895204,0.0475133214920071
"2867","100795","Action_8","Morph_19","NT","Playcontinue","Dangle","Dangle.1","Sonso",0.841567185678219,0.0484014209591474,0.0484014209591474
"2868","102356","Action_8","Morph_19","NT","Play","Dangle","Dangle.1","Sonso",0.89199803930511,0.0484014209591474,0.0484014209591474
"2869","101042","Action_17","Morph_39","NT","Play","Hitobject","HitObject.1","Sonso",-1.02165124753198,0.0430728241563055,0.0559502664298401
"2870","100567","Action_61","Morph_130","NT","Play","Throwobject","ThrowObject.1","Sonso",0.113328685307003,0.00244227353463588,0.00244227353463588
"2871","100742a","Action_14","Morph_34","NT","Playcontinue","Grab","Grab.6","Sonso",1.04380405217311,0.00355239786856128,0.0353019538188277
"2872","100753","Action_60","Morph_127","NT","Playcontinue","Swing","Swing.1","Sonso",0.27763173659828,0.0428507992895204,0.0475133214920071
"2873","100948b","Action_15","Morph_35","NT","Play","Grabhold","GrabHold.1","Sonso",1.45395300959371,0.00932504440497336,0.0204262877442274
"2874","100910","Action_60","Morph_127","NT","Play","Swing","Swing.1","Sonso",0.609765571620894,0.0428507992895204,0.0475133214920071
"2875","101894","Action_57","Morph_118","NT","Play","Stompobject","StompObject.4","Sonso",-0.22314355131421,0.005550621669627,0.0424067495559503
"2876","100570","Action_55","Morph_117","NT","Play","Stompingobject","StompObject.3","Sonso",-0.174353387144778,0.00688277087033748,0.0230905861456483
"2877","100522","Action_6","Morph_18","NT","Play","Bow","Bow.1","Sonso",-0.328504066972036,0.00177619893428064,0.00177619893428064
"2878","100949","Action_45","Morph_101","NT","Play","Reach","Reach.2","Sonso",0.307484699747961,0.0370781527531083,0.0801509769094138
"2879","100956","Action_57","Morph_115","NT","Play","Stompobject","StompObject.1","Sonso",-1.13943428318836,0.0337477797513321,0.0424067495559503
"2880","101867","Action_34","Morph_65","NT","Play","Objectshake","ObjectShake.1","Sonso",0.712949807856125,0.0746003552397869,0.108792184724689
"2881","101140","Action_55","Morph_117","NT","Moveaway","Stompingobject","StompObject.3","Sonso",0.542324290825362,0.00688277087033748,0.0230905861456483
"2882","101894","Action_55","Morph_116","NT","Play","Stompingobject","StompObject.2","Sonso",-0.510825623765991,0.0148756660746004,0.0230905861456483
"2883","100571","Action_57","Morph_115","NT","Play","Stompobject","StompObject.1","Sonso",-0.653926467406664,0.0337477797513321,0.0424067495559503
"2884","100570","Action_17","Morph_40","NT","Play","Hitobject","HitObject.2","Sonso",-0.510825623765991,0.0119893428063943,0.0559502664298401
"2885","100956","Action_17","Morph_39","NT","Play","Hitobject","HitObject.1","Sonso",-1.02165124753198,0.0430728241563055,0.0559502664298401
"2886","100522","Action_43","Morph_98","NT","Play","Raise","Raise.3","Sonso",0.712949807856125,0.00177619893428064,0.0113232682060391
"2887","100877","Action_34","Morph_65","NT","Play","Objectshake","ObjectShake.1","Sonso",1.6094379124341,0.0746003552397869,0.108792184724689
"2888","100877","Action_57","Morph_115","NT","Play","Stompobject","StompObject.1","Sonso",-0.385662480811985,0.0337477797513321,0.0424067495559503
"2889","100877","Action_57","Morph_115","NT","Play","Stompobject","StompObject.1","Sonso",-0.385662480811985,0.0337477797513321,0.0424067495559503
"2890","100522","Action_50","Morph_110","NT","Play","Shake","Shake.4","Sonso",-0.127833371509885,0.00399644760213144,0.0122113676731794
"2891","100571","Action_57","Morph_115","NT","Play","Stompobject","StompObject.1","Sonso",-0.7339691750802,0.0337477797513321,0.0424067495559503
"2892","100571","Action_57","Morph_115","NT","Play","Stompobject","StompObject.1","Sonso",-0.27443684570176,0.0337477797513321,0.0424067495559503
"2893","100571","Action_10","Morph_21","NT","Play","Drum","Drum.1","Sonso",-0.916290731874155,0.0033303730017762,0.0033303730017762
"2894","100910","Action_57","Morph_115","NT","Play","Stompobject","StompObject.1","Sonso",-0.44628710262842,0.0337477797513321,0.0424067495559503
"2895","101867","Action_33","Morph_64","NT","Play","Objectmove","ObjectMove.4","Sonso",0.542324290825362,0.00066607460035524,0.0406305506216696
"2896","100570","Action_21","Morph_42","NT","Play","Hittingobject","HitObject.4","Sonso",-0.27443684570176,0.00599467140319716,0.00799289520426288
"2897","100910","Action_34","Morph_67","NT","Play","Objectshake","ObjectShake.3","Sonso",0.78845736036427,0.0022202486678508,0.108792184724689
"2898","100956","Action_29","Morph_58","NT","Play","Locomotegallop","LocomoteGallop.1","Sonso",0.494696241836107,0.00821492007104796,0.00821492007104796
"2899","100949","Action_17","Morph_39","NT","Play","Hitobject","HitObject.1","Sonso",-0.22314355131421,0.0430728241563055,0.0559502664298401
"2900","100522","Action_6","Morph_18","NT","Play","Bow","Bow.1","Sonso",0.361861470626032,0.00177619893428064,0.00177619893428064
"2901","100877","Action_34","Morph_67","NT","Play","Objectshake","ObjectShake.3","Sonso",1.33500106673234,0.0022202486678508,0.108792184724689
"2902","100522","Action_6","Morph_18","NT","Play","Bow","Bow.1","Sonso",0.958583644064407,0.00177619893428064,0.00177619893428064
"2903","100877","Action_57","Morph_115","NT","Play","Stompobject","StompObject.1","Sonso",-1.42711635564015,0.0337477797513321,0.0424067495559503
"2904","101867","Action_57","Morph_115","NT","Play","Stompobject","StompObject.1","Sonso",0,0.0337477797513321,0.0424067495559503
"2905","100956","Action_57","Morph_120","NT","Play","Stompobject","StompObject.6","Sonso",-0.385662480811985,0.00133214920071048,0.0424067495559503
"2906","100570","Action_17","Morph_39","NT","Play","Hitobject","HitObject.1","Sonso",-1.27296567581289,0.0430728241563055,0.0559502664298401
"2907","100910","Action_60","Morph_127","NT","Play","Swing","Swing.1","Sonso",1.13783300182139,0.0428507992895204,0.0475133214920071
"2908","100522","Action_43","Morph_98","NT","Play","Raise","Raise.3","Sonso",1.94017947434633,0.00177619893428064,0.0113232682060391
"2909","100570","Action_57","Morph_115","NT","Play","Stompobject","StompObject.1","Sonso",-0.44628710262842,0.0337477797513321,0.0424067495559503
"2910","100910","Action_60","Morph_127","NT","Play","Swing","Swing.1","Sonso",1.02961941718116,0.0428507992895204,0.0475133214920071
"2911","100571","Action_17","Morph_39","NT","Play","Hitobject","HitObject.1","Sonso",-1.13943428318836,0.0430728241563055,0.0559502664298401
"2912","100910","Action_55","Morph_116","NT","Play","Stompingobject","StompObject.2","Sonso",0.307484699747961,0.0148756660746004,0.0230905861456483
"2913","100956","Action_57","Morph_115","NT","Play","Stompobject","StompObject.1","Sonso",-0.27443684570176,0.0337477797513321,0.0424067495559503
"2914","100877","Action_8","Morph_19","NT","Play","Dangle","Dangle.1","Sonso",1.02961941718116,0.0484014209591474,0.0484014209591474
"2915","100956","Action_57","Morph_115","NT","Play","Stompobject","StompObject.1","Sonso",-1.13943428318836,0.0337477797513321,0.0424067495559503
"2916","100910","Action_34","Morph_67","NT","Play","Objectshake","ObjectShake.3","Sonso",1.62531126159039,0.0022202486678508,0.108792184724689
"2917","100522","Action_16","Morph_38","NT","Play","Headstand","HeadStand.1","Sonso",0.841567185678219,0.0066607460035524,0.0066607460035524
"2918","101043","Action_51","Morph_111","NT","Stopbehaviour","Spinpirouette","SpinPirouette.1","Sonso",0.609765571620894,0.00133214920071048,0.00133214920071048
"2919","101245","Action_60","Morph_127","NT","Play","Swing","Swing.1","Sonso",-0.0408219945202552,0.0428507992895204,0.0475133214920071
"2920","100377a","Action_29","Morph_58","NT","Play","Locomotegallop","LocomoteGallop.1","Sonso",1.23547147138531,0.00821492007104796,0.00821492007104796
"2921","101245","Action_57","Morph_115","NT","Play","Stompobject","StompObject.1","Sonso",-0.916290731874155,0.0337477797513321,0.0424067495559503
"2922","101245","Action_60","Morph_127","NT","Play","Swing","Swing.1","Sonso",0.0953101798043249,0.0428507992895204,0.0475133214920071
"2923","101245","Action_9","Morph_20","NT","Play","Dangleshake","DangleShake.1","Sonso",1.46902575871736,0.00710479573712256,0.00710479573712256
"2924","100379","Action_29","Morph_58","NT","Play","Locomotegallop","LocomoteGallop.1","Sonso",1.11185751541813,0.00821492007104796,0.00821492007104796
"2925","101245","Action_8","Morph_19","NT","Play","Dangle","Dangle.1","Sonso",0.672944473242426,0.0484014209591474,0.0484014209591474
"2926","101245","Action_8","Morph_19","NT","Play","Dangle","Dangle.1","Sonso",1.00063188030791,0.0484014209591474,0.0484014209591474
"2927","101245","Action_8","Morph_19","NT","Play","Dangle","Dangle.1","Sonso",0.660107326481745,0.0484014209591474,0.0484014209591474
"2928","100378","Action_29","Morph_58","NT","Play","Locomotegallop","LocomoteGallop.1","Sonso",1.50851199384414,0.00821492007104796,0.00821492007104796
"2929","102001a","Action_14","Morph_31","NT","Play","Grab","Grab.3","Sonso",0.148420005118273,0.00466252220248668,0.0353019538188277
"2930","101089","Action_8","Morph_19","NT","Play","Dangle","Dangle.1","Sonso",0.27763173659828,0.0484014209591474,0.0484014209591474
"2931","102144","Action_2","Morph_4","NT","Groom","Bigloudscratch","BigLoudScratch.2","Sonso",1.45395300959371,0.019316163410302,0.0577264653641208
"2932","102001a","Action_14","Morph_31","NT","Play","Grab","Grab.3","Sonso",-0.174353387144778,0.00466252220248668,0.0353019538188277
"2933","101093","Action_60","Morph_127","NT","Playcontinue","Swing","Swing.1","Sonso",1.50851199384414,0.0428507992895204,0.0475133214920071
"2934","101089","Action_60","Morph_127","NT","Play","Swing","Swing.1","Sonso",0.0392207131532813,0.0428507992895204,0.0475133214920071
"2935","101696","Action_53","Morph_113","NT","Stopbehaviour","Spinsomersault","SpinSomersault.1","Sonso",1.26976054486394,0.00799289520426288,0.00799289520426288
"2936","102144","Action_38","Morph_75","NT","Groom","Present","Present.1","Sonso",1.21194097397511,0.0170959147424512,0.0492895204262877
"2937","102001a","Action_20","Morph_45","NT","Play","Hitother","HitOther.1","Sonso",-0.174353387144778,0.0202042628774423,0.0404085257548845
"2938","102001a","Action_20","Morph_45","NT","Play","Hitother","HitOther.1","Sonso",0.0392207131532813,0.0202042628774423,0.0404085257548845
"2939","102001a","Action_63","Morph_137","NT","Play","Touch","Touch.6","Sonso",0.392042087776024,0.00488454706927176,0.0341918294849023
"2940","102003a","Action_45","Morph_100","NT","Play","Reach","Reach.1","Sonso",1.17557332980424,0.0408525754884547,0.0801509769094138
"2941","102001a","Action_34","Morph_65","NT","Play","Objectshake","ObjectShake.1","Sonso",1.74396880539171,0.0746003552397869,0.108792184724689
"2942","101741","Action_63","Morph_134","NT","Play","Touch","Touch.3","Sonso",0.89199803930511,0.00488454706927176,0.0341918294849023
"2943","101741","Action_14","Morph_30","NT","Play","Grab","Grab.2","Sonso",0.908258560176891,0.00799289520426288,0.0353019538188277
"2944","100884","Action_17","Morph_39","NT","Play","Hitobject","HitObject.1","Sonso",0.0769610411361284,0.0430728241563055,0.0559502664298401
"2945","101173","Action_17","Morph_39","NT","Play","Hitobject","HitObject.1","Sonso",-0.455706324544911,0.0430728241563055,0.0559502664298401
"2946","100883b","Action_60","Morph_127","NT","Play","Swing","Swing.1","Sonso",-0.083381608939051,0.0428507992895204,0.0475133214920071
"2947","100883b","Action_60","Morph_127","NT","Play","Swing","Swing.1","Sonso",0.0769610411361284,0.0428507992895204,0.0475133214920071
"2948","100883b","Action_60","Morph_127","NT","Play","Swing","Swing.1","Sonso",0.215111379616945,0.0428507992895204,0.0475133214920071
"2949","100883b","Action_34","Morph_NA","NT","Play","Objectshake",NA,"Sonso",0.364643113587909,0.0159857904085258,0.108792184724689
"2950","101267","Action_29","Morph_58","NT","Play","Locomotegallop","LocomoteGallop.1","Sonso",1.60140574073684,0.00821492007104796,0.00821492007104796
"2951","100726","Action_29","Morph_58","NT","Stopbehaviour","Locomotegallop","LocomoteGallop.1","Sonso",0.113328685307003,0.00821492007104796,0.00821492007104796
"2952","102145","Action_45","Morph_101","NT","Affiliation","Reach","Reach.2","Sonso",0.336472236621213,0.0370781527531083,0.0801509769094138
"2953","100437","Action_17","Morph_40","NT","Play","Hitobject","HitObject.2","Sonso",-0.127833371509885,0.0119893428063943,0.0559502664298401
"2954","101614a","Action_14","Morph_32","NT","Play","Grab","Grab.4","Sonso",0.246860077931526,0.00754884547069272,0.0353019538188277
"2955","102491a","Action_20","Morph_45","NT","Stopbehaviour","Hitother","HitOther.1","Sonso",-0.22314355131421,0.0202042628774423,0.0404085257548845
"2956","101547","Action_20","Morph_45","NT","Play","Hitother","HitOther.1","Sonso",-0.7339691750802,0.0202042628774423,0.0404085257548845
"2957","101547","Action_8","Morph_19","NT","Play","Dangle","Dangle.1","Sonso",2.25339484880327,0.0484014209591474,0.0484014209591474
"2958","101547","Action_14","Morph_32","NT","Play","Grab","Grab.4","Sonso",-0.127833371509885,0.00754884547069272,0.0353019538188277
"2959","100906b","Action_43","Morph_96","NT","Stopbehaviour","Raise","Raise.1","Sonso",-0.385662480811985,0.00865896980461812,0.0113232682060391
"2960","101547","Action_20","Morph_45","NT","Play","Hitother","HitOther.1","Sonso",-0.82098055206983,0.0202042628774423,0.0404085257548845
"2961","101547","Action_58","Morph_NA","NT","Play","Stompother",NA,"Sonso",-0.916290731874155,0.0159857904085258,0.00377442273534636
"2962","101547","Action_20","Morph_45","NT","Play","Hitother","HitOther.1","Sonso",-0.82098055206983,0.0202042628774423,0.0404085257548845
"2963","101805","Action_60","Morph_128","NT","Playcontinue","Swing","Swing.2","Sonso",0.215111379616945,0.00310834813499112,0.0475133214920071
"2964","101694","Action_20","Morph_50","NT","Play","Hitother","HitOther.6","Sonso",-0.385662480811985,0.00488454706927176,0.0404085257548845
"2965","100861","Action_60","Morph_128","NT","Play","Swing","Swing.2","Sonso",1.12492959698548,0.00310834813499112,0.0475133214920071
"2966","100058","Action_32","Morph_60","NT","Playcontinue","Objectmouth","ObjectMouth.1","Sonso",1.93441576962958,0.00466252220248668,0.00466252220248668
"2967","100046","Action_63","Morph_140","NT","Playcontinue","Touch","Touch.9","Sonso",-0.083381608939051,0.00399644760213144,0.0341918294849023
"2968","101694","Action_20","Morph_50","NT","Play","Hitother","HitOther.6","Sonso",-0.579818495252942,0.00488454706927176,0.0404085257548845
"2969","100107","Action_45","Morph_102","NT","Play","Reach","Reach.3","Sonso",-0.385662480811985,0.0022202486678508,0.0801509769094138
"2970","101805","Action_60","Morph_127","NT","Playcontinue","Swing","Swing.1","Sonso",0.148420005118273,0.0428507992895204,0.0475133214920071
"2971","101799","Action_8","Morph_19","NT","Play","Dangle","Dangle.1","Sonso",1.09861228866811,0.0484014209591474,0.0484014209591474
"2972","101805","Action_45","Morph_101","NT","Playcontinue","Reach","Reach.2","Sonso",0.0392207131532813,0.0370781527531083,0.0801509769094138
"2973","100047","Action_16","Morph_38","NT","Playcontinue","Headstand","HeadStand.1","Sonso",0.65232518603969,0.0066607460035524,0.0066607460035524
"2974","100861","Action_25","Morph_52","NT","Play","Kickpunch","KickPunch.1","Sonso",-0.44628710262842,0.0022202486678508,0.0022202486678508
"2975","100273","Action_64","Morph_138","NT","Giveme","Touchlongother","Touch.7","Sonso",0.836814530372358,0.0044404973357016,0.0175399644760213
"2976","100273","Action_45","Morph_101","NT","Giveme","Reach","Reach.2","Sonso",1.39624469197306,0.0370781527531083,0.0801509769094138
"2977","102142b","Action_38","Morph_79","NT","Affiliation","Present","Present.5","Sonso",1.11185751541813,0.00688277087033748,0.0492895204262877
"2978","100273","Action_45","Morph_101","NT","Giveme","Reach","Reach.2","Sonso",2.04381436403668,0.0370781527531083,0.0801509769094138
"2979","100191b","Action_39","Morph_82","OK","Sexualattention","Presentgenitalsbackwards","PresentGenitals.1","Sonso",0.494696241836107,0.0295293072824156,0.033303730017762
"2980","100154","Action_39","Morph_82","OK","Sexualattention","Presentgenitalsbackwards","PresentGenitals.1","Sonso",0.858661619037519,0.0295293072824156,0.033303730017762
"2981","100316","Action_39","Morph_82","OK","Sexualattention","Presentgenitalsbackwards","PresentGenitals.1","Sonso",0.27763173659828,0.0295293072824156,0.033303730017762
"2982","100223","Action_55","Morph_116","OK","Play","Stompingobject","StompObject.2","Sonso",0.0392207131532813,0.0148756660746004,0.0230905861456483
"2983","100223","Action_17","Morph_39","OK","Play","Hitobject","HitObject.1","Sonso",-1.13943428318836,0.0430728241563055,0.0559502664298401
"2984","100223","Action_24","Morph_51","OK","Play","Jump","Jump.1","Sonso",-0.653926467406664,0.00732682060390764,0.00732682060390764
"2985","100223","Action_17","Morph_39","OK","Play","Hitobject","HitObject.1","Sonso",-0.579818495252942,0.0430728241563055,0.0559502664298401
"2986","100223","Action_20","Morph_45","OK","Play","Hitother","HitOther.1","Sonso",-1.6094379124341,0.0202042628774423,0.0404085257548845
"2987","100223","Action_17","Morph_40","OK","Play","Hitobject","HitObject.2","Sonso",-0.385662480811985,0.0119893428063943,0.0559502664298401
"2988","100223","Action_60","Morph_127","OK","Play","Swing","Swing.1","Sonso",-0.328504066972036,0.0428507992895204,0.0475133214920071
"2989","100145","Action_45","Morph_100","OK","Sociosexualattention","Reach","Reach.1","Sonso",0.182321556793955,0.0408525754884547,0.0801509769094138
"2990","100314","Action_38","Morph_77","OK","Directattention","Present","Present.3","Sonso",0.494696241836107,0.00466252220248668,0.0492895204262877
"2991","100026","Action_39","Morph_82","OK","Staysame","Presentgenitalsbackwards","PresentGenitals.1","Sonso",1.11185751541813,0.0295293072824156,0.033303730017762
"2992","100082a","Action_2","Morph_3","OK","Groom","Bigloudscratch","BigLoudScratch.1","Sonso",1.49962304642689,0.0215364120781528,0.0577264653641208
"2993","100130","Action_39","Morph_82","OK","Staysame","Presentgenitalsbackwards","PresentGenitals.1","Sonso",1.25846098961001,0.0295293072824156,0.033303730017762
"2994","100120","Action_39","Morph_82","OK","Staysame","Presentgenitalsbackwards","PresentGenitals.1","Sonso",0.0392207131532813,0.0295293072824156,0.033303730017762
"2995","102408","Action_38","Morph_79","PN","Staysame","Present","Present.5","Sonso",0.0392207131532813,0.00688277087033748,0.0492895204262877
"2996","101168","Action_55","Morph_117","PS","Sexualattention","Stompingobject","StompObject.3","Sonso",1.55180879959746,0.00688277087033748,0.0230905861456483
"2997","101168","Action_55","Morph_117","PS","Sexualattention","Stompingobject","StompObject.3","Sonso",0.494696241836107,0.00688277087033748,0.0230905861456483
"2998","101169","Action_57","Morph_115","PS","Sexualattention","Stompobject","StompObject.1","Sonso",-0.82098055206983,0.0337477797513321,0.0424067495559503
"2999","100941b","Action_32","Morph_60","PS","Playcontinue","Objectmouth","ObjectMouth.1","Sonso",3.08557297755378,0.00466252220248668,0.00466252220248668
"3000","100180","Action_4","Morph_NA","PS","Affiliation","Bitekiss",NA,"Sonso",0.400117501781569,0.0159857904085258,0.00066607460035524
"3001","100206","Action_45","Morph_101","PS","Staysame","Reach","Reach.2","Sonso",-0.27443684570176,0.0370781527531083,0.0801509769094138
"3002","100197","Action_41","Morph_85","PS","Support","Pull","Pull.2","Sonso",1.02961941718116,0.00643872113676732,0.0253108348134991
"3003","100197","Action_4","Morph_16","PS","Support","Bitekiss","Bite.8","Sonso",-0.22314355131421,0.00288632326820604,0.00066607460035524
"3004","100819a","Action_16","Morph_38","PS","Play","Headstand","HeadStand.1","Sonso",0.955511445027436,0.0066607460035524,0.0066607460035524
"3005","100819a","Action_3","Morph_11","PS","Play","Bite","Bite.3","Sonso",1.47247205736094,0.00310834813499112,0.0168738898756661
"3006","100827","Action_3","Morph_16","PS","Playcontinue","Bite","Bite.8","Sonso",1.11185751541813,0.00288632326820604,0.0168738898756661
"3007","101217","Action_55","Morph_116","PS","Play","Stompingobject","StompObject.2","Sonso",1.73695123273306,0.0148756660746004,0.0230905861456483
"3008","100823a","Action_50","Morph_110","PS","Play","Shake","Shake.4","Sonso",0.0392207131532813,0.00399644760213144,0.0122113676731794
"3009","100823a","Action_33","Morph_63","PS","Play","Objectmove","ObjectMove.3","Sonso",1.45395300959371,0.0011101243339254,0.0406305506216696
"3010","100825","Action_33","Morph_61","PS","Playcontinue","Objectmove","ObjectMove.1","Sonso",1.41585316336144,0.0317495559502664,0.0406305506216696
"3011","101055a","Action_17","Morph_39","PS","Play","Hitobject","HitObject.1","Sonso",-0.27443684570176,0.0430728241563055,0.0559502664298401
"3012","101100","Action_14","Morph_32","PS","Playcontinue","Grab","Grab.4","Sonso",1.25846098961001,0.00754884547069272,0.0353019538188277
"3013","100622a","Action_42","Morph_88","PS","Sociosexualattention","Push","Push.1","Sonso",-0.0408219945202552,0.0106571936056838,0.0466252220248668
"3014","101511","Action_39","Morph_83","PS","Staysame","Presentgenitalsbackwards","PresentGenitals.2","Sonso",1.28093384546206,0.00577264653641208,0.033303730017762
"3015","100855","Action_59","Morph_125","PS","Play","Stroke","Stroke.2","Sonso",0.770108221696074,0.00155417406749556,0.00377442273534636
"3016","101232","Action_29","Morph_58","PS","Play","Locomotegallop","LocomoteGallop.1","Sonso",1.04345187749083,0.00821492007104796,0.00821492007104796
"3017","100074","Action_63","Morph_134","PS","Staysame","Touch","Touch.3","Sonso",-0.653926467406664,0.00488454706927176,0.0341918294849023
"3018","100161","Action_63","Morph_132","PS","Staysame","Touch","Touch.1","Sonso",-0.328504066972036,0.0104351687388988,0.0341918294849023
"3019","100210","Action_63","Morph_136","PS","Staysame","Touch","Touch.5","Sonso",-1.02165124753198,0.00421847246891652,0.0341918294849023
"3020","101797","Action_34","Morph_66","PS","Sexualattention","Objectshake","ObjectShake.2","Sonso",0.824175442966349,0.0237566607460036,0.108792184724689
"3021","101797","Action_33","Morph_61","PS","Sexualattention","Objectmove","ObjectMove.1","Sonso",0.0392207131532813,0.0317495559502664,0.0406305506216696
"3022","100377b","Action_50","Morph_108","PS","Play","Shake","Shake.2","Sonso",-0.82098055206983,0.00466252220248668,0.0122113676731794
"3023","100275","Action_45","Morph_100","PS","Affiliation","Reach","Reach.1","Sonso",0.672944473242426,0.0408525754884547,0.0801509769094138
"3024","101118","Action_57","Morph_115","PS","Play","Stompobject","StompObject.1","Sonso",-0.27443684570176,0.0337477797513321,0.0424067495559503
"3025","101951b","Action_43","Morph_96","PS","Play","Raise","Raise.1","Sonso",0.0392207131532813,0.00865896980461812,0.0113232682060391
"3026","101103","Action_48","Morph_104","PS","Playcontinue","Rollover","RollOver.1","Sonso",0.824175442966349,0.00621669626998224,0.00621669626998224
"3027","101101a","Action_17","Morph_41","PS","Play","Hitobject","HitObject.3","Sonso",-0.82098055206983,0.00510657193605684,0.0559502664298401
"3028","101104","Action_3","Morph_16","PS","Playcontinue","Bite","Bite.8","Sonso",-0.083381608939051,0.00288632326820604,0.0168738898756661
"3029","101663","Action_45","Morph_100","RE","Play","Reach","Reach.1","Sonso",1.22377543162212,0.0408525754884547,0.0801509769094138
"3030","101005","Action_15","Morph_37","RE","Play","Grabhold","GrabHold.3","Sonso",1.1999647829284,0.00532859680284192,0.0204262877442274
"3031","101470","Action_39","Morph_82","RE","Sexualattention","Presentgenitalsbackwards","PresentGenitals.1","Sonso",2.89480635496403,0.0295293072824156,0.033303730017762
"3032","101007","Action_48","Morph_104","RE","Play","Rollover","RollOver.1","Sonso",1.43508452528932,0.00621669626998224,0.00621669626998224
"3033","101013","Action_53","Morph_113","RE","Stopbehaviour","Spinsomersault","SpinSomersault.1","Sonso",0.27763173659828,0.00799289520426288,0.00799289520426288
"3034","101711","Action_39","Morph_82","RE","Sexualattention","Presentgenitalsbackwards","PresentGenitals.1","Sonso",2.6217658325052,0.0295293072824156,0.033303730017762
"3035","101012","Action_17","Morph_39","RE","Play","Hitobject","HitObject.1","Sonso",-0.579818495252942,0.0430728241563055,0.0559502664298401
"3036","101012","Action_34","Morph_65","RE","Play","Objectshake","ObjectShake.1","Sonso",0.215111379616945,0.0746003552397869,0.108792184724689
"3037","101015","Action_33","Morph_62","RE","Play","Objectmove","ObjectMove.2","Sonso",0.364643113587909,0.00643872113676732,0.0406305506216696
"3038","101015","Action_24","Morph_51","RE","Play","Jump","Jump.1","Sonso",-0.579818495252942,0.00732682060390764,0.00732682060390764
"3039","101007","Action_50","Morph_110","RE","Play","Shake","Shake.4","Sonso",0.8754687373539,0.00399644760213144,0.0122113676731794
"3040","101779","Action_39","Morph_82","RE","Sexualattention","Presentgenitalsbackwards","PresentGenitals.1","Sonso",1.18784342239605,0.0295293072824156,0.033303730017762
"3041","101012","Action_55","Morph_116","RE","Play","Stompingobject","StompObject.2","Sonso",-0.328504066972036,0.0148756660746004,0.0230905861456483
"3042","101010a","Action_50","Morph_108","RE","Play","Shake","Shake.2","Sonso",-0.44628710262842,0.00466252220248668,0.0122113676731794
"3043","101015","Action_33","Morph_61","RE","Play","Objectmove","ObjectMove.1","Sonso",0.418710334858185,0.0317495559502664,0.0406305506216696
"3044","101012","Action_33","Morph_61","RE","Play","Objectmove","ObjectMove.1","Sonso",-0.0408219945202552,0.0317495559502664,0.0406305506216696
"3045","101012","Action_60","Morph_127","RE","Play","Swing","Swing.1","Sonso",-0.174353387144778,0.0428507992895204,0.0475133214920071
"3046","101007","Action_60","Morph_127","RE","Play","Swing","Swing.1","Sonso",0.246860077931526,0.0428507992895204,0.0475133214920071
"3047","101007","Action_57","Morph_118","RE","Play","Stompobject","StompObject.4","Sonso",-0.7339691750802,0.005550621669627,0.0424067495559503
"3048","101007","Action_16","Morph_38","RE","Play","Headstand","HeadStand.1","Sonso",0.364643113587909,0.0066607460035524,0.0066607460035524
"3049","102101b","Action_45","Morph_101","RE","Play","Reach","Reach.2","Sonso",1.15057202759882,0.0370781527531083,0.0801509769094138
"3050","102099","Action_41","Morph_85","RE","Play","Pull","Pull.2","Sonso",1.37624402526639,0.00643872113676732,0.0253108348134991
"3051","102100","Action_45","Morph_101","RE","Play","Reach","Reach.2","Sonso",1.37624402526639,0.0370781527531083,0.0801509769094138
"3052","102094b","Action_39","Morph_82","RE","Sexualattention","Presentgenitalsbackwards","PresentGenitals.1","Sonso",1.51732262352629,0.0295293072824156,0.033303730017762
"3053","100971","Action_60","Morph_127","RE","Play","Swing","Swing.1","Sonso",0.587786664902119,0.0428507992895204,0.0475133214920071
"3054","100971","Action_8","Morph_19","RE","Play","Dangle","Dangle.1","Sonso",1.62531126159039,0.0484014209591474,0.0484014209591474
"3055","101018","Action_45","Morph_100","RE","Play","Reach","Reach.1","Sonso",0.518793793415168,0.0408525754884547,0.0801509769094138
"3056","101529b","Action_45","Morph_100","RE","Play","Reach","Reach.1","Sonso",1.26976054486394,0.0408525754884547,0.0801509769094138
"3057","101016","Action_45","Morph_102","RE","Play","Reach","Reach.3","Sonso",1.89911798754855,0.0022202486678508,0.0801509769094138
"3058","101014","Action_45","Morph_100","RE","Play","Reach","Reach.1","Sonso",0.824175442966349,0.0408525754884547,0.0801509769094138
"3059","101019","Action_63","Morph_132","RE","Playcontinue","Touch","Touch.1","Sonso",0.65232518603969,0.0104351687388988,0.0341918294849023
"3060","101020b","Action_45","Morph_100","RE","Play","Reach","Reach.1","Sonso",1.48160454092422,0.0408525754884547,0.0801509769094138
"3061","101522","Action_64","Morph_139","RE","Stopbehaviour","Touchlongother","Touch.8","Sonso",1.49962304642689,0.00577264653641208,0.0175399644760213
"3062","100539","Action_48","Morph_104","RE","Play","Rollover","RollOver.1","Sonso",1.56861591791385,0.00621669626998224,0.00621669626998224
"3063","102000","Action_41","Morph_85","RE","Play","Pull","Pull.2","Sonso",1.63315443905142,0.00643872113676732,0.0253108348134991
"3064","100540","Action_60","Morph_127","RE","Play","Swing","Swing.1","Sonso",0.182321556793955,0.0428507992895204,0.0475133214920071
"3065","100803","Action_2","Morph_4","RE","Groom","Bigloudscratch","BigLoudScratch.2","Sonso",1.72988406550997,0.019316163410302,0.0577264653641208
"3066","100803","Action_38","Morph_76","RE","Groom","Present","Present.2","Sonso",4.0990003737583,0.0135435168738899,0.0492895204262877
"3067","100541","Action_9","Morph_20","RE","Playcontinue","Dangleshake","DangleShake.1","Sonso",1.58514521986506,0.00710479573712256,0.00710479573712256
"3068","102005","Action_14","Morph_29","RE","Play","Grab","Grab.1","Sonso",0.444685821261446,0.00821492007104796,0.0353019538188277
"3069","101669b","Action_8","Morph_19","RE","Play","Dangle","Dangle.1","Sonso",2.28645571106416,0.0484014209591474,0.0484014209591474
"3070","102005","Action_14","Morph_29","RE","Play","Grab","Grab.1","Sonso",0.587786664902119,0.00821492007104796,0.0353019538188277
"3071","102173","Action_39","Morph_82","RE","Sexualattention","Presentgenitalsbackwards","PresentGenitals.1","Sonso",1.00063188030791,0.0295293072824156,0.033303730017762
"3072","101840a","Action_20","Morph_49","RE","Playcontinue","Hitother","HitOther.5","Sonso",-0.7339691750802,0.00599467140319716,0.0404085257548845
"3073","101838a","Action_17","Morph_40","RE","Playcontinue","Hitobject","HitObject.2","Sonso",-0.328504066972036,0.0119893428063943,0.0559502664298401
"3074","101833b","Action_48","Morph_104","RE","Play","Rollover","RollOver.1","Sonso",1.880990602956,0.00621669626998224,0.00621669626998224
"3075","101399a","Action_43","Morph_96","RE","Groom","Raise","Raise.1","Sonso",0.418710334858185,0.00865896980461812,0.0113232682060391
"3076","101840a","Action_21","Morph_42","RE","Playcontinue","Hittingobject","HitObject.4","Sonso",-0.82098055206983,0.00599467140319716,0.00799289520426288
"3077","101399a","Action_43","Morph_96","RE","Groom","Raise","Raise.1","Sonso",1.31372366828506,0.00865896980461812,0.0113232682060391
"3078","101840a","Action_21","Morph_42","RE","Playcontinue","Hittingobject","HitObject.4","Sonso",-0.127833371509885,0.00599467140319716,0.00799289520426288
"3079","101849","Action_45","Morph_101","RE","Play","Reach","Reach.2","Sonso",0.542324290825362,0.0370781527531083,0.0801509769094138
"3080","101843","Action_42","Morph_90","RE","Playcontinue","Push","Push.3","Sonso",-0.44628710262842,0.00510657193605684,0.0466252220248668
"3081","101843","Action_42","Morph_91","RE","Playcontinue","Push","Push.4","Sonso",0.148420005118273,0.00932504440497336,0.0466252220248668
"3082","102031","Action_38","Morph_75","RE","Directattention","Present","Present.1","Sonso",0.712949807856125,0.0170959147424512,0.0492895204262877
"3083","101792","Action_38","Morph_75","RE","Groom","Present","Present.1","Sonso",0.587786664902119,0.0170959147424512,0.0492895204262877
"3084","100704b","Action_2","Morph_4","RE","Groom","Bigloudscratch","BigLoudScratch.2","Sonso",0.65232518603969,0.019316163410302,0.0577264653641208
"3085","102015a","Action_38","Morph_76","RE","Groom","Present","Present.2","Sonso",2.75238601492226,0.0135435168738899,0.0492895204262877
"3086","101909b","Action_2","Morph_5","RE","Groom","Bigloudscratch","BigLoudScratch.3","Sonso",0.215111379616945,0.0119893428063943,0.0577264653641208
"3087","101792","Action_2","Morph_7","RE","Groom","Bigloudscratch","BigLoudScratch.5","Sonso",0.0769610411361284,0.00066607460035524,0.0577264653641208
"3088","102016","Action_38","Morph_76","RE","Groom","Present","Present.2","Sonso",1.79175946922805,0.0135435168738899,0.0492895204262877
"3089","100974","Action_3","Morph_9","RE","Play","Bite","Bite.1","Sonso",1.54329810992956,0.0044404973357016,0.0168738898756661
"3090","100974","Action_64","Morph_133","RE","Play","Touchlongother","Touch.2","Sonso",1.94017947434633,0.00754884547069272,0.0175399644760213
"3091","100973","Action_3","Morph_9","RE","Play","Bite","Bite.1","Sonso",1.30291275218084,0.0044404973357016,0.0168738898756661
"3092","102006","Action_14","Morph_30","RE","Play","Grab","Grab.2","Sonso",0.392042087776024,0.00799289520426288,0.0353019538188277
"3093","101434","Action_41","Morph_85","RE","Play","Pull","Pull.2","Sonso",1.41585316336144,0.00643872113676732,0.0253108348134991
"3094","102003b","Action_15","Morph_35","RE","Play","Grabhold","GrabHold.1","Sonso",2.40152504084895,0.00932504440497336,0.0204262877442274
"3095","102001b","Action_14","Morph_31","RE","Play","Grab","Grab.3","Sonso",-0.44628710262842,0.00466252220248668,0.0353019538188277
"3096","102001b","Action_14","Morph_31","RE","Play","Grab","Grab.3","Sonso",0.307484699747961,0.00466252220248668,0.0353019538188277
"3097","102001b","Action_14","Morph_31","RE","Play","Grab","Grab.3","Sonso",-0.579818495252942,0.00466252220248668,0.0353019538188277
"3098","101999","Action_15","Morph_36","RE","Stopbehaviour","Grabhold","GrabHold.2","Sonso",1.6094379124341,0.005550621669627,0.0204262877442274
"3099","101763","Action_39","Morph_82","RE","Sexualattention","Presentgenitalsbackwards","PresentGenitals.1","Sonso",0.182321556793955,0.0295293072824156,0.033303730017762
"3100","101836","Action_16","Morph_38","RE","Play","Headstand","HeadStand.1","Sonso",1.51732262352629,0.0066607460035524,0.0066607460035524
"3101","101290","Action_33","Morph_61","RE","Play","Objectmove","ObjectMove.1","Sonso",0.392042087776024,0.0317495559502664,0.0406305506216696
"3102","102337","Action_14","Morph_33","RE","Stopbehaviour","Grab","Grab.5","Sonso",-0.7339691750802,0.0033303730017762,0.0353019538188277
"3103","101836","Action_41","Morph_84","RE","Play","Pull","Pull.1","Sonso",0.858661619037519,0.00821492007104796,0.0253108348134991
"3104","102174b","Action_39","Morph_82","RE","Sexualattention","Presentgenitalsbackwards","PresentGenitals.1","Sonso",0.470003629245736,0.0295293072824156,0.033303730017762
"3105","101171","Action_38","Morph_77","RE","Groom","Present","Present.3","Sonso",0.56531380905006,0.00466252220248668,0.0492895204262877
"3106","100462","Action_14","Morph_32","RE","Play","Grab","Grab.4","Sonso",0.518793793415168,0.00754884547069272,0.0353019538188277
"3107","100462","Action_57","Morph_115","RE","Play","Stompobject","StompObject.1","Sonso",-0.653926467406664,0.0337477797513321,0.0424067495559503
"3108","101828","Action_26","Morph_53","RE","Moveaway","Knockobject","KnockObject.1","Sonso",-0.328504066972036,0.00133214920071048,0.0011101243339254
"3109","100093","Action_38","Morph_76","RE","Directattention","Present","Present.2","Sonso",0.631271776841858,0.0135435168738899,0.0492895204262877
"3110","100095","Action_38","Morph_76","RE","Directattention","Present","Present.2","Sonso",1.13783300182139,0.0135435168738899,0.0492895204262877
"3111","100230","Action_15","Morph_36","RF","Play","Grabhold","GrabHold.2","Sonso",1.38629436111989,0.005550621669627,0.0204262877442274
"3112","101704","Action_45","Morph_100","RF","Play","Reach","Reach.1","Sonso",0.89199803930511,0.0408525754884547,0.0801509769094138
"3113","100114","Action_45","Morph_100","RF","Climbonme","Reach","Reach.1","Sonso",1.50851199384414,0.0408525754884547,0.0801509769094138
"3114","102185","Action_45","Morph_100","RF","Giveme","Reach","Reach.1","Sonso",0.970778917158225,0.0408525754884547,0.0801509769094138
"3115","102239","Action_64","Morph_138","RF","Giveme","Touchlongother","Touch.7","Sonso",1.38629436111989,0.0044404973357016,0.0175399644760213
"3116","100114","Action_45","Morph_100","RF","Climbonme","Reach","Reach.1","Sonso",0.542324290825362,0.0408525754884547,0.0801509769094138
"3117","101597","Action_20","Morph_45","RF","Play","Hitother","HitOther.1","Sonso",-0.579818495252942,0.0202042628774423,0.0404085257548845
"3118","101158","Action_60","Morph_128","RF","Play","Swing","Swing.2","Sonso",-0.0408219945202552,0.00310834813499112,0.0475133214920071
"3119","100886","Action_14","Morph_31","RF","Play","Grab","Grab.3","Sonso",0.470003629245736,0.00466252220248668,0.0353019538188277
"3120","101162","Action_15","Morph_36","RF","Play","Grabhold","GrabHold.2","Sonso",2.37954613413017,0.005550621669627,0.0204262877442274
"3121","102460b","Action_8","Morph_19","RF","Play","Dangle","Dangle.1","Sonso",0.65232518603969,0.0484014209591474,0.0484014209591474
"3122","101163","Action_14","Morph_29","RF","Play","Grab","Grab.1","Sonso",-0.510825623765991,0.00821492007104796,0.0353019538188277
"3123","101159","Action_60","Morph_127","RF","Play","Swing","Swing.1","Sonso",1.30291275218084,0.0428507992895204,0.0475133214920071
"3124","101596","Action_8","Morph_19","RF","Play","Dangle","Dangle.1","Sonso",1.74396880539171,0.0484014209591474,0.0484014209591474
"3125","101594","Action_8","Morph_19","RF","Play","Dangle","Dangle.1","Sonso",2.006870848845,0.0484014209591474,0.0484014209591474
"3126","101598","Action_20","Morph_45","RF","Play","Hitother","HitOther.1","Sonso",-1.42711635564015,0.0202042628774423,0.0404085257548845
"3127","101158","Action_8","Morph_19","RF","Play","Dangle","Dangle.1","Sonso",1.33500106673234,0.0484014209591474,0.0484014209591474
"3128","100886","Action_14","Morph_31","RF","Play","Grab","Grab.3","Sonso",0.364643113587909,0.00466252220248668,0.0353019538188277
"3129","100886","Action_14","Morph_32","RF","Play","Grab","Grab.4","Sonso",0.841567185678219,0.00754884547069272,0.0353019538188277
"3130","101598","Action_8","Morph_19","RF","Play","Dangle","Dangle.1","Sonso",0.985816794522765,0.0484014209591474,0.0484014209591474
"3131","101598","Action_20","Morph_46","RF","Play","Hitother","HitOther.2","Sonso",-0.510825623765991,0.00932504440497336,0.0404085257548845
"3132","101596","Action_20","Morph_45","RF","Play","Hitother","HitOther.1","Sonso",-0.579818495252942,0.0202042628774423,0.0404085257548845
"3133","101158","Action_60","Morph_127","RF","Play","Swing","Swing.1","Sonso",-0.127833371509885,0.0428507992895204,0.0475133214920071
"3134","101162","Action_14","Morph_31","RF","Play","Grab","Grab.3","Sonso",1.30291275218084,0.00466252220248668,0.0353019538188277
"3135","100886","Action_14","Morph_32","RF","Play","Grab","Grab.4","Sonso",0.841567185678219,0.00754884547069272,0.0353019538188277
"3136","101597","Action_8","Morph_19","RF","Play","Dangle","Dangle.1","Sonso",0.985816794522765,0.0484014209591474,0.0484014209591474
"3137","101598","Action_63","Morph_136","RF","Play","Touch","Touch.5","Sonso",0.148420005118273,0.00421847246891652,0.0341918294849023
"3138","101158","Action_50","Morph_108","RF","Play","Shake","Shake.2","Sonso",1.29198368164865,0.00466252220248668,0.0122113676731794
"3139","101191","Action_13","Morph_27","RH","Moveaway","Fling","Fling.1","Sonso",-0.7339691750802,0.00688277087033748,0.0117673179396092
"3140","101191","Action_13","Morph_27","RH","Moveaway","Fling","Fling.1","Sonso",-0.579818495252942,0.00688277087033748,0.0117673179396092
"3141","101191","Action_13","Morph_27","RH","Moveaway","Fling","Fling.1","Sonso",-0.82098055206983,0.00688277087033748,0.0117673179396092
"3142","100909","Action_45","Morph_101","RH","Affiliation","Reach","Reach.2","Sonso",-0.385662480811985,0.0370781527531083,0.0801509769094138
"3143","100909","Action_45","Morph_101","RH","Affiliation","Reach","Reach.2","Sonso",-0.385662480811985,0.0370781527531083,0.0801509769094138
"3144","100909","Action_45","Morph_101","RH","Affiliation","Reach","Reach.2","Sonso",0.0392207131532813,0.0370781527531083,0.0801509769094138
"3145","100909","Action_45","Morph_101","RH","Affiliation","Reach","Reach.2","Sonso",-0.0418642040986989,0.0370781527531083,0.0801509769094138
"3146","100909","Action_45","Morph_101","RH","Affiliation","Reach","Reach.2","Sonso",1.26976054486394,0.0370781527531083,0.0801509769094138
"3147","102237","Action_42","Morph_88","RH","Moveclose","Push","Push.1","Sonso",0.518793793415168,0.0106571936056838,0.0466252220248668
"3148","101592","Action_42","Morph_90","RH","Position","Push","Push.3","Sonso",0.182321556793955,0.00510657193605684,0.0466252220248668
"3149","102465","Action_45","Morph_100","RM","Playcontinue","Reach","Reach.1","Sonso",0.518793793415168,0.0408525754884547,0.0801509769094138
"3150","101591a","Action_63","Morph_139","RM","Play","Touch","Touch.8","Sonso",0.824175442966349,0.00577264653641208,0.0341918294849023
"3151","102019","Action_15","Morph_35","RM","Play","Grabhold","GrabHold.1","Sonso",1.98513086220859,0.00932504440497336,0.0204262877442274
"3152","101593","Action_64","Morph_139","RM","Play","Touchlongother","Touch.8","Sonso",1.71559810826249,0.00577264653641208,0.0175399644760213
"3153","100229","Action_59","Morph_124","RM","Play","Stroke","Stroke.1","Sonso",-0.653926467406664,0.0011101243339254,0.00377442273534636
"3154","100229","Action_59","Morph_124","RM","Play","Stroke","Stroke.1","Sonso",-0.27443684570176,0.0011101243339254,0.00377442273534636
"3155","101029","Action_14","Morph_32","RM","Play","Grab","Grab.4","Sonso",0.494696241836107,0.00754884547069272,0.0353019538188277
"3156","101147","Action_21","Morph_42","RM","Play","Hittingobject","HitObject.4","Sonso",0.113328685307003,0.00599467140319716,0.00799289520426288
"3157","101599","Action_45","Morph_102","RM","Play","Reach","Reach.3","Sonso",1.92861865194525,0.0022202486678508,0.0801509769094138
"3158","101161","Action_20","Morph_46","RM","Playcontinue","Hitother","HitOther.2","Sonso",-0.44628710262842,0.00932504440497336,0.0404085257548845
"3159","101161","Action_60","Morph_127","RM","Playcontinue","Swing","Swing.1","Sonso",1.29198368164865,0.0428507992895204,0.0475133214920071
"3160","101161","Action_23","Morph_47","RM","Playcontinue","Hittingother","HitOther.3","Sonso",0.940007258491471,0.00843694493783304,0.0157637655417407
"3161","101599","Action_45","Morph_100","RM","Play","Reach","Reach.1","Sonso",2.13298230860787,0.0408525754884547,0.0801509769094138
"3162","101878","Action_38","Morph_79","RM","Directattention","Present","Present.5","Sonso",1.15057202759882,0.00688277087033748,0.0492895204262877
"3163","102438","Action_55","Morph_116","RM","Play","Stompingobject","StompObject.2","Sonso",0.908258560176891,0.0148756660746004,0.0230905861456483
"3164","102266b","Action_45","Morph_100","RM","Play","Reach","Reach.1","Sonso",0.609765571620894,0.0408525754884547,0.0801509769094138
"3165","100140","Action_17","Morph_39","RS","Moveaway","Hitobject","HitObject.1","Sonso",1.56024766824333,0.0430728241563055,0.0559502664298401
"3166","100140","Action_17","Morph_39","RS","Moveaway","Hitobject","HitObject.1","Sonso",0.215111379616945,0.0430728241563055,0.0559502664298401
"3167","100140","Action_17","Morph_39","RS","Moveaway","Hitobject","HitObject.1","Sonso",0.364643113587909,0.0430728241563055,0.0559502664298401
"3168","100900","Action_57","Morph_120","RS","Play","Stompobject","StompObject.6","Sonso",-0.27443684570176,0.00133214920071048,0.0424067495559503
"3169","102437","Action_34","Morph_65","RS","Moveaway","Objectshake","ObjectShake.1","Sonso",0.712949807856125,0.0746003552397869,0.108792184724689
"3170","102440","Action_24","Morph_51","RS","Play","Jump","Jump.1","Sonso",-0.579818495252942,0.00732682060390764,0.00732682060390764
"3171","102437","Action_60","Morph_127","RS","Moveaway","Swing","Swing.1","Sonso",0.0392207131532813,0.0428507992895204,0.0475133214920071
"3172","102440","Action_20","Morph_49","RS","Play","Hitother","HitOther.5","Sonso",-0.579818495252942,0.00599467140319716,0.0404085257548845
"3173","102440","Action_50","Morph_108","RS","Play","Shake","Shake.2","Sonso",0.89199803930511,0.00466252220248668,0.0122113676731794
"3174","102437","Action_60","Morph_127","RS","Moveaway","Swing","Swing.1","Sonso",0.806475865866949,0.0428507992895204,0.0475133214920071
"3175","101151","Action_33","Morph_62","RS","Play","Objectmove","ObjectMove.2","Sonso",1.37624402526639,0.00643872113676732,0.0406305506216696
"3176","101151","Action_50","Morph_107","RS","Play","Shake","Shake.1","Sonso",1.88706964903238,0.00355239786856128,0.0122113676731794
"3177","101151","Action_50","Morph_107","RS","Play","Shake","Shake.1","Sonso",0.940007258491471,0.00355239786856128,0.0122113676731794
"3178","101152","Action_14","Morph_30","RS","Play","Grab","Grab.2","Sonso",0.65232518603969,0.00799289520426288,0.0353019538188277
"3179","101152","Action_14","Morph_29","RS","Play","Grab","Grab.1","Sonso",-0.083381608939051,0.00821492007104796,0.0353019538188277
"3180","101587","Action_38","Morph_75","RS","Directattention","Present","Present.1","Sonso",1.08518926833597,0.0170959147424512,0.0492895204262877
"3181","101273b","Action_34","Morph_65","RS","Play","Objectshake","ObjectShake.1","Sonso",1.28093384546206,0.0746003552397869,0.108792184724689
"3182","100387a","Action_21","Morph_42","RS","Play","Hittingobject","HitObject.4","Sonso",0.148420005118273,0.00599467140319716,0.00799289520426288
"3183","102209","Action_45","Morph_100","RS","Play","Reach","Reach.1","Sonso",0.182321556793955,0.0408525754884547,0.0801509769094138
"3184","101703p2","Action_10","Morph_21","RS","Attendme","Drum","Drum.1","Sonso",0.0769610411361284,0.0033303730017762,0.0033303730017762
"3185","101588","Action_38","Morph_75","RS","Directattention","Present","Present.1","Sonso",1.38629436111989,0.0170959147424512,0.0492895204262877
"3186","102268","Action_2","Morph_4","RS","Travel","Bigloudscratch","BigLoudScratch.2","Sonso",1.64093657949347,0.019316163410302,0.0577264653641208
"3187","101200","Action_45","Morph_101","RS","Giveme","Reach","Reach.2","Sonso",2.16102152867226,0.0370781527531083,0.0801509769094138
"3188","101200","Action_45","Morph_101","RS","Giveme","Reach","Reach.2","Sonso",2.55567572067621,0.0370781527531083,0.0801509769094138
"3189","101703p1","Action_47","Morph_103","RS","Attendme","Rockingsit","Rocking.1","Sonso",1.56024766824333,0.00377442273534636,0.00377442273534636
"3190","101703p1","Action_10","Morph_21","RS","Attendme","Drum","Drum.1","Sonso",0.858661619037519,0.0033303730017762,0.0033303730017762
"3191","101703p1","Action_27","Morph_54","RS","Attendme","Leafclip","LeafClip.1","Sonso",2.61300665241532,0.0044404973357016,0.00599467140319716
"3192","101702","Action_10","Morph_21","RS","Attendme","Drum","Drum.1","Sonso",0.672944473242426,0.0033303730017762,0.0033303730017762
"3193","101034","Action_39","Morph_82","SB","Giveme","Presentgenitalsbackwards","PresentGenitals.1","Sonso",1.94591014905531,0.0295293072824156,0.033303730017762
"3194","100995a","Action_45","Morph_100","SE","Giveme","Reach","Reach.1","Sonso",1.09861228866811,0.0408525754884547,0.0801509769094138
"3195","100859","Action_2","Morph_4","SM","Groom","Bigloudscratch","BigLoudScratch.2","Sonso",1.01523067972906,0.019316163410302,0.0577264653641208
"3196","100231","Action_17","Morph_39","SM","Moveaway","Hitobject","HitObject.1","Sonso",-1.02165124753198,0.0430728241563055,0.0559502664298401
"3197","100231","Action_17","Morph_39","SM","Moveaway","Hitobject","HitObject.1","Sonso",-0.328504066972036,0.0430728241563055,0.0559502664298401
"3198","100978a","Action_45","Morph_101","SM","Giveme","Reach","Reach.2","Sonso",2.24495598015741,0.0370781527531083,0.0801509769094138
"3199","100001a","Action_63","Morph_136","SM","Staysame","Touch","Touch.5","Sonso",-0.7339691750802,0.00421847246891652,0.0341918294849023
"3200","100979","Action_45","Morph_101","SM","Giveme","Reach","Reach.2","Sonso",0.631271776841858,0.0370781527531083,0.0801509769094138
"3201","100128b","Action_40","Morph_82","SM","Sexualattention","Presentgenitalsforwards","PresentGenitals.1","Sonso",0.908258560176891,0.0295293072824156,0.00199822380106572
"3202","102246a","Action_2","Morph_4","SQ","Groom","Bigloudscratch","BigLoudScratch.2","Sonso",1.01523067972906,0.019316163410302,0.0577264653641208
"3203","102442b","Action_38","Morph_75","SQ","Directattention","Present","Present.1","Sonso",1.50851199384414,0.0170959147424512,0.0492895204262877
"3204","102248","Action_38","Morph_75","SQ","Groom","Present","Present.1","Sonso",1.708377860289,0.0170959147424512,0.0492895204262877
"3205","102080","Action_38","Morph_75","SQ","Directattention","Present","Present.1","Sonso",1.54329810992956,0.0170959147424512,0.0492895204262877
"3206","102231","Action_2","Morph_4","SQ","Groom","Bigloudscratch","BigLoudScratch.2","Sonso",1.21194097397511,0.019316163410302,0.0577264653641208
"3207","102230","Action_42","Morph_89","SQ","Position","Push","Push.2","Sonso",0.732367893713227,0.00355239786856128,0.0466252220248668
"3208","102247","Action_2","Morph_4","SQ","Directattention","Bigloudscratch","BigLoudScratch.2","Sonso",1.43508452528932,0.019316163410302,0.0577264653641208
"3209","102247","Action_38","Morph_77","SQ","Directattention","Present","Present.3","Sonso",0.470003629245736,0.00466252220248668,0.0492895204262877
"3210","100369a","Action_2","Morph_4","SQ","Groom","Bigloudscratch","BigLoudScratch.2","Sonso",1.30291275218084,0.019316163410302,0.0577264653641208
"3211","100369a","Action_2","Morph_4","SQ","Groom","Bigloudscratch","BigLoudScratch.2","Sonso",1.12492959698548,0.019316163410302,0.0577264653641208
"3212","101540","Action_63","Morph_132","SQ","Play","Touch","Touch.1","Sonso",0.609765571620894,0.0104351687388988,0.0341918294849023
"3213","101540","Action_63","Morph_132","SQ","Play","Touch","Touch.1","Sonso",0,0.0104351687388988,0.0341918294849023
"3214","101540","Action_63","Morph_132","SQ","Play","Touch","Touch.1","Sonso",0.56531380905006,0.0104351687388988,0.0341918294849023
"3215","100176a","Action_2","Morph_6","SQ","Travel","Bigloudscratch","BigLoudScratch.4","Sonso",1.25846098961001,0.00421847246891652,0.0577264653641208
"3216","100176a","Action_2","Morph_3","SQ","Travel","Bigloudscratch","BigLoudScratch.1","Sonso",0.307484699747961,0.0215364120781528,0.0577264653641208
"3217","100176a","Action_2","Morph_4","SQ","Travel","Bigloudscratch","BigLoudScratch.2","Sonso",1.64093657949347,0.019316163410302,0.0577264653641208
"3218","101982a","Action_2","Morph_3","SQ","Groom","Bigloudscratch","BigLoudScratch.1","Sonso",1.40609698841607,0.0215364120781528,0.0577264653641208
"3219","101980a","Action_2","Morph_3","SQ","Groom","Bigloudscratch","BigLoudScratch.1","Sonso",1.23547147138531,0.0215364120781528,0.0577264653641208
"3220","101981a","Action_2","Morph_4","SQ","Groom","Bigloudscratch","BigLoudScratch.2","Sonso",1.07158361628019,0.019316163410302,0.0577264653641208
"3221","100309","Action_2","Morph_4","SQ","Directattention","Bigloudscratch","BigLoudScratch.2","Sonso",1.55180879959746,0.019316163410302,0.0577264653641208
"3222","100309","Action_38","Morph_77","SQ","Directattention","Present","Present.3","Sonso",1.64093657949347,0.00466252220248668,0.0492895204262877
"3223","100315","Action_38","Morph_75","SQ","Groom","Present","Present.1","Sonso",0,0.0170959147424512,0.0492895204262877
"3224","100235","Action_42","Morph_91","SQ","Position","Push","Push.4","Sonso",0.494696241836107,0.00932504440497336,0.0466252220248668
"3225","100194","Action_49","Morph_106","SQ","Support","Rub","Rub.3","Sonso",3.22684399451738,0.00044404973357016,0.0066607460035524
"3226","100292b","Action_64","Morph_135","SQ","Affiliation","Touchlongother","Touch.4","Sonso",1.74396880539171,0.00488454706927176,0.0175399644760213
"3227","100193b","Action_64","Morph_132","SQ","Support","Touchlongother","Touch.1","Sonso",1.67896397508271,0.0104351687388988,0.0175399644760213
"3228","101759b","Action_2","Morph_3","SQ","Directattention","Bigloudscratch","BigLoudScratch.1","Sonso",-0.328504066972036,0.0215364120781528,0.0577264653641208
"3229","101758a","Action_2","Morph_4","SQ","Groom","Bigloudscratch","BigLoudScratch.2","Sonso",1.11185751541813,0.019316163410302,0.0577264653641208
"3230","101761","Action_2","Morph_6","SQ","Directattention","Bigloudscratch","BigLoudScratch.4","Sonso",1.02961941718116,0.00421847246891652,0.0577264653641208
"3231","100286a","Action_39","Morph_83","SQ","Travel","Presentgenitalsbackwards","PresentGenitals.2","Sonso",0.806475865866949,0.00577264653641208,0.033303730017762
"3232","100099","Action_39","Morph_83","ST","Staysame","Presentgenitalsbackwards","PresentGenitals.2","Sonso",0.494696241836107,0.00577264653641208,0.033303730017762
"3233","100276a","Action_39","Morph_83","ST","Giveme","Presentgenitalsbackwards","PresentGenitals.2","Sonso",0.364643113587909,0.00577264653641208,0.033303730017762
"3234","100237a","Action_43","Morph_96","ST","Moveclose","Raise","Raise.1","Sonso",0.712949807856125,0.00865896980461812,0.0113232682060391
"3235","101416","Action_38","Morph_76","TK","Directattention","Present","Present.2","Sonso",1.1999647829284,0.0135435168738899,0.0492895204262877
"3236","102392","Action_45","Morph_101","TK","Giveme","Reach","Reach.2","Sonso",1.94591014905531,0.0370781527531083,0.0801509769094138
"3237","102392","Action_45","Morph_101","TK","Giveme","Reach","Reach.2","Sonso",1.13783300182139,0.0370781527531083,0.0801509769094138
"3238","102391","Action_45","Morph_101","TK","Giveme","Reach","Reach.2","Sonso",2.61885462229774,0.0370781527531083,0.0801509769094138
"3239","102385a","Action_45","Morph_101","TK","Giveme","Reach","Reach.2","Sonso",1.56861591791385,0.0370781527531083,0.0801509769094138
"3240","102387","Action_45","Morph_101","TK","Giveme","Reach","Reach.2","Sonso",0.470003629245736,0.0370781527531083,0.0801509769094138
"3241","102392","Action_45","Morph_101","TK","Giveme","Reach","Reach.2","Sonso",3.04832472367316,0.0370781527531083,0.0801509769094138
"3242","102385a","Action_45","Morph_101","TK","Giveme","Reach","Reach.2","Sonso",1.12492959698548,0.0370781527531083,0.0801509769094138
"3243","102393","Action_42","Morph_91","TK","Giveme","Push","Push.4","Sonso",0.444685821261446,0.00932504440497336,0.0466252220248668
"3244","102393","Action_45","Morph_101","TK","Giveme","Reach","Reach.2","Sonso",3.45568556694622,0.0370781527531083,0.0801509769094138
"3245","102392","Action_59","Morph_125","TK","Giveme","Stroke","Stroke.2","Sonso",2.34180580614733,0.00155417406749556,0.00377442273534636
"3246","102389","Action_45","Morph_101","TK","Giveme","Reach","Reach.2","Sonso",1.93441576962958,0.0370781527531083,0.0801509769094138
"3247","102392","Action_45","Morph_101","TK","Giveme","Reach","Reach.2","Sonso",1.45395300959371,0.0370781527531083,0.0801509769094138
"3248","102390","Action_64","Morph_140","TK","Giveme","Touchlongother","Touch.9","Sonso",1.92861865194525,0.00399644760213144,0.0175399644760213
"3249","102392","Action_45","Morph_101","TK","Giveme","Reach","Reach.2","Sonso",2.48156774852249,0.0370781527531083,0.0801509769094138
"3250","101721","Action_39","Morph_83","TK","Sociosexualattention","Presentgenitalsbackwards","PresentGenitals.2","Sonso",0.444685821261446,0.00577264653641208,0.033303730017762
"3251","100694","Action_38","Morph_75","TK","Groom","Present","Present.1","Sonso",0.364643113587909,0.0170959147424512,0.0492895204262877
"3252","100409b","Action_50","Morph_107","TK","Play","Shake","Shake.1","Sonso",0.307484699747961,0.00355239786856128,0.0122113676731794
"3253","102068","Action_38","Morph_79","TK","Directattention","Present","Present.5","Sonso",1.16315080980568,0.00688277087033748,0.0492895204262877
"3254","100083","Action_39","Morph_82","VR","Sexualattention","Presentgenitalsbackwards","PresentGenitals.1","Sonso",1.04380405217311,0.0295293072824156,0.033303730017762
"3255","100005","Action_39","Morph_82","WL","Sexualattention","Presentgenitalsbackwards","PresentGenitals.1","Sonso",0.418710334858185,0.0295293072824156,0.033303730017762
"3256","100841","Action_38","Morph_78","WL","Directattention","Present","Present.4","Sonso",1.25846098961001,0.00288632326820604,0.0492895204262877
"3257","100838","Action_38","Morph_78","WL","Directattention","Present","Present.4","Sonso",0.444685821261446,0.00288632326820604,0.0492895204262877
"3258","100237b","Action_45","Morph_101","WL","Moveclose","Reach","Reach.2","Sonso",-0.27443684570176,0.0370781527531083,0.0801509769094138
"3259","100184","Action_42","Morph_88","WL","Moveclose","Push","Push.1","Sonso",0.751416088683921,0.0106571936056838,0.0466252220248668
"3260","100208","Action_60","Morph_127","ZD","Playcontinue","Swing","Swing.1","Sonso",0.0392207131532813,0.0428507992895204,0.0475133214920071
"3261","100207","Action_60","Morph_127","ZD","Playcontinue","Swing","Swing.1","Sonso",0.392042087776024,0.0428507992895204,0.0475133214920071
"3262","100970b","Action_33","Morph_61","ZD","Play","Objectmove","ObjectMove.1","Sonso",-0.0408219945202552,0.0317495559502664,0.0406305506216696
"3263","101070","Action_20","Morph_45","ZD","Play","Hitother","HitOther.1","Sonso",-0.083381608939051,0.0202042628774423,0.0404085257548845
"3264","100969","Action_17","Morph_39","ZD","Playcontinue","Hitobject","HitObject.1","Sonso",-0.27443684570176,0.0430728241563055,0.0559502664298401
"3265","101906","Action_38","Morph_79","ZD","Staysame","Present","Present.5","Sonso",1.13783300182139,0.00688277087033748,0.0492895204262877
"3266","101053a","Action_9","Morph_20","ZD","Play","Dangleshake","DangleShake.1","Sonso",2.39789527279837,0.00710479573712256,0.00710479573712256
"3267","100103a","Action_57","Morph_115","ZD","Play","Stompobject","StompObject.1","Sonso",0.364643113587909,0.0337477797513321,0.0424067495559503
"3268","100103a","Action_17","Morph_39","ZD","Play","Hitobject","HitObject.1","Sonso",-0.44628710262842,0.0430728241563055,0.0559502664298401
"3269","100103a","Action_57","Morph_115","ZD","Play","Stompobject","StompObject.1","Sonso",-0.22314355131421,0.0337477797513321,0.0424067495559503
"3270","100960","Action_20","Morph_45","ZD","Play","Hitother","HitOther.1","Sonso",-0.385662480811985,0.0202042628774423,0.0404085257548845
"3271","100966a","Action_60","Morph_127","ZD","Play","Swing","Swing.1","Sonso",-0.44628710262842,0.0428507992895204,0.0475133214920071
"3272","101455a","Action_60","Morph_127","ZD","Play","Swing","Swing.1","Sonso",0.712949807856125,0.0428507992895204,0.0475133214920071
"3273","101565b","Action_8","Morph_19","ZD","Play","Dangle","Dangle.1","Sonso",1.33500106673234,0.0484014209591474,0.0484014209591474
"3274","101453","Action_20","Morph_45","ZD","Play","Hitother","HitOther.1","Sonso",-0.174353387144778,0.0202042628774423,0.0404085257548845
"3275","101455a","Action_8","Morph_19","ZD","Play","Dangle","Dangle.1","Sonso",1.53471436623816,0.0484014209591474,0.0484014209591474
"3276","100192","Action_50","Morph_108","ZD","Play","Shake","Shake.2","Sonso",0.609765571620894,0.00466252220248668,0.0122113676731794
"3277","101884","Action_14","Morph_29","ZD","Playcontinue","Grab","Grab.1","Sonso",-0.22314355131421,0.00821492007104796,0.0353019538188277
"3278","101885","Action_55","Morph_116","ZD","Stopbehaviour","Stompingobject","StompObject.2","Sonso",0.336472236621213,0.0148756660746004,0.0230905861456483
"3279","101957","Action_14","Morph_33","ZD","Play","Grab","Grab.5","Sonso",-0.44628710262842,0.0033303730017762,0.0353019538188277
"3280","101966a","Action_57","Morph_115","ZD","Stopbehaviour","Stompobject","StompObject.1","Sonso",-0.083381608939051,0.0337477797513321,0.0424067495559503
"3281","101885","Action_57","Morph_115","ZD","Stopbehaviour","Stompobject","StompObject.1","Sonso",-1.02165124753198,0.0337477797513321,0.0424067495559503
"3282","101461","Action_8","Morph_19","ZD","Play","Dangle","Dangle.1","Sonso",1.92861865194525,0.0484014209591474,0.0484014209591474
"3283","101966a","Action_53","Morph_113","ZD","Stopbehaviour","Spinsomersault","SpinSomersault.1","Sonso",0.56531380905006,0.00799289520426288,0.00799289520426288
"3284","101568","Action_8","Morph_19","ZD","Playcontinue","Dangle","Dangle.1","Sonso",0.693147180559945,0.0484014209591474,0.0484014209591474
"3285","101567a","Action_60","Morph_127","ZD","Playcontinue","Swing","Swing.1","Sonso",0.8754687373539,0.0428507992895204,0.0475133214920071
"3286","100017","Action_38","Morph_79","ZD","Directattention","Present","Present.5","Sonso",0.858661619037519,0.00688277087033748,0.0492895204262877
"3287","101566a","Action_57","Morph_115","ZD","Playcontinue","Stompobject","StompObject.1","Sonso",-0.385662480811985,0.0337477797513321,0.0424067495559503
"3288","100016","Action_38","Morph_75","ZD","Directattention","Present","Present.1","Sonso",0.65232518603969,0.0170959147424512,0.0492895204262877
"3289","101166","Action_60","Morph_127","ZD","Play","Swing","Swing.1","Sonso",-0.579818495252942,0.0428507992895204,0.0475133214920071
"3290","101567a","Action_8","Morph_19","ZD","Playcontinue","Dangle","Dangle.1","Sonso",1.07158361628019,0.0484014209591474,0.0484014209591474
"3291","102059a","Action_16","Morph_38","ZD","Play","Headstand","HeadStand.1","Sonso",1.64093657949347,0.0066607460035524,0.0066607460035524
"3292","100885a","Action_17","Morph_39","ZD","Play","Hitobject","HitObject.1","Sonso",-0.328504066972036,0.0430728241563055,0.0559502664298401
"3293","101778","Action_13","Morph_27","ZD","Staysame","Fling","Fling.1","Sonso",-1.02165124753198,0.00688277087033748,0.0117673179396092
"3294","101778","Action_57","Morph_120","ZD","Staysame","Stompobject","StompObject.6","Sonso",-0.7339691750802,0.00133214920071048,0.0424067495559503
"3295","100457a","Action_60","Morph_127","ZD","Playcontinue","Swing","Swing.1","Sonso",-0.44628710262842,0.0428507992895204,0.0475133214920071
"3296","100456","Action_34","Morph_65","ZD","Play","Objectshake","ObjectShake.1","Sonso",0.518793793415168,0.0746003552397869,0.108792184724689
"3297","101778","Action_21","Morph_42","ZD","Staysame","Hittingobject","HitObject.4","Sonso",-1.02165124753198,0.00599467140319716,0.00799289520426288
"3298","101778","Action_24","Morph_51","ZD","Staysame","Jump","Jump.1","Sonso",-1.27296567581289,0.00732682060390764,0.00732682060390764
"3299","100233b","Action_39","Morph_83","ZD","Affiliation","Presentgenitalsbackwards","PresentGenitals.2","Sonso",-0.44628710262842,0.00577264653641208,0.033303730017762
"3300","100991a","Action_13","Morph_27","ZD","Moveaway","Fling","Fling.1","Sonso",-1.02165124753198,0.00688277087033748,0.0117673179396092
"3301","102082","Action_45","Morph_100","ZD","Staysame","Reach","Reach.1","Sonso",-0.27443684570176,0.0408525754884547,0.0801509769094138
"3302","101722","Action_17","Morph_39","ZD","Play","Hitobject","HitObject.1","Sonso",-0.385662480811985,0.0430728241563055,0.0559502664298401
"3303","101288","Action_8","Morph_19","ZD","Play","Dangle","Dangle.1","Sonso",1.73695123273306,0.0484014209591474,0.0484014209591474
"3304","101288","Action_60","Morph_127","ZD","Play","Swing","Swing.1","Sonso",0.113328685307003,0.0428507992895204,0.0475133214920071
"3305","101289","Action_14","Morph_33","ZD","Moveclose","Grab","Grab.5","Sonso",0.182321556793955,0.0033303730017762,0.0353019538188277
"3306","101722","Action_20","Morph_45","ZD","Play","Hitother","HitOther.1","Sonso",-0.22314355131421,0.0202042628774423,0.0404085257548845
"3307","101289","Action_37","Morph_74","ZD","Moveclose","Poke","Poke.1","Sonso",0.631271776841858,0.00266429840142096,0.00266429840142096
"3308","101289","Action_45","Morph_100","ZD","Moveclose","Reach","Reach.1","Sonso",0.215111379616945,0.0408525754884547,0.0801509769094138
"3309","101614b","Action_14","Morph_32","ZD","Play","Grab","Grab.4","Sonso",0.27763173659828,0.00754884547069272,0.0353019538188277
"3310","101614b","Action_8","Morph_19","ZD","Play","Dangle","Dangle.1","Sonso",1.3244189574018,0.0484014209591474,0.0484014209591474
"3311","101165","Action_14","Morph_30","ZD","Play","Grab","Grab.2","Sonso",0.113328685307003,0.00799289520426288,0.0353019538188277
"3312","101471","Action_34","Morph_65","ZD","Moveaway","Objectshake","ObjectShake.1","Sonso",1.37624402526639,0.0746003552397869,0.108792184724689
"3313","101471","Action_57","Morph_115","ZD","Moveaway","Stompobject","StompObject.1","Sonso",-0.510825623765991,0.0337477797513321,0.0424067495559503
"3314","101615","Action_57","Morph_115","ZD","Playcontinue","Stompobject","StompObject.1","Sonso",-0.7339691750802,0.0337477797513321,0.0424067495559503
"3315","101614b","Action_3","Morph_9","ZD","Play","Bite","Bite.1","Sonso",-0.385662480811985,0.0044404973357016,0.0168738898756661
"3316","101471","Action_34","Morph_65","ZD","Moveaway","Objectshake","ObjectShake.1","Sonso",0.113328685307003,0.0746003552397869,0.108792184724689
"3317","101181","Action_63","Morph_134","ZD","Playcontinue","Touch","Touch.3","Sonso",-0.083381608939051,0.00488454706927176,0.0341918294849023
"3318","101289","Action_60","Morph_127","ZD","Moveclose","Swing","Swing.1","Sonso",0.587786664902119,0.0428507992895204,0.0475133214920071
"3319","101471","Action_34","Morph_65","ZD","Moveaway","Objectshake","ObjectShake.1","Sonso",1.36609165380237,0.0746003552397869,0.108792184724689
"3320","102174a","Action_45","Morph_100","ZD","Sexualattention","Reach","Reach.1","Sonso",0.518793793415168,0.0408525754884547,0.0801509769094138
"3321","101852","Action_63","Morph_132","ZD","Staysame","Touch","Touch.1","Sonso",-0.916290731874155,0.0104351687388988,0.0341918294849023
"3322","101031","Action_17","Morph_39","ZD","Giveme","Hitobject","HitObject.1","Sonso",-0.27443684570176,0.0430728241563055,0.0559502664298401
"3323","101031","Action_45","Morph_100","ZD","Giveme","Reach","Reach.1","Sonso",-0.579818495252942,0.0408525754884547,0.0801509769094138
"3324","101031","Action_17","Morph_40","ZD","Giveme","Hitobject","HitObject.2","Sonso",0,0.0119893428063943,0.0559502664298401
"3325","101031","Action_17","Morph_39","ZD","Giveme","Hitobject","HitObject.1","Sonso",-0.653926467406664,0.0430728241563055,0.0559502664298401
"3326","100997","Action_45","Morph_100","ZD","Giveme","Reach","Reach.1","Sonso",0.494696241836107,0.0408525754884547,0.0801509769094138
"3327","100997","Action_45","Morph_100","ZD","Giveme","Reach","Reach.1","Sonso",1.67896397508271,0.0408525754884547,0.0801509769094138
"3328","100997","Action_45","Morph_100","ZD","Giveme","Reach","Reach.1","Sonso",0.924258901523332,0.0408525754884547,0.0801509769094138
"3329","100997","Action_45","Morph_100","ZD","Giveme","Reach","Reach.1","Sonso",0.955511445027436,0.0408525754884547,0.0801509769094138
"3330","101031","Action_43","Morph_96","ZD","Giveme","Raise","Raise.1","Sonso",-0.328504066972036,0.00865896980461812,0.0113232682060391
"3331","101031","Action_43","Morph_96","ZD","Giveme","Raise","Raise.1","Sonso",0.307484699747961,0.00865896980461812,0.0113232682060391
"3332","100997","Action_45","Morph_100","ZD","Giveme","Reach","Reach.1","Sonso",1.02961941718116,0.0408525754884547,0.0801509769094138
"3333","101031","Action_45","Morph_100","ZD","Giveme","Reach","Reach.1","Sonso",1.68639895357023,0.0408525754884547,0.0801509769094138
"3334","100997","Action_45","Morph_100","ZD","Giveme","Reach","Reach.1","Sonso",-0.385662480811985,0.0408525754884547,0.0801509769094138
"3335","101031","Action_50","Morph_110","ZD","Giveme","Shake","Shake.4","Sonso",0.27763173659828,0.00399644760213144,0.0122113676731794
"3336","100997","Action_45","Morph_100","ZD","Giveme","Reach","Reach.1","Sonso",1.13783300182139,0.0408525754884547,0.0801509769094138
"3337","100997","Action_45","Morph_100","ZD","Giveme","Reach","Reach.1","Sonso",1.18784342239605,0.0408525754884547,0.0801509769094138
"3338","100455b","Action_17","Morph_39","ZD","Playcontinue","Hitobject","HitObject.1","Sonso",-0.083381608939051,0.0430728241563055,0.0559502664298401
"3339","101952a","Action_57","Morph_115","ZD","Play","Stompobject","StompObject.1","Sonso",-0.579818495252942,0.0337477797513321,0.0424067495559503
"3340","101480","Action_20","Morph_46","ZD","Play","Hitother","HitOther.2","Sonso",-0.510825623765991,0.00932504440497336,0.0404085257548845
"3341","101955","Action_60","Morph_127","ZD","Playcontinue","Swing","Swing.1","Sonso",0.0392207131532813,0.0428507992895204,0.0475133214920071
"3342","101952a","Action_34","Morph_68","ZD","Play","Objectshake","ObjectShake.4","Sonso",1.00063188030791,0.00288632326820604,0.108792184724689
"3343","101072a","Action_57","Morph_115","ZD","Play","Stompobject","StompObject.1","Sonso",-0.44628710262842,0.0337477797513321,0.0424067495559503
"3344","100446b","Action_14","Morph_29","ZD","Play","Grab","Grab.1","Sonso",-0.385662480811985,0.00821492007104796,0.0353019538188277
"3345","100455b","Action_17","Morph_39","ZD","Playcontinue","Hitobject","HitObject.1","Sonso",-0.27443684570176,0.0430728241563055,0.0559502664298401
"3346","100423a","Action_60","Morph_128","ZD","Play","Swing","Swing.2","Sonso",1.15057202759882,0.00310834813499112,0.0475133214920071
"3347","100416","Action_14","Morph_30","ZD","Play","Grab","Grab.2","Sonso",-0.0408219945202552,0.00799289520426288,0.0353019538188277
"3348","101072a","Action_34","Morph_65","ZD","Play","Objectshake","ObjectShake.1","Sonso",1.24703229378638,0.0746003552397869,0.108792184724689
"3349","100400a","Action_60","Morph_127","ZD","Playcontinue","Swing","Swing.1","Sonso",-0.579818495252942,0.0428507992895204,0.0475133214920071
"3350","102128b","Action_45","Morph_100","ZD","Play","Reach","Reach.1","Sonso",-1.02165124753198,0.0408525754884547,0.0801509769094138
"3351","100405","Action_15","Morph_35","ZD","Playcontinue","Grabhold","GrabHold.1","Sonso",2.02287119019144,0.00932504440497336,0.0204262877442274
"3352","100406b","Action_14","Morph_32","ZD","Play","Grab","Grab.4","Sonso",0,0.00754884547069272,0.0353019538188277
"3353","100412","Action_60","Morph_127","ZD","Play","Swing","Swing.1","Sonso",0.631271776841858,0.0428507992895204,0.0475133214920071
"3354","101272a","Action_14","Morph_32","ZD","Playcontinue","Grab","Grab.4","Sonso",0.27763173659828,0.00754884547069272,0.0353019538188277
"3355","100301","Action_8","Morph_19","ZD","Playcontinue","Dangle","Dangle.1","Sonso",1.16315080980568,0.0484014209591474,0.0484014209591474
"3356","101054","Action_8","Morph_19","ZD","Playcontinue","Dangle","Dangle.1","Sonso",0,0.0484014209591474,0.0484014209591474
"3357","101272a","Action_15","Morph_36","ZD","Playcontinue","Grabhold","GrabHold.2","Sonso",1.94591014905531,0.005550621669627,0.0204262877442274
"3358","100846","Action_14","Morph_30","ZD","Playcontinue","Grab","Grab.2","Sonso",0.307484699747961,0.00799289520426288,0.0353019538188277
"3359","101825","Action_14","Morph_33","ZD","Moveaway","Grab","Grab.5","Sonso",0.824175442966349,0.0033303730017762,0.0353019538188277
"3360","100420b","Action_14","Morph_29","ZD","Play","Grab","Grab.1","Sonso",-0.328504066972036,0.00821492007104796,0.0353019538188277
"3361","100412","Action_61","Morph_130","ZD","Play","Throwobject","ThrowObject.1","Sonso",-0.174353387144778,0.00244227353463588,0.00244227353463588
"3362","102252","Action_60","Morph_127","ZD","Play","Swing","Swing.1","Sonso",0.0769610411361284,0.0428507992895204,0.0475133214920071
"3363","100301","Action_60","Morph_127","ZD","Playcontinue","Swing","Swing.1","Sonso",0.215111379616945,0.0428507992895204,0.0475133214920071
"3364","100406b","Action_45","Morph_100","ZD","Play","Reach","Reach.1","Sonso",-0.0408219945202552,0.0408525754884547,0.0801509769094138
"3365","101054","Action_9","Morph_20","ZD","Playcontinue","Dangleshake","DangleShake.1","Sonso",1.62531126159039,0.00710479573712256,0.00710479573712256
"3366","101968b","Action_34","Morph_68","ZD","Stopbehaviour","Objectshake","ObjectShake.4","Sonso",0.113328685307003,0.00288632326820604,0.108792184724689
"3367","100415","Action_20","Morph_49","ZD","Play","Hitother","HitOther.5","Sonso",0.0769610411361284,0.00599467140319716,0.0404085257548845
"3368","100401a","Action_57","Morph_115","ZD","Play","Stompobject","StompObject.1","Sonso",-0.174353387144778,0.0337477797513321,0.0424067495559503
"3369","100401a","Action_60","Morph_127","ZD","Play","Swing","Swing.1","Sonso",0.148420005118273,0.0428507992895204,0.0475133214920071
"3370","100410","Action_8","Morph_19","ZD","Play","Dangle","Dangle.1","Sonso",1.52605630349505,0.0484014209591474,0.0484014209591474
"3371","100412","Action_9","Morph_20","ZD","Play","Dangleshake","DangleShake.1","Sonso",1.45395300959371,0.00710479573712256,0.00710479573712256
"3372","101825","Action_63","Morph_133","ZD","Moveaway","Touch","Touch.2","Sonso",0.418710334858185,0.00754884547069272,0.0341918294849023
"3373","100399","Action_9","Morph_20","ZD","Play","Dangleshake","DangleShake.1","Sonso",0.56531380905006,0.00710479573712256,0.00710479573712256
"3374","100412","Action_14","Morph_34","ZD","Play","Grab","Grab.6","Sonso",-0.083381608939051,0.00355239786856128,0.0353019538188277
"3375","101272a","Action_58","Morph_NA","ZD","Playcontinue","Stompother",NA,"Sonso",-0.579818495252942,0.0159857904085258,0.00377442273534636
"3376","100400a","Action_50","Morph_110","ZD","Playcontinue","Shake","Shake.4","Sonso",0.148420005118273,0.00399644760213144,0.0122113676731794
"3377","101272a","Action_58","Morph_NA","ZD","Playcontinue","Stompother",NA,"Sonso",-0.7339691750802,0.0159857904085258,0.00377442273534636
"3378","100412","Action_3","Morph_11","ZD","Play","Bite","Bite.3","Sonso",0.246860077931526,0.00310834813499112,0.0168738898756661
"3379","100846","Action_41","Morph_85","ZD","Playcontinue","Pull","Pull.2","Sonso",0.89199803930511,0.00643872113676732,0.0253108348134991
"3380","101968b","Action_55","Morph_116","ZD","Stopbehaviour","Stompingobject","StompObject.2","Sonso",0.364643113587909,0.0148756660746004,0.0230905861456483
"3381","100272","Action_59","Morph_125","ZD","Giveme","Stroke","Stroke.2","Sonso",0.712949807856125,0.00155417406749556,0.00377442273534636
"3382","101420","Action_42","Morph_93","ZD","Position","Push","Push.6","Sonso",0.336472236621213,0.0066607460035524,0.0466252220248668
"3383","100862","Action_2","Morph_5","ZD","Directattention","Bigloudscratch","BigLoudScratch.3","Sonso",0.732367893713227,0.0119893428063943,0.0577264653641208
"3384","101442","Action_38","Morph_76","ZD","Groom","Present","Present.2","Sonso",1.50851199384414,0.0135435168738899,0.0492895204262877
"3385","100118","Action_45","Morph_101","ZD","Giveme","Reach","Reach.2","Sonso",1.31372366828506,0.0370781527531083,0.0801509769094138
"3386","100031","Action_38","Morph_75","ZD","Directattention","Present","Present.1","Sonso",0.418710334858185,0.0170959147424512,0.0492895204262877
"3387","101983","Action_2","Morph_4","ZD","Groom","Bigloudscratch","BigLoudScratch.2","Sonso",2.31451366385932,0.019316163410302,0.0577264653641208
"3388","101432","Action_38","Morph_79","ZD","Groom","Present","Present.5","Sonso",1.38629436111989,0.00688277087033748,0.0492895204262877
"3389","101437a","Action_38","Morph_76","ZD","Groom","Present","Present.2","Sonso",1.90508815453506,0.0135435168738899,0.0492895204262877
"3390","100117","Action_64","Morph_140","ZD","Giveme","Touchlongother","Touch.9","Sonso",1.01523067972906,0.00399644760213144,0.0175399644760213
"3391","101431","Action_2","Morph_3","ZD","Groom","Bigloudscratch","BigLoudScratch.1","Sonso",0.246860077931526,0.0215364120781528,0.0577264653641208
"3392","102255a","Action_38","Morph_76","ZD","Groom","Present","Present.2","Sonso",1.09861228866811,0.0135435168738899,0.0492895204262877
"3393","101440a","Action_38","Morph_76","ZD","Groom","Present","Present.2","Sonso",2.24918431626693,0.0135435168738899,0.0492895204262877
"3394","102255a","Action_2","Morph_3","ZD","Groom","Bigloudscratch","BigLoudScratch.1","Sonso",1.57691472072854,0.0215364120781528,0.0577264653641208
"3395","101441","Action_38","Morph_76","ZD","Groom","Present","Present.2","Sonso",1.63315443905142,0.0135435168738899,0.0492895204262877
"3396","101313","Action_38","Morph_75","ZD","Groom","Present","Present.1","Sonso",0.751416088683921,0.0170959147424512,0.0492895204262877
"3397","101421","Action_38","Morph_76","ZD","Position","Present","Present.2","Sonso",2.15640258281596,0.0135435168738899,0.0492895204262877
"3398","101315","Action_2","Morph_5","ZD","Groom","Bigloudscratch","BigLoudScratch.3","Sonso",1.64093657949347,0.0119893428063943,0.0577264653641208
"3399","101443","Action_38","Morph_78","ZD","Groom","Present","Present.4","Sonso",2.49155119250667,0.00288632326820604,0.0492895204262877
"3400","100018","Action_38","Morph_77","ZD","Directattention","Present","Present.3","Sonso",0.246860077931526,0.00466252220248668,0.0492895204262877
"3401","101307","Action_38","Morph_75","ZD","Groom","Present","Present.1","Sonso",0.924258901523332,0.0170959147424512,0.0492895204262877
"3402","101983","Action_38","Morph_76","ZD","Groom","Present","Present.2","Sonso",2.28645571106416,0.0135435168738899,0.0492895204262877
"3403","102051","Action_2","Morph_3","ZD","Groom","Bigloudscratch","BigLoudScratch.1","Sonso",1.17557332980424,0.0215364120781528,0.0577264653641208
"3404","101439","Action_42","Morph_92","ZD","Position","Push","Push.5","Sonso",-0.385662480811985,0.0066607460035524,0.0466252220248668
"3405","100117","Action_45","Morph_101","ZD","Giveme","Reach","Reach.2","Sonso",2.01223279198639,0.0370781527531083,0.0801509769094138
"3406","100862","Action_2","Morph_3","ZD","Directattention","Bigloudscratch","BigLoudScratch.1","Sonso",0.78845736036427,0.0215364120781528,0.0577264653641208
"3407","100612","Action_2","Morph_6","ZD","Directattention","Bigloudscratch","BigLoudScratch.4","Sonso",1.58514521986506,0.00421847246891652,0.0577264653641208
"3408","100862","Action_2","Morph_5","ZD","Directattention","Bigloudscratch","BigLoudScratch.3","Sonso",-0.0408219945202552,0.0119893428063943,0.0577264653641208
"3409","101114","Action_20","Morph_49","ZD","Play","Hitother","HitOther.5","Sonso",0.27763173659828,0.00599467140319716,0.0404085257548845
"3410","101314","Action_38","Morph_78","ZD","Groom","Present","Present.4","Sonso",2.80699014895711,0.00288632326820604,0.0492895204262877
"3411","100907","Action_20","Morph_45","ZF","Moveaway","Hitother","HitOther.1","Sonso",-0.579818495252942,0.0202042628774423,0.0404085257548845
"3412","100907","Action_20","Morph_46","ZF","Moveaway","Hitother","HitOther.2","Sonso",-0.7339691750802,0.00932504440497336,0.0404085257548845
"3413","102276b","Action_2","Morph_4","ZF","Groom","Bigloudscratch","BigLoudScratch.2","Sonso",0.542324290825362,0.019316163410302,0.0577264653641208
"3414","102277","Action_2","Morph_5","ZF","Groom","Bigloudscratch","BigLoudScratch.3","Sonso",0.732367893713227,0.0119893428063943,0.0577264653641208
"3415","102277","Action_2","Morph_3","ZF","Groom","Bigloudscratch","BigLoudScratch.1","Sonso",0.806475865866949,0.0215364120781528,0.0577264653641208
"3416","102280","Action_38","Morph_77","ZF","Groom","Present","Present.3","Sonso",0.955511445027436,0.00466252220248668,0.0492895204262877
"3417","102281b","Action_38","Morph_75","ZF","Directattention","Present","Present.1","Sonso",1.68639895357023,0.0170959147424512,0.0492895204262877
"3418","102280","Action_2","Morph_4","ZF","Groom","Bigloudscratch","BigLoudScratch.2","Sonso",0.444685821261446,0.019316163410302,0.0577264653641208
"3419","102274","Action_2","Morph_6","ZF","Directattention","Bigloudscratch","BigLoudScratch.4","Sonso",1.16315080980568,0.00421847246891652,0.0577264653641208
"3420","102203","Action_20","Morph_45","ZF","Stopbehaviour","Hitother","HitOther.1","Sonso",-0.22314355131421,0.0202042628774423,0.0404085257548845
"3421","102199a","Action_13","Morph_28","ZF","Moveaway","Fling","Fling.2","Sonso",-0.27443684570176,0.00488454706927176,0.0117673179396092
"3422","100269a","Action_11","Morph_23","ZF","Affiliation","Embrace","Embrace.2","Sonso",1.56024766824333,0.00199822380106572,0.005550621669627
"3423","100198","Action_13","Morph_28","ZF","Moveaway","Fling","Fling.2","Sonso",0.113328685307003,0.00488454706927176,0.0117673179396092
"3424","102189","Action_63","Morph_132","ZF","Stopbehaviour","Touch","Touch.1","Sonso",-0.510825623765991,0.0104351687388988,0.0341918294849023
"3425","100619","Action_42","Morph_91","ZF","Moveaway","Push","Push.4","Sonso",-0.385662480811985,0.00932504440497336,0.0466252220248668
"3426","102202","Action_17","Morph_39","ZF","Stopbehaviour","Hitobject","HitObject.1","Sonso",-0.27443684570176,0.0430728241563055,0.0559502664298401
"3427","102198b","Action_20","Morph_50","ZF","Stopbehaviour","Hitother","HitOther.6","Sonso",-0.916290731874155,0.00488454706927176,0.0404085257548845
"3428","102195b","Action_45","Morph_101","ZF","Stopbehaviour","Reach","Reach.2","Sonso",-0.7339691750802,0.0370781527531083,0.0801509769094138
"3429","100996b","Action_42","Morph_88","ZF","Stopbehaviour","Push","Push.1","Sonso",-0.22314355131421,0.0106571936056838,0.0466252220248668
"3430","101311","Action_2","Morph_4","ZF","Groom","Bigloudscratch","BigLoudScratch.2","Sonso",1.01523067972906,0.019316163410302,0.0577264653641208
"3431","102286a","Action_2","Morph_4","ZF","Groom","Bigloudscratch","BigLoudScratch.2","Sonso",1.31372366828506,0.019316163410302,0.0577264653641208
"3432","101311","Action_38","Morph_76","ZF","Groom","Present","Present.2","Sonso",2.30258509299405,0.0135435168738899,0.0492895204262877
"3433","100996b","Action_13","Morph_27","ZF","Stopbehaviour","Fling","Fling.1","Sonso",-0.385662480811985,0.00688277087033748,0.0117673179396092
"3434","102198b","Action_20","Morph_50","ZF","Stopbehaviour","Hitother","HitOther.6","Sonso",-0.82098055206983,0.00488454706927176,0.0404085257548845
"3435","102198b","Action_13","Morph_28","ZF","Stopbehaviour","Fling","Fling.2","Sonso",-0.653926467406664,0.00488454706927176,0.0117673179396092
"3436","100996b","Action_42","Morph_93","ZF","Stopbehaviour","Push","Push.6","Sonso",-0.127833371509885,0.0066607460035524,0.0466252220248668
"3437","100893","Action_11","Morph_22","ZF","Affiliation","Embrace","Embrace.1","Sonso",1.65632149833295,0.00288632326820604,0.005550621669627
"3438","100720","Action_2","Morph_3","ZF","Groom","Bigloudscratch","BigLoudScratch.1","Sonso",1.64865862558738,0.0215364120781528,0.0577264653641208
"3439","101080","Action_45","Morph_101","ZF","Giveme","Reach","Reach.2","Sonso",2.54631527791664,0.0370781527531083,0.0801509769094138
"3440","101080","Action_45","Morph_101","ZF","Giveme","Reach","Reach.2","Sonso",2.43009841329301,0.0370781527531083,0.0801509769094138
"3441","100152","Action_2","Morph_4","ZF","Groom","Bigloudscratch","BigLoudScratch.2","Sonso",1.33500106673234,0.019316163410302,0.0577264653641208
"3442","100152","Action_3","Morph_14","ZF","Groom","Bite","Bite.6","Sonso",-0.083381608939051,0.00266429840142096,0.0168738898756661
"3443","100057","Action_2","Morph_6","ZF","Stopbehaviour","Bigloudscratch","BigLoudScratch.4","Sonso",1.79840401194672,0.00421847246891652,0.0577264653641208
"3444","100143b","Action_2","Morph_3","ZF","Groom","Bigloudscratch","BigLoudScratch.1","Sonso",1.16315080980568,0.0215364120781528,0.0577264653641208
"3445","100536b","Action_2","Morph_5","ZF","Groom","Bigloudscratch","BigLoudScratch.3","Sonso",0.955511445027436,0.0119893428063943,0.0577264653641208
"3446","100061","Action_38","Morph_75","ZF","Directattention","Present","Present.1","Sonso",1.22377543162212,0.0170959147424512,0.0492895204262877
"3447","101112","Action_11","Morph_22","ZF","Affiliation","Embrace","Embrace.1","Sonso",1.7227665977411,0.00288632326820604,0.005550621669627
"3448","101080","Action_45","Morph_101","ZF","Giveme","Reach","Reach.2","Sonso",1.83736998048011,0.0370781527531083,0.0801509769094138
"3449","101080","Action_45","Morph_101","ZF","Giveme","Reach","Reach.2","Sonso",0.65232518603969,0.0370781527531083,0.0801509769094138
"3450","101081a","Action_45","Morph_101","ZF","Giveme","Reach","Reach.2","Sonso",0.858661619037519,0.0370781527531083,0.0801509769094138
"3451","100396b","Action_11","Morph_22","ZF","Affiliation","Embrace","Embrace.1","Sonso",0.858661619037519,0.00288632326820604,0.005550621669627
"3452","101080","Action_45","Morph_101","ZF","Giveme","Reach","Reach.2","Sonso",2.94864066602014,0.0370781527531083,0.0801509769094138
"3453","101080","Action_45","Morph_101","ZF","Giveme","Reach","Reach.2","Sonso",2.35707327827812,0.0370781527531083,0.0801509769094138
"3454","100144a","Action_2","Morph_3","ZF","Groom","Bigloudscratch","BigLoudScratch.1","Sonso",1.28093384546206,0.0215364120781528,0.0577264653641208
"3455","100303a","Action_2","Morph_3","ZF","Groom","Bigloudscratch","BigLoudScratch.1","Sonso",1.34547236659964,0.0215364120781528,0.0577264653641208
"3456","100303a","Action_2","Morph_3","ZF","Groom","Bigloudscratch","BigLoudScratch.1","Sonso",1.07158361628019,0.0215364120781528,0.0577264653641208
"3457","102023","Action_2","Morph_4","ZF","Directattention","Bigloudscratch","BigLoudScratch.2","Sonso",0.672944473242426,0.019316163410302,0.0577264653641208
"3458","101079","Action_45","Morph_101","ZF","Giveme","Reach","Reach.2","Sonso",1.41585316336144,0.0370781527531083,0.0801509769094138
"3459","101303","Action_63","Morph_132","ZF","Staysame","Touch","Touch.1","Sonso",0.307484699747961,0.0104351687388988,0.0341918294849023
"3460","101080","Action_45","Morph_101","ZF","Giveme","Reach","Reach.2","Sonso",3.28989331210348,0.0370781527531083,0.0801509769094138
"3461","101080","Action_45","Morph_101","ZF","Giveme","Reach","Reach.2","Sonso",0.542324290825362,0.0370781527531083,0.0801509769094138
"3462","102023","Action_38","Morph_76","ZF","Directattention","Present","Present.2","Sonso",1.76473079684014,0.0135435168738899,0.0492895204262877
"3463","101080","Action_45","Morph_101","ZF","Giveme","Reach","Reach.2","Sonso",1.94017947434633,0.0370781527531083,0.0801509769094138
"3464","100995b","Action_42","Morph_91","ZF","Stopbehaviour","Push","Push.4","Sonso",-0.644357016390513,0.00932504440497336,0.0466252220248668
"3465","100618","Action_42","Morph_92","ZF","Moveaway","Push","Push.5","Sonso",-0.27443684570176,0.0066607460035524,0.0466252220248668
"3466","100857","Action_2","Morph_3","ZF","Groom","Bigloudscratch","BigLoudScratch.1","Sonso",1.07158361628019,0.0215364120781528,0.0577264653641208
"3467","100857","Action_2","Morph_3","ZF","Groom","Bigloudscratch","BigLoudScratch.1","Sonso",1.49962304642689,0.0215364120781528,0.0577264653641208
"3468","100286b","Action_63","Morph_NA","ZF","Travel","Touch",NA,"Sonso",-0.27443684570176,0.0159857904085258,0.0341918294849023
"3469","100025a","Action_45","Morph_100","ZF","Affiliation","Reach","Reach.1","Sonso",-0.27443684570176,0.0408525754884547,0.0801509769094138
"3470","100025a","Action_11","Morph_25","ZF","Affiliation","Embrace","Embrace.4","Sonso",0.336472236621213,0.00022202486678508,0.005550621669627
"3471","100125","Action_34","Morph_65","ZF","Moveaway","Objectshake","ObjectShake.1","Sonso",-0.0408219945202552,0.0746003552397869,0.108792184724689
"3472","101084b","Action_13","Morph_28","ZF","Stopbehaviour","Fling","Fling.2","Sonso",-0.44628710262842,0.00488454706927176,0.0117673179396092
"3473","101082b","Action_20","Morph_45","ZF","Stopbehaviour","Hitother","HitOther.1","Sonso",-0.579818495252942,0.0202042628774423,0.0404085257548845
"3474","102401","Action_43","Morph_96","ZF","Stopbehaviour","Raise","Raise.1","Sonso",0.246860077931526,0.00865896980461812,0.0113232682060391
"3475","100546","Action_50","Morph_107","ZG","Play","Shake","Shake.1","Sonso",-0.385662480811985,0.00355239786856128,0.0122113676731794
"3476","100547","Action_6","Morph_18","ZG","Play","Bow","Bow.1","Sonso",1.67147330335355,0.00177619893428064,0.00177619893428064
"3477","100547","Action_57","Morph_115","ZG","Play","Stompobject","StompObject.1","Sonso",-0.7339691750802,0.0337477797513321,0.0424067495559503
"3478","100553","Action_63","Morph_133","ZG","Play","Touch","Touch.2","Sonso",0.148420005118273,0.00754884547069272,0.0341918294849023
"3479","100547","Action_50","Morph_110","ZG","Play","Shake","Shake.4","Sonso",0.27763173659828,0.00399644760213144,0.0122113676731794
"3480","100546","Action_34","Morph_68","ZG","Play","Objectshake","ObjectShake.4","Sonso",1.28093384546206,0.00288632326820604,0.108792184724689
"3481","100546","Action_34","Morph_66","ZG","Play","Objectshake","ObjectShake.2","Sonso",0.336472236621213,0.0237566607460036,0.108792184724689
"3482","100547","Action_16","Morph_38","ZG","Play","Headstand","HeadStand.1","Sonso",0.89199803930511,0.0066607460035524,0.0066607460035524
"3483","100546","Action_17","Morph_40","ZG","Play","Hitobject","HitObject.2","Sonso",-0.083381608939051,0.0119893428063943,0.0559502664298401
"3484","100553","Action_64","Morph_133","ZG","Play","Touchlongother","Touch.2","Sonso",2.57108434602905,0.00754884547069272,0.0175399644760213
"3485","100546","Action_43","Morph_96","ZG","Play","Raise","Raise.1","Sonso",-0.0408219945202552,0.00865896980461812,0.0113232682060391
"3486","100546","Action_50","Morph_110","ZG","Play","Shake","Shake.4","Sonso",-0.22314355131421,0.00399644760213144,0.0122113676731794
"3487","100547","Action_6","Morph_18","ZG","Play","Bow","Bow.1","Sonso",-1.02165124753198,0.00177619893428064,0.00177619893428064
"3488","100547","Action_16","Morph_38","ZG","Play","Headstand","HeadStand.1","Sonso",1.78507048107726,0.0066607460035524,0.0066607460035524
"3489","100546","Action_17","Morph_40","ZG","Play","Hitobject","HitObject.2","Sonso",-0.27443684570176,0.0119893428063943,0.0559502664298401
"3490","101060","Action_27","Morph_54","ZG","Sexualattention","Leafclip","LeafClip.1","Sonso",1.95727390770563,0.0044404973357016,0.00599467140319716
"3491","101671b","Action_63","Morph_136","ZG","Play","Touch","Touch.5","Sonso",-0.083381608939051,0.00421847246891652,0.0341918294849023
"3492","100528","Action_57","Morph_119","ZG","Play","Stompobject","StompObject.5","Sonso",0.392042087776024,0.00155417406749556,0.0424067495559503
"3493","100528","Action_34","Morph_65","ZG","Play","Objectshake","ObjectShake.1","Sonso",-0.0408219945202552,0.0746003552397869,0.108792184724689
"3494","100528","Action_19","Morph_39","ZG","Play","Hitobjectother","HitObject.1","Sonso",0.215111379616945,0.0430728241563055,0.00088809946714032
"3495","100450b","Action_33","Morph_61","ZG","Play","Objectmove","ObjectMove.1","Sonso",0.307484699747961,0.0317495559502664,0.0406305506216696
"3496","100528","Action_60","Morph_127","ZG","Play","Swing","Swing.1","Sonso",1.02961941718116,0.0428507992895204,0.0475133214920071
"3497","100527","Action_26","Morph_53","ZG","Play","Knockobject","KnockObject.1","Sonso",-0.510825623765991,0.00133214920071048,0.0011101243339254
"3498","100528","Action_20","Morph_45","ZG","Play","Hitother","HitOther.1","Sonso",-1.6094379124341,0.0202042628774423,0.0404085257548845
"3499","100528","Action_19","Morph_39","ZG","Play","Hitobjectother","HitObject.1","Sonso",0.364643113587909,0.0430728241563055,0.00088809946714032
"3500","101358","Action_14","Morph_33","ZG","Play","Grab","Grab.5","Sonso",0.841567185678219,0.0033303730017762,0.0353019538188277
"3501","101358","Action_41","Morph_84","ZG","Play","Pull","Pull.1","Sonso",0.418710334858185,0.00821492007104796,0.0253108348134991
"3502","102327b","Action_42","Morph_92","ZG","Stopbehaviour","Push","Push.5","Sonso",0.148420005118273,0.0066607460035524,0.0466252220248668
"3503","101542","Action_60","Morph_127","ZG","Playcontinue","Swing","Swing.1","Sonso",0.215111379616945,0.0428507992895204,0.0475133214920071
"3504","101808","Action_21","Morph_43","ZG","Moveaway","Hittingobject","HitObject.5","Sonso",-0.44628710262842,0.0044404973357016,0.00799289520426288
"3505","101808","Action_34","Morph_65","ZG","Moveaway","Objectshake","ObjectShake.1","Sonso",0.364643113587909,0.0746003552397869,0.108792184724689
"3506","101808","Action_33","Morph_61","ZG","Moveaway","Objectmove","ObjectMove.1","Sonso",0.148420005118273,0.0317495559502664,0.0406305506216696
"3507","100435","Action_60","Morph_127","ZG","Stopbehaviour","Swing","Swing.1","Sonso",0.0769610411361284,0.0428507992895204,0.0475133214920071
"3508","101817","Action_17","Morph_40","ZG","Moveaway","Hitobject","HitObject.2","Sonso",-0.174353387144778,0.0119893428063943,0.0559502664298401
"3509","101811","Action_64","Morph_133","ZG","Play","Touchlongother","Touch.2","Sonso",0.970778917158225,0.00754884547069272,0.0175399644760213
"3510","101813b","Action_63","Morph_139","ZG","Play","Touch","Touch.8","Sonso",-0.82098055206983,0.00577264653641208,0.0341918294849023
"3511","101510","Action_20","Morph_45","ZG","Playcontinue","Hitother","HitOther.1","Sonso",0.0392207131532813,0.0202042628774423,0.0404085257548845
"3512","100234a","Action_39","Morph_83","ZG","Affiliation","Presentgenitalsbackwards","PresentGenitals.2","Sonso",-0.579818495252942,0.00577264653641208,0.033303730017762
"3513","100436b","Action_57","Morph_115","ZG","Play","Stompobject","StompObject.1","Sonso",-0.174353387144778,0.0337477797513321,0.0424067495559503
"3514","100433","Action_33","Morph_61","ZG","Play","Objectmove","ObjectMove.1","Sonso",0.841567185678219,0.0317495559502664,0.0406305506216696
"3515","100906a","Action_17","Morph_39","ZG","Moveaway","Hitobject","HitObject.1","Sonso",-0.44628710262842,0.0430728241563055,0.0559502664298401
"3516","100395","Action_55","Morph_117","ZG","Play","Stompingobject","StompObject.3","Sonso",0.444685821261446,0.00688277087033748,0.0230905861456483
"3517","101804","Action_8","Morph_19","ZG","Play","Dangle","Dangle.1","Sonso",0.609765571620894,0.0484014209591474,0.0484014209591474
"3518","101806","Action_3","Morph_9","ZG","Play","Bite","Bite.1","Sonso",1.01523067972906,0.0044404973357016,0.0168738898756661
"3519","102491b","Action_60","Morph_127","ZG","Stopbehaviour","Swing","Swing.1","Sonso",-1.27296567581289,0.0428507992895204,0.0475133214920071
"3520","100866","Action_24","Morph_51","ZG","Moveaway","Jump","Jump.1","Sonso",0.0392207131532813,0.00732682060390764,0.00732682060390764
"3521","100866","Action_17","Morph_40","ZG","Moveaway","Hitobject","HitObject.2","Sonso",-0.22314355131421,0.0119893428063943,0.0559502664298401
"3522","100865","Action_17","Morph_40","ZG","Moveaway","Hitobject","HitObject.2","Sonso",-0.127833371509885,0.0119893428063943,0.0559502664298401
"3523","100153","Action_3","Morph_11","ZG","Staysame","Bite","Bite.3","Sonso",-0.083381608939051,0.00310834813499112,0.0168738898756661
"3524","100454","Action_20","Morph_45","ZG","Playcontinue","Hitother","HitOther.1","Sonso",-0.083381608939051,0.0202042628774423,0.0404085257548845
"3525","101072b","Action_57","Morph_118","ZG","Play","Stompobject","StompObject.4","Sonso",-0.916290731874155,0.005550621669627,0.0424067495559503
"3526","100424","Action_14","Morph_29","ZG","Playcontinue","Grab","Grab.1","Sonso",0.182321556793955,0.00821492007104796,0.0353019538188277
"3527","100460","Action_17","Morph_40","ZG","Play","Hitobject","HitObject.2","Sonso",-0.44628710262842,0.0119893428063943,0.0559502664298401
"3528","100455a","Action_19","Morph_40","ZG","Playcontinue","Hitobjectother","HitObject.2","Sonso",-0.174353387144778,0.0119893428063943,0.00088809946714032
"3529","100453b","Action_42","Morph_93","ZG","Play","Push","Push.6","Sonso",-0.916290731874155,0.0066607460035524,0.0466252220248668
"3530","101952b","Action_57","Morph_115","ZG","Play","Stompobject","StompObject.1","Sonso",-0.44628710262842,0.0337477797513321,0.0424067495559503
"3531","100413","Action_3","Morph_11","ZG","Play","Bite","Bite.3","Sonso",0.0769610411361284,0.00310834813499112,0.0168738898756661
"3532","101072b","Action_33","Morph_61","ZG","Play","Objectmove","ObjectMove.1","Sonso",0.364643113587909,0.0317495559502664,0.0406305506216696
"3533","100418","Action_14","Morph_30","ZG","Play","Grab","Grab.2","Sonso",0.693147180559945,0.00799289520426288,0.0353019538188277
"3534","100453b","Action_57","Morph_118","ZG","Play","Stompobject","StompObject.4","Sonso",-0.328504066972036,0.005550621669627,0.0424067495559503
"3535","100446a","Action_50","Morph_107","ZG","Play","Shake","Shake.1","Sonso",-0.174353387144778,0.00355239786856128,0.0122113676731794
"3536","100453b","Action_18","Morph_39","ZG","Play","Hitobjectobject","HitObject.1","Sonso",-0.0408219945202552,0.0430728241563055,0.00466252220248668
"3537","100423b","Action_14","Morph_30","ZG","Play","Grab","Grab.2","Sonso",0.770108221696074,0.00799289520426288,0.0353019538188277
"3538","101084a","Action_45","Morph_101","ZG","Giveme","Reach","Reach.2","Sonso",1.30291275218084,0.0370781527531083,0.0801509769094138
"3539","101084a","Action_45","Morph_101","ZG","Giveme","Reach","Reach.2","Sonso",1.41585316336144,0.0370781527531083,0.0801509769094138
"3540","101061","Action_14","Morph_30","ZG","Play","Grab","Grab.2","Sonso",-0.127833371509885,0.00799289520426288,0.0353019538188277
"3541","101061","Action_14","Morph_30","ZG","Play","Grab","Grab.2","Sonso",0.307484699747961,0.00799289520426288,0.0353019538188277
"3542","101082a","Action_45","Morph_101","ZG","Giveme","Reach","Reach.2","Sonso",0.8754687373539,0.0370781527531083,0.0801509769094138
"3543","101084a","Action_45","Morph_101","ZG","Giveme","Reach","Reach.2","Sonso",1.16315080980568,0.0370781527531083,0.0801509769094138
"3544","101045b","Action_17","Morph_39","ZG","Play","Hitobject","HitObject.1","Sonso",-0.22314355131421,0.0430728241563055,0.0559502664298401
"3545","101507b","Action_8","Morph_19","ZG","Playcontinue","Dangle","Dangle.1","Sonso",0.89199803930511,0.0484014209591474,0.0484014209591474
"3546","101700","Action_42","Morph_91","ZG","Play","Push","Push.4","Sonso",1.04380405217311,0.00932504440497336,0.0466252220248668
"3547","101507b","Action_17","Morph_39","ZG","Playcontinue","Hitobject","HitObject.1","Sonso",-0.82098055206983,0.0430728241563055,0.0559502664298401
"3548","101507b","Action_55","Morph_116","ZG","Playcontinue","Stompingobject","StompObject.2","Sonso",0.841567185678219,0.0148756660746004,0.0230905861456483
"3549","101361","Action_14","Morph_29","ZG","Play","Grab","Grab.1","Sonso",0.56531380905006,0.00821492007104796,0.0353019538188277
"3550","102132b","Action_13","Morph_28","ZG","Stopbehaviour","Fling","Fling.2","Sonso",-0.7339691750802,0.00488454706927176,0.0117673179396092
"3551","101045b","Action_33","Morph_61","ZG","Play","Objectmove","ObjectMove.1","Sonso",-0.328504066972036,0.0317495559502664,0.0406305506216696
"3552","102133b","Action_20","Morph_46","ZG","Stopbehaviour","Hitother","HitOther.2","Sonso",-0.82098055206983,0.00932504440497336,0.0404085257548845
"3553","101045b","Action_33","Morph_61","ZG","Play","Objectmove","ObjectMove.1","Sonso",0.518793793415168,0.0317495559502664,0.0406305506216696
"3554","101505","Action_60","Morph_127","ZG","Play","Swing","Swing.1","Sonso",-0.22314355131421,0.0428507992895204,0.0475133214920071
"3555","101361","Action_15","Morph_35","ZG","Play","Grabhold","GrabHold.1","Sonso",2.34180580614733,0.00932504440497336,0.0204262877442274
"3556","101699","Action_57","Morph_120","ZG","Moveclose","Stompobject","StompObject.6","Sonso",-0.22314355131421,0.00133214920071048,0.0424067495559503
"3557","101045b","Action_41","Morph_86","ZG","Play","Pull","Pull.3","Sonso",0.470003629245736,0.00510657193605684,0.0253108348134991
"3558","101361","Action_15","Morph_35","ZG","Play","Grabhold","GrabHold.1","Sonso",1.48160454092422,0.00932504440497336,0.0204262877442274
"3559","102132b","Action_13","Morph_28","ZG","Stopbehaviour","Fling","Fling.2","Sonso",-0.916290731874155,0.00488454706927176,0.0117673179396092
"3560","101045b","Action_33","Morph_61","ZG","Play","Objectmove","ObjectMove.1","Sonso",-0.328504066972036,0.0317495559502664,0.0406305506216696
"3561","101699","Action_57","Morph_115","ZG","Moveclose","Stompobject","StompObject.1","Sonso",0.148420005118273,0.0337477797513321,0.0424067495559503
"3562","101045a","Action_8","Morph_19","ZG","Play","Dangle","Dangle.1","Sonso",0.56531380905006,0.0484014209591474,0.0484014209591474
"3563","101969","Action_42","Morph_91","ZG","Position","Push","Push.4","Sonso",-0.083381608939051,0.00932504440497336,0.0466252220248668
"3564","101970","Action_42","Morph_91","ZG","Position","Push","Push.4","Sonso",0.841567185678219,0.00932504440497336,0.0466252220248668
"3565","101973","Action_42","Morph_91","ZG","Position","Push","Push.4","Sonso",0.542324290825362,0.00932504440497336,0.0466252220248668
"3566","101972","Action_42","Morph_91","ZG","Position","Push","Push.4","Sonso",0.364643113587909,0.00932504440497336,0.0466252220248668
"3567","100552","Action_55","Morph_116","ZK","Play","Stompingobject","StompObject.2","Sonso",0.841567185678219,0.0148756660746004,0.0230905861456483
"3568","100766a","Action_40","Morph_82","ZK","Sexualattention","Presentgenitalsforwards","PresentGenitals.1","Sonso",0.470003629245736,0.0295293072824156,0.00199822380106572
"3569","100051","Action_53","Morph_113","ZK","Play","Spinsomersault","SpinSomersault.1","Sonso",0.392042087776024,0.00799289520426288,0.00799289520426288
"3570","100051","Action_17","Morph_39","ZK","Play","Hitobject","HitObject.1","Sonso",-0.916290731874155,0.0430728241563055,0.0559502664298401
"3571","100864","Action_51","Morph_111","ZK","Playcontinue","Spinpirouette","SpinPirouette.1","Sonso",1.01523067972906,0.00133214920071048,0.00133214920071048
"3572","101784a","Action_34","Morph_65","ZK","Play","Objectshake","ObjectShake.1","Sonso",0.542324290825362,0.0746003552397869,0.108792184724689
"3573","101782","Action_53","Morph_113","ZK","Play","Spinsomersault","SpinSomersault.1","Sonso",0.609765571620894,0.00799289520426288,0.00799289520426288
"3574","101359","Action_14","Morph_30","ZK","Play","Grab","Grab.2","Sonso",0.841567185678219,0.00799289520426288,0.0353019538188277
"3575","100758","Action_20","Morph_50","ZK","Playcontinue","Hitother","HitOther.6","Sonso",-0.22314355131421,0.00488454706927176,0.0404085257548845
"3576","101949","Action_41","Morph_84","ZK","Play","Pull","Pull.1","Sonso",0.672944473242426,0.00821492007104796,0.0253108348134991
"3577","101967","Action_50","Morph_107","ZK","Play","Shake","Shake.1","Sonso",0.542324290825362,0.00355239786856128,0.0122113676731794
"3578","101822","Action_16","Morph_38","ZK","Play","Headstand","HeadStand.1","Sonso",1.18784342239605,0.0066607460035524,0.0066607460035524
"3579","101348b","Action_57","Morph_115","ZK","Playcontinue","Stompobject","StompObject.1","Sonso",-0.127833371509885,0.0337477797513321,0.0424067495559503
"3580","101346","Action_55","Morph_117","ZK","Play","Stompingobject","StompObject.3","Sonso",0.924258901523332,0.00688277087033748,0.0230905861456483
"3581","101949","Action_20","Morph_45","ZK","Play","Hitother","HitOther.1","Sonso",-0.385662480811985,0.0202042628774423,0.0404085257548845
"3582","101346","Action_33","Morph_61","ZK","Play","Objectmove","ObjectMove.1","Sonso",1.3244189574018,0.0317495559502664,0.0406305506216696
"3583","102126","Action_41","Morph_85","ZK","Playcontinue","Pull","Pull.2","Sonso",1.24703229378638,0.00643872113676732,0.0253108348134991
"3584","100851","Action_60","Morph_127","ZK","Play","Swing","Swing.1","Sonso",0.8754687373539,0.0428507992895204,0.0475133214920071
"3585","102361","Action_60","Morph_127","ZK","Play","Swing","Swing.1","Sonso",0.0769610411361284,0.0428507992895204,0.0475133214920071
"3586","102258","Action_17","Morph_39","ZK","Playcontinue","Hitobject","HitObject.1","Sonso",-1.13943428318836,0.0430728241563055,0.0559502664298401
"3587","101943","Action_8","Morph_19","ZK","Playcontinue","Dangle","Dangle.1","Sonso",1.64093657949347,0.0484014209591474,0.0484014209591474
"3588","101946","Action_14","Morph_32","ZK","Play","Grab","Grab.4","Sonso",0.307484699747961,0.00754884547069272,0.0353019538188277
"3589","101917","Action_8","Morph_19","ZK","Playcontinue","Dangle","Dangle.1","Sonso",0.444685821261446,0.0484014209591474,0.0484014209591474
"3590","101352a","Action_41","Morph_84","ZK","Play","Pull","Pull.1","Sonso",0.418710334858185,0.00821492007104796,0.0253108348134991
"3591","102359","Action_52","Morph_112","ZK","Stopbehaviour","Spinroulade","SpinRoulade.1","Sonso",0.182321556793955,0.00488454706927176,0.00488454706927176
"3592","102313","Action_8","Morph_19","ZK","Play","Dangle","Dangle.1","Sonso",0.336472236621213,0.0484014209591474,0.0484014209591474
"3593","101548","Action_20","Morph_46","ZK","Play","Hitother","HitOther.2","Sonso",-0.653926467406664,0.00932504440497336,0.0404085257548845
"3594","101352a","Action_57","Morph_115","ZK","Play","Stompobject","StompObject.1","Sonso",-0.44628710262842,0.0337477797513321,0.0424067495559503
"3595","101917","Action_8","Morph_19","ZK","Playcontinue","Dangle","Dangle.1","Sonso",2.55567572067621,0.0484014209591474,0.0484014209591474
"3596","101499","Action_52","Morph_112","ZK","Stopbehaviour","Spinroulade","SpinRoulade.1","Sonso",0.113328685307003,0.00488454706927176,0.00488454706927176
"3597","101546","Action_20","Morph_46","ZK","Play","Hitother","HitOther.2","Sonso",-0.7339691750802,0.00932504440497336,0.0404085257548845
"3598","101917","Action_60","Morph_127","ZK","Playcontinue","Swing","Swing.1","Sonso",-0.127833371509885,0.0428507992895204,0.0475133214920071
"3599","100761","Action_48","Morph_104","ZK","Playcontinue","Rollover","RollOver.1","Sonso",2.42303124606991,0.00621669626998224,0.00621669626998224
"3600","101917","Action_50","Morph_108","ZK","Playcontinue","Shake","Shake.2","Sonso",1.37624402526639,0.00466252220248668,0.0122113676731794
"3601","101917","Action_14","Morph_34","ZK","Playcontinue","Grab","Grab.6","Sonso",-0.328504066972036,0.00355239786856128,0.0353019538188277
"3602","101539","Action_55","Morph_116","ZK","Play","Stompingobject","StompObject.2","Sonso",-0.44628710262842,0.0148756660746004,0.0230905861456483
"3603","102314","Action_33","Morph_NA","ZK","Play","Objectmove",NA,"Sonso",1.04380405217311,0.0159857904085258,0.0406305506216696
"3604","101917","Action_20","Morph_49","ZK","Playcontinue","Hitother","HitOther.5","Sonso",-0.916290731874155,0.00599467140319716,0.0404085257548845
"3605","101546","Action_20","Morph_46","ZK","Play","Hitother","HitOther.2","Sonso",-0.7339691750802,0.00932504440497336,0.0404085257548845
"3606","102313","Action_14","Morph_29","ZK","Play","Grab","Grab.1","Sonso",-0.7339691750802,0.00821492007104796,0.0353019538188277
"3607","101917","Action_20","Morph_46","ZK","Playcontinue","Hitother","HitOther.2","Sonso",-0.7339691750802,0.00932504440497336,0.0404085257548845
"3608","102258","Action_17","Morph_39","ZK","Playcontinue","Hitobject","HitObject.1","Sonso",-1.27296567581289,0.0430728241563055,0.0559502664298401
"3609","101551","Action_20","Morph_46","ZK","Play","Hitother","HitOther.2","Sonso",-0.328504066972036,0.00932504440497336,0.0404085257548845
"3610","101351","Action_14","Morph_32","ZK","Play","Grab","Grab.4","Sonso",-0.27443684570176,0.00754884547069272,0.0353019538188277
"3611","101945","Action_65","Morph_NA","ZK","Playcontinue","Wave",NA,"Sonso",0.215111379616945,0.0159857904085258,0.00066607460035524
"3612","101352a","Action_20","Morph_46","ZK","Play","Hitother","HitOther.2","Sonso",-0.127833371509885,0.00932504440497336,0.0404085257548845
"3613","101950b","Action_17","Morph_39","ZK","Play","Hitobject","HitObject.1","Sonso",-0.82098055206983,0.0430728241563055,0.0559502664298401
"3614","102258","Action_55","Morph_116","ZK","Playcontinue","Stompingobject","StompObject.2","Sonso",0.542324290825362,0.0148756660746004,0.0230905861456483
"3615","101946","Action_3","Morph_9","ZK","Play","Bite","Bite.1","Sonso",1.53471436623816,0.0044404973357016,0.0168738898756661
"3616","101917","Action_3","Morph_9","ZK","Playcontinue","Bite","Bite.1","Sonso",-0.653926467406664,0.0044404973357016,0.0168738898756661
"3617","101946","Action_15","Morph_37","ZK","Play","Grabhold","GrabHold.3","Sonso",2.02287119019144,0.00532859680284192,0.0204262877442274
"3618","101674","Action_60","Morph_127","ZK","Play","Swing","Swing.1","Sonso",0.246860077931526,0.0428507992895204,0.0475133214920071
"3619","101917","Action_60","Morph_127","ZK","Playcontinue","Swing","Swing.1","Sonso",0.494696241836107,0.0428507992895204,0.0475133214920071
"3620","102127","Action_55","Morph_117","ZK","Play","Stompingobject","StompObject.3","Sonso",0.0769610411361284,0.00688277087033748,0.0230905861456483
"3621","100545","Action_33","Morph_62","ZK","Play","Objectmove","ObjectMove.2","Sonso",1.62531126159039,0.00643872113676732,0.0406305506216696
"3622","100545","Action_55","Morph_116","ZK","Play","Stompingobject","StompObject.2","Sonso",0.451075619360217,0.0148756660746004,0.0230905861456483
"3623","102127","Action_16","Morph_38","ZK","Play","Headstand","HeadStand.1","Sonso",1.86872051036418,0.0066607460035524,0.0066607460035524
"3624","102338","Action_8","Morph_19","ZK","Play","Dangle","Dangle.1","Sonso",1.12492959698548,0.0484014209591474,0.0484014209591474
"3625","102338","Action_14","Morph_30","ZK","Play","Grab","Grab.2","Sonso",0.824175442966349,0.00799289520426288,0.0353019538188277
"3626","102318","Action_53","Morph_113","ZK","Stopbehaviour","Spinsomersault","SpinSomersault.1","Sonso",0.148420005118273,0.00799289520426288,0.00799289520426288
"3627","102338","Action_53","Morph_113","ZK","Play","Spinsomersault","SpinSomersault.1","Sonso",0.444685821261446,0.00799289520426288,0.00799289520426288
"3628","101802","Action_20","Morph_45","ZK","Playcontinue","Hitother","HitOther.1","Sonso",-0.653926467406664,0.0202042628774423,0.0404085257548845
"3629","101445","Action_17","Morph_39","ZK","Play","Hitobject","HitObject.1","Sonso",-1.13943428318836,0.0430728241563055,0.0559502664298401
"3630","102377","Action_14","Morph_32","ZK","Playcontinue","Grab","Grab.4","Sonso",0.444685821261446,0.00754884547069272,0.0353019538188277
"3631","101800","Action_57","Morph_115","ZK","Play","Stompobject","StompObject.1","Sonso",-0.579818495252942,0.0337477797513321,0.0424067495559503
"3632","102376","Action_17","Morph_39","ZK","Playcontinue","Hitobject","HitObject.1","Sonso",-0.916290731874155,0.0430728241563055,0.0559502664298401
"3633","101800","Action_34","Morph_66","ZK","Play","Objectshake","ObjectShake.2","Sonso",1.46325540225602,0.0237566607460036,0.108792184724689
"3634","102377","Action_20","Morph_46","ZK","Playcontinue","Hitother","HitOther.2","Sonso",-0.510825623765991,0.00932504440497336,0.0404085257548845
"3635","100285b","Action_23","Morph_48","ZK","Moveaway","Hittingother","HitOther.4","Sonso",0.56531380905006,0.00732682060390764,0.0157637655417407
"3636","101579a","Action_20","Morph_46","ZK","Sexualattention","Hitother","HitOther.2","Sonso",-0.27443684570176,0.00932504440497336,0.0404085257548845
"3637","101362","Action_15","Morph_35","ZK","Play","Grabhold","GrabHold.1","Sonso",1.07158361628019,0.00932504440497336,0.0204262877442274
"3638","101508","Action_23","Morph_48","ZK","Play","Hittingother","HitOther.4","Sonso",1.85002837735203,0.00732682060390764,0.0157637655417407
"3639","101356","Action_23","Morph_48","ZK","Play","Hittingother","HitOther.4","Sonso",0.182321556793955,0.00732682060390764,0.0157637655417407
"3640","101508","Action_23","Morph_48","ZK","Play","Hittingother","HitOther.4","Sonso",1.07124109187198,0.00732682060390764,0.0157637655417407
"3641","101508","Action_3","Morph_9","ZK","Play","Bite","Bite.1","Sonso",1.80500469597808,0.0044404973357016,0.0168738898756661
"3642","101508","Action_56","Morph_123","ZK","Play","Stompingother","StompOther.2","Sonso",0.806475865866949,0.00244227353463588,0.00266429840142096
"3643","101509","Action_58","Morph_122","ZK","Play","Stompother","StompOther.1","Sonso",-1.02165124753198,0.00244227353463588,0.00377442273534636
"3644","101509","Action_14","Morph_32","ZK","Play","Grab","Grab.4","Sonso",0.587786664902119,0.00754884547069272,0.0353019538188277
"3645","101508","Action_23","Morph_48","ZK","Play","Hittingother","HitOther.4","Sonso",-0.27443684570176,0.00732682060390764,0.0157637655417407
"3646","101509","Action_20","Morph_46","ZK","Play","Hitother","HitOther.2","Sonso",-0.385662480811985,0.00932504440497336,0.0404085257548845
"3647","100268","Action_8","Morph_19","ZK","Play","Dangle","Dangle.1","Sonso",1.18784342239605,0.0484014209591474,0.0484014209591474
"3648","101509","Action_20","Morph_46","ZK","Play","Hitother","HitOther.2","Sonso",-0.0408219945202552,0.00932504440497336,0.0404085257548845
"3649","101356","Action_23","Morph_48","ZK","Play","Hittingother","HitOther.4","Sonso",1.1999647829284,0.00732682060390764,0.0157637655417407
"3650","101509","Action_3","Morph_9","ZK","Play","Bite","Bite.1","Sonso",-0.27443684570176,0.0044404973357016,0.0168738898756661
"3651","101509","Action_56","Morph_123","ZK","Play","Stompingother","StompOther.2","Sonso",-0.7339691750802,0.00244227353463588,0.00266429840142096
"3652","101125","Action_53","Morph_113","ZK","Stopbehaviour","Spinsomersault","SpinSomersault.1","Sonso",0.518793793415168,0.00799289520426288,0.00799289520426288
"3653","101509","Action_20","Morph_46","ZK","Play","Hitother","HitOther.2","Sonso",-0.174353387144778,0.00932504440497336,0.0404085257548845
"3654","100268",NA,NA,"ZK","Play","Hittingother",NA,"Sonso",2.75493378700106,0.0159857904085258,0.0157637655417407
"3655","101509","Action_14","Morph_32","ZK","Play","Grab","Grab.4","Sonso",1.73695123273306,0.00754884547069272,0.0353019538188277
"3656","100797a","Action_33","Morph_62","ZK","Sexualattention","Objectmove","ObjectMove.2","Sonso",0.609765571620894,0.00643872113676732,0.0406305506216696
"3657","100797a","Action_34","Morph_66","ZK","Sexualattention","Objectshake","ObjectShake.2","Sonso",0.392042087776024,0.0237566607460036,0.108792184724689
"3658","100797a","Action_34","Morph_66","ZK","Sexualattention","Objectshake","ObjectShake.2","Sonso",1.49962304642689,0.0237566607460036,0.108792184724689
"3659","101719a","Action_33","Morph_61","ZK","Sexualattention","Objectmove","ObjectMove.1","Sonso",0.693147180559945,0.0317495559502664,0.0406305506216696
"3660","102259","Action_38","Morph_79","ZK","Staysame","Present","Present.5","Sonso",1.97408102602201,0.00688277087033748,0.0492895204262877
"3661","101718b","Action_39","Morph_83","ZK","Sociosexualattention","Presentgenitalsbackwards","PresentGenitals.2","Sonso",0.732367893713227,0.00577264653641208,0.033303730017762
"3662","100430","Action_60","Morph_127","ZK","Playcontinue","Swing","Swing.1","Sonso",0.392042087776024,0.0428507992895204,0.0475133214920071
"3663","100429b","Action_29","Morph_58","ZK","Play","Locomotegallop","LocomoteGallop.1","Sonso",0.770108221696074,0.00821492007104796,0.00821492007104796
"3664","100431","Action_50","Morph_108","ZK","Play","Shake","Shake.2","Sonso",0.444685821261446,0.00466252220248668,0.0122113676731794
"3665","100431","Action_9","Morph_20","ZK","Play","Dangleshake","DangleShake.1","Sonso",1.05779029414785,0.00710479573712256,0.00710479573712256
"3666","100430","Action_8","Morph_19","ZK","Playcontinue","Dangle","Dangle.1","Sonso",2.17928687664955,0.0484014209591474,0.0484014209591474
"3667","102490","Action_57","Morph_118","ZK","Play","Stompobject","StompObject.4","Sonso",-1.02165124753198,0.005550621669627,0.0424067495559503
"3668","100448","Action_3","Morph_14","ZK","Play","Bite","Bite.6","Sonso",0.542324290825362,0.00266429840142096,0.0168738898756661
"3669","102490","Action_17","Morph_39","ZK","Play","Hitobject","HitObject.1","Sonso",-0.579818495252942,0.0430728241563055,0.0559502664298401
"3670","102490","Action_17","Morph_39","ZK","Play","Hitobject","HitObject.1","Sonso",-0.82098055206983,0.0430728241563055,0.0559502664298401
"3671","102490","Action_34","Morph_66","ZK","Play","Objectshake","ObjectShake.2","Sonso",-0.0408219945202552,0.0237566607460036,0.108792184724689
"3672","101803","Action_52","Morph_112","ZK","Playcontinue","Spinroulade","SpinRoulade.1","Sonso",0.215111379616945,0.00488454706927176,0.00488454706927176
"3673","102490","Action_33","Morph_61","ZK","Play","Objectmove","ObjectMove.1","Sonso",-0.44628710262842,0.0317495559502664,0.0406305506216696
"3674","100045","Action_53","Morph_113","ZK","Stopbehaviour","Spinsomersault","SpinSomersault.1","Sonso",0.246860077931526,0.00799289520426288,0.00799289520426288
"3675","100448","Action_3","Morph_16","ZK","Play","Bite","Bite.8","Sonso",0.970778917158225,0.00288632326820604,0.0168738898756661
"3676","100448","Action_14","Morph_29","ZK","Play","Grab","Grab.1","Sonso",0.78845736036427,0.00821492007104796,0.0353019538188277
"3677","100384","Action_29","Morph_58","ZK","Moveaway","Locomotegallop","LocomoteGallop.1","Sonso",0.693147180559945,0.00821492007104796,0.00821492007104796
"3678","100384","Action_10","Morph_21","ZK","Moveaway","Drum","Drum.1","Sonso",-0.22314355131421,0.0033303730017762,0.0033303730017762
"3679","101951a","Action_60","Morph_127","ZK","Play","Swing","Swing.1","Sonso",-0.083381608939051,0.0428507992895204,0.0475133214920071
"3680","101117","Action_17","Morph_40","ZK","Play","Hitobject","HitObject.2","Sonso",-0.22314355131421,0.0119893428063943,0.0559502664298401
"3681","101951a","Action_8","Morph_19","ZK","Play","Dangle","Dangle.1","Sonso",1.49962304642689,0.0484014209591474,0.0484014209591474
"3682","100059","Action_52","Morph_112","ZK","Stopbehaviour","Spinroulade","SpinRoulade.1","Sonso",1.33500106673234,0.00488454706927176,0.00488454706927176
"3683","100975","Action_45","Morph_101","ZK","Play","Reach","Reach.2","Sonso",1.25846098961001,0.0370781527531083,0.0801509769094138
"3684","102260","Action_8","Morph_19","ZK","Play","Dangle","Dangle.1","Sonso",1.30291275218084,0.0484014209591474,0.0484014209591474
"3685","102260","Action_55","Morph_116","ZK","Play","Stompingobject","StompObject.2","Sonso",0.693147180559945,0.0148756660746004,0.0230905861456483
"3686","102260","Action_17","Morph_40","ZK","Play","Hitobject","HitObject.2","Sonso",-0.916290731874155,0.0119893428063943,0.0559502664298401
"3687","102260","Action_33","Morph_61","ZK","Play","Objectmove","ObjectMove.1","Sonso",-0.0408219945202552,0.0317495559502664,0.0406305506216696
"3688","102260","Action_29","Morph_58","ZK","Play","Locomotegallop","LocomoteGallop.1","Sonso",1.01523067972906,0.00821492007104796,0.00821492007104796
"3689","100532","Action_20","Morph_45","ZK","Play","Hitother","HitOther.1","Sonso",0,0.0202042628774423,0.0404085257548845
"3690","102266a","Action_8","Morph_19","ZK","Play","Dangle","Dangle.1","Sonso",0.970778917158225,0.0484014209591474,0.0484014209591474
"3691","102404","Action_55","Morph_119","ZK","Playcontinue","Stompingobject","StompObject.5","Sonso",-0.653926467406664,0.00155417406749556,0.0230905861456483
"3692","100532","Action_14","Morph_32","ZK","Play","Grab","Grab.4","Sonso",-0.916290731874155,0.00754884547069272,0.0353019538188277
"3693","102267","Action_60","Morph_127","ZK","Playcontinue","Swing","Swing.1","Sonso",0.970778917158225,0.0428507992895204,0.0475133214920071
"3694","102267","Action_8","Morph_19","ZK","Playcontinue","Dangle","Dangle.1","Sonso",1.43508452528932,0.0484014209591474,0.0484014209591474
"3695","101126","Action_14","Morph_30","ZK","Play","Grab","Grab.2","Sonso",-0.328504066972036,0.00799289520426288,0.0353019538188277
"3696","100071","Action_33","Morph_61","ZK","Moveaway","Objectmove","ObjectMove.1","Sonso",0.215111379616945,0.0317495559502664,0.0406305506216696
"3697","101689","Action_23","Morph_47","ZK","Play","Hittingother","HitOther.3","Sonso",1.7227665977411,0.00843694493783304,0.0157637655417407
"3698","101478","Action_53","Morph_113","ZK","Stopbehaviour","Spinsomersault","SpinSomersault.1","Sonso",0.924258901523332,0.00799289520426288,0.00799289520426288
"3699","100849","Action_60","Morph_127","ZK","Play","Swing","Swing.1","Sonso",-0.22314355131421,0.0428507992895204,0.0475133214920071
"3700","100403","Action_10","Morph_21","ZK","Play","Drum","Drum.1","Sonso",0,0.0033303730017762,0.0033303730017762
"3701","101049","Action_20","Morph_49","ZK","Play","Hitother","HitOther.5","Sonso",-0.27443684570176,0.00599467140319716,0.0404085257548845
"3702","101483","Action_52","Morph_112","ZK","Stopbehaviour","Spinroulade","SpinRoulade.1","Sonso",0.148420005118273,0.00488454706927176,0.00488454706927176
"3703","100402a","Action_60","Morph_127","ZK","Play","Swing","Swing.1","Sonso",0.307484699747961,0.0428507992895204,0.0475133214920071
"3704","101272b","Action_33","Morph_62","ZK","Playcontinue","Objectmove","ObjectMove.2","Sonso",-0.510825623765991,0.00643872113676732,0.0406305506216696
"3705","100403","Action_29","Morph_58","ZK","Play","Locomotegallop","LocomoteGallop.1","Sonso",0.770108221696074,0.00821492007104796,0.00821492007104796
"3706","100401b","Action_14","Morph_32","ZK","Play","Grab","Grab.4","Sonso",0.392042087776024,0.00754884547069272,0.0353019538188277
"3707","101968a","Action_43","Morph_96","ZK","Play","Raise","Raise.1","Sonso",-0.7339691750802,0.00865896980461812,0.0113232682060391
"3708","100402a","Action_55","Morph_117","ZK","Play","Stompingobject","StompObject.3","Sonso",0.631271776841858,0.00688277087033748,0.0230905861456483
"3709","100420a","Action_63","Morph_132","ZK","Play","Touch","Touch.1","Sonso",-0.328504066972036,0.0104351687388988,0.0341918294849023
"3710","102129","Action_20","Morph_45","ZK","Playcontinue","Hitother","HitOther.1","Sonso",-0.82098055206983,0.0202042628774423,0.0404085257548845
"3711","101481","Action_17","Morph_39","ZK","Play","Hitobject","HitObject.1","Sonso",-0.510825623765991,0.0430728241563055,0.0559502664298401
"3712","101048","Action_20","Morph_45","ZK","Play","Hitother","HitOther.1","Sonso",-0.510825623765991,0.0202042628774423,0.0404085257548845
"3713","101477","Action_60","Morph_127","ZK","Play","Swing","Swing.1","Sonso",0.392042087776024,0.0428507992895204,0.0475133214920071
"3714","102130","Action_8","Morph_19","ZK","Playcontinue","Dangle","Dangle.1","Sonso",0.940007258491471,0.0484014209591474,0.0484014209591474
"3715","100404","Action_8","Morph_19","ZK","Playcontinue","Dangle","Dangle.1","Sonso",1.41585316336144,0.0484014209591474,0.0484014209591474
"3716","101477","Action_17","Morph_39","ZK","Play","Hitobject","HitObject.1","Sonso",-1.6094379124341,0.0430728241563055,0.0559502664298401
"3717","101477","Action_8","Morph_19","ZK","Play","Dangle","Dangle.1","Sonso",2.76000994003292,0.0484014209591474,0.0484014209591474
"3718","101076","Action_41","Morph_84","ZK","Play","Pull","Pull.1","Sonso",0.56531380905006,0.00821492007104796,0.0253108348134991
"3719","101675","Action_20","Morph_45","ZK","Play","Hitother","HitOther.1","Sonso",-0.22314355131421,0.0202042628774423,0.0404085257548845
"3720","101482a","Action_50","Morph_107","ZK","Play","Shake","Shake.1","Sonso",0.732367893713227,0.00355239786856128,0.0122113676731794
"3721","101481","Action_29","Morph_58","ZK","Play","Locomotegallop","LocomoteGallop.1","Sonso",0.542324290825362,0.00821492007104796,0.00821492007104796
"3722","101481","Action_17","Morph_41","ZK","Play","Hitobject","HitObject.3","Sonso",-0.510825623765991,0.00510657193605684,0.0559502664298401
"3723","100400b","Action_41","Morph_85","ZK","Playcontinue","Pull","Pull.2","Sonso",0.78845736036427,0.00643872113676732,0.0253108348134991
"3724","100420a","Action_14","Morph_29","ZK","Play","Grab","Grab.1","Sonso",0.392042087776024,0.00821492007104796,0.0353019538188277
"3725","102130","Action_60","Morph_127","ZK","Playcontinue","Swing","Swing.1","Sonso",-0.0408219945202552,0.0428507992895204,0.0475133214920071
"3726","102128a","Action_55","Morph_116","ZK","Play","Stompingobject","StompObject.2","Sonso",0.246860077931526,0.0148756660746004,0.0230905861456483
"3727","100791","Action_60","Morph_127","ZK","Play","Swing","Swing.1","Sonso",0.246860077931526,0.0428507992895204,0.0475133214920071
"3728","101968a","Action_17","Morph_40","ZK","Play","Hitobject","HitObject.2","Sonso",-0.127833371509885,0.0119893428063943,0.0559502664298401
"3729","100420a","Action_63","Morph_132","ZK","Play","Touch","Touch.1","Sonso",0.113328685307003,0.0104351687388988,0.0341918294849023
"3730","102128a","Action_55","Morph_116","ZK","Play","Stompingobject","StompObject.2","Sonso",0.470003629245736,0.0148756660746004,0.0230905861456483
"3731","102129","Action_8","Morph_19","ZK","Playcontinue","Dangle","Dangle.1","Sonso",0.27763173659828,0.0484014209591474,0.0484014209591474
"3732","101481","Action_17","Morph_39","ZK","Play","Hitobject","HitObject.1","Sonso",-1.13943428318836,0.0430728241563055,0.0559502664298401
"3733","101075","Action_17","Morph_39","ZK","Play","Hitobject","HitObject.1","Sonso",-0.44628710262842,0.0430728241563055,0.0559502664298401
"3734","100762","Action_29","Morph_58","ZK","Play","Locomotegallop","LocomoteGallop.1","Sonso",0.955511445027436,0.00821492007104796,0.00821492007104796
"3735","100542","Action_9","Morph_20","ZK","Playcontinue","Dangleshake","DangleShake.1","Sonso",0.712949807856125,0.00710479573712256,0.00710479573712256
"3736","100549p2","Action_8","Morph_19","ZK","Play","Dangle","Dangle.1","Sonso",0.824175442966349,0.0484014209591474,0.0484014209591474
"3737","100548","Action_8","Morph_19","ZK","Play","Dangle","Dangle.1","Sonso",1.08518926833597,0.0484014209591474,0.0484014209591474
"3738","101046","Action_8","Morph_19","ZK","Play","Dangle","Dangle.1","Sonso",0.806475865866949,0.0484014209591474,0.0484014209591474
"3739","101653","Action_60","Morph_127","ZK","Playcontinue","Swing","Swing.1","Sonso",1.01523067972906,0.0428507992895204,0.0475133214920071
"3740","101047","Action_42","Morph_91","ZK","Play","Push","Push.4","Sonso",-0.7339691750802,0.00932504440497336,0.0466252220248668
"3741","101074","Action_16","Morph_38","ZK","Play","Headstand","HeadStand.1","Sonso",0.858661619037519,0.0066607460035524,0.0066607460035524
"3742","100548","Action_63","Morph_133","ZK","Play","Touch","Touch.2","Sonso",-0.579818495252942,0.00754884547069272,0.0341918294849023
"3743","101047","Action_43","Morph_98","ZK","Play","Raise","Raise.3","Sonso",0.148420005118273,0.00177619893428064,0.0113232682060391
"3744","101653","Action_60","Morph_127","ZK","Playcontinue","Swing","Swing.1","Sonso",0.182321556793955,0.0428507992895204,0.0475133214920071
"3745","101974","Action_2","Morph_5","ZK","Groom","Bigloudscratch","BigLoudScratch.3","Sonso",1.1999647829284,0.0119893428063943,0.0577264653641208
"3746","101038","Action_9","Morph_20","ZK","Play","Dangleshake","DangleShake.1","Sonso",0.908258560176891,0.00710479573712256,0.00710479573712256
"3747","100762","Action_52","Morph_112","ZK","Play","Spinroulade","SpinRoulade.1","Sonso",0.364643113587909,0.00488454706927176,0.00488454706927176
"3748","101974","Action_38","Morph_79","ZK","Groom","Present","Present.5","Sonso",1.69377906086785,0.00688277087033748,0.0492895204262877
"3749","101488","Action_17","Morph_39","ZK","Play","Hitobject","HitObject.1","Sonso",-0.653926467406664,0.0430728241563055,0.0559502664298401
"3750","100048","Action_33","Morph_63","ZK","Play","Objectmove","ObjectMove.3","Sonso",0.609765571620894,0.0011101243339254,0.0406305506216696
"3751","101654","Action_20","Morph_46","ZK","Play","Hitother","HitOther.2","Sonso",-0.27443684570176,0.00932504440497336,0.0404085257548845
"3752","101654","Action_20","Morph_46","ZK","Play","Hitother","HitOther.2","Sonso",-0.82098055206983,0.00932504440497336,0.0404085257548845
"3753","101486","Action_60","Morph_127","ZK","Play","Swing","Swing.1","Sonso",1.51732262352629,0.0428507992895204,0.0475133214920071
"3754","102132a","Action_29","Morph_58","ZK","Play","Locomotegallop","LocomoteGallop.1","Sonso",1.28093384546206,0.00821492007104796,0.00821492007104796
"3755","101486","Action_60","Morph_127","ZK","Play","Swing","Swing.1","Sonso",0.56531380905006,0.0428507992895204,0.0475133214920071
"3756","101488","Action_17","Morph_39","ZK","Play","Hitobject","HitObject.1","Sonso",-0.27443684570176,0.0430728241563055,0.0559502664298401
"3757","101479","Action_60","Morph_127","ZK","Playcontinue","Swing","Swing.1","Sonso",-0.174353387144778,0.0428507992895204,0.0475133214920071
"3758","100549p2","Action_17","Morph_39","ZK","Play","Hitobject","HitObject.1","Sonso",-0.653926467406664,0.0430728241563055,0.0559502664298401
"3759","101958","Action_33","Morph_61","ZK","Play","Objectmove","ObjectMove.1","Sonso",-1.27296567581289,0.0317495559502664,0.0406305506216696
"3760","101507a","Action_55","Morph_116","ZK","Playcontinue","Stompingobject","StompObject.2","Sonso",0.336472236621213,0.0148756660746004,0.0230905861456483
"3761","101653","Action_60","Morph_127","ZK","Playcontinue","Swing","Swing.1","Sonso",0.609765571620894,0.0428507992895204,0.0475133214920071
"3762","100549p1","Action_24","Morph_51","ZK","Play","Jump","Jump.1","Sonso",0.27763173659828,0.00732682060390764,0.00732682060390764
"3763","100373","Action_60","Morph_127","ZK","Play","Swing","Swing.1","Sonso",0.27763173659828,0.0428507992895204,0.0475133214920071
"3764","100762","Action_53","Morph_113","ZK","Play","Spinsomersault","SpinSomersault.1","Sonso",0.56531380905006,0.00799289520426288,0.00799289520426288
"3765","100549p1","Action_34","Morph_68","ZK","Play","Objectshake","ObjectShake.4","Sonso",0.494696241836107,0.00288632326820604,0.108792184724689
"3766","101488","Action_23","Morph_48","ZK","Play","Hittingother","HitOther.4","Sonso",0.0769610411361284,0.00732682060390764,0.0157637655417407
"3767","100048","Action_33","Morph_61","ZK","Play","Objectmove","ObjectMove.1","Sonso",0.0769610411361284,0.0317495559502664,0.0406305506216696
"3768","101044","Action_17","Morph_40","ZK","Play","Hitobject","HitObject.2","Sonso",-0.653926467406664,0.0119893428063943,0.0559502664298401
"3769","101677","Action_17","Morph_40","ZK","Play","Hitobject","HitObject.2","Sonso",-0.916290731874155,0.0119893428063943,0.0559502664298401
"3770","101677","Action_57","Morph_118","ZK","Play","Stompobject","StompObject.4","Sonso",-0.916290731874155,0.005550621669627,0.0424067495559503
"3771","101047","Action_43","Morph_98","ZK","Play","Raise","Raise.3","Sonso",-0.27443684570176,0.00177619893428064,0.0113232682060391
"3772","101958","Action_29","Morph_58","ZK","Play","Locomotegallop","LocomoteGallop.1","Sonso",1.09861228866811,0.00821492007104796,0.00821492007104796
"3773","100049","Action_53","Morph_113","ZK","Stopbehaviour","Spinsomersault","SpinSomersault.1","Sonso",0.470003629245736,0.00799289520426288,0.00799289520426288
"3774","101486","Action_8","Morph_19","ZK","Play","Dangle","Dangle.1","Sonso",1.98513086220859,0.0484014209591474,0.0484014209591474
"3775","101783","Action_33","Morph_61","ZK","Play","Objectmove","ObjectMove.1","Sonso",1.11185751541813,0.0317495559502664,0.0406305506216696
"3776","102111","Action_2","Morph_4","ZK","Groom","Bigloudscratch","BigLoudScratch.2","Sonso",1.38629436111989,0.019316163410302,0.0577264653641208
"3777","100398b","Action_9","Morph_20","ZK","Play","Dangleshake","DangleShake.1","Sonso",2.28645571106416,0.00710479573712256,0.00710479573712256
"3778","102111","Action_2","Morph_4","ZK","Groom","Bigloudscratch","BigLoudScratch.2","Sonso",1.00063188030791,0.019316163410302,0.0577264653641208
"3779","102116","Action_63","Morph_138","ZK","Affiliation","Touch","Touch.7","Sonso",0.215111379616945,0.0044404973357016,0.0341918294849023
"3780","100419","Action_55","Morph_116","ZK","Play","Stompingobject","StompObject.2","Sonso",0.494696241836107,0.0148756660746004,0.0230905861456483
"3781","100419","Action_34","Morph_67","ZK","Play","Objectshake","ObjectShake.3","Sonso",0.336472236621213,0.0022202486678508,0.108792184724689
"3782","100398b","Action_57","Morph_115","ZK","Play","Stompobject","StompObject.1","Sonso",-0.653926467406664,0.0337477797513321,0.0424067495559503
"3783","102111","Action_38","Morph_79","ZK","Groom","Present","Present.5","Sonso",3.40252982689593,0.00688277087033748,0.0492895204262877
"3784","100398b","Action_8","Morph_19","ZK","Play","Dangle","Dangle.1","Sonso",0.542324290825362,0.0484014209591474,0.0484014209591474
"3785","100398b","Action_50","Morph_108","ZK","Play","Shake","Shake.2","Sonso",0.693147180559945,0.00466252220248668,0.0122113676731794
"3786","102111","Action_2","Morph_6","ZK","Groom","Bigloudscratch","BigLoudScratch.4","Sonso",1.38629436111989,0.00421847246891652,0.0577264653641208
"3787","102326","Action_14","Morph_32","ZK","Playcontinue","Grab","Grab.4","Sonso",0.215111379616945,0.00754884547069272,0.0353019538188277
"3788","102111","Action_2","Morph_4","ZK","Groom","Bigloudscratch","BigLoudScratch.2","Sonso",1.35583515363518,0.019316163410302,0.0577264653641208
"3789","102116","Action_45","Morph_100","ZK","Affiliation","Reach","Reach.1","Sonso",1.01523067972906,0.0408525754884547,0.0801509769094138
"3790","100419","Action_57","Morph_115","ZK","Play","Stompobject","StompObject.1","Sonso",-0.083381608939051,0.0337477797513321,0.0424067495559503
"3791","100398b","Action_17","Morph_39","ZK","Play","Hitobject","HitObject.1","Sonso",-0.82098055206983,0.0430728241563055,0.0559502664298401
"3792","100419","Action_34","Morph_67","ZK","Play","Objectshake","ObjectShake.3","Sonso",0.542324290825362,0.0022202486678508,0.108792184724689
"3793","101913","Action_2","Morph_4","ZK","Directattention","Bigloudscratch","BigLoudScratch.2","Sonso",0.631271776841858,0.019316163410302,0.0577264653641208
"3794","102176","Action_2","Morph_3","ZK","Directattention","Bigloudscratch","BigLoudScratch.1","Sonso",1.09861228866811,0.0215364120781528,0.0577264653641208
"3795","101912","Action_38","Morph_77","ZK","Groom","Present","Present.3","Sonso",1.08518926833597,0.00466252220248668,0.0492895204262877
"3796","102182","Action_41","Morph_84","ZK","Groom","Pull","Pull.1","Sonso",0.0769610411361284,0.00821492007104796,0.0253108348134991
"3797","102181","Action_41","Morph_84","ZK","Groom","Pull","Pull.1","Sonso",0.672944473242426,0.00821492007104796,0.0253108348134991
"3798","102181","Action_41","Morph_84","ZK","Groom","Pull","Pull.1","Sonso",0.307484699747961,0.00821492007104796,0.0253108348134991
"3799","101065","Action_63","Morph_133","ZK","Climbonyou","Touch","Touch.2","Sonso",0.246860077931526,0.00754884547069272,0.0341918294849023
"3800","102182","Action_41","Morph_84","ZK","Groom","Pull","Pull.1","Sonso",0.0769610411361284,0.00821492007104796,0.0253108348134991
"3801","102182","Action_41","Morph_84","ZK","Groom","Pull","Pull.1","Sonso",0.0769610411361284,0.00821492007104796,0.0253108348134991
"3802","101785","Action_53","Morph_113","ZK","Play","Spinsomersault","SpinSomersault.1","Sonso",1.38629436111989,0.00799289520426288,0.00799289520426288
"3803","102177","Action_2","Morph_3","ZK","Directattention","Bigloudscratch","BigLoudScratch.1","Sonso",1.21194097397511,0.0215364120781528,0.0577264653641208
"3804","102181","Action_41","Morph_84","ZK","Groom","Pull","Pull.1","Sonso",0.444685821261446,0.00821492007104796,0.0253108348134991
"3805","101656","Action_63","Morph_140","ZK","Givemenurse","Touch","Touch.9","Sonso",0.65232518603969,0.00399644760213144,0.0341918294849023
"3806","101979","Action_41","Morph_84","ZK","Groom","Pull","Pull.1","Sonso",0.672944473242426,0.00821492007104796,0.0253108348134991
"3807","101912","Action_2","Morph_3","ZK","Groom","Bigloudscratch","BigLoudScratch.1","Sonso",1.09861228866811,0.0215364120781528,0.0577264653641208
"3808","102089","Action_2","Morph_5","ZK","Groom","Bigloudscratch","BigLoudScratch.3","Sonso",0.392042087776024,0.0119893428063943,0.0577264653641208
"3809","102181","Action_41","Morph_84","ZK","Groom","Pull","Pull.1","Sonso",0.0769610411361284,0.00821492007104796,0.0253108348134991
"3810","102177","Action_38","Morph_80","ZK","Directattention","Present","Present.6","Sonso",1.77833644889591,0.00155417406749556,0.0492895204262877
"3811","102182","Action_2","Morph_5","ZK","Groom","Bigloudscratch","BigLoudScratch.3","Sonso",1.35583515363518,0.0119893428063943,0.0577264653641208
"3812","101655","Action_63","Morph_140","ZK","Givemenurse","Touch","Touch.9","Sonso",0.364643113587909,0.00399644760213144,0.0341918294849023
"3813","102177","Action_2","Morph_3","ZK","Directattention","Bigloudscratch","BigLoudScratch.1","Sonso",0.470003629245736,0.0215364120781528,0.0577264653641208
"3814","102182","Action_41","Morph_84","ZK","Groom","Pull","Pull.1","Sonso",0.215111379616945,0.00821492007104796,0.0253108348134991
"3815","101921","Action_42","Morph_90","ZK","Position","Push","Push.3","Sonso",0.336472236621213,0.00510657193605684,0.0466252220248668
"3816","102182","Action_38","Morph_NA","ZK","Groom","Present",NA,"Sonso",1.12492959698548,0.0159857904085258,0.0492895204262877
"3817","102182","Action_41","Morph_84","ZK","Groom","Pull","Pull.1","Sonso",0.470003629245736,0.00821492007104796,0.0253108348134991
"3818","101979","Action_38","Morph_76","ZK","Groom","Present","Present.2","Sonso",1.00063188030791,0.0135435168738899,0.0492895204262877
"3819","101921","Action_42","Morph_89","ZK","Position","Push","Push.2","Sonso",-1.27296567581289,0.00355239786856128,0.0466252220248668
"3820","102088b","Action_2","Morph_4","ZK","Groom","Bigloudscratch","BigLoudScratch.2","Sonso",0.336472236621213,0.019316163410302,0.0577264653641208
"3821","101976","Action_38","Morph_75","ZK","Directattention","Present","Present.1","Sonso",1.30291275218084,0.0170959147424512,0.0492895204262877
"3822","101975","Action_2","Morph_6","ZK","Groom","Bigloudscratch","BigLoudScratch.4","Sonso",1.02961941718116,0.00421847246891652,0.0577264653641208
"3823","102181","Action_41","Morph_84","ZK","Groom","Pull","Pull.1","Sonso",0,0.00821492007104796,0.0253108348134991
"3824","102090","Action_38","Morph_76","ZK","Directattention","Present","Present.2","Sonso",2.56802155649851,0.0135435168738899,0.0492895204262877
"3825","102182","Action_41","Morph_84","ZK","Groom","Pull","Pull.1","Sonso",0.672944473242426,0.00821492007104796,0.0253108348134991
"3826","102270","Action_63","Morph_133","ZK","Affiliation","Touch","Touch.2","Sonso",-0.27443684570176,0.00754884547069272,0.0341918294849023
"3827","102181","Action_41","Morph_84","ZK","Groom","Pull","Pull.1","Sonso",0.215111379616945,0.00821492007104796,0.0253108348134991
"3828","102182","Action_41","Morph_84","ZK","Groom","Pull","Pull.1","Sonso",-0.328504066972036,0.00821492007104796,0.0253108348134991
"3829","102182","Action_2","Morph_5","ZK","Groom","Bigloudscratch","BigLoudScratch.3","Sonso",0.182321556793955,0.0119893428063943,0.0577264653641208
"3830","102182","Action_41","Morph_84","ZK","Groom","Pull","Pull.1","Sonso",0.392042087776024,0.00821492007104796,0.0253108348134991
"3831","102182","Action_41","Morph_84","ZK","Groom","Pull","Pull.1","Sonso",-0.328504066972036,0.00821492007104796,0.0253108348134991
"3832","102088b","Action_38","Morph_76","ZK","Groom","Present","Present.2","Sonso",0.307484699747961,0.0135435168738899,0.0492895204262877
"3833","102181","Action_41","Morph_84","ZK","Groom","Pull","Pull.1","Sonso",-0.328504066972036,0.00821492007104796,0.0253108348134991
"3834","102182","Action_41","Morph_84","ZK","Groom","Pull","Pull.1","Sonso",0.0769610411361284,0.00821492007104796,0.0253108348134991
"3835","102181","Action_2","Morph_3","ZK","Groom","Bigloudscratch","BigLoudScratch.1","Sonso",0.824175442966349,0.0215364120781528,0.0577264653641208
"3836","102177","Action_2","Morph_3","ZK","Directattention","Bigloudscratch","BigLoudScratch.1","Sonso",1.05779029414785,0.0215364120781528,0.0577264653641208
"3837","102181","Action_41","Morph_84","ZK","Groom","Pull","Pull.1","Sonso",0.148420005118273,0.00821492007104796,0.0253108348134991
"3838","102182","Action_2","Morph_3","ZK","Groom","Bigloudscratch","BigLoudScratch.1","Sonso",1.35583515363518,0.0215364120781528,0.0577264653641208
"3839","101919","Action_42","Morph_92","ZK","Position","Push","Push.5","Sonso",-0.22314355131421,0.0066607460035524,0.0466252220248668
"3840","100155","Action_39","Morph_83","ZL","Staysame","Presentgenitalsbackwards","PresentGenitals.2","Sonso",1.15057202759882,0.00577264653641208,0.033303730017762
"3841","101073","Action_33","Morph_63","ZL","Play","Objectmove","ObjectMove.3","Sonso",1.11185751541813,0.0011101243339254,0.0406305506216696
"3842","101073","Action_20","Morph_45","ZL","Play","Hitother","HitOther.1","Sonso",-0.510825623765991,0.0202042628774423,0.0404085257548845
"3843","101073","Action_57","Morph_115","ZL","Play","Stompobject","StompObject.1","Sonso",-0.44628710262842,0.0337477797513321,0.0424067495559503
"3844","101069","Action_34","Morph_65","ZL","Play","Objectshake","ObjectShake.1","Sonso",0.27763173659828,0.0746003552397869,0.108792184724689
"3845","101069","Action_34","Morph_65","ZL","Play","Objectshake","ObjectShake.1","Sonso",0.444685821261446,0.0746003552397869,0.108792184724689
"3846","101069","Action_14","Morph_29","ZL","Play","Grab","Grab.1","Sonso",-0.510825623765991,0.00821492007104796,0.0353019538188277
"3847","100253a","Action_38","Morph_77","ZL","Directattention","Present","Present.3","Sonso",0.89199803930511,0.00466252220248668,0.0492895204262877
"3848","100252","Action_2","Morph_4","ZL","Groom","Bigloudscratch","BigLoudScratch.2","Sonso",1.41585316336144,0.019316163410302,0.0577264653641208
"3849","102220b","Action_2","Morph_3","ZL","Groom","Bigloudscratch","BigLoudScratch.1","Sonso",1.28093384546206,0.0215364120781528,0.0577264653641208
"3850","101052","Action_64","Morph_134","ZL","Play","Touchlongother","Touch.3","Sonso",1.46325540225602,0.00488454706927176,0.0175399644760213
"3851","101907","Action_45","Morph_101","ZL","Staysame","Reach","Reach.2","Sonso",-0.127833371509885,0.0370781527531083,0.0801509769094138
"3852","102219","Action_42","Morph_89","ZL","Position","Push","Push.2","Sonso",0.364643113587909,0.00355239786856128,0.0466252220248668
"3853","101052","Action_64","Morph_134","ZL","Play","Touchlongother","Touch.3","Sonso",2.91235066461494,0.00488454706927176,0.0175399644760213
"3854","100100","Action_64","Morph_135","ZL","Stopbehaviour","Touchlongother","Touch.4","Sonso",0.955511445027436,0.00488454706927176,0.0175399644760213
"3855","100962","Action_64","Morph_133","ZL","Play","Touchlongother","Touch.2","Sonso",1.59330853050422,0.00754884547069272,0.0175399644760213
"3856","100962","Action_3","Morph_14","ZL","Play","Bite","Bite.6","Sonso",0.0392207131532813,0.00266429840142096,0.0168738898756661
"3857","100443","Action_41","Morph_84","ZL","Play","Pull","Pull.1","Sonso",0.970778917158225,0.00821492007104796,0.0253108348134991
"3858","100962","Action_3","Morph_11","ZL","Play","Bite","Bite.3","Sonso",0.587786664902119,0.00310834813499112,0.0168738898756661
"3859","100441b","Action_15","Morph_NA","ZL","Play","Grabhold",NA,"Sonso",1.42551507427317,0.0159857904085258,0.0204262877442274
"3860","100318","Action_40","Morph_82","ZL","Sexualattention","Presentgenitalsforwards","PresentGenitals.1","Sonso",1.93441576962958,0.0295293072824156,0.00199822380106572
"3861","101409","Action_63","Morph_136","ZL","Play","Touch","Touch.5","Sonso",0.587786664902119,0.00421847246891652,0.0341918294849023
"3862","101409","Action_64","Morph_133","ZL","Play","Touchlongother","Touch.2","Sonso",0.751416088683921,0.00754884547069272,0.0175399644760213
"3863","101409","Action_23","Morph_47","ZL","Play","Hittingother","HitOther.3","Sonso",0.65232518603969,0.00843694493783304,0.0157637655417407
"3864","101409","Action_64","Morph_133","ZL","Play","Touchlongother","Touch.2","Sonso",1.34547236659964,0.00754884547069272,0.0175399644760213
"3865","101409","Action_42","Morph_88","ZL","Play","Push","Push.1","Sonso",-0.127833371509885,0.0106571936056838,0.0466252220248668
"3866","100200","Action_34","Morph_65","ZL","Sexualattention","Objectshake","ObjectShake.1","Sonso",0.89199803930511,0.0746003552397869,0.108792184724689
"3867","100116a","Action_45","Morph_101","ZL","Affiliation","Reach","Reach.2","Sonso",1.05779029414785,0.0370781527531083,0.0801509769094138
"3868","100205","Action_45","Morph_100","ZL","Sexualattention","Reach","Reach.1","Sonso",0.444685821261446,0.0408525754884547,0.0801509769094138
"3869","101411","Action_3","Morph_14","ZL","Play","Bite","Bite.6","Sonso",0.770108221696074,0.00266429840142096,0.0168738898756661
"3870","102343","Action_64","Morph_134","ZL","Affiliation","Touchlongother","Touch.3","Sonso",1.33500106673234,0.00488454706927176,0.0175399644760213
"3871","100019","Action_38","Morph_76","ZL","Directattention","Present","Present.2","Sonso",0.924258901523332,0.0135435168738899,0.0492895204262877
"3872","101098a","Action_45","Morph_100","ZL","Play","Reach","Reach.1","Sonso",2.02287119019144,0.0408525754884547,0.0801509769094138
"3873","102342b","Action_45","Morph_100","ZL","Play","Reach","Reach.1","Sonso",1.6094379124341,0.0408525754884547,0.0801509769094138
"3874","102113","Action_38","Morph_78","ZL","Directattention","Present","Present.4","Sonso",1.23547147138531,0.00288632326820604,0.0492895204262877
"3875","102114","Action_38","Morph_76","ZL","Directattention","Present","Present.2","Sonso",0.858661619037519,0.0135435168738899,0.0492895204262877
"3876","102109","Action_38","Morph_75","ZL","Groom","Present","Present.1","Sonso",0.824175442966349,0.0170959147424512,0.0492895204262877
"3877","102360a","Action_20","Morph_45","ZL","Playcontinue","Hitother","HitOther.1","Sonso",-1.27296567581289,0.0202042628774423,0.0404085257548845
"3878","102360a","Action_20","Morph_45","ZL","Playcontinue","Hitother","HitOther.1","Sonso",-1.27296567581289,0.0202042628774423,0.0404085257548845
"3879","101905","Action_42","Morph_92","ZL","Position","Push","Push.5","Sonso",0.113328685307003,0.0066607460035524,0.0466252220248668
"3880","102047","Action_45","Morph_100","ZL","Staysame","Reach","Reach.1","Sonso",1.24703229378638,0.0408525754884547,0.0801509769094138
"3881","100293","Action_63","Morph_135","ZL","Play","Touch","Touch.4","Sonso",0.955511445027436,0.00488454706927176,0.0341918294849023
"3882","101410","Action_37","Morph_74","ZL","Play","Poke","Poke.1","Sonso",-0.579818495252942,0.00266429840142096,0.00266429840142096
"3883","101410","Action_15","Morph_35","ZL","Play","Grabhold","GrabHold.1","Sonso",1.34547236659964,0.00932504440497336,0.0204262877442274
"3884","101410","Action_37","Morph_74","ZL","Play","Poke","Poke.1","Sonso",-0.127833371509885,0.00266429840142096,0.00266429840142096
"3885","101435","Action_63","Morph_139","ZL","Play","Touch","Touch.8","Sonso",0.246860077931526,0.00577264653641208,0.0341918294849023
"3886","101410","Action_14","Morph_29","ZL","Play","Grab","Grab.1","Sonso",0.518793793415168,0.00821492007104796,0.0353019538188277
"3887","101435","Action_63","Morph_139","ZL","Play","Touch","Touch.8","Sonso",0.609765571620894,0.00577264653641208,0.0341918294849023
"3888","101101b","Action_63","Morph_133","ZL","Play","Touch","Touch.2","Sonso",0.56531380905006,0.00754884547069272,0.0341918294849023
"3889","101102","Action_64","Morph_132","ZL","Playcontinue","Touchlongother","Touch.1","Sonso",1.08518926833597,0.0104351687388988,0.0175399644760213
"3890","102050","Action_2","Morph_5","ZL","Groom","Bigloudscratch","BigLoudScratch.3","Sonso",1.52605630349505,0.0119893428063943,0.0577264653641208
"3891","102050","Action_2","Morph_3","ZL","Groom","Bigloudscratch","BigLoudScratch.1","Sonso",0.824175442966349,0.0215364120781528,0.0577264653641208
"3892","100094","Action_38","Morph_77","ZL","Directattention","Present","Present.3","Sonso",1.12492959698548,0.00466252220248668,0.0492895204262877
"3893","100092","Action_2","Morph_5","ZL","Groom","Bigloudscratch","BigLoudScratch.3","Sonso",0.631271776841858,0.0119893428063943,0.0577264653641208
"3894","100096","Action_38","Morph_76","ZL","Directattention","Present","Present.2","Sonso",0.940007258491471,0.0135435168738899,0.0492895204262877
"3895","101063","Action_39","Morph_83","ZL","Staysame","Presentgenitalsbackwards","PresentGenitals.2","Sonso",0.985816794522765,0.00577264653641208,0.033303730017762
"3896","101436","Action_2","Morph_5","ZL","Groom","Bigloudscratch","BigLoudScratch.3","Sonso",1.35583515363518,0.0119893428063943,0.0577264653641208
"3897","102328","Action_2","Morph_5","ZL","Groom","Bigloudscratch","BigLoudScratch.3","Sonso",1.81807677754543,0.0119893428063943,0.0577264653641208
"3898","101903","Action_38","Morph_81","ZL","Followme","Present","Present.7","Sonso",0.924258901523332,0.00244227353463588,0.0492895204262877
"3899","101423","Action_17","Morph_39","ZL","Position","Hitobject","HitObject.1","Sonso",0,0.0430728241563055,0.0559502664298401
"3900","102253","Action_41","Morph_86","ZL","Position","Pull","Pull.3","Sonso",0.27763173659828,0.00510657193605684,0.0253108348134991
"3901","102254","Action_2","Morph_5","ZL","Groom","Bigloudscratch","BigLoudScratch.3","Sonso",0.518793793415168,0.0119893428063943,0.0577264653641208
"3902","101306","Action_38","Morph_75","ZL","Directattention","Present","Present.1","Sonso",0.587786664902119,0.0170959147424512,0.0492895204262877
"3903","102218","Action_25","Morph_52","ZL","Moveaway","Kickpunch","KickPunch.1","Sonso",-0.579818495252942,0.0022202486678508,0.0022202486678508
"3904","102178","Action_42","Morph_93","ZL","Position","Push","Push.6","Sonso",0.27763173659828,0.0066607460035524,0.0466252220248668
"3905","101417","Action_2","Morph_5","ZL","Directattention","Bigloudscratch","BigLoudScratch.3","Sonso",0.672944473242426,0.0119893428063943,0.0577264653641208
"3906","101305","Action_38","Morph_75","ZL","Directattention","Present","Present.1","Sonso",0.78845736036427,0.0170959147424512,0.0492895204262877
"3907","102255b","Action_2","Morph_5","ZL","Groom","Bigloudscratch","BigLoudScratch.3","Sonso",1.01523067972906,0.0119893428063943,0.0577264653641208
"3908","101437b","Action_42","Morph_90","ZL","Position","Push","Push.3","Sonso",0.246860077931526,0.00510657193605684,0.0466252220248668
"3909","101422","Action_38","Morph_75","ZL","Groom","Present","Present.1","Sonso",1.36609165380237,0.0170959147424512,0.0492895204262877
"3910","101418","Action_38","Morph_76","ZL","Directattention","Present","Present.2","Sonso",0.542324290825362,0.0135435168738899,0.0492895204262877
"3911","100417b","Action_15","Morph_36","ZL","Playcontinue","Grabhold","GrabHold.2","Sonso",1.28093384546206,0.005550621669627,0.0204262877442274
"3912","102218","Action_41","Morph_86","ZL","Moveaway","Pull","Pull.3","Sonso",0.56531380905006,0.00510657193605684,0.0253108348134991
"3913","102328","Action_2","Morph_5","ZL","Groom","Bigloudscratch","BigLoudScratch.3","Sonso",1.11185751541813,0.0119893428063943,0.0577264653641208
"3914","101308","Action_38","Morph_75","ZL","Groom","Present","Present.1","Sonso",2.27006190128849,0.0170959147424512,0.0492895204262877
"3915","102255b","Action_2","Morph_3","ZL","Groom","Bigloudscratch","BigLoudScratch.1","Sonso",2.05923883436232,0.0215364120781528,0.0577264653641208
"3916","101898","Action_38","Morph_75","ZL","Groom","Present","Present.1","Sonso",0.78845736036427,0.0170959147424512,0.0492895204262877
"3917","101419","Action_38","Morph_80","ZL","Directattention","Present","Present.6","Sonso",0.364643113587909,0.00155417406749556,0.0492895204262877
"3918","101964","Action_2","Morph_3","ZL","Groom","Bigloudscratch","BigLoudScratch.1","Sonso",2.03339760317843,0.0215364120781528,0.0577264653641208
"3919","102257","Action_2","Morph_5","ZL","Directattention","Bigloudscratch","BigLoudScratch.3","Sonso",0.841567185678219,0.0119893428063943,0.0577264653641208
"3920","101440b","Action_2","Morph_4","ZL","Groom","Bigloudscratch","BigLoudScratch.2","Sonso",1.45395300959371,0.019316163410302,0.0577264653641208
"3921","101309","Action_45","Morph_101","ZL","Staysame","Reach","Reach.2","Sonso",-0.385662480811985,0.0370781527531083,0.0801509769094138
"3922","100414","Action_20","Morph_45","ZL","Play","Hitother","HitOther.1","Sonso",-0.0408219945202552,0.0202042628774423,0.0404085257548845
"3923","100398a","Action_33","Morph_64","ZL","Play","Objectmove","ObjectMove.4","Sonso",0.940007258491471,0.00066607460035524,0.0406305506216696
"3924","100411","Action_14","Morph_31","ZL","Play","Grab","Grab.3","Sonso",0.444685821261446,0.00466252220248668,0.0353019538188277
"3925","101637","Action_45","Morph_100","ZL","Sociosexualattention","Reach","Reach.1","Sonso",0.542324290825362,0.0408525754884547,0.0801509769094138
"3926","100398a","Action_57","Morph_115","ZL","Play","Stompobject","StompObject.1","Sonso",-0.174353387144778,0.0337477797513321,0.0424067495559503
"3927","100422","Action_41","Morph_85","ZL","Play","Pull","Pull.2","Sonso",0.418710334858185,0.00643872113676732,0.0253108348134991
"3928","100422","Action_41","Morph_85","ZL","Play","Pull","Pull.2","Sonso",-0.27443684570176,0.00643872113676732,0.0253108348134991
"3929","101959","Action_60","Morph_127","ZL","Play","Swing","Swing.1","Sonso",0.0769610411361284,0.0428507992895204,0.0475133214920071
"3930","100595b","Action_39","Morph_82","ZM","Sexualattention","Presentgenitalsbackwards","PresentGenitals.1","Sonso",0.470003629245736,0.0295293072824156,0.033303730017762
"3931","100013","Action_39","Morph_82","ZM","Sexualattention","Presentgenitalsbackwards","PresentGenitals.1","Sonso",2.21484617868604,0.0295293072824156,0.033303730017762
"3932","101977","Action_38","Morph_78","ZM","Directattention","Present","Present.4","Sonso",0.27763173659828,0.00288632326820604,0.0492895204262877
"3933","101978","Action_42","Morph_92","ZM","Position","Push","Push.5","Sonso",1.02961941718116,0.0066607460035524,0.0466252220248668
"3934","101444","Action_2","Morph_3","ZM","Groom","Bigloudscratch","BigLoudScratch.1","Sonso",1.82454929205105,0.0215364120781528,0.0577264653641208
"3935","101933","Action_38","Morph_75","ZM","Directattention","Present","Present.1","Sonso",1.56003756213897,0.0170959147424512,0.0492895204262877
"3936","101920","Action_2","Morph_6","ZM","Directattention","Bigloudscratch","BigLoudScratch.4","Sonso",1.09861228866811,0.00421847246891652,0.0577264653641208
"3937","102088a","Action_38","Morph_76","ZM","Groom","Present","Present.2","Sonso",1.09861228866811,0.0135435168738899,0.0492895204262877
"3938","101062","Action_42","Morph_88","ZM","Travel","Push","Push.1","Sonso",-0.174353387144778,0.0106571936056838,0.0466252220248668
"3939","102088a","Action_2","Morph_5","ZM","Groom","Bigloudscratch","BigLoudScratch.3","Sonso",1.00063188030791,0.0119893428063943,0.0577264653641208
"3940","102107","Action_42","Morph_92","ZM","Position","Push","Push.5","Sonso",1.02961941718116,0.0066607460035524,0.0466252220248668
"3941","102087","Action_42","Morph_92","ZM","Position","Push","Push.5","Sonso",0.148420005118273,0.0066607460035524,0.0466252220248668
"3942","300631","Action_2","Morph_3","ABO","Groom","Bigloudscratch","BigLoudScratch.1","Waibira",0.747161768866184,0.0928057553956834,0.215827338129496
"3943","300631","Action_2","Morph_4","ABO","Groom","Bigloudscratch","BigLoudScratch.2","Waibira",0.924655648205783,0.0431654676258993,0.215827338129496
"3944","300550b","Action_2","Morph_3","ABO","Groom","Bigloudscratch","BigLoudScratch.1","Waibira",1.19270961204723,0.0928057553956834,0.215827338129496
"3945","300546b","Action_38","Morph_78","ABO","Groom","Present","Present.4","Waibira",0.699626146657654,0.0287769784172662,0.142446043165468
"3946","300549b","Action_2","Morph_6","ABO","Groom","Bigloudscratch","BigLoudScratch.4","Waibira",1.27898750813138,0.0201438848920863,0.215827338129496
"3947","300554b","Action_39","Morph_82","ABO","Sociosexualattention","Presentgenitalsbackwards","PresentGenitals.1","Waibira",0.059211859631846,0.0474820143884892,0.0402877697841727
"3948","300549b","Action_38","Morph_78","ABO","Groom","Present","Present.4","Waibira",1.61879400735813,0.0287769784172662,0.142446043165468
"3949","300356","Action_45","Morph_100","ABO","Staysame","Reach","Reach.1","Waibira",2.03431341406209,0.0827338129496403,0.097841726618705
"3950","300482a","Action_38","Morph_NA","ABO","Groom","Present",NA,"Waibira",1.23518073145013,0.0359712230215827,0.142446043165468
"3951","300481a","Action_2","Morph_4","ABO","Groom","Bigloudscratch","BigLoudScratch.2","Waibira",1.16283826096738,0.0431654676258993,0.215827338129496
"3952","300091","Action_63","Morph_136","ABO","Sociosexualattention","Touch","Touch.5","Waibira",-0.0618754037180875,0.00719424460431655,0.0669064748201439
"3953","300091","Action_64","Morph_135","ABO","Sociosexualattention","Touchlongother","Touch.4","Waibira",1.06436584993952,0.00935251798561151,0.0100719424460432
"3954","300023","Action_64","Morph_132","ABO","Affiliation","Touchlongother","Touch.1","Waibira",2.10887897733345,0.0179856115107914,0.0100719424460432
"3955","300023","Action_45","Morph_100","ABO","Affiliation","Reach","Reach.1","Waibira",0.830297018707179,0.0827338129496403,0.097841726618705
"3956","300797b","Action_43","Morph_96","AIM","Givemenurse","Raise","Raise.1","Waibira",1.67109729282083,0.0258992805755396,0.0316546762589928
"3957","300892a","Action_43","Morph_97","AIM","Affiliation","Raise","Raise.2","Waibira",0.107957141505092,0.00575539568345324,0.0316546762589928
"3958","300748","Action_14","Morph_29","AIM","Giveme","Grab","Grab.1","Waibira",0.603222473031958,0.00359712230215827,0.0107913669064748
"3959","300799","Action_60","Morph_127","AIM","Play","Swing","Swing.1","Waibira",-0.424647927524938,0.0165467625899281,0.0172661870503597
"3960","300799","Action_39","Morph_82","AIM","Play","Presentgenitalsbackwards","PresentGenitals.1","Waibira",2.29656702066848,0.0474820143884892,0.0402877697841727
"3961","300797a","Action_42","Morph_88","AKK","Takeobjectnurse","Push","Push.1","Waibira",0.683096844706444,0.0115107913669065,0.0359712230215827
"3962","300797a","Action_45","Morph_100","AKK","Takeobjectnurse","Reach","Reach.1","Waibira",1.00613143587394,0.0827338129496403,0.097841726618705
"3963","300797a","Action_2","Morph_4","AKK","Takeobjectnurse","Bigloudscratch","BigLoudScratch.2","Waibira",1.03211629737975,0.0431654676258993,0.215827338129496
"3964","300797a","Action_1","Morph_2","AKK","Takeobjectnurse","Beckon","Beckon.2","Waibira",-1.18090753139494,0.00359712230215827,0.00575539568345324
"3965","300797a","Action_42","Morph_88","AKK","Takeobjectnurse","Push","Push.1","Waibira",0.933737645477876,0.0115107913669065,0.0359712230215827
"3966","300798","Action_42","Morph_88","AKK","Takeobjectnurse","Push","Push.1","Waibira",-0.410980288796275,0.0115107913669065,0.0359712230215827
"3967","300797a","Action_42","Morph_88","AKK","Takeobjectnurse","Push","Push.1","Waibira",0.825490367547658,0.0115107913669065,0.0359712230215827
"3968","300797a","Action_42","Morph_88","AKK","Takeobjectnurse","Push","Push.1","Waibira",0.391366183728663,0.0115107913669065,0.0359712230215827
"3969","300797a","Action_63","Morph_NA","AKK","Takeobjectnurse","Touch",NA,"Waibira",-0.303811454381665,0.0359712230215827,0.0669064748201439
"3970","300797a","Action_42","Morph_88","AKK","Takeobjectnurse","Push","Push.1","Waibira",-0.168418651624963,0.0115107913669065,0.0359712230215827
"3971","300798","Action_63","Morph_133","AKK","Takeobjectnurse","Touch","Touch.2","Waibira",-0.25618340539241,0.00863309352517986,0.0669064748201439
"3972","300797a","Action_42","Morph_88","AKK","Takeobjectnurse","Push","Push.1","Waibira",0.696641069814201,0.0115107913669065,0.0359712230215827
"3973","300798","Action_42","Morph_88","AKK","Takeobjectnurse","Push","Push.1","Waibira",0.305276380852732,0.0115107913669065,0.0359712230215827
"3974","300892b","Action_45","Morph_100","AKK","Affiliation","Reach","Reach.1","Waibira",-0.0212236364516267,0.0827338129496403,0.097841726618705
"3975","300672","Action_41","Morph_85","AKK","Position","Pull","Pull.2","Waibira",0.806475865866949,0.0115107913669065,0.0280575539568345
"3976","300672","Action_2","Morph_4","AKK","Position","Bigloudscratch","BigLoudScratch.2","Waibira",0.907855253053053,0.0431654676258993,0.215827338129496
"3977","300095","Action_38","Morph_78","AKK","Directattention","Present","Present.4","Waibira",1.45067662004916,0.0287769784172662,0.142446043165468
"3978","300757","Action_38","Morph_80","ALF","Directattention","Present","Present.6","Waibira",0.316269529303694,0.00575539568345324,0.142446043165468
"3979","300593a","Action_2","Morph_5","ALF","Groom","Bigloudscratch","BigLoudScratch.3","Waibira",0.29266961396282,0.0424460431654676,0.215827338129496
"3980","300381","Action_3","Morph_12","ALF","Affiliation","Bite","Bite.4","Waibira",1.34312586571851,0.00287769784172662,0.0115107913669065
"3981","300595","Action_38","Morph_78","ALF","Groom","Present","Present.4","Waibira",1.32095551981155,0.0287769784172662,0.142446043165468
"3982","300592b","Action_38","Morph_77","ALF","Groom","Present","Present.3","Waibira",0.939225703156651,0.041726618705036,0.142446043165468
"3983","300381","Action_3","Morph_12","ALF","Affiliation","Bite","Bite.4","Waibira",0.586674936049429,0.00287769784172662,0.0115107913669065
"3984","300479b","Action_64","Morph_133","ALF","Affiliation","Touchlongother","Touch.2","Waibira",1.51907547235371,0.00863309352517986,0.0100719424460432
"3985","300054","Action_38","Morph_75","ALF","Groom","Present","Present.1","Waibira",1.31774781858478,0.0330935251798561,0.142446043165468
"3986","300056b","Action_38","Morph_77","ALF","Groom","Present","Present.3","Waibira",1.17062282464438,0.041726618705036,0.142446043165468
"3987","300059","Action_38","Morph_NA","ALF","Groom","Present",NA,"Waibira",1.5802150537572,0.0359712230215827,0.142446043165468
"3988","300055","Action_38","Morph_75","ALF","Groom","Present","Present.1","Waibira",1.34521191601866,0.0330935251798561,0.142446043165468
"3989","300352b","Action_2","Morph_NA","ALF","Groom","Bigloudscratch",NA,"Waibira",0.693147180559945,0.0359712230215827,0.215827338129496
"3990","300532","Action_38","Morph_75","ALF","Groom","Present","Present.1","Waibira",1.21372509576861,0.0330935251798561,0.142446043165468
"3991","300755","Action_38","Morph_78","ALF","Groom","Present","Present.4","Waibira",0.342880232916543,0.0287769784172662,0.142446043165468
"3992","300758b","Action_38","Morph_75","ALF","Groom","Present","Present.1","Waibira",0.665775983763813,0.0330935251798561,0.142446043165468
"3993","300220b","Action_38","Morph_77","ALF","Directattention","Present","Present.3","Waibira",2.29666761923001,0.041726618705036,0.142446043165468
"3994","300176b","Action_60","Morph_127","ALF","Affiliation","Swing","Swing.1","Waibira",-0.923818998294947,0.0165467625899281,0.0172661870503597
"3995","300367","Action_2","Morph_5","ALF","Groom","Bigloudscratch","BigLoudScratch.3","Waibira",0.939616557177652,0.0424460431654676,0.215827338129496
"3996","300182a","Action_45","Morph_100","ALF","Sexualattention","Reach","Reach.1","Waibira",0.5031965966015,0.0827338129496403,0.097841726618705
"3997","300182a","Action_43","Morph_96","ALF","Sexualattention","Raise","Raise.1","Waibira",-0.18152187662339,0.0258992805755396,0.0316546762589928
"3998","300174","Action_39","Morph_83","ALF","Affiliation","Presentgenitalsbackwards","PresentGenitals.2","Waibira",1.70146999788059,0.0107913669064748,0.0402877697841727
"3999","300509","Action_45","Morph_100","ALF","Affiliation","Reach","Reach.1","Waibira",1.03992329231943,0.0827338129496403,0.097841726618705
"4000","300881","Action_34","Morph_65","AND","Sexualattention","Objectshake","ObjectShake.1","Waibira",1.96683259729718,0.0158273381294964,0.0201438848920863
"4001","300881","Action_33","Morph_61","AND","Sexualattention","Objectmove","ObjectMove.1","Waibira",1.18875763851946,0.018705035971223,0.0194244604316547
"4002","300676b","Action_42","Morph_91","AND","Stopbehaviour","Push","Push.4","Waibira",-0.0460439385014068,0.00143884892086331,0.0359712230215827
"4003","300839","Action_45","Morph_100","AND","Staysame","Reach","Reach.1","Waibira",-0.653926467406664,0.0827338129496403,0.097841726618705
"4004","300561a","Action_54","Morph_114","AND","Sexualattention","Stancebipedal","StanceBipedal.1","Waibira",0.409457129377702,0.00359712230215827,0.00359712230215827
"4005","300671","Action_38","Morph_78","ARD","Groom","Present","Present.4","Waibira",1.30182520449344,0.0287769784172662,0.142446043165468
"4006","300671","Action_2","Morph_6","ARD","Groom","Bigloudscratch","BigLoudScratch.4","Waibira",0.672944473242426,0.0201438848920863,0.215827338129496
"4007","300669","Action_38","Morph_75","ARD","Directattention","Present","Present.1","Waibira",0.755652385911342,0.0330935251798561,0.142446043165468
"4008","300159","Action_63","Morph_134","ARD","Affiliation","Touch","Touch.3","Waibira",-0.478035800943,0.0115107913669065,0.0669064748201439
"4009","300270","Action_38","Morph_75","ARD","Directattention","Present","Present.1","Waibira",1.23547147138531,0.0330935251798561,0.142446043165468
"4010","300666b","Action_2","Morph_4","ARD","Groom","Bigloudscratch","BigLoudScratch.2","Waibira",0.824175442966349,0.0431654676258993,0.215827338129496
"4011","300770","Action_13","Morph_27","ARD","Moveaway","Fling","Fling.1","Waibira",-0.22314355131421,0.0165467625899281,0.0172661870503597
"4012","300018","Action_2","Morph_3","ARD","Directattention","Bigloudscratch","BigLoudScratch.1","Waibira",0.758466646680588,0.0928057553956834,0.215827338129496
"4013","300018","Action_38","Morph_77","ARD","Directattention","Present","Present.3","Waibira",1.2047724844965,0.041726618705036,0.142446043165468
"4014","300712","Action_2","Morph_6","ARU","Groom","Bigloudscratch","BigLoudScratch.4","Waibira",0.900161349944271,0.0201438848920863,0.215827338129496
"4015","300708","Action_2","Morph_5","ARU","Groom","Bigloudscratch","BigLoudScratch.3","Waibira",0.0344014267173323,0.0424460431654676,0.215827338129496
"4016","300708","Action_2","Morph_3","ARU","Groom","Bigloudscratch","BigLoudScratch.1","Waibira",0.725130226412996,0.0928057553956834,0.215827338129496
"4017","300564","Action_42","Morph_88","ARU","Takeobjectnurse","Push","Push.1","Waibira",0.210260925483196,0.0115107913669065,0.0359712230215827
"4018","300564","Action_45","Morph_102","ARU","Takeobjectnurse","Reach","Reach.3","Waibira",0.340037302785709,0.00575539568345324,0.097841726618705
"4019","300710","Action_42","Morph_89","ARU","Position","Push","Push.2","Waibira",0.280657457514817,0.0115107913669065,0.0359712230215827
"4020","300712","Action_38","Morph_78","ARU","Groom","Present","Present.4","Waibira",1.64904316702646,0.0287769784172662,0.142446043165468
"4021","300709a","Action_2","Morph_3","ARU","Groom","Bigloudscratch","BigLoudScratch.1","Waibira",0.358373500574314,0.0928057553956834,0.215827338129496
"4022","300709a","Action_2","Morph_5","ARU","Groom","Bigloudscratch","BigLoudScratch.3","Waibira",0.750944279286162,0.0424460431654676,0.215827338129496
"4023","300712","Action_2","Morph_5","ARU","Groom","Bigloudscratch","BigLoudScratch.3","Waibira",0.105260510657493,0.0424460431654676,0.215827338129496
"4024","300060","Action_38","Morph_76","ARU","Directattention","Present","Present.2","Waibira",1.3206886040219,0.0251798561151079,0.142446043165468
"4025","300702b","Action_39","Morph_82","ARU","Sexualattention","Presentgenitalsbackwards","PresentGenitals.1","Waibira",1.84118435255558,0.0474820143884892,0.0402877697841727
"4026","300702b","Action_39","Morph_82","ARU","Sexualattention","Presentgenitalsbackwards","PresentGenitals.1","Waibira",3.03495298670727,0.0474820143884892,0.0402877697841727
"4027","300684","Action_39","Morph_82","ARU","Sexualattention","Presentgenitalsbackwards","PresentGenitals.1","Waibira",0.538246219341983,0.0474820143884892,0.0402877697841727
"4028","300656b","Action_45","Morph_100","ARU","Affiliation","Reach","Reach.1","Waibira",0.805135682507993,0.0827338129496403,0.097841726618705
"4029","300711","Action_2","Morph_6","ASM","Directattention","Bigloudscratch","BigLoudScratch.4","Waibira",0.76964515153267,0.0201438848920863,0.215827338129496
"4030","300110","Action_43","Morph_96","ASM","Giveme","Raise","Raise.1","Waibira",0.633397176154171,0.0258992805755396,0.0316546762589928
"4031","300711","Action_38","Morph_78","ASM","Directattention","Present","Present.4","Waibira",1.0170406349743,0.0287769784172662,0.142446043165468
"4032","300110","Action_45","Morph_100","ASM","Giveme","Reach","Reach.1","Waibira",1.44338332810402,0.0827338129496403,0.097841726618705
"4033","300355","Action_63","Morph_134","ATA","Staysame","Touch","Touch.3","Waibira",0.225540675913931,0.0115107913669065,0.0669064748201439
"4034","300421a","Action_2","Morph_3","ATA","Directattention","Bigloudscratch","BigLoudScratch.1","Waibira",0.731887008875876,0.0928057553956834,0.215827338129496
"4035","300421a","Action_38","Morph_77","ATA","Directattention","Present","Present.3","Waibira",1.26976054486394,0.041726618705036,0.142446043165468
"4036","300421a","Action_2","Morph_5","ATA","Directattention","Bigloudscratch","BigLoudScratch.3","Waibira",0.751416088683921,0.0424460431654676,0.215827338129496
"4037","300447b","Action_2","Morph_3","ATA","Groom","Bigloudscratch","BigLoudScratch.1","Waibira",0.268499253035007,0.0928057553956834,0.215827338129496
"4038","300478","Action_43","Morph_97","BH","Play","Raise","Raise.2","Waibira",-0.0110609473594249,0.00575539568345324,0.0316546762589928
"4039","300382","Action_2","Morph_6","BH","Climbonme","Bigloudscratch","BigLoudScratch.4","Waibira",0.955511445027436,0.0201438848920863,0.215827338129496
"4040","300382","Action_17","Morph_41","BH","Climbonme","Hitobject","HitObject.3","Waibira",-0.350976922824095,0.00431654676258993,0.0482014388489209
"4041","300382","Action_43","Morph_97","BH","Climbonme","Raise","Raise.2","Waibira",-0.783071888087932,0.00575539568345324,0.0316546762589928
"4042","300188b","Action_3","Morph_15","BH","Affiliation","Bite","Bite.7","Waibira",2.05104206715814,0.00215827338129496,0.0115107913669065
"4043","300188b","Action_63","Morph_140","BH","Affiliation","Touch","Touch.9","Waibira",1.30291275218084,0.00431654676258993,0.0669064748201439
"4044","300382","Action_2","Morph_3","BH","Climbonme","Bigloudscratch","BigLoudScratch.1","Waibira",0.904622927006473,0.0928057553956834,0.215827338129496
"4045","300690b","Action_2","Morph_5","BH","Takeobjectnurse","Bigloudscratch","BigLoudScratch.3","Waibira",0.902597404742153,0.0424460431654676,0.215827338129496
"4046","300382","Action_63","Morph_137","BH","Climbonme","Touch","Touch.6","Waibira",-0.0618754037180875,0.00647482014388489,0.0669064748201439
"4047","300686","Action_45","Morph_100","BH","Staysame","Reach","Reach.1","Waibira",0.444044590075639,0.0827338129496403,0.097841726618705
"4048","300476b","Action_38","Morph_75","BH","Groom","Present","Present.1","Waibira",1.27088350960856,0.0330935251798561,0.142446043165468
"4049","300829","Action_60","Morph_127","BH","Moveaway","Swing","Swing.1","Waibira",0.0188217542405877,0.0165467625899281,0.0172661870503597
"4050","300315","Action_38","Morph_75","BH","Groom","Present","Present.1","Waibira",1.22348127071398,0.0330935251798561,0.142446043165468
"4051","300794","Action_45","Morph_100","BAR","Staysame","Reach","Reach.1","Waibira",1.23895377322118,0.0827338129496403,0.097841726618705
"4052","300691","Action_60","Morph_127","BAR","Moveaway","Swing","Swing.1","Waibira",-0.127833371509885,0.0165467625899281,0.0172661870503597
"4053","300790a","Action_34","Morph_65","BEN","Sexualattention","Objectshake","ObjectShake.1","Waibira",-0.22314355131421,0.0158273381294964,0.0201438848920863
"4054","300790a","Action_40","Morph_82","BEN","Sexualattention","Presentgenitalsforwards","PresentGenitals.1","Waibira",1.13815346328864,0.0474820143884892,0.0179856115107914
"4055","300290a","Action_45","Morph_100","BEN","Affiliation","Reach","Reach.1","Waibira",0.714908672341458,0.0827338129496403,0.097841726618705
"4056","300600","Action_38","Morph_75","BEN","Groom","Present","Present.1","Waibira",0.848011891120861,0.0330935251798561,0.142446043165468
"4057","300592a","Action_2","Morph_4","BEN","Groom","Bigloudscratch","BigLoudScratch.2","Waibira",0.834212620838548,0.0431654676258993,0.215827338129496
"4058","300594","Action_38","Morph_78","BEN","Directattention","Present","Present.4","Waibira",0.414755155015257,0.0287769784172662,0.142446043165468
"4059","300593b","Action_2","Morph_3","BEN","Groom","Bigloudscratch","BigLoudScratch.1","Waibira",0.392042087776024,0.0928057553956834,0.215827338129496
"4060","300601","Action_38","Morph_77","BEN","Groom","Present","Present.3","Waibira",1.35299607571838,0.041726618705036,0.142446043165468
"4061","300596","Action_2","Morph_3","BEN","Groom","Bigloudscratch","BigLoudScratch.1","Waibira",0.442760892851861,0.0928057553956834,0.215827338129496
"4062","300614","Action_38","Morph_80","BEN","Directattention","Present","Present.6","Waibira",0.191446464570955,0.00575539568345324,0.142446043165468
"4063","300597","Action_2","Morph_4","BEN","Groom","Bigloudscratch","BigLoudScratch.2","Waibira",0.618423634364009,0.0431654676258993,0.215827338129496
"4064","300598","Action_2","Morph_3","BEN","Groom","Bigloudscratch","BigLoudScratch.1","Waibira",1.14231014393383,0.0928057553956834,0.215827338129496
"4065","300600","Action_2","Morph_5","BEN","Groom","Bigloudscratch","BigLoudScratch.3","Waibira",0.0769610411361284,0.0424460431654676,0.215827338129496
"4066","300601","Action_2","Morph_3","BEN","Groom","Bigloudscratch","BigLoudScratch.1","Waibira",1.37977314412963,0.0928057553956834,0.215827338129496
"4067","300599","Action_2","Morph_3","BEN","Groom","Bigloudscratch","BigLoudScratch.1","Waibira",1.20567136096152,0.0928057553956834,0.215827338129496
"4068","300599","Action_2","Morph_3","BEN","Groom","Bigloudscratch","BigLoudScratch.1","Waibira",1.16813835131672,0.0928057553956834,0.215827338129496
"4069","300008","Action_2","Morph_3","BEN","Directattention","Bigloudscratch","BigLoudScratch.1","Waibira",0.117783035656383,0.0928057553956834,0.215827338129496
"4070","300601","Action_2","Morph_3","BEN","Groom","Bigloudscratch","BigLoudScratch.1","Waibira",1.21491274436427,0.0928057553956834,0.215827338129496
"4071","300602","Action_2","Morph_6","BEN","Groom","Bigloudscratch","BigLoudScratch.4","Waibira",0.774266231844737,0.0201438848920863,0.215827338129496
"4072","300602","Action_38","Morph_78","BEN","Groom","Present","Present.4","Waibira",1.08112697432709,0.0287769784172662,0.142446043165468
"4073","300592a","Action_38","Morph_76","BEN","Groom","Present","Present.2","Waibira",0.985443590562472,0.0251798561151079,0.142446043165468
"4074","300694","Action_17","Morph_39","BEN","Followme","Hitobject","HitObject.1","Waibira",-1.03845836584836,0.041726618705036,0.0482014388489209
"4075","300694","Action_17","Morph_39","BEN","Followme","Hitobject","HitObject.1","Waibira",-0.744440474947496,0.041726618705036,0.0482014388489209
"4076","300694","Action_57","Morph_115","BEN","Followme","Stompobject","StompObject.1","Waibira",-0.742337424750717,0.020863309352518,0.0258992805755396
"4077","300705","Action_57","Morph_115","BEN","Followme","Stompobject","StompObject.1","Waibira",-0.928869514081015,0.020863309352518,0.0258992805755396
"4078","300699","Action_57","Morph_115","BEN","Followme","Stompobject","StompObject.1","Waibira",-0.738144546490681,0.020863309352518,0.0258992805755396
"4079","300694","Action_17","Morph_39","BEN","Followme","Hitobject","HitObject.1","Waibira",-0.832409247893453,0.041726618705036,0.0482014388489209
"4080","300683","Action_17","Morph_39","BEN","Followme","Hitobject","HitObject.1","Waibira",-0.514164525031505,0.041726618705036,0.0482014388489209
"4081","300683","Action_2","Morph_5","BEN","Followme","Bigloudscratch","BigLoudScratch.3","Waibira",0.361164849211584,0.0424460431654676,0.215827338129496
"4082","300694","Action_17","Morph_39","BEN","Followme","Hitobject","HitObject.1","Waibira",-0.685179010910768,0.041726618705036,0.0482014388489209
"4083","300694","Action_17","Morph_39","BEN","Followme","Hitobject","HitObject.1","Waibira",-0.283690051182243,0.041726618705036,0.0482014388489209
"4084","300694","Action_57","Morph_119","BEN","Followme","Stompobject","StompObject.5","Waibira",-0.353821874956326,0.00431654676258993,0.0258992805755396
"4085","300705","Action_17","Morph_41","BEN","Followme","Hitobject","HitObject.3","Waibira",-0.748659890490204,0.00431654676258993,0.0482014388489209
"4086","300705","Action_31","Morph_59","BEN","Followme","Lunge","Lunge.1","Waibira",-0.454130280089445,0.00503597122302158,0.00503597122302158
"4087","300694","Action_17","Morph_40","BEN","Followme","Hitobject","HitObject.2","Waibira",-0.667479433811368,0.00359712230215827,0.0482014388489209
"4088","300694","Action_33","Morph_61","BEN","Followme","Objectmove","ObjectMove.1","Waibira",0.17730901497041,0.018705035971223,0.0194244604316547
"4089","300694","Action_2","Morph_5","BEN","Followme","Bigloudscratch","BigLoudScratch.3","Waibira",1.10922246778013,0.0424460431654676,0.215827338129496
"4090","300683","Action_17","Morph_41","BEN","Followme","Hitobject","HitObject.3","Waibira",-0.174353387144778,0.00431654676258993,0.0482014388489209
"4091","300683","Action_2","Morph_5","BEN","Followme","Bigloudscratch","BigLoudScratch.3","Waibira",0.750472247179215,0.0424460431654676,0.215827338129496
"4092","300694","Action_2","Morph_4","BEN","Followme","Bigloudscratch","BigLoudScratch.2","Waibira",0.483043242753539,0.0431654676258993,0.215827338129496
"4093","300694","Action_2","Morph_3","BEN","Followme","Bigloudscratch","BigLoudScratch.1","Waibira",1.49939980722516,0.0928057553956834,0.215827338129496
"4094","300699","Action_2","Morph_3","BEN","Followme","Bigloudscratch","BigLoudScratch.1","Waibira",1.5020753941056,0.0928057553956834,0.215827338129496
"4095","300694","Action_17","Morph_39","BEN","Followme","Hitobject","HitObject.1","Waibira",-1.45243416362444,0.041726618705036,0.0482014388489209
"4096","300705","Action_57","Morph_115","BEN","Followme","Stompobject","StompObject.1","Waibira",-0.928869514081015,0.020863309352518,0.0258992805755396
"4097","300694","Action_17","Morph_39","BEN","Followme","Hitobject","HitObject.1","Waibira",-0.334075112021491,0.041726618705036,0.0482014388489209
"4098","300694","Action_17","Morph_39","BEN","Followme","Hitobject","HitObject.1","Waibira",-0.665532013526972,0.041726618705036,0.0482014388489209
"4099","300694","Action_17","Morph_39","BEN","Followme","Hitobject","HitObject.1","Waibira",-0.277071893339765,0.041726618705036,0.0482014388489209
"4100","300683","Action_17","Morph_42","BEN","Followme","Hitobject","HitObject.4","Waibira",-0.928869514081015,0.00431654676258993,0.0482014388489209
"4101","300694","Action_17","Morph_39","BEN","Followme","Hitobject","HitObject.1","Waibira",-0.823255865906966,0.041726618705036,0.0482014388489209
"4102","300694","Action_17","Morph_39","BEN","Followme","Hitobject","HitObject.1","Waibira",-0.827822083886547,0.041726618705036,0.0482014388489209
"4103","300694","Action_17","Morph_39","BEN","Followme","Hitobject","HitObject.1","Waibira",-0.825536368605691,0.041726618705036,0.0482014388489209
"4104","300694","Action_17","Morph_39","BEN","Followme","Hitobject","HitObject.1","Waibira",-0.388607991041741,0.041726618705036,0.0482014388489209
"4105","300699","Action_2","Morph_4","BEN","Followme","Bigloudscratch","BigLoudScratch.2","Waibira",0.535908404133454,0.0431654676258993,0.215827338129496
"4106","300683","Action_2","Morph_3","BEN","Followme","Bigloudscratch","BigLoudScratch.1","Waibira",1.28315360220038,0.0928057553956834,0.215827338129496
"4107","300683","Action_34","Morph_66","BEN","Followme","Objectshake","ObjectShake.2","Waibira",0.0769610411361284,0.00431654676258993,0.0201438848920863
"4108","300705","Action_2","Morph_3","BEN","Followme","Bigloudscratch","BigLoudScratch.1","Waibira",1.53643701954961,0.0928057553956834,0.215827338129496
"4109","300705","Action_57","Morph_115","BEN","Followme","Stompobject","StompObject.1","Waibira",-0.742337424750717,0.020863309352518,0.0258992805755396
"4110","300694","Action_17","Morph_39","BEN","Followme","Hitobject","HitObject.1","Waibira",-0.583396316600826,0.041726618705036,0.0482014388489209
"4111","300694","Action_17","Morph_39","BEN","Followme","Hitobject","HitObject.1","Waibira",-0.928869514081015,0.041726618705036,0.0482014388489209
"4112","300694","Action_17","Morph_39","BEN","Followme","Hitobject","HitObject.1","Waibira",-0.740238788093796,0.041726618705036,0.0482014388489209
"4113","300694","Action_57","Morph_115","BEN","Followme","Stompobject","StompObject.1","Waibira",-0.916290731874155,0.020863309352518,0.0258992805755396
"4114","300694","Action_2","Morph_3","BEN","Followme","Bigloudscratch","BigLoudScratch.1","Waibira",0.737642420446497,0.0928057553956834,0.215827338129496
"4115","300694","Action_57","Morph_115","BEN","Followme","Stompobject","StompObject.1","Waibira",-1.0300194972025,0.020863309352518,0.0258992805755396
"4116","300683","Action_17","Morph_39","BEN","Followme","Hitobject","HitObject.1","Waibira",-0.823255865906966,0.041726618705036,0.0482014388489209
"4117","300705","Action_17","Morph_39","BEN","Followme","Hitobject","HitObject.1","Waibira",-0.588787165235702,0.041726618705036,0.0482014388489209
"4118","300683","Action_34","Morph_65","BEN","Followme","Objectshake","ObjectShake.1","Waibira",-0.512493680866688,0.0158273381294964,0.0201438848920863
"4119","300705","Action_17","Morph_39","BEN","Followme","Hitobject","HitObject.1","Waibira",-0.514164525031505,0.041726618705036,0.0482014388489209
"4120","300683","Action_17","Morph_39","BEN","Followme","Hitobject","HitObject.1","Waibira",-1.61445045425764,0.041726618705036,0.0482014388489209
"4121","300694","Action_17","Morph_39","BEN","Followme","Hitobject","HitObject.1","Waibira",-0.834710744881732,0.041726618705036,0.0482014388489209
"4122","300705","Action_57","Morph_115","BEN","Followme","Stompobject","StompObject.1","Waibira",-0.657780036722654,0.020863309352518,0.0258992805755396
"4123","300694","Action_17","Morph_39","BEN","Followme","Hitobject","HitObject.1","Waibira",-0.832409247893453,0.041726618705036,0.0482014388489209
"4124","300705","Action_17","Morph_39","BEN","Followme","Hitobject","HitObject.1","Waibira",-0.460449416440924,0.041726618705036,0.0482014388489209
"4125","300699","Action_34","Morph_65","BEN","Followme","Objectshake","ObjectShake.1","Waibira",-0.675307262431614,0.0158273381294964,0.0201438848920863
"4126","300683","Action_17","Morph_39","BEN","Followme","Hitobject","HitObject.1","Waibira",-0.738144546490681,0.041726618705036,0.0482014388489209
"4127","300694","Action_31","Morph_59","BEN","Followme","Lunge","Lunge.1","Waibira",-1.43969513784701,0.00503597122302158,0.00503597122302158
"4128","300694","Action_17","Morph_39","BEN","Followme","Hitobject","HitObject.1","Waibira",-0.596020469829223,0.041726618705036,0.0482014388489209
"4129","300694","Action_17","Morph_39","BEN","Followme","Hitobject","HitObject.1","Waibira",-0.944175935363691,0.041726618705036,0.0482014388489209
"4130","300697","Action_17","Morph_39","BEN","Followme","Hitobject","HitObject.1","Waibira",-0.933945667112876,0.041726618705036,0.0482014388489209
"4131","300694","Action_17","Morph_39","BEN","Followme","Hitobject","HitObject.1","Waibira",-0.22314355131421,0.041726618705036,0.0482014388489209
"4132","300694","Action_17","Morph_39","BEN","Followme","Hitobject","HitObject.1","Waibira",-0.183922838160928,0.041726618705036,0.0482014388489209
"4133","300683","Action_2","Morph_4","BEN","Followme","Bigloudscratch","BigLoudScratch.2","Waibira",0.900161349944271,0.0431654676258993,0.215827338129496
"4134","300694","Action_17","Morph_39","BEN","Followme","Hitobject","HitObject.1","Waibira",-0.515838165589535,0.041726618705036,0.0482014388489209
"4135","300705","Action_57","Morph_115","BEN","Followme","Stompobject","StompObject.1","Waibira",-0.744440474947496,0.020863309352518,0.0258992805755396
"4136","300694","Action_57","Morph_115","BEN","Followme","Stompobject","StompObject.1","Waibira",-0.585190039054853,0.020863309352518,0.0258992805755396
"4137","300694","Action_17","Morph_39","BEN","Followme","Hitobject","HitObject.1","Waibira",-0.603306476560156,0.041726618705036,0.0482014388489209
"4138","300705","Action_57","Morph_115","BEN","Followme","Stompobject","StompObject.1","Waibira",-0.388607991041741,0.020863309352518,0.0258992805755396
"4139","300694","Action_2","Morph_4","BEN","Followme","Bigloudscratch","BigLoudScratch.2","Waibira",0.903408106043141,0.0431654676258993,0.215827338129496
"4140","300683","Action_2","Morph_3","BEN","Followme","Bigloudscratch","BigLoudScratch.1","Waibira",0.782073389754347,0.0928057553956834,0.215827338129496
"4141","300683","Action_17","Morph_39","BEN","Followme","Hitobject","HitObject.1","Waibira",-0.653926467406664,0.041726618705036,0.0482014388489209
"4142","300683","Action_17","Morph_39","BEN","Followme","Hitobject","HitObject.1","Waibira",-0.823255865906966,0.041726618705036,0.0482014388489209
"4143","300683","Action_17","Morph_39","BEN","Followme","Hitobject","HitObject.1","Waibira",-0.585190039054853,0.041726618705036,0.0482014388489209
"4144","300705","Action_57","Morph_115","BEN","Followme","Stompobject","StompObject.1","Waibira",-0.579818495252942,0.020863309352518,0.0258992805755396
"4145","300694","Action_17","Morph_42","BEN","Followme","Hitobject","HitObject.4","Waibira",-0.590590592234853,0.00431654676258993,0.0482014388489209
"4146","300694","Action_17","Morph_39","BEN","Followme","Hitobject","HitObject.1","Waibira",-0.460449416440924,0.041726618705036,0.0482014388489209
"4147","300705","Action_2","Morph_3","BEN","Followme","Bigloudscratch","BigLoudScratch.1","Waibira",1.04556306757829,0.0928057553956834,0.215827338129496
"4148","300694","Action_2","Morph_4","BEN","Followme","Bigloudscratch","BigLoudScratch.2","Waibira",0.609765571620894,0.0431654676258993,0.215827338129496
"4149","300694","Action_17","Morph_39","BEN","Followme","Hitobject","HitObject.1","Waibira",-0.653926467406664,0.041726618705036,0.0482014388489209
"4150","300699","Action_61","Morph_130","BEN","Followme","Throwobject","ThrowObject.1","Waibira",-1.02165124753198,0.00503597122302158,0.00503597122302158
"4151","300308","Action_45","Morph_101","BEN","Affiliation","Reach","Reach.2","Waibira",0.494086299761693,0.00863309352517986,0.097841726618705
"4152","300613","Action_17","Morph_39","BEN","Groom","Hitobject","HitObject.1","Waibira",-0.544727175441672,0.041726618705036,0.0482014388489209
"4153","300610","Action_2","Morph_6","BEN","Groom","Bigloudscratch","BigLoudScratch.4","Waibira",1.14199101197005,0.0201438848920863,0.215827338129496
"4154","300613","Action_57","Morph_115","BEN","Groom","Stompobject","StompObject.1","Waibira",-1.6094379124341,0.020863309352518,0.0258992805755396
"4155","300611b","Action_2","Morph_5","BEN","Groom","Bigloudscratch","BigLoudScratch.3","Waibira",1.20686860743796,0.0424460431654676,0.215827338129496
"4156","300610","Action_38","Morph_78","BEN","Groom","Present","Present.4","Waibira",1.30752167995449,0.0287769784172662,0.142446043165468
"4157","300613","Action_2","Morph_3","BEN","Groom","Bigloudscratch","BigLoudScratch.1","Waibira",1.11841491596429,0.0928057553956834,0.215827338129496
"4158","300612a","Action_2","Morph_3","BEN","Affiliation","Bigloudscratch","BigLoudScratch.1","Waibira",1.30264097612264,0.0928057553956834,0.215827338129496
"4159","300612a","Action_2","Morph_6","BEN","Affiliation","Bigloudscratch","BigLoudScratch.4","Waibira",1.18019227566053,0.0201438848920863,0.215827338129496
"4160","300030","Action_38","Morph_77","BEN","Directattention","Present","Present.3","Waibira",1.7446678616942,0.041726618705036,0.142446043165468
"4161","300030","Action_2","Morph_3","BEN","Directattention","Bigloudscratch","BigLoudScratch.1","Waibira",1.65057985576528,0.0928057553956834,0.215827338129496
"4162","300401","Action_38","Morph_76","BEN","Directattention","Present","Present.2","Waibira",0.909870164071232,0.0251798561151079,0.142446043165468
"4163","300411","Action_38","Morph_77","BEN","Groom","Present","Present.3","Waibira",0.924258901523332,0.041726618705036,0.142446043165468
"4164","300411","Action_2","Morph_3","BEN","Groom","Bigloudscratch","BigLoudScratch.1","Waibira",0.65232518603969,0.0928057553956834,0.215827338129496
"4165","300410","Action_38","Morph_75","BEN","Directattention","Present","Present.1","Waibira",1.4247936602705,0.0330935251798561,0.142446043165468
"4166","300189b","Action_43","Morph_96","BEN","Directattention","Raise","Raise.1","Waibira",0.440832251945456,0.0258992805755396,0.0316546762589928
"4167","300189b","Action_38","Morph_78","BEN","Directattention","Present","Present.4","Waibira",1.63315443905142,0.0287769784172662,0.142446043165468
"4168","300329","Action_38","Morph_76","BEN","Groom","Present","Present.2","Waibira",1.40413427924822,0.0251798561151079,0.142446043165468
"4169","300425","Action_2","Morph_5","BEN","Groom","Bigloudscratch","BigLoudScratch.3","Waibira",1.34547236659964,0.0424460431654676,0.215827338129496
"4170","300261a","Action_63","Morph_132","BEN","Affiliation","Touch","Touch.1","Waibira",0.750472247179215,0.0179856115107914,0.0669064748201439
"4171","300443b","Action_38","Morph_75","BEN","Groom","Present","Present.1","Waibira",1.30725115377944,0.0330935251798561,0.142446043165468
"4172","300738","Action_38","Morph_81","BEN","Groom","Present","Present.7","Waibira",1.3102229241686,0.000719424460431655,0.142446043165468
"4173","300520","Action_38","Morph_77","BEN","Groom","Present","Present.3","Waibira",0.751416088683921,0.041726618705036,0.142446043165468
"4174","300739","Action_38","Morph_77","BEN","Groom","Present","Present.3","Waibira",1.18631786908722,0.041726618705036,0.142446043165468
"4175","300739","Action_2","Morph_7","BEN","Groom","Bigloudscratch","BigLoudScratch.5","Waibira",0.537077994910056,0.00647482014388489,0.215827338129496
"4176","300739","Action_2","Morph_3","BEN","Groom","Bigloudscratch","BigLoudScratch.1","Waibira",1.11054085953338,0.0928057553956834,0.215827338129496
"4177","300740","Action_38","Morph_76","BEN","Groom","Present","Present.2","Waibira",1.84181866910079,0.0251798561151079,0.142446043165468
"4178","300520","Action_2","Morph_4","BEN","Groom","Bigloudscratch","BigLoudScratch.2","Waibira",0.714908672341458,0.0431654676258993,0.215827338129496
"4179","300728","Action_45","Morph_100","BEN","Sexualattention","Reach","Reach.1","Waibira",0.559615787935423,0.0827338129496403,0.097841726618705
"4180","300517b","Action_63","Morph_134","BEN","Support","Touch","Touch.3","Waibira",0.694646056683681,0.0115107913669065,0.0669064748201439
"4181","300514","Action_2","Morph_3","BEN","Sexualattention","Bigloudscratch","BigLoudScratch.1","Waibira",0.746213901496638,0.0928057553956834,0.215827338129496
"4182","300517b","Action_3","Morph_NA","BEN","Support","Bite",NA,"Waibira",0.549276810140243,0.0359712230215827,0.0115107913669065
"4183","300504b","Action_11","Morph_22","BEN","Affiliation","Embrace","Embrace.1","Waibira",0.729479109807336,0.00719424460431655,0.0165467625899281
"4184","300698a","Action_45","Morph_100","BEN","Affiliation","Reach","Reach.1","Waibira",1.64576984168149,0.0827338129496403,0.097841726618705
"4185","300376b","Action_38","Morph_75","BEN","Groom","Present","Present.1","Waibira",1.41585316336144,0.0330935251798561,0.142446043165468
"4186","300850","Action_2","Morph_3","BEN","Groom","Bigloudscratch","BigLoudScratch.1","Waibira",1.17495585525544,0.0928057553956834,0.215827338129496
"4187","300850","Action_2","Morph_5","BEN","Groom","Bigloudscratch","BigLoudScratch.3","Waibira",0.414755155015257,0.0424460431654676,0.215827338129496
"4188","300850","Action_2","Morph_5","BEN","Groom","Bigloudscratch","BigLoudScratch.3","Waibira",1.20896034583698,0.0424460431654676,0.215827338129496
"4189","300415","Action_2","Morph_3","BEN","Groom","Bigloudscratch","BigLoudScratch.1","Waibira",1.16283826096738,0.0928057553956834,0.215827338129496
"4190","300134","Action_45","Morph_100","BEN","Affiliation","Reach","Reach.1","Waibira",-0.358104536748327,0.0827338129496403,0.097841726618705
"4191","300072","Action_11","Morph_22","BEN","Affiliation","Embrace","Embrace.1","Waibira",1.42743630445107,0.00719424460431655,0.0165467625899281
"4192","300133","Action_57","Morph_115","BEN","Moveaway","Stompobject","StompObject.1","Waibira",-1.00512194558077,0.020863309352518,0.0258992805755396
"4193","300133","Action_34","Morph_65","BEN","Moveaway","Objectshake","ObjectShake.1","Waibira",-0.707246104939447,0.0158273381294964,0.0201438848920863
"4194","300133","Action_13","Morph_27","BEN","Moveaway","Fling","Fling.1","Waibira",-0.841647188878389,0.0165467625899281,0.0172661870503597
"4195","300496a","Action_38","Morph_75","BEN","Groom","Present","Present.1","Waibira",2.22807704081898,0.0330935251798561,0.142446043165468
"4196","300818b","Action_38","Morph_76","BEN","Groom","Present","Present.2","Waibira",1.01740223324257,0.0251798561151079,0.142446043165468
"4197","300249a","Action_40","Morph_82","BEN","Sexualattention","Presentgenitalsforwards","PresentGenitals.1","Waibira",1.96697248678471,0.0474820143884892,0.0179856115107914
"4198","300505a","Action_2","Morph_4","BEN","Groom","Bigloudscratch","BigLoudScratch.2","Waibira",0.456791735273505,0.0431654676258993,0.215827338129496
"4199","300505a","Action_2","Morph_5","BEN","Groom","Bigloudscratch","BigLoudScratch.3","Waibira",0.993251773010283,0.0424460431654676,0.215827338129496
"4200","300197","Action_45","Morph_100","BEN","Giveme","Reach","Reach.1","Waibira",1.0064969997603,0.0827338129496403,0.097841726618705
"4201","300121","Action_38","Morph_76","BEN","Groom","Present","Present.2","Waibira",0.996210355050029,0.0251798561151079,0.142446043165468
"4202","300122b","Action_2","Morph_3","BEN","Groom","Bigloudscratch","BigLoudScratch.1","Waibira",0.779324876800998,0.0928057553956834,0.215827338129496
"4203","300583","Action_38","Morph_75","BEN","Groom","Present","Present.1","Waibira",1.10027756798717,0.0330935251798561,0.142446043165468
"4204","300471a","Action_2","Morph_3","BEN","Groom","Bigloudscratch","BigLoudScratch.1","Waibira",1.11841491596429,0.0928057553956834,0.215827338129496
"4205","300471a","Action_38","Morph_78","BEN","Groom","Present","Present.4","Waibira",0.373630384588146,0.0287769784172662,0.142446043165468
"4206","300813","Action_60","Morph_127","BEN","Moveaway","Swing","Swing.1","Waibira",-0.22314355131421,0.0165467625899281,0.0172661870503597
"4207","300849b","Action_3","Morph_11","BEN","Sociosexualattention","Bite","Bite.3","Waibira",0.804688555292853,0.00215827338129496,0.0115107913669065
"4208","300690a","Action_2","Morph_3","BRI","Givemenurse","Bigloudscratch","BigLoudScratch.1","Waibira",1.17062282464438,0.0928057553956834,0.215827338129496
"4209","300188a","Action_50","Morph_108","BRI","Affiliation","Shake","Shake.2","Waibira",1.062294025994,0.00431654676258993,0.00503597122302158
"4210","300563","Action_63","Morph_132","BRI","Play","Touch","Touch.1","Waibira",-0.0202027073175195,0.0179856115107914,0.0669064748201439
"4211","300203a","Action_20","Morph_49","BRI","Climbonyou","Hitother","HitOther.5","Waibira",-0.562118918153541,0.000719424460431655,0.0122302158273381
"4212","300188a","Action_63","Morph_140","BRI","Affiliation","Touch","Touch.9","Waibira",0.958967006154591,0.00431654676258993,0.0669064748201439
"4213","300690a","Action_43","Morph_97","BRI","Givemenurse","Raise","Raise.2","Waibira",0.99436226729431,0.00575539568345324,0.0316546762589928
"4214","300203a","Action_43","Morph_96","BRI","Climbonyou","Raise","Raise.1","Waibira",-0.109814866007207,0.0258992805755396,0.0316546762589928
"4215","300188a","Action_3","Morph_15","BRI","Affiliation","Bite","Bite.7","Waibira",1.28232177073691,0.00215827338129496,0.0115107913669065
"4216","300462","Action_45","Morph_101","BRI","Giveme","Reach","Reach.2","Waibira",0.663718369869133,0.00863309352517986,0.097841726618705
"4217","300563","Action_41","Morph_86","BRI","Play","Pull","Pull.3","Waibira",0.501381164937991,0.00503597122302158,0.0280575539568345
"4218","300832","Action_63","Morph_137","BRI","Climbonyou","Touch","Touch.6","Waibira",0.587786664902119,0.00647482014388489,0.0669064748201439
"4219","300203a","Action_45","Morph_100","BRI","Climbonyou","Reach","Reach.1","Waibira",0.266203040774657,0.0827338129496403,0.097841726618705
"4220","300827","Action_17","Morph_39","BRI","Play","Hitobject","HitObject.1","Waibira",-0.928869514081015,0.041726618705036,0.0482014388489209
"4221","300827","Action_17","Morph_39","BRI","Play","Hitobject","HitObject.1","Waibira",-0.336872316642553,0.041726618705036,0.0482014388489209
"4222","300827","Action_20","Morph_45","BRI","Play","Hitother","HitOther.1","Waibira",-0.229413164327805,0.00647482014388489,0.0122302158273381
"4223","300882","Action_20","Morph_45","BRI","Play","Hitother","HitOther.1","Waibira",-2.1803674602698,0.00647482014388489,0.0122302158273381
"4224","300882","Action_60","Morph_127","BRI","Play","Swing","Swing.1","Waibira",-0.510825623765991,0.0165467625899281,0.0172661870503597
"4225","300882","Action_41","Morph_84","BRI","Play","Pull","Pull.1","Waibira",-0.0866478067256722,0.0079136690647482,0.0280575539568345
"4226","300882","Action_20","Morph_45","BRI","Play","Hitother","HitOther.1","Waibira",-1.87080267656851,0.00647482014388489,0.0122302158273381
"4227","300882","Action_60","Morph_127","BRI","Play","Swing","Swing.1","Waibira",-0.359536176219765,0.0165467625899281,0.0172661870503597
"4228","300882","Action_20","Morph_45","BRI","Play","Hitother","HitOther.1","Waibira",-1.42711635564015,0.00647482014388489,0.0122302158273381
"4229","300882","Action_20","Morph_45","BRI","Play","Hitother","HitOther.1","Waibira",-0.653926467406664,0.00647482014388489,0.0122302158273381
"4230","300882","Action_59","Morph_124","BRI","Play","Stroke","Stroke.1","Waibira",-1.02443289049386,0.00143884892086331,0.00575539568345324
"4231","300882","Action_60","Morph_127","BRI","Play","Swing","Swing.1","Waibira",-0.127833371509885,0.0165467625899281,0.0172661870503597
"4232","300882","Action_60","Morph_127","BRI","Play","Swing","Swing.1","Waibira",-0.174353387144778,0.0165467625899281,0.0172661870503597
"4233","300882","Action_60","Morph_127","BRI","Play","Swing","Swing.1","Waibira",-0.066139802504545,0.0165467625899281,0.0172661870503597
"4234","300882","Action_20","Morph_45","BRI","Play","Hitother","HitOther.1","Waibira",-2.14558134418438,0.00647482014388489,0.0122302158273381
"4235","300882","Action_20","Morph_50","BRI","Play","Hitother","HitOther.6","Waibira",-1.83258146374831,0.00359712230215827,0.0122302158273381
"4236","300474","Action_41","Morph_85","BRI","Play","Pull","Pull.2","Waibira",0.0751074724868055,0.0115107913669065,0.0280575539568345
"4237","300475","Action_33","Morph_61","BRI","Play","Objectmove","ObjectMove.1","Waibira",-0.336872316642553,0.018705035971223,0.0194244604316547
"4238","300475","Action_57","Morph_115","BRI","Play","Stompobject","StompObject.1","Waibira",-0.594207232705042,0.020863309352518,0.0258992805755396
"4239","300787","Action_20","Morph_50","BRI","Playcontinue","Hitother","HitOther.6","Waibira",-0.390084006069862,0.00359712230215827,0.0122302158273381
"4240","300316b","Action_11","Morph_22","BRI","Affiliation","Embrace","Embrace.1","Waibira",0.148420005118273,0.00719424460431655,0.0165467625899281
"4241","300619","Action_39","Morph_83","BRT","Staysame","Presentgenitalsbackwards","PresentGenitals.2","Waibira",-0.127833371509885,0.0107913669064748,0.0402877697841727
"4242","300780","Action_38","Morph_75","BRT","Groom","Present","Present.1","Waibira",1.30372763746293,0.0330935251798561,0.142446043165468
"4243","300780","Action_2","Morph_3","BRT","Groom","Bigloudscratch","BigLoudScratch.1","Waibira",1.64769662455119,0.0928057553956834,0.215827338129496
"4244","300674b","Action_17","Morph_39","BRT","Sociosexualattention","Hitobject","HitObject.1","Waibira",-0.524248644098131,0.041726618705036,0.0482014388489209
"4245","300811","Action_45","Morph_100","BRT","Staysame","Reach","Reach.1","Waibira",0.346422567474381,0.0827338129496403,0.097841726618705
"4246","300789a","Action_2","Morph_4","CHN","Position","Bigloudscratch","BigLoudScratch.2","Waibira",1.39525410249136,0.0431654676258993,0.215827338129496
"4247","300611a","Action_2","Morph_6","DAI","Groom","Bigloudscratch","BigLoudScratch.4","Waibira",1.0522192490984,0.0201438848920863,0.215827338129496
"4248","300612b","Action_11","Morph_23","DAI","Affiliation","Embrace","Embrace.2","Waibira",0.611937125134402,0.00359712230215827,0.0165467625899281
"4249","300611a","Action_38","Morph_78","DAI","Groom","Present","Present.4","Waibira",1.78288689072446,0.0287769784172662,0.142446043165468
"4250","300170b","Action_39","Morph_82","DAI","Sexualattention","Presentgenitalsbackwards","PresentGenitals.1","Waibira",0.368801123736573,0.0474820143884892,0.0402877697841727
"4251","300251","Action_50","Morph_108","DAU","Sexualattention","Shake","Shake.2","Waibira",0.576613364303994,0.00431654676258993,0.00503597122302158
"4252","300251","Action_27","Morph_55","DAU","Sexualattention","Leafclip","LeafClip.2","Waibira",1.32388690099127,0.00863309352517986,0.0115107913669065
"4253","300251","Action_2","Morph_6","DAU","Sexualattention","Bigloudscratch","BigLoudScratch.4","Waibira",2.03352848466543,0.0201438848920863,0.215827338129496
"4254","300251","Action_60","Morph_NA","DAU","Sexualattention","Swing",NA,"Waibira",1.11939482785064,0.0359712230215827,0.0172661870503597
"4255","300251","Action_40","Morph_82","DAU","Sexualattention","Presentgenitalsforwards","PresentGenitals.1","Waibira",-0.0470916075338506,0.0474820143884892,0.0179856115107914
"4256","300251","Action_40","Morph_82","DAU","Sexualattention","Presentgenitalsforwards","PresentGenitals.1","Waibira",1.08112697432709,0.0474820143884892,0.0179856115107914
"4257","300539b","Action_15","Morph_36","DAU","Affiliation","Grabhold","GrabHold.2","Waibira",1.16595936212772,0.00359712230215827,0.0107913669064748
"4258","300237","Action_17","Morph_39","DAU","Stopbehaviour","Hitobject","HitObject.1","Waibira",-0.391562202939173,0.041726618705036,0.0482014388489209
"4259","300620a","Action_60","Morph_127","DAU","Sexualattention","Swing","Swing.1","Waibira",0.518198378095404,0.0165467625899281,0.0172661870503597
"4260","300643","Action_64","Morph_132","DAU","Affiliation","Touchlongother","Touch.1","Waibira",1.84561614201877,0.0179856115107914,0.0100719424460432
"4261","300278","Action_47","Morph_103","DAU","Sexualattention","Rockingsit","Rocking.1","Waibira",2.38839574940716,0.00863309352517986,0.00863309352517986
"4262","300278","Action_34","Morph_65","DAU","Sexualattention","Objectshake","ObjectShake.1","Waibira",1.79691283446885,0.0158273381294964,0.0201438848920863
"4263","300278","Action_47","Morph_103","DAU","Sexualattention","Rockingsit","Rocking.1","Waibira",1.58062683057998,0.00863309352517986,0.00863309352517986
"4264","300278","Action_47","Morph_103","DAU","Sexualattention","Rockingsit","Rocking.1","Waibira",2.71184299934091,0.00863309352517986,0.00863309352517986
"4265","300278","Action_47","Morph_103","DAU","Sexualattention","Rockingsit","Rocking.1","Waibira",1.4699459336155,0.00863309352517986,0.00863309352517986
"4266","300605","Action_42","Morph_92","DAU","Position","Push","Push.5","Waibira",-0.933945667112876,0.00431654676258993,0.0359712230215827
"4267","300566","Action_34","Morph_65","DAU","Sexualattention","Objectshake","ObjectShake.1","Waibira",1.21342796309669,0.0158273381294964,0.0201438848920863
"4268","300607b","Action_2","Morph_5","DAU","Groom","Bigloudscratch","BigLoudScratch.3","Waibira",0.548699276194072,0.0424460431654676,0.215827338129496
"4269","300605","Action_42","Morph_92","DAU","Position","Push","Push.5","Waibira",-0.489390343045926,0.00431654676258993,0.0359712230215827
"4270","300033","Action_41","Morph_85","DAU","Position","Pull","Pull.2","Waibira",0.388657989791783,0.0115107913669065,0.0280575539568345
"4271","300603","Action_2","Morph_4","DAU","Groom","Bigloudscratch","BigLoudScratch.2","Waibira",1.038154319631,0.0431654676258993,0.215827338129496
"4272","300648b","Action_47","Morph_103","DAU","Moveaway","Rockingsit","Rocking.1","Waibira",1.17433799919625,0.00863309352517986,0.00863309352517986
"4273","300648b","Action_31","Morph_59","DAU","Moveaway","Lunge","Lunge.1","Waibira",-0.332679438382517,0.00503597122302158,0.00503597122302158
"4274","300649b","Action_34","Morph_65","DAU","Moveaway","Objectshake","ObjectShake.1","Waibira",1.26214736837701,0.0158273381294964,0.0201438848920863
"4275","300651b","Action_31","Morph_59","DAU","Moveaway","Lunge","Lunge.1","Waibira",-0.823255865906966,0.00503597122302158,0.00503597122302158
"4276","300603","Action_38","Morph_78","DAU","Groom","Present","Present.4","Waibira",0.713439883827708,0.0287769784172662,0.142446043165468
"4277","300566","Action_47","Morph_103","DAU","Sexualattention","Rockingsit","Rocking.1","Waibira",0.731887008875876,0.00863309352517986,0.00863309352517986
"4278","300322","Action_38","Morph_77","DOU","Directattention","Present","Present.3","Waibira",1.35763765187009,0.041726618705036,0.142446043165468
"4279","300569a","Action_45","Morph_101","DOU","Affiliation","Reach","Reach.2","Waibira",1.27620043832282,0.00863309352517986,0.097841726618705
"4280","300392b","Action_64","Morph_132","DOU","Affiliation","Touchlongother","Touch.1","Waibira",1.61859585021887,0.0179856115107914,0.0100719424460432
"4281","300536a","Action_43","Morph_96","DOU","Groom","Raise","Raise.1","Waibira",0.316998126785834,0.0258992805755396,0.0316546762589928
"4282","300721","Action_39","Morph_82","EIL","Sexualattention","Presentgenitalsbackwards","PresentGenitals.1","Waibira",0.288931291852213,0.0474820143884892,0.0402877697841727
"4283","300657","Action_43","Morph_96","EIL","Moveaway","Raise","Raise.1","Waibira",-0.215671536475509,0.0258992805755396,0.0316546762589928
"4284","300657","Action_60","Morph_127","EIL","Moveaway","Swing","Swing.1","Waibira",-0.0232686269393543,0.0165467625899281,0.0172661870503597
"4285","300793","Action_60","Morph_127","FID","Sexualattention","Swing","Swing.1","Waibira",0.207014169384326,0.0165467625899281,0.0172661870503597
"4286","300793","Action_40","Morph_82","FID","Sexualattention","Presentgenitalsforwards","PresentGenitals.1","Waibira",0.926241062727323,0.0474820143884892,0.0179856115107914
"4287","300439","Action_2","Morph_3","FID","Groom","Bigloudscratch","BigLoudScratch.1","Waibira",1.10293626014816,0.0928057553956834,0.215827338129496
"4288","300057","Action_2","Morph_4","FID","Groom","Bigloudscratch","BigLoudScratch.2","Waibira",0.964699871081843,0.0431654676258993,0.215827338129496
"4289","300056a","Action_2","Morph_3","FID","Groom","Bigloudscratch","BigLoudScratch.1","Waibira",0.932557704338027,0.0928057553956834,0.215827338129496
"4290","300057","Action_38","Morph_76","FID","Groom","Present","Present.2","Waibira",1.43484640170206,0.0251798561151079,0.142446043165468
"4291","300057","Action_2","Morph_5","FID","Groom","Bigloudscratch","BigLoudScratch.3","Waibira",0.322807874427155,0.0424460431654676,0.215827338129496
"4292","300058","Action_38","Morph_76","FID","Groom","Present","Present.2","Waibira",0.689139159162407,0.0251798561151079,0.142446043165468
"4293","300034","Action_43","Morph_96","FID","Staysame","Raise","Raise.1","Waibira",0.660623988854385,0.0258992805755396,0.0316546762589928
"4294","300701","Action_45","Morph_100","FID","Staysame","Reach","Reach.1","Waibira",-0.336872316642553,0.0827338129496403,0.097841726618705
"4295","300701","Action_45","Morph_100","FID","Staysame","Reach","Reach.1","Waibira",0.364643113587909,0.0827338129496403,0.097841726618705
"4296","300701","Action_45","Morph_100","FID","Staysame","Reach","Reach.1","Waibira",-0.944175935363691,0.0827338129496403,0.097841726618705
"4297","300189a","Action_2","Morph_4","FID","Groom","Bigloudscratch","BigLoudScratch.2","Waibira",2.09223436347859,0.0431654676258993,0.215827338129496
"4298","300692","Action_2","Morph_5","FID","Groom","Bigloudscratch","BigLoudScratch.3","Waibira",1.02926221053332,0.0424460431654676,0.215827338129496
"4299","300386","Action_63","Morph_135","FID","Sexualattention","Touch","Touch.4","Waibira",-0.0429075010112765,0.00935251798561151,0.0669064748201439
"4300","300635a","Action_2","Morph_3","FID","Groom","Bigloudscratch","BigLoudScratch.1","Waibira",0.720275847948198,0.0928057553956834,0.215827338129496
"4301","300635a","Action_43","Morph_96","FID","Groom","Raise","Raise.1","Waibira",0.643956936369174,0.0258992805755396,0.0316546762589928
"4302","300502","Action_40","Morph_82","FID","Sexualattention","Presentgenitalsforwards","PresentGenitals.1","Waibira",0.568717102181768,0.0474820143884892,0.0179856115107914
"4303","300502","Action_43","Morph_96","FID","Sexualattention","Raise","Raise.1","Waibira",0.552159487258968,0.0258992805755396,0.0316546762589928
"4304","300875b","Action_42","Morph_92","FID","Stopbehaviour","Push","Push.5","Waibira",-0.187535123846842,0.00431654676258993,0.0359712230215827
"4305","300269","Action_34","Morph_65","FID","Sexualattention","Objectshake","ObjectShake.1","Waibira",1.62570488489797,0.0158273381294964,0.0201438848920863
"4306","300269","Action_60","Morph_127","FID","Sexualattention","Swing","Swing.1","Waibira",0.29416103854949,0.0165467625899281,0.0172661870503597
"4307","300269","Action_33","Morph_61","FID","Sexualattention","Objectmove","ObjectMove.1","Waibira",-0.249744233111389,0.018705035971223,0.0194244604316547
"4308","300027","Action_2","Morph_4","FID","Groom","Bigloudscratch","BigLoudScratch.2","Waibira",1.47955699157958,0.0431654676258993,0.215827338129496
"4309","300027","Action_2","Morph_NA","FID","Groom","Bigloudscratch",NA,"Waibira",0.229523158278249,0.0359712230215827,0.215827338129496
"4310","300366","Action_38","Morph_78","GER","Directattention","Present","Present.4","Waibira",0.752830182721119,0.0287769784172662,0.142446043165468
"4311","300554a","Action_63","Morph_134","GER","Sociosexualattention","Touch","Touch.3","Waibira",0.211880359035499,0.0115107913669065,0.0669064748201439
"4312","300546a","Action_2","Morph_7","GER","Groom","Bigloudscratch","BigLoudScratch.5","Waibira",1.15310047395218,0.00647482014388489,0.215827338129496
"4313","300550a","Action_2","Morph_3","GER","Groom","Bigloudscratch","BigLoudScratch.1","Waibira",1.15310047395218,0.0928057553956834,0.215827338129496
"4314","300547","Action_38","Morph_80","GER","Groom","Present","Present.6","Waibira",1.0206507471984,0.00575539568345324,0.142446043165468
"4315","300549a","Action_2","Morph_7","GER","Groom","Bigloudscratch","BigLoudScratch.5","Waibira",1.04204193717972,0.00647482014388489,0.215827338129496
"4316","300548","Action_2","Morph_7","GER","Groom","Bigloudscratch","BigLoudScratch.5","Waibira",1.21372509576861,0.00647482014388489,0.215827338129496
"4317","300547","Action_2","Morph_4","GER","Groom","Bigloudscratch","BigLoudScratch.2","Waibira",1.4080558529014,0.0431654676258993,0.215827338129496
"4318","300547","Action_2","Morph_5","GER","Groom","Bigloudscratch","BigLoudScratch.3","Waibira",0.666289726390063,0.0424460431654676,0.215827338129496
"4319","300554a","Action_17","Morph_39","GER","Sociosexualattention","Hitobject","HitObject.1","Waibira",-0.962334670375562,0.041726618705036,0.0482014388489209
"4320","300554a","Action_23","Morph_47","GER","Sociosexualattention","Hittingother","HitOther.3","Waibira",-0.691149177897272,0.00719424460431655,0.00719424460431655
"4321","300550a","Action_2","Morph_5","GER","Groom","Bigloudscratch","BigLoudScratch.3","Waibira",1.19331622413741,0.0424460431654676,0.215827338129496
"4322","300617","Action_2","Morph_6","GER","Groom","Bigloudscratch","BigLoudScratch.4","Waibira",1.14517775781543,0.0201438848920863,0.215827338129496
"4323","300351","Action_38","Morph_80","GER","Groom","Present","Present.6","Waibira",1.03389597394842,0.00575539568345324,0.142446043165468
"4324","300351","Action_2","Morph_5","GER","Groom","Bigloudscratch","BigLoudScratch.3","Waibira",1.31372366828506,0.0424460431654676,0.215827338129496
"4325","300350","Action_2","Morph_3","GER","Groom","Bigloudscratch","BigLoudScratch.1","Waibira",1.05744301163004,0.0928057553956834,0.215827338129496
"4326","300351","Action_2","Morph_5","GER","Groom","Bigloudscratch","BigLoudScratch.3","Waibira",1.07602578999531,0.0424460431654676,0.215827338129496
"4327","300616","Action_38","Morph_76","GER","Groom","Present","Present.2","Waibira",1.28509185561073,0.0251798561151079,0.142446043165468
"4328","300618","Action_38","Morph_78","GER","Groom","Present","Present.4","Waibira",0.698632110790515,0.0287769784172662,0.142446043165468
"4329","300617","Action_2","Morph_5","GER","Groom","Bigloudscratch","BigLoudScratch.3","Waibira",0.436963775167535,0.0424460431654676,0.215827338129496
"4330","300498","Action_42","Morph_93","GER","Position","Push","Push.6","Waibira",-0.23572233352107,0.00143884892086331,0.0359712230215827
"4331","300352a","Action_38","Morph_80","GER","Groom","Present","Present.6","Waibira",0.823736750263547,0.00575539568345324,0.142446043165468
"4332","300352a","Action_2","Morph_5","GER","Groom","Bigloudscratch","BigLoudScratch.3","Waibira",0.672944473242426,0.0424460431654676,0.215827338129496
"4333","300350","Action_38","Morph_77","GER","Groom","Present","Present.3","Waibira",1.42190278858726,0.041726618705036,0.142446043165468
"4334","300616","Action_2","Morph_4","GER","Groom","Bigloudscratch","BigLoudScratch.2","Waibira",0.762673243208556,0.0431654676258993,0.215827338129496
"4335","300351","Action_38","Morph_80","GER","Groom","Present","Present.6","Waibira",1.37118072330984,0.00575539568345324,0.142446043165468
"4336","300421b","Action_2","Morph_5","GER","Groom","Bigloudscratch","BigLoudScratch.3","Waibira",0.0769610411361284,0.0424460431654676,0.215827338129496
"4337","300421b","Action_2","Morph_3","GER","Groom","Bigloudscratch","BigLoudScratch.1","Waibira",1.01523067972906,0.0928057553956834,0.215827338129496
"4338","300476a","Action_2","Morph_4","GER","Groom","Bigloudscratch","BigLoudScratch.2","Waibira",1.42551507427317,0.0431654676258993,0.215827338129496
"4339","300477","Action_2","Morph_5","GER","Groom","Bigloudscratch","BigLoudScratch.3","Waibira",1.03921607871145,0.0424460431654676,0.215827338129496
"4340","300328","Action_2","Morph_3","GER","Groom","Bigloudscratch","BigLoudScratch.1","Waibira",0.99436226729431,0.0928057553956834,0.215827338129496
"4341","300328","Action_38","Morph_77","GER","Groom","Present","Present.3","Waibira",1.51424772543035,0.041726618705036,0.142446043165468
"4342","300327","Action_42","Morph_92","GER","Position","Push","Push.5","Waibira",-0.00100050033358353,0.00431654676258993,0.0359712230215827
"4343","300328","Action_2","Morph_6","GER","Groom","Bigloudscratch","BigLoudScratch.4","Waibira",0.853137916868886,0.0201438848920863,0.215827338129496
"4344","300831","Action_2","Morph_4","GER","Groom","Bigloudscratch","BigLoudScratch.2","Waibira",0.335042643811618,0.0431654676258993,0.215827338129496
"4345","300831","Action_2","Morph_3","GER","Groom","Bigloudscratch","BigLoudScratch.1","Waibira",0.65232518603969,0.0928057553956834,0.215827338129496
"4346","300539a","Action_45","Morph_102","GER","Affiliation","Reach","Reach.3","Waibira",0.715886667529435,0.00575539568345324,0.097841726618705
"4347","300575b","Action_2","Morph_5","GER","Groom","Bigloudscratch","BigLoudScratch.3","Waibira",1.18325976272839,0.0424460431654676,0.215827338129496
"4348","300575b","Action_2","Morph_3","GER","Groom","Bigloudscratch","BigLoudScratch.1","Waibira",0.709020529716236,0.0928057553956834,0.215827338129496
"4349","300226","Action_45","Morph_100","GER","Giveme","Reach","Reach.1","Waibira",1.25504607450994,0.0827338129496403,0.097841726618705
"4350","300779","Action_2","Morph_7","GER","Groom","Bigloudscratch","BigLoudScratch.5","Waibira",0.962410667487708,0.00647482014388489,0.215827338129496
"4351","300836","Action_45","Morph_100","GER","Affiliation","Reach","Reach.1","Waibira",-0.510825623765991,0.0827338129496403,0.097841726618705
"4352","300836","Action_34","Morph_65","GER","Affiliation","Objectshake","ObjectShake.1","Waibira",0.609221945622184,0.0158273381294964,0.0201438848920863
"4353","300851b","Action_2","Morph_4","GER","Groom","Bigloudscratch","BigLoudScratch.2","Waibira",1.39003734739872,0.0431654676258993,0.215827338129496
"4354","300148","Action_2","Morph_3","GER","Travel","Bigloudscratch","BigLoudScratch.1","Waibira",1.19149528281482,0.0928057553956834,0.215827338129496
"4355","300135b","Action_38","Morph_77","GER","Groom","Present","Present.3","Waibira",0.392042087776024,0.041726618705036,0.142446043165468
"4356","300135b","Action_2","Morph_3","GER","Groom","Bigloudscratch","BigLoudScratch.1","Waibira",0.327863862084613,0.0928057553956834,0.215827338129496
"4357","300136a","Action_2","Morph_3","GER","Directattention","Bigloudscratch","BigLoudScratch.1","Waibira",1.49805932445071,0.0928057553956834,0.215827338129496
"4358","300136a","Action_38","Morph_77","GER","Directattention","Present","Present.3","Waibira",1.46232904739589,0.041726618705036,0.142446043165468
"4359","300136a","Action_2","Morph_3","GER","Directattention","Bigloudscratch","BigLoudScratch.1","Waibira",0.048790164169432,0.0928057553956834,0.215827338129496
"4360","300734b","Action_2","Morph_3","GER","Groom","Bigloudscratch","BigLoudScratch.1","Waibira",0.985816794522765,0.0928057553956834,0.215827338129496
"4361","300845","Action_2","Morph_3","GER","Groom","Bigloudscratch","BigLoudScratch.1","Waibira",1.81677723220334,0.0928057553956834,0.215827338129496
"4362","300731a","Action_2","Morph_3","GER","Groom","Bigloudscratch","BigLoudScratch.1","Waibira",1.43912397476442,0.0928057553956834,0.215827338129496
"4363","300551","Action_41","Morph_85","GER","Position","Pull","Pull.2","Waibira",0.476234178996372,0.0115107913669065,0.0280575539568345
"4364","300138a","Action_38","Morph_77","GER","Groom","Present","Present.3","Waibira",1.38679423616154,0.041726618705036,0.142446043165468
"4365","300673","Action_2","Morph_3","GER","Groom","Bigloudscratch","BigLoudScratch.1","Waibira",1.67859077112242,0.0928057553956834,0.215827338129496
"4366","300141","Action_38","Morph_77","GER","Directattention","Present","Present.3","Waibira",1.56548602490492,0.041726618705036,0.142446043165468
"4367","300845","Action_2","Morph_8","GER","Groom","Bigloudscratch","BigLoudScratch.6","Waibira",0.768254653046751,0.00287769784172662,0.215827338129496
"4368","300845","Action_2","Morph_8","GER","Groom","Bigloudscratch","BigLoudScratch.6","Waibira",1.32335456134602,0.00287769784172662,0.215827338129496
"4369","300552","Action_38","Morph_78","GER","Groom","Present","Present.4","Waibira",0.76220671649144,0.0287769784172662,0.142446043165468
"4370","300732a","Action_2","Morph_5","GER","Groom","Bigloudscratch","BigLoudScratch.3","Waibira",1.00063188030791,0.0424460431654676,0.215827338129496
"4371","300331","Action_2","Morph_4","GER","Directattention","Bigloudscratch","BigLoudScratch.2","Waibira",0.418052223613636,0.0431654676258993,0.215827338129496
"4372","300331","Action_38","Morph_76","GER","Directattention","Present","Present.2","Waibira",0.78845736036427,0.0251798561151079,0.142446043165468
"4373","300845","Action_38","Morph_77","GER","Groom","Present","Present.3","Waibira",1.92337235602995,0.041726618705036,0.142446043165468
"4374","300405","Action_2","Morph_4","GER","Travel","Bigloudscratch","BigLoudScratch.2","Waibira",1.72258801036676,0.0431654676258993,0.215827338129496
"4375","300016","Action_2","Morph_5","GER","Directattention","Bigloudscratch","BigLoudScratch.3","Waibira",0.89199803930511,0.0424460431654676,0.215827338129496
"4376","300543b","Action_2","Morph_4","GER","Groom","Bigloudscratch","BigLoudScratch.2","Waibira",0.992510757785564,0.0431654676258993,0.215827338129496
"4377","300555a","Action_38","Morph_78","GER","Groom","Present","Present.4","Waibira",1.05466040113893,0.0287769784172662,0.142446043165468
"4378","300555a","Action_2","Morph_3","GER","Groom","Bigloudscratch","BigLoudScratch.1","Waibira",0.546964670381864,0.0928057553956834,0.215827338129496
"4379","300544b","Action_2","Morph_4","GER","Groom","Bigloudscratch","BigLoudScratch.2","Waibira",-0.0439518875291828,0.0431654676258993,0.215827338129496
"4380","300706","Action_38","Morph_79","GER","Directattention","Present","Present.5","Waibira",0.63974640383283,0.00359712230215827,0.142446043165468
"4381","300172","Action_42","Morph_89","GER","Position","Push","Push.2","Waibira",0.059211859631846,0.0115107913669065,0.0359712230215827
"4382","300011","Action_42","Morph_89","GER","Position","Push","Push.2","Waibira",-0.150822889734584,0.0115107913669065,0.0359712230215827
"4383","300111","Action_38","Morph_77","GER","Directattention","Present","Present.3","Waibira",1.31881819599498,0.041726618705036,0.142446043165468
"4384","300111","Action_2","Morph_3","GER","Directattention","Bigloudscratch","BigLoudScratch.1","Waibira",0.921079248605952,0.0928057553956834,0.215827338129496
"4385","300118","Action_2","Morph_3","GER","Groom","Bigloudscratch","BigLoudScratch.1","Waibira",0.928614481562987,0.0928057553956834,0.215827338129496
"4386","300112","Action_38","Morph_78","GER","Directattention","Present","Present.4","Waibira",1.16533592071102,0.0287769784172662,0.142446043165468
"4387","300113","Action_41","Morph_85","GER","Position","Pull","Pull.2","Waibira",0.324977857195478,0.0115107913669065,0.0280575539568345
"4388","300117","Action_2","Morph_6","GER","Groom","Bigloudscratch","BigLoudScratch.4","Waibira",1.33157414891966,0.0201438848920863,0.215827338129496
"4389","300117","Action_2","Morph_NA","GER","Groom","Bigloudscratch",NA,"Waibira",1.71523833132031,0.0359712230215827,0.215827338129496
"4390","300119a","Action_2","Morph_8","GER","Groom","Bigloudscratch","BigLoudScratch.6","Waibira",1.35196168203939,0.00287769784172662,0.215827338129496
"4391","300524","Action_2","Morph_5","GER","Groom","Bigloudscratch","BigLoudScratch.3","Waibira",1.22230376101066,0.0424460431654676,0.215827338129496
"4392","300114","Action_38","Morph_78","GER","Directattention","Present","Present.4","Waibira",1.50363285353712,0.0287769784172662,0.142446043165468
"4393","300113","Action_41","Morph_85","GER","Position","Pull","Pull.2","Waibira",-0.282362910974181,0.0115107913669065,0.0280575539568345
"4394","300332a","Action_2","Morph_5","GER","Groom","Bigloudscratch","BigLoudScratch.3","Waibira",1.52583888855779,0.0424460431654676,0.215827338129496
"4395","300335","Action_2","Morph_7","GER","Groom","Bigloudscratch","BigLoudScratch.5","Waibira",-0.385662480811985,0.00647482014388489,0.215827338129496
"4396","300335","Action_2","Morph_NA","GER","Groom","Bigloudscratch",NA,"Waibira",0.609765571620894,0.0359712230215827,0.215827338129496
"4397","300333a","Action_2","Morph_5","GER","Groom","Bigloudscratch","BigLoudScratch.3","Waibira",1.19966353273784,0.0424460431654676,0.215827338129496
"4398","300335","Action_41","Morph_86","GER","Groom","Pull","Pull.3","Waibira",0.0392207131532813,0.00503597122302158,0.0280575539568345
"4399","300015","Action_38","Morph_78","GER","Directattention","Present","Present.4","Waibira",1.21787570949493,0.0287769784172662,0.142446043165468
"4400","300015","Action_2","Morph_3","GER","Directattention","Bigloudscratch","BigLoudScratch.1","Waibira",1.442674694556,0.0928057553956834,0.215827338129496
"4401","300220a","Action_2","Morph_3","ILA","Groom","Bigloudscratch","BigLoudScratch.1","Waibira",0.739076112448345,0.0928057553956834,0.215827338129496
"4402","300575a","Action_2","Morph_5","ILA","Groom","Bigloudscratch","BigLoudScratch.3","Waibira",0.945461109173935,0.0424460431654676,0.215827338129496
"4403","300576","Action_2","Morph_5","ILA","Directattention","Bigloudscratch","BigLoudScratch.3","Waibira",0.797507195884188,0.0424460431654676,0.215827338129496
"4404","300575a","Action_38","Morph_80","ILA","Groom","Present","Present.6","Waibira",0.921079248605952,0.00575539568345324,0.142446043165468
"4405","300090b","Action_63","Morph_135","ILA","Affiliation","Touch","Touch.4","Waibira",0.857389623953994,0.00935251798561151,0.0669064748201439
"4406","300089a","Action_1","Morph_2","ILA","Moveclose","Beckon","Beckon.2","Waibira",-0.449416995637347,0.00359712230215827,0.00575539568345324
"4407","300038","Action_2","Morph_3","ILA","Groom","Bigloudscratch","BigLoudScratch.1","Waibira",1.24818105899026,0.0928057553956834,0.215827338129496
"4408","300254a","Action_2","Morph_3","ILA","Groom","Bigloudscratch","BigLoudScratch.1","Waibira",1.23401692567431,0.0928057553956834,0.215827338129496
"4409","300252","Action_2","Morph_3","ILA","Groom","Bigloudscratch","BigLoudScratch.1","Waibira",1.20297230399235,0.0928057553956834,0.215827338129496
"4410","300253a","Action_38","Morph_77","ILA","Groom","Present","Present.3","Waibira",1.62649166699993,0.041726618705036,0.142446043165468
"4411","300807","Action_63","Morph_140","JAK","Giveme","Touch","Touch.9","Waibira",0.456158222423683,0.00431654676258993,0.0669064748201439
"4412","300807","Action_45","Morph_100","JAK","Giveme","Reach","Reach.1","Waibira",0.896088024556636,0.0827338129496403,0.097841726618705
"4413","300807","Action_45","Morph_100","JAK","Giveme","Reach","Reach.1","Waibira",0.246860077931526,0.0827338129496403,0.097841726618705
"4414","300645","Action_45","Morph_100","JIN","Giveme","Reach","Reach.1","Waibira",2.51138628259238,0.0827338129496403,0.097841726618705
"4415","300759a","Action_23","Morph_47","JIN","Affiliation","Hittingother","HitOther.3","Waibira",0.147557564357615,0.00719424460431655,0.00719424460431655
"4416","300759a","Action_45","Morph_100","JIN","Affiliation","Reach","Reach.1","Waibira",0.780241887410879,0.0827338129496403,0.097841726618705
"4417","300759a","Action_63","Morph_132","JIN","Affiliation","Touch","Touch.1","Waibira",-1.83258146374831,0.0179856115107914,0.0669064748201439
"4418","300796","Action_40","Morph_82","JNO","Sexualattention","Presentgenitalsforwards","PresentGenitals.1","Waibira",2.4048708865348,0.0474820143884892,0.0179856115107914
"4419","300723","Action_40","Morph_82","JNO","Sexualattention","Presentgenitalsforwards","PresentGenitals.1","Waibira",1.07124109187198,0.0474820143884892,0.0179856115107914
"4420","300887","Action_40","Morph_82","JNO","Sexualattention","Presentgenitalsforwards","PresentGenitals.1","Waibira",2.16343796158389,0.0474820143884892,0.0179856115107914
"4421","300830","Action_40","Morph_82","JNO","Sexualattention","Presentgenitalsforwards","PresentGenitals.1","Waibira",0.882940752192601,0.0474820143884892,0.0179856115107914
"4422","300888","Action_40","Morph_82","JNO","Sexualattention","Presentgenitalsforwards","PresentGenitals.1","Waibira",1.65134731551131,0.0474820143884892,0.0179856115107914
"4423","300889","Action_2","Morph_4","JNO","Sexualattention","Bigloudscratch","BigLoudScratch.2","Waibira",1.48907655576292,0.0431654676258993,0.215827338129496
"4424","300826","Action_40","Morph_82","JNO","Sexualattention","Presentgenitalsforwards","PresentGenitals.1","Waibira",1.69524856884721,0.0474820143884892,0.0179856115107914
"4425","300886","Action_27","Morph_54","JNO","Sexualattention","Leafclip","LeafClip.1","Waibira",0.906240396020654,0.00287769784172662,0.0115107913669065
"4426","300889","Action_40","Morph_82","JNO","Sexualattention","Presentgenitalsforwards","PresentGenitals.1","Waibira",0.664747706038247,0.0474820143884892,0.0179856115107914
"4427","300889","Action_57","Morph_115","JNO","Sexualattention","Stompobject","StompObject.1","Waibira",-0.510825623765991,0.020863309352518,0.0258992805755396
"4428","300735","Action_40","Morph_82","JNO","Sexualattention","Presentgenitalsforwards","PresentGenitals.1","Waibira",0.696641069814201,0.0474820143884892,0.0179856115107914
"4429","300735","Action_1","Morph_2","JNO","Sexualattention","Beckon","Beckon.2","Waibira",-0.825536368605691,0.00359712230215827,0.00575539568345324
"4430","300888","Action_57","Morph_115","JNO","Sexualattention","Stompobject","StompObject.1","Waibira",-0.45886588483528,0.020863309352518,0.0258992805755396
"4431","300888","Action_27","Morph_54","JNO","Sexualattention","Leafclip","LeafClip.1","Waibira",1.71523833132031,0.00287769784172662,0.0115107913669065
"4432","300890","Action_40","Morph_82","JNO","Sexualattention","Presentgenitalsforwards","PresentGenitals.1","Waibira",0.70951253464621,0.0474820143884892,0.0179856115107914
"4433","300889","Action_54","Morph_114","JNO","Sexualattention","Stancebipedal","StanceBipedal.1","Waibira",1.30291275218084,0.00359712230215827,0.00359712230215827
"4434","300888","Action_40","Morph_82","JNO","Sexualattention","Presentgenitalsforwards","PresentGenitals.1","Waibira",1.1543623037726,0.0474820143884892,0.0179856115107914
"4435","300886","Action_27","Morph_55","JNO","Sexualattention","Leafclip","LeafClip.2","Waibira",0.244513577050402,0.00863309352517986,0.0115107913669065
"4436","300889","Action_40","Morph_82","JNO","Sexualattention","Presentgenitalsforwards","PresentGenitals.1","Waibira",1.88631178616928,0.0474820143884892,0.0179856115107914
"4437","300889","Action_2","Morph_3","JNO","Sexualattention","Bigloudscratch","BigLoudScratch.1","Waibira",1.52126222153038,0.0928057553956834,0.215827338129496
"4438","300889","Action_54","Morph_114","JNO","Sexualattention","Stancebipedal","StanceBipedal.1","Waibira",-0.132389188045746,0.00359712230215827,0.00359712230215827
"4439","300888","Action_40","Morph_82","JNO","Sexualattention","Presentgenitalsforwards","PresentGenitals.1","Waibira",1.64113035916659,0.0474820143884892,0.0179856115107914
"4440","300886","Action_27","Morph_54","JNO","Sexualattention","Leafclip","LeafClip.1","Waibira",1.70019227570256,0.00287769784172662,0.0115107913669065
"4441","300889","Action_40","Morph_82","JNO","Sexualattention","Presentgenitalsforwards","PresentGenitals.1","Waibira",1.41682356615471,0.0474820143884892,0.0179856115107914
"4442","300830","Action_40","Morph_82","JNO","Sexualattention","Presentgenitalsforwards","PresentGenitals.1","Waibira",1.87287852051285,0.0474820143884892,0.0179856115107914
"4443","300828","Action_33","Morph_61","JNO","Stopbehaviour","Objectmove","ObjectMove.1","Waibira",-0.0449973659307358,0.018705035971223,0.0194244604316547
"4444","300636","Action_43","Morph_96","JNO","Staysame","Raise","Raise.1","Waibira",-1.13943428318836,0.0258992805755396,0.0316546762589928
"4445","300296","Action_45","Morph_100","KET","Affiliation","Reach","Reach.1","Waibira",0.0760346862759976,0.0827338129496403,0.097841726618705
"4446","300040","Action_38","Morph_76","KET","Directattention","Present","Present.2","Waibira",1.85269776733313,0.0251798561151079,0.142446043165468
"4447","300039","Action_42","Morph_89","KET","Position","Push","Push.2","Waibira",0.206200830583898,0.0115107913669065,0.0359712230215827
"4448","300225","Action_63","Morph_NA","KET","Affiliation","Touch",NA,"Waibira",0.3859424416193,0.0359712230215827,0.0669064748201439
"4449","300538","Action_39","Morph_82","KET","Sexualattention","Presentgenitalsbackwards","PresentGenitals.1","Waibira",1.23314318162572,0.0474820143884892,0.0402877697841727
"4450","300463","Action_20","Morph_50","KET","Staysame","Hitother","HitOther.6","Waibira",-0.918793862092274,0.00359712230215827,0.0122302158273381
"4451","300452b","Action_63","Morph_135","KEV","Affiliation","Touch","Touch.4","Waibira",0,0.00935251798561151,0.0669064748201439
"4452","300261b","Action_63","Morph_132","KEV","Affiliation","Touch","Touch.1","Waibira",0.529451087889156,0.0179856115107914,0.0669064748201439
"4453","300443a","Action_2","Morph_4","KEV","Groom","Bigloudscratch","BigLoudScratch.2","Waibira",1.34885206564402,0.0431654676258993,0.215827338129496
"4454","300436","Action_38","Morph_77","KEV","Groom","Present","Present.3","Waibira",1.28010016471349,0.041726618705036,0.142446043165468
"4455","300443a","Action_2","Morph_6","KEV","Groom","Bigloudscratch","BigLoudScratch.4","Waibira",0.570979546585738,0.0201438848920863,0.215827338129496
"4456","300540","Action_34","Morph_65","KEV","Sexualattention","Objectshake","ObjectShake.1","Waibira",0.520577915208669,0.0158273381294964,0.0201438848920863
"4457","300248a","Action_57","Morph_115","KEV","Stopbehaviour","Stompobject","StompObject.1","Waibira",-1.19732826160727,0.020863309352518,0.0258992805755396
"4458","300005b","Action_45","Morph_101","KEV","Support","Reach","Reach.2","Waibira",0.219135529916671,0.00863309352517986,0.097841726618705
"4459","300198","Action_33","Morph_61","KEV","Stopbehaviour","Objectmove","ObjectMove.1","Waibira",0.844579884320155,0.018705035971223,0.0194244604316547
"4460","300198","Action_31","Morph_59","KEV","Stopbehaviour","Lunge","Lunge.1","Waibira",-0.646263594661095,0.00503597122302158,0.00503597122302158
"4461","300446","Action_42","Morph_90","KEV","Position","Push","Push.3","Waibira",0.214304602647005,0.00431654676258993,0.0359712230215827
"4462","300470b","Action_20","Morph_46","KEV","Affiliation","Hitother","HitOther.2","Waibira",-0.401971218853909,0.00143884892086331,0.0122302158273381
"4463","300086","Action_45","Morph_100","KEV","Giveme","Reach","Reach.1","Waibira",1.94017947434633,0.0827338129496403,0.097841726618705
"4464","300446","Action_42","Morph_95","KEV","Position","Push","Push.8","Waibira",-0.183922838160928,0.00143884892086331,0.0359712230215827
"4465","300470b","Action_11","Morph_22","KEV","Affiliation","Embrace","Embrace.1","Waibira",0.749527513996053,0.00719424460431655,0.0165467625899281
"4466","300199","Action_45","Morph_100","KEV","Giveme","Reach","Reach.1","Waibira",1.9833435516345,0.0827338129496403,0.097841726618705
"4467","300086","Action_64","Morph_140","KEV","Giveme","Touchlongother","Touch.9","Waibira",2.804511233573,0.00431654676258993,0.0100719424460432
"4468","300086","Action_45","Morph_100","KEV","Giveme","Reach","Reach.1","Waibira",1.60221186734236,0.0827338129496403,0.097841726618705
"4469","300342a","Action_38","Morph_76","KEV","Groom","Present","Present.2","Waibira",1.28647402583768,0.0251798561151079,0.142446043165468
"4470","300429","Action_42","Morph_89","KEV","Position","Push","Push.2","Waibira",-0.12897038129696,0.0115107913669065,0.0359712230215827
"4471","300428","Action_42","Morph_89","KEV","Position","Push","Push.2","Waibira",0.0769610411361284,0.0115107913669065,0.0359712230215827
"4472","300427b","Action_2","Morph_3","KEV","Groom","Bigloudscratch","BigLoudScratch.1","Waibira",1.19966353273784,0.0928057553956834,0.215827338129496
"4473","300453a","Action_59","Morph_125","KEV","Affiliation","Stroke","Stroke.2","Waibira",-0.328504066972036,0.00287769784172662,0.00575539568345324
"4474","300453a","Action_63","Morph_134","KEV","Affiliation","Touch","Touch.3","Waibira",-0.224394333215862,0.0115107913669065,0.0669064748201439
"4475","300453a","Action_45","Morph_100","KEV","Affiliation","Reach","Reach.1","Waibira",0.27763173659828,0.0827338129496403,0.097841726618705
"4476","300639","Action_59","Morph_126","KIB","Staysame","Stroke","Stroke.3","Waibira",-0.278392025544688,0.000719424460431655,0.00575539568345324
"4477","300640","Action_60","Morph_127","KIB","Play","Swing","Swing.1","Waibira",1.46371825808469,0.0165467625899281,0.0172661870503597
"4478","300640","Action_13","Morph_27","KIB","Play","Fling","Fling.1","Waibira",-0.230671817735001,0.0165467625899281,0.0172661870503597
"4479","300377","Action_4","Morph_11","KID","Affiliation","Bitekiss","Bite.3","Waibira",-0.823255865906966,0.00215827338129496,0.00719424460431655
"4480","300638","Action_55","Morph_116","KIL","Play","Stompingobject","StompObject.2","Waibira",-0.0397808700118446,0.000719424460431655,0.00431654676258993
"4481","300769","Action_43","Morph_96","KIL","Groom","Raise","Raise.1","Waibira",1.54883829030517,0.0258992805755396,0.0316546762589928
"4482","300129","Action_38","Morph_77","KIL","Directattention","Present","Present.3","Waibira",1.23634318435639,0.041726618705036,0.142446043165468
"4483","300773","Action_38","Morph_76","KIL","Groom","Present","Present.2","Waibira",1.28509185561073,0.0251798561151079,0.142446043165468
"4484","300769","Action_38","Morph_75","KIL","Groom","Present","Present.1","Waibira",0.3859424416193,0.0330935251798561,0.142446043165468
"4485","300128","Action_2","Morph_3","KIL","Groom","Bigloudscratch","BigLoudScratch.1","Waibira",0.8419981272923,0.0928057553956834,0.215827338129496
"4486","300769","Action_2","Morph_3","KIL","Groom","Bigloudscratch","BigLoudScratch.1","Waibira",1.56318452791664,0.0928057553956834,0.215827338129496
"4487","300130","Action_38","Morph_78","KIL","Directattention","Present","Present.4","Waibira",0.522358859579664,0.0287769784172662,0.142446043165468
"4488","300560","Action_39","Morph_83","KIL","Sociosexualattention","Presentgenitalsbackwards","PresentGenitals.2","Waibira",0.378436435720245,0.0107913669064748,0.0402877697841727
"4489","300873a","Action_38","Morph_77","KIL","Groom","Present","Present.3","Waibira",1.84971386248861,0.041726618705036,0.142446043165468
"4490","300715","Action_43","Morph_96","KIL","Staysame","Raise","Raise.1","Waibira",-0.579818495252942,0.0258992805755396,0.0316546762589928
"4491","300163","Action_38","Morph_75","KIP","Directattention","Present","Present.1","Waibira",0.617345467143663,0.0330935251798561,0.142446043165468
"4492","300127","Action_38","Morph_75","KIP","Directattention","Present","Present.1","Waibira",1.10160779764791,0.0330935251798561,0.142446043165468
"4493","300534","Action_63","Morph_134","KIP","Takeobjectnurse","Touch","Touch.3","Waibira",-0.378336440719912,0.0115107913669065,0.0669064748201439
"4494","300771","Action_17","Morph_39","KIP","Moveaway","Hitobject","HitObject.1","Waibira",-0.691149177897272,0.041726618705036,0.0482014388489209
"4495","300771","Action_17","Morph_41","KIP","Moveaway","Hitobject","HitObject.3","Waibira",-0.949330585952355,0.00431654676258993,0.0482014388489209
"4496","300771","Action_57","Morph_115","KIP","Moveaway","Stompobject","StompObject.1","Waibira",-0.858021823750179,0.020863309352518,0.0258992805755396
"4497","300771","Action_17","Morph_39","KIP","Moveaway","Hitobject","HitObject.1","Waibira",-0.544727175441672,0.041726618705036,0.0482014388489209
"4498","300772","Action_21","Morph_42","KIP","Moveaway","Hittingobject","HitObject.4","Waibira",-0.116533816255952,0.00431654676258993,0.00719424460431655
"4499","300862","Action_14","Morph_33","LAF","Sociosexualattention","Grab","Grab.5","Waibira",0.670390193437329,0.00287769784172662,0.0107913669064748
"4500","300666a","Action_2","Morph_3","LAF","Groom","Bigloudscratch","BigLoudScratch.1","Waibira",0.56531380905006,0.0928057553956834,0.215827338129496
"4501","300730","Action_45","Morph_100","LAF","Staysame","Reach","Reach.1","Waibira",0.564176799262985,0.0827338129496403,0.097841726618705
"4502","300833","Action_63","Morph_136","LAF","Staysame","Touch","Touch.5","Waibira",-0.44628710262842,0.00719424460431655,0.0669064748201439
"4503","300635b","Action_38","Morph_76","LAF","Groom","Present","Present.2","Waibira",0.383219499160845,0.0251798561151079,0.142446043165468
"4504","300679","Action_45","Morph_101","LAF","Giveme","Reach","Reach.2","Waibira",3.87007537762038,0.00863309352517986,0.097841726618705
"4505","300678a","Action_40","Morph_82","LAF","Sociosexualattention","Presentgenitalsforwards","PresentGenitals.1","Waibira",0.967744013463071,0.0474820143884892,0.0179856115107914
"4506","300175","Action_63","Morph_132","LAF","Affiliation","Touch","Touch.1","Waibira",0.205386829724951,0.0179856115107914,0.0669064748201439
"4507","300340","Action_4","Morph_16","LAF","Staysame","Bitekiss","Bite.8","Waibira",0.970400057521187,0.00143884892086331,0.00719424460431655
"4508","300808","Action_4","Morph_13","LAF","Affiliation","Bitekiss","Bite.5","Waibira",0.806029337616618,0.00215827338129496,0.00719424460431655
"4509","300675","Action_11","Morph_22","LAM","Play","Embrace","Embrace.1","Waibira",0.535323095366378,0.00719424460431655,0.0165467625899281
"4510","300676a","Action_11","Morph_23","LAM","Play","Embrace","Embrace.2","Waibira",1.12167756159911,0.00359712230215827,0.0165467625899281
"4511","300676a","Action_41","Morph_87","LAM","Play","Pull","Pull.4","Waibira",-0.449416995637347,0.00215827338129496,0.0280575539568345
"4512","300676a","Action_41","Morph_87","LAM","Play","Pull","Pull.4","Waibira",-0.677273831403655,0.00215827338129496,0.0280575539568345
"4513","300676a","Action_41","Morph_87","LAM","Play","Pull","Pull.4","Waibira",1.17402892795286,0.00215827338129496,0.0280575539568345
"4514","300676a","Action_23","Morph_47","LAM","Play","Hittingother","HitOther.3","Waibira",0.53999600106577,0.00719424460431655,0.00719424460431655
"4515","300675","Action_3","Morph_9","LAM","Play","Bite","Bite.1","Waibira",0.0676586484738149,0.00575539568345324,0.0115107913669065
"4516","300465","Action_55","Morph_117","LAM","Play","Stompingobject","StompObject.3","Waibira",0.205386829724951,0.00287769784172662,0.00431654676258993
"4517","300465","Action_2","Morph_5","LAM","Play","Bigloudscratch","BigLoudScratch.3","Waibira",0.148420005118273,0.0424460431654676,0.215827338129496
"4518","300465","Action_55","Morph_NA","LAM","Play","Stompingobject",NA,"Waibira",0.672434138962404,0.0359712230215827,0.00431654676258993
"4519","300674a","Action_17","Morph_42","LAM","Sociosexualattention","Hitobject","HitObject.4","Waibira",-0.385662480811985,0.00431654676258993,0.0482014388489209
"4520","300674a","Action_39","Morph_83","LAM","Sociosexualattention","Presentgenitalsbackwards","PresentGenitals.2","Waibira",0.864997437486605,0.0107913669064748,0.0402877697841727
"4521","300216","Action_38","Morph_75","LAM","Directattention","Present","Present.1","Waibira",1.88129543453891,0.0330935251798561,0.142446043165468
"4522","300215","Action_41","Morph_85","LAM","Position","Pull","Pull.2","Waibira",0.64814981462921,0.0115107913669065,0.0280575539568345
"4523","300217","Action_38","Morph_77","LAM","Directattention","Present","Present.3","Waibira",2.43176955137487,0.041726618705036,0.142446043165468
"4524","300217","Action_2","Morph_3","LAM","Directattention","Bigloudscratch","BigLoudScratch.1","Waibira",1.16190002790403,0.0928057553956834,0.215827338129496
"4525","300293","Action_64","Morph_133","LAM","Climbonyou","Touchlongother","Touch.2","Waibira",1.09024403899759,0.00863309352517986,0.0100719424460432
"4526","300212","Action_42","Morph_90","LAM","Position","Push","Push.3","Waibira",-0.34389975245001,0.00431654676258993,0.0359712230215827
"4527","300271","Action_57","Morph_119","LAM","Play","Stompobject","StompObject.5","Waibira",-0.627359440021942,0.00431654676258993,0.0258992805755396
"4528","300274","Action_57","Morph_119","LAM","Attendme","Stompobject","StompObject.5","Waibira",-0.154317360384357,0.00431654676258993,0.0258992805755396
"4529","300271","Action_33","Morph_61","LAM","Play","Objectmove","ObjectMove.1","Waibira",0.107957141505092,0.018705035971223,0.0194244604316547
"4530","300274","Action_57","Morph_119","LAM","Attendme","Stompobject","StompObject.5","Waibira",-0.393042588109607,0.00431654676258993,0.0258992805755396
"4531","300274","Action_57","Morph_115","LAM","Attendme","Stompobject","StompObject.1","Waibira",-0.452556715642015,0.020863309352518,0.0258992805755396
"4532","300274","Action_33","Morph_61","LAM","Attendme","Objectmove","ObjectMove.1","Waibira",1.04380405217311,0.018705035971223,0.0194244604316547
"4533","300271","Action_63","Morph_133","LAM","Play","Touch","Touch.2","Waibira",-0.0335567835288428,0.00863309352517986,0.0669064748201439
"4534","300653","Action_14","Morph_29","LAM","Playcontinue","Grab","Grab.1","Waibira",0.692146680226362,0.00359712230215827,0.0107913669064748
"4535","300685","Action_20","Morph_45","LAM","Play","Hitother","HitOther.1","Waibira",-0.239527030564734,0.00647482014388489,0.0122302158273381
"4536","300062","Action_17","Morph_40","LAM","Play","Hitobject","HitObject.2","Waibira",-0.186329578191493,0.00359712230215827,0.0482014388489209
"4537","300170a","Action_2","Morph_4","LAN","Sexualattention","Bigloudscratch","BigLoudScratch.2","Waibira",1.01414313204166,0.0431654676258993,0.215827338129496
"4538","300170a","Action_47","Morph_103","LAN","Sexualattention","Rockingsit","Rocking.1","Waibira",0.0285874568519125,0.00863309352517986,0.00863309352517986
"4539","300135a","Action_38","Morph_76","LIL","Groom","Present","Present.2","Waibira",0.554459660786052,0.0251798561151079,0.142446043165468
"4540","300135a","Action_43","Morph_96","LIL","Groom","Raise","Raise.1","Waibira",-0.06720874969345,0.0258992805755396,0.0316546762589928
"4541","300136b","Action_38","Morph_76","LIL","Directattention","Present","Present.2","Waibira",1.82196531128512,0.0251798561151079,0.142446043165468
"4542","300135a","Action_20","Morph_50","LIL","Groom","Hitother","HitOther.6","Waibira",-1.72597172869005,0.00359712230215827,0.0122302158273381
"4543","300248b","Action_43","Morph_96","LIL","Affiliation","Raise","Raise.1","Waibira",-0.283690051182243,0.0258992805755396,0.0316546762589928
"4544","300248b","Action_45","Morph_100","LIL","Affiliation","Reach","Reach.1","Waibira",0.0676586484738149,0.0827338129496403,0.097841726618705
"4545","300248b","Action_43","Morph_96","LIL","Affiliation","Raise","Raise.1","Waibira",0.112435429329788,0.0258992805755396,0.0316546762589928
"4546","300843a","Action_45","Morph_100","LIL","Affiliation","Reach","Reach.1","Waibira",0.891588119233783,0.0827338129496403,0.097841726618705
"4547","300195","Action_33","Morph_61","LIR","Moveaway","Objectmove","ObjectMove.1","Waibira",-0.579818495252942,0.018705035971223,0.0194244604316547
"4548","300195","Action_57","Morph_115","LIR","Moveaway","Stompobject","StompObject.1","Waibira",-0.867500567704723,0.020863309352518,0.0258992805755396
"4549","300210","Action_43","Morph_96","LIR","Takeobjectnurse","Raise","Raise.1","Waibira",0.260053905334307,0.0258992805755396,0.0316546762589928
"4550","300878","Action_45","Morph_100","LIR","Travel","Reach","Reach.1","Waibira",2.48590615012108,0.0827338129496403,0.097841726618705
"4551","300211","Action_38","Morph_75","LIR","Directattention","Present","Present.1","Waibira",1.65115550578597,0.0330935251798561,0.142446043165468
"4552","300681","Action_42","Morph_92","LIR","Takeobjectnurse","Push","Push.5","Waibira",0.336472236621213,0.00431654676258993,0.0359712230215827
"4553","300681","Action_42","Morph_88","LIR","Takeobjectnurse","Push","Push.1","Waibira",0.804688555292853,0.0115107913669065,0.0359712230215827
"4554","300272","Action_42","Morph_92","LIR","Stopbehaviour","Push","Push.5","Waibira",0.139761942375159,0.00431654676258993,0.0359712230215827
"4555","300280","Action_39","Morph_82","LIR","Sexualattention","Presentgenitalsbackwards","PresentGenitals.1","Waibira",1.85285456858787,0.0474820143884892,0.0402877697841727
"4556","300815","Action_39","Morph_82","LIR","Sexualattention","Presentgenitalsbackwards","PresentGenitals.1","Waibira",1.26553815998409,0.0474820143884892,0.0402877697841727
"4557","300090a","Action_45","Morph_100","LIZ","Affiliation","Reach","Reach.1","Waibira",0.134530892957606,0.0827338129496403,0.097841726618705
"4558","300090a","Action_63","Morph_135","LIZ","Affiliation","Touch","Touch.4","Waibira",0.676001021724975,0.00935251798561151,0.0669064748201439
"4559","300071","Action_43","Morph_96","LIZ","Giveme","Raise","Raise.1","Waibira",0.198030850499135,0.0258992805755396,0.0316546762589928
"4560","300070","Action_41","Morph_NA","LIZ","Giveme","Pull",NA,"Waibira",1.85442123035277,0.0359712230215827,0.0280575539568345
"4561","300070","Action_41","Morph_84","LIZ","Giveme","Pull","Pull.1","Waibira",1.0564004398588,0.0079136690647482,0.0280575539568345
"4562","300071","Action_2","Morph_NA","LIZ","Giveme","Bigloudscratch",NA,"Waibira",0.60267527739587,0.0359712230215827,0.215827338129496
"4563","300071","Action_45","Morph_100","LIZ","Giveme","Reach","Reach.1","Waibira",0.49956243148728,0.0827338129496403,0.097841726618705
"4564","300071","Action_45","Morph_100","LIZ","Giveme","Reach","Reach.1","Waibira",-0.269187489815617,0.0827338129496403,0.097841726618705
"4565","300516","Action_41","Morph_84","LIZ","Giveme","Pull","Pull.1","Waibira",1.26497382588333,0.0079136690647482,0.0280575539568345
"4566","300516","Action_41","Morph_84","LIZ","Giveme","Pull","Pull.1","Waibira",1.63432562794188,0.0079136690647482,0.0280575539568345
"4567","300516","Action_45","Morph_100","LIZ","Giveme","Reach","Reach.1","Waibira",1.04063000612976,0.0827338129496403,0.097841726618705
"4568","300526","Action_38","Morph_79","LIZ","Groom","Present","Present.5","Waibira",0.833343811053229,0.00359712230215827,0.142446043165468
"4569","300099a","Action_15","Morph_36","LIZ","Play","Grabhold","GrabHold.2","Waibira",2.79600002650024,0.00359712230215827,0.0107913669064748
"4570","300187","Action_63","Morph_139","LIZ","Play","Touch","Touch.8","Waibira",-0.028399474521698,0.00287769784172662,0.0669064748201439
"4571","300187","Action_64","Morph_139","LIZ","Play","Touchlongother","Touch.8","Waibira",1.76832023749429,0.00287769784172662,0.0100719424460432
"4572","300187","Action_63","Morph_139","LIZ","Play","Touch","Touch.8","Waibira",0.396760667478018,0.00287769784172662,0.0669064748201439
"4573","300310b","Action_43","Morph_96","LIZ","Play","Raise","Raise.1","Waibira",1.15057202759882,0.0258992805755396,0.0316546762589928
"4574","300077","Action_13","Morph_27","LIZ","Moveaway","Fling","Fling.1","Waibira",-0.427710717055484,0.0165467625899281,0.0172661870503597
"4575","300077","Action_13","Morph_27","LIZ","Moveaway","Fling","Fling.1","Waibira",-0.151986356997882,0.0165467625899281,0.0172661870503597
"4576","300005a","Action_45","Morph_100","LKU","Support","Reach","Reach.1","Waibira",1.62491748328249,0.0827338129496403,0.097841726618705
"4577","300003","Action_39","Morph_83","LKU","Affiliation","Presentgenitalsbackwards","PresentGenitals.2","Waibira",1.20297230399235,0.0107913669064748,0.0402877697841727
"4578","300276b","Action_20","Morph_45","LKU","Stopbehaviour","Hitother","HitOther.1","Waibira",-0.699165252885508,0.00647482014388489,0.0122302158273381
"4579","300281","Action_17","Morph_39","LKU","Sexualattention","Hitobject","HitObject.1","Waibira",-0.454130280089445,0.041726618705036,0.0482014388489209
"4580","300281","Action_61","Morph_130","LKU","Sexualattention","Throwobject","ThrowObject.1","Waibira",-0.127833371509885,0.00503597122302158,0.00503597122302158
"4581","300281","Action_2","Morph_3","LKU","Sexualattention","Bigloudscratch","BigLoudScratch.1","Waibira",0.803793700647009,0.0928057553956834,0.215827338129496
"4582","300281","Action_57","Morph_118","LKU","Sexualattention","Stompobject","StompObject.4","Waibira",-0.980829253011726,0.000719424460431655,0.0258992805755396
"4583","300281","Action_57","Morph_119","LKU","Sexualattention","Stompobject","StompObject.5","Waibira",-0.368169323364468,0.00431654676258993,0.0258992805755396
"4584","300281","Action_57","Morph_115","LKU","Sexualattention","Stompobject","StompObject.1","Waibira",-0.489390343045926,0.020863309352518,0.0258992805755396
"4585","300281","Action_43","Morph_97","LKU","Sexualattention","Raise","Raise.2","Waibira",-0.627359440021942,0.00575539568345324,0.0316546762589928
"4586","300281","Action_61","Morph_130","LKU","Sexualattention","Throwobject","ThrowObject.1","Waibira",-0.336872316642553,0.00503597122302158,0.00503597122302158
"4587","300819","Action_61","Morph_130","LKU","Moveaway","Throwobject","ThrowObject.1","Waibira",-0.661648513500574,0.00503597122302158,0.00503597122302158
"4588","300820","Action_61","Morph_130","LKU","Moveaway","Throwobject","ThrowObject.1","Waibira",-0.334075112021491,0.00503597122302158,0.00503597122302158
"4589","300004","Action_13","Morph_27","LKU","Moveaway","Fling","Fling.1","Waibira",-0.048140375327935,0.0165467625899281,0.0172661870503597
"4590","300087","Action_15","Morph_36","LOT","Affiliation","Grabhold","GrabHold.2","Waibira",1.44149252158465,0.00359712230215827,0.0107913669064748
"4591","300125a","Action_39","Morph_82","LOT","Support","Presentgenitalsbackwards","PresentGenitals.1","Waibira",1.67840411689882,0.0474820143884892,0.0402877697841727
"4592","300517a","Action_3","Morph_11","LOT","Support","Bite","Bite.3","Waibira",0.477475644084437,0.00215827338129496,0.0115107913669065
"4593","300504a","Action_39","Morph_83","LOT","Affiliation","Presentgenitalsbackwards","PresentGenitals.2","Waibira",0.63710578967632,0.0107913669064748,0.0402877697841727
"4594","300567","Action_63","Morph_133","LOT","Affiliation","Touch","Touch.2","Waibira",-0.532730459154041,0.00863309352517986,0.0669064748201439
"4595","300517a","Action_39","Morph_82","LOT","Support","Presentgenitalsbackwards","PresentGenitals.1","Waibira",0.870456195530356,0.0474820143884892,0.0402877697841727
"4596","300569b","Action_63","Morph_132","LOT","Affiliation","Touch","Touch.1","Waibira",0.489806256541915,0.0179856115107914,0.0669064748201439
"4597","300569b","Action_63","Morph_134","LOT","Affiliation","Touch","Touch.3","Waibira",-0.84863208340034,0.0115107913669065,0.0669064748201439
"4598","300569b","Action_63","Morph_132","LOT","Affiliation","Touch","Touch.1","Waibira",-0.026343975339602,0.0179856115107914,0.0669064748201439
"4599","300518","Action_15","Morph_35","LOT","Giveme","Grabhold","GrabHold.1","Waibira",1.70964517285113,0.00575539568345324,0.0107913669064748
"4600","300519","Action_2","Morph_7","LOT","Groom","Bigloudscratch","BigLoudScratch.5","Waibira",1.09927873321127,0.00647482014388489,0.215827338129496
"4601","300518","Action_63","Morph_132","LOT","Giveme","Touch","Touch.1","Waibira",0.412109650826833,0.0179856115107914,0.0669064748201439
"4602","300518","Action_63","Morph_138","LOT","Giveme","Touch","Touch.7","Waibira",0.171429115627531,0.00215827338129496,0.0669064748201439
"4603","300074","Action_43","Morph_96","LOT","Climbonme","Raise","Raise.1","Waibira",0.752359040191791,0.0258992805755396,0.0316546762589928
"4604","300123","Action_41","Morph_86","LOT","Climbonme","Pull","Pull.3","Waibira",0.902191807494653,0.00503597122302158,0.0280575539568345
"4605","300123","Action_41","Morph_86","LOT","Climbonme","Pull","Pull.3","Waibira",0.889535994565335,0.00503597122302158,0.0280575539568345
"4606","300123","Action_41","Morph_84","LOT","Climbonme","Pull","Pull.1","Waibira",0.800206252853353,0.0079136690647482,0.0280575539568345
"4607","300074","Action_38","Morph_77","LOT","Climbonme","Present","Present.3","Waibira",1.27284566861231,0.041726618705036,0.142446043165468
"4608","300123","Action_41","Morph_85","LOT","Climbonme","Pull","Pull.2","Waibira",-0.661648513500574,0.0115107913669065,0.0280575539568345
"4609","300098","Action_38","Morph_75","LOT","Groom","Present","Present.1","Waibira",1.25047463797736,0.0330935251798561,0.142446043165468
"4610","300312","Action_63","Morph_136","LOT","Affiliation","Touch","Touch.5","Waibira",-0.083381608939051,0.00719424460431655,0.0669064748201439
"4611","300088","Action_63","Morph_134","LOT","Affiliation","Touch","Touch.3","Waibira",1.06056422103058,0.0115107913669065,0.0669064748201439
"4612","300099b","Action_63","Morph_137","LTS","Stopbehaviour","Touch","Touch.6","Waibira",-0.198450938723838,0.00647482014388489,0.0669064748201439
"4613","300241","Action_14","Morph_32","LTS","Climbonyou","Grab","Grab.4","Waibira",0.29416103854949,0.00287769784172662,0.0107913669064748
"4614","300825","Action_33","Morph_61","MAC","Sexualattention","Objectmove","ObjectMove.1","Waibira",-0.180323554131282,0.018705035971223,0.0194244604316547
"4615","300825","Action_33","Morph_61","MAC","Sexualattention","Objectmove","ObjectMove.1","Waibira",-0.279713902802604,0.018705035971223,0.0194244604316547
"4616","300736","Action_40","Morph_82","MAC","Sexualattention","Presentgenitalsforwards","PresentGenitals.1","Waibira",0.928219302739429,0.0474820143884892,0.0179856115107914
"4617","300825","Action_34","Morph_65","MAC","Sexualattention","Objectshake","ObjectShake.1","Waibira",0.947401726899208,0.0158273381294964,0.0201438848920863
"4618","300825","Action_34","Morph_65","MAC","Sexualattention","Objectshake","ObjectShake.1","Waibira",0.302324349188651,0.0158273381294964,0.0201438848920863
"4619","300825","Action_27","Morph_55","MAC","Sexualattention","Leafclip","LeafClip.2","Waibira",1.94975987221006,0.00863309352517986,0.0115107913669065
"4620","300374","Action_21","Morph_43","MAC","Staysame","Hittingobject","HitObject.5","Waibira",-0.0408219945202552,0.00359712230215827,0.00719424460431655
"4621","300376a","Action_2","Morph_NA","MAC","Groom","Bigloudscratch",NA,"Waibira",1.46302389397856,0.0359712230215827,0.215827338129496
"4622","300374","Action_45","Morph_100","MAC","Staysame","Reach","Reach.1","Waibira",-1.13943428318836,0.0827338129496403,0.097841726618705
"4623","300698b","Action_45","Morph_100","MAC","Affiliation","Reach","Reach.1","Waibira",1.19210263175545,0.0827338129496403,0.097841726618705
"4624","300733b","Action_38","Morph_76","MAC","Groom","Present","Present.2","Waibira",0.494086299761693,0.0251798561151079,0.142446043165468
"4625","300299a","Action_2","Morph_3","MAC","Directattention","Bigloudscratch","BigLoudScratch.1","Waibira",1.21757980773215,0.0928057553956834,0.215827338129496
"4626","300733b","Action_2","Morph_5","MAC","Groom","Bigloudscratch","BigLoudScratch.3","Waibira",0.0610950993598108,0.0424460431654676,0.215827338129496
"4627","300734a","Action_2","Morph_3","MAC","Groom","Bigloudscratch","BigLoudScratch.1","Waibira",1.28093384546206,0.0928057553956834,0.215827338129496
"4628","300138b","Action_2","Morph_3","MAC","Groom","Bigloudscratch","BigLoudScratch.1","Waibira",0.731405892677036,0.0928057553956834,0.215827338129496
"4629","300844b","Action_14","Morph_33","MAC","Affiliation","Grab","Grab.5","Waibira",-0.132389188045746,0.00287769784172662,0.0107913669064748
"4630","300299a","Action_38","Morph_77","MAC","Directattention","Present","Present.3","Waibira",1.57691472072854,0.041726618705036,0.142446043165468
"4631","300298","Action_42","Morph_89","MAC","Position","Push","Push.2","Waibira",0.540578581915338,0.0115107913669065,0.0359712230215827
"4632","300732b","Action_2","Morph_4","MAC","Groom","Bigloudscratch","BigLoudScratch.2","Waibira",1.3244189574018,0.0431654676258993,0.215827338129496
"4633","300732b","Action_38","Morph_77","MAC","Groom","Present","Present.3","Waibira",1.12978790613656,0.041726618705036,0.142446043165468
"4634","300733b","Action_2","Morph_3","MAC","Groom","Bigloudscratch","BigLoudScratch.1","Waibira",1.670721140851,0.0928057553956834,0.215827338129496
"4635","300734a","Action_38","Morph_77","MAC","Groom","Present","Present.3","Waibira",1.16096091373265,0.041726618705036,0.142446043165468
"4636","300109a","Action_63","Morph_134","MAC","Affiliation","Touch","Touch.3","Waibira",-0.366725279792234,0.0115107913669065,0.0669064748201439
"4637","300109a","Action_4","Morph_13","MAC","Affiliation","Bitekiss","Bite.5","Waibira",0.822419516264084,0.00215827338129496,0.00719424460431655
"4638","300109a","Action_11","Morph_24","MAC","Affiliation","Embrace","Embrace.3","Waibira",2.65366441057562,0.00431654676258993,0.0165467625899281
"4639","300719b","Action_23","Morph_47","MAC","Affiliation","Hittingother","HitOther.3","Waibira",1.10724161536616,0.00719424460431655,0.00719424460431655
"4640","300345","Action_2","Morph_3","MAC","Groom","Bigloudscratch","BigLoudScratch.1","Waibira",1.3244189574018,0.0928057553956834,0.215827338129496
"4641","300339","Action_2","Morph_4","MAC","Directattention","Bigloudscratch","BigLoudScratch.2","Waibira",0.939616557177652,0.0431654676258993,0.215827338129496
"4642","300181","Action_38","Morph_78","MAC","Directattention","Present","Present.4","Waibira",2.03457492033973,0.0287769784172662,0.142446043165468
"4643","300180","Action_38","Morph_76","MAC","Directattention","Present","Present.2","Waibira",0.319907219746518,0.0251798561151079,0.142446043165468
"4644","300535","Action_42","Morph_90","MAC","Position","Push","Push.3","Waibira",0.260824618281898,0.00431654676258993,0.0359712230215827
"4645","300537a","Action_2","Morph_4","MAC","Groom","Bigloudscratch","BigLoudScratch.2","Waibira",0.574926549172514,0.0431654676258993,0.215827338129496
"4646","300535","Action_2","Morph_5","MAC","Position","Bigloudscratch","BigLoudScratch.3","Waibira",0.394741144745189,0.0424460431654676,0.215827338129496
"4647","300490","Action_39","Morph_83","MAS","Staysame","Presentgenitalsbackwards","PresentGenitals.2","Waibira",-0.631111789640493,0.0107913669064748,0.0402877697841727
"4648","300007","Action_55","Morph_117","MAS","Moveaway","Stompingobject","StompObject.3","Waibira",-0.179126665897435,0.00287769784172662,0.00431654676258993
"4649","300543a","Action_2","Morph_5","MAS","Groom","Bigloudscratch","BigLoudScratch.3","Waibira",1.5499001997179,0.0424460431654676,0.215827338129496
"4650","300393b","Action_45","Morph_101","MAS","Staysame","Reach","Reach.2","Waibira",0.768254653046751,0.00863309352517986,0.097841726618705
"4651","300202","Action_50","Morph_109","MAS","Play","Shake","Shake.3","Waibira",0.156148682489931,0.000719424460431655,0.00503597122302158
"4652","300396","Action_45","Morph_100","MAS","Staysame","Reach","Reach.1","Waibira",-0.397496938458987,0.0827338129496403,0.097841726618705
"4653","300578a","Action_42","Morph_89","MIK","Groom","Push","Push.2","Waibira",0.335042643811618,0.0115107913669065,0.0359712230215827
"4654","300577","Action_42","Morph_90","MIK","Position","Push","Push.3","Waibira",0.845009529869191,0.00431654676258993,0.0359712230215827
"4655","300574a","Action_38","Morph_77","MIK","Groom","Present","Present.3","Waibira",0.946625931670228,0.041726618705036,0.142446043165468
"4656","300578a","Action_2","Morph_NA","MIK","Groom","Bigloudscratch",NA,"Waibira",1.38203530419951,0.0359712230215827,0.215827338129496
"4657","300574a","Action_2","Morph_3","MIK","Groom","Bigloudscratch","BigLoudScratch.1","Waibira",0.993251773010283,0.0928057553956834,0.215827338129496
"4658","300555b","Action_38","Morph_76","MN","Groom","Present","Present.2","Waibira",1.33315726270676,0.0251798561151079,0.142446043165468
"4659","300553","Action_2","Morph_4","MN","Groom","Bigloudscratch","BigLoudScratch.2","Waibira",1.03069027218265,0.0431654676258993,0.215827338129496
"4660","300544a","Action_38","Morph_75","MN","Groom","Present","Present.1","Waibira",1.37624402526639,0.0330935251798561,0.142446043165468
"4661","300553","Action_38","Morph_75","MN","Groom","Present","Present.1","Waibira",1.05570478765683,0.0330935251798561,0.142446043165468
"4662","300259","Action_31","Morph_59","MN","Moveaway","Lunge","Lunge.1","Waibira",-0.151986356997882,0.00503597122302158,0.00503597122302158
"4663","300126","Action_17","Morph_39","MN","Staysame","Hitobject","HitObject.1","Waibira",-0.515838165589535,0.041726618705036,0.0482014388489209
"4664","300150a","Action_20","Morph_45","MN","Moveaway","Hitother","HitOther.1","Waibira",-0.709276562489829,0.00647482014388489,0.0122302158273381
"4665","300260a","Action_63","Morph_132","MN","Affiliation","Touch","Touch.1","Waibira",0.981329128053377,0.0179856115107914,0.0669064748201439
"4666","300481b","Action_38","Morph_76","MOR","Groom","Present","Present.2","Waibira",1.1125151938371,0.0251798561151079,0.142446043165468
"4667","300406b","Action_39","Morph_82","MOR","Sociosexualattention","Presentgenitalsbackwards","PresentGenitals.1","Waibira",0,0.0474820143884892,0.0402877697841727
"4668","300480","Action_38","Morph_75","MOR","Sociosexualattention","Present","Present.1","Waibira",0.65232518603969,0.0330935251798561,0.142446043165468
"4669","300880","Action_45","Morph_100","MRA","Playcontinue","Reach","Reach.1","Waibira",0.0382587121170903,0.0827338129496403,0.097841726618705
"4670","300879","Action_45","Morph_100","MRA","Play","Reach","Reach.1","Waibira",0.607044481506534,0.0827338129496403,0.097841726618705
"4671","300687","Action_38","Morph_75","MRA","Groom","Present","Present.1","Waibira",0.297137231222536,0.0330935251798561,0.142446043165468
"4672","300883","Action_15","Morph_35","MRA","Giveme","Grabhold","GrabHold.1","Waibira",1.53428323883334,0.00575539568345324,0.0107913669064748
"4673","300884","Action_14","Morph_29","MRA","Giveme","Grab","Grab.1","Waibira",1.34364778639842,0.00359712230215827,0.0107913669064748
"4674","300883","Action_14","Morph_29","MRA","Giveme","Grab","Grab.1","Waibira",0.663203304186873,0.00359712230215827,0.0107913669064748
"4675","300884","Action_15","Morph_35","MRA","Giveme","Grabhold","GrabHold.1","Waibira",1.9261446639265,0.00575539568345324,0.0107913669064748
"4676","300883","Action_15","Morph_35","MRA","Giveme","Grabhold","GrabHold.1","Waibira",0.905027539595444,0.00575539568345324,0.0107913669064748
"4677","300883","Action_15","Morph_35","MRA","Giveme","Grabhold","GrabHold.1","Waibira",1.15057202759882,0.00575539568345324,0.0107913669064748
"4678","300557","Action_17","Morph_39","MSD","Moveaway","Hitobject","HitObject.1","Waibira",-0.780886094867952,0.041726618705036,0.0482014388489209
"4679","300812","Action_39","Morph_82","MSD","Sexualattention","Presentgenitalsbackwards","PresentGenitals.1","Waibira",0.208638865111328,0.0474820143884892,0.0402877697841727
"4680","300574b","Action_2","Morph_5","MSD","Groom","Bigloudscratch","BigLoudScratch.3","Waibira",0.864997437486605,0.0424460431654676,0.215827338129496
"4681","300578b","Action_38","Morph_78","MSD","Groom","Present","Present.4","Waibira",0.958967006154591,0.0287769784172662,0.142446043165468
"4682","300578b","Action_2","Morph_6","MSD","Groom","Bigloudscratch","BigLoudScratch.4","Waibira",1.84118435255558,0.0201438848920863,0.215827338129496
"4683","300573","Action_2","Morph_3","MSD","Groom","Bigloudscratch","BigLoudScratch.1","Waibira",1.75992474570804,0.0928057553956834,0.215827338129496
"4684","300574b","Action_2","Morph_5","MSD","Groom","Bigloudscratch","BigLoudScratch.3","Waibira",0.932164081030445,0.0424460431654676,0.215827338129496
"4685","300531","Action_4","Morph_9","MUG","Staysame","Bitekiss","Bite.1","Waibira",-0.199671195129068,0.00575539568345324,0.00719424460431655
"4686","300843b","Action_45","Morph_101","MUG","Affiliation","Reach","Reach.2","Waibira",0.858661619037519,0.00863309352517986,0.097841726618705
"4687","300626","Action_38","Morph_75","MUG","Groom","Present","Present.1","Waibira",0.693647055601596,0.0330935251798561,0.142446043165468
"4688","300145","Action_38","Morph_77","MUG","Directattention","Present","Present.3","Waibira",0.579978482454307,0.041726618705036,0.142446043165468
"4689","300860a","Action_2","Morph_5","MUG","Groom","Bigloudscratch","BigLoudScratch.3","Waibira",0.583890194622996,0.0424460431654676,0.215827338129496
"4690","300774","Action_2","Morph_4","MUG","Groom","Bigloudscratch","BigLoudScratch.2","Waibira",0.113328685307003,0.0431654676258993,0.215827338129496
"4691","300145","Action_2","Morph_3","MUG","Directattention","Bigloudscratch","BigLoudScratch.1","Waibira",0.3293037471426,0.0928057553956834,0.215827338129496
"4692","300861","Action_42","Morph_89","MUG","Position","Push","Push.2","Waibira",-0.168418651624963,0.0115107913669065,0.0359712230215827
"4693","300024b","Action_38","Morph_77","MUG","Directattention","Present","Present.3","Waibira",1.33998860824338,0.041726618705036,0.142446043165468
"4694","300173b","Action_11","Morph_22","NAL","Affiliation","Embrace","Embrace.1","Waibira",-0.149660774554406,0.00719424460431655,0.0165467625899281
"4695","300279","Action_2","Morph_7","NAL","Directattention","Bigloudscratch","BigLoudScratch.5","Waibira",0.0601539228197471,0.00647482014388489,0.215827338129496
"4696","300279","Action_38","Morph_77","NAL","Directattention","Present","Present.3","Waibira",0.814036497835399,0.041726618705036,0.142446043165468
"4697","300310a","Action_60","Morph_127","NAL","Play","Swing","Swing.1","Waibira",0.732367893713227,0.0165467625899281,0.0172661870503597
"4698","300284","Action_38","Morph_75","NAL","Directattention","Present","Present.1","Waibira",1.45791710479286,0.0330935251798561,0.142446043165468
"4699","300511","Action_60","Morph_127","NAL","Followme","Swing","Swing.1","Waibira",0.224742272677907,0.0165467625899281,0.0172661870503597
"4700","300510","Action_2","Morph_NA","NAL","Climbonyou","Bigloudscratch",NA,"Waibira",1.47086526257016,0.0359712230215827,0.215827338129496
"4701","300068a","Action_14","Morph_32","NAL","Affiliation","Grab","Grab.4","Waibira",0.355574338494699,0.00287769784172662,0.0107913669064748
"4702","300510","Action_41","Morph_85","NAL","Climbonyou","Pull","Pull.2","Waibira",-0.381260419411347,0.0115107913669065,0.0280575539568345
"4703","300285","Action_2","Morph_5","NAL","Groom","Bigloudscratch","BigLoudScratch.3","Waibira",1.3230882852161,0.0424460431654676,0.215827338129496
"4704","300510","Action_2","Morph_5","NAL","Climbonyou","Bigloudscratch","BigLoudScratch.3","Waibira",1.30182520449344,0.0424460431654676,0.215827338129496
"4705","300103","Action_2","Morph_6","NAL","Groom","Bigloudscratch","BigLoudScratch.4","Waibira",0.880870786642895,0.0201438848920863,0.215827338129496
"4706","300456","Action_45","Morph_101","NAL","Giveme","Reach","Reach.2","Waibira",1.57567428228129,0.00863309352517986,0.097841726618705
"4707","300511","Action_2","Morph_4","NAL","Followme","Bigloudscratch","BigLoudScratch.2","Waibira",0.22314355131421,0.0431654676258993,0.215827338129496
"4708","300101","Action_2","Morph_3","NAL","Groom","Bigloudscratch","BigLoudScratch.1","Waibira",1.43365493247973,0.0928057553956834,0.215827338129496
"4709","300511","Action_2","Morph_3","NAL","Followme","Bigloudscratch","BigLoudScratch.1","Waibira",0.250758718347183,0.0928057553956834,0.215827338129496
"4710","300510","Action_41","Morph_85","NAL","Climbonyou","Pull","Pull.2","Waibira",0.162118849476435,0.0115107913669065,0.0280575539568345
"4711","300523","Action_63","Morph_133","NAL","Play","Touch","Touch.2","Waibira",0.0834216081390724,0.00863309352517986,0.0669064748201439
"4712","300100","Action_2","Morph_3","NAL","Groom","Bigloudscratch","BigLoudScratch.1","Waibira",0.771958360984235,0.0928057553956834,0.215827338129496
"4713","300100","Action_2","Morph_3","NAL","Groom","Bigloudscratch","BigLoudScratch.1","Waibira",1.47155420507071,0.0928057553956834,0.215827338129496
"4714","300510","Action_43","Morph_97","NAL","Climbonyou","Raise","Raise.2","Waibira",0.640273690952877,0.00575539568345324,0.0316546762589928
"4715","300102","Action_2","Morph_4","NAL","Groom","Bigloudscratch","BigLoudScratch.2","Waibira",1.10426296017692,0.0431654676258993,0.215827338129496
"4716","300510","Action_2","Morph_NA","NAL","Climbonyou","Bigloudscratch",NA,"Waibira",-0.204567165741274,0.0359712230215827,0.215827338129496
"4717","300510","Action_2","Morph_4","NAL","Climbonyou","Bigloudscratch","BigLoudScratch.2","Waibira",0.126632650933366,0.0431654676258993,0.215827338129496
"4718","300105b","Action_38","Morph_77","NAL","Groom","Present","Present.3","Waibira",1.20955718261984,0.041726618705036,0.142446043165468
"4719","300511","Action_2","Morph_3","NAL","Followme","Bigloudscratch","BigLoudScratch.1","Waibira",-0.420071260497527,0.0928057553956834,0.215827338129496
"4720","300103","Action_38","Morph_77","NAL","Groom","Present","Present.3","Waibira",0.981329128053377,0.041726618705036,0.142446043165468
"4721","300510","Action_2","Morph_4","NAL","Climbonyou","Bigloudscratch","BigLoudScratch.2","Waibira",0.0825012215117438,0.0431654676258993,0.215827338129496
"4722","300283","Action_38","Morph_77","NAL","Groom","Present","Present.3","Waibira",1.14454122055651,0.041726618705036,0.142446043165468
"4723","300511","Action_2","Morph_3","NAL","Followme","Bigloudscratch","BigLoudScratch.1","Waibira",-0.320205264157341,0.0928057553956834,0.215827338129496
"4724","300067","Action_11","Morph_22","NAL","Affiliation","Embrace","Embrace.1","Waibira",0.23031775506221,0.00719424460431655,0.0165467625899281
"4725","300458","Action_45","Morph_100","NEV","Affiliation","Reach","Reach.1","Waibira",-0.342490308946776,0.0827338129496403,0.097841726618705
"4726","300620b","Action_39","Morph_82","NEV","Sexualattention","Presentgenitalsbackwards","PresentGenitals.1","Waibira",0.27763173659828,0.0474820143884892,0.0402877697841727
"4727","300323","Action_63","Morph_132","NEV","Staysame","Touch","Touch.1","Waibira",-0.00803217169726427,0.0179856115107914,0.0669064748201439
"4728","300777","Action_3","Morph_12","NEV","Staysame","Bite","Bite.4","Waibira",-0.109814866007207,0.00287769784172662,0.0115107913669065
"4729","300777","Action_63","Morph_137","NEV","Staysame","Touch","Touch.6","Waibira",-0.174353387144778,0.00647482014388489,0.0669064748201439
"4730","300743","Action_2","Morph_7","NEV","Groom","Bigloudscratch","BigLoudScratch.5","Waibira",1.3244189574018,0.00647482014388489,0.215827338129496
"4731","300628","Action_2","Morph_3","NEV","Groom","Bigloudscratch","BigLoudScratch.1","Waibira",1.10922246778013,0.0928057553956834,0.215827338129496
"4732","300348b","Action_42","Morph_88","NEV","Climbonme","Push","Push.1","Waibira",0.182321556793955,0.0115107913669065,0.0359712230215827
"4733","300529b","Action_38","Morph_75","NEV","Groom","Present","Present.1","Waibira",0.514618422004687,0.0330935251798561,0.142446043165468
"4734","300324","Action_63","Morph_NA","NEV","Staysame","Touch",NA,"Waibira",0.624868339806651,0.0359712230215827,0.0669064748201439
"4735","300324","Action_63","Morph_NA","NEV","Staysame","Touch",NA,"Waibira",0.954741918248408,0.0359712230215827,0.0669064748201439
"4736","300621","Action_63","Morph_137","NGO","Staysame","Touch","Touch.6","Waibira",-0.066139802504545,0.00647482014388489,0.0669064748201439
"4737","300621","Action_39","Morph_83","NGO","Staysame","Presentgenitalsbackwards","PresentGenitals.2","Waibira",1.07840958135059,0.0107913669064748,0.0402877697841727
"4738","300623","Action_14","Morph_31","NGO","Climbonyou","Grab","Grab.3","Waibira",0.440832251945456,0.000719424460431655,0.0107913669064748
"4739","300744","Action_38","Morph_79","NGO","Groom","Present","Present.5","Waibira",1.29445315745431,0.00359712230215827,0.142446043165468
"4740","300744","Action_14","Morph_30","NGO","Groom","Grab","Grab.2","Waibira",0.113328685307003,0.000719424460431655,0.0107913669064748
"4741","300348a","Action_59","Morph_125","NIM","Climbonyou","Stroke","Stroke.2","Waibira",0.0237165266173161,0.00287769784172662,0.00575539568345324
"4742","300183","Action_2","Morph_3","NIM","Climbonyou","Bigloudscratch","BigLoudScratch.1","Waibira",1.40878943894726,0.0928057553956834,0.215827338129496
"4743","300083","Action_43","Morph_96","NIM","Climbonyou","Raise","Raise.1","Waibira",-0.484508315448617,0.0258992805755396,0.0316546762589928
"4744","300183","Action_2","Morph_4","NIM","Climbonyou","Bigloudscratch","BigLoudScratch.2","Waibira",0.854415328156068,0.0431654676258993,0.215827338129496
"4745","300627","Action_38","Morph_75","NIM","Groom","Present","Present.1","Waibira",0.239803992207317,0.0330935251798561,0.142446043165468
"4746","300183","Action_1","Morph_1","NIM","Climbonyou","Beckon","Beckon.1","Waibira",0.68006194101129,0.00215827338129496,0.00575539568345324
"4747","300782","Action_45","Morph_101","NMK","Giveme","Reach","Reach.2","Waibira",0.870456195530356,0.00863309352517986,0.097841726618705
"4748","300874","Action_41","Morph_84","NMK","Giveme","Pull","Pull.1","Waibira",0.319180739511152,0.0079136690647482,0.0280575539568345
"4749","300782","Action_63","Morph_140","NMK","Giveme","Touch","Touch.9","Waibira",0.877549903557724,0.00431654676258993,0.0669064748201439
"4750","300530","Action_2","Morph_3","NOA","Sexualattention","Bigloudscratch","BigLoudScratch.1","Waibira",0.8419981272923,0.0928057553956834,0.215827338129496
"4751","300530","Action_40","Morph_82","NOA","Sexualattention","Presentgenitalsforwards","PresentGenitals.1","Waibira",0.465619030927911,0.0474820143884892,0.0179856115107914
"4752","300497","Action_63","Morph_132","NOA","Staysame","Touch","Touch.1","Waibira",1.38604432986468,0.0179856115107914,0.0669064748201439
"4753","300528b","Action_38","Morph_75","NOA","Groom","Present","Present.1","Waibira",0.365337317017385,0.0330935251798561,0.142446043165468
"4754","300838a","Action_39","Morph_83","NOA","Sociosexualattention","Presentgenitalsbackwards","PresentGenitals.2","Waibira",-0.0449973659307358,0.0107913669064748,0.0402877697841727
"4755","300314","Action_38","Morph_76","NR","Directattention","Present","Present.2","Waibira",0.8754687373539,0.0251798561151079,0.142446043165468
"4756","300872","Action_13","Morph_27","NR","Moveaway","Fling","Fling.1","Waibira",-0.823255865906966,0.0165467625899281,0.0172661870503597
"4757","300872","Action_13","Morph_27","NR","Moveaway","Fling","Fling.1","Waibira",-0.0460439385014068,0.0165467625899281,0.0172661870503597
"4758","300238","Action_39","Morph_82","NR","Sexualattention","Presentgenitalsbackwards","PresentGenitals.1","Waibira",0.690142671539647,0.0474820143884892,0.0402877697841727
"4759","300150b","Action_57","Morph_119","NR","Staysame","Stompobject","StompObject.5","Waibira",-0.449416995637347,0.00431654676258993,0.0258992805755396
"4760","300150b","Action_57","Morph_115","NR","Staysame","Stompobject","StompObject.1","Waibira",-0.82098055206983,0.020863309352518,0.0258992805755396
"4761","300150b","Action_57","Morph_115","NR","Staysame","Stompobject","StompObject.1","Waibira",-0.549913012474038,0.020863309352518,0.0258992805755396
"4762","300068b","Action_43","Morph_97","NR","Affiliation","Raise","Raise.2","Waibira",0.0089597413714718,0.00575539568345324,0.0316546762589928
"4763","300094b","Action_11","Morph_23","NR","Affiliation","Embrace","Embrace.2","Waibira",1.21876288979857,0.00359712230215827,0.0165467625899281
"4764","300105a","Action_2","Morph_3","NR","Groom","Bigloudscratch","BigLoudScratch.1","Waibira",1.22934811065716,0.0928057553956834,0.215827338129496
"4765","300512","Action_42","Morph_88","NR","Takeobjectnurse","Push","Push.1","Waibira",0.68662596356968,0.0115107913669065,0.0359712230215827
"4766","300867","Action_42","Morph_88","NR","Climbonme","Push","Push.1","Waibira",0.303801454331664,0.0115107913669065,0.0359712230215827
"4767","300146","Action_39","Morph_82","NR","Affiliation","Presentgenitalsbackwards","PresentGenitals.1","Waibira",0.517602608045014,0.0474820143884892,0.0402877697841727
"4768","300157","Action_21","Morph_43","NR","Moveaway","Hittingobject","HitObject.5","Waibira",-0.0314906670913708,0.00359712230215827,0.00719424460431655
"4769","300157","Action_55","Morph_117","NR","Moveaway","Stompingobject","StompObject.3","Waibira",-0.16369609267079,0.00287769784172662,0.00431654676258993
"4770","300021","Action_42","Morph_89","ONY","Position","Push","Push.2","Waibira",-0.150822889734584,0.0115107913669065,0.0359712230215827
"4771","300020","Action_38","Morph_78","ONY","Directattention","Present","Present.4","Waibira",1.3415584672785,0.0287769784172662,0.142446043165468
"4772","300020","Action_2","Morph_3","ONY","Directattention","Bigloudscratch","BigLoudScratch.1","Waibira",1.2950011026735,0.0928057553956834,0.215827338129496
"4773","300017","Action_2","Morph_3","ONY","Directattention","Bigloudscratch","BigLoudScratch.1","Waibira",0.848868055556721,0.0928057553956834,0.215827338129496
"4774","300019","Action_42","Morph_89","ONY","Position","Push","Push.2","Waibira",0.152721087017664,0.0115107913669065,0.0359712230215827
"4775","300201","Action_45","Morph_100","ONY","Giveme","Reach","Reach.1","Waibira",2.22656760657013,0.0827338129496403,0.097841726618705
"4776","300029","Action_39","Morph_82","ONY","Sexualattention","Presentgenitalsbackwards","PresentGenitals.1","Waibira",1.05396353699923,0.0474820143884892,0.0402877697841727
"4777","300652","Action_45","Morph_100","ONY","Giveme","Reach","Reach.1","Waibira",2.51713179708274,0.0827338129496403,0.097841726618705
"4778","300032","Action_2","Morph_6","ONY","Directattention","Bigloudscratch","BigLoudScratch.4","Waibira",0.608678023933495,0.0201438848920863,0.215827338129496
"4779","300652","Action_45","Morph_100","ONY","Giveme","Reach","Reach.1","Waibira",1.24126858906963,0.0827338129496403,0.097841726618705
"4780","300650","Action_45","Morph_100","ONY","Giveme","Reach","Reach.1","Waibira",1.26440917312977,0.0827338129496403,0.097841726618705
"4781","300651a","Action_45","Morph_100","ONY","Giveme","Reach","Reach.1","Waibira",1.49380256883518,0.0827338129496403,0.097841726618705
"4782","300650","Action_45","Morph_100","ONY","Giveme","Reach","Reach.1","Waibira",0.146694379150803,0.0827338129496403,0.097841726618705
"4783","300604","Action_38","Morph_78","ONY","Directattention","Present","Present.4","Waibira",1.40585186033542,0.0287769784172662,0.142446043165468
"4784","300652","Action_45","Morph_100","ONY","Giveme","Reach","Reach.1","Waibira",0.19062035960865,0.0827338129496403,0.097841726618705
"4785","300031","Action_2","Morph_6","ONY","Directattention","Bigloudscratch","BigLoudScratch.4","Waibira",1.038154319631,0.0201438848920863,0.215827338129496
"4786","300650","Action_45","Morph_100","ONY","Giveme","Reach","Reach.1","Waibira",2.17860791317433,0.0827338129496403,0.097841726618705
"4787","300652","Action_45","Morph_100","ONY","Giveme","Reach","Reach.1","Waibira",1.42863520160942,0.0827338129496403,0.097841726618705
"4788","300652","Action_45","Morph_100","ONY","Giveme","Reach","Reach.1","Waibira",1.94776556955477,0.0827338129496403,0.097841726618705
"4789","300651a","Action_45","Morph_100","ONY","Giveme","Reach","Reach.1","Waibira",0.577736329048618,0.0827338129496403,0.097841726618705
"4790","300649a","Action_45","Morph_100","ONY","Giveme","Reach","Reach.1","Waibira",1.34547236659964,0.0827338129496403,0.097841726618705
"4791","300652","Action_45","Morph_100","ONY","Giveme","Reach","Reach.1","Waibira",1.59554180724199,0.0827338129496403,0.097841726618705
"4792","300606","Action_38","Morph_75","ONY","Directattention","Present","Present.1","Waibira",0.712459491592318,0.0330935251798561,0.142446043165468
"4793","300649a","Action_45","Morph_100","ONY","Giveme","Reach","Reach.1","Waibira",0.706063405826492,0.0827338129496403,0.097841726618705
"4794","300649a","Action_45","Morph_100","ONY","Giveme","Reach","Reach.1","Waibira",0.832909122935104,0.0827338129496403,0.097841726618705
"4795","300650","Action_45","Morph_100","ONY","Giveme","Reach","Reach.1","Waibira",1.79939689635727,0.0827338129496403,0.097841726618705
"4796","300652","Action_45","Morph_100","ONY","Giveme","Reach","Reach.1","Waibira",1.94204554823887,0.0827338129496403,0.097841726618705
"4797","300647","Action_45","Morph_100","ONY","Giveme","Reach","Reach.1","Waibira",1.05291732940598,0.0827338129496403,0.097841726618705
"4798","300652","Action_45","Morph_100","ONY","Giveme","Reach","Reach.1","Waibira",1.04345187749083,0.0827338129496403,0.097841726618705
"4799","300651a","Action_45","Morph_100","ONY","Giveme","Reach","Reach.1","Waibira",-0.0629397997738742,0.0827338129496403,0.097841726618705
"4800","300650","Action_45","Morph_100","ONY","Giveme","Reach","Reach.1","Waibira",0.82329786502499,0.0827338129496403,0.097841726618705
"4801","300032","Action_38","Morph_78","ONY","Directattention","Present","Present.4","Waibira",1.26863631765166,0.0287769784172662,0.142446043165468
"4802","300604","Action_2","Morph_6","ONY","Directattention","Bigloudscratch","BigLoudScratch.4","Waibira",0.931770302722541,0.0201438848920863,0.215827338129496
"4803","300648a","Action_45","Morph_100","ONY","Giveme","Reach","Reach.1","Waibira",0.486737828236901,0.0827338129496403,0.097841726618705
"4804","300031","Action_38","Morph_78","ONY","Directattention","Present","Present.4","Waibira",1.78925633900994,0.0287769784172662,0.142446043165468
"4805","300650","Action_45","Morph_100","ONY","Giveme","Reach","Reach.1","Waibira",-0.0910193983871685,0.0827338129496403,0.097841726618705
"4806","300607a","Action_2","Morph_5","ONY","Groom","Bigloudscratch","BigLoudScratch.3","Waibira",1.51028034090088,0.0424460431654676,0.215827338129496
"4807","300042","Action_38","Morph_75","ONY","Directattention","Present","Present.1","Waibira",1.27536280041261,0.0330935251798561,0.142446043165468
"4808","300200","Action_45","Morph_100","ONY","Giveme","Reach","Reach.1","Waibira",3.06609753621455,0.0827338129496403,0.097841726618705
"4809","300041","Action_38","Morph_78","ONY","Directattention","Present","Present.4","Waibira",1.06367571878721,0.0287769784172662,0.142446043165468
"4810","300727a","Action_60","Morph_127","PAV","Moveaway","Swing","Swing.1","Waibira",0.152721087017664,0.0165467625899281,0.0172661870503597
"4811","300727a","Action_60","Morph_127","PAV","Moveaway","Swing","Swing.1","Waibira",0.308219723669329,0.0165467625899281,0.0172661870503597
"4812","300667","Action_38","Morph_75","PAV","Groom","Present","Present.1","Waibira",0.986935571443487,0.0330935251798561,0.142446043165468
"4813","300668b","Action_3","Morph_15","PAV","Affiliation","Bite","Bite.7","Waibira",0.0139029051689914,0.00215827338129496,0.0115107913669065
"4814","300073","Action_45","Morph_100","PEN","Giveme","Reach","Reach.1","Waibira",0.963174317773006,0.0827338129496403,0.097841726618705
"4815","300364","Action_23","Morph_47","PEN","Climbonme","Hittingother","HitOther.3","Waibira",0.630739720431328,0.00719424460431655,0.00719424460431655
"4816","300515","Action_2","Morph_4","PEN","Climbonme","Bigloudscratch","BigLoudScratch.2","Waibira",1.65345479785087,0.0431654676258993,0.215827338129496
"4817","300515","Action_42","Morph_88","PEN","Climbonme","Push","Push.1","Waibira",-0.209487224866724,0.0115107913669065,0.0359712230215827
"4818","300084","Action_64","Morph_135","PEN","Giveme","Touchlongother","Touch.4","Waibira",3.56039245994839,0.00935251798561151,0.0100719424460432
"4819","300085","Action_45","Morph_100","PEN","Giveme","Reach","Reach.1","Waibira",0.812262661450107,0.0827338129496403,0.097841726618705
"4820","300767","Action_39","Morph_82","QEN","Staysame","Presentgenitalsbackwards","PresentGenitals.1","Waibira",0.392042087776024,0.0474820143884892,0.0402877697841727
"4821","300194","Action_45","Morph_100","QEN","Giveme","Reach","Reach.1","Waibira",0.173953307123438,0.0827338129496403,0.097841726618705
"4822","300076","Action_64","Morph_135","QEN","Giveme","Touchlongother","Touch.4","Waibira",1.59473028356183,0.00935251798561151,0.0100719424460432
"4823","300803a","Action_39","Morph_82","QEN","Affiliation","Presentgenitalsbackwards","PresentGenitals.1","Waibira",0.327863862084613,0.0474820143884892,0.0402877697841727
"4824","300496b","Action_2","Morph_3","QEN","Groom","Bigloudscratch","BigLoudScratch.1","Waibira",1.36046360108537,0.0928057553956834,0.215827338129496
"4825","300081","Action_45","Morph_100","QEN","Giveme","Reach","Reach.1","Waibira",1.00759289028094,0.0827338129496403,0.097841726618705
"4826","300078a","Action_45","Morph_102","QEN","Affiliation","Reach","Reach.3","Waibira",1.15373158788919,0.00575539568345324,0.097841726618705
"4827","300081","Action_45","Morph_100","QEN","Giveme","Reach","Reach.1","Waibira",1.14390427785982,0.0827338129496403,0.097841726618705
"4828","300078a","Action_64","Morph_NA","QEN","Affiliation","Touchlongother",NA,"Waibira",1.69285952057317,0.0359712230215827,0.0100719424460432
"4829","300080","Action_45","Morph_100","QEN","Giveme","Reach","Reach.1","Waibira",0.759870812602853,0.0827338129496403,0.097841726618705
"4830","300081","Action_45","Morph_100","QEN","Giveme","Reach","Reach.1","Waibira",2.09285122858975,0.0827338129496403,0.097841726618705
"4831","300442","Action_38","Morph_77","QEN","Groom","Present","Present.3","Waibira",0.392042087776024,0.041726618705036,0.142446043165468
"4832","300065","Action_38","Morph_77","QEN","Directattention","Present","Present.3","Waibira",1.3169442829851,0.041726618705036,0.142446043165468
"4833","300442","Action_43","Morph_97","QEN","Groom","Raise","Raise.2","Waibira",-0.083381608939051,0.00575539568345324,0.0316546762589928
"4834","300442","Action_63","Morph_132","QEN","Groom","Touch","Touch.1","Waibira",0.587230954968396,0.0179856115107914,0.0669064748201439
"4835","300561b","Action_39","Morph_82","RAC","Sexualattention","Presentgenitalsbackwards","PresentGenitals.1","Waibira",0.683096844706444,0.0474820143884892,0.0402877697841727
"4836","300656a","Action_39","Morph_82","RAC","Affiliation","Presentgenitalsbackwards","PresentGenitals.1","Waibira",1.80845269216972,0.0474820143884892,0.0402877697841727
"4837","300131","Action_15","Morph_36","RAC","Stopbehaviour","Grabhold","GrabHold.2","Waibira",1.94233232770743,0.00359712230215827,0.0107913669064748
"4838","300719a","Action_45","Morph_101","RIT","Affiliation","Reach","Reach.2","Waibira",0.320633172591467,0.00863309352517986,0.097841726618705
"4839","300659a","Action_45","Morph_100","RIT","Affiliation","Reach","Reach.1","Waibira",0.877134016672961,0.0827338129496403,0.097841726618705
"4840","300760","Action_45","Morph_101","RIT","Affiliation","Reach","Reach.2","Waibira",0.78845736036427,0.00863309352517986,0.097841726618705
"4841","300562","Action_45","Morph_100","ROB","Staysame","Reach","Reach.1","Waibira",-0.295714244149045,0.0827338129496403,0.097841726618705
"4842","300562","Action_45","Morph_100","ROB","Staysame","Reach","Reach.1","Waibira",-0.285018955032297,0.0827338129496403,0.097841726618705
"4843","300873b","Action_2","Morph_5","ROB","Groom","Bigloudscratch","BigLoudScratch.3","Waibira",0.56531380905006,0.0424460431654676,0.215827338129496
"4844","300232","Action_17","Morph_39","ROB","Stopbehaviour","Hitobject","HitObject.1","Waibira",-0.244622582991334,0.041726618705036,0.0482014388489209
"4845","300233","Action_43","Morph_96","ROB","Stopbehaviour","Raise","Raise.1","Waibira",-0.780886094867952,0.0258992805755396,0.0316546762589928
"4846","300232","Action_21","Morph_42","ROB","Stopbehaviour","Hittingobject","HitObject.4","Waibira",-0.29035230100766,0.00431654676258993,0.00719424460431655
"4847","300400b","Action_39","Morph_83","ROB","Staysame","Presentgenitalsbackwards","PresentGenitals.2","Waibira",1.28093384546206,0.0107913669064748,0.0402877697841727
"4848","300659b","Action_63","Morph_132","RWZ","Affiliation","Touch","Touch.1","Waibira",0.576051408683698,0.0179856115107914,0.0669064748201439
"4849","300294","Action_41","Morph_84","RWZ","Giveme","Pull","Pull.1","Waibira",2.02920032524309,0.0079136690647482,0.0280575539568345
"4850","300494","Action_2","Morph_5","SAM","Groom","Bigloudscratch","BigLoudScratch.3","Waibira",0.27763173659828,0.0424460431654676,0.215827338129496
"4851","300494","Action_38","Morph_76","SAM","Groom","Present","Present.2","Waibira",1.35583515363518,0.0251798561151079,0.142446043165468
"4852","300491","Action_42","Morph_89","SAM","Position","Push","Push.2","Waibira",0.327143141332695,0.0115107913669065,0.0359712230215827
"4853","300492","Action_2","Morph_3","SAM","Groom","Bigloudscratch","BigLoudScratch.1","Waibira",1.30264097612264,0.0928057553956834,0.215827338129496
"4854","300492","Action_38","Morph_77","SAM","Groom","Present","Present.3","Waibira",1.601204107507,0.041726618705036,0.142446043165468
"4855","300494","Action_2","Morph_4","SAM","Groom","Bigloudscratch","BigLoudScratch.2","Waibira",0.924258901523332,0.0431654676258993,0.215827338129496
"4856","300818a","Action_2","Morph_4","SAM","Groom","Bigloudscratch","BigLoudScratch.2","Waibira",-0.0212236364516267,0.0431654676258993,0.215827338129496
"4857","300010","Action_38","Morph_77","SAM","Directattention","Present","Present.3","Waibira",0.739553553374101,0.041726618705036,0.142446043165468
"4858","300678b","Action_15","Morph_NA","SAM","Sexualattention","Grabhold",NA,"Waibira",2.17053831207371,0.0359712230215827,0.0107913669064748
"4859","300634","Action_38","Morph_76","SAM","Groom","Present","Present.2","Waibira",1.19331622413741,0.0251798561151079,0.142446043165468
"4860","300316a","Action_45","Morph_100","SDT","Affiliation","Reach","Reach.1","Waibira",-0.22314355131421,0.0827338129496403,0.097841726618705
"4861","300316a","Action_11","Morph_22","SDT","Affiliation","Embrace","Embrace.1","Waibira",-0.177931208492662,0.00719424460431655,0.0165467625899281
"4862","300240","Action_54","Morph_114","SDT","Play","Stancebipedal","StanceBipedal.1","Waibira",-0.192371892647456,0.00359712230215827,0.00359712230215827
"4863","300240","Action_57","Morph_115","SDT","Play","Stompobject","StompObject.1","Waibira",-0.393042588109607,0.020863309352518,0.0258992805755396
"4864","300384","Action_39","Morph_82","SHY","Sociosexualattention","Presentgenitalsbackwards","PresentGenitals.1","Waibira",0.0870947068509337,0.0474820143884892,0.0402877697841727
"4865","300720","Action_45","Morph_100","SHY","Climbonme","Reach","Reach.1","Waibira",0.0676586484738149,0.0827338129496403,0.097841726618705
"4866","300344b","Action_63","Morph_137","SUL","Staysame","Touch","Touch.6","Waibira",-0.522560879984412,0.00647482014388489,0.0669064748201439
"4867","300122a","Action_2","Morph_3","TAL","Groom","Bigloudscratch","BigLoudScratch.1","Waibira",1.61760447510049,0.0928057553956834,0.215827338129496
"4868","300505b","Action_38","Morph_76","TAL","Groom","Present","Present.2","Waibira",0.956664626012428,0.0251798561151079,0.142446043165468
"4869","300485","Action_2","Morph_3","TAL","Directattention","Bigloudscratch","BigLoudScratch.1","Waibira",0.841136058273395,0.0928057553956834,0.215827338129496
"4870","300122a","Action_38","Morph_76","TAL","Groom","Present","Present.2","Waibira",1.90136097914314,0.0251798561151079,0.142446043165468
"4871","300484","Action_38","Morph_78","TAL","Groom","Present","Present.4","Waibira",0.769181866835943,0.0287769784172662,0.142446043165468
"4872","300584","Action_2","Morph_4","TAL","Groom","Bigloudscratch","BigLoudScratch.2","Waibira",1.35995038578029,0.0431654676258993,0.215827338129496
"4873","300120","Action_38","Morph_75","TAL","Directattention","Present","Present.1","Waibira",1.42959328551504,0.0330935251798561,0.142446043165468
"4874","300160","Action_38","Morph_76","TAL","Directattention","Present","Present.2","Waibira",0.858661619037519,0.0251798561151079,0.142446043165468
"4875","300469","Action_42","Morph_90","TAL","Position","Push","Push.3","Waibira",0.306749135169007,0.00431654676258993,0.0359712230215827
"4876","300445","Action_42","Morph_89","TAL","Position","Push","Push.2","Waibira",-0.0439518875291828,0.0115107913669065,0.0359712230215827
"4877","300343","Action_2","Morph_3","TAL","Groom","Bigloudscratch","BigLoudScratch.1","Waibira",1.21550604013961,0.0928057553956834,0.215827338129496
"4878","300342b","Action_38","Morph_76","TAL","Groom","Present","Present.2","Waibira",1.05187002611598,0.0251798561151079,0.142446043165468
"4879","300229","Action_45","Morph_100","TAL","Giveme","Reach","Reach.1","Waibira",2.42338579313975,0.0827338129496403,0.097841726618705
"4880","300342b","Action_2","Morph_4","TAL","Groom","Bigloudscratch","BigLoudScratch.2","Waibira",-0.103140758919513,0.0431654676258993,0.215827338129496
"4881","300143","Action_34","Morph_66","TAL","Moveaway","Objectshake","ObjectShake.2","Waibira",0.212689093410351,0.00431654676258993,0.0201438848920863
"4882","300397a","Action_17","Morph_39","TAL","Moveaway","Hitobject","HitObject.1","Waibira",-0.673344553263766,0.041726618705036,0.0482014388489209
"4883","300397a","Action_13","Morph_27","TAL","Moveaway","Fling","Fling.1","Waibira",-1.16475209117265,0.0165467625899281,0.0172661870503597
"4884","300397a","Action_21","Morph_44","TAL","Moveaway","Hittingobject","HitObject.6","Waibira",0.192271887647123,0.00215827338129496,0.00719424460431655
"4885","300527","Action_38","Morph_76","TAL","Groom","Present","Present.2","Waibira",2.20210155441572,0.0251798561151079,0.142446043165468
"4886","300792","Action_38","Morph_78","TAL","Groom","Present","Present.4","Waibira",1.50252063008802,0.0287769784172662,0.142446043165468
"4887","300397a","Action_13","Morph_NA","TAL","Moveaway","Fling",NA,"Waibira",-1.42711635564015,0.0359712230215827,0.0172661870503597
"4888","300143","Action_34","Morph_66","TAL","Moveaway","Objectshake","ObjectShake.2","Waibira",-0.544727175441672,0.00431654676258993,0.0201438848920863
"4889","300397a","Action_17","Morph_41","TAL","Moveaway","Hitobject","HitObject.3","Waibira",-0.667479433811368,0.00431654676258993,0.0482014388489209
"4890","300397a","Action_21","Morph_44","TAL","Moveaway","Hittingobject","HitObject.6","Waibira",0.213497174262404,0.00215827338129496,0.00719424460431655
"4891","300525","Action_45","Morph_100","TAL","Sexualattention","Reach","Reach.1","Waibira",1.10260430993765,0.0827338129496403,0.097841726618705
"4892","300338","Action_38","Morph_76","TAL","Groom","Present","Present.2","Waibira",1.04063000612976,0.0251798561151079,0.142446043165468
"4893","300585","Action_27","Morph_55","TAL","Sexualattention","Leafclip","LeafClip.2","Waibira",1.51402772762944,0.00863309352517986,0.0115107913669065
"4894","300585","Action_27","Morph_55","TAL","Sexualattention","Leafclip","LeafClip.2","Waibira",0.529451087889156,0.00863309352517986,0.0115107913669065
"4895","300585","Action_27","Morph_55","TAL","Sexualattention","Leafclip","LeafClip.2","Waibira",2.84682615029944,0.00863309352517986,0.0115107913669065
"4896","300585","Action_27","Morph_55","TAL","Sexualattention","Leafclip","LeafClip.2","Waibira",2.50528100903915,0.00863309352517986,0.0115107913669065
"4897","300529a","Action_2","Morph_6","TAL","Groom","Bigloudscratch","BigLoudScratch.4","Waibira",1.05466040113893,0.0201438848920863,0.215827338129496
"4898","300528a","Action_1","Morph_2","TAL","Groom","Beckon","Beckon.2","Waibira",-0.0576291128366364,0.00359712230215827,0.00575539568345324
"4899","300153","Action_33","Morph_61","TAL","Sexualattention","Objectmove","ObjectMove.1","Waibira",-1.05843049903528,0.018705035971223,0.0194244604316547
"4900","300153","Action_33","Morph_61","TAL","Sexualattention","Objectmove","ObjectMove.1","Waibira",0.0953101798043249,0.018705035971223,0.0194244604316547
"4901","300153","Action_34","Morph_65","TAL","Sexualattention","Objectshake","ObjectShake.1","Waibira",2.05578901301461,0.0158273381294964,0.0201438848920863
"4902","300078b","Action_15","Morph_36","TAL","Affiliation","Grabhold","GrabHold.2","Waibira",2.69482986293136,0.00359712230215827,0.0107913669064748
"4903","300722","Action_60","Morph_127","TAL","Moveaway","Swing","Swing.1","Waibira",0.267734434642085,0.0165467625899281,0.0172661870503597
"4904","300503","Action_45","Morph_100","TAL","Staysame","Reach","Reach.1","Waibira",0.63921883853439,0.0827338129496403,0.097841726618705
"4905","300246","Action_11","Morph_24","TAL","Support","Embrace","Embrace.3","Waibira",0.0834216081390724,0.00431654676258993,0.0165467625899281
"4906","300372b","Action_38","Morph_77","TAL","Directattention","Present","Present.3","Waibira",1.13783300182139,0.041726618705036,0.142446043165468
"4907","300336","Action_39","Morph_82","TAT","Sexualattention","Presentgenitalsbackwards","PresentGenitals.1","Waibira",0.89199803930511,0.0474820143884892,0.0402877697841727
"4908","300385","Action_39","Morph_82","TAT","Sexualattention","Presentgenitalsbackwards","PresentGenitals.1","Waibira",0.0620353909194527,0.0474820143884892,0.0402877697841727
"4909","300385","Action_39","Morph_82","TAT","Sexualattention","Presentgenitalsbackwards","PresentGenitals.1","Waibira",-0.286349627218002,0.0474820143884892,0.0402877697841727
"4910","300049","Action_41","Morph_84","TBY","Giveme","Pull","Pull.1","Waibira",0.840273245450239,0.0079136690647482,0.0280575539568345
"4911","300761a","Action_2","Morph_3","TBY","Followme","Bigloudscratch","BigLoudScratch.1","Waibira",0.501381164937991,0.0928057553956834,0.215827338129496
"4912","300047","Action_41","Morph_84","TBY","Giveme","Pull","Pull.1","Waibira",0.657520002916794,0.0079136690647482,0.0280575539568345
"4913","300761a","Action_63","Morph_132","TBY","Followme","Touch","Touch.1","Waibira",0.178146185383474,0.0179856115107914,0.0669064748201439
"4914","300044","Action_38","Morph_77","TBY","Groom","Present","Present.3","Waibira",1.57298137542349,0.041726618705036,0.142446043165468
"4915","300761a","Action_43","Morph_96","TBY","Followme","Raise","Raise.1","Waibira",-0.0408219945202552,0.0258992805755396,0.0316546762589928
"4916","300761a","Action_14","Morph_33","TBY","Followme","Grab","Grab.5","Waibira",-0.596020469829223,0.00287769784172662,0.0107913669064748
"4917","300045","Action_2","Morph_3","TBY","Travel","Bigloudscratch","BigLoudScratch.1","Waibira",1.4933534334133,0.0928057553956834,0.215827338129496
"4918","300045","Action_43","Morph_96","TBY","Travel","Raise","Raise.1","Waibira",0.182321556793955,0.0258992805755396,0.0316546762589928
"4919","300871","Action_63","Morph_138","TBY","Giveme","Touch","Touch.7","Waibira",0.788002711572624,0.00215827338129496,0.0669064748201439
"4920","300044","Action_2","Morph_3","TBY","Groom","Bigloudscratch","BigLoudScratch.1","Waibira",0.160416721405905,0.0928057553956834,0.215827338129496
"4921","300392a","Action_45","Morph_100","TIB","Affiliation","Reach","Reach.1","Waibira",0.466246580368023,0.0827338129496403,0.097841726618705
"4922","300759b","Action_45","Morph_100","TIB","Affiliation","Reach","Reach.1","Waibira",0.211070970079941,0.0827338129496403,0.097841726618705
"4923","300759b","Action_45","Morph_NA","TIB","Affiliation","Reach",NA,"Waibira",0.0392207131532813,0.0359712230215827,0.097841726618705
"4924","300048","Action_41","Morph_86","TIB","Position","Pull","Pull.3","Waibira",0.582774123078575,0.00503597122302158,0.0280575539568345
"4925","300660","Action_2","Morph_6","TIB","Affiliation","Bigloudscratch","BigLoudScratch.4","Waibira",1.66581824587021,0.0201438848920863,0.215827338129496
"4926","300870","Action_63","Morph_137","TIB","Giveme","Touch","Touch.6","Waibira",0.454889991435687,0.00647482014388489,0.0669064748201439
"4927","300713","Action_38","Morph_77","TIB","Climbonme","Present","Present.3","Waibira",0.583890194622996,0.041726618705036,0.142446043165468
"4928","300052","Action_38","Morph_78","TRS","Directattention","Present","Present.4","Waibira",1.42767619889866,0.0287769784172662,0.142446043165468
"4929","300053","Action_38","Morph_78","TRS","Groom","Present","Present.4","Waibira",1.11382925447297,0.0287769784172662,0.142446043165468
"4930","300319","Action_45","Morph_100","TRS","Affiliation","Reach","Reach.1","Waibira",0.609221945622184,0.0827338129496403,0.097841726618705
"4931","300581","Action_39","Morph_83","TRS","Staysame","Presentgenitalsbackwards","PresentGenitals.2","Waibira",1.57339614108683,0.0107913669064748,0.0402877697841727
"4932","300582","Action_34","Morph_65","TRS","Support","Objectshake","ObjectShake.1","Waibira",0.163818085229395,0.0158273381294964,0.0201438848920863
"4933","300582","Action_39","Morph_83","TRS","Support","Presentgenitalsbackwards","PresentGenitals.2","Waibira",0.603222473031958,0.0107913669064748,0.0402877697841727
"4934","300471b","Action_2","Morph_5","TRS","Groom","Bigloudscratch","BigLoudScratch.3","Waibira",0.27763173659828,0.0424460431654676,0.215827338129496
"4935","300789b","Action_38","Morph_75","TRS","Groom","Present","Present.1","Waibira",1.15876621148786,0.0330935251798561,0.142446043165468
"4936","300536b","Action_2","Morph_NA","TRS","Groom","Bigloudscratch",NA,"Waibira",0.694146680893029,0.0359712230215827,0.215827338129496
"4937","300253b","Action_38","Morph_75","TRS","Groom","Present","Present.1","Waibira",2.25654115449264,0.0330935251798561,0.142446043165468
"4938","300254b","Action_38","Morph_77","TRS","Groom","Present","Present.3","Waibira",1.33789162189172,0.041726618705036,0.142446043165468
"4939","300254b","Action_2","Morph_3","TRS","Groom","Bigloudscratch","BigLoudScratch.1","Waibira",1.10988188092634,0.0928057553956834,0.215827338129496
"4940","300427a","Action_2","Morph_NA","TRS","Groom","Bigloudscratch",NA,"Waibira",0.182321556793955,0.0359712230215827,0.215827338129496
"4941","300426","Action_2","Morph_5","TRS","Groom","Bigloudscratch","BigLoudScratch.3","Waibira",0.891588119233783,0.0424460431654676,0.215827338129496
"4942","300426","Action_2","Morph_3","TRS","Groom","Bigloudscratch","BigLoudScratch.1","Waibira",0.418710334858185,0.0928057553956834,0.215827338129496
"4943","300856","Action_2","Morph_3","TRS","Groom","Bigloudscratch","BigLoudScratch.1","Waibira",0.494696241836107,0.0928057553956834,0.215827338129496
"4944","300537b","Action_2","Morph_3","TRS","Groom","Bigloudscratch","BigLoudScratch.1","Waibira",1.59168119084484,0.0928057553956834,0.215827338129496
"4945","300380","Action_63","Morph_135","TRS","Sociosexualattention","Touch","Touch.4","Waibira",0.0685927914656117,0.00935251798561151,0.0669064748201439
"4946","300266","Action_38","Morph_75","TRS","Directattention","Present","Present.1","Waibira",1.00832281732065,0.0330935251798561,0.142446043165468
"4947","300380","Action_59","Morph_125","TRS","Sociosexualattention","Stroke","Stroke.2","Waibira",0.182321556793955,0.00287769784172662,0.00575539568345324
"4948","300775","Action_2","Morph_6","TRS","Groom","Bigloudscratch","BigLoudScratch.4","Waibira",1.0039352417262,0.0201438848920863,0.215827338129496
"4949","300223","Action_38","Morph_78","TRS","Directattention","Present","Present.4","Waibira",1.09594206011223,0.0287769784172662,0.142446043165468
"4950","300860b","Action_38","Morph_77","TRS","Groom","Present","Present.3","Waibira",0.958967006154591,0.041726618705036,0.142446043165468
"4951","300775","Action_38","Morph_78","TRS","Groom","Present","Present.4","Waibira",1.25988043626423,0.0287769784172662,0.142446043165468
"4952","300859","Action_38","Morph_76","TRS","Directattention","Present","Present.2","Waibira",0.617884696059398,0.0251798561151079,0.142446043165468
"4953","300716","Action_57","Morph_115","TRS","Moveaway","Stompobject","StompObject.1","Waibira",-0.830113035633103,0.020863309352518,0.0258992805755396
"4954","300014","Action_13","Morph_27","TRS","Moveaway","Fling","Fling.1","Waibira",0.0953101798043249,0.0165467625899281,0.0172661870503597
"4955","300876","Action_2","Morph_5","TRS","Groom","Bigloudscratch","BigLoudScratch.3","Waibira",0.542324290825362,0.0424460431654676,0.215827338129496
"4956","300433a","Action_45","Morph_100","TRS","Affiliation","Reach","Reach.1","Waibira",-0.76142602131324,0.0827338129496403,0.097841726618705
"4957","300433a","Action_45","Morph_100","TRS","Affiliation","Reach","Reach.1","Waibira",-1.67664666212755,0.0827338129496403,0.097841726618705
"4958","300191","Action_38","Morph_78","TRS","Directattention","Present","Present.4","Waibira",0.471876873627416,0.0287769784172662,0.142446043165468
"4959","300190","Action_38","Morph_78","TRS","Groom","Present","Present.4","Waibira",1.33447461239009,0.0287769784172662,0.142446043165468
"4960","300433a","Action_45","Morph_102","TRS","Affiliation","Reach","Reach.3","Waibira",-0.117658043468232,0.00575539568345324,0.097841726618705
"4961","300178","Action_63","Morph_132","URS","Affiliation","Touch","Touch.1","Waibira",0.836381348645853,0.0179856115107914,0.0669064748201439
"4962","300453b","Action_63","Morph_135","URS","Affiliation","Touch","Touch.4","Waibira",0.187309098304994,0.00935251798561151,0.0669064748201439
"4963","300169","Action_47","Morph_103","URS","Sexualattention","Rockingsit","Rocking.1","Waibira",1.97449760590723,0.00863309352517986,0.00863309352517986
"4964","300260b","Action_23","Morph_47","URS","Affiliation","Hittingother","HitOther.3","Waibira",0.0535407669280298,0.00719424460431655,0.00719424460431655
"4965","300024a","Action_2","Morph_3","URS","Groom","Bigloudscratch","BigLoudScratch.1","Waibira",1.1718627504077,0.0928057553956834,0.215827338129496
"4966","300025","Action_38","Morph_75","URS","Directattention","Present","Present.1","Waibira",0.718327479090244,0.0330935251798561,0.142446043165468
"4967","300762","Action_60","Morph_127","URS","Sexualattention","Swing","Swing.1","Waibira",0.53062825106217,0.0165467625899281,0.0172661870503597
"4968","300414","Action_2","Morph_5","URS","Groom","Bigloudscratch","BigLoudScratch.3","Waibira",0.908258560176891,0.0424460431654676,0.215827338129496
"4969","300372a","Action_2","Morph_3","URS","Groom","Bigloudscratch","BigLoudScratch.1","Waibira",0.364643113587909,0.0928057553956834,0.215827338129496
"4970","300369","Action_59","Morph_124","URS","Staysame","Stroke","Stroke.1","Waibira",0.65232518603969,0.00143884892086331,0.00575539568345324
"4971","300419","Action_2","Morph_3","URS","Groom","Bigloudscratch","BigLoudScratch.1","Waibira",0.518198378095404,0.0928057553956834,0.215827338129496
"4972","300420","Action_2","Morph_4","URS","Directattention","Bigloudscratch","BigLoudScratch.2","Waibira",0.672944473242426,0.0431654676258993,0.215827338129496
"4973","300420","Action_38","Morph_76","URS","Directattention","Present","Present.2","Waibira",1.6440325571986,0.0251798561151079,0.142446043165468
"4974","300419","Action_2","Morph_3","URS","Groom","Bigloudscratch","BigLoudScratch.1","Waibira",0.336472236621213,0.0928057553956834,0.215827338129496
"4975","300166","Action_39","Morph_82","VET","Sexualattention","Presentgenitalsbackwards","PresentGenitals.1","Waibira",0.249201085633499,0.0474820143884892,0.0402877697841727
"4976","300171","Action_38","Morph_75","VET","Directattention","Present","Present.1","Waibira",0.882527101721346,0.0330935251798561,0.142446043165468
"4977","280173a","Action_63","Morph_133","TUA","Groom","Touch","Touch.2","Bossou",1.20627016337462,0.00805585392051558,0.0429645542427497
"4978","280173a","Action_63","Morph_133","TUA","Groom","Touch","Touch.2","Bossou",0.791180920831311,0.00805585392051558,0.0429645542427497
"4979","280399a","Action_60","Morph_128","NA_chimp","Play","Swing","Swing.2","Bossou",-0.147340587898709,0.0037593984962406,0.0370569280343716
"4980","280399a","Action_8","Morph_19","NA_chimp","Play","Dangle","Dangle.1","Bossou",0.790727508898809,0.0257787325456498,0.0257787325456498
"4981","280399a","Action_9","Morph_20","NA_chimp","Play","Dangleshake","DangleShake.1","Bossou",1.30995312786317,0.00268528464017186,0.00268528464017186
"4982","280399a","Action_17","Morph_39","NA_chimp","Play","Hitobject","HitObject.1","Bossou",-0.462035459596559,0.0327604726100967,0.0408163265306122
"4983","280399a","Action_60","Morph_127","NA_chimp","Play","Swing","Swing.1","Bossou",0.0870947068509337,0.0306122448979592,0.0370569280343716
"4984","280055a","Action_17","Morph_39","FOKAIYE","Sociosexualattention","Hitobject","HitObject.1","Bossou",0.181487876045377,0.0327604726100967,0.0408163265306122
"4985","280055a","Action_17","Morph_39","FOKAIYE","Sociosexualattention","Hitobject","HitObject.1","Bossou",-0.426178149705706,0.0327604726100967,0.0408163265306122
"4986","280055a","Action_21","Morph_42","FOKAIYE","Sociosexualattention","Hittingobject","HitObject.4","Bossou",-0.185125484126689,0.00590762620837809,0.0118152524167562
"4987","280055a","Action_57","Morph_115","FOKAIYE","Sociosexualattention","Stompobject","StompObject.1","Bossou",-0.632993257740198,0.0150375939849624,0.0236305048335124
"4988","280055a","Action_21","Morph_42","FOKAIYE","Sociosexualattention","Hittingobject","HitObject.4","Bossou",-0.642454066244427,0.00590762620837809,0.0118152524167562
"4989","280043","Action_38","Morph_75","FOTAIU","Groom","Present","Present.1","Bossou",1.39846993705002,0.0150375939849624,0.0596133190118153
"4990","280043","Action_2","Morph_4","FOTAIU","Groom","Bigloudscratch","BigLoudScratch.2","Bossou",0.668342061640974,0.0150375939849624,0.0241675617615467
"4991","280528b","Action_13","Morph_28","JIRE","Stopbehaviour","Fling","Fling.2","Bossou",-1.20064501423326,0.0209452201933405,0.0773361976369495
"4992","280467","Action_41","Morph_86","TUA","Position","Pull","Pull.3","Bossou",0.33718626735487,0.00698174006444683,0.0177228786251343
"4993","280567","Action_14","Morph_31","YOLO","Play","Grab","Grab.3","Bossou",0.501986675098786,0.00805585392051558,0.023093447905478
"4994","280284","Action_13","Morph_27","KAI","Moveaway","Fling","Fling.1","Bossou",-0.825536368605691,0.056390977443609,0.0773361976369495
"4995","280284","Action_57","Morph_120","KAI","Moveaway","Stompobject","StompObject.6","Bossou",-0.49758039701597,0.00107411385606874,0.0236305048335124
"4996","280428b","Action_60","Morph_127","FOTAIU","Moveaway","Swing","Swing.1","Bossou",-0.627359440021942,0.0306122448979592,0.0370569280343716
"4997","280194b","Action_38","Morph_79","KAI","Affiliation","Present","Present.5","Bossou",0.646055573026095,0.0134264232008593,0.0596133190118153
"4998","280058","Action_13","Morph_28","VUAVUA","Moveaway","Fling","Fling.2","Bossou",-0.832409247893453,0.0209452201933405,0.0773361976369495
"4999","280408","Action_1","Morph_1","YO","Affiliation","Beckon","Beckon.1","Bossou",-0.0470916075338506,0.00966702470461869,0.0123523093447905
"5000","280408","Action_4","Morph_13","YO","Affiliation","Bitekiss","Bite.5","Bossou",0.948176920736477,0.0075187969924812,0.0306122448979592
"5001","280539","Action_43","Morph_96","POKURU","Sexualattention","Raise","Raise.1","Bossou",1.09961178900119,0.0268528464017186,0.0349087003222342
"5002","280539","Action_54","Morph_114","POKURU","Sexualattention","Stancebipedal","StanceBipedal.1","Bossou",1.16408787062702,0.0171858216970999,0.0171858216970999
"5003","280050","Action_57","Morph_115","JEJE","Play","Stompobject","StompObject.1","Bossou",-0.433864582629862,0.0150375939849624,0.0236305048335124
"5004","280050","Action_55","Morph_116","JEJE","Play","Stompingobject","StompObject.2","Bossou",-0.202116184122134,0.00912996777658432,0.0150375939849624
"5005","280050","Action_17","Morph_39","JEJE","Play","Hitobject","HitObject.1","Bossou",-0.7339691750802,0.0327604726100967,0.0408163265306122
"5006","280132","Action_34","Morph_69","FOTAIU","Staysame","Objectshake","ObjectShake.5","Bossou",2.01476967831925,0.000537056928034372,0.014500537056928
"5007","280596","Action_42","Morph_92","JIRE","Position","Push","Push.5","Bossou",0.360467742177429,0.00644468313641246,0.0596133190118153
"5008","280393","Action_38","Morph_76","FANA","Groom","Present","Present.2","Bossou",0.970778917158225,0.00590762620837809,0.0596133190118153
"5009","280614a","Action_50","Morph_107","JEJE","Affiliation","Shake","Shake.1","Bossou",1.26327891022334,0.0139634801288937,0.0343716433941998
"5010","280614a","Action_50","Morph_107","JEJE","Affiliation","Shake","Shake.1","Bossou",-0.309246250367621,0.0139634801288937,0.0343716433941998
"5011","280614a","Action_50","Morph_107","JEJE","Affiliation","Shake","Shake.1","Bossou",-0.455706324544911,0.0139634801288937,0.0343716433941998
"5012","280597","Action_45","Morph_101","JEJE","Giveme","Reach","Reach.2","Bossou",-0.104250021373799,0.027389903329753,0.0719656283566058
"5013","280597","Action_63","Morph_132","JEJE","Giveme","Touch","Touch.1","Bossou",0.0344014267173323,0.00859291084854995,0.0429645542427497
"5014","280392","Action_38","Morph_79","FANA","Groom","Present","Present.5","Bossou",2.44590591243827,0.0134264232008593,0.0596133190118153
"5015","280133","Action_39","Morph_82","VEVE","Sexualattention","Presentgenitalsbackwards","PresentGenitals.1","Bossou",0.740984509974105,0.0354457572502685,0.0290010741138561
"5016","280640a","Action_45","Morph_101","JIRE","Affiliation","Reach","Reach.2","Bossou",-0.141563564321787,0.027389903329753,0.0719656283566058
"5017","280640a","Action_15","Morph_35","JIRE","Affiliation","Grabhold","GrabHold.1","Bossou",1.37901795214911,0.00214822771213749,0.0037593984962406
"5018","280397a","Action_45","Morph_100","YUNRO","Affiliation","Reach","Reach.1","Bossou",0.551007413398823,0.0435016111707841,0.0719656283566058
"5019","280397a","Action_45","Morph_100","YUNRO","Affiliation","Reach","Reach.1","Bossou",0.288931291852213,0.0435016111707841,0.0719656283566058
"5020","280045","Action_20","Morph_45","FOKAIYE","Playcontinue","Hitother","HitOther.1","Bossou",-0.391562202939173,0.0263157894736842,0.0402792696025779
"5021","280538","Action_50","Morph_107","YOLO","Sexualattention","Shake","Shake.1","Bossou",0.0648509723196163,0.0139634801288937,0.0343716433941998
"5022","280283a","Action_34","Morph_65","VUI","Sexualattention","Objectshake","ObjectShake.1","Bossou",2.49204775793937,0.00966702470461869,0.014500537056928
"5023","280229b","Action_45","Morph_101","PILI","Affiliation","Reach","Reach.2","Bossou",0.194744076792512,0.027389903329753,0.0719656283566058
"5024","280348b","Action_39","Morph_82","YO","Sexualattention","Presentgenitalsbackwards","PresentGenitals.1","Bossou",0.0382587121170903,0.0354457572502685,0.0290010741138561
"5025","280404","Action_15","Morph_35","YUNRO","Play","Grabhold","GrabHold.1","Bossou",0.970778917158225,0.00214822771213749,0.0037593984962406
"5026","280476a","Action_13","Morph_27","YOLO","Play","Fling","Fling.1","Bossou",0.0806579030174545,0.056390977443609,0.0773361976369495
"5027","280639","Action_20","Morph_45","FOTAIU","Stopbehaviour","Hitother","HitOther.1","Bossou",-0.404965233066513,0.0263157894736842,0.0402792696025779
"5028","280239","Action_13","Morph_27","JIRE","Stopbehaviour","Fling","Fling.1","Bossou",-0.510825623765991,0.056390977443609,0.0773361976369495
"5029","280543","Action_38","Morph_80","YOLO","Sexualattention","Present","Present.6","Bossou",1.59025509301733,0.00322234156820623,0.0596133190118153
"5030","280466","Action_41","Morph_85","TUA","Position","Pull","Pull.2","Bossou",0.668854487990901,0.00322234156820623,0.0177228786251343
"5031","280352a","Action_45","Morph_101","NA_chimp","Affiliation","Reach","Reach.2","Bossou",-0.569161200778954,0.027389903329753,0.0719656283566058
"5032","280352a","Action_64","Morph_132","NA_chimp","Affiliation","Touchlongother","Touch.1","Bossou",1.76026880213668,0.00859291084854995,0.0112781954887218
"5033","280107","Action_64","Morph_136","VUAVUA","Stopbehaviour","Touchlongother","Touch.5","Bossou",1.2963696535919,0.00214822771213749,0.0112781954887218
"5034","280107","Action_63","Morph_136","VUAVUA","Stopbehaviour","Touch","Touch.5","Bossou",-0.403467105445491,0.00214822771213749,0.0429645542427497
"5035","280020","Action_39","Morph_82","VELU","Sexualattention","Presentgenitalsbackwards","PresentGenitals.1","Bossou",0.126632650933366,0.0354457572502685,0.0290010741138561
"5036","280449","Action_20","Morph_45","YOLO","Play","Hitother","HitOther.1","Bossou",0.017839918128331,0.0263157894736842,0.0402792696025779
"5037","280608","Action_38","Morph_77","KAI","Groom","Present","Present.3","Bossou",1.0064969997603,0.0166487647690655,0.0596133190118153
"5038","280637","Action_45","Morph_100","FANA","Climbonme","Reach","Reach.1","Bossou",0.969262616640261,0.0435016111707841,0.0719656283566058
"5039","280399b","Action_8","Morph_19","YUNRO","Play","Dangle","Dangle.1","Bossou",0.527682740832414,0.0257787325456498,0.0257787325456498
"5040","280173b","Action_39","Morph_82","JIRE","Affiliation","Presentgenitalsbackwards","PresentGenitals.1","Bossou",0.699129252237493,0.0354457572502685,0.0290010741138561
"5041","280173b","Action_39","Morph_82","JIRE","Affiliation","Presentgenitalsbackwards","PresentGenitals.1","Bossou",0.760338430100268,0.0354457572502685,0.0290010741138561
"5042","280362","Action_38","Morph_75","PAMA","Groom","Present","Present.1","Bossou",0.783901543828409,0.0150375939849624,0.0596133190118153
"5043","280564","Action_45","Morph_100","YOLO","Giveme","Reach","Reach.1","Bossou",-0.202116184122134,0.0435016111707841,0.0719656283566058
"5044","280564","Action_64","Morph_132","YOLO","Giveme","Touchlongother","Touch.1","Bossou",1.03673688495002,0.00859291084854995,0.0112781954887218
"5045","280470","Action_42","Morph_94","TUA","Position","Push","Push.7","Bossou",0.742889272454759,0.00107411385606874,0.0596133190118153
"5046","280428a","Action_20","Morph_45","VUAVUA","Play","Hitother","HitOther.1","Bossou",0.0334347760862374,0.0263157894736842,0.0402792696025779
"5047","280428a","Action_20","Morph_45","VUAVUA","Play","Hitother","HitOther.1","Bossou",-0.567395975254385,0.0263157894736842,0.0402792696025779
"5048","280198b","Action_20","Morph_45","VUI","Stopbehaviour","Hitother","HitOther.1","Bossou",-0.457284856837961,0.0263157894736842,0.0402792696025779
"5049","280194a","Action_50","Morph_107","NA_chimp","Affiliation","Shake","Shake.1","Bossou",1.41220574290439,0.0139634801288937,0.0343716433941998
"5050","280194a","Action_35","Morph_70","NA_chimp","Affiliation","Out","Out.1","Bossou",0.0834216081390724,0.0102040816326531,0.0150375939849624
"5051","280194a","Action_42","Morph_88","NA_chimp","Affiliation","Push","Push.1","Bossou",-0.908818717035454,0.0128893662728249,0.0596133190118153
"5052","280194a","Action_36","Morph_73","NA_chimp","Affiliation","Overstance","OverStance.2","Bossou",0.536493370514568,0.00483351235230934,0.0134264232008593
"5053","280047","Action_38","Morph_77","PAMA","Groom","Present","Present.3","Bossou",1.89416562505944,0.0166487647690655,0.0596133190118153
"5054","280036","Action_64","Morph_140","YOLO","Affiliation","Touchlongother","Touch.9","Bossou",1.07226831332851,0.00698174006444683,0.0112781954887218
"5055","280580a","Action_20","Morph_45","FANLE","Play","Hitother","HitOther.1","Bossou",-0.221894331913778,0.0263157894736842,0.0402792696025779
"5056","280580a","Action_43","Morph_96","FANLE","Play","Raise","Raise.1","Bossou",-0.265268477614881,0.0268528464017186,0.0349087003222342
"5057","280594","Action_42","Morph_91","JIRE","Moveaway","Push","Push.4","Bossou",-0.0682788407532944,0.00805585392051558,0.0596133190118153
"5058","280046","Action_13","Morph_27","FOKAIYE","Stopbehaviour","Fling","Fling.1","Bossou",-0.0222456089473197,0.056390977443609,0.0773361976369495
"5059","280640b","Action_4","Morph_NA","VELU","Affiliation","Bitekiss",NA,"Bossou",1.09961178900119,0.0365198711063373,0.0306122448979592
"5060","280397b","Action_63","Morph_NA","JIRE","Affiliation","Touch",NA,"Bossou",0.494696241836107,0.0365198711063373,0.0429645542427497
"5061","280283b","Action_39","Morph_82","NINA","Sexualattention","Presentgenitalsbackwards","PresentGenitals.1","Bossou",1.27396517614597,0.0354457572502685,0.0290010741138561
"5062","280348a","Action_35","Morph_70","NA_chimp","Sexualattention","Out","Out.1","Bossou",-0.214431610712188,0.0102040816326531,0.0150375939849624
"5063","280279","Action_38","Morph_75","NINA","Groom","Present","Present.1","Bossou",0.882527101721346,0.0150375939849624,0.0596133190118153
"5064","280476b","Action_60","Morph_127","FOTAIU","Play","Swing","Swing.1","Bossou",0.0334347760862374,0.0306122448979592,0.0370569280343716
"5065","280626","Action_13","Morph_27","FANLE","Stopbehaviour","Fling","Fling.1","Bossou",-0.510825623765991,0.056390977443609,0.0773361976369495
"5066","280417","Action_42","Morph_89","FANA","Affiliation","Push","Push.2","Bossou",0.178146185383474,0.00537056928034372,0.0596133190118153
"5067","280417","Action_49","Morph_NA","FANA","Affiliation","Rub",NA,"Bossou",1.83625470911461,0.0365198711063373,0.00268528464017186
"5068","280521","Action_40","Morph_82","FANWA","Sexualattention","Presentgenitalsforwards","PresentGenitals.1","Bossou",0.727065398763406,0.0354457572502685,0.00859291084854995
"5069","280471","Action_38","Morph_77","NINA","Groom","Present","Present.3","Bossou",1.09961178900119,0.0166487647690655,0.0596133190118153
"5070","280256","Action_63","Morph_132","KAI","Stopbehaviour","Touch","Touch.1","Bossou",0.27002713721306,0.00859291084854995,0.0429645542427497
"5071","280352b","Action_45","Morph_101","JIRE","Affiliation","Reach","Reach.2","Bossou",0.0363319292473902,0.027389903329753,0.0719656283566058
"5072","280063","Action_41","Morph_84","JIRE","Position","Pull","Pull.1","Bossou",0.930193637043147,0.0037593984962406,0.0177228786251343
"5073","280616","Action_46","Morph_103","JEJE","Sexualattention","Rockingbipedal","Rocking.1","Bossou",0.569848964215452,0.00322234156820623,0.00214822771213749
"5074","280616","Action_50","Morph_107","JEJE","Sexualattention","Shake","Shake.1","Bossou",-0.404965233066513,0.0139634801288937,0.0343716433941998
"5075","280233b","Action_13","Morph_27","VUAVUA","Affiliation","Fling","Fling.1","Bossou",-0.325730140089311,0.056390977443609,0.0773361976369495
"5076","280609","Action_38","Morph_77","FANA","Takeobjectnurse","Present","Present.3","Bossou",0.719302138036796,0.0166487647690655,0.0596133190118153
"5077","280526b","Action_4","Morph_NA","FANA","Affiliation","Bitekiss",NA,"Bossou",1.63022045161663,0.0365198711063373,0.0306122448979592
"5078","280184b","Action_60","Morph_127","FOTAIU","Stopbehaviour","Swing","Swing.1","Bossou",0.115112807100505,0.0306122448979592,0.0370569280343716
"5079","280574b","Action_20","Morph_49","FANLE","Stopbehaviour","Hitother","HitOther.5","Bossou",-0.0325231917055601,0.00268528464017186,0.0402792696025779
"5080","280574b","Action_60","Morph_127","FANLE","Stopbehaviour","Swing","Swing.1","Bossou",-0.263965545834465,0.0306122448979592,0.0370569280343716
"5081","280329a","Action_63","Morph_138","YO","Affiliation","Touch","Touch.7","Bossou",0.434376451602584,0.0107411385606874,0.0429645542427497
"5082","280557","Action_38","Morph_77","JIRE","Climbonme","Present","Present.3","Bossou",0.710495818894558,0.0166487647690655,0.0596133190118153
"5083","280403","Action_20","Morph_45","YUNRO","Play","Hitother","HitOther.1","Bossou",-0.147340587898709,0.0263157894736842,0.0402792696025779
"5084","280221","Action_4","Morph_10","JIRE","Affiliation","Bitekiss","Bite.2","Bossou",1.79873508296448,0.0128893662728249,0.0306122448979592
"5085","280477b","Action_20","Morph_45","YOLO","Play","Hitother","HitOther.1","Bossou",-1.04982212449868,0.0263157894736842,0.0402792696025779
"5086","280461","Action_38","Morph_77","YO","Groom","Present","Present.3","Bossou",0.812262661450107,0.0166487647690655,0.0596133190118153
"5087","280625","Action_13","Morph_28","JIRE","Stopbehaviour","Fling","Fling.2","Bossou",-0.627359440021942,0.0209452201933405,0.0773361976369495
"5088","280349a","Action_5","Morph_17","NA_chimp","Sexualattention","Bounce","Bounce.1","Bossou",0.347129531095201,0.0204081632653061,0.0204081632653061
"5089","280349a","Action_54","Morph_114","NA_chimp","Sexualattention","Stancebipedal","StanceBipedal.1","Bossou",0.42853038103916,0.0171858216970999,0.0171858216970999
"5090","280424b","Action_20","Morph_45","NTO","Stopbehaviour","Hitother","HitOther.1","Bossou",-1.09961278900169,0.0263157894736842,0.0402792696025779
"5091","280025b","Action_1","Morph_1","PELEY","Play","Beckon","Beckon.1","Bossou",-0.50916034444693,0.00966702470461869,0.0123523093447905
"5092","280025b","Action_60","Morph_127","PELEY","Play","Swing","Swing.1","Bossou",-0.0335567835288428,0.0306122448979592,0.0370569280343716
"5093","280025b","Action_51","Morph_111","PELEY","Play","Spinpirouette","SpinPirouette.1","Bossou",-0.834710744881732,0.00322234156820623,0.00322234156820623
"5094","280025b","Action_23","Morph_48","PELEY","Play","Hittingother","HitOther.4","Bossou",0.0962188577405429,0.00429645542427497,0.00483351235230934
"5095","280056","Action_38","Morph_81","FOTAIU","Climbonme","Present","Present.7","Bossou",2.08318452795867,0.00214822771213749,0.0596133190118153
"5096","280641b","Action_49","Morph_106","FOKAIYE","Affiliation","Rub","Rub.3","Bossou",1.15341608070878,0.00161117078410311,0.00268528464017186
"5097","280072","Action_41","Morph_85","PELEY","Play","Pull","Pull.2","Bossou",0.202124184090134,0.00322234156820623,0.0177228786251343
"5098","280566b","Action_42","Morph_93","YO","Stopbehaviour","Push","Push.6","Bossou",0.710987098688276,0.00805585392051558,0.0596133190118153
"5099","280581a","Action_45","Morph_100","FANLE","Playcontinue","Reach","Reach.1","Bossou",-0.404965233066513,0.0435016111707841,0.0719656283566058
"5100","280615b","Action_13","Morph_27","PELEY","Moveaway","Fling","Fling.1","Bossou",-0.567395975254385,0.056390977443609,0.0773361976369495
"5101","280266a","Action_54","Morph_114","NTO","Affiliation","Stancebipedal","StanceBipedal.1","Bossou",1.54415244573547,0.0171858216970999,0.0171858216970999
"5102","280266a","Action_60","Morph_129","NTO","Affiliation","Swing","Swing.3","Bossou",-0.0110609473594249,0.00214822771213749,0.0370569280343716
"5103","280266a","Action_4","Morph_10","NTO","Affiliation","Bitekiss","Bite.2","Bossou",0.112435429329788,0.0128893662728249,0.0306122448979592
"5104","280498","Action_38","Morph_77","FANA","Climbonme","Present","Present.3","Bossou",1.6463482664542,0.0166487647690655,0.0596133190118153
"5105","280524","Action_38","Morph_78","FANA","Directattention","Present","Present.4","Bossou",1.18448412774207,0.00214822771213749,0.0596133190118153
"5106","280220","Action_8","Morph_19","YOLO","Play","Dangle","Dangle.1","Bossou",0.832909122935104,0.0257787325456498,0.0257787325456498
"5107","280560","Action_38","Morph_77","FOTAIU","Moveclose","Present","Present.3","Bossou",0.85526603003638,0.0166487647690655,0.0596133190118153
"5108","280560","Action_45","Morph_100","FOTAIU","Moveclose","Reach","Reach.1","Bossou",1.50118432699385,0.0435016111707841,0.0719656283566058
"5109","280551","Action_41","Morph_85","YOLO","Stopbehaviour","Pull","Pull.2","Bossou",0.531804030151182,0.00322234156820623,0.0177228786251343
"5110","280551","Action_60","Morph_127","YOLO","Stopbehaviour","Swing","Swing.1","Bossou",-0.0682788407532944,0.0306122448979592,0.0370569280343716
"5111","280191","Action_13","Morph_28","JIRE","Moveaway","Fling","Fling.2","Bossou",-0.916290731874155,0.0209452201933405,0.0773361976369495
"5112","280044","Action_38","Morph_75","FOTAIU","Directattention","Present","Present.1","Bossou",1.48952761576154,0.0150375939849624,0.0596133190118153
"5113","280370","Action_2","Morph_4","JIRE","Travel","Bigloudscratch","BigLoudScratch.2","Bossou",0.276873873735178,0.0150375939849624,0.0241675617615467
"5114","280370","Action_45","Morph_100","JIRE","Travel","Reach","Reach.1","Bossou",-0.156653810045377,0.0435016111707841,0.0719656283566058
"5115","280649","Action_1","Morph_1","FANLE","Play","Beckon","Beckon.1","Bossou",-0.693147180559945,0.00966702470461869,0.0123523093447905
"5116","280148a","Action_8","Morph_19","FANLE","Play","Dangle","Dangle.1","Bossou",1.04556306757829,0.0257787325456498,0.0257787325456498
"5117","280148a","Action_17","Morph_39","FANLE","Play","Hitobject","HitObject.1","Bossou",-0.867500567704723,0.0327604726100967,0.0408163265306122
"5118","280148a","Action_17","Morph_39","FANLE","Play","Hitobject","HitObject.1","Bossou",-0.703197516413447,0.0327604726100967,0.0408163265306122
"5119","280526a","Action_4","Morph_NA","YO","Affiliation","Bitekiss",NA,"Bossou",1.70583840672042,0.0365198711063373,0.0306122448979592
"5120","280184a","Action_45","Morph_101","NINA","Moveaway","Reach","Reach.2","Bossou",0.797056643950457,0.027389903329753,0.0719656283566058
"5121","280219","Action_38","Morph_75","JIRE","Groom","Present","Present.1","Bossou",1.86408013080768,0.0150375939849624,0.0596133190118153
"5122","280064","Action_41","Morph_86","JIRE","Stopbehaviour","Pull","Pull.3","Bossou",1.07295254188753,0.00698174006444683,0.0177228786251343
"5123","280339","Action_38","Morph_76","NINA","Directattention","Present","Present.2","Bossou",1.01123720918311,0.00590762620837809,0.0596133190118153
"5124","280329b","Action_63","Morph_138","PAMA","Affiliation","Touch","Touch.7","Bossou",0.341459778132252,0.0107411385606874,0.0429645542427497
"5125","280401","Action_8","Morph_19","NA_chimp","Playcontinue","Dangle","Dangle.1","Bossou",0.486737828236901,0.0257787325456498,0.0257787325456498
"5126","280374","Action_45","Morph_100","JIRE","Affiliation","Reach","Reach.1","Bossou",0.210260925483196,0.0435016111707841,0.0719656283566058
"5127","280364","Action_13","Morph_27","FANA","Moveaway","Fling","Fling.1","Bossou",-0.50916034444693,0.056390977443609,0.0773361976369495
"5128","280375","Action_38","Morph_80","FOAF","Groom","Present","Present.6","Bossou",0.291175961706037,0.00322234156820623,0.0596133190118153
"5129","280025a","Action_42","Morph_93","FANLE","Stopbehaviour","Push","Push.6","Bossou",0.155292884406035,0.00805585392051558,0.0596133190118153
"5130","280025a","Action_43","Morph_96","FANLE","Stopbehaviour","Raise","Raise.1","Bossou",-0.309246250367621,0.0268528464017186,0.0349087003222342
"5131","280025a","Action_20","Morph_45","FANLE","Stopbehaviour","Hitother","HitOther.1","Bossou",-0.567395975254385,0.0263157894736842,0.0402792696025779
"5132","280025a","Action_13","Morph_27","FANLE","Stopbehaviour","Fling","Fling.1","Bossou",-0.693147180559945,0.056390977443609,0.0773361976369495
"5133","280025a","Action_15","Morph_35","FANLE","Stopbehaviour","Grabhold","GrabHold.1","Bossou",1.01884732019925,0.00214822771213749,0.0037593984962406
"5134","280424a","Action_63","Morph_138","NA_chimp","Play","Touch","Touch.7","Bossou",-0.331285709933913,0.0107411385606874,0.0429645542427497
"5135","280424a","Action_45","Morph_100","NA_chimp","Play","Reach","Reach.1","Bossou",0.531804030151182,0.0435016111707841,0.0719656283566058
"5136","280424a","Action_14","Morph_31","NA_chimp","Play","Grab","Grab.3","Bossou",-0.95711272639441,0.00805585392051558,0.023093447905478
"5137","280424a","Action_41","Morph_86","NA_chimp","Play","Pull","Pull.3","Bossou",0.349247428109936,0.00698174006444683,0.0177228786251343
"5138","280373","Action_20","Morph_45","JIRE","Stopbehaviour","Hitother","HitOther.1","Bossou",-0.76142602131324,0.0263157894736842,0.0402792696025779
"5139","280373","Action_14","Morph_29","JIRE","Stopbehaviour","Grab","Grab.1","Bossou",-0.265268477614881,0.0037593984962406,0.023093447905478
"5140","280641a","Action_39","Morph_82","VELU","Affiliation","Presentgenitalsbackwards","PresentGenitals.1","Bossou",0.833778310299691,0.0354457572502685,0.0290010741138561
"5141","280369","Action_38","Morph_79","FOAF","Groom","Present","Present.5","Bossou",0.976444654693902,0.0134264232008593,0.0596133190118153
"5142","280581b","Action_45","Morph_100","JEJE","Playcontinue","Reach","Reach.1","Bossou",-0.221894331913778,0.0435016111707841,0.0719656283566058
"5143","280071","Action_41","Morph_86","JIRE","Position","Pull","Pull.3","Bossou",1.03709143201986,0.00698174006444683,0.0177228786251343
"5144","280137","Action_45","Morph_100","JEJE","Giveme","Reach","Reach.1","Bossou",1.55709143206189,0.0435016111707841,0.0719656283566058
"5145","280593","Action_5","Morph_17","YOLO","Sociosexualattention","Bounce","Bounce.1","Bossou",0.750944279286162,0.0204081632653061,0.0204081632653061
"5146","280593","Action_43","Morph_96","YOLO","Sociosexualattention","Raise","Raise.1","Bossou",-0.331285709933913,0.0268528464017186,0.0349087003222342
"5147","280136","Action_39","Morph_82","VEVE","Sexualattention","Presentgenitalsbackwards","PresentGenitals.1","Bossou",0.839409687538197,0.0354457572502685,0.0290010741138561
"5148","280070","Action_38","Morph_79","JIRE","Directattention","Present","Present.5","Bossou",0.945461109173935,0.0134264232008593,0.0596133190118153
"5149","280266b","Action_4","Morph_10","YO","Affiliation","Bitekiss","Bite.2","Bossou",0.427226599889677,0.0128893662728249,0.0306122448979592
"5150","280266b","Action_11","Morph_23","YO","Affiliation","Embrace","Embrace.2","Bossou",0.431782416425538,0.00268528464017186,0.00859291084854995
"5151","280195b","Action_54","Morph_114","JIRE","Moveaway","Stancebipedal","StanceBipedal.1","Bossou",0.83116847845732,0.0171858216970999,0.0171858216970999
"5152","280606","Action_63","Morph_140","FANA","Affiliation","Touch","Touch.9","Bossou",0.819339205797705,0.00698174006444683,0.0429645542427497
"5153","280223","Action_38","Morph_75","JIRE","Groom","Present","Present.1","Bossou",0.706063405826492,0.0150375939849624,0.0596133190118153
"5154","280319","Action_42","Morph_92","YO","Climbonme","Push","Push.5","Bossou",0.802449915450395,0.00644468313641246,0.0596133190118153
"5155","280319","Action_42","Morph_88","YO","Climbonme","Push","Push.1","Bossou",1.27144451944095,0.0128893662728249,0.0596133190118153
"5156","280563","Action_45","Morph_101","PAMA","Giveme","Reach","Reach.2","Bossou",1.02460687535761,0.027389903329753,0.0719656283566058
"5157","280552","Action_43","Morph_96","JEJE","Sexualattention","Raise","Raise.1","Bossou",0.126632650933366,0.0268528464017186,0.0349087003222342
"5158","280192","Action_45","Morph_100","JIRE","Affiliation","Reach","Reach.1","Bossou",0.456158222423683,0.0435016111707841,0.0719656283566058
"5159","280400","Action_8","Morph_19","NA_chimp","Playcontinue","Dangle","Dangle.1","Bossou",1.70074007084089,0.0257787325456498,0.0257787325456498
"5160","280338","Action_38","Morph_79","NINA","Groom","Present","Present.5","Bossou",1.00905221195547,0.0134264232008593,0.0596133190118153
"5161","280019","Action_38","Morph_79","PELEY","Staysame","Present","Present.5","Bossou",1.16408787062702,0.0134264232008593,0.0596133190118153
"5162","280148b","Action_33","Morph_61","JEJE","Play","Objectmove","ObjectMove.1","Bossou",0.590006421640432,0.0193340494092374,0.0349087003222342
"5163","280148b","Action_8","Morph_19","JEJE","Play","Dangle","Dangle.1","Bossou",1.45067662004916,0.0257787325456498,0.0257787325456498
"5164","280148b","Action_20","Morph_46","JEJE","Play","Hitother","HitOther.2","Bossou",-0.216913001563574,0.00805585392051558,0.0402792696025779
"5165","280579","Action_63","Morph_138","JEJE","Giveme","Touch","Touch.7","Bossou",1.19483114640865,0.0107411385606874,0.0429645542427497
"5166","280104","Action_13","Morph_28","TUA","Stopbehaviour","Fling","Fling.2","Bossou",-1.09362474715707,0.0209452201933405,0.0773361976369495
"5167","280286","Action_40","Morph_82","YOLO","Sexualattention","Presentgenitalsforwards","PresentGenitals.1","Bossou",1.22524493960148,0.0354457572502685,0.00859291084854995
"5168","280489","Action_42","Morph_90","TUA","Position","Push","Push.3","Bossou",1.1049256507247,0.0134264232008593,0.0596133190118153
"5169","280363a","Action_1","Morph_1","TUA","Sexualattention","Beckon","Beckon.1","Bossou",0.263133199530368,0.00966702470461869,0.0123523093447905
"5170","280269","Action_13","Morph_27","JIRE","Moveaway","Fling","Fling.1","Bossou",-0.339677367570161,0.056390977443609,0.0773361976369495
"5171","280586","Action_42","Morph_93","JIRE","Takeobjectnurse","Push","Push.6","Bossou",1.0064969997603,0.00805585392051558,0.0596133190118153
"5172","280053b","Action_8","Morph_19","PELEY","Play","Dangle","Dangle.1","Bossou",0.690142671539647,0.0257787325456498,0.0257787325456498
"5173","280053b","Action_8","Morph_19","PELEY","Play","Dangle","Dangle.1","Bossou",0.577175004307525,0.0257787325456498,0.0257787325456498
"5174","280053b","Action_8","Morph_19","PELEY","Play","Dangle","Dangle.1","Bossou",0.64814981462921,0.0257787325456498,0.0257787325456498
"5175","280096a","Action_20","Morph_45","FOTAIU","Stopbehaviour","Hitother","HitOther.1","Bossou",-0.147340587898709,0.0263157894736842,0.0402792696025779
"5176","280096a","Action_43","Morph_98","FOTAIU","Stopbehaviour","Raise","Raise.3","Bossou",1.1368710007852,0.00590762620837809,0.0349087003222342
"5177","280096a","Action_2","Morph_6","FOTAIU","Stopbehaviour","Bigloudscratch","BigLoudScratch.4","Bossou",0.509224342399017,0.00322234156820623,0.0241675617615467
"5178","280096a","Action_54","Morph_114","FOTAIU","Stopbehaviour","Stancebipedal","StanceBipedal.1","Bossou",1.19270961204723,0.0171858216970999,0.0171858216970999
"5179","280162","Action_38","Morph_75","VUAVUA","Groom","Present","Present.1","Bossou",2.86311474893915,0.0150375939849624,0.0596133190118153
"5180","280618b","Action_13","Morph_27","JIRE","Stopbehaviour","Fling","Fling.1","Bossou",-0.309246250367621,0.056390977443609,0.0773361976369495
"5181","280618b","Action_42","Morph_88","JIRE","Stopbehaviour","Push","Push.1","Bossou",-0.265268477614881,0.0128893662728249,0.0596133190118153
"5182","280618b","Action_41","Morph_86","JIRE","Stopbehaviour","Pull","Pull.3","Bossou",-0.627359440021942,0.00698174006444683,0.0177228786251343
"5183","280350","Action_42","Morph_93","JOKURO","Moveaway","Push","Push.6","Bossou",-0.556869562267398,0.00805585392051558,0.0596133190118153
"5184","280291","Action_38","Morph_75","YO","Groom","Present","Present.1","Bossou",1.61938824328727,0.0150375939849624,0.0596133190118153
"5185","280587a","Action_45","Morph_101","FANLE","Affiliation","Reach","Reach.2","Bossou",-0.331285709933913,0.027389903329753,0.0719656283566058
"5186","280587a","Action_43","Morph_96","FANLE","Affiliation","Raise","Raise.1","Bossou",-0.332679438382517,0.0268528464017186,0.0349087003222342
"5187","280587a","Action_13","Morph_27","FANLE","Affiliation","Fling","Fling.1","Bossou",-0.796287939479459,0.056390977443609,0.0773361976369495
"5188","280587a","Action_63","Morph_137","FANLE","Affiliation","Touch","Touch.6","Bossou",-0.18152187662339,0.00322234156820623,0.0429645542427497
"5189","280587a","Action_3","Morph_12","FANLE","Affiliation","Bite","Bite.4","Bossou",-0.309246250367621,0.00214822771213749,0.00644468313641246
"5190","280587a","Action_29","Morph_58","FANLE","Affiliation","Locomotegallop","LocomoteGallop.1","Bossou",0.223943231484774,0.0134264232008593,0.0134264232008593
"5191","280120","Action_45","Morph_100","FOTAIU","Affiliation","Reach","Reach.1","Bossou",0.70951253464621,0.0435016111707841,0.0719656283566058
"5192","280120","Action_64","Morph_138","FOTAIU","Affiliation","Touchlongother","Touch.7","Bossou",0.730442965303642,0.0107411385606874,0.0112781954887218
"5193","280517","Action_1","Morph_1","JIRE","Moveclose","Beckon","Beckon.1","Bossou",-0.141563564321787,0.00966702470461869,0.0123523093447905
"5194","280517","Action_1","Morph_1","JIRE","Moveclose","Beckon","Beckon.1","Bossou",0.0962188577405429,0.00966702470461869,0.0123523093447905
"5195","280517","Action_1","Morph_1","JIRE","Moveclose","Beckon","Beckon.1","Bossou",-0.404965233066513,0.00966702470461869,0.0123523093447905
"5196","280261a","Action_45","Morph_100","FOAF","Affiliation","Reach","Reach.1","Bossou",-0.122167633974208,0.0435016111707841,0.0719656283566058
"5197","280261a","Action_45","Morph_101","FOAF","Affiliation","Reach","Reach.2","Bossou",0.578297338881003,0.027389903329753,0.0719656283566058
"5198","280547a","Action_13","Morph_27","YOLO","Moveaway","Fling","Fling.1","Bossou",-0.76142602131324,0.056390977443609,0.0773361976369495
"5199","280547a","Action_3","Morph_16","YOLO","Moveaway","Bite","Bite.8","Bossou",-0.355247391947547,0.000537056928034372,0.00644468313641246
"5200","280418","Action_38","Morph_75","FOAF","Directattention","Present","Present.1","Bossou",0.978701991995552,0.0150375939849624,0.0596133190118153
"5201","280418","Action_63","Morph_140","JIRE","Affiliation","Touch","Touch.9","Bossou",0.943516718127747,0.00698174006444683,0.0429645542427497
"5202","280129","Action_45","Morph_100","JEJE","Giveme","Reach","Reach.1","Bossou",0.778866055962483,0.0435016111707841,0.0719656283566058
"5203","280605","Action_63","Morph_132","FANA","Climbonme","Touch","Touch.1","Bossou",0.427878702945064,0.00859291084854995,0.0429645542427497
"5204","280110","Action_40","Morph_82","TUA","Sexualattention","Presentgenitalsforwards","PresentGenitals.1","Bossou",1.4548871525855,0.0354457572502685,0.00859291084854995
"5205","280114a","Action_35","Morph_71","FOTAIU","Staysame","Out","Out.2","Bossou",-0.16369609267079,0.00429645542427497,0.0150375939849624
"5206","280114a","Action_42","Morph_90","FOTAIU","Staysame","Push","Push.3","Bossou",-0.901402119380404,0.0134264232008593,0.0596133190118153
"5207","280114a","Action_28","Morph_57","FOTAIU","Staysame","Locomotebipedal","LocomoteBipedal.2","Bossou",0.205386829724951,0.00429645542427497,0.0155746509129968
"5208","280344","Action_4","Morph_10","NINA","Affiliation","Bitekiss","Bite.2","Bossou",0.782987884559735,0.0128893662728249,0.0306122448979592
"5209","280371","Action_42","Morph_93","JIRE","Climbonme","Push","Push.6","Bossou",0.378436435720245,0.00805585392051558,0.0596133190118153
"5210","280371","Action_38","Morph_75","JIRE","Climbonme","Present","Present.1","Bossou",0.978326122793608,0.0150375939849624,0.0596133190118153
"5211","280561b","Action_4","Morph_NA","KAI","Affiliation","Bitekiss",NA,"Bossou",0.406797553341943,0.0365198711063373,0.0306122448979592
"5212","280214","Action_45","Morph_100","TUA","Stopbehaviour","Reach","Reach.1","Bossou",0.141499562273699,0.0435016111707841,0.0719656283566058
"5213","280249a","Action_38","Morph_79","YOLO","Play","Present","Present.5","Bossou",1.4443273923705,0.0134264232008593,0.0596133190118153
"5214","280249a","Action_14","Morph_29","YOLO","Play","Grab","Grab.1","Bossou",0.764537176646618,0.0037593984962406,0.023093447905478
"5215","280387a","Action_43","Morph_98","NA_chimp","Play","Raise","Raise.3","Bossou",-0.534435489405125,0.00590762620837809,0.0349087003222342
"5216","280387a","Action_13","Morph_27","NA_chimp","Play","Fling","Fling.1","Bossou",-0.805196684368568,0.056390977443609,0.0773361976369495
"5217","280387a","Action_57","Morph_115","NA_chimp","Play","Stompobject","StompObject.1","Bossou",-1.20731170559145,0.0150375939849624,0.0236305048335124
"5218","280111","Action_38","Morph_77","VELU","Groom","Present","Present.3","Bossou",0.708035793053696,0.0166487647690655,0.0596133190118153
"5219","280128","Action_45","Morph_100","JEJE","Giveme","Reach","Reach.1","Bossou",0.545227050483323,0.0435016111707841,0.0719656283566058
"5220","280602","Action_43","Morph_96","YOLO","Play","Raise","Raise.1","Bossou",0.276115436080316,0.0268528464017186,0.0349087003222342
"5221","280516","Action_13","Morph_27","JIRE","Moveaway","Fling","Fling.1","Bossou",-0.693147180559945,0.056390977443609,0.0773361976369495
"5222","280516","Action_13","Morph_28","JIRE","Moveaway","Fling","Fling.2","Bossou",-0.837017550979647,0.0209452201933405,0.0773361976369495
"5223","280121","Action_45","Morph_100","FOKAIYE","Affiliation","Reach","Reach.1","Bossou",-0.825536368605691,0.0435016111707841,0.0719656283566058
"5224","280121","Action_45","Morph_100","FOKAIYE","Affiliation","Reach","Reach.1","Bossou",-0.0954101848046582,0.0435016111707841,0.0719656283566058
"5225","280121","Action_23","Morph_47","FOKAIYE","Affiliation","Hittingother","HitOther.3","Bossou",0.890357349847651,0.000537056928034372,0.00483351235230934
"5226","280225","Action_36","Morph_NA","NINA","Affiliation","Overstance",NA,"Bossou",0.658555735790326,0.0365198711063373,0.0134264232008593
"5227","280035b","Action_17","Morph_40","FANLE","Play","Hitobject","HitObject.2","Bossou",-0.450985623409974,0.00483351235230934,0.0408163265306122
"5228","280035b","Action_20","Morph_45","FANLE","Play","Hitother","HitOther.1","Bossou",-1.22417551164346,0.0263157894736842,0.0402792696025779
"5229","280035b","Action_60","Morph_127","FANLE","Play","Swing","Swing.1","Bossou",-0.277071893339765,0.0306122448979592,0.0370569280343716
"5230","280035b","Action_1","Morph_1","FANLE","Play","Beckon","Beckon.1","Bossou",-0.640554730440775,0.00966702470461869,0.0123523093447905
"5231","280035b","Action_38","Morph_81","FANLE","Play","Present","Present.7","Bossou",0.909870164071232,0.00214822771213749,0.0596133190118153
"5232","280035b","Action_63","Morph_134","FANLE","Play","Touch","Touch.3","Bossou",-0.0171461588349705,0.00698174006444683,0.0429645542427497
"5233","280035b","Action_16","Morph_38","FANLE","Play","Headstand","HeadStand.1","Bossou",1.09794539968041,0.00161117078410311,0.00161117078410311
"5234","280035b","Action_14","Morph_31","FANLE","Play","Grab","Grab.3","Bossou",0.724645847619316,0.00805585392051558,0.023093447905478
"5235","280514","Action_39","Morph_82","JOYA","Sociosexualattention","Presentgenitalsbackwards","PresentGenitals.1","Bossou",0.570414415177648,0.0354457572502685,0.0290010741138561
"5236","280326b","Action_4","Morph_10","YO","Affiliation","Bitekiss","Bite.2","Bossou",2.12560922252484,0.0128893662728249,0.0306122448979592
"5237","280126","Action_38","Morph_81","FOTAIU","Climbonme","Present","Present.7","Bossou",1.8879783269686,0.00214822771213749,0.0596133190118153
"5238","280126","Action_38","Morph_75","FOTAIU","Climbonme","Present","Present.1","Bossou",1.09694423156741,0.0150375939849624,0.0596133190118153
"5239","280126","Action_2","Morph_3","FOTAIU","Climbonme","Bigloudscratch","BigLoudScratch.1","Bossou",1.02424787337925,0.00322234156820623,0.0241675617615467
"5240","280232","Action_38","Morph_79","VUAVUA","Affiliation","Present","Present.5","Bossou",1.11841491596429,0.0134264232008593,0.0596133190118153
"5241","280163","Action_50","Morph_108","JEJE","Play","Shake","Shake.2","Bossou",0.545806592661236,0.00214822771213749,0.0343716433941998
"5242","280334b","Action_42","Morph_93","JIRE","Takeobjectnurse","Push","Push.6","Bossou",0.755652385911342,0.00805585392051558,0.0596133190118153
"5243","280318","Action_42","Morph_88","FANA","Climbonme","Push","Push.1","Bossou",0.763605644208507,0.0128893662728249,0.0596133190118153
"5244","280619b","Action_63","Morph_133","JEJE","Affiliation","Touch","Touch.2","Bossou",0.470628434014578,0.00805585392051558,0.0429645542427497
"5245","280382a","Action_45","Morph_100","FOTAIU","Affiliation","Reach","Reach.1","Bossou",1.27088350960856,0.0435016111707841,0.0719656283566058
"5246","280268","Action_40","Morph_82","VUI","Sexualattention","Presentgenitalsforwards","PresentGenitals.1","Bossou",0.853137916868886,0.0354457572502685,0.00859291084854995
"5247","280268","Action_50","Morph_108","VUI","Sexualattention","Shake","Shake.2","Bossou",-0.173163619009189,0.00214822771213749,0.0343716433941998
"5248","280555","Action_4","Morph_NA","JEJE","Affiliation","Bitekiss",NA,"Bossou",1.24415459395877,0.0365198711063373,0.0306122448979592
"5249","280257b","Action_20","Morph_46","YOLO","Play","Hitother","HitOther.2","Bossou",-0.687165108882398,0.00805585392051558,0.0402792696025779
"5250","280578","Action_63","Morph_134","JEJE","Climbonyou","Touch","Touch.3","Bossou",0.862467925176648,0.00698174006444683,0.0429645542427497
"5251","280253b","Action_60","Morph_127","YOLO","Stopbehaviour","Swing","Swing.1","Bossou",-0.226900600191922,0.0306122448979592,0.0370569280343716
"5252","280105","Action_13","Morph_27","TUA","Moveaway","Fling","Fling.1","Bossou",-0.327116141697188,0.056390977443609,0.0773361976369495
"5253","280501","Action_50","Morph_107","PAMA","Play","Shake","Shake.1","Bossou",0.183986836113016,0.0139634801288937,0.0343716433941998
"5254","280501","Action_5","Morph_17","PAMA","Play","Bounce","Bounce.1","Bossou",-0.142716302201595,0.0204081632653061,0.0204081632653061
"5255","280124","Action_14","Morph_31","JEJE","Play","Grab","Grab.3","Bossou",-0.0943106794712413,0.00805585392051558,0.023093447905478
"5256","280321b","Action_39","Morph_82","PILI","Sociosexualattention","Presentgenitalsbackwards","PresentGenitals.1","Bossou",0.0295588022415444,0.0354457572502685,0.0290010741138561
"5257","280363b","Action_39","Morph_82","JIRE","Sexualattention","Presentgenitalsbackwards","PresentGenitals.1","Bossou",0.782987884559735,0.0354457572502685,0.0290010741138561
"5258","280304","Action_64","Morph_138","FANA","Affiliation","Touchlongother","Touch.7","Bossou",2.25936439053948,0.0107411385606874,0.0112781954887218
"5259","280585","Action_38","Morph_77","FANA","Takeobjectnurse","Present","Present.3","Bossou",0.42853038103916,0.0166487647690655,0.0596133190118153
"5260","280053a","Action_29","Morph_58","JEJE","Play","Locomotegallop","LocomoteGallop.1","Bossou",0.0401817896328318,0.0134264232008593,0.0134264232008593
"5261","280053a","Action_55","Morph_116","JEJE","Play","Stompingobject","StompObject.2","Bossou",0.180653499693258,0.00912996777658432,0.0150375939849624
"5262","280053a","Action_57","Morph_115","JEJE","Play","Stompobject","StompObject.1","Bossou",-0.245900538436826,0.0150375939849624,0.0236305048335124
"5263","280053a","Action_57","Morph_115","JEJE","Play","Stompobject","StompObject.1","Bossou",-0.677273831403655,0.0150375939849624,0.0236305048335124
"5264","280053a","Action_34","Morph_67","JEJE","Play","Objectshake","ObjectShake.3","Bossou",0.837247524533702,0.000537056928034372,0.014500537056928
"5265","280053a","Action_21","Morph_43","JEJE","Play","Hittingobject","HitObject.5","Bossou",-0.0954101848046582,0.00537056928034372,0.0118152524167562
"5266","280053a","Action_21","Morph_42","JEJE","Play","Hittingobject","HitObject.4","Bossou",-0.00601807232556302,0.00590762620837809,0.0118152524167562
"5267","280149","Action_8","Morph_19","JEJE","Playcontinue","Dangle","Dangle.1","Bossou",0.583890194622996,0.0257787325456498,0.0257787325456498
"5268","280149","Action_14","Morph_30","JEJE","Playcontinue","Grab","Grab.2","Bossou",0.497132296633988,0.00429645542427497,0.023093447905478
"5269","280161","Action_38","Morph_79","YOLO","Groom","Present","Present.5","Bossou",0.790727508898809,0.0134264232008593,0.0596133190118153
"5270","280096b","Action_38","Morph_79","JIRE","Affiliation","Present","Present.5","Bossou",0.796154930634174,0.0134264232008593,0.0596133190118153
"5271","280248","Action_20","Morph_45","YO","Stopbehaviour","Hitother","HitOther.1","Bossou",-0.640554730440775,0.0263157894736842,0.0402792696025779
"5272","280306","Action_13","Morph_27","KAI","Moveaway","Fling","Fling.1","Bossou",-0.783071888087932,0.056390977443609,0.0773361976369495
"5273","280306","Action_13","Morph_27","KAI","Moveaway","Fling","Fling.1","Bossou",-0.572701027484078,0.056390977443609,0.0773361976369495
"5274","280353","Action_42","Morph_88","NA_chimp","Position","Push","Push.1","Bossou",-0.321583624127462,0.0128893662728249,0.0596133190118153
"5275","280353","Action_5","Morph_17","NA_chimp","Position","Bounce","Bounce.1","Bossou",-0.462035459596559,0.0204081632653061,0.0204081632653061
"5276","280309","Action_63","Morph_140","KAI","Affiliation","Touch","Touch.9","Bossou",0.616266136223988,0.00698174006444683,0.0429645542427497
"5277","280199","Action_13","Morph_27","NINA","Moveaway","Fling","Fling.1","Bossou",-0.396009949337409,0.056390977443609,0.0773361976369495
"5278","280079","Action_45","Morph_100","JEJE","Giveme","Reach","Reach.1","Bossou",1.15341608070878,0.0435016111707841,0.0719656283566058
"5279","280086","Action_20","Morph_45","FOTAIU","Stopbehaviour","Hitother","HitOther.1","Bossou",-0.245900538436826,0.0263157894736842,0.0402792696025779
"5280","280547b","Action_39","Morph_82","FOTAIU","Sexualattention","Presentgenitalsbackwards","PresentGenitals.1","Bossou",1.87272482805116,0.0354457572502685,0.0290010741138561
"5281","280261b","Action_14","Morph_33","YOLO","Affiliation","Grab","Grab.5","Bossou",0.684106435907796,0.00537056928034372,0.023093447905478
"5282","280261b","Action_14","Morph_33","YOLO","Affiliation","Grab","Grab.5","Bossou",1.52692549085964,0.00537056928034372,0.023093447905478
"5283","280114b","Action_35","Morph_70","JEJE","Staysame","Out","Out.1","Bossou",-0.102032725565152,0.0102040816326531,0.0150375939849624
"5284","280114b","Action_43","Morph_96","JEJE","Staysame","Raise","Raise.1","Bossou",0.233489843368354,0.0268528464017186,0.0349087003222342
"5285","280038","Action_38","Morph_76","PAMA","Directattention","Present","Present.2","Bossou",2.13250826261653,0.00590762620837809,0.0596133190118153
"5286","280630b","Action_13","Morph_27","JIRE","Stopbehaviour","Fling","Fling.1","Bossou",-0.567395975254385,0.056390977443609,0.0773361976369495
"5287","280216","Action_13","Morph_27","JIRE","Moveaway","Fling","Fling.1","Bossou",-0.691149177897272,0.056390977443609,0.0773361976369495
"5288","280098","Action_13","Morph_27","TUA","Moveaway","Fling","Fling.1","Bossou",-0.588787165235702,0.056390977443609,0.0773361976369495
"5289","280561a","Action_4","Morph_NA","YOLO","Affiliation","Bitekiss",NA,"Bossou",1.1049256507247,0.0365198711063373,0.0306122448979592
"5290","280039","Action_45","Morph_100","PAMA","Affiliation","Reach","Reach.1","Bossou",-0.0682788407532944,0.0435016111707841,0.0719656283566058
"5291","280099","Action_13","Morph_27","TUA","Moveaway","Fling","Fling.1","Bossou",-0.427710717055484,0.056390977443609,0.0773361976369495
"5292","280099","Action_13","Morph_27","TUA","Moveaway","Fling","Fling.1","Bossou",-1.56064774826467,0.056390977443609,0.0773361976369495
"5293","280249b","Action_36","Morph_73","JURU","Affiliation","Overstance","OverStance.2","Bossou",1.21402214017894,0.00483351235230934,0.0134264232008593
"5294","280112","Action_41","Morph_86","FOTAIU","Climbonme","Pull","Pull.3","Bossou",0.381855242469031,0.00698174006444683,0.0177228786251343
"5295","280087","Action_31","Morph_59","FOTAIU","Moveaway","Lunge","Lunge.1","Bossou",0.569283193337559,0.00214822771213749,0.00214822771213749
"5296","280612","Action_13","Morph_27","YOLO","Moveaway","Fling","Fling.1","Bossou",-0.403467105445491,0.056390977443609,0.0773361976369495
"5297","280612","Action_13","Morph_27","YOLO","Moveaway","Fling","Fling.1","Bossou",-0.141563564321787,0.056390977443609,0.0773361976369495
"5298","280612","Action_13","Morph_27","YOLO","Moveaway","Fling","Fling.1","Bossou",-0.834710744881732,0.056390977443609,0.0773361976369495
"5299","280078","Action_63","Morph_135","JEJE","Giveme","Touch","Touch.4","Bossou",0.73716406597672,0.00483351235230934,0.0429645542427497
"5300","280203","Action_38","Morph_79","NA_chimp","Sociosexualattention","Present","Present.5","Bossou",0.164666621555234,0.0134264232008593,0.0596133190118153
"5301","280358","Action_38","Morph_80","NINA","Sexualattention","Present","Present.6","Bossou",0.988425329633354,0.00322234156820623,0.0596133190118153
"5302","280535a","Action_4","Morph_10","JIRE","Affiliation","Bitekiss","Bite.2","Bossou",0.758934921097948,0.0128893662728249,0.0306122448979592
"5303","280122","Action_50","Morph_109","TUA","Sexualattention","Shake","Shake.3","Bossou",0.791634127274599,0.0177228786251343,0.0343716433941998
"5304","280122","Action_50","Morph_109","TUA","Sexualattention","Shake","Shake.3","Bossou",-0.295714244149045,0.0177228786251343,0.0343716433941998
"5305","280035a","Action_30","Morph_NA","PELEY","Play","Locomotestiff",NA,"Bossou",0.549276810140243,0.0365198711063373,0.0037593984962406
"5306","280035a","Action_54","Morph_114","PELEY","Play","Stancebipedal","StanceBipedal.1","Bossou",-0.0491902441907718,0.0171858216970999,0.0171858216970999
"5307","280035a","Action_50","Morph_109","PELEY","Play","Shake","Shake.3","Bossou",-0.019182819416774,0.0177228786251343,0.0343716433941998
"5308","280035a","Action_50","Morph_109","PELEY","Play","Shake","Shake.3","Bossou",-0.921303273697699,0.0177228786251343,0.0343716433941998
"5309","280035a","Action_1","Morph_1","PELEY","Play","Beckon","Beckon.1","Bossou",-1.2837377727948,0.00966702470461869,0.0123523093447905
"5310","280035a","Action_50","Morph_109","PELEY","Play","Shake","Shake.3","Bossou",0.616266136223988,0.0177228786251343,0.0343716433941998
"5311","280035a","Action_35","Morph_70","PELEY","Play","Out","Out.1","Bossou",-0.376877651256252,0.0102040816326531,0.0150375939849624
"5312","280035a","Action_20","Morph_45","PELEY","Play","Hitother","HitOther.1","Bossou",-1.73160554640831,0.0263157894736842,0.0402792696025779
"5313","280308","Action_13","Morph_27","TUA","Moveaway","Fling","Fling.1","Bossou",-0.197232169529709,0.056390977443609,0.0773361976369495
"5314","280308","Action_13","Morph_27","TUA","Moveaway","Fling","Fling.1","Bossou",-0.522560879984412,0.056390977443609,0.0773361976369495
"5315","280305","Action_42","Morph_91","FANA","Climbonme","Push","Push.4","Bossou",0.543486406005539,0.00805585392051558,0.0596133190118153
"5316","280483b","Action_60","Morph_127","NA_chimp","Stopbehaviour","Swing","Swing.1","Bossou",-0.309246250367621,0.0306122448979592,0.0370569280343716
"5317","280160","Action_48","Morph_104","FANLE","Playcontinue","Rollover","RollOver.1","Bossou",1.43270073393405,0.00429645542427497,0.00429645542427497
"5318","280231","Action_4","Morph_10","VUAVUA","Affiliation","Bitekiss","Bite.2","Bossou",0.794349061068913,0.0128893662728249,0.0306122448979592
"5319","280231","Action_42","Morph_92","VUAVUA","Affiliation","Push","Push.5","Bossou",-0.685179010910768,0.00644468313641246,0.0596133190118153
"5320","280326a","Action_4","Morph_10","FANA","Affiliation","Bitekiss","Bite.2","Bossou",2.20816451737455,0.0128893662728249,0.0306122448979592
"5321","280334a","Action_45","Morph_100","JOKURO","Givemenurse","Reach","Reach.1","Bossou",0.353469812989784,0.0435016111707841,0.0719656283566058
"5322","280632","Action_63","Morph_133","FANLE","Stopbehaviour","Touch","Touch.2","Bossou",0.288931291852213,0.00805585392051558,0.0429645542427497
"5323","280382b","Action_64","Morph_138","NA_chimp","Affiliation","Touchlongother","Touch.7","Bossou",1.70019227570256,0.0107411385606874,0.0112781954887218
"5324","280619a","Action_39","Morph_83","JIRE","Affiliation","Presentgenitalsbackwards","PresentGenitals.2","Bossou",0.660107326481745,0.00214822771213749,0.0290010741138561
"5325","280584","Action_42","Morph_90","JIRE","Stopbehaviour","Push","Push.3","Bossou",-0.798507696217772,0.0134264232008593,0.0596133190118153
"5326","280379","Action_38","Morph_80","NA_chimp","Groom","Present","Present.6","Bossou",0.952429778490028,0.00322234156820623,0.0596133190118153
"5327","280125","Action_42","Morph_89","FOTAIU","Takeobjectnurse","Push","Push.2","Bossou",-0.133531392624523,0.00537056928034372,0.0596133190118153
"5328","280500","Action_39","Morph_82","FANLE","Sexualattention","Presentgenitalsbackwards","PresentGenitals.1","Bossou",0.0962188577405429,0.0354457572502685,0.0290010741138561
"5329","280106","Action_57","Morph_115","TUA","Support","Stompobject","StompObject.1","Bossou",-0.811930716549912,0.0150375939849624,0.0236305048335124
"5330","280257a","Action_54","Morph_114","PONI","Play","Stancebipedal","StanceBipedal.1","Bossou",0.825928291793764,0.0171858216970999,0.0171858216970999
"5331","280257a","Action_60","Morph_129","PONI","Play","Swing","Swing.3","Bossou",0.64500680523201,0.00214822771213749,0.0370569280343716
"5332","280253a","Action_21","Morph_42","JURU","Play","Hittingobject","HitObject.4","Bossou",-0.510825623765991,0.00590762620837809,0.0118152524167562
"5333","280253a","Action_24","Morph_51","JURU","Play","Jump","Jump.1","Bossou",-0.629233854816292,0.0128893662728249,0.0128893662728249
"5334","280253a","Action_17","Morph_40","JURU","Play","Hitobject","HitObject.2","Bossou",-1.55589714550607,0.00483351235230934,0.0408163265306122
"5335","280253a","Action_24","Morph_51","JURU","Play","Jump","Jump.1","Bossou",-0.0943106794712413,0.0128893662728249,0.0128893662728249
"5336","280201","Action_8","Morph_19","FOTAIU","Play","Dangle","Dangle.1","Bossou",0.10345870836823,0.0257787325456498,0.0257787325456498
"5337","280520a","Action_4","Morph_13","FANA","Affiliation","Bitekiss","Bite.5","Bossou",1.3787660946991,0.0075187969924812,0.0306122448979592
"5338","280439","Action_13","Morph_28","TUA","Moveaway","Fling","Fling.2","Bossou",-1.45671682541644,0.0209452201933405,0.0773361976369495
"5339","280572a","Action_43","Morph_96","FANLE","Play","Raise","Raise.1","Bossou",-0.18152187662339,0.0268528464017186,0.0349087003222342
"5340","280572a","Action_60","Morph_127","FANLE","Play","Swing","Swing.1","Bossou",-0.0682788407532944,0.0306122448979592,0.0370569280343716
"5341","280330","Action_63","Morph_140","YUNRO","Affiliation","Touch","Touch.9","Bossou",0.242946178610389,0.00698174006444683,0.0429645542427497
"5342","280438b","Action_45","Morph_101","PILI","Stopbehaviour","Reach","Reach.2","Bossou",-0.798507696217772,0.027389903329753,0.0719656283566058
"5343","280208","Action_34","Morph_66","NA_chimp","Sexualattention","Objectshake","ObjectShake.2","Bossou",0.920282753143692,0.00322234156820623,0.014500537056928
"5344","280208","Action_45","Morph_100","NA_chimp","Sexualattention","Reach","Reach.1","Bossou",0.352064331381049,0.0435016111707841,0.0719656283566058
"5345","280208","Action_42","Morph_88","NA_chimp","Sexualattention","Push","Push.1","Bossou",0.144965770250186,0.0128893662728249,0.0596133190118153
"5346","280588","Action_50","Morph_107","JEJE","Play","Shake","Shake.1","Bossou",-0.0866478067256722,0.0139634801288937,0.0343716433941998
"5347","280588","Action_54","Morph_114","JEJE","Play","Stancebipedal","StanceBipedal.1","Bossou",0.249980205267769,0.0171858216970999,0.0171858216970999
"5348","280588","Action_50","Morph_107","JEJE","Play","Shake","Shake.1","Bossou",-1.60445037092306,0.0139634801288937,0.0343716433941998
"5349","280588","Action_57","Morph_119","JEJE","Play","Stompobject","StompObject.5","Bossou",-0.796287939479459,0.00322234156820623,0.0236305048335124
"5350","280588","Action_57","Morph_119","JEJE","Play","Stompobject","StompObject.5","Bossou",-0.18152187662339,0.00322234156820623,0.0236305048335124
"5351","280588","Action_57","Morph_115","JEJE","Play","Stompobject","StompObject.1","Bossou",-1.2623083813389,0.0150375939849624,0.0236305048335124
"5352","280588","Action_57","Morph_115","JEJE","Play","Stompobject","StompObject.1","Bossou",-1.14885350510486,0.0150375939849624,0.0236305048335124
"5353","280588","Action_43","Morph_96","JEJE","Play","Raise","Raise.1","Bossou",0.017839918128331,0.0268528464017186,0.0349087003222342
"5354","280164","Action_38","Morph_75","FOTAIU","Directattention","Present","Present.1","Bossou",1.68695435486193,0.0150375939849624,0.0596133190118153
"5355","280158","Action_8","Morph_19","JEJE","Playcontinue","Dangle","Dangle.1","Bossou",0.822858787081603,0.0257787325456498,0.0257787325456498
"5356","280158","Action_8","Morph_19","JEJE","Playcontinue","Dangle","Dangle.1","Bossou",1.04556306757829,0.0257787325456498,0.0257787325456498
"5357","280158","Action_8","Morph_19","JEJE","Playcontinue","Dangle","Dangle.1","Bossou",1.01523067972906,0.0257787325456498,0.0257787325456498
"5358","280158","Action_9","Morph_20","JEJE","Playcontinue","Dangleshake","DangleShake.1","Bossou",2.18582653238385,0.00268528464017186,0.00268528464017186
"5359","280158","Action_8","Morph_19","JEJE","Playcontinue","Dangle","Dangle.1","Bossou",1.90924616468372,0.0257787325456498,0.0257787325456498
"5360","280158","Action_55","Morph_116","JEJE","Playcontinue","Stompingobject","StompObject.2","Bossou",-1.21402314017944,0.00912996777658432,0.0150375939849624
"5361","280158","Action_60","Morph_128","JEJE","Playcontinue","Swing","Swing.2","Bossou",-0.0222456089473197,0.0037593984962406,0.0370569280343716
"5362","280158","Action_57","Morph_118","JEJE","Playcontinue","Stompobject","StompObject.4","Bossou",-0.574475650842447,0.00429645542427497,0.0236305048335124
"5363","280158","Action_34","Morph_65","JEJE","Playcontinue","Objectshake","ObjectShake.1","Bossou",1.73607056336747,0.00966702470461869,0.014500537056928
"5364","280158","Action_17","Morph_39","JEJE","Playcontinue","Hitobject","HitObject.1","Bossou",-0.27443684570176,0.0327604726100967,0.0408163265306122
"5365","280158","Action_33","Morph_61","JEJE","Playcontinue","Objectmove","ObjectMove.1","Bossou",1.87885417607899,0.0193340494092374,0.0349087003222342
"5366","280355a","Action_7","Morph_NA","JA","Affiliation","Crouch",NA,"Bossou",1.03673688495002,0.0365198711063373,0.00161117078410311
"5367","280510a","Action_38","Morph_77","JEJE","Directattention","Present","Present.3","Bossou",1.34495139758551,0.0166487647690655,0.0596133190118153
"5368","280316a","Action_13","Morph_27","TUA","Moveaway","Fling","Fling.1","Bossou",-0.70117935225721,0.056390977443609,0.0773361976369495
"5369","280316a","Action_13","Morph_27","TUA","Moveaway","Fling","Fling.1","Bossou",-0.70117935225721,0.056390977443609,0.0773361976369495
"5370","280316a","Action_13","Morph_27","TUA","Moveaway","Fling","Fling.1","Bossou",-0.715392789507265,0.056390977443609,0.0773361976369495
"5371","280412a","Action_40","Morph_82","NA_chimp","Sexualattention","Presentgenitalsforwards","PresentGenitals.1","Bossou",0.63921883853439,0.0354457572502685,0.00859291084854995
"5372","280412a","Action_40","Morph_82","NA_chimp","Sexualattention","Presentgenitalsforwards","PresentGenitals.1","Bossou",0.829424798852493,0.0354457572502685,0.00859291084854995
"5373","280412a","Action_43","Morph_96","NA_chimp","Sexualattention","Raise","Raise.1","Bossou",-0.115410851511328,0.0268528464017186,0.0349087003222342
"5374","280412a","Action_43","Morph_98","NA_chimp","Sexualattention","Raise","Raise.3","Bossou",0.438899884194402,0.00590762620837809,0.0349087003222342
"5375","280458","Action_13","Morph_27","JIRE","Stopbehaviour","Fling","Fling.1","Bossou",-0.693147180559945,0.056390977443609,0.0773361976369495
"5376","280458","Action_45","Morph_100","JIRE","Stopbehaviour","Reach","Reach.1","Bossou",-1.04982212449868,0.0435016111707841,0.0719656283566058
"5377","280115b","Action_28","Morph_57","FOTAIU","Sociosexualattention","Locomotebipedal","LocomoteBipedal.2","Bossou",0.645531326618282,0.00429645542427497,0.0155746509129968
"5378","280115b","Action_39","Morph_82","FOTAIU","Sociosexualattention","Presentgenitalsbackwards","PresentGenitals.1","Bossou",-0.0100503358535015,0.0354457572502685,0.0290010741138561
"5379","280115b","Action_50","Morph_108","FOTAIU","Sociosexualattention","Shake","Shake.2","Bossou",-0.401971218853909,0.00214822771213749,0.0343716433941998
"5380","280218a","Action_23","Morph_48","YOLO","Affiliation","Hittingother","HitOther.4","Bossou",0.305276380852732,0.00429645542427497,0.00483351235230934
"5381","280218a","Action_36","Morph_73","YOLO","Affiliation","Overstance","OverStance.2","Bossou",1.75820268569921,0.00483351235230934,0.0134264232008593
"5382","280154a","Action_39","Morph_82","VUAVUA","Sexualattention","Presentgenitalsbackwards","PresentGenitals.1","Bossou",1.25988043626423,0.0354457572502685,0.0290010741138561
"5383","280457b","Action_38","Morph_77","NINA","Groom","Present","Present.3","Bossou",1.72365905652412,0.0166487647690655,0.0596133190118153
"5384","280546b","Action_7","Morph_NA","PILI","Sexualattention","Crouch",NA,"Bossou",0.313349819200359,0.0365198711063373,0.00161117078410311
"5385","280340b","Action_4","Morph_10","JOKURO","Affiliation","Bitekiss","Bite.2","Bossou",1.34025042261848,0.0128893662728249,0.0306122448979592
"5386","280177","Action_45","Morph_100","NINA","Climbonme","Reach","Reach.1","Bossou",-0.302457358033935,0.0435016111707841,0.0719656283566058
"5387","280177","Action_38","Morph_75","NINA","Climbonme","Present","Present.1","Bossou",0.668342061640974,0.0150375939849624,0.0596133190118153
"5388","280228a","Action_4","Morph_13","VUI","Affiliation","Bitekiss","Bite.5","Bossou",1.57835995686324,0.0075187969924812,0.0306122448979592
"5389","280048b","Action_21","Morph_44","JEJE","Play","Hittingobject","HitObject.6","Bossou",-0.532730459154041,0.00161117078410311,0.0118152524167562
"5390","280324","Action_42","Morph_91","VUI","Climbonme","Push","Push.4","Bossou",1.0756847840244,0.00805585392051558,0.0596133190118153
"5391","280324","Action_42","Morph_91","VUI","Climbonme","Push","Push.4","Bossou",0.824175442966349,0.00805585392051558,0.0596133190118153
"5392","280031","Action_20","Morph_46","PELEY","Play","Hitother","HitOther.2","Bossou",-0.510825623765991,0.00805585392051558,0.0402792696025779
"5393","280188","Action_45","Morph_100","NINA","Groom","Reach","Reach.1","Bossou",0.211880359035499,0.0435016111707841,0.0719656283566058
"5394","2805012","Action_38","Morph_75","JEJE","Directattention","Present","Present.1","Bossou",1.26327891022334,0.0150375939849624,0.0596133190118153
"5395","280482","Action_40","Morph_82","VUI","Sexualattention","Presentgenitalsforwards","PresentGenitals.1","Bossou",0.579418415231602,0.0354457572502685,0.00859291084854995
"5396","280159","Action_38","Morph_79","YOLO","Directattention","Present","Present.5","Bossou",1.065400154462,0.0134264232008593,0.0596133190118153
"5397","280052a","Action_29","Morph_58","PELEY","Play","Locomotegallop","LocomoteGallop.1","Bossou",0.701611258972075,0.0134264232008593,0.0134264232008593
"5398","280052a","Action_14","Morph_30","PELEY","Play","Grab","Grab.2","Bossou",-0.161343150408763,0.00429645542427497,0.023093447905478
"5399","280595b","Action_13","Morph_27","YOLO","Moveaway","Fling","Fling.1","Bossou",-0.725670372265505,0.056390977443609,0.0773361976369495
"5400","280460a","Action_60","Morph_127","NTO","Play","Swing","Swing.1","Bossou",-0.481266821524446,0.0306122448979592,0.0370569280343716
"5401","280090","Action_41","Morph_NA","JIRE","Position","Pull",NA,"Bossou",0.82329786502499,0.0365198711063373,0.0177228786251343
"5402","280345","Action_55","Morph_117","NA_chimp","Sexualattention","Stompingobject","StompObject.3","Bossou",-0.328504066972036,0.00429645542427497,0.0150375939849624
"5403","280345","Action_55","Morph_117","NA_chimp","Sexualattention","Stompingobject","StompObject.3","Bossou",-0.562118918153541,0.00429645542427497,0.0150375939849624
"5404","280345","Action_5","Morph_17","NA_chimp","Sexualattention","Bounce","Bounce.1","Bossou",1.51292701205326,0.0204081632653061,0.0204081632653061
"5405","280345","Action_24","Morph_51","NA_chimp","Sexualattention","Jump","Jump.1","Bossou",-0.328504066972036,0.0128893662728249,0.0128893662728249
"5406","280345","Action_20","Morph_46","NA_chimp","Sexualattention","Hitother","HitOther.2","Bossou",-0.865122445299756,0.00805585392051558,0.0402792696025779
"5407","280331","Action_64","Morph_138","NA_chimp","Affiliation","Touchlongother","Touch.7","Bossou",1.03318448334565,0.0107411385606874,0.0112781954887218
"5408","280505","Action_40","Morph_82","FOAF","Travel","Presentgenitalsforwards","PresentGenitals.1","Bossou",0.551007413398823,0.0354457572502685,0.00859291084854995
"5409","280505","Action_55","Morph_117","FOAF","Travel","Stompingobject","StompObject.3","Bossou",-0.104250021373799,0.00429645542427497,0.0150375939849624
"5410","280651a","Action_8","Morph_19","PELEY","Play","Dangle","Dangle.1","Bossou",1.80385271691544,0.0257787325456498,0.0257787325456498
"5411","280651a","Action_24","Morph_51","PELEY","Play","Jump","Jump.1","Bossou",0.406797553341943,0.0128893662728249,0.0128893662728249
"5412","280651a","Action_24","Morph_51","PELEY","Play","Jump","Jump.1","Bossou",0.449800921928216,0.0128893662728249,0.0128893662728249
"5413","280651a","Action_24","Morph_51","PELEY","Play","Jump","Jump.1","Bossou",0.398776119957368,0.0128893662728249,0.0128893662728249
"5414","280651a","Action_24","Morph_51","PELEY","Play","Jump","Jump.1","Bossou",0.368109321564396,0.0128893662728249,0.0128893662728249
"5415","280651a","Action_24","Morph_51","PELEY","Play","Jump","Jump.1","Bossou",0.263901543786378,0.0128893662728249,0.0128893662728249
"5416","280651a","Action_24","Morph_51","PELEY","Play","Jump","Jump.1","Bossou",0.288181947493432,0.0128893662728249,0.0128893662728249
"5417","280651a","Action_20","Morph_NA","PELEY","Play","Hitother",NA,"Bossou",-0.221894331913778,0.0365198711063373,0.0402792696025779
"5418","280651a","Action_20","Morph_NA","PELEY","Play","Hitother",NA,"Bossou",-0.404965233066513,0.0365198711063373,0.0402792696025779
"5419","280651a","Action_20","Morph_NA","PELEY","Play","Hitother",NA,"Bossou",0.0334347760862374,0.0365198711063373,0.0402792696025779
"5420","280103","Action_13","Morph_28","TUA","Moveaway","Fling","Fling.2","Bossou",-1.14570389620196,0.0209452201933405,0.0773361976369495
"5421","280252b","Action_13","Morph_27","YOLO","Stopbehaviour","Fling","Fling.1","Bossou",-0.0714960017050699,0.056390977443609,0.0773361976369495
"5422","280252b","Action_13","Morph_27","YOLO","Stopbehaviour","Fling","Fling.1","Bossou",-0.0618754037180875,0.056390977443609,0.0773361976369495
"5423","280568","Action_1","Morph_1","FOTAIU","Climbonme","Beckon","Beckon.1","Bossou",-0.243346258631729,0.00966702470461869,0.0123523093447905
"5424","280568","Action_21","Morph_43","FOTAIU","Climbonme","Hittingobject","HitObject.5","Bossou",1.01884732019925,0.00537056928034372,0.0118152524167562
"5425","280568","Action_21","Morph_43","FOTAIU","Climbonme","Hittingobject","HitObject.5","Bossou",-0.355247391947547,0.00537056928034372,0.0118152524167562
"5426","280568","Action_17","Morph_39","FOTAIU","Climbonme","Hitobject","HitObject.1","Bossou",-0.565633860260986,0.0327604726100967,0.0408163265306122
"5427","280568","Action_38","Morph_77","FOTAIU","Climbonme","Present","Present.3","Bossou",2.02920032524309,0.0166487647690655,0.0596133190118153
"5428","280572b","Action_33","Morph_61","JEJE","Play","Objectmove","ObjectMove.1","Bossou",-0.202116184122134,0.0193340494092374,0.0349087003222342
"5429","280572b","Action_17","Morph_39","JEJE","Play","Hitobject","HitObject.1","Bossou",-1.38629436111989,0.0327604726100967,0.0408163265306122
"5430","280572b","Action_57","Morph_119","JEJE","Play","Stompobject","StompObject.5","Bossou",-1.45243416362444,0.00322234156820623,0.0236305048335124
"5431","280572b","Action_55","Morph_117","JEJE","Play","Stompingobject","StompObject.3","Bossou",-0.959720289801491,0.00429645542427497,0.0150375939849624
"5432","280572b","Action_57","Morph_119","JEJE","Play","Stompobject","StompObject.5","Bossou",-1.00239343092757,0.00322234156820623,0.0236305048335124
"5433","280572b","Action_29","Morph_58","JEJE","Play","Locomotegallop","LocomoteGallop.1","Bossou",-0.332679438382517,0.0134264232008593,0.0134264232008593
"5434","280572b","Action_43","Morph_96","JEJE","Play","Raise","Raise.1","Bossou",-0.379797361359587,0.0268528464017186,0.0349087003222342
"5435","280572b","Action_17","Morph_39","JEJE","Play","Hitobject","HitObject.1","Bossou",-1.78976146656538,0.0327604726100967,0.0408163265306122
"5436","280572b","Action_17","Morph_39","JEJE","Play","Hitobject","HitObject.1","Bossou",-1.60445037092306,0.0327604726100967,0.0408163265306122
"5437","280101","Action_13","Morph_27","TUA","Moveaway","Fling","Fling.1","Bossou",-0.481266821524446,0.056390977443609,0.0773361976369495
"5438","280101","Action_17","Morph_39","TUA","Moveaway","Hitobject","HitObject.1","Bossou",-0.567395975254385,0.0327604726100967,0.0408163265306122
"5439","280347","Action_64","Morph_138","KAI","Affiliation","Touchlongother","Touch.7","Bossou",1.60382217364846,0.0107411385606874,0.0112781954887218
"5440","280583","Action_63","Morph_134","JIRE","Position","Touch","Touch.3","Bossou",0.541742726400712,0.00698174006444683,0.0429645542427497
"5441","280390","Action_39","Morph_82","FANA","Sexualattention","Presentgenitalsbackwards","PresentGenitals.1","Bossou",1.42719635244032,0.0354457572502685,0.0290010741138561
"5442","280217","Action_30","Morph_NA","NA_chimp","Sexualattention","Locomotestiff",NA,"Bossou",1.2435780589183,0.0365198711063373,0.0037593984962406
"5443","280217","Action_50","Morph_109","NA_chimp","Sexualattention","Shake","Shake.3","Bossou",-0.0801260444792849,0.0177228786251343,0.0343716433941998
"5444","280372","Action_42","Morph_88","TUA","Position","Push","Push.1","Bossou",-0.266573109241546,0.0128893662728249,0.0596133190118153
"5445","280510b","Action_42","Morph_90","PELEY","Position","Push","Push.3","Bossou",1.61043741276718,0.0134264232008593,0.0596133190118153
"5446","280328","Action_63","Morph_135","YO","Stopbehaviour","Touch","Touch.4","Bossou",-0.832409247893453,0.00483351235230934,0.0429645542427497
"5447","280080","Action_64","Morph_132","JEJE","Giveme","Touchlongother","Touch.1","Bossou",1.7592362775225,0.00859291084854995,0.0112781954887218
"5448","280119","Action_13","Morph_27","JIRE","Stopbehaviour","Fling","Fling.1","Bossou",-0.807436326962073,0.056390977443609,0.0773361976369495
"5449","280534b","Action_42","Morph_93","FOAF","Stopbehaviour","Push","Push.6","Bossou",-0.263965545834465,0.00805585392051558,0.0596133190118153
"5450","280027","Action_42","Morph_90","FANLE","Position","Push","Push.3","Bossou",-0.0325231917055601,0.0134264232008593,0.0596133190118153
"5451","280027","Action_42","Morph_91","FANLE","Position","Push","Push.4","Bossou",-0.627359440021942,0.00805585392051558,0.0596133190118153
"5452","280027","Action_42","Morph_90","FANLE","Position","Push","Push.3","Bossou",-0.22314355131421,0.0134264232008593,0.0596133190118153
"5453","280033","Action_42","Morph_91","PELEY","Travel","Push","Push.4","Bossou",-0.309246250367621,0.00805585392051558,0.0596133190118153
"5454","280033","Action_42","Morph_90","PELEY","Travel","Push","Push.3","Bossou",-0.510825623765991,0.0134264232008593,0.0596133190118153
"5455","280357","Action_34","Morph_65","JA","Play","Objectshake","ObjectShake.1","Bossou",2.53409356063988,0.00966702470461869,0.014500537056928
"5456","280357","Action_48","Morph_104","JA","Play","Rollover","RollOver.1","Bossou",1.73342389221509,0.00429645542427497,0.00429645542427497
"5457","280316b","Action_43","Morph_96","VUI","Stopbehaviour","Raise","Raise.1","Bossou",-0.524248644098131,0.0268528464017186,0.0349087003222342
"5458","280316b","Action_13","Morph_27","VUI","Stopbehaviour","Fling","Fling.1","Bossou",-1.39030238251743,0.056390977443609,0.0773361976369495
"5459","280197","Action_63","Morph_140","YO","Staysame","Touch","Touch.9","Bossou",0.912282710476616,0.00698174006444683,0.0429645542427497
"5460","280412b","Action_39","Morph_82","PAMA","Sexualattention","Presentgenitalsbackwards","PresentGenitals.1","Bossou",0.899754763234056,0.0354457572502685,0.0290010741138561
"5461","280218b","Action_39","Morph_82","PAMA","Affiliation","Presentgenitalsbackwards","PresentGenitals.1","Bossou",1.76695435030908,0.0354457572502685,0.0290010741138561
"5462","280154b","Action_40","Morph_82","YOLO","Sexualattention","Presentgenitalsforwards","PresentGenitals.1","Bossou",1.32760536477121,0.0354457572502685,0.00859291084854995
"5463","280115a","Action_5","Morph_17","JIRE","Sociosexualattention","Bounce","Bounce.1","Bossou",1.25703952526263,0.0204081632653061,0.0204081632653061
"5464","280115a","Action_36","Morph_72","JIRE","Sociosexualattention","Overstance","OverStance.1","Bossou",0.805135682507993,0.00698174006444683,0.0134264232008593
"5465","280457a","Action_43","Morph_97","TUA","Groom","Raise","Raise.2","Bossou",1.37472772474843,0.000537056928034372,0.0349087003222342
"5466","280196","Action_45","Morph_100","KAI","Affiliation","Reach","Reach.1","Bossou",0.825052251439884,0.0435016111707841,0.0719656283566058
"5467","280340a","Action_4","Morph_10","PAMA","Affiliation","Bitekiss","Bite.2","Bossou",1.62452354985214,0.0128893662728249,0.0306122448979592
"5468","280356","Action_38","Morph_77","JIRE","Givemenurse","Present","Present.3","Bossou",1.28370777234479,0.0166487647690655,0.0596133190118153
"5469","280356","Action_45","Morph_100","JIRE","Givemenurse","Reach","Reach.1","Bossou",0.512823626428664,0.0435016111707841,0.0719656283566058
"5470","280228b","Action_4","Morph_13","KAI","Affiliation","Bitekiss","Bite.5","Bossou",1.5153469890345,0.0075187969924812,0.0306122448979592
"5471","280048a","Action_61","Morph_130","PELEY","Play","Throwobject","ThrowObject.1","Bossou",-0.525939261576039,0.0161117078410312,0.0161117078410312
"5472","280048a","Action_20","Morph_46","PELEY","Play","Hitother","HitOther.2","Bossou",-0.457284856837961,0.00805585392051558,0.0402792696025779
"5473","280048a","Action_21","Morph_43","PELEY","Play","Hittingobject","HitObject.5","Bossou",-0.524248644098131,0.00537056928034372,0.0118152524167562
"5474","280118","Action_13","Morph_27","FOTAIU","Stopbehaviour","Fling","Fling.1","Bossou",-0.687165108882398,0.056390977443609,0.0773361976369495
"5475","280081","Action_63","Morph_132","JEJE","Giveme","Touch","Touch.1","Bossou",0.951271700769401,0.00859291084854995,0.0429645542427497
"5476","280391","Action_11","Morph_24","VELU","Support","Embrace","Embrace.3","Bossou",0.76964515153267,0.00214822771213749,0.00859291084854995
"5477","2805011","Action_38","Morph_77","JEJE","Directattention","Present","Present.3","Bossou",2.0509134580653,0.0166487647690655,0.0596133190118153
"5478","280604a","Action_60","Morph_127","FANLE","Play","Swing","Swing.1","Bossou",0.0334347760862374,0.0306122448979592,0.0370569280343716
"5479","280604a","Action_60","Morph_127","FANLE","Play","Swing","Swing.1","Bossou",0.361164849211584,0.0306122448979592,0.0370569280343716
"5480","280604a","Action_8","Morph_19","FANLE","Play","Dangle","Dangle.1","Bossou",-0.0682788407532944,0.0257787325456498,0.0257787325456498
"5481","280209","Action_42","Morph_88","NA_chimp","Position","Push","Push.1","Bossou",0.106160195828391,0.0128893662728249,0.0596133190118153
"5482","280460b","Action_42","Morph_95","FOTAIU","Play","Push","Push.8","Bossou",-0.913793851675568,0.00107411385606874,0.0596133190118153
"5483","280460b","Action_60","Morph_127","FOTAIU","Play","Swing","Swing.1","Bossou",-0.659712404473708,0.0306122448979592,0.0370569280343716
"5484","280595a","Action_45","Morph_100","JEJE","Giveme","Reach","Reach.1","Bossou",-0.659712404473708,0.0435016111707841,0.0719656283566058
"5485","280167a","Action_43","Morph_96","TUA","Groom","Raise","Raise.1","Bossou",0.625938430866495,0.0268528464017186,0.0349087003222342
"5486","280346","Action_8","Morph_19","JA","Play","Dangle","Dangle.1","Bossou",1.23110147171419,0.0257787325456498,0.0257787325456498
"5487","280346","Action_60","Morph_127","JA","Play","Swing","Swing.1","Bossou",-0.400477566597125,0.0306122448979592,0.0370569280343716
"5488","280100","Action_17","Morph_39","TUA","Moveaway","Hitobject","HitObject.1","Bossou",-0.562118918153541,0.0327604726100967,0.0408163265306122
"5489","280569","Action_20","Morph_46","VELU","Moveaway","Hitother","HitOther.2","Bossou",-0.455706324544911,0.00805585392051558,0.0402792696025779
"5490","280506","Action_39","Morph_82","FANA","Sexualattention","Presentgenitalsbackwards","PresentGenitals.1","Bossou",1.38729386145297,0.0354457572502685,0.0290010741138561
"5491","280380","Action_38","Morph_75","NA_chimp","Directattention","Present","Present.1","Bossou",1.0346069586922,0.0150375939849624,0.0596133190118153
"5492","280251b","Action_23","Morph_48","JURU","Play","Hittingother","HitOther.4","Bossou",-0.213193220461042,0.00429645542427497,0.00483351235230934
"5493","280251b","Action_20","Morph_49","JURU","Play","Hitother","HitOther.5","Bossou",-1.45243416362444,0.00268528464017186,0.0402792696025779
"5494","280571b","Action_17","Morph_39","FOTAIU","Stopbehaviour","Hitobject","HitObject.1","Bossou",-0.916290731874155,0.0327604726100967,0.0408163265306122
"5495","280571b","Action_17","Morph_39","FOTAIU","Stopbehaviour","Hitobject","HitObject.1","Bossou",-1.89711998488588,0.0327604726100967,0.0408163265306122
"5496","280571b","Action_17","Morph_39","FOTAIU","Stopbehaviour","Hitobject","HitObject.1","Bossou",-1.09661428600544,0.0327604726100967,0.0408163265306122
"5497","280571b","Action_57","Morph_115","FOTAIU","Stopbehaviour","Stompobject","StompObject.1","Bossou",-1.78976146656538,0.0150375939849624,0.0236305048335124
"5498","280259a","Action_16","Morph_38","YOLO","Play","Headstand","HeadStand.1","Bossou",0.0506931143155182,0.00161117078410311,0.00161117078410311
"5499","280259a","Action_51","Morph_111","YOLO","Play","Spinpirouette","SpinPirouette.1","Bossou",0.123102197133983,0.00322234156820623,0.00322234156820623
"5500","280259a","Action_20","Morph_45","YOLO","Play","Hitother","HitOther.1","Bossou",-1.33180617583582,0.0263157894736842,0.0402792696025779
"5501","280083","Action_38","Morph_75","JIRE","Directattention","Present","Present.1","Bossou",1.09426953923397,0.0150375939849624,0.0596133190118153
"5502","280207","Action_38","Morph_75","NINA","Climbonme","Present","Present.1","Bossou",0.857813802115179,0.0150375939849624,0.0596133190118153
"5503","280601b","Action_8","Morph_19","JURU","Playcontinue","Dangle","Dangle.1","Bossou",0.0971267107307228,0.0257787325456498,0.0257787325456498
"5504","280246","Action_13","Morph_27","JIRE","Moveaway","Fling","Fling.1","Bossou",-0.752897184965719,0.056390977443609,0.0773361976369495
"5505","280529","Action_62","Morph_131","FANWA","Stopbehaviour","Throwthreat","ThrowThreat.1","Bossou",0.660107326481745,0.0193340494092374,0.0193340494092374
"5506","280529","Action_54","Morph_114","FANWA","Stopbehaviour","Stancebipedal","StanceBipedal.1","Bossou",0.263133199530368,0.0171858216970999,0.0171858216970999
"5507","280135b","Action_39","Morph_82","VEVE","Sexualattention","Presentgenitalsbackwards","PresentGenitals.1","Bossou",1.18019227566053,0.0354457572502685,0.0290010741138561
"5508","280186","Action_42","Morph_NA","JIRE","Moveaway","Push",NA,"Bossou",0.265436463504461,0.0365198711063373,0.0596133190118153
"5509","280420","Action_13","Morph_27","YOLO","Stopbehaviour","Fling","Fling.1","Bossou",-0.309246250367621,0.056390977443609,0.0773361976369495
"5510","280014b","Action_13","Morph_27","FOKAIYE","Stopbehaviour","Fling","Fling.1","Bossou",-0.50916034444693,0.056390977443609,0.0773361976369495
"5511","280014b","Action_24","Morph_51","FOKAIYE","Stopbehaviour","Jump","Jump.1","Bossou",-0.916290731874155,0.0128893662728249,0.0128893662728249
"5512","280014b","Action_24","Morph_51","FOKAIYE","Stopbehaviour","Jump","Jump.1","Bossou",-0.913793851675568,0.0128893662728249,0.0128893662728249
"5513","280014b","Action_20","Morph_45","FOKAIYE","Stopbehaviour","Hitother","HitOther.1","Bossou",-0.76142602131324,0.0263157894736842,0.0402792696025779
"5514","280532","Action_42","Morph_91","FANLE","Position","Push","Push.4","Bossou",0.360467742177429,0.00805585392051558,0.0596133190118153
"5515","280144","Action_39","Morph_82","VUAVUA","Sexualattention","Presentgenitalsbackwards","PresentGenitals.1","Bossou",1.08316018410919,0.0354457572502685,0.0290010741138561
"5516","280262","Action_16","Morph_38","YOLO","Play","Headstand","HeadStand.1","Bossou",0.24059046491793,0.00161117078410311,0.00161117078410311
"5517","280426","Action_38","Morph_77","NINA","Directattention","Present","Present.3","Bossou",1.1590800354352,0.0166487647690655,0.0596133190118153
"5518","280179","Action_4","Morph_10","NTO","Affiliation","Bitekiss","Bite.2","Bossou",1.94017947434633,0.0128893662728249,0.0306122448979592
"5519","280200a","Action_14","Morph_33","NINA","Playcontinue","Grab","Grab.5","Bossou",-0.146182510178081,0.00537056928034372,0.023093447905478
"5520","280200a","Action_14","Morph_33","NINA","Playcontinue","Grab","Grab.5","Bossou",-0.70117935225721,0.00537056928034372,0.023093447905478
"5521","280267","Action_50","Morph_109","VUI","Sexualattention","Shake","Shake.3","Bossou",0.440832251945456,0.0177228786251343,0.0343716433941998
"5522","280267","Action_5","Morph_17","VUI","Sexualattention","Bounce","Bounce.1","Bossou",0.084341148433751,0.0204081632653061,0.0204081632653061
"5523","280315b","Action_45","Morph_100","YO","Affiliation","Reach","Reach.1","Bossou",0.423305026236495,0.0435016111707841,0.0719656283566058
"5524","280092","Action_38","Morph_77","JIRE","Directattention","Present","Present.3","Bossou",1.16096091373265,0.0166487647690655,0.0596133190118153
"5525","280456","Action_4","Morph_NA","JIRE","Affiliation","Bitekiss",NA,"Bossou",2.32013027220979,0.0365198711063373,0.0306122448979592
"5526","280157b","Action_33","Morph_61","JEJE","Play","Objectmove","ObjectMove.1","Bossou",0.494086299761693,0.0193340494092374,0.0349087003222342
"5527","280157b","Action_33","Morph_61","JEJE","Play","Objectmove","ObjectMove.1","Bossou",1.2963696535919,0.0193340494092374,0.0349087003222342
"5528","280648a","Action_50","Morph_107","PELEY","Attendme","Shake","Shake.1","Bossou",-0.263965545834465,0.0139634801288937,0.0343716433941998
"5529","280648a","Action_50","Morph_107","PELEY","Attendme","Shake","Shake.1","Bossou",-0.455706324544911,0.0139634801288937,0.0343716433941998
"5530","280648a","Action_60","Morph_127","PELEY","Attendme","Swing","Swing.1","Bossou",-0.104250021373799,0.0306122448979592,0.0370569280343716
"5531","280648a","Action_20","Morph_45","PELEY","Attendme","Hitother","HitOther.1","Bossou",-0.142716302201595,0.0263157894736842,0.0402792696025779
"5532","280648a","Action_63","Morph_132","PELEY","Attendme","Touch","Touch.1","Bossou",-0.180323554131282,0.00859291084854995,0.0429645542427497
"5533","280648a","Action_20","Morph_45","PELEY","Attendme","Hitother","HitOther.1","Bossou",-0.916290731874155,0.0263157894736842,0.0402792696025779
"5534","280648a","Action_33","Morph_62","PELEY","Attendme","Objectmove","ObjectMove.2","Bossou",0.337899788612398,0.0123523093447905,0.0349087003222342
"5535","280545a","Action_61","Morph_130","FOTAIU","Playcontinue","Throwobject","ThrowObject.1","Bossou",-0.265268477614881,0.0161117078410312,0.0161117078410312
"5536","280545a","Action_8","Morph_19","FOTAIU","Playcontinue","Dangle","Dangle.1","Bossou",0.33718626735487,0.0257787325456498,0.0257787325456498
"5537","280545a","Action_60","Morph_127","FOTAIU","Playcontinue","Swing","Swing.1","Bossou",-0.0682788407532944,0.0306122448979592,0.0370569280343716
"5538","280589b","Action_20","Morph_46","JEJE","Play","Hitother","HitOther.2","Bossou",-0.0855578883616465,0.00805585392051558,0.0402792696025779
"5539","280178","Action_4","Morph_10","JIRE","Affiliation","Bitekiss","Bite.2","Bossou",0.802001585472027,0.0128893662728249,0.0306122448979592
"5540","280085","Action_4","Morph_15","FANLE","Staysame","Bitekiss","Bite.7","Bossou",0.0421011760186353,0.0037593984962406,0.0306122448979592
"5541","280433","Action_38","Morph_75","PAMA","Groom","Present","Present.1","Bossou",1.59371495196886,0.0150375939849624,0.0596133190118153
"5542","280263","Action_64","Morph_134","YOLO","Support","Touchlongother","Touch.3","Bossou",1.49290409617815,0.00698174006444683,0.0112781954887218
"5543","280341b","Action_3","Morph_15","FOAF","Affiliation","Bite","Bite.7","Bossou",1.66222009787307,0.0037593984962406,0.00644468313641246
"5544","280421","Action_20","Morph_45","JOYA","Play","Hitother","HitOther.1","Bossou",-1.09961278900169,0.0263157894736842,0.0402792696025779
"5545","280174","Action_43","Morph_96","KAI","Affiliation","Raise","Raise.1","Bossou",0.144965770250186,0.0268528464017186,0.0349087003222342
"5546","280174","Action_43","Morph_96","KAI","Affiliation","Raise","Raise.1","Bossou",0.0478373294141601,0.0268528464017186,0.0349087003222342
"5547","280082","Action_38","Morph_77","YOLO","Groom","Present","Present.3","Bossou",1.08856195281461,0.0166487647690655,0.0596133190118153
"5548","280222a","Action_4","Morph_13","JIRE","Affiliation","Bitekiss","Bite.5","Bossou",1.49380256883518,0.0075187969924812,0.0306122448979592
"5549","280156","Action_38","Morph_76","FANA","Directattention","Present","Present.2","Bossou",1.28315360220038,0.00590762620837809,0.0596133190118153
"5550","280206","Action_8","Morph_19","VUAVUA","Playcontinue","Dangle","Dangle.1","Bossou",0.781158057882659,0.0257787325456498,0.0257787325456498
"5551","280621","Action_61","Morph_130","FANWA","Play","Throwobject","ThrowObject.1","Bossou",-0.834710744881732,0.0161117078410312,0.0161117078410312
"5552","280621","Action_33","Morph_61","FANWA","Play","Objectmove","ObjectMove.1","Bossou",-0.837017550979647,0.0193340494092374,0.0349087003222342
"5553","280621","Action_33","Morph_61","FANWA","Play","Objectmove","ObjectMove.1","Bossou",-1.20397280432594,0.0193340494092374,0.0349087003222342
"5554","280621","Action_17","Morph_39","FANWA","Play","Hitobject","HitObject.1","Bossou",-1.00239343092757,0.0327604726100967,0.0408163265306122
"5555","280509","Action_17","Morph_39","FOAF","Moveaway","Hitobject","HitObject.1","Bossou",-0.50916034444693,0.0327604726100967,0.0408163265306122
"5556","280251a","Action_38","Morph_79","YOLO","Play","Present","Present.5","Bossou",0.845009529869191,0.0134264232008593,0.0596133190118153
"5557","280508","Action_42","Morph_88","FANA","Moveaway","Push","Push.1","Bossou",0.288931291852213,0.0128893662728249,0.0596133190118153
"5558","280573","Action_42","Morph_88","JIRE","Moveaway","Push","Push.1","Bossou",0.511625303936555,0.0128893662728249,0.0596133190118153
"5559","280259b","Action_14","Morph_34","NTO","Play","Grab","Grab.6","Bossou",-0.0586889963486796,0.00161117078410311,0.023093447905478
"5560","280259b","Action_23","Morph_48","NTO","Play","Hittingother","HitOther.4","Bossou",0.16805358499625,0.00429645542427497,0.00483351235230934
"5561","280210","Action_57","Morph_115","NA_chimp","Sexualattention","Stompobject","StompObject.1","Bossou",-0.636766847123838,0.0150375939849624,0.0236305048335124
"5562","280210","Action_55","Morph_117","NA_chimp","Sexualattention","Stompingobject","StompObject.3","Bossou",0.195566783543975,0.00429645542427497,0.0150375939849624
"5563","280210","Action_57","Morph_115","NA_chimp","Sexualattention","Stompobject","StompObject.1","Bossou",-0.532730459154041,0.0150375939849624,0.0236305048335124
"5564","280210","Action_57","Morph_120","NA_chimp","Sexualattention","Stompobject","StompObject.6","Bossou",-0.731888008876376,0.00107411385606874,0.0236305048335124
"5565","280210","Action_57","Morph_115","NA_chimp","Sexualattention","Stompobject","StompObject.1","Bossou",-0.980829253011726,0.0150375939849624,0.0236305048335124
"5566","280210","Action_5","Morph_17","NA_chimp","Sexualattention","Bounce","Bounce.1","Bossou",0.337899788612398,0.0204081632653061,0.0204081632653061
"5567","280204","Action_45","Morph_101","NTO","Climbonyou","Reach","Reach.2","Bossou",0.106160195828391,0.027389903329753,0.0719656283566058
"5568","280245","Action_13","Morph_27","JIRE","Moveaway","Fling","Fling.1","Bossou",-0.309246250367621,0.056390977443609,0.0773361976369495
"5569","280601a","Action_45","Morph_100","YOLO","Playcontinue","Reach","Reach.1","Bossou",0.0806579030174545,0.0435016111707841,0.0719656283566058
"5570","280601a","Action_45","Morph_100","YOLO","Playcontinue","Reach","Reach.1","Bossou",-0.567395975254385,0.0435016111707841,0.0719656283566058
"5571","280601a","Action_45","Morph_100","YOLO","Playcontinue","Reach","Reach.1","Bossou",-0.379797361359587,0.0435016111707841,0.0719656283566058
"5572","280601a","Action_63","Morph_132","YOLO","Playcontinue","Touch","Touch.1","Bossou",-0.403467105445491,0.00859291084854995,0.0429645542427497
"5573","280185","Action_42","Morph_NA","JIRE","Stopbehaviour","Push",NA,"Bossou",-0.757152510535858,0.0365198711063373,0.0596133190118153
"5574","280185","Action_41","Morph_86","JIRE","Stopbehaviour","Pull","Pull.3","Bossou",-0.661648513500574,0.00698174006444683,0.0177228786251343
"5575","280185","Action_14","Morph_31","JIRE","Stopbehaviour","Grab","Grab.3","Bossou",-0.302457358033935,0.00805585392051558,0.023093447905478
"5576","280327","Action_38","Morph_76","YO","Groom","Present","Present.2","Bossou",0.362557607096888,0.00590762620837809,0.0596133190118153
"5577","280135a","Action_54","Morph_114","JEJE","Sexualattention","Stancebipedal","StanceBipedal.1","Bossou",1.53492986025904,0.0171858216970999,0.0171858216970999
"5578","280531","Action_38","Morph_75","FANA","Directattention","Present","Present.1","Bossou",0.876717956754332,0.0150375939849624,0.0596133190118153
"5579","280314","Action_45","Morph_101","YUNRO","Giveme","Reach","Reach.2","Bossou",0.73716406597672,0.027389903329753,0.0719656283566058
"5580","280028","Action_33","Morph_61","PELEY","Play","Objectmove","ObjectMove.1","Bossou",-0.0682788407532944,0.0193340494092374,0.0349087003222342
"5581","280028","Action_33","Morph_61","PELEY","Play","Objectmove","ObjectMove.1","Bossou",-0.916290731874155,0.0193340494092374,0.0349087003222342
"5582","280028","Action_33","Morph_61","PELEY","Play","Objectmove","ObjectMove.1","Bossou",0.183154543097847,0.0193340494092374,0.0349087003222342
"5583","280028","Action_33","Morph_64","PELEY","Play","Objectmove","ObjectMove.4","Bossou",-0.142716302201595,0.00161117078410311,0.0349087003222342
"5584","280431","Action_42","Morph_88","TUA","Position","Push","Push.1","Bossou",0.607589292198299,0.0128893662728249,0.0596133190118153
"5585","280200b","Action_60","Morph_127","FOTAIU","Stopbehaviour","Swing","Swing.1","Bossou",-0.220646671115623,0.0306122448979592,0.0370569280343716
"5586","280315a","Action_45","Morph_100","YUNRO","Affiliation","Reach","Reach.1","Bossou",1.19875923727305,0.0435016111707841,0.0719656283566058
"5587","280091","Action_60","Morph_127","TUA","Position","Swing","Swing.1","Bossou",0.441475545631197,0.0306122448979592,0.0370569280343716
"5588","280455","Action_20","Morph_45","NINA","Takeobjectnurse","Hitother","HitOther.1","Bossou",-0.567395975254385,0.0263157894736842,0.0402792696025779
"5589","280455","Action_38","Morph_77","NINA","Takeobjectnurse","Present","Present.3","Bossou",-0.286349627218002,0.0166487647690655,0.0596133190118153
"5590","280157a","Action_33","Morph_61","FANLE","Play","Objectmove","ObjectMove.1","Bossou",1.21253603498642,0.0193340494092374,0.0349087003222342
"5591","280157a","Action_60","Morph_128","FANLE","Play","Swing","Swing.2","Bossou",-0.00300450902029872,0.0037593984962406,0.0370569280343716
"5592","280157a","Action_33","Morph_61","FANLE","Play","Objectmove","ObjectMove.1","Bossou",1.21550604013961,0.0193340494092374,0.0349087003222342
"5593","280157a","Action_17","Morph_39","FANLE","Play","Hitobject","HitObject.1","Bossou",-0.388607991041741,0.0327604726100967,0.0408163265306122
"5594","280648b","Action_20","Morph_45","FANA","Moveaway","Hitother","HitOther.1","Bossou",-1.00239343092757,0.0263157894736842,0.0402792696025779
"5595","280589a","Action_29","Morph_58","FANLE","Play","Locomotegallop","LocomoteGallop.1","Bossou",-0.596020469829223,0.0134264232008593,0.0134264232008593
"5596","280029","Action_51","Morph_111","PELEY","Play","Spinpirouette","SpinPirouette.1","Bossou",0.862467925176648,0.00322234156820623,0.00322234156820623
"5597","280430","Action_45","Morph_100","JURU","Giveme","Reach","Reach.1","Bossou",0.521765563804325,0.0435016111707841,0.0719656283566058
"5598","280430","Action_45","Morph_101","JURU","Giveme","Reach","Reach.2","Bossou",1.51226600068183,0.027389903329753,0.0719656283566058
"5599","280430","Action_64","Morph_135","JURU","Giveme","Touchlongother","Touch.4","Bossou",1.00026416565033,0.00483351235230934,0.0112781954887218
"5600","280644","Action_13","Morph_28","FOTAIU","Moveaway","Fling","Fling.2","Bossou",-0.309246250367621,0.0209452201933405,0.0773361976369495
"5601","280341a","Action_28","Morph_57","NA_chimp","Affiliation","Locomotebipedal","LocomoteBipedal.2","Bossou",1.15404699555621,0.00429645542427497,0.0155746509129968
"5602","280341a","Action_54","Morph_114","NA_chimp","Affiliation","Stancebipedal","StanceBipedal.1","Bossou",1.71900954886339,0.0171858216970999,0.0171858216970999
"5603","280341a","Action_12","Morph_26","NA_chimp","Affiliation","Fingermouth","FingerMouth.1","Bossou",1.73183252064771,0.00429645542427497,0.00429645542427497
"5604","280422","Action_41","Morph_86","JIRE","Climbonme","Pull","Pull.3","Bossou",0.819339205797705,0.00698174006444683,0.0177228786251343
"5605","280222b","Action_4","Morph_13","PAMA","Affiliation","Bitekiss","Bite.5","Bossou",1.43746264769429,0.0075187969924812,0.0306122448979592
"5606","280288","Action_63","Morph_140","FOTAIU","Staysame","Touch","Touch.9","Bossou",0.188966099512623,0.00698174006444683,0.0429645542427497
"5607","280068","Action_38","Morph_77","PAMA","Directattention","Present","Present.3","Bossou",1.18601247894894,0.0166487647690655,0.0596133190118153
"5608","280244","Action_13","Morph_27","JIRE","Stopbehaviour","Fling","Fling.1","Bossou",-0.470003629245736,0.056390977443609,0.0773361976369495
"5609","280155","Action_38","Morph_79","FANA","Groom","Present","Present.5","Bossou",2.60172625853472,0.0134264232008593,0.0596133190118153
"5610","280205","Action_13","Morph_28","VELU","Moveaway","Fling","Fling.2","Bossou",-0.49429632181478,0.0209452201933405,0.0773361976369495
"5611","280211","Action_48","Morph_104","PILI","Play","Rollover","RollOver.1","Bossou",1.00905221195547,0.00429645542427497,0.00429645542427497
"5612","280051a","Action_20","Morph_45","PELEY","Play","Hitother","HitOther.1","Bossou",-0.640554730440775,0.0263157894736842,0.0402792696025779
"5613","280622","Action_1","Morph_2","JEJE","Affiliation","Beckon","Beckon.2","Bossou",-0.18152187662339,0.00268528464017186,0.0123523093447905
"5614","280622","Action_64","Morph_NA","JEJE","Affiliation","Touchlongother",NA,"Bossou",2.35242232784122,0.0365198711063373,0.0112781954887218
"5615","280628b","Action_13","Morph_27","YO","Stopbehaviour","Fling","Fling.1","Bossou",0.000999500333083423,0.056390977443609,0.0773361976369495
"5616","280576","Action_42","Morph_92","JIRE","Moveaway","Push","Push.5","Bossou",-0.221894331913778,0.00644468313641246,0.0596133190118153
"5617","280486","Action_4","Morph_10","PILI","Affiliation","Bitekiss","Bite.2","Bossou",2.73215727644544,0.0128893662728249,0.0306122448979592
"5618","280005b","Action_60","Morph_127","VUAVUA","Sexualattention","Swing","Swing.1","Bossou",-0.0682788407532944,0.0306122448979592,0.0370569280343716
"5619","280005b","Action_39","Morph_82","VUAVUA","Sexualattention","Presentgenitalsbackwards","PresentGenitals.1","Bossou",0.449800921928216,0.0354457572502685,0.0290010741138561
"5620","280005b","Action_39","Morph_82","VUAVUA","Sexualattention","Presentgenitalsbackwards","PresentGenitals.1","Bossou",1.56965704242226,0.0354457572502685,0.0290010741138561
"5621","280005b","Action_39","Morph_82","VUAVUA","Sexualattention","Presentgenitalsbackwards","PresentGenitals.1","Bossou",1.3704190119616,0.0354457572502685,0.0290010741138561
"5622","280151","Action_55","Morph_116","JEJE","Play","Stompingobject","StompObject.2","Bossou",-0.433864582629862,0.00912996777658432,0.0150375939849624
"5623","280151","Action_55","Morph_116","JEJE","Play","Stompingobject","StompObject.2","Bossou",-0.433864582629862,0.00912996777658432,0.0150375939849624
"5624","280151","Action_57","Morph_118","JEJE","Play","Stompobject","StompObject.4","Bossou",-0.502526820951296,0.00429645542427497,0.0236305048335124
"5625","280606b","Action_20","Morph_45","FANLE","Playcontinue","Hitother","HitOther.1","Bossou",-1.20064501423326,0.0263157894736842,0.0402792696025779
"5626","280240","Action_1","Morph_1","JIRE","Moveclose","Beckon","Beckon.1","Bossou",-0.562118918153541,0.00966702470461869,0.0123523093447905
"5627","280023","Action_42","Morph_93","FOTAIU","Moveaway","Push","Push.6","Bossou",0.000999500333083423,0.00805585392051558,0.0596133190118153
"5628","280023","Action_41","Morph_84","FOTAIU","Moveaway","Pull","Pull.1","Bossou",0.383900930192324,0.0037593984962406,0.0177228786251343
"5629","280076b","Action_13","Morph_27","JEJE","Stopbehaviour","Fling","Fling.1","Bossou",-1.27296567581289,0.056390977443609,0.0773361976369495
"5630","280518","Action_38","Morph_75","FANLE","Directattention","Present","Present.1","Bossou",1.47499181588118,0.0150375939849624,0.0596133190118153
"5631","280075","Action_13","Morph_27","FANLE","Moveaway","Fling","Fling.1","Bossou",-0.879476758751439,0.056390977443609,0.0773361976369495
"5632","280075","Action_13","Morph_27","FANLE","Moveaway","Fling","Fling.1","Bossou",-0.49593701127224,0.056390977443609,0.0773361976369495
"5633","280075","Action_13","Morph_27","FANLE","Moveaway","Fling","Fling.1","Bossou",-0.636766847123838,0.056390977443609,0.0773361976369495
"5634","280075","Action_13","Morph_27","FANLE","Moveaway","Fling","Fling.1","Bossou",-0.631111789640493,0.056390977443609,0.0773361976369495
"5635","280264","Action_45","Morph_101","YO","Play","Reach","Reach.2","Bossou",0.327863862084613,0.027389903329753,0.0719656283566058
"5636","280016","Action_23","Morph_48","FOKAIYE","Play","Hittingother","HitOther.4","Bossou",0.471252848646168,0.00429645542427497,0.00483351235230934
"5637","280123a","Action_55","Morph_116","JEJE","Play","Stompingobject","StompObject.2","Bossou",0.621651178854875,0.00912996777658432,0.0150375939849624
"5638","280123a","Action_57","Morph_118","JEJE","Play","Stompobject","StompObject.4","Bossou",-0.916290731874155,0.00429645542427497,0.0236305048335124
"5639","280123a","Action_50","Morph_107","JEJE","Play","Shake","Shake.1","Bossou",-0.770028224895903,0.0139634801288937,0.0343716433941998
"5640","280123a","Action_55","Morph_116","JEJE","Play","Stompingobject","StompObject.2","Bossou",0.768718367407019,0.00912996777658432,0.0150375939849624
"5641","280123a","Action_1","Morph_1","JEJE","Play","Beckon","Beckon.1","Bossou",-0.265268477614881,0.00966702470461869,0.0123523093447905
"5642","280123a","Action_1","Morph_2","JEJE","Play","Beckon","Beckon.2","Bossou",-0.657780036722654,0.00268528464017186,0.0123523093447905
"5643","280123a","Action_1","Morph_1","JEJE","Play","Beckon","Beckon.1","Bossou",-0.141563564321787,0.00966702470461869,0.0123523093447905
"5644","280123a","Action_17","Morph_41","JEJE","Play","Hitobject","HitObject.3","Bossou",-0.342490308946776,0.00537056928034372,0.0408163265306122
"5645","280123a","Action_60","Morph_128","JEJE","Play","Swing","Swing.2","Bossou",0.330741561912228,0.0037593984962406,0.0370569280343716
"5646","280123a","Action_17","Morph_39","JEJE","Play","Hitobject","HitObject.1","Bossou",-0.481266821524446,0.0327604726100967,0.0408163265306122
"5647","280123a","Action_60","Morph_127","JEJE","Play","Swing","Swing.1","Bossou",0.719302138036796,0.0306122448979592,0.0370569280343716
"5648","280123a","Action_57","Morph_115","JEJE","Play","Stompobject","StompObject.1","Bossou",-0.536143431750281,0.0150375939849624,0.0236305048335124
"5649","280123a","Action_55","Morph_121","JEJE","Play","Stompingobject","StompObject.7","Bossou",2.18109519540634,0.00161117078410311,0.0150375939849624
"5650","280123a","Action_55","Morph_116","JEJE","Play","Stompingobject","StompObject.2","Bossou",0.893226792275603,0.00912996777658432,0.0150375939849624
"5651","280123a","Action_55","Morph_121","JEJE","Play","Stompingobject","StompObject.7","Bossou",2.06622964770761,0.00161117078410311,0.0150375939849624
"5652","280123a","Action_55","Morph_116","JEJE","Play","Stompingobject","StompObject.2","Bossou",0.167207918983906,0.00912996777658432,0.0150375939849624
"5653","280123a","Action_55","Morph_116","JEJE","Play","Stompingobject","StompObject.2","Bossou",1.25447578649904,0.00912996777658432,0.0150375939849624
"5654","280123a","Action_60","Morph_128","JEJE","Play","Swing","Swing.2","Bossou",0.316998126785834,0.0037593984962406,0.0370569280343716
"5655","280123a","Action_50","Morph_109","JEJE","Play","Shake","Shake.3","Bossou",-0.371063681390832,0.0177228786251343,0.0343716433941998
"5656","280123a","Action_60","Morph_127","JEJE","Play","Swing","Swing.1","Bossou",-0.599656837472606,0.0306122448979592,0.0370569280343716
"5657","280123a","Action_50","Morph_109","JEJE","Play","Shake","Shake.3","Bossou",-1.04128722204884,0.0177228786251343,0.0343716433941998
"5658","280633b","Action_13","Morph_27","JIRE","Stopbehaviour","Fling","Fling.1","Bossou",0.288931291852213,0.056390977443609,0.0773361976369495
"5659","280405a","Action_21","Morph_44","VUI","Play","Hittingobject","HitObject.6","Bossou",-0.0725706928348354,0.00161117078410311,0.0118152524167562
"5660","280405a","Action_17","Morph_41","VUI","Play","Hitobject","HitObject.3","Bossou",-0.210721031315653,0.00537056928034372,0.0408163265306122
"5661","280405a","Action_17","Morph_41","VUI","Play","Hitobject","HitObject.3","Bossou",-0.867500567704723,0.00537056928034372,0.0408163265306122
"5662","280405a","Action_17","Morph_41","VUI","Play","Hitobject","HitObject.3","Bossou",-0.356674943938732,0.00537056928034372,0.0408163265306122
"5663","280405a","Action_17","Morph_39","VUI","Play","Hitobject","HitObject.1","Bossou",-1.07880966137193,0.0327604726100967,0.0408163265306122
"5664","280405a","Action_61","Morph_130","VUI","Play","Throwobject","ThrowObject.1","Bossou",-0.486133011175619,0.0161117078410312,0.0161117078410312
"5665","280323","Action_13","Morph_27","JIRE","Stopbehaviour","Fling","Fling.1","Bossou",-0.865122445299756,0.056390977443609,0.0773361976369495
"5666","280127","Action_38","Morph_NA","FOTAIU","Climbonme","Present",NA,"Bossou",0.0953101798043249,0.0365198711063373,0.0596133190118153
"5667","280094","Action_45","Morph_100","JEJE","Giveme","Reach","Reach.1","Bossou",1.39822293198516,0.0435016111707841,0.0719656283566058
"5668","280322","Action_13","Morph_28","YUNRO","Moveaway","Fling","Fling.2","Bossou",-0.0314906670913708,0.0209452201933405,0.0773361976369495
"5669","280095","Action_45","Morph_100","JEJE","Giveme","Reach","Reach.1","Bossou",0.855691109745226,0.0435016111707841,0.0719656283566058
"5670","280562a","Action_45","Morph_100","YOLO","Giveme","Reach","Reach.1","Bossou",-0.142716302201595,0.0435016111707841,0.0719656283566058
"5671","280540","Action_42","Morph_95","VUAVUA","Moveaway","Push","Push.8","Bossou",-0.265268477614881,0.00107411385606874,0.0596133190118153
"5672","280265","Action_2","Morph_3","YO","Travel","Bigloudscratch","BigLoudScratch.1","Bossou",0.954741918248408,0.00322234156820623,0.0241675617615467
"5673","280536a","Action_35","Morph_70","JEJE","Sexualattention","Out","Out.1","Bossou",0.126632650933366,0.0102040816326531,0.0150375939849624
"5674","280024","Action_63","Morph_137","PELEY","Staysame","Touch","Touch.6","Bossou",-0.567395975254385,0.00322234156820623,0.0429645542427497
"5675","280024","Action_36","Morph_73","PELEY","Staysame","Overstance","OverStance.2","Bossou",-0.510825623765991,0.00483351235230934,0.0134264232008593
"5676","280181","Action_45","Morph_100","NTO","Play","Reach","Reach.1","Bossou",0.0610950993598108,0.0435016111707841,0.0719656283566058
"5677","280459","Action_64","Morph_140","JIRE","Affiliation","Touchlongother","Touch.9","Bossou",1.30481311925201,0.00698174006444683,0.0112781954887218
"5678","280143","Action_4","Morph_10","YOLO","Affiliation","Bitekiss","Bite.2","Bossou",2.78173427389948,0.0128893662728249,0.0306122448979592
"5679","280600a","Action_14","Morph_30","YOLO","Play","Grab","Grab.2","Bossou",0.017839918128331,0.00429645542427497,0.023093447905478
"5680","280241","Action_13","Morph_27","JIRE","Moveaway","Fling","Fling.1","Bossou",-0.719491155899547,0.056390977443609,0.0773361976369495
"5681","280172","Action_38","Morph_79","JIRE","Groom","Present","Present.5","Bossou",0.645531326618282,0.0134264232008593,0.0596133190118153
"5682","280084","Action_42","Morph_93","YOLO","Moveaway","Push","Push.6","Bossou",-0.27443684570176,0.00805585392051558,0.0596133190118153
"5683","280624a","Action_20","Morph_45","YO","Play","Hitother","HitOther.1","Bossou",-0.691149177897272,0.0263157894736842,0.0402792696025779
"5684","280624a","Action_63","Morph_134","YO","Play","Touch","Touch.3","Bossou",-0.142716302201595,0.00698174006444683,0.0429645542427497
"5685","280624a","Action_42","Morph_90","YO","Play","Push","Push.3","Bossou",-1.00239343092757,0.0134264232008593,0.0596133190118153
"5686","280273","Action_45","Morph_100","TUA","Sexualattention","Reach","Reach.1","Bossou",-0.27443684570176,0.0435016111707841,0.0719656283566058
"5687","280273","Action_45","Morph_100","TUA","Sexualattention","Reach","Reach.1","Bossou",-0.191160505461159,0.0435016111707841,0.0719656283566058
"5688","280487","Action_34","Morph_66","VUI","Sexualattention","Objectshake","ObjectShake.2","Bossou",2.20375873868715,0.00322234156820623,0.014500537056928
"5689","280180a","Action_63","Morph_132","NINA","Affiliation","Touch","Touch.1","Bossou",-0.585190039054853,0.00859291084854995,0.0429645542427497
"5690","280180a","Action_45","Morph_101","NINA","Affiliation","Reach","Reach.2","Bossou",-0.131248286609954,0.027389903329753,0.0719656283566058
"5691","280577","Action_33","Morph_61","YOLO","Sexualattention","Objectmove","ObjectMove.1","Bossou",-0.95711272639441,0.0193340494092374,0.0349087003222342
"5692","280522a","Action_54","Morph_114","JEJE","Affiliation","Stancebipedal","StanceBipedal.1","Bossou",0.774266231844737,0.0171858216970999,0.0171858216970999
"5693","280522a","Action_35","Morph_71","JEJE","Affiliation","Out","Out.2","Bossou",0.126632650933366,0.00429645542427497,0.0150375939849624
"5694","280006","Action_40","Morph_82","FOAF","Sexualattention","Presentgenitalsforwards","PresentGenitals.1","Bossou",0.789820067820206,0.0354457572502685,0.00859291084854995
"5695","280481","Action_45","Morph_100","NINA","Affiliation","Reach","Reach.1","Bossou",-0.243346258631729,0.0435016111707841,0.0719656283566058
"5696","280485","Action_13","Morph_28","PILI","Stopbehaviour","Fling","Fling.2","Bossou",-0.59783700075562,0.0209452201933405,0.0773361976369495
"5697","280271","Action_41","Morph_86","YOLO","Affiliation","Pull","Pull.3","Bossou",0.489806256541915,0.00698174006444683,0.0177228786251343
"5698","280271","Action_11","Morph_22","YOLO","Affiliation","Embrace","Embrace.1","Bossou",0.719302138036796,0.00161117078410311,0.00859291084854995
"5699","280377","Action_64","Morph_138","NA_chimp","Affiliation","Touchlongother","Touch.7","Bossou",1.24616985302572,0.0107411385606874,0.0112781954887218
"5700","280320","Action_63","Morph_132","JIRE","Staysame","Touch","Touch.1","Bossou",-0.331285709933913,0.00859291084854995,0.0429645542427497
"5701","280166","Action_45","Morph_100","JEJE","Giveme","Reach","Reach.1","Bossou",1.14549587456696,0.0435016111707841,0.0719656283566058
"5702","280152","Action_34","Morph_65","FANLE","Playcontinue","Objectshake","ObjectShake.1","Bossou",1.74116768311199,0.00966702470461869,0.014500537056928
"5703","280606a","Action_45","Morph_100","JEJE","Playcontinue","Reach","Reach.1","Bossou",0.000999500333083423,0.0435016111707841,0.0719656283566058
"5704","280606a","Action_20","Morph_45","JEJE","Playcontinue","Hitother","HitOther.1","Bossou",-0.379797361359587,0.0263157894736842,0.0402792696025779
"5705","280170","Action_64","Morph_138","YOLO","Giveme","Touchlongother","Touch.7","Bossou",1.37801014153219,0.0107411385606874,0.0112781954887218
"5706","280243","Action_42","Morph_90","JIRE","Climbonme","Push","Push.3","Bossou",-0.681218609694672,0.0134264232008593,0.0596133190118153
"5707","280643","Action_42","Morph_91","JEJE","Stopbehaviour","Push","Push.4","Bossou",0.237440856015034,0.00805585392051558,0.0596133190118153
"5708","280419","Action_13","Morph_27","TUA","Moveaway","Fling","Fling.1","Bossou",-0.834710744881732,0.056390977443609,0.0773361976369495
"5709","280141","Action_39","Morph_82","FANLE","Sexualattention","Presentgenitalsbackwards","PresentGenitals.1","Bossou",0.708035793053696,0.0354457572502685,0.0290010741138561
"5710","280183","Action_63","Morph_138","FOTAIU","Giveme","Touch","Touch.7","Bossou",1.33236601909433,0.0107411385606874,0.0429645542427497
"5711","280423","Action_4","Morph_NA","NINA","Affiliation","Bitekiss",NA,"Bossou",1.49761209725184,0.0365198711063373,0.0306122448979592
"5712","280437","Action_45","Morph_100","JIRE","Climbonme","Reach","Reach.1","Bossou",0.237440856015034,0.0435016111707841,0.0719656283566058
"5713","280073","Action_42","Morph_88","VUAVUA","Climbonme","Push","Push.1","Bossou",-0.0544561857960589,0.0128893662728249,0.0596133190118153
"5714","280073","Action_42","Morph_88","VUAVUA","Climbonme","Push","Push.1","Bossou",0.405465108108164,0.0128893662728249,0.0596133190118153
"5715","280073","Action_42","Morph_90","VUAVUA","Climbonme","Push","Push.3","Bossou",-0.25231492861449,0.0134264232008593,0.0596133190118153
"5716","280542","Action_33","Morph_61","YOLO","Sexualattention","Objectmove","ObjectMove.1","Bossou",0.383900930192324,0.0193340494092374,0.0349087003222342
"5717","280542","Action_34","Morph_65","YOLO","Sexualattention","Objectshake","ObjectShake.1","Bossou",-0.141563564321787,0.00966702470461869,0.014500537056928
"5718","280542","Action_33","Morph_61","YOLO","Sexualattention","Objectmove","ObjectMove.1","Bossou",-0.567395975254385,0.0193340494092374,0.0349087003222342
"5719","280542","Action_33","Morph_61","YOLO","Sexualattention","Objectmove","ObjectMove.1","Bossou",-0.104250021373799,0.0193340494092374,0.0349087003222342
"5720","280544a","Action_33","Morph_61","YOLO","Sexualattention","Objectmove","ObjectMove.1","Bossou",-0.510825623765991,0.0193340494092374,0.0349087003222342
"5721","280544a","Action_34","Morph_65","YOLO","Sexualattention","Objectshake","ObjectShake.1","Bossou",1.98896963851576,0.00966702470461869,0.014500537056928
"5722","280544a","Action_28","Morph_57","YOLO","Sexualattention","Locomotebipedal","LocomoteBipedal.2","Bossou",1.47499181588118,0.00429645542427497,0.0155746509129968
"5723","280131","Action_45","Morph_100","JEJE","Giveme","Reach","Reach.1","Bossou",1.76267388833296,0.0435016111707841,0.0719656283566058
"5724","280097","Action_13","Morph_27","JIRE","Moveaway","Fling","Fling.1","Bossou",-0.638658995275876,0.056390977443609,0.0773361976369495
"5725","280405b","Action_34","Morph_65","NA_chimp","Play","Objectshake","ObjectShake.1","Bossou",0.822419516264084,0.00966702470461869,0.014500537056928
"5726","280405b","Action_42","Morph_94","NA_chimp","Play","Push","Push.7","Bossou",-0.776528789498996,0.00107411385606874,0.0596133190118153
"5727","280405b","Action_60","Morph_127","NA_chimp","Play","Swing","Swing.1","Bossou",0.156148682489931,0.0306122448979592,0.0370569280343716
"5728","280037","Action_42","Morph_90","FOAF","Position","Push","Push.3","Bossou",0.339325305603619,0.0134264232008593,0.0596133190118153
"5729","280037","Action_42","Morph_90","FOAF","Position","Push","Push.3","Bossou",-0.450985623409974,0.0134264232008593,0.0596133190118153
"5730","280608","Action_48","Morph_104","NA_chimp","Play","Rollover","RollOver.1","Bossou",1.63022045161663,0.00429645542427497,0.00429645542427497
"5731","280608","Action_63","Morph_132","NA_chimp","Play","Touch","Touch.1","Bossou",0.521765563804325,0.00859291084854995,0.0429645542427497
"5732","280562b","Action_63","Morph_NA","KAI","Stopbehaviour","Touch",NA,"Bossou",-0.691149177897272,0.0365198711063373,0.0429645542427497
"5733","280452","Action_14","Morph_29","FOTAIU","Play","Grab","Grab.1","Bossou",-0.510825623765991,0.0037593984962406,0.023093447905478
"5734","280452","Action_14","Morph_29","FOTAIU","Play","Grab","Grab.1","Bossou",-0.0502412164367468,0.0037593984962406,0.023093447905478
"5735","280130","Action_45","Morph_100","JEJE","Giveme","Reach","Reach.1","Bossou",0.810040932031445,0.0435016111707841,0.0719656283566058
"5736","280617","Action_50","Morph_107","JEJE","Sexualattention","Shake","Shake.1","Bossou",-0.916290731874155,0.0139634801288937,0.0343716433941998
"5737","280617","Action_50","Morph_107","JEJE","Sexualattention","Shake","Shake.1","Bossou",-0.76142602131324,0.0139634801288937,0.0343716433941998
"5738","280617","Action_50","Morph_107","JEJE","Sexualattention","Shake","Shake.1","Bossou",-0.567395975254385,0.0139634801288937,0.0343716433941998
"5739","280617","Action_35","Morph_70","JEJE","Sexualattention","Out","Out.1","Bossou",-0.104250021373799,0.0102040816326531,0.0150375939849624
"5740","280077","Action_45","Morph_101","JEJE","Giveme","Reach","Reach.2","Bossou",1.61183503703382,0.027389903329753,0.0719656283566058
"5741","280134b","Action_45","Morph_100","JIRE","Sexualattention","Reach","Reach.1","Bossou",1.64981180657237,0.0435016111707841,0.0719656283566058
"5742","280620","Action_42","Morph_93","FANA","Stopbehaviour","Push","Push.6","Bossou",0.263133199530368,0.00805585392051558,0.0596133190118153
"5743","280182","Action_13","Morph_28","NINA","Stopbehaviour","Fling","Fling.2","Bossou",-0.454130280089445,0.0209452201933405,0.0773361976369495
"5744","280140","Action_45","Morph_100","FOTAIU","Climbonme","Reach","Reach.1","Bossou",0.286681572118197,0.0435016111707841,0.0719656283566058
"5745","280307","Action_13","Morph_27","KAI","Moveaway","Fling","Fling.1","Bossou",-0.278392025544688,0.056390977443609,0.0773361976369495
"5746","280307","Action_13","Morph_27","KAI","Moveaway","Fling","Fling.1","Bossou",-0.278392025544688,0.056390977443609,0.0773361976369495
"5747","280307","Action_13","Morph_27","KAI","Moveaway","Fling","Fling.1","Bossou",-0.681218609694672,0.056390977443609,0.0773361976369495
"5748","280642","Action_14","Morph_30","FOKAIYE","Stopbehaviour","Grab","Grab.2","Bossou",0.0657877405380032,0.00429645542427497,0.023093447905478
"5749","280313","Action_13","Morph_27","TUA","Moveaway","Fling","Fling.1","Bossou",-0.789658080940789,0.056390977443609,0.0773361976369495
"5750","280242","Action_42","Morph_88","YO","Takeobjectnurse","Push","Push.1","Bossou",0.908258560176891,0.0128893662728249,0.0596133190118153
"5751","280293","Action_45","Morph_100","PILI","Climbonme","Reach","Reach.1","Bossou",1.06125650212434,0.0435016111707841,0.0719656283566058
"5752","280171","Action_42","Morph_92","YO","Moveaway","Push","Push.5","Bossou",0.562468856917829,0.00644468313641246,0.0596133190118153
"5753","280171","Action_42","Morph_92","YO","Moveaway","Push","Push.5","Bossou",1.29143408009593,0.00644468313641246,0.0596133190118153
"5754","280153","Action_8","Morph_19","FOKAIYE","Playcontinue","Dangle","Dangle.1","Bossou",0.844579884320155,0.0257787325456498,0.0257787325456498
"5755","280202","Action_45","Morph_100","YO","Climbonme","Reach","Reach.1","Bossou",0.628608659422374,0.0435016111707841,0.0719656283566058
"5756","280624b","Action_20","Morph_NA","FANWA","Play","Hitother",NA,"Bossou",-0.50916034444693,0.0365198711063373,0.0402792696025779
"5757","280624b","Action_20","Morph_45","FANWA","Play","Hitother","HitOther.1","Bossou",-1.00239343092757,0.0263157894736842,0.0402792696025779
"5758","280270","Action_13","Morph_28","JIRE","Stopbehaviour","Fling","Fling.2","Bossou",-0.108699416923341,0.0209452201933405,0.0773361976369495
"5759","280270","Action_13","Morph_28","JIRE","Stopbehaviour","Fling","Fling.2","Bossou",-0.941608539858445,0.0209452201933405,0.0773361976369495
"5760","280270","Action_13","Morph_28","JIRE","Stopbehaviour","Fling","Fling.2","Bossou",-0.923818998294947,0.0209452201933405,0.0773361976369495
"5761","280247","Action_13","Morph_27","FOAF","Moveaway","Fling","Fling.1","Bossou",-0.543004522130226,0.056390977443609,0.0773361976369495
"5762","280180b","Action_12","Morph_26","FOTAIU","Affiliation","Fingermouth","FingerMouth.1","Bossou",1.21846725047639,0.00429645542427497,0.00429645542427497
"5763","280484","Action_8","Morph_19","PONI","Play","Dangle","Dangle.1","Bossou",1.36634672331019,0.0257787325456498,0.0257787325456498
"5764","280484","Action_8","Morph_19","PONI","Play","Dangle","Dangle.1","Bossou",0.811818710277444,0.0257787325456498,0.0257787325456498
"5765","280484","Action_60","Morph_127","PONI","Play","Swing","Swing.1","Bossou",-0.355247391947547,0.0306122448979592,0.0370569280343716
"5766","280570b","Action_17","Morph_40","FOTAIU","Stopbehaviour","Hitobject","HitObject.2","Bossou",-1.20397280432594,0.00483351235230934,0.0408163265306122
"5767","280570b","Action_17","Morph_39","FOTAIU","Stopbehaviour","Hitobject","HitObject.1","Bossou",-1.38629436111989,0.0327604726100967,0.0408163265306122
"5768","280570b","Action_55","Morph_117","FOTAIU","Stopbehaviour","Stompingobject","StompObject.3","Bossou",-0.404965233066513,0.00429645542427497,0.0150375939849624
"5769","280570b","Action_57","Morph_115","FOTAIU","Stopbehaviour","Stompobject","StompObject.1","Bossou",-1.14885350510486,0.0150375939849624,0.0236305048335124
"5770","250096","Action_13","Morph_28","JIRE","Stopbehaviour","Fling","Fling.2","Bossou",-1.73727128394399,0.0209452201933405,0.0773361976369495
"5771","250084b","Action_45","Morph_101","FOAF","Affiliation","Reach","Reach.2","Bossou",-1.15836229307388,0.027389903329753,0.0719656283566058
"5772","250045a","Action_44","Morph_99","FLANLE","Support","Rakeself","RakeSelf.1","Bossou",-0.931404369684203,0.00537056928034372,0.00537056928034372
"5773","250045a","Action_44","Morph_99","FLANLE","Support","Rakeself","RakeSelf.1","Bossou",-0.675307262431614,0.00537056928034372,0.00537056928034372
"5774","250045a","Action_29","Morph_58","FLANLE","Support","Locomotegallop","LocomoteGallop.1","Bossou",0.909870164071232,0.0134264232008593,0.0134264232008593
"5775","250072","Action_2","Morph_4","JEJE","Groom","Bigloudscratch","BigLoudScratch.2","Bossou",0.807814255538071,0.0150375939849624,0.0241675617615467
"5776","250029","Action_61","Morph_130","FLANLE","Play","Throwobject","ThrowObject.1","Bossou",0.493475985430878,0.0161117078410312,0.0161117078410312
"5777","250021","Action_12","Morph_26","FANWA","Affiliation","Fingermouth","FingerMouth.1","Bossou",0.916290731874155,0.00429645542427497,0.00429645542427497
"5778","250147a","Action_50","Morph_109","JEJE","Moveaway","Shake","Shake.3","Bossou",-0.22314355131421,0.0177228786251343,0.0343716433941998
"5779","250147a","Action_24","Morph_51","JEJE","Moveaway","Jump","Jump.1","Bossou",-0.352398387171472,0.0128893662728249,0.0128893662728249
"5780","250147a","Action_29","Morph_58","JEJE","Moveaway","Locomotegallop","LocomoteGallop.1","Bossou",0.00697561373642514,0.0134264232008593,0.0134264232008593
"5781","250147a","Action_35","Morph_71","JEJE","Moveaway","Out","Out.2","Bossou",-0.303811454381665,0.00429645542427497,0.0150375939849624
"5782","250147a","Action_13","Morph_27","JEJE","Moveaway","Fling","Fling.1","Bossou",-1.13320373343773,0.056390977443609,0.0773361976369495
"5783","250097","Action_13","Morph_28","JIRE","Stopbehaviour","Fling","Fling.2","Bossou",-0.231932057347289,0.0209452201933405,0.0773361976369495
"5784","250095","Action_13","Morph_28","JIRE","Moveaway","Fling","Fling.2","Bossou",-1.44816976483798,0.0209452201933405,0.0773361976369495
"5785","250084a","Action_50","Morph_109","JEJE","Affiliation","Shake","Shake.3","Bossou",0.778407024510769,0.0177228786251343,0.0343716433941998
"5786","250023","Action_17","Morph_42","JEJE","Stopbehaviour","Hitobject","HitObject.4","Bossou",-0.515838165589535,0.00590762620837809,0.0408163265306122
"5787","250023","Action_17","Morph_40","JEJE","Stopbehaviour","Hitobject","HitObject.2","Bossou",-0.665532013526972,0.00483351235230934,0.0408163265306122
"5788","250131a","Action_45","Morph_101","VELU","Affiliation","Reach","Reach.2","Bossou",0.331459694797669,0.027389903329753,0.0719656283566058
"5789","250102","Action_17","Morph_39","FOAF","Stopbehaviour","Hitobject","HitObject.1","Bossou",-0.744440474947496,0.0327604726100967,0.0408163265306122
"5790","250103","Action_4","Morph_14","FANA","Affiliation","Bitekiss","Bite.6","Bossou",1.12167756159911,0.00214822771213749,0.0306122448979592
"5791","250101","Action_45","Morph_101","FLANLE","Affiliation","Reach","Reach.2","Bossou",-0.697155201957484,0.027389903329753,0.0719656283566058
"5792","250022","Action_63","Morph_135","FANLE","Giveme","Touch","Touch.4","Bossou",-0.32989392126109,0.00483351235230934,0.0429645542427497
"5793","250147b","Action_24","Morph_51","FOAF","Stopbehaviour","Jump","Jump.1","Bossou",0.504405055963068,0.0128893662728249,0.0128893662728249
"5794","250039","Action_33","Morph_62","FLANLE","Play","Objectmove","ObjectMove.2","Bossou",-0.0345914447696191,0.0123523093447905,0.0349087003222342
"5795","250137","Action_50","Morph_107","FANLE","Climbonme","Shake","Shake.1","Bossou",-0.457284856837961,0.0139634801288937,0.0343716433941998
"5796","250137","Action_54","Morph_114","FANLE","Climbonme","Stancebipedal","StanceBipedal.1","Bossou",-0.3078847797693,0.0171858216970999,0.0171858216970999
"5797","250137","Action_54","Morph_114","FANLE","Climbonme","Stancebipedal","StanceBipedal.1","Bossou",-0.572701027484078,0.0171858216970999,0.0171858216970999
"5798","250137","Action_38","Morph_76","FANLE","Climbonme","Present","Present.2","Bossou",1.46325540225602,0.00590762620837809,0.0596133190118153
"5799","250137","Action_60","Morph_127","FANLE","Climbonme","Swing","Swing.1","Bossou",-1.45671682541644,0.0306122448979592,0.0370569280343716
"5800","250099a","Action_43","Morph_96","FLANLE","Play","Raise","Raise.1","Bossou",-0.0356271776431512,0.0268528464017186,0.0349087003222342
"5801","250099a","Action_43","Morph_NA","FLANLE","Play","Raise",NA,"Bossou",0.113328685307003,0.0365198711063373,0.0349087003222342
"5802","250099a","Action_60","Morph_127","FLANLE","Play","Swing","Swing.1","Bossou",0.134530892957606,0.0306122448979592,0.0370569280343716
"5803","250099a","Action_24","Morph_51","FLANLE","Play","Jump","Jump.1","Bossou",-0.510825623765991,0.0128893662728249,0.0128893662728249
"5804","250099a","Action_34","Morph_66","FLANLE","Play","Objectshake","ObjectShake.2","Bossou",1.24703229378638,0.00322234156820623,0.014500537056928
"5805","250106","Action_13","Morph_28","FOAF","Stopbehaviour","Fling","Fling.2","Bossou",-1.44392347395653,0.0209452201933405,0.0773361976369495
"5806","250106","Action_57","Morph_115","FOAF","Stopbehaviour","Stompobject","StompObject.1","Bossou",-0.928869514081015,0.0150375939849624,0.0236305048335124
"5807","250130a","Action_11","Morph_NA","FANWA","Affiliation","Embrace",NA,"Bossou",0.607589292198299,0.0365198711063373,0.00859291084854995
"5808","250141b","Action_61","Morph_130","FLANLE","Play","Throwobject","ThrowObject.1","Bossou",0.12751332029896,0.0161117078410312,0.0161117078410312
"5809","250141b","Action_61","Morph_130","FLANLE","Play","Throwobject","ThrowObject.1","Bossou",0.484276288532454,0.0161117078410312,0.0161117078410312
"5810","250139a","Action_62","Morph_131","FLANLE","Play","Throwthreat","ThrowThreat.1","Bossou",-0.236988958136263,0.0193340494092374,0.0193340494092374
"5811","250139a","Action_62","Morph_131","FLANLE","Play","Throwthreat","ThrowThreat.1","Bossou",0.387979793767145,0.0193340494092374,0.0193340494092374
"5812","250139a","Action_61","Morph_130","FLANLE","Play","Throwobject","ThrowObject.1","Bossou",0.199670195128568,0.0161117078410312,0.0161117078410312
"5813","250139a","Action_33","Morph_63","FLANLE","Play","Objectmove","ObjectMove.3","Bossou",-0.563874844855806,0.00214822771213749,0.0349087003222342
"5814","250139a","Action_61","Morph_130","FLANLE","Play","Throwobject","ThrowObject.1","Bossou",-0.188742124596877,0.0161117078410312,0.0161117078410312
"5815","250080b","Action_13","Morph_27","FANLE","Moveaway","Fling","Fling.1","Bossou",-0.82098055206983,0.056390977443609,0.0773361976369495
"5816","250038","Action_18","Morph_39","FLANLE","Moveaway","Hitobjectobject","HitObject.1","Bossou",0.285930539412975,0.0327604726100967,0.00268528464017186
"5817","250038","Action_33","Morph_62","FLANLE","Moveaway","Objectmove","ObjectMove.2","Bossou",0.631803550318893,0.0123523093447905,0.0349087003222342
"5818","250038","Action_33","Morph_61","FLANLE","Moveaway","Objectmove","ObjectMove.1","Bossou",-0.767870726755882,0.0193340494092374,0.0349087003222342
"5819","250085a","Action_36","Morph_NA","FOAF","Affiliation","Overstance",NA,"Bossou",0.772420361454453,0.0365198711063373,0.0134264232008593
"5820","250082","Action_2","Morph_4","FOAF","Groom","Bigloudscratch","BigLoudScratch.2","Bossou",0.445326641533295,0.0150375939849624,0.0241675617615467
"5821","250082","Action_38","Morph_75","FOAF","Groom","Present","Present.1","Bossou",1.06125650212434,0.0150375939849624,0.0596133190118153
"5822","250051","Action_4","Morph_12","FLANLE","Affiliation","Bitekiss","Bite.4","Bossou",-0.269187489815617,0.00214822771213749,0.0306122448979592
"5823","250051","Action_4","Morph_12","FLANLE","Affiliation","Bitekiss","Bite.4","Bossou",-0.183922838160928,0.00214822771213749,0.0306122448979592
"5824","250099b","Action_45","Morph_101","YO","Play","Reach","Reach.2","Bossou",1.8808381523116,0.027389903329753,0.0719656283566058
"5825","250105","Action_17","Morph_39","FOAF","Stopbehaviour","Hitobject","HitObject.1","Bossou",-0.328504066972036,0.0327604726100967,0.0408163265306122
"5826","250120a","Action_35","Morph_70","FOAF","Affiliation","Out","Out.1","Bossou",-0.484508315448617,0.0102040816326531,0.0150375939849624
"5827","250120a","Action_36","Morph_72","FOAF","Affiliation","Overstance","OverStance.1","Bossou",-0.585190039054853,0.00698174006444683,0.0134264232008593
"5828","250130b","Action_11","Morph_NA","VELU","Affiliation","Embrace",NA,"Bossou",1.20746669358019,0.0365198711063373,0.00859291084854995
"5829","250139b","Action_13","Morph_27","YO","Stopbehaviour","Fling","Fling.1","Bossou",-0.482886255076749,0.056390977443609,0.0773361976369495
"5830","250139b","Action_13","Morph_27","YO","Stopbehaviour","Fling","Fling.1","Bossou",-0.525939261576039,0.056390977443609,0.0773361976369495
"5831","250139b","Action_13","Morph_27","YO","Stopbehaviour","Fling","Fling.1","Bossou",-0.928869514081015,0.056390977443609,0.0773361976369495
"5832","250139b","Action_14","Morph_31","YO","Stopbehaviour","Grab","Grab.3","Bossou",-0.335472736288129,0.00805585392051558,0.023093447905478
"5833","250139b","Action_13","Morph_27","YO","Stopbehaviour","Fling","Fling.1","Bossou",-0.928869514081015,0.056390977443609,0.0773361976369495
"5834","250085b","Action_63","Morph_134","YO","Affiliation","Touch","Touch.3","Bossou",0.4811908186363,0.00698174006444683,0.0429645542427497
"5835","250003a","Action_39","Morph_82","FANA","Sexualattention","Presentgenitalsbackwards","PresentGenitals.1","Bossou",0.580538236177291,0.0354457572502685,0.0290010741138561
"5836","250030a","Action_61","Morph_130","FLANLE","Play","Throwobject","ThrowObject.1","Bossou",0.88128512267534,0.0161117078410312,0.0161117078410312
"5837","250050a","Action_36","Morph_72","JEJE","Affiliation","Overstance","OverStance.1","Bossou",1.01884732019925,0.00698174006444683,0.0134264232008593
"5838","250050a","Action_50","Morph_109","JEJE","Affiliation","Shake","Shake.3","Bossou",-0.372514007968479,0.0177228786251343,0.0343716433941998
"5839","250028a","Action_18","Morph_39","FLANLE","Play","Hitobjectobject","HitObject.1","Bossou",-0.544727175441672,0.0327604726100967,0.00268528464017186
"5840","250028a","Action_61","Morph_130","FLANLE","Play","Throwobject","ThrowObject.1","Bossou",0.291175961706037,0.0161117078410312,0.0161117078410312
"5841","250071","Action_45","Morph_101","FANLE","Climbonme","Reach","Reach.2","Bossou",0.804688555292853,0.027389903329753,0.0719656283566058
"5842","250071","Action_1","Morph_1","FANLE","Climbonme","Beckon","Beckon.1","Bossou",0,0.00966702470461869,0.0123523093447905
"5843","250091","Action_61","Morph_130","FLANLE","Groom","Throwobject","ThrowObject.1","Bossou",0.815807193295833,0.0161117078410312,0.0161117078410312
"5844","250133","Action_61","Morph_130","FLANLE","Playcontinue","Throwobject","ThrowObject.1","Bossou",0.493475985430878,0.0161117078410312,0.0161117078410312
"5845","250003b","Action_50","Morph_109","JEJE","Sexualattention","Shake","Shake.3","Bossou",-0.186329578191493,0.0177228786251343,0.0343716433941998
"5846","250003b","Action_24","Morph_51","JEJE","Sexualattention","Jump","Jump.1","Bossou",-0.572701027484078,0.0128893662728249,0.0128893662728249
"5847","250003b","Action_36","Morph_72","JEJE","Sexualattention","Overstance","OverStance.1","Bossou",-0.0629397997738742,0.00698174006444683,0.0134264232008593
"5848","250116","Action_33","Morph_63","FLANLE","Play","Objectmove","ObjectMove.3","Bossou",1.55032464794159,0.00214822771213749,0.0349087003222342
"5849","250030b","Action_13","Morph_27","JIRE","Moveaway","Fling","Fling.1","Bossou",-0.7339691750802,0.056390977443609,0.0773361976369495
"5850","250030b","Action_17","Morph_40","JIRE","Moveaway","Hitobject","HitObject.2","Bossou",-0.539568092631645,0.00483351235230934,0.0408163265306122
"5851","250030b","Action_13","Morph_27","JIRE","Moveaway","Fling","Fling.1","Bossou",-1.17441400208439,0.056390977443609,0.0773361976369495
"5852","250044","Action_42","Morph_88","JEJE","Moveaway","Push","Push.1","Bossou",0.713439883827708,0.0128893662728249,0.0596133190118153
"5853","250028b","Action_13","Morph_27","JIRE","Stopbehaviour","Fling","Fling.1","Bossou",-0.555125882662571,0.056390977443609,0.0773361976369495
"5854","250028b","Action_13","Morph_28","JIRE","Stopbehaviour","Fling","Fling.2","Bossou",-1.23100147671386,0.0209452201933405,0.0773361976369495
"5855","250142","Action_8","Morph_19","FLANLE","Play","Dangle","Dangle.1","Bossou",1.05117121406797,0.0257787325456498,0.0257787325456498
"5856","250142","Action_57","Morph_115","FLANLE","Play","Stompobject","StompObject.1","Bossou",-1.43969513784701,0.0150375939849624,0.0236305048335124
"5857","250012","Action_50","Morph_109","FANLE","Staysame","Shake","Shake.3","Bossou",1.11119940417358,0.0177228786251343,0.0343716433941998
"5858","250135","Action_61","Morph_130","FLANLE","Moveaway","Throwobject","ThrowObject.1","Bossou",0.717351869256763,0.0161117078410312,0.0161117078410312
"5859","250047","Action_36","Morph_72","JIRE","Affiliation","Overstance","OverStance.1","Bossou",0.60267527739587,0.00698174006444683,0.0134264232008593
"5860","250077","Action_50","Morph_109","JEJE","Stopbehaviour","Shake","Shake.3","Bossou",-0.644357016390513,0.0177228786251343,0.0343716433941998
"5861","250077","Action_50","Morph_109","JEJE","Stopbehaviour","Shake","Shake.3","Bossou",0.242946178610389,0.0177228786251343,0.0343716433941998
"5862","250077","Action_35","Morph_70","JEJE","Stopbehaviour","Out","Out.1","Bossou",-0.372514007968479,0.0102040816326531,0.0150375939849624
"5863","250070","Action_28","Morph_56","JEJE","Affiliation","Locomotebipedal","LocomoteBipedal.1","Bossou",0.370183293963525,0.0112781954887218,0.0155746509129968
"5864","250070","Action_35","Morph_71","JEJE","Affiliation","Out","Out.2","Bossou",-0.505838082254952,0.00429645542427497,0.0150375939849624
"5865","250037","Action_13","Morph_27","JEJE","Moveaway","Fling","Fling.1","Bossou",-0.916290731874155,0.056390977443609,0.0773361976369495
"5866","250016","Action_36","Morph_72","JIRE","Affiliation","Overstance","OverStance.1","Bossou",1.33920275358604,0.00698174006444683,0.0134264232008593
"5867","250053","Action_17","Morph_40","FLANLE","Affiliation","Hitobject","HitObject.2","Bossou",-0.592397277459802,0.00483351235230934,0.0408163265306122
"5868","250053","Action_5","Morph_17","FLANLE","Affiliation","Bounce","Bounce.1","Bossou",0.771496146970922,0.0204081632653061,0.0204081632653061
"5869","250067","Action_2","Morph_4","JIRE","Followme","Bigloudscratch","BigLoudScratch.2","Bossou",0.538829820175588,0.0150375939849624,0.0241675617615467
"5870","250067","Action_2","Morph_4","JIRE","Followme","Bigloudscratch","BigLoudScratch.2","Bossou",-0.388607991041741,0.0150375939849624,0.0241675617615467
"5871","250017","Action_2","Morph_4","FANLE","Staysame","Bigloudscratch","BigLoudScratch.2","Bossou",1.01269122616047,0.0150375939849624,0.0241675617615467
"5872","250017","Action_50","Morph_109","FANLE","Staysame","Shake","Shake.3","Bossou",0.255417111864505,0.0177228786251343,0.0343716433941998
"5873","250042a","Action_46","Morph_103","FLANLE","Play","Rockingbipedal","Rocking.1","Bossou",0.507419830631158,0.00322234156820623,0.00214822771213749
"5874","250042a","Action_61","Morph_130","FLANLE","Play","Throwobject","ThrowObject.1","Bossou",0.511025603768657,0.0161117078410312,0.0161117078410312
"5875","250146","Action_54","Morph_114","FLANLE","Play","Stancebipedal","StanceBipedal.1","Bossou",1.25133337568577,0.0171858216970999,0.0171858216970999
"5876","250146","Action_28","Morph_56","FLANLE","Play","Locomotebipedal","LocomoteBipedal.1","Bossou",0.759870812602853,0.0112781954887218,0.0155746509129968
"5877","250146","Action_5","Morph_17","FLANLE","Play","Bounce","Bounce.1","Bossou",0.544647172241501,0.0204081632653061,0.0204081632653061
"5878","250146","Action_43","Morph_96","FLANLE","Play","Raise","Raise.1","Bossou",-0.675307262431614,0.0268528464017186,0.0349087003222342
"5879","250002b","Action_39","Morph_82","FANA","Sexualattention","Presentgenitalsbackwards","PresentGenitals.1","Bossou",1.11874165996328,0.0354457572502685,0.0290010741138561
"5880","250129","Action_17","Morph_39","FLANLE","Play","Hitobject","HitObject.1","Bossou",-0.167235919375914,0.0327604726100967,0.0408163265306122
"5881","250129","Action_33","Morph_61","FLANLE","Play","Objectmove","ObjectMove.1","Bossou",0.185649346886629,0.0193340494092374,0.0349087003222342
"5882","250129","Action_24","Morph_51","FLANLE","Play","Jump","Jump.1","Bossou",-0.484508315448617,0.0128893662728249,0.0128893662728249
"5883","250015","Action_50","Morph_109","FANLE","Staysame","Shake","Shake.3","Bossou",-0.360969868221613,0.0177228786251343,0.0343716433941998
"5884","250015","Action_2","Morph_4","FANLE","Staysame","Bigloudscratch","BigLoudScratch.2","Bossou",1.96206467352626,0.0150375939849624,0.0241675617615467
"5885","250078","Action_4","Morph_13","FANA","Affiliation","Bitekiss","Bite.5","Bossou",1.14103300455206,0.0075187969924812,0.0306122448979592
"5886","250078","Action_4","Morph_13","FANA","Affiliation","Bitekiss","Bite.5","Bossou",0.816249377693929,0.0075187969924812,0.0306122448979592
"5887","250008","Action_13","Morph_27","FOAF","Stopbehaviour","Fling","Fling.1","Bossou",-0.931404369684203,0.056390977443609,0.0773361976369495
"5888","250065","Action_62","Morph_131","FLANLE","Play","Throwthreat","ThrowThreat.1","Bossou",0.348541960708543,0.0193340494092374,0.0193340494092374
"5889","250014","Action_13","Morph_28","FOAF","Stopbehaviour","Fling","Fling.2","Bossou",-0.721546655081643,0.0209452201933405,0.0773361976369495
"5890","250043","Action_48","Morph_104","FOAF","Playcontinue","Rollover","RollOver.1","Bossou",0.526502103150998,0.00429645542427497,0.00429645542427497
"5891","250134","Action_61","Morph_130","FLANLE","Play","Throwobject","ThrowObject.1","Bossou",0.137149838147234,0.0161117078410312,0.0161117078410312
"5892","250019","Action_50","Morph_109","FANLE","Staysame","Shake","Shake.3","Bossou",0.0421011760186353,0.0177228786251343,0.0343716433941998
"5893","250019","Action_50","Morph_109","FANLE","Staysame","Shake","Shake.3","Bossou",0.506817602368452,0.0177228786251343,0.0343716433941998
"5894","250019","Action_5","Morph_17","FANLE","Staysame","Bounce","Bounce.1","Bossou",1.80319384685372,0.0204081632653061,0.0204081632653061
"5895","250019","Action_50","Morph_109","FANLE","Staysame","Shake","Shake.3","Bossou",0.238229188732251,0.0177228786251343,0.0343716433941998
"5896","250060","Action_61","Morph_130","FLANLE","Play","Throwobject","ThrowObject.1","Bossou",0.51402051466251,0.0161117078410312,0.0161117078410312
"5897","250060","Action_50","Morph_109","FLANLE","Play","Shake","Shake.3","Bossou",-0.679244275390954,0.0177228786251343,0.0343716433941998
"5898","250011","Action_21","Morph_39","FOAF","Stopbehaviour","Hittingobject","HitObject.1","Bossou",-0.579818495252942,0.0327604726100967,0.0118152524167562
"5899","250041b","Action_45","Morph_101","JEJE","Stopbehaviour","Reach","Reach.2","Bossou",-0.657780036722654,0.027389903329753,0.0719656283566058
"5900","250010","Action_3","Morph_15","FANWA","Affiliation","Bite","Bite.7","Bossou",0.162118849476435,0.0037593984962406,0.00644468313641246
"5901","250074","Action_42","Morph_90","FANLE","Groom","Push","Push.3","Bossou",0.698134722070984,0.0134264232008593,0.0596133190118153
"5902","250036","Action_55","Morph_121","FLANLE","Play","Stompingobject","StompObject.7","Bossou",0.528272537369711,0.00161117078410311,0.0150375939849624
"5903","250036","Action_24","Morph_51","FLANLE","Play","Jump","Jump.1","Bossou",-0.336872316642553,0.0128893662728249,0.0128893662728249
"5904","250036","Action_17","Morph_42","FLANLE","Play","Hitobject","HitObject.4","Bossou",-0.455706324544911,0.00590762620837809,0.0408163265306122
"5905","250036","Action_29","Morph_58","FLANLE","Play","Locomotegallop","LocomoteGallop.1","Bossou",0.17730901497041,0.0134264232008593,0.0134264232008593
"5906","250036","Action_34","Morph_66","FLANLE","Play","Objectshake","ObjectShake.2","Bossou",0.287432041196572,0.00322234156820623,0.014500537056928
"5907","250036","Action_34","Morph_65","FLANLE","Play","Objectshake","ObjectShake.1","Bossou",0.354171813720614,0.00966702470461869,0.014500537056928
"5908","250061","Action_34","Morph_65","FLANLE","Playcontinue","Objectshake","ObjectShake.1","Bossou",0.306749135169007,0.00966702470461869,0.014500537056928
"5909","250061","Action_43","Morph_96","FLANLE","Playcontinue","Raise","Raise.1","Bossou",-0.388607991041741,0.0268528464017186,0.0349087003222342
"5910","250018","Action_4","Morph_13","JIRE","Affiliation","Bitekiss","Bite.5","Bossou",1.11579711342221,0.0075187969924812,0.0306122448979592
"5911","250052","Action_33","Morph_63","FLANLE","Play","Objectmove","ObjectMove.3","Bossou",0.0573250666192694,0.00214822771213749,0.0349087003222342
"5912","250052","Action_33","Morph_62","FLANLE","Play","Objectmove","ObjectMove.2","Bossou",0.059211859631846,0.0123523093447905,0.0349087003222342
"5913","250052","Action_33","Morph_62","FLANLE","Play","Objectmove","ObjectMove.2","Bossou",0.193920692637306,0.0123523093447905,0.0349087003222342
"5914","250052","Action_29","Morph_58","FLANLE","Play","Locomotegallop","LocomoteGallop.1","Bossou",0.765002617660373,0.0134264232008593,0.0134264232008593
"5915","250124","Action_45","Morph_101","FANA","Affiliation","Reach","Reach.2","Bossou",1.39426253076907,0.027389903329753,0.0719656283566058
"5916","250144b","Action_13","Morph_27","FANA","Play","Fling","Fling.1","Bossou",-0.0932123817221787,0.056390977443609,0.0773361976369495
"5917","250024b","Action_31","Morph_59","JEJE","Stopbehaviour","Lunge","Lunge.1","Bossou",0.0980337402713654,0.00214822771213749,0.00214822771213749
"5918","250024b","Action_17","Morph_39","JEJE","Stopbehaviour","Hitobject","HitObject.1","Bossou",-0.24079848655293,0.0327604726100967,0.0408163265306122
"5919","250126","Action_13","Morph_28","FANLE","Moveaway","Fling","Fling.2","Bossou",-0.941608539858445,0.0209452201933405,0.0773361976369495
"5920","250034","Action_17","Morph_39","FLANLE","Play","Hitobject","HitObject.1","Bossou",0.0372957847436969,0.0327604726100967,0.0408163265306122
"5921","250034","Action_5","Morph_17","FLANLE","Play","Bounce","Bounce.1","Bossou",0.89527136465008,0.0204081632653061,0.0204081632653061
"5922","250034","Action_28","Morph_56","FLANLE","Play","Locomotebipedal","LocomoteBipedal.1","Bossou",-0.154317360384357,0.0112781954887218,0.0155746509129968
"5923","250034","Action_5","Morph_17","FLANLE","Play","Bounce","Bounce.1","Bossou",-0.342490308946776,0.0204081632653061,0.0204081632653061
"5924","250034","Action_57","Morph_115","FLANLE","Play","Stompobject","StompObject.1","Bossou",0.0815799869924228,0.0150375939849624,0.0236305048335124
"5925","250041a","Action_62","Morph_131","FLANLE","Play","Throwthreat","ThrowThreat.1","Bossou",0.624868339806651,0.0193340494092374,0.0193340494092374
"5926","250041a","Action_62","Morph_131","FLANLE","Play","Throwthreat","ThrowThreat.1","Bossou",0.708035793053696,0.0193340494092374,0.0193340494092374
"5927","250041a","Action_62","Morph_131","FLANLE","Play","Throwthreat","ThrowThreat.1","Bossou",0.268499253035007,0.0193340494092374,0.0193340494092374
"5928","250041a","Action_62","Morph_131","FLANLE","Play","Throwthreat","ThrowThreat.1","Bossou",0.270790204781563,0.0193340494092374,0.0193340494092374
"5929","250035","Action_13","Morph_27","JEJE","Moveaway","Fling","Fling.1","Bossou",-0.603306476560156,0.056390977443609,0.0773361976369495
"5930","250079","Action_4","Morph_13","FANA","Affiliation","Bitekiss","Bite.5","Bossou",0.118671529717499,0.0075187969924812,0.0306122448979592
"5931","250127","Action_42","Morph_88","YO","Moveclose","Push","Push.1","Bossou",0.207826847202317,0.0128893662728249,0.0596133190118153
"5932","250069","Action_38","Morph_76","FANLE","Climbonme","Present","Present.2","Bossou",0.478095799143072,0.00590762620837809,0.0596133190118153
"5933","250020","Action_2","Morph_4","FANLE","Staysame","Bigloudscratch","BigLoudScratch.2","Bossou",1.19966353273784,0.0150375939849624,0.0241675617615467
"5934","250020","Action_44","Morph_99","FANLE","Staysame","Rakeself","RakeSelf.1","Bossou",0.185649346886629,0.00537056928034372,0.00537056928034372
"5935","250020","Action_44","Morph_99","FANLE","Staysame","Rakeself","RakeSelf.1","Bossou",-0.53785429615391,0.00537056928034372,0.00537056928034372
"5936","250020","Action_44","Morph_99","FANLE","Staysame","Rakeself","RakeSelf.1","Bossou",-0.731888008876376,0.00537056928034372,0.00537056928034372
"5937","250020","Action_5","Morph_17","FANLE","Staysame","Bounce","Bounce.1","Bossou",1.06712162157674,0.0204081632653061,0.0204081632653061
"5938","250020","Action_46","Morph_103","FANLE","Staysame","Rockingbipedal","Rocking.1","Bossou",1.19573899939883,0.00322234156820623,0.00214822771213749
"5939","250020","Action_46","Morph_103","FANLE","Staysame","Rockingbipedal","Rocking.1","Bossou",0.89771934628872,0.00322234156820623,0.00214822771213749
"5940","250024a","Action_33","Morph_62","FLANLE","Play","Objectmove","ObjectMove.2","Bossou",0.644482008578664,0.0123523093447905,0.0349087003222342
"5941","250024a","Action_24","Morph_51","FLANLE","Play","Jump","Jump.1","Bossou",-0.596020469829223,0.0128893662728249,0.0128893662728249
"5942","250024a","Action_29","Morph_58","FLANLE","Play","Locomotegallop","LocomoteGallop.1","Bossou",-0.667479433811368,0.0134264232008593,0.0134264232008593
"5943","250024a","Action_29","Morph_58","FLANLE","Play","Locomotegallop","LocomoteGallop.1","Bossou",-0.841647188878389,0.0134264232008593,0.0134264232008593
"5944","250024a","Action_5","Morph_17","FLANLE","Play","Bounce","Bounce.1","Bossou",-0.224394333215862,0.0204081632653061,0.0204081632653061
"5945","250024a","Action_33","Morph_62","FLANLE","Play","Objectmove","ObjectMove.2","Bossou",-0.811930716549912,0.0123523093447905,0.0349087003222342
"5946","250076a","Action_15","Morph_36","FOAF","Playcontinue","Grabhold","GrabHold.2","Bossou",2.45513449145433,0.00161117078410311,0.0037593984962406
"5947","250149b","Action_57","Morph_115","FANLE","Stopbehaviour","Stompobject","StompObject.1","Bossou",-1.82015894374975,0.0150375939849624,0.0236305048335124
"5948","250149b","Action_20","Morph_45","FANLE","Stopbehaviour","Hitother","HitOther.1","Bossou",-1.13943428318836,0.0263157894736842,0.0402792696025779
"5949","250145a","Action_62","Morph_131","FLANLE","Play","Throwthreat","ThrowThreat.1","Bossou",-0.460449416440924,0.0193340494092374,0.0193340494092374
"5950","250145a","Action_62","Morph_131","FLANLE","Play","Throwthreat","ThrowThreat.1","Bossou",0.430482871083452,0.0193340494092374,0.0193340494092374
"5951","250145a","Action_61","Morph_130","FLANLE","Play","Throwobject","ThrowObject.1","Bossou",-0.282362910974181,0.0161117078410312,0.0161117078410312
"5952","250004","Action_30","Morph_NA","JEJE","Moveaway","Locomotestiff",NA,"Bossou",1.09861228866811,0.0365198711063373,0.0037593984962406
"5953","250004","Action_28","Morph_56","JEJE","Moveaway","Locomotebipedal","LocomoteBipedal.1","Bossou",1.19634377716144,0.0112781954887218,0.0155746509129968
"5954","250004","Action_50","Morph_109","JEJE","Moveaway","Shake","Shake.3","Bossou",0.151002873536527,0.0177228786251343,0.0343716433941998
"5955","250040","Action_62","Morph_131","FLANLE","Play","Throwthreat","ThrowThreat.1","Bossou",0.655445313375934,0.0193340494092374,0.0193340494092374
"5956","250040","Action_62","Morph_131","FLANLE","Play","Throwthreat","ThrowThreat.1","Bossou",0.142367241286922,0.0193340494092374,0.0193340494092374
"5957","250040","Action_62","Morph_131","FLANLE","Play","Throwthreat","ThrowThreat.1","Bossou",-0.3051673867928,0.0193340494092374,0.0193340494092374
"5958","250040","Action_62","Morph_131","FLANLE","Play","Throwthreat","ThrowThreat.1","Bossou",-0.596020469829223,0.0193340494092374,0.0193340494092374
"5959","250040","Action_43","Morph_96","FLANLE","Play","Raise","Raise.1","Bossou",0.258510695151501,0.0268528464017186,0.0349087003222342
"5960","250031a","Action_5","Morph_17","FLANLE","Play","Bounce","Bounce.1","Bossou",-0.124430078378177,0.0204081632653061,0.0204081632653061
"5961","250031a","Action_5","Morph_17","FLANLE","Play","Bounce","Bounce.1","Bossou",1.1400740784757,0.0204081632653061,0.0204081632653061
"5962","250081a","Action_35","Morph_70","FLANLE","Play","Out","Out.1","Bossou",-0.827822083886547,0.0102040816326531,0.0150375939849624
"5963","250122","Action_4","Morph_9","VELU","Affiliation","Bitekiss","Bite.1","Bossou",0.17730901497041,0.00107411385606874,0.0306122448979592
"5964","250123b","Action_4","Morph_11","VELU","Affiliation","Bitekiss","Bite.3","Bossou",1.93917322111688,0.00214822771213749,0.0306122448979592
"5965","250076b","Action_3","Morph_12","FANWA","Playcontinue","Bite","Bite.4","Bossou",0.38253760346446,0.00214822771213749,0.00644468313641246
"5966","250059","Action_45","Morph_101","FANLE","Climbonme","Reach","Reach.2","Bossou",-0.594207232705042,0.027389903329753,0.0719656283566058
"5967","250033","Action_28","Morph_56","JEJE","Affiliation","Locomotebipedal","LocomoteBipedal.1","Bossou",0.308954207727321,0.0112781954887218,0.0155746509129968
"5968","250058","Action_51","Morph_111","FLANLE","Stopbehaviour","Spinpirouette","SpinPirouette.1","Bossou",0.234281295724666,0.00322234156820623,0.00322234156820623
"5969","250058","Action_42","Morph_NA","FLANLE","Stopbehaviour","Push",NA,"Bossou",-0.827822083886547,0.0365198711063373,0.0596133190118153
"5970","250031b","Action_2","Morph_4","FOAF","Play","Bigloudscratch","BigLoudScratch.2","Bossou",0.693647055601596,0.0150375939849624,0.0241675617615467
"5971","250006","Action_13","Morph_27","FOAF","Moveaway","Fling","Fling.1","Bossou",-0.335472736288129,0.056390977443609,0.0773361976369495
"5972","250006","Action_13","Morph_27","FOAF","Moveaway","Fling","Fling.1","Bossou",-0.336872316642553,0.056390977443609,0.0773361976369495
"5973","250081b","Action_45","Morph_101","FANWA","Play","Reach","Reach.2","Bossou",-0.655851395816248,0.027389903329753,0.0719656283566058
"5974","250123a","Action_63","Morph_140","FANA","Affiliation","Touch","Touch.9","Bossou",-0.174353387144778,0.00698174006444683,0.0429645542427497
"5975","250123a","Action_11","Morph_NA","FANA","Affiliation","Embrace",NA,"Bossou",1.87977034655077,0.0365198711063373,0.00859291084854995
"5976","250123a","Action_4","Morph_14","FANA","Affiliation","Bitekiss","Bite.6","Bossou",1.47590651980958,0.00214822771213749,0.0306122448979592
"5977","250032","Action_48","Morph_104","FOAF","Playcontinue","Rollover","RollOver.1","Bossou",0.451712359273484,0.00429645542427497,0.00429645542427497
"5978","250128a","Action_62","Morph_131","FLANLE","Affiliation","Throwthreat","ThrowThreat.1","Bossou",0.244513577050402,0.0193340494092374,0.0193340494092374
"5979","250128a","Action_49","Morph_106","FLANLE","Affiliation","Rub","Rub.3","Bossou",1.80533358925517,0.00161117078410311,0.00268528464017186
"5980","250138","Action_54","Morph_114","FLANLE","Play","Stancebipedal","StanceBipedal.1","Bossou",0.102556588325092,0.0171858216970999,0.0171858216970999
"5981","250138","Action_62","Morph_131","FLANLE","Play","Throwthreat","ThrowThreat.1","Bossou",-0.155484902840395,0.0193340494092374,0.0193340494092374
"5982","250138","Action_62","Morph_131","FLANLE","Play","Throwthreat","ThrowThreat.1","Bossou",-0.750776293396582,0.0193340494092374,0.0193340494092374
"5983","250138","Action_62","Morph_131","FLANLE","Play","Throwthreat","ThrowThreat.1","Bossou",-0.0943106794712413,0.0193340494092374,0.0193340494092374
"5984","250138","Action_18","Morph_39","FLANLE","Play","Hitobjectobject","HitObject.1","Bossou",-0.199671195129068,0.0327604726100967,0.00268528464017186
"5985","250109","Action_13","Morph_28","JEJE","Moveaway","Fling","Fling.2","Bossou",-0.524248644098131,0.0209452201933405,0.0773361976369495
"5986","250109","Action_17","Morph_39","JEJE","Moveaway","Hitobject","HitObject.1","Bossou",-0.396009949337409,0.0327604726100967,0.0408163265306122
"5987","250062a","Action_11","Morph_24","YO","Affiliation","Embrace","Embrace.3","Bossou",1.62727783056243,0.00214822771213749,0.00859291084854995
"5988","25007b","Action_13","Morph_27","FOAF","Moveaway","Fling","Fling.1","Bossou",-0.161343150408763,0.056390977443609,0.0773361976369495
"5989","25007b","Action_13","Morph_27","FOAF","Moveaway","Fling","Fling.1","Bossou",-0.911303190363116,0.056390977443609,0.0773361976369495
"5990","25007b","Action_13","Morph_27","FOAF","Moveaway","Fling","Fling.1","Bossou",-0.3147107448397,0.056390977443609,0.0773361976369495
"5991","250128b","Action_45","Morph_101","VELU","Affiliation","Reach","Reach.2","Bossou",-0.0470916075338506,0.027389903329753,0.0719656283566058
"5992","250027","Action_5","Morph_17","FLANLE","Play","Bounce","Bounce.1","Bossou",0.273836665629728,0.0204081632653061,0.0204081632653061
"5993","250113","Action_63","Morph_138","FANLE","Affiliation","Touch","Touch.7","Bossou",0.137149838147234,0.0107411385606874,0.0429645542427497
"5994","250026","Action_5","Morph_17","FLANLE","Play","Bounce","Bounce.1","Bossou",0.900567771408919,0.0204081632653061,0.0204081632653061
"5995","250026","Action_29","Morph_58","FLANLE","Play","Locomotegallop","LocomoteGallop.1","Bossou",0.81447946572747,0.0134264232008593,0.0134264232008593
"5996","250118","Action_1","Morph_2","FLANLE","Play","Beckon","Beckon.2","Bossou",-0.342490308946776,0.00268528464017186,0.0123523093447905
"5997","250118","Action_50","Morph_109","FLANLE","Play","Shake","Shake.3","Bossou",-0.916290731874155,0.0177228786251343,0.0343716433941998
"5998","250118","Action_1","Morph_2","FLANLE","Play","Beckon","Beckon.2","Bossou",-0.679244275390954,0.00268528464017186,0.0123523093447905
"5999","250062b","Action_11","Morph_22","FANWA","Affiliation","Embrace","Embrace.1","Bossou",0.821100544870406,0.00161117078410311,0.00859291084854995
"6000","250066","Action_45","Morph_102","FLANLE","Play","Reach","Reach.3","Bossou",-0.44628710262842,0.00107411385606874,0.0719656283566058
"6001","250063b","Action_13","Morph_27","YO","Play","Fling","Fling.1","Bossou",-0.750776293396582,0.056390977443609,0.0773361976369495
"6002","250063b","Action_14","Morph_31","YO","Play","Grab","Grab.3","Bossou",-0.365283318475333,0.00805585392051558,0.023093447905478
"6003","250136","Action_62","Morph_131","FLANLE","Play","Throwthreat","ThrowThreat.1","Bossou",0.415415438961332,0.0193340494092374,0.0193340494092374
"6004","250046b","Action_17","Morph_39","JEJE","Moveaway","Hitobject","HitObject.1","Bossou",-0.569161200778954,0.0327604726100967,0.0408163265306122
"6005","250046b","Action_57","Morph_115","JEJE","Moveaway","Stompobject","StompObject.1","Bossou",-0.423120043346885,0.0150375939849624,0.0236305048335124
"6006","250046b","Action_57","Morph_119","JEJE","Moveaway","Stompobject","StompObject.5","Bossou",0.389335726178281,0.00322234156820623,0.0236305048335124
"6007","250143b","Action_13","Morph_27","FANA","Moveaway","Fling","Fling.1","Bossou",-0.740238788093796,0.056390977443609,0.0773361976369495
"6008","250140a","Action_28","Morph_56","FANWA","Affiliation","Locomotebipedal","LocomoteBipedal.1","Bossou",-0.297059234264378,0.0112781954887218,0.0155746509129968
"6009","250140a","Action_39","Morph_83","FANWA","Affiliation","Presentgenitalsbackwards","PresentGenitals.2","Bossou",-0.378336440719912,0.00214822771213749,0.0290010741138561
"6010","250009a","Action_50","Morph_109","FANLE","Affiliation","Shake","Shake.3","Bossou",0.16296882827814,0.0177228786251343,0.0343716433941998
"6011","250009a","Action_5","Morph_17","FANLE","Affiliation","Bounce","Bounce.1","Bossou",-0.44628710262842,0.0204081632653061,0.0204081632653061
"6012","250125a","Action_62","Morph_131","FLANLE","Affiliation","Throwthreat","ThrowThreat.1","Bossou",-0.059750004405774,0.0193340494092374,0.0193340494092374
"6013","250063a","Action_61","Morph_130","FLANLE","Play","Throwobject","ThrowObject.1","Bossou",-0.44628710262842,0.0161117078410312,0.0161117078410312
"6014","250046a","Action_44","Morph_99","FLANLE","Support","Rakeself","RakeSelf.1","Bossou",-0.271808723295491,0.00537056928034372,0.00537056928034372
"6015","250046a","Action_29","Morph_58","FLANLE","Support","Locomotegallop","LocomoteGallop.1","Bossou",0.545227050483323,0.0134264232008593,0.0134264232008593
"6016","250046a","Action_44","Morph_99","FLANLE","Support","Rakeself","RakeSelf.1","Bossou",-0.839329690738027,0.00537056928034372,0.00537056928034372
"6017","250083","Action_2","Morph_4","JEJE","Groom","Bigloudscratch","BigLoudScratch.2","Bossou",1.80038879592611,0.0150375939849624,0.0241675617615467
"6018","250143a","Action_33","Morph_62","FLANLE","Play","Objectmove","ObjectMove.2","Bossou",0.79253992443798,0.0123523093447905,0.0349087003222342
"6019","250143a","Action_8","Morph_19","FLANLE","Play","Dangle","Dangle.1","Bossou",0.820660500858905,0.0257787325456498,0.0257787325456498
"6020","250115","Action_45","Morph_100","FANA","Moveclose","Reach","Reach.1","Bossou",0.0907543632684641,0.0435016111707841,0.0719656283566058
"6021","250114","Action_5","Morph_17","FANA","Play","Bounce","Bounce.1","Bossou",0.340748793388473,0.0204081632653061,0.0204081632653061
"6022","250092a","Action_42","Morph_90","FANLE","Moveaway","Push","Push.3","Bossou",0.548121408509688,0.0134264232008593,0.0596133190118153
"6023","250140b","Action_63","Morph_135","YO","Affiliation","Touch","Touch.4","Bossou",-0.744440474947496,0.00483351235230934,0.0429645542427497
"6024","250009b","Action_64","Morph_137","JEJE","Affiliation","Touchlongother","Touch.6","Bossou",1.82050888251404,0.00322234156820623,0.0112781954887218
"6025","250125b","Action_45","Morph_101","YO","Affiliation","Reach","Reach.2","Bossou",-0.614336000135655,0.027389903329753,0.0719656283566058
"6026","250125b","Action_63","Morph_135","YO","Affiliation","Touch","Touch.4","Bossou",0.212689093410351,0.00483351235230934,0.0429645542427497
"6027","250152","Action_63","Morph_132","FANLE","Stopbehaviour","Touch","Touch.1","Bossou",0.173112617708645,0.00859291084854995,0.0429645542427497
"6028","250224a","Action_39","Morph_82","VUAVUA","Sexualattention","Presentgenitalsbackwards","PresentGenitals.1","Bossou",1.45371933743468,0.0354457572502685,0.0290010741138561
"6029","250153a","Action_30","Morph_NA","YOLO","Sexualattention","Locomotestiff",NA,"Bossou",1.87701931317888,0.0365198711063373,0.0037593984962406
"6030","250227","Action_2","Morph_4","PELEY","Givemenurse","Bigloudscratch","BigLoudScratch.2","Bossou",-0.23572233352107,0.0150375939849624,0.0241675617615467
"6031","250227","Action_2","Morph_4","PELEY","Givemenurse","Bigloudscratch","BigLoudScratch.2","Bossou",0.770108221696074,0.0150375939849624,0.0241675617615467
"6032","250227","Action_2","Morph_4","PELEY","Givemenurse","Bigloudscratch","BigLoudScratch.2","Bossou",0.581656804526582,0.0150375939849624,0.0241675617615467
"6033","250227","Action_2","Morph_4","PELEY","Givemenurse","Bigloudscratch","BigLoudScratch.2","Bossou",0.760338430100268,0.0150375939849624,0.0241675617615467
"6034","250211a","Action_13","Morph_28","TUA","Moveaway","Fling","Fling.2","Bossou",-0.556869562267398,0.0209452201933405,0.0773361976369495
"6035","250211a","Action_13","Morph_28","TUA","Moveaway","Fling","Fling.2","Bossou",-1.41881755282545,0.0209452201933405,0.0773361976369495
"6036","250182","Action_2","Morph_4","TUA","Groom","Bigloudscratch","BigLoudScratch.2","Bossou",1.78154076903372,0.0150375939849624,0.0241675617615467
"6037","250182","Action_2","Morph_4","TUA","Groom","Bigloudscratch","BigLoudScratch.2","Bossou",1.82454929205105,0.0150375939849624,0.0241675617615467
"6038","250182","Action_38","Morph_75","TUA","Groom","Present","Present.1","Bossou",0.829861003875767,0.0150375939849624,0.0596133190118153
"6039","250180","Action_4","Morph_13","JEJE","Groom","Bitekiss","Bite.5","Bossou",0.653886466606643,0.0075187969924812,0.0306122448979592
"6040","250224b","Action_41","Morph_NA","YOLO","Sexualattention","Pull",NA,"Bossou",-0.0888312137066157,0.0365198711063373,0.0177228786251343
"6041","250176","Action_45","Morph_101","FANLE","Giveme","Reach","Reach.2","Bossou",-0.121038328377056,0.027389903329753,0.0719656283566058
"6042","250177","Action_29","Morph_58","YOLO","Play","Locomotegallop","LocomoteGallop.1","Bossou",0.699129252237493,0.0134264232008593,0.0134264232008593
"6043","250177","Action_48","Morph_104","YOLO","Play","Rollover","RollOver.1","Bossou",1.65937028118231,0.00429645542427497,0.00429645542427497
"6044","250153b","Action_7","Morph_NA","FANA","Sexualattention","Crouch",NA,"Bossou",0.757529439489213,0.0365198711063373,0.00161117078410311
"6045","250211b","Action_13","Morph_28","JEJE","Moveaway","Fling","Fling.2","Bossou",-0.975510091534126,0.0209452201933405,0.0773361976369495
"6046","250211b","Action_35","Morph_70","JEJE","Moveaway","Out","Out.1","Bossou",-0.713349887877465,0.0102040816326531,0.0150375939849624
"6047","250181","Action_2","Morph_7","JIRE","Groom","Bigloudscratch","BigLoudScratch.5","Bossou",1.58268317512528,0.00161117078410311,0.0241675617615467
"6048","250168","Action_63","Morph_140","YO","Moveaway","Touch","Touch.9","Bossou",-0.355247391947547,0.00698174006444683,0.0429645542427497
"6049","250173","Action_12","Morph_26","FANLE","Affiliation","Fingermouth","FingerMouth.1","Bossou",2.07994141672149,0.00429645542427497,0.00429645542427497
"6050","250184a","Action_2","Morph_4","TUA","Groom","Bigloudscratch","BigLoudScratch.2","Bossou",1.46464332753087,0.0150375939849624,0.0241675617615467
"6051","250184a","Action_2","Morph_4","TUA","Groom","Bigloudscratch","BigLoudScratch.2","Bossou",0.301584977620772,0.0150375939849624,0.0241675617615467
"6052","250184a","Action_2","Morph_3","TUA","Groom","Bigloudscratch","BigLoudScratch.1","Bossou",0.640273690952877,0.00322234156820623,0.0241675617615467
"6053","250184a","Action_2","Morph_3","TUA","Groom","Bigloudscratch","BigLoudScratch.1","Bossou",1.06746555967127,0.00322234156820623,0.0241675617615467
"6054","250184a","Action_2","Morph_7","TUA","Groom","Bigloudscratch","BigLoudScratch.5","Bossou",1.49312879003372,0.00161117078410311,0.0241675617615467
"6055","250184a","Action_2","Morph_3","TUA","Groom","Bigloudscratch","BigLoudScratch.1","Bossou",1.48568710499793,0.00322234156820623,0.0241675617615467
"6056","250184a","Action_2","Morph_4","TUA","Groom","Bigloudscratch","BigLoudScratch.2","Bossou",1.27982211660937,0.0150375939849624,0.0241675617615467
"6057","250184a","Action_2","Morph_4","TUA","Groom","Bigloudscratch","BigLoudScratch.2","Bossou",2.27716471564713,0.0150375939849624,0.0241675617615467
"6058","250184a","Action_2","Morph_4","TUA","Groom","Bigloudscratch","BigLoudScratch.2","Bossou",0.743840294875463,0.0150375939849624,0.0241675617615467
"6059","250184a","Action_2","Morph_4","TUA","Groom","Bigloudscratch","BigLoudScratch.2","Bossou",1.75006904217385,0.0150375939849624,0.0241675617615467
"6060","250184a","Action_2","Morph_4","TUA","Groom","Bigloudscratch","BigLoudScratch.2","Bossou",0.982452934127824,0.0150375939849624,0.0241675617615467
"6061","250184a","Action_2","Morph_6","TUA","Groom","Bigloudscratch","BigLoudScratch.4","Bossou",1.47017584510059,0.00322234156820623,0.0241675617615467
"6062","250184a","Action_2","Morph_7","TUA","Groom","Bigloudscratch","BigLoudScratch.5","Bossou",1.63139507978614,0.00161117078410311,0.0241675617615467
"6063","250225a","Action_39","Morph_82","PELEY","Sexualattention","Presentgenitalsbackwards","PresentGenitals.1","Bossou",0.163818085229395,0.0354457572502685,0.0290010741138561
"6064","250238","Action_5","Morph_17","FOKAIYE","Play","Bounce","Bounce.1","Bossou",-0.0377018671840115,0.0204081632653061,0.0204081632653061
"6065","250238","Action_28","Morph_56","FOKAIYE","Play","Locomotebipedal","LocomoteBipedal.1","Bossou",0.131905070879939,0.0112781954887218,0.0155746509129968
"6066","250238","Action_57","Morph_115","FOKAIYE","Play","Stompobject","StompObject.1","Bossou",-1.14885350510486,0.0150375939849624,0.0236305048335124
"6067","250184b","Action_2","Morph_4","YOLO","Groom","Bigloudscratch","BigLoudScratch.2","Bossou",0.609765571620894,0.0150375939849624,0.0241675617615467
"6068","250184b","Action_2","Morph_5","YOLO","Groom","Bigloudscratch","BigLoudScratch.3","Bossou",1.13075674199468,0.00107411385606874,0.0241675617615467
"6069","250225a","Action_43","Morph_96","PELEY","Sexualattention","Raise","Raise.1","Bossou",0.0925791812930932,0.0268528464017186,0.0349087003222342
"6070","250225a","Action_43","Morph_96","PELEY","Sexualattention","Raise","Raise.1","Bossou",0.819779831493311,0.0268528464017186,0.0349087003222342
"6071","250156","Action_39","Morph_82","FANA","Groom","Presentgenitalsbackwards","PresentGenitals.1","Bossou",0.770108221696074,0.0354457572502685,0.0290010741138561
"6072","250183a","Action_45","Morph_101","TUA","Groom","Reach","Reach.2","Bossou",-0.616186139423817,0.027389903329753,0.0719656283566058
"6073","250198","Action_17","Morph_39","JEJE","Play","Hitobject","HitObject.1","Bossou",-0.325730140089311,0.0327604726100967,0.0408163265306122
"6074","250198","Action_8","Morph_19","JEJE","Play","Dangle","Dangle.1","Bossou",0.884180677955921,0.0257787325456498,0.0257787325456498
"6075","250155b","Action_54","Morph_114","FANLE","Affiliation","Stancebipedal","StanceBipedal.1","Bossou",1.065400154462,0.0171858216970999,0.0171858216970999
"6076","250155b","Action_11","Morph_NA","FANLE","Affiliation","Embrace",NA,"Bossou",0.0907543632684641,0.0365198711063373,0.00859291084854995
"6077","250240","Action_28","Morph_56","PELEY","Sexualattention","Locomotebipedal","LocomoteBipedal.1","Bossou",0.809150856316251,0.0112781954887218,0.0155746509129968
"6078","250240","Action_43","Morph_96","PELEY","Sexualattention","Raise","Raise.1","Bossou",0.254642218373581,0.0268528464017186,0.0349087003222342
"6079","250199","Action_28","Morph_56","YOLO","Affiliation","Locomotebipedal","LocomoteBipedal.1","Bossou",1.85754720976606,0.0112781954887218,0.0155746509129968
"6080","250199","Action_60","Morph_127","YOLO","Affiliation","Swing","Swing.1","Bossou",0.464991087422191,0.0306122448979592,0.0370569280343716
"6081","250231b","Action_23","Morph_48","FANLE","Takeobject","Hittingother","HitOther.4","Bossou",0.114221144090023,0.00429645542427497,0.00483351235230934
"6082","250231b","Action_45","Morph_101","FANLE","Takeobject","Reach","Reach.2","Bossou",-0.750776293396582,0.027389903329753,0.0719656283566058
"6083","250231b","Action_20","Morph_45","FANLE","Takeobject","Hitother","HitOther.1","Bossou",-0.721546655081643,0.0263157894736842,0.0402792696025779
"6084","250231b","Action_42","Morph_90","FANLE","Takeobject","Push","Push.3","Bossou",-0.0491902441907718,0.0134264232008593,0.0596133190118153
"6085","250231b","Action_28","Morph_56","FANLE","Takeobject","Locomotebipedal","LocomoteBipedal.1","Bossou",0.049742091894814,0.0112781954887218,0.0155746509129968
"6086","250210","Action_28","Morph_56","FOAF","Affiliation","Locomotebipedal","LocomoteBipedal.1","Bossou",0.109750863959119,0.0112781954887218,0.0155746509129968
"6087","250210","Action_29","Morph_58","FOAF","Affiliation","Locomotegallop","LocomoteGallop.1","Bossou",0.322807874427155,0.0134264232008593,0.0134264232008593
"6088","250210","Action_35","Morph_NA","FOAF","Affiliation","Out",NA,"Bossou",-0.216913001563574,0.0365198711063373,0.0150375939849624
"6089","250183b","Action_39","Morph_82","YO","Groom","Presentgenitalsbackwards","PresentGenitals.1","Bossou",0.642905964123199,0.0354457572502685,0.0290010741138561
"6090","250209","Action_41","Morph_86","VUAVUA","Climbonme","Pull","Pull.3","Bossou",0.740507751919783,0.00698174006444683,0.0177228786251343
"6091","250209","Action_41","Morph_86","VUAVUA","Climbonme","Pull","Pull.3","Bossou",-0.898942093539542,0.00698174006444683,0.0177228786251343
"6092","250209","Action_41","Morph_85","VUAVUA","Climbonme","Pull","Pull.2","Bossou",-0.198450938723838,0.00322234156820623,0.0177228786251343
"6093","250155a","Action_36","Morph_72","FANA","Affiliation","Overstance","OverStance.1","Bossou",0.222343231143441,0.00698174006444683,0.0134264232008593
"6094","250187a","Action_29","Morph_58","JEJE","Affiliation","Locomotegallop","LocomoteGallop.1","Bossou",0.0148886124937506,0.0134264232008593,0.0134264232008593
"6095","250217","Action_13","Morph_28","TUA","Moveaway","Fling","Fling.2","Bossou",-0.729811164931537,0.0209452201933405,0.0773361976369495
"6096","250216a","Action_13","Morph_28","JIRE","Stopbehaviour","Fling","Fling.2","Bossou",-0.298406035814757,0.0209452201933405,0.0773361976369495
"6097","250201a","Action_8","Morph_19","JEJE","Play","Dangle","Dangle.1","Bossou",-0.0366639843715915,0.0257787325456498,0.0257787325456498
"6098","250201a","Action_57","Morph_119","JEJE","Play","Stompobject","StompObject.5","Bossou",-0.570929547835696,0.00322234156820623,0.0236305048335124
"6099","250201a","Action_9","Morph_20","JEJE","Play","Dangleshake","DangleShake.1","Bossou",-0.213193220461042,0.00268528464017186,0.00268528464017186
"6100","250201a","Action_28","Morph_56","JEJE","Play","Locomotebipedal","LocomoteBipedal.1","Bossou",-0.0470916075338506,0.0112781954887218,0.0155746509129968
"6101","250201a","Action_60","Morph_127","JEJE","Play","Swing","Swing.1","Bossou",0.109750863959119,0.0306122448979592,0.0370569280343716
"6102","250230a","Action_20","Morph_45","JIRE","Stopbehaviour","Hitother","HitOther.1","Bossou",-0.342490308946776,0.0263157894736842,0.0402792696025779
"6103","250201b","Action_13","Morph_28","FANLE","Play","Fling","Fling.2","Bossou",-1.22077992264232,0.0209452201933405,0.0773361976369495
"6104","250201b","Action_54","Morph_114","FANLE","Play","Stancebipedal","StanceBipedal.1","Bossou",-0.158995731490458,0.0171858216970999,0.0171858216970999
"6105","250208","Action_34","Morph_68","YOLO","Moveaway","Objectshake","ObjectShake.4","Bossou",0.958967006154591,0.000537056928034372,0.014500537056928
"6106","250189","Action_30","Morph_NA","TUA","Moveaway","Locomotestiff",NA,"Bossou",0.278389025540188,0.0365198711063373,0.0037593984962406
"6107","250154b","Action_42","Morph_88","YOLO","Moveaway","Push","Push.1","Bossou",0.132781111233818,0.0128893662728249,0.0596133190118153
"6108","250188","Action_39","Morph_82","FANA","Affiliation","Presentgenitalsbackwards","PresentGenitals.1","Bossou",0.623261053095779,0.0354457572502685,0.0290010741138561
"6109","250219","Action_12","Morph_26","FANA","Affiliation","Fingermouth","FingerMouth.1","Bossou",1.3415584672785,0.00429645542427497,0.00429645542427497
"6110","250215","Action_13","Morph_27","JIRE","Moveaway","Fling","Fling.1","Bossou",-0.29169009384932,0.056390977443609,0.0773361976369495
"6111","250229a","Action_14","Morph_31","JEJE","Play","Grab","Grab.3","Bossou",-1.05555279920766,0.00805585392051558,0.023093447905478
"6112","250229a","Action_45","Morph_101","JEJE","Play","Reach","Reach.2","Bossou",-0.936493439191674,0.027389903329753,0.0719656283566058
"6113","250202b","Action_35","Morph_70","JEJE","Stopbehaviour","Out","Out.1","Bossou",-0.729811164931537,0.0102040816326531,0.0150375939849624
"6114","250229b","Action_35","Morph_70","FANLE","Play","Out","Out.1","Bossou",-1.22077992264232,0.0102040816326531,0.0150375939849624
"6115","250229b","Action_50","Morph_108","FANLE","Play","Shake","Shake.2","Bossou",-0.476424197048658,0.00214822771213749,0.0343716433941998
"6116","250229b","Action_60","Morph_127","FANLE","Play","Swing","Swing.1","Bossou",-1.50058350752202,0.0306122448979592,0.0370569280343716
"6117","250229b","Action_28","Morph_56","FANLE","Play","Locomotebipedal","LocomoteBipedal.1","Bossou",-0.116533816255952,0.0112781954887218,0.0155746509129968
"6118","250202a","Action_21","Morph_43","FANLE","Playcontinue","Hittingobject","HitObject.5","Bossou",0.581656804526582,0.00537056928034372,0.0118152524167562
"6119","250202a","Action_17","Morph_39","FANLE","Playcontinue","Hitobject","HitObject.1","Bossou",-0.151986356997882,0.0327604726100967,0.0408163265306122
"6120","250202a","Action_17","Morph_41","FANLE","Playcontinue","Hitobject","HitObject.3","Bossou",-0.685179010910768,0.00537056928034372,0.0408163265306122
"6121","250202a","Action_17","Morph_41","FANLE","Playcontinue","Hitobject","HitObject.3","Bossou",-0.740238788093796,0.00537056928034372,0.0408163265306122
"6122","250207","Action_54","Morph_114","YOLO","Moveaway","Stancebipedal","StanceBipedal.1","Bossou",0.227135572583747,0.0171858216970999,0.0171858216970999
"6123","250193","Action_42","Morph_93","FANLE","Play","Push","Push.6","Bossou",-0.198450938723838,0.00805585392051558,0.0596133190118153
"6124","250193","Action_20","Morph_45","FANLE","Play","Hitother","HitOther.1","Bossou",-0.310609577095486,0.0263157894736842,0.0402792696025779
"6125","250193","Action_20","Morph_49","FANLE","Play","Hitother","HitOther.5","Bossou",-0.426178149705706,0.00268528464017186,0.0402792696025779
"6126","250206","Action_39","Morph_82","JIRE","Groom","Presentgenitalsbackwards","PresentGenitals.1","Bossou",0.910272659548592,0.0354457572502685,0.0290010741138561
"6127","250196","Action_2","Morph_5","TUA","Groom","Bigloudscratch","BigLoudScratch.3","Bossou",1.64981180657237,0.00107411385606874,0.0241675617615467
"6128","250194","Action_38","Morph_81","FOTAIU","Groom","Present","Present.7","Bossou",1.70765295993106,0.00214822771213749,0.0596133190118153
"6129","250214b","Action_13","Morph_28","JIRE","Stopbehaviour","Fling","Fling.2","Bossou",-0.693147180559945,0.0209452201933405,0.0773361976369495
"6130","250214b","Action_17","Morph_39","JIRE","Stopbehaviour","Hitobject","HitObject.1","Bossou",0.137149838147234,0.0327604726100967,0.0408163265306122
"6131","250214b","Action_13","Morph_28","JIRE","Stopbehaviour","Fling","Fling.2","Bossou",-0.309246250367621,0.0209452201933405,0.0773361976369495
"6132","250195a","Action_8","Morph_19","FANA","Play","Dangle","Dangle.1","Bossou",0.556181325486788,0.0257787325456498,0.0257787325456498
"6133","250195a","Action_8","Morph_19","FANA","Play","Dangle","Dangle.1","Bossou",1.34937100701529,0.0257787325456498,0.0257787325456498
"6134","250195a","Action_45","Morph_101","FANA","Play","Reach","Reach.2","Bossou",0.396087946295567,0.027389903329753,0.0719656283566058
"6135","250226a","Action_24","Morph_51","PELEY","Affiliation","Jump","Jump.1","Bossou",-0.0629397997738742,0.0128893662728249,0.0128893662728249
"6136","250226a","Action_8","Morph_19","PELEY","Affiliation","Dangle","Dangle.1","Bossou",-0.921303273697699,0.0257787325456498,0.0257787325456498
"6137","250226a","Action_29","Morph_58","PELEY","Affiliation","Locomotegallop","LocomoteGallop.1","Bossou",0.391366183728663,0.0134264232008593,0.0134264232008593
"6138","250226a","Action_60","Morph_127","PELEY","Affiliation","Swing","Swing.1","Bossou",-0.366725279792234,0.0306122448979592,0.0370569280343716
"6139","250228a","Action_43","Morph_96","PELEY","Sexualattention","Raise","Raise.1","Bossou",1.26947960652806,0.0268528464017186,0.0349087003222342
"6140","250228a","Action_63","Morph_135","PELEY","Sexualattention","Touch","Touch.4","Bossou",-0.0408219945202552,0.00483351235230934,0.0429645542427497
"6141","250236","Action_28","Morph_56","FOKAIYE","Stopbehaviour","Locomotebipedal","LocomoteBipedal.1","Bossou",0.662687973075237,0.0112781954887218,0.0155746509129968
"6142","250236","Action_35","Morph_71","FOKAIYE","Stopbehaviour","Out","Out.2","Bossou",-0.951917909517306,0.00429645542427497,0.0150375939849624
"6143","250236","Action_20","Morph_45","FOKAIYE","Stopbehaviour","Hitother","HitOther.1","Bossou",-0.933945667112876,0.0263157894736842,0.0402792696025779
"6144","250218a","Action_63","Morph_133","FOKAIYE","Climbonyou","Touch","Touch.2","Bossou",0.0852598439508234,0.00805585392051558,0.0429645542427497
"6145","250166","Action_63","Morph_138","YO","Affiliation","Touch","Touch.7","Bossou",0.475612868010246,0.0107411385606874,0.0429645542427497
"6146","250195b","Action_20","Morph_45","JEJE","Play","Hitother","HitOther.1","Bossou",-0.432322562278047,0.0263157894736842,0.0402792696025779
"6147","250226b","Action_63","Morph_134","VELU","Affiliation","Touch","Touch.3","Bossou",-0.59783700075562,0.00698174006444683,0.0429645542427497
"6148","250213b","Action_42","Morph_91","FOTAIU","Stopbehaviour","Push","Push.4","Bossou",0.0760346862759976,0.00805585392051558,0.0596133190118153
"6149","250164","Action_54","Morph_114","FANA","Affiliation","Stancebipedal","StanceBipedal.1","Bossou",0.82329786502499,0.0171858216970999,0.0171858216970999
"6150","250164","Action_5","Morph_17","FANA","Affiliation","Bounce","Bounce.1","Bossou",-0.027371196796132,0.0204081632653061,0.0204081632653061
"6151","250164","Action_36","Morph_72","FANA","Affiliation","Overstance","OverStance.1","Bossou",-0.481266821524446,0.00698174006444683,0.0134264232008593
"6152","250228b","Action_39","Morph_82","VUAVUA","Sexualattention","Presentgenitalsbackwards","PresentGenitals.1","Bossou",0.335757695683344,0.0354457572502685,0.0290010741138561
"6153","250204b","Action_31","Morph_59","FANLE","Moveaway","Lunge","Lunge.1","Bossou",0.244513577050402,0.00214822771213749,0.00214822771213749
"6154","250235","Action_28","Morph_56","FOKAIYE","Play","Locomotebipedal","LocomoteBipedal.1","Bossou",0.322083499169113,0.0112781954887218,0.0155746509129968
"6155","250235","Action_20","Morph_45","FOKAIYE","Play","Hitother","HitOther.1","Bossou",-0.767870726755882,0.0263157894736842,0.0402792696025779
"6156","250151b","Action_64","Morph_133","FANLE","Affiliation","Touchlongother","Touch.2","Bossou",1.13879407830094,0.00805585392051558,0.0112781954887218
"6157","250234","Action_13","Morph_28","FOTAIU","Moveaway","Fling","Fling.2","Bossou",-0.585190039054853,0.0209452201933405,0.0773361976369495
"6158","250218b","Action_38","Morph_78","FOTAIU","Climbonme","Present","Present.4","Bossou",-0.151986356997882,0.00214822771213749,0.0596133190118153
"6159","250165","Action_12","Morph_26","FANA","Support","Fingermouth","FingerMouth.1","Bossou",1.65994089460721,0.00429645542427497,0.00429645542427497
"6160","250223","Action_39","Morph_82","VELU","Sexualattention","Presentgenitalsbackwards","PresentGenitals.1","Bossou",0.897311765276352,0.0354457572502685,0.0290010741138561
"6161","250222","Action_39","Morph_82","VUAVUA","Sexualattention","Presentgenitalsbackwards","PresentGenitals.1","Bossou",1.13526560631615,0.0354457572502685,0.0290010741138561
"6162","250205b","Action_38","Morph_77","FOTAIU","Climbonme","Present","Present.3","Bossou",0.70408712059828,0.0166487647690655,0.0596133190118153
"6163","250212b","Action_42","Morph_91","FOKAIYE","Stopbehaviour","Push","Push.4","Bossou",-0.205794912979597,0.00805585392051558,0.0596133190118153
"6164","250212b","Action_42","Morph_90","FOKAIYE","Stopbehaviour","Push","Push.3","Bossou",-0.316081546973479,0.0134264232008593,0.0596133190118153
"6165","250212b","Action_42","Morph_90","FOKAIYE","Stopbehaviour","Push","Push.3","Bossou",-0.636766847123838,0.0134264232008593,0.0596133190118153
"6166","250212b","Action_14","Morph_33","FOKAIYE","Stopbehaviour","Grab","Grab.5","Bossou",-0.980829253011726,0.00537056928034372,0.023093447905478
"6167","250212b","Action_13","Morph_27","FOKAIYE","Stopbehaviour","Fling","Fling.1","Bossou",-0.994252273343867,0.056390977443609,0.0773361976369495
"6168","250162","Action_30","Morph_NA","YOLO","Sexualattention","Locomotestiff",NA,"Bossou",1.36558131952235,0.0365198711063373,0.0037593984962406
"6169","250233","Action_13","Morph_28","FOTAIU","Moveaway","Fling","Fling.2","Bossou",-0.105360515657826,0.0209452201933405,0.0773361976369495
"6170","250220","Action_35","Morph_70","TUA","Moveaway","Out","Out.1","Bossou",-1.06711362160874,0.0102040816326531,0.0150375939849624
"6171","250220","Action_31","Morph_59","TUA","Moveaway","Lunge","Lunge.1","Bossou",-1.69826912614072,0.00214822771213749,0.00214822771213749
"6172","250178","Action_4","Morph_9","JEJE","Affiliation","Bitekiss","Bite.1","Bossou",-0.740238788093796,0.00107411385606874,0.0306122448979592
"6173","250205a","Action_28","Morph_56","FOKAIYE","Climbonyou","Locomotebipedal","LocomoteBipedal.1","Bossou",0.698632110790515,0.0112781954887218,0.0155746509129968
"6174","250205a","Action_43","Morph_98","FOKAIYE","Climbonyou","Raise","Raise.3","Bossou",-0.20089294237939,0.00590762620837809,0.0349087003222342
"6175","250179","Action_45","Morph_101","YO","Affiliation","Reach","Reach.2","Bossou",0.638690994763886,0.027389903329753,0.0719656283566058
"6176","250232","Action_33","Morph_62","FOKAIYE","Moveclose","Objectmove","ObjectMove.2","Bossou",0.634988266386413,0.0123523093447905,0.0349087003222342
"6177","250232","Action_55","Morph_116","FOKAIYE","Moveclose","Stompingobject","StompObject.2","Bossou",1.40118297361364,0.00912996777658432,0.0150375939849624
"6178","250232","Action_5","Morph_17","FOKAIYE","Moveclose","Bounce","Bounce.1","Bossou",0.827240915040644,0.0204081632653061,0.0204081632653061
"6179","250163","Action_36","Morph_NA","FANLE","Affiliation","Overstance",NA,"Bossou",0.855691109745226,0.0365198711063373,0.0134264232008593
"6180","280522b","Action_4","Morph_NA","YO","Affiliation","Bitekiss",NA,"Bossou",1.83625470911461,0.0365198711063373,0.0306122448979592
"6181","280187a","Action_8","Morph_19","FOTAIU","Play","Dangle","Dangle.1","Bossou",1.45605360553474,0.0257787325456498,0.0257787325456498
"6182","280187a","Action_14","Morph_33","FOTAIU","Play","Grab","Grab.5","Bossou",-0.234457311214483,0.00537056928034372,0.023093447905478
"6183","280168","Action_38","Morph_79","YO","Groom","Present","Present.5","Bossou",1.93412671051498,0.0134264232008593,0.0596133190118153
"6184","280335","Action_42","Morph_90","KAI","Position","Push","Push.3","Bossou",0.676001021724975,0.0134264232008593,0.0596133190118153
"6185","280647","Action_13","Morph_28","FOTAIU","Moveaway","Fling","Fling.2","Bossou",-0.510825623765991,0.0209452201933405,0.0773361976369495
"6186","280647","Action_13","Morph_27","FOTAIU","Moveaway","Fling","Fling.1","Bossou",-0.22314355131421,0.056390977443609,0.0773361976369495
"6187","280647","Action_17","Morph_39","FOTAIU","Moveaway","Hitobject","HitObject.1","Bossou",-0.404965233066513,0.0327604726100967,0.0408163265306122
"6188","280653","Action_60","Morph_127","PELEY","Playcontinue","Swing","Swing.1","Bossou",0.0657877405380032,0.0306122448979592,0.0370569280343716
"6189","280653","Action_50","Morph_110","PELEY","Playcontinue","Shake","Shake.4","Bossou",0.0344014267173323,0.000537056928034372,0.0343716433941998
"6190","280623a","Action_62","Morph_131","FANWA","Play","Throwthreat","ThrowThreat.1","Bossou",-0.18152187662339,0.0193340494092374,0.0193340494092374
"6191","280623a","Action_62","Morph_131","FANWA","Play","Throwthreat","ThrowThreat.1","Bossou",-0.455706324544911,0.0193340494092374,0.0193340494092374
"6192","280590","Action_38","Morph_75","FOTAIU","Climbonme","Present","Present.1","Bossou",1.01269122616047,0.0150375939849624,0.0596133190118153
"6193","280602","Action_42","Morph_91","JIRE","Moveaway","Push","Push.4","Bossou",0.501986675098786,0.00805585392051558,0.0596133190118153
"6194","280317a","Action_63","Morph_138","VUI","Affiliation","Touch","Touch.7","Bossou",0.487966329619908,0.0107411385606874,0.0429645542427497
"6195","280317a","Action_4","Morph_10","VUI","Affiliation","Bitekiss","Bite.2","Bossou",0.12751332029896,0.0128893662728249,0.0306122448979592
"6196","280376","Action_34","Morph_65","FOAF","Play","Objectshake","ObjectShake.1","Bossou",0.46436274935565,0.00966702470461869,0.014500537056928
"6197","280376","Action_45","Morph_100","FOAF","Play","Reach","Reach.1","Bossou",1.33710411692912,0.0435016111707841,0.0719656283566058
"6198","280274b","Action_39","Morph_82","YO","Sociosexualattention","Presentgenitalsbackwards","PresentGenitals.1","Bossou",0.613562701217103,0.0354457572502685,0.0290010741138561
"6199","280012a","Action_43","Morph_96","FOKAIYE","Stopbehaviour","Raise","Raise.1","Bossou",0.313349819200359,0.0268528464017186,0.0349087003222342
"6200","280012a","Action_43","Morph_96","FOKAIYE","Stopbehaviour","Raise","Raise.1","Bossou",-0.309246250367621,0.0268528464017186,0.0349087003222342
"6201","280478b","Action_45","Morph_100","YOLO","Play","Reach","Reach.1","Bossou",0.155292884406035,0.0435016111707841,0.0719656283566058
"6202","280281a","Action_60","Morph_129","NINA","Affiliation","Swing","Swing.3","Bossou",-0.0171461588349705,0.00214822771213749,0.0370569280343716
"6203","280496","Action_34","Morph_65","NA_chimp","Sexualattention","Objectshake","ObjectShake.1","Bossou",0.0806579030174545,0.00966702470461869,0.014500537056928
"6204","280496","Action_33","Morph_61","NA_chimp","Sexualattention","Objectmove","ObjectMove.1","Bossou",0.276115436080316,0.0193340494092374,0.0349087003222342
"6205","280496","Action_34","Morph_66","NA_chimp","Sexualattention","Objectshake","ObjectShake.2","Bossou",1.1999647829284,0.00322234156820623,0.014500537056928
"6206","280395a","Action_39","Morph_82","JIRE","Support","Presentgenitalsbackwards","PresentGenitals.1","Bossou",1.15625206811452,0.0354457572502685,0.0290010741138561
"6207","280145b","Action_45","Morph_100","JEJE","Playcontinue","Reach","Reach.1","Bossou",0.317726193800158,0.0435016111707841,0.0719656283566058
"6208","280145b","Action_14","Morph_30","JEJE","Playcontinue","Grab","Grab.2","Bossou",0.476234178996372,0.00429645542427497,0.023093447905478
"6209","280145b","Action_63","Morph_134","JEJE","Playcontinue","Touch","Touch.3","Bossou",-0.519193873436507,0.00698174006444683,0.0429645542427497
"6210","280069","Action_42","Morph_93","JIRE","Position","Push","Push.6","Bossou",-0.403467105445491,0.00805585392051558,0.0596133190118153
"6211","280507","Action_45","Morph_100","FANA","Affiliation","Reach","Reach.1","Bossou",0.512224644679698,0.0435016111707841,0.0719656283566058
"6212","280507","Action_15","Morph_36","FANA","Affiliation","Grabhold","GrabHold.2","Bossou",1.96585282256697,0.00161117078410311,0.0037593984962406
"6213","280102b","Action_3","Morph_15","TUA","Affiliation","Bite","Bite.7","Bossou",0.593326845277734,0.0037593984962406,0.00644468313641246
"6214","280102b","Action_3","Morph_15","TUA","Affiliation","Bite","Bite.7","Bossou",0.484892241739486,0.0037593984962406,0.00644468313641246
"6215","280102b","Action_3","Morph_15","TUA","Affiliation","Bite","Bite.7","Bossou",0.307484699747961,0.0037593984962406,0.00644468313641246
"6216","280102b","Action_3","Morph_15","TUA","Affiliation","Bite","Bite.7","Bossou",-0.683196849706777,0.0037593984962406,0.00644468313641246
"6217","280102b","Action_4","Morph_10","TUA","Affiliation","Bitekiss","Bite.2","Bossou",2.44460535301447,0.0128893662728249,0.0306122448979592
"6218","280413","Action_38","Morph_80","PAMA","Directattention","Present","Present.6","Bossou",1.54756250871601,0.00322234156820623,0.0596133190118153
"6219","280030a","Action_33","Morph_61","PELEY","Play","Objectmove","ObjectMove.1","Bossou",0.862467925176648,0.0193340494092374,0.0349087003222342
"6220","280030a","Action_43","Morph_96","PELEY","Play","Raise","Raise.1","Bossou",-0.355247391947547,0.0268528464017186,0.0349087003222342
"6221","280030a","Action_14","Morph_31","PELEY","Play","Grab","Grab.3","Bossou",-0.404965233066513,0.00805585392051558,0.023093447905478
"6222","280030a","Action_28","Morph_56","PELEY","Play","Locomotebipedal","LocomoteBipedal.1","Bossou",-0.404965233066513,0.0112781954887218,0.0155746509129968
"6223","280030a","Action_14","Morph_29","PELEY","Play","Grab","Grab.1","Bossou",-0.75928698306449,0.0037593984962406,0.023093447905478
"6224","280030a","Action_21","Morph_42","PELEY","Play","Hittingobject","HitObject.4","Bossou",-0.355247391947547,0.00590762620837809,0.0118152524167562
"6225","280030a","Action_20","Morph_45","PELEY","Play","Hitother","HitOther.1","Bossou",-0.916290731874155,0.0263157894736842,0.0402792696025779
"6226","280030a","Action_43","Morph_NA","PELEY","Play","Raise",NA,"Bossou",-0.403467105445491,0.0365198711063373,0.0349087003222342
"6227","280146a","Action_8","Morph_19","FANLE","Play","Dangle","Dangle.1","Bossou",1.83545732449377,0.0257787325456498,0.0257787325456498
"6228","280146a","Action_8","Morph_19","FANLE","Play","Dangle","Dangle.1","Bossou",0.965842510703403,0.0257787325456498,0.0257787325456498
"6229","280146a","Action_17","Morph_39","FANLE","Play","Hitobject","HitObject.1","Bossou",-1.14256417619729,0.0327604726100967,0.0408163265306122
"6230","280146a","Action_24","Morph_51","FANLE","Play","Jump","Jump.1","Bossou",0.212689093410351,0.0128893662728249,0.0128893662728249
"6231","280146a","Action_17","Morph_39","FANLE","Play","Hitobject","HitObject.1","Bossou",-0.489390343045926,0.0327604726100967,0.0408163265306122
"6232","280146a","Action_57","Morph_118","FANLE","Play","Stompobject","StompObject.4","Bossou",-1.18417017702976,0.00429645542427497,0.0236305048335124
"6233","280146a","Action_17","Morph_39","FANLE","Play","Hitobject","HitObject.1","Bossou",-1.46533756846034,0.0327604726100967,0.0408163265306122
"6234","280146a","Action_17","Morph_39","FANLE","Play","Hitobject","HitObject.1","Bossou",-0.576253429088446,0.0327604726100967,0.0408163265306122
"6235","280146a","Action_17","Morph_39","FANLE","Play","Hitobject","HitObject.1","Bossou",-0.776528789498996,0.0327604726100967,0.0408163265306122
"6236","280146a","Action_17","Morph_39","FANLE","Play","Hitobject","HitObject.1","Bossou",-1.13943428318836,0.0327604726100967,0.0408163265306122
"6237","280519b","Action_13","Morph_27","JIRE","Stopbehaviour","Fling","Fling.1","Bossou",-0.265268477614881,0.056390977443609,0.0773361976369495
"6238","280492b","Action_28","Morph_56","VUAVUA","Play","Locomotebipedal","LocomoteBipedal.1","Bossou",0.168898536461814,0.0112781954887218,0.0155746509129968
"6239","280492b","Action_43","Morph_96","VUAVUA","Play","Raise","Raise.1","Bossou",-0.331285709933913,0.0268528464017186,0.0349087003222342
"6240","280497","Action_40","Morph_82","NA_chimp","Sexualattention","Presentgenitalsforwards","PresentGenitals.1","Bossou",0.774266231844737,0.0354457572502685,0.00859291084854995
"6241","280497","Action_33","Morph_62","NA_chimp","Sexualattention","Objectmove","ObjectMove.2","Bossou",0.541160823562064,0.0123523093447905,0.0349087003222342
"6242","280488a","Action_4","Morph_10","PAMA","Affiliation","Bitekiss","Bite.2","Bossou",1.79275896956114,0.0128893662728249,0.0306122448979592
"6243","280627b","Action_4","Morph_11","YO","Affiliation","Bitekiss","Bite.3","Bossou",0.471252848646168,0.00214822771213749,0.0306122448979592
"6244","280599","Action_45","Morph_101","JEJE","Giveme","Reach","Reach.2","Bossou",1.00026416565033,0.027389903329753,0.0719656283566058
"6245","280255b","Action_38","Morph_79","YOLO","Affiliation","Present","Present.5","Bossou",1.24126858906963,0.0134264232008593,0.0596133190118153
"6246","280224b","Action_43","Morph_96","NA_chimp","Stopbehaviour","Raise","Raise.1","Bossou",-0.562118918153541,0.0268528464017186,0.0349087003222342
"6247","280260","Action_21","Morph_44","FOAF","Sexualattention","Hittingobject","HitObject.6","Bossou",1.09594206011223,0.00161117078410311,0.0118152524167562
"6248","280260","Action_40","Morph_82","FOAF","Sexualattention","Presentgenitalsforwards","PresentGenitals.1","Bossou",1.00283533327434,0.0354457572502685,0.00859291084854995
"6249","280603","Action_42","Morph_92","JIRE","Moveaway","Push","Push.5","Bossou",-0.0325231917055601,0.00644468313641246,0.0596133190118153
"6250","280591","Action_40","Morph_82","FOAF","Sexualattention","Presentgenitalsforwards","PresentGenitals.1","Bossou",1.4634868569498,0.0354457572502685,0.00859291084854995
"6251","280652","Action_20","Morph_45","FOTAIU","Stopbehaviour","Hitother","HitOther.1","Bossou",-0.356674943938732,0.0263157894736842,0.0402792696025779
"6252","280440","Action_13","Morph_27","TUA","Moveaway","Fling","Fling.1","Bossou",-0.796287939479459,0.056390977443609,0.0773361976369495
"6253","280169","Action_38","Morph_77","YO","Directattention","Present","Present.3","Bossou",1.49626921432846,0.0166487647690655,0.0596133190118153
"6254","280559","Action_13","Morph_27","JIRE","Moveaway","Fling","Fling.1","Bossou",-0.691149177897272,0.056390977443609,0.0773361976369495
"6255","280554","Action_48","Morph_104","YOLO","Play","Rollover","RollOver.1","Bossou",0.969262616640261,0.00429645542427497,0.00429645542427497
"6256","280187b","Action_45","Morph_100","NINA","Play","Reach","Reach.1","Bossou",1.56171717622269,0.0435016111707841,0.0719656283566058
"6257","280442","Action_38","Morph_78","YO","Directattention","Present","Present.4","Bossou",1.27731619855015,0.00214822771213749,0.0596133190118153
"6258","280336","Action_38","Morph_76","KAI","Groom","Present","Present.2","Bossou",1.57381073479095,0.00590762620837809,0.0596133190118153
"6259","280623b","Action_13","Morph_27","VELU","Moveaway","Fling","Fling.1","Bossou",-0.627359440021942,0.056390977443609,0.0773361976369495
"6260","280623b","Action_13","Morph_27","VELU","Moveaway","Fling","Fling.1","Bossou",-0.913793851675568,0.056390977443609,0.0773361976369495
"6261","280601","Action_42","Morph_92","JIRE","Stopbehaviour","Push","Push.5","Bossou",-0.3078847797693,0.00644468313641246,0.0596133190118153
"6262","280317b","Action_4","Morph_10","YO","Affiliation","Bitekiss","Bite.2","Bossou",0.472500509444323,0.0128893662728249,0.0306122448979592
"6263","280281b","Action_34","Morph_65","VUI","Affiliation","Objectshake","ObjectShake.1","Bossou",1.10160779764791,0.00966702470461869,0.014500537056928
"6264","280281b","Action_50","Morph_107","VUI","Affiliation","Shake","Shake.1","Bossou",0.194744076792512,0.0139634801288937,0.0343716433941998
"6265","280281b","Action_5","Morph_17","VUI","Affiliation","Bounce","Bounce.1","Bossou",-0.699165252885508,0.0204081632653061,0.0204081632653061
"6266","280281b","Action_36","Morph_72","VUI","Affiliation","Overstance","OverStance.1","Bossou",0.169742774587095,0.00698174006444683,0.0134264232008593
"6267","280281b","Action_36","Morph_72","VUI","Affiliation","Overstance","OverStance.1","Bossou",1.30833281965018,0.00698174006444683,0.0134264232008593
"6268","280495","Action_40","Morph_82","NA_chimp","Sexualattention","Presentgenitalsforwards","PresentGenitals.1","Bossou",0.361164849211584,0.0354457572502685,0.00859291084854995
"6269","280365","Action_38","Morph_79","VUI","Sociosexualattention","Present","Present.5","Bossou",0.336472236621213,0.0134264232008593,0.0596133190118153
"6270","280533","Action_5","Morph_17","YOLO","Sexualattention","Bounce","Bounce.1","Bossou",0.000999500333083423,0.0204081632653061,0.0204081632653061
"6271","280533","Action_33","Morph_61","YOLO","Sexualattention","Objectmove","ObjectMove.1","Bossou",-0.0682788407532944,0.0193340494092374,0.0349087003222342
"6272","280533","Action_33","Morph_61","YOLO","Sexualattention","Objectmove","ObjectMove.1","Bossou",-0.18152187662339,0.0193340494092374,0.0349087003222342
"6273","280533","Action_63","Morph_133","YOLO","Sexualattention","Touch","Touch.2","Bossou",0.588897159186146,0.00805585392051558,0.0429645542427497
"6274","280533","Action_34","Morph_65","YOLO","Sexualattention","Objectshake","ObjectShake.1","Bossou",0.313349819200359,0.00966702470461869,0.014500537056928
"6275","280395b","Action_54","Morph_114","TUA","Support","Stancebipedal","StanceBipedal.1","Bossou",0.405465108108164,0.0171858216970999,0.0171858216970999
"6276","280395b","Action_60","Morph_127","TUA","Support","Swing","Swing.1","Bossou",-0.433864582629862,0.0306122448979592,0.0370569280343716
"6277","280145a","Action_33","Morph_61","FANLE","Playcontinue","Objectmove","ObjectMove.1","Bossou",0.151862349309246,0.0193340494092374,0.0349087003222342
"6278","280145a","Action_60","Morph_128","FANLE","Playcontinue","Swing","Swing.2","Bossou",-0.436955775199535,0.0037593984962406,0.0370569280343716
"6279","280333","Action_42","Morph_90","JIRE","Climbonme","Push","Push.3","Bossou",0.764071518896644,0.0134264232008593,0.0596133190118153
"6280","280333","Action_38","Morph_75","JIRE","Climbonme","Present","Present.1","Bossou",1.07636667972079,0.0150375939849624,0.0596133190118153
"6281","280102a","Action_45","Morph_100","FOTAIU","Affiliation","Reach","Reach.1","Bossou",2.30966000666601,0.0435016111707841,0.0719656283566058
"6282","280102a","Action_38","Morph_76","FOTAIU","Affiliation","Present","Present.2","Bossou",2.69739362091368,0.00590762620837809,0.0596133190118153
"6283","280139","Action_40","Morph_82","JEJE","Sexualattention","Presentgenitalsforwards","PresentGenitals.1","Bossou",0.676509539406922,0.0354457572502685,0.00859291084854995
"6284","280030b","Action_43","Morph_98","FANLE","Stopbehaviour","Raise","Raise.3","Bossou",-0.221894331913778,0.00590762620837809,0.0349087003222342
"6285","280030b","Action_13","Morph_27","FANLE","Stopbehaviour","Fling","Fling.1","Bossou",-0.50916034444693,0.056390977443609,0.0773361976369495
"6286","280030b","Action_42","Morph_90","FANLE","Stopbehaviour","Push","Push.3","Bossou",0.183986836113016,0.0134264232008593,0.0596133190118153
"6287","280030b","Action_36","Morph_72","FANLE","Stopbehaviour","Overstance","OverStance.1","Bossou",0.862467925176648,0.00698174006444683,0.0134264232008593
"6288","280367","Action_41","Morph_84","JIRE","Stopbehaviour","Pull","Pull.1","Bossou",-1.04412410338404,0.0037593984962406,0.0177228786251343
"6289","280367","Action_42","Morph_92","JIRE","Stopbehaviour","Push","Push.5","Bossou",-1.04412410338404,0.00644468313641246,0.0596133190118153
"6290","280367","Action_20","Morph_50","JIRE","Stopbehaviour","Hitother","HitOther.6","Bossou",-1.21066179247673,0.000537056928034372,0.0402792696025779
"6291","280367","Action_41","Morph_84","JIRE","Stopbehaviour","Pull","Pull.1","Bossou",-0.145025772050258,0.0037593984962406,0.0177228786251343
"6292","280146b","Action_34","Morph_65","JEJE","Play","Objectshake","ObjectShake.1","Bossou",0.958200134951365,0.00966702470461869,0.014500537056928
"6293","280146b","Action_8","Morph_19","JEJE","Play","Dangle","Dangle.1","Bossou",2.00458328813541,0.0257787325456498,0.0257787325456498
"6294","280146b","Action_57","Morph_118","JEJE","Play","Stompobject","StompObject.4","Bossou",-0.731888008876376,0.00429645542427497,0.0236305048335124
"6295","280146b","Action_17","Morph_39","JEJE","Play","Hitobject","HitObject.1","Bossou",-0.731888008876376,0.0327604726100967,0.0408163265306122
"6296","280146b","Action_17","Morph_39","JEJE","Play","Hitobject","HitObject.1","Bossou",-0.767870726755882,0.0327604726100967,0.0408163265306122
"6297","280146b","Action_20","Morph_46","JEJE","Play","Hitother","HitOther.2","Bossou",-0.443166975292176,0.00805585392051558,0.0402792696025779
"6298","280494","Action_42","Morph_91","YO","Climbonme","Push","Push.4","Bossou",0.211070970079941,0.00805585392051558,0.0596133190118153
"6299","280492a","Action_34","Morph_65","FOTAIU","Play","Objectshake","ObjectShake.1","Bossou",-0.0161293819298836,0.00966702470461869,0.014500537056928
"6300","280492a","Action_33","Morph_61","FOTAIU","Play","Objectmove","ObjectMove.1","Bossou",0.349247428109936,0.0193340494092374,0.0349087003222342
"6301","280004","Action_42","Morph_88","VUAVUA","Climbonme","Push","Push.1","Bossou",0.758466646680588,0.0128893662728249,0.0596133190118153
"6302","280290","Action_40","Morph_82","YOLO","Sexualattention","Presentgenitalsforwards","PresentGenitals.1","Bossou",1.65994089460721,0.0354457572502685,0.00859291084854995
"6303","280627a","Action_61","Morph_130","FANWA","Affiliation","Throwobject","ThrowObject.1","Bossou",0.237440856015034,0.0161117078410312,0.0161117078410312
"6304","280627a","Action_61","Morph_130","FANWA","Affiliation","Throwobject","ThrowObject.1","Bossou",0.42853038103916,0.0161117078410312,0.0161117078410312
"6305","280627a","Action_43","Morph_96","FANWA","Affiliation","Raise","Raise.1","Bossou",-0.104250021373799,0.0268528464017186,0.0349087003222342
"6306","280627a","Action_38","Morph_77","FANWA","Affiliation","Present","Present.3","Bossou",0.660107326481745,0.0166487647690655,0.0596133190118153
"6307","280488b","Action_4","Morph_10","KAI","Affiliation","Bitekiss","Bite.2","Bossou",1.32282193816432,0.0128893662728249,0.0306122448979592
"6308","280224a","Action_5","Morph_17","VUI","Play","Bounce","Bounce.1","Bossou",0.340748793388473,0.0204081632653061,0.0204081632653061
"6309","280224a","Action_28","Morph_56","VUI","Play","Locomotebipedal","LocomoteBipedal.1","Bossou",0.169742774587095,0.0112781954887218,0.0155746509129968
"6310","280224a","Action_17","Morph_39","VUI","Play","Hitobject","HitObject.1","Bossou",-0.675307262431614,0.0327604726100967,0.0408163265306122
"6311","280224a","Action_57","Morph_115","VUI","Play","Stompobject","StompObject.1","Bossou",-0.978166135592243,0.0150375939849624,0.0236305048335124
"6312","280255a","Action_63","Morph_133","JURU","Affiliation","Touch","Touch.2","Bossou",-0.327116141697188,0.00805585392051558,0.0429645542427497
"6313","280255a","Action_38","Morph_78","JURU","Affiliation","Present","Present.4","Bossou",-0.631111789640493,0.00214822771213749,0.0596133190118153
"6314","280549","Action_60","Morph_127","FOTAIU","Play","Swing","Swing.1","Bossou",-0.104250021373799,0.0306122448979592,0.0370569280343716
"6315","280435","Action_42","Morph_NA","JIRE","Climbonme","Push",NA,"Bossou",0.511625303936555,0.0365198711063373,0.0596133190118153
"6316","280337","Action_39","Morph_82","NINA","Sexualattention","Presentgenitalsbackwards","PresentGenitals.1","Bossou",1.24559447901676,0.0354457572502685,0.0290010741138561
"6317","280474","Action_13","Morph_28","PILI","Moveaway","Fling","Fling.2","Bossou",-0.874669057183336,0.0209452201933405,0.0773361976369495
"6318","280655","Action_39","Morph_82","VUAVUA","Sexualattention","Presentgenitalsbackwards","PresentGenitals.1","Bossou",0.0657877405380032,0.0354457572502685,0.0290010741138561
"6319","280003a","Action_14","Morph_30","PELEY","Playcontinue","Grab","Grab.2","Bossou",-0.18152187662339,0.00429645542427497,0.023093447905478
"6320","280093a","Action_43","Morph_96","FANLE","Support","Raise","Raise.1","Bossou",-0.486133011175619,0.0268528464017186,0.0349087003222342
"6321","280093a","Action_11","Morph_23","FANLE","Support","Embrace","Embrace.2","Bossou",0.744315467134345,0.00268528464017186,0.00859291084854995
"6322","280059","Action_39","Morph_82","PAMA","Sexualattention","Presentgenitalsbackwards","PresentGenitals.1","Bossou",0.0227394869694893,0.0354457572502685,0.0290010741138561
"6323","280468","Action_38","Morph_75","YOLO","Directattention","Present","Present.1","Bossou",0.685618914139154,0.0150375939849624,0.0596133190118153
"6324","280611","Action_63","Morph_138","JEJE","Affiliation","Touch","Touch.7","Bossou",1.43627429342491,0.0107411385606874,0.0429645542427497
"6325","280254a","Action_2","Morph_6","JIRE","Travel","Bigloudscratch","BigLoudScratch.4","Bossou",0.247641022914597,0.00322234156820623,0.0241675617615467
"6326","280254a","Action_45","Morph_100","JIRE","Travel","Reach","Reach.1","Bossou",0.2207406666979,0.0435016111707841,0.0719656283566058
"6327","280237","Action_45","Morph_100","FOTAIU","Support","Reach","Reach.1","Bossou",0.0266419309464211,0.0435016111707841,0.0719656283566058
"6328","280234","Action_38","Morph_79","FANA","Directattention","Present","Present.5","Bossou",1.17093295024774,0.0134264232008593,0.0596133190118153
"6329","280067","Action_38","Morph_77","PAMA","Directattention","Present","Present.3","Bossou",0.916690651895482,0.0166487647690655,0.0596133190118153
"6330","280427b","Action_20","Morph_45","NTO","Stopbehaviour","Hitother","HitOther.1","Bossou",-1.15201306539522,0.0263157894736842,0.0402792696025779
"6331","280402","Action_39","Morph_82","NINA","Sexualattention","Presentgenitalsbackwards","PresentGenitals.1","Bossou",1.60281603612521,0.0354457572502685,0.0290010741138561
"6332","280147b","Action_55","Morph_116","JEJE","Play","Stompingobject","StompObject.2","Bossou",0.922670338838194,0.00912996777658432,0.0150375939849624
"6333","280147b","Action_33","Morph_62","JEJE","Play","Objectmove","ObjectMove.2","Bossou",0.349952398177906,0.0123523093447905,0.0349087003222342
"6334","280147b","Action_8","Morph_19","JEJE","Play","Dangle","Dangle.1","Bossou",2.400800140491,0.0257787325456498,0.0257787325456498
"6335","280147b","Action_33","Morph_61","JEJE","Play","Objectmove","ObjectMove.1","Bossou",0.732367893713227,0.0193340494092374,0.0349087003222342
"6336","280147b","Action_55","Morph_116","JEJE","Play","Stompingobject","StompObject.2","Bossou",-0.463624022281697,0.00912996777658432,0.0150375939849624
"6337","280147b","Action_33","Morph_61","JEJE","Play","Objectmove","ObjectMove.1","Bossou",0.279901885132819,0.0193340494092374,0.0349087003222342
"6338","280490","Action_5","Morph_17","NA_chimp","Sexualattention","Bounce","Bounce.1","Bossou",0.826366024346168,0.0204081632653061,0.0204081632653061
"6339","280490","Action_5","Morph_17","NA_chimp","Sexualattention","Bounce","Bounce.1","Bossou",0.337899788612398,0.0204081632653061,0.0204081632653061
"6340","280490","Action_41","Morph_87","NA_chimp","Sexualattention","Pull","Pull.4","Bossou",-0.627359440021942,0.00161117078410311,0.0177228786251343
"6341","280490","Action_41","Morph_87","NA_chimp","Sexualattention","Pull","Pull.4","Bossou",-0.123298216344494,0.00161117078410311,0.0177228786251343
"6342","280490","Action_41","Morph_84","NA_chimp","Sexualattention","Pull","Pull.1","Bossou",-0.286349627218002,0.0037593984962406,0.0177228786251343
"6343","280407b","Action_60","Morph_127","NA_chimp","Play","Swing","Swing.1","Bossou",0.0870947068509337,0.0306122448979592,0.0370569280343716
"6344","280407b","Action_20","Morph_45","NA_chimp","Play","Hitother","HitOther.1","Bossou",-0.215671536475509,0.0263157894736842,0.0402792696025779
"6345","280150b","Action_33","Morph_62","JEJE","Playcontinue","Objectmove","ObjectMove.2","Bossou",0.527092596229863,0.0123523093447905,0.0349087003222342
"6346","280150b","Action_60","Morph_127","JEJE","Playcontinue","Swing","Swing.1","Bossou",0.417393678973438,0.0306122448979592,0.0370569280343716
"6347","280409","Action_38","Morph_77","NINA","Groom","Present","Present.3","Bossou",0.99139820436096,0.0166487647690655,0.0596133190118153
"6348","280414","Action_45","Morph_100","PILI","Affiliation","Reach","Reach.1","Bossou",0.909870164071232,0.0435016111707841,0.0719656283566058
"6349","280414","Action_45","Morph_100","PILI","Affiliation","Reach","Reach.1","Bossou",0.286681572118197,0.0435016111707841,0.0719656283566058
"6350","280414","Action_45","Morph_100","PILI","Affiliation","Reach","Reach.1","Bossou",0.977197666777676,0.0435016111707841,0.0719656283566058
"6351","280414","Action_55","Morph_117","PILI","Affiliation","Stompingobject","StompObject.3","Bossou",0.634988266386413,0.00429645542427497,0.0150375939849624
"6352","280042","Action_38","Morph_75","PAMA","Directattention","Present","Present.1","Bossou",1.22023977678981,0.0150375939849624,0.0596133190118153
"6353","280598","Action_14","Morph_33","JEJE","Giveme","Grab","Grab.5","Bossou",0.833778310299691,0.00537056928034372,0.023093447905478
"6354","280598","Action_45","Morph_101","JEJE","Giveme","Reach","Reach.2","Bossou",0.0657877405380032,0.027389903329753,0.0719656283566058
"6355","280598","Action_63","Morph_138","JEJE","Giveme","Touch","Touch.7","Bossou",1.0123279200711,0.0107411385606874,0.0429645542427497
"6356","280537","Action_63","Morph_140","YO","Affiliation","Touch","Touch.9","Bossou",0.727065398763406,0.00698174006444683,0.0429645542427497
"6357","280479a","Action_33","Morph_62","YOLO","Play","Objectmove","ObjectMove.2","Bossou",-0.798507696217772,0.0123523093447905,0.0349087003222342
"6358","280479a","Action_43","Morph_96","YOLO","Play","Raise","Raise.1","Bossou",0.0334347760862374,0.0268528464017186,0.0349087003222342
"6359","280001","Action_36","Morph_72","YOLO","Support","Overstance","OverStance.1","Bossou",0.406797553341943,0.00698174006444683,0.0134264232008593
"6360","280394","Action_13","Morph_27","NINA","Moveaway","Fling","Fling.1","Bossou",-0.978166135592243,0.056390977443609,0.0773361976369495
"6361","280066","Action_39","Morph_82","PAMA","Sexualattention","Presentgenitalsbackwards","PresentGenitals.1","Bossou",0.242946178610389,0.0354457572502685,0.0290010741138561
"6362","280638b","Action_5","Morph_17","PELEY","Play","Bounce","Bounce.1","Bossou",-0.18152187662339,0.0204081632653061,0.0204081632653061
"6363","280236","Action_13","Morph_28","VUI","Moveaway","Fling","Fling.2","Bossou",-0.653926467406664,0.0209452201933405,0.0773361976369495
"6364","280469","Action_42","Morph_89","TUA","Position","Push","Push.2","Bossou",0.33718626735487,0.00537056928034372,0.0596133190118153
"6365","280469","Action_42","Morph_89","TUA","Position","Push","Push.2","Bossou",0.33718626735487,0.00537056928034372,0.0596133190118153
"6366","280516b","Action_62","Morph_131","JOYA","Moveaway","Throwthreat","ThrowThreat.1","Bossou",0.263133199530368,0.0193340494092374,0.0193340494092374
"6367","280480a","Action_33","Morph_NA","FOTAIU","Play","Objectmove",NA,"Bossou",0.5607579925142,0.0365198711063373,0.0349087003222342
"6368","280351b","Action_63","Morph_138","JOKURO","Affiliation","Touch","Touch.7","Bossou",1.1349442179155,0.0107411385606874,0.0429645542427497
"6369","280605","Action_8","Morph_19","FANLE","Playcontinue","Dangle","Dangle.1","Bossou",0.694146680893029,0.0257787325456498,0.0257787325456498
"6370","280605","Action_60","Morph_127","FANLE","Playcontinue","Swing","Swing.1","Bossou",0.154436353304419,0.0306122448979592,0.0370569280343716
"6371","280108","Action_2","Morph_3","VUAVUA","Travel","Bigloudscratch","BigLoudScratch.1","Bossou",1.6482739362193,0.00322234156820623,0.0241675617615467
"6372","280108","Action_2","Morph_4","VUAVUA","Travel","Bigloudscratch","BigLoudScratch.2","Bossou",1.4634868569498,0.0150375939849624,0.0241675617615467
"6373","280108","Action_2","Morph_4","VUAVUA","Travel","Bigloudscratch","BigLoudScratch.2","Bossou",1.85049996425066,0.0150375939849624,0.0241675617615467
"6374","280654","Action_13","Morph_27","FOTAIU","Stopbehaviour","Fling","Fling.1","Bossou",0.0344014267173323,0.056390977443609,0.0773361976369495
"6375","280057b","Action_43","Morph_98","JEJE","Stopbehaviour","Raise","Raise.3","Bossou",0.147557564357615,0.00590762620837809,0.0349087003222342
"6376","280057b","Action_20","Morph_49","JEJE","Stopbehaviour","Hitother","HitOther.5","Bossou",-0.742337424750717,0.00268528464017186,0.0402792696025779
"6377","28504b","Action_63","Morph_136","PAMA","Stopbehaviour","Touch","Touch.5","Bossou",0.263133199530368,0.00214822771213749,0.0429645542427497
"6378","280238a","Action_1","Morph_1","FOTAIU","Affiliation","Beckon","Beckon.1","Bossou",-0.27443684570176,0.00966702470461869,0.0123523093447905
"6379","280238a","Action_1","Morph_1","FOTAIU","Affiliation","Beckon","Beckon.1","Bossou",-0.484508315448617,0.00966702470461869,0.0123523093447905
"6380","280238a","Action_11","Morph_23","FOTAIU","Affiliation","Embrace","Embrace.2","Bossou",0.685115008862681,0.00268528464017186,0.00859291084854995
"6381","280368b","Action_45","Morph_100","FOAF","Stopbehaviour","Reach","Reach.1","Bossou",0.84372003903932,0.0435016111707841,0.0719656283566058
"6382","280475","Action_13","Morph_27","PILI","Stopbehaviour","Fling","Fling.1","Bossou",-0.725670372265505,0.056390977443609,0.0773361976369495
"6383","280446","Action_45","Morph_100","JURU","Climbonyou","Reach","Reach.1","Bossou",-0.162518929497775,0.0435016111707841,0.0719656283566058
"6384","280656","Action_62","Morph_131","FOTAIU","Moveaway","Throwthreat","ThrowThreat.1","Bossou",-0.403467105445491,0.0193340494092374,0.0193340494092374
"6385","280258","Action_42","Morph_91","PAMA","Stopbehaviour","Push","Push.4","Bossou",-0.605136303237232,0.00805585392051558,0.0596133190118153
"6386","280258","Action_14","Morph_31","PAMA","Stopbehaviour","Grab","Grab.3","Bossou",-0.466808738349216,0.00805585392051558,0.023093447905478
"6387","280258","Action_41","Morph_86","PAMA","Stopbehaviour","Pull","Pull.3","Bossou",-0.923818998294947,0.00698174006444683,0.0177228786251343
"6388","280093b","Action_45","Morph_100","FANA","Support","Reach","Reach.1","Bossou",-0.369615455214467,0.0435016111707841,0.0719656283566058
"6389","280607","Action_45","Morph_101","FANLE","Giveme","Reach","Reach.2","Bossou",0.349247428109936,0.027389903329753,0.0719656283566058
"6390","280065","Action_24","Morph_51","PELEY","Stopbehaviour","Jump","Jump.1","Bossou",-0.187535123846842,0.0128893662728249,0.0128893662728249
"6391","280065","Action_57","Morph_118","PELEY","Stopbehaviour","Stompobject","StompObject.4","Bossou",-0.398986142010455,0.00429645542427497,0.0236305048335124
"6392","280254b","Action_43","Morph_96","JURU","Climbonme","Raise","Raise.1","Bossou",0.511625303936555,0.0268528464017186,0.0349087003222342
"6393","280427a","Action_45","Morph_100","VUAVUA","Play","Reach","Reach.1","Bossou",-0.659712404473708,0.0435016111707841,0.0719656283566058
"6394","280427a","Action_14","Morph_33","VUAVUA","Play","Grab","Grab.5","Bossou",-0.104250021373799,0.00537056928034372,0.023093447905478
"6395","280427a","Action_45","Morph_100","VUAVUA","Play","Reach","Reach.1","Bossou",-0.243346258631729,0.0435016111707841,0.0719656283566058
"6396","280415","Action_54","Morph_114","NA_chimp","Sexualattention","Stancebipedal","StanceBipedal.1","Bossou",0.546385799164542,0.0171858216970999,0.0171858216970999
"6397","280147a","Action_60","Morph_127","FANLE","Play","Swing","Swing.1","Bossou",1.16907075231667,0.0306122448979592,0.0370569280343716
"6398","280147a","Action_24","Morph_51","FANLE","Play","Jump","Jump.1","Bossou",0.0601539228197471,0.0128893662728249,0.0128893662728249
"6399","280147a","Action_33","Morph_62","FANLE","Play","Objectmove","ObjectMove.2","Bossou",-0.267879445155601,0.0123523093447905,0.0349087003222342
"6400","280147a","Action_33","Morph_62","FANLE","Play","Objectmove","ObjectMove.2","Bossou",0.410784269585764,0.0123523093447905,0.0349087003222342
"6401","280407a","Action_60","Morph_128","VUI","Moveaway","Swing","Swing.2","Bossou",-0.348140041488895,0.0037593984962406,0.0370569280343716
"6402","280407a","Action_60","Morph_127","VUI","Moveaway","Swing","Swing.1","Bossou",-0.309246250367621,0.0306122448979592,0.0370569280343716
"6403","280407a","Action_60","Morph_127","VUI","Moveaway","Swing","Swing.1","Bossou",0.131028262406404,0.0306122448979592,0.0370569280343716
"6404","280407a","Action_51","Morph_111","VUI","Moveaway","Spinpirouette","SpinPirouette.1","Bossou",0.573236883887388,0.00322234156820623,0.00322234156820623
"6405","280407a","Action_60","Morph_127","VUI","Moveaway","Swing","Swing.1","Bossou",-0.180323554131282,0.0306122448979592,0.0370569280343716
"6406","280407a","Action_42","Morph_92","VUI","Moveaway","Push","Push.5","Bossou",-1.02165124753198,0.00644468313641246,0.0596133190118153
"6407","280600","Action_45","Morph_101","JEJE","Giveme","Reach","Reach.2","Bossou",0.995841010632164,0.027389903329753,0.0719656283566058
"6408","280463","Action_42","Morph_88","YO","Climbonme","Push","Push.1","Bossou",1.32255552015288,0.0128893662728249,0.0596133190118153
"6409","280634b","Action_13","Morph_27","JIRE","Stopbehaviour","Fling","Fling.1","Bossou",-0.455706324544911,0.056390977443609,0.0773361976369495
"6410","280150a","Action_60","Morph_127","FANLE","Playcontinue","Swing","Swing.1","Bossou",0.369492447649347,0.0306122448979592,0.0370569280343716
"6411","280150a","Action_8","Morph_19","FANLE","Playcontinue","Dangle","Dangle.1","Bossou",0.712459491592318,0.0257787325456498,0.0257787325456498
"6412","280150a","Action_17","Morph_39","FANLE","Playcontinue","Hitobject","HitObject.1","Bossou",-1.24479479884619,0.0327604726100967,0.0408163265306122
"6413","280150a","Action_55","Morph_116","FANLE","Playcontinue","Stompingobject","StompObject.2","Bossou",-0.153151179494175,0.00912996777658432,0.0150375939849624
"6414","280150a","Action_17","Morph_39","FANLE","Playcontinue","Hitobject","HitObject.1","Bossou",-1.38230233985035,0.0327604726100967,0.0408163265306122
"6415","280040","Action_45","Morph_100","PAMA","Affiliation","Reach","Reach.1","Bossou",0.370183293963525,0.0435016111707841,0.0719656283566058
"6416","280041","Action_38","Morph_77","PAMA","Groom","Present","Present.3","Bossou",1.83975566749631,0.0166487647690655,0.0596133190118153
"6417","280492","Action_38","Morph_75","PAMA","Climbonme","Present","Present.1","Bossou",1.04802050255205,0.0150375939849624,0.0596133190118153
"6418","280492","Action_42","Morph_89","PAMA","Climbonme","Push","Push.2","Bossou",0.869618323675724,0.00537056928034372,0.0596133190118153
"6419","280049","Action_13","Morph_27","JIRE","Stopbehaviour","Fling","Fling.1","Bossou",-0.774357235985488,0.056390977443609,0.0773361976369495
"6420","280479b","Action_8","Morph_19","FOTAIU","Play","Dangle","Dangle.1","Bossou",-0.379797361359587,0.0257787325456498,0.0257787325456498
"6421","280002","Action_43","Morph_96","PELEY","Stopbehaviour","Raise","Raise.1","Bossou",-0.455706324544911,0.0268528464017186,0.0349087003222342
"6422","280002","Action_1","Morph_1","PELEY","Stopbehaviour","Beckon","Beckon.1","Bossou",-0.567395975254385,0.00966702470461869,0.0123523093447905
"6423","280116","Action_38","Morph_79","FOTAIU","Directattention","Present","Present.5","Bossou",1.65038789876305,0.0134264232008593,0.0596133190118153
"6424","280638a","Action_55","Morph_116","JEJE","Play","Stompingobject","StompObject.2","Bossou",-0.355247391947547,0.00912996777658432,0.0150375939849624
"6425","280638a","Action_57","Morph_118","JEJE","Play","Stompobject","StompObject.4","Bossou",-0.627359440021942,0.00429645542427497,0.0236305048335124
"6426","280013a","Action_21","Morph_43","FOKAIYE","Play","Hittingobject","HitObject.5","Bossou",0.406131552651325,0.00537056928034372,0.0118152524167562
"6427","280013a","Action_20","Morph_49","FOKAIYE","Play","Hitother","HitOther.5","Bossou",-0.356674943938732,0.00268528464017186,0.0402792696025779
"6428","280235","Action_13","Morph_27","JIRE","Moveaway","Fling","Fling.1","Bossou",-0.755022584278033,0.056390977443609,0.0773361976369495
"6429","280366","Action_45","Morph_100","JOKURO","Climbonyou","Reach","Reach.1","Bossou",-0.616186139423817,0.0435016111707841,0.0719656283566058
"6430","280480b","Action_61","Morph_130","YOLO","Play","Throwobject","ThrowObject.1","Bossou",-0.379797361359587,0.0161117078410312,0.0161117078410312
"6431","280480b","Action_17","Morph_40","YOLO","Play","Hitobject","HitObject.2","Bossou",-0.53785429615391,0.00483351235230934,0.0408163265306122
"6432","280480b","Action_33","Morph_62","YOLO","Play","Objectmove","ObjectMove.2","Bossou",-0.309246250367621,0.0123523093447905,0.0349087003222342
"6433","280480b","Action_33","Morph_62","YOLO","Play","Objectmove","ObjectMove.2","Bossou",-0.263965545834465,0.0123523093447905,0.0349087003222342
"6434","280351a","Action_12","Morph_26","YO","Affiliation","Fingermouth","FingerMouth.1","Bossou",1.20297230399235,0.00429645542427497,0.00429645542427497
"6435","280057a","Action_57","Morph_118","FANLE","Stopbehaviour","Stompobject","StompObject.4","Bossou",-0.211956361923645,0.00429645542427497,0.0236305048335124
"6436","280553","Action_45","Morph_100","VUAVUA","Position","Reach","Reach.1","Bossou",0.427878702945064,0.0435016111707841,0.0719656283566058
"6437","280553","Action_42","Morph_91","VUAVUA","Position","Push","Push.4","Bossou",0.38458189719174,0.00805585392051558,0.0596133190118153
"6438","280238b","Action_11","Morph_22","JURU","Affiliation","Embrace","Embrace.1","Bossou",0.187309098304994,0.00161117078410311,0.00859291084854995
"6439","280368a","Action_63","Morph_135","JIRE","Affiliation","Touch","Touch.4","Bossou",-0.546452801409142,0.00483351235230934,0.0429645542427497
"6440","280368a","Action_60","Morph_127","JIRE","Affiliation","Swing","Swing.1","Bossou",-0.238257189124258,0.0306122448979592,0.0370569280343716
"6441","280444","Action_13","Morph_28","JIRE","Stopbehaviour","Fling","Fling.2","Bossou",-1.25878104082093,0.0209452201933405,0.0773361976369495
"6442","280444","Action_13","Morph_27","JIRE","Stopbehaviour","Fling","Fling.1","Bossou",-0.798507696217772,0.056390977443609,0.0773361976369495
"6443","280629b","Action_15","Morph_36","YO","Stopbehaviour","Grabhold","GrabHold.2","Bossou",1.26327891022334,0.00161117078410311,0.0037593984962406
"6444","280629b","Action_42","Morph_90","YO","Stopbehaviour","Push","Push.3","Bossou",0.406797553341943,0.0134264232008593,0.0596133190118153
"6445","280629b","Action_64","Morph_134","YO","Stopbehaviour","Touchlongother","Touch.3","Bossou",1.35351287159551,0.00698174006444683,0.0112781954887218
