"","Communication_number","gesture_record_anon","morphs_anon","Signaller","Goal","Lumped_Gs","morph","Social_unit","log","rFq_morph","rFq_action"
"1","102417","Action_39","Morph_82","AN","Staysame","Presentgenitalsbackwards","PresentGenitals.1","Sonso",-0.44628710262842,0.0295293072824156,0.033303730017762
"2","102357","Action_2","Morph_3","BB","Groom","Bigloudscratch","BigLoudScratch.1","Sonso",0.392042087776024,0.0215364120781528,0.0577264653641208
"3","102357","Action_2","Morph_4","BB","Groom","Bigloudscratch","BigLoudScratch.2","Sonso",0.246860077931526,0.019316163410302,0.0577264653641208
"4","100466a","Action_20","Morph_50","BB","Play","Hitother","HitOther.6","Sonso",-1.02165124753198,0.00488454706927176,0.0404085257548845
"5","100468","Action_45","Morph_101","BB","Play","Reach","Reach.2","Sonso",-0.44628710262842,0.0370781527531083,0.0801509769094138
"6","100468","Action_15","Morph_35","BB","Play","Grabhold","GrabHold.1","Sonso",1.18784342239605,0.00932504440497336,0.0204262877442274
"7","100466a","Action_14","Morph_29","BB","Play","Grab","Grab.1","Sonso",-0.127833371509885,0.00821492007104796,0.0353019538188277
"8","100466a","Action_14","Morph_29","BB","Play","Grab","Grab.1","Sonso",-0.083381608939051,0.00821492007104796,0.0353019538188277
"9","101408","Action_2","Morph_3","BB","Groom","Bigloudscratch","BigLoudScratch.1","Sonso",0.985816794522765,0.0215364120781528,0.0577264653641208
"10","101304b","Action_2","Morph_4","BB","Groom","Bigloudscratch","BigLoudScratch.2","Sonso",0.336472236621213,0.019316163410302,0.0577264653641208
"11","102434","Action_38","Morph_79","BB","Directattention","Present","Present.5","Sonso",0.89199803930511,0.00688277087033748,0.0492895204262877
"12","100551","Action_45","Morph_100","BB","Affiliation","Reach","Reach.1","Sonso",0,0.0408525754884547,0.0801509769094138
"13","102272","Action_2","Morph_4","BH","Travel","Bigloudscratch","BigLoudScratch.2","Sonso",0.732367893713227,0.019316163410302,0.0577264653641208
"14","100804","Action_15","Morph_35","BH","Climbonme","Grabhold","GrabHold.1","Sonso",1.01523067972906,0.00932504440497336,0.0204262877442274
"15","102348","Action_23","Morph_47","BH","Playcontinue","Hittingother","HitOther.3","Sonso",0.470003629245736,0.00843694493783304,0.0157637655417407
"16","102350","Action_23","Morph_47","BH","Playcontinue","Hittingother","HitOther.3","Sonso",-0.385662480811985,0.00843694493783304,0.0157637655417407
"17","102349","Action_42","Morph_95","BH","Playcontinue","Push","Push.8","Sonso",-0.127833371509885,0.00133214920071048,0.0466252220248668
"18","101768","Action_41","Morph_84","BH","Climbonme","Pull","Pull.1","Sonso",-0.083381608939051,0.00821492007104796,0.0253108348134991
"19","102289a","Action_2","Morph_3","BH","Groom","Bigloudscratch","BigLoudScratch.1","Sonso",0.631271776841858,0.0215364120781528,0.0577264653641208
"20","102288","Action_38","Morph_77","BH","Directattention","Present","Present.3","Sonso",-0.083381608939051,0.00466252220248668,0.0492895204262877
"21","102456","Action_38","Morph_77","BH","Groom","Present","Present.3","Sonso",0.113328685307003,0.00466252220248668,0.0492895204262877
"22","102296","Action_38","Morph_75","BH","Directattention","Present","Present.1","Sonso",-0.0408219945202552,0.0170959147424512,0.0492895204262877
"23","102297","Action_38","Morph_76","BH","Directattention","Present","Present.2","Sonso",1.16315080980568,0.0135435168738899,0.0492895204262877
"24","102289a","Action_2","Morph_5","BH","Groom","Bigloudscratch","BigLoudScratch.3","Sonso",0.631271776841858,0.0119893428063943,0.0577264653641208
"25","102290","Action_38","Morph_75","BH","Directattention","Present","Present.1","Sonso",0.751416088683921,0.0170959147424512,0.0492895204262877
"26","102293","Action_38","Morph_75","BH","Directattention","Present","Present.1","Sonso",0.518793793415168,0.0170959147424512,0.0492895204262877
"27","101238","Action_41","Morph_86","BH","Play","Pull","Pull.3","Sonso",0.470003629245736,0.00510657193605684,0.0253108348134991
"28","102214","Action_42","Morph_91","BH","Play","Push","Push.4","Sonso",-1.13943428318836,0.00932504440497336,0.0466252220248668
"29","102292","Action_38","Morph_75","BH","Directattention","Present","Present.1","Sonso",0.609765571620894,0.0170959147424512,0.0492895204262877
"30","102380","Action_15","Morph_35","BH","Play","Grabhold","GrabHold.1","Sonso",0.985816794522765,0.00932504440497336,0.0204262877442274
"31","102380","Action_23","Morph_47","BH","Play","Hittingother","HitOther.3","Sonso",-0.27443684570176,0.00843694493783304,0.0157637655417407
"32","101350","Action_13","Morph_27","BH","Moveaway","Fling","Fling.1","Sonso",-0.916290731874155,0.00688277087033748,0.0117673179396092
"33","101350","Action_43","Morph_96","BH","Moveaway","Raise","Raise.1","Sonso",-0.27443684570176,0.00865896980461812,0.0113232682060391
"34","101350","Action_13","Morph_27","BH","Moveaway","Fling","Fling.1","Sonso",-0.653926467406664,0.00688277087033748,0.0117673179396092
"35","101350","Action_13","Morph_27","BH","Moveaway","Fling","Fling.1","Sonso",-1.02165124753198,0.00688277087033748,0.0117673179396092
"36","101379b","Action_39","Morph_82","BH","Sexualattention","Presentgenitalsbackwards","PresentGenitals.1","Sonso",0.418710334858185,0.0295293072824156,0.033303730017762
"37","101324","Action_39","Morph_82","BH","Sexualattention","Presentgenitalsbackwards","PresentGenitals.1","Sonso",-0.44628710262842,0.0295293072824156,0.033303730017762
"38","100766b","Action_39","Morph_82","BH","Sexualattention","Presentgenitalsbackwards","PresentGenitals.1","Sonso",0.307484699747961,0.0295293072824156,0.033303730017762
"39","101129b","Action_57","Morph_115","BT","Play","Stompobject","StompObject.1","Sonso",-0.510825623765991,0.0337477797513321,0.0424067495559503
"40","100529","Action_29","Morph_58","BT","Play","Locomotegallop","LocomoteGallop.1","Sonso",-0.27443684570176,0.00821492007104796,0.00821492007104796
"41","102452","Action_55","Morph_116","BT","Play","Stompingobject","StompObject.2","Sonso",0.418710334858185,0.0148756660746004,0.0230905861456483
"42","102454","Action_57","Morph_115","BT","Playcontinue","Stompobject","StompObject.1","Sonso",0.182321556793955,0.0337477797513321,0.0424067495559503
"43","102452","Action_20","Morph_45","BT","Play","Hitother","HitOther.1","Sonso",-0.27443684570176,0.0202042628774423,0.0404085257548845
"44","100898a","Action_33","Morph_61","BT","Play","Objectmove","ObjectMove.1","Sonso",0.672944473242426,0.0317495559502664,0.0406305506216696
"45","101008b","Action_20","Morph_50","BT","Play","Hitother","HitOther.6","Sonso",0.0769610411361284,0.00488454706927176,0.0404085257548845
"46","101172","Action_38","Morph_77","BT","Groom","Present","Present.3","Sonso",-0.083381608939051,0.00466252220248668,0.0492895204262877
"47","101006","Action_25","Morph_52","BT","Playcontinue","Kickpunch","KickPunch.1","Sonso",-0.328504066972036,0.0022202486678508,0.0022202486678508
"48","100999","Action_45","Morph_100","BT","Giveme","Reach","Reach.1","Sonso",-0.579818495252942,0.0408525754884547,0.0801509769094138
"49","100999","Action_45","Morph_100","BT","Giveme","Reach","Reach.1","Sonso",-0.328504066972036,0.0408525754884547,0.0801509769094138
"50","100772p2","Action_34","Morph_66","DN","Groom","Objectshake","ObjectShake.2","Sonso",1.17557332980424,0.0237566607460036,0.108792184724689
"51","100772p1","Action_2","Morph_6","DN","Groom","Bigloudscratch","BigLoudScratch.4","Sonso",0.858661619037519,0.00421847246891652,0.0577264653641208
"52","100772p1","Action_34","Morph_65","DN","Groom","Objectshake","ObjectShake.1","Sonso",0.307484699747961,0.0746003552397869,0.108792184724689
"53","100772p1","Action_2","Morph_4","DN","Groom","Bigloudscratch","BigLoudScratch.2","Sonso",0.56531380905006,0.019316163410302,0.0577264653641208
"54","102394","Action_34","Morph_65","DN","Moveaway","Objectshake","ObjectShake.1","Sonso",0.0769610411361284,0.0746003552397869,0.108792184724689
"55","102394","Action_34","Morph_65","DN","Moveaway","Objectshake","ObjectShake.1","Sonso",-0.127833371509885,0.0746003552397869,0.108792184724689
"56","100626","Action_57","Morph_115","DN","Followme","Stompobject","StompObject.1","Sonso",-0.22314355131421,0.0337477797513321,0.0424067495559503
"57","100648","Action_17","Morph_39","DN","Followme","Hitobject","HitObject.1","Sonso",-0.44628710262842,0.0430728241563055,0.0559502664298401
"58","100645p3","Action_17","Morph_39","DN","Followme","Hitobject","HitObject.1","Sonso",-0.82098055206983,0.0430728241563055,0.0559502664298401
"59","100628a","Action_33","Morph_61","DN","Followme","Objectmove","ObjectMove.1","Sonso",0.470003629245736,0.0317495559502664,0.0406305506216696
"60","100637p4","Action_34","Morph_66","DN","Followme","Objectshake","ObjectShake.2","Sonso",1.02961941718116,0.0237566607460036,0.108792184724689
"61","100645p1","Action_24","Morph_51","DN","Followme","Jump","Jump.1","Sonso",0,0.00732682060390764,0.00732682060390764
"62","100626","Action_57","Morph_115","DN","Followme","Stompobject","StompObject.1","Sonso",-0.22314355131421,0.0337477797513321,0.0424067495559503
"63","100654","Action_17","Morph_40","DN","Followme","Hitobject","HitObject.2","Sonso",-0.7339691750802,0.0119893428063943,0.0559502664298401
"64","100625","Action_34","Morph_66","DN","Followme","Objectshake","ObjectShake.2","Sonso",1.13783300182139,0.0237566607460036,0.108792184724689
"65","100643p1","Action_34","Morph_65","DN","Followme","Objectshake","ObjectShake.1","Sonso",0.182321556793955,0.0746003552397869,0.108792184724689
"66","100634","Action_34","Morph_65","DN","Followme","Objectshake","ObjectShake.1","Sonso",0.0392207131532813,0.0746003552397869,0.108792184724689
"67","100653a","Action_34","Morph_66","DN","Followme","Objectshake","ObjectShake.2","Sonso",0.609765571620894,0.0237566607460036,0.108792184724689
"68","100625","Action_34","Morph_65","DN","Followme","Objectshake","ObjectShake.1","Sonso",0.955511445027436,0.0746003552397869,0.108792184724689
"69","100648","Action_17","Morph_39","DN","Followme","Hitobject","HitObject.1","Sonso",-0.82098055206983,0.0430728241563055,0.0559502664298401
"70","100655","Action_60","Morph_127","DN","Followme","Swing","Swing.1","Sonso",-0.083381608939051,0.0428507992895204,0.0475133214920071
"71","100648","Action_24","Morph_51","DN","Followme","Jump","Jump.1","Sonso",-0.27443684570176,0.00732682060390764,0.00732682060390764
"72","100652b","Action_23","Morph_48","DN","Sociosexualattention","Hittingother","HitOther.4","Sonso",-0.22314355131421,0.00732682060390764,0.0157637655417407
"73","100626","Action_34","Morph_65","DN","Followme","Objectshake","ObjectShake.1","Sonso",0.8754687373539,0.0746003552397869,0.108792184724689
"74","100637p5","Action_24","Morph_51","DN","Followme","Jump","Jump.1","Sonso",-0.510825623765991,0.00732682060390764,0.00732682060390764
"75","100634","Action_34","Morph_65","DN","Followme","Objectshake","ObjectShake.1","Sonso",0.56531380905006,0.0746003552397869,0.108792184724689
"76","100637p4","Action_34","Morph_65","DN","Followme","Objectshake","ObjectShake.1","Sonso",0.631271776841858,0.0746003552397869,0.108792184724689
"77","100649b","Action_49","Morph_105","DN","Sociosexualattention","Rub","Rub.1","Sonso",-0.27443684570176,0.0044404973357016,0.0066607460035524
"78","100637p4","Action_34","Morph_66","DN","Followme","Objectshake","ObjectShake.2","Sonso",1.16315080980568,0.0237566607460036,0.108792184724689
"79","100644p1","Action_34","Morph_65","DN","Followme","Objectshake","ObjectShake.1","Sonso",0.908258560176891,0.0746003552397869,0.108792184724689
"80","100623","Action_55","Morph_117","DN","Followme","Stompingobject","StompObject.3","Sonso",0.672944473242426,0.00688277087033748,0.0230905861456483
"81","100645p1","Action_33","Morph_61","DN","Followme","Objectmove","ObjectMove.1","Sonso",-0.82098055206983,0.0317495559502664,0.0406305506216696
"82","100648","Action_34","Morph_65","DN","Followme","Objectshake","ObjectShake.1","Sonso",0.307484699747961,0.0746003552397869,0.108792184724689
"83","100625","Action_34","Morph_65","DN","Followme","Objectshake","ObjectShake.1","Sonso",0.542324290825362,0.0746003552397869,0.108792184724689
"84","100647","Action_18","Morph_39","DN","Followme","Hitobjectobject","HitObject.1","Sonso",-0.385662480811985,0.0430728241563055,0.00466252220248668
"85","100645p1","Action_17","Morph_39","DN","Followme","Hitobject","HitObject.1","Sonso",0,0.0430728241563055,0.0559502664298401
"86","100633","Action_33","Morph_61","DN","Followme","Objectmove","ObjectMove.1","Sonso",-0.510825623765991,0.0317495559502664,0.0406305506216696
"87","100626","Action_34","Morph_65","DN","Followme","Objectshake","ObjectShake.1","Sonso",0.908258560176891,0.0746003552397869,0.108792184724689
"88","100625","Action_34","Morph_65","DN","Followme","Objectshake","ObjectShake.1","Sonso",1.12492959698548,0.0746003552397869,0.108792184724689
"89","100623","Action_34","Morph_65","DN","Followme","Objectshake","ObjectShake.1","Sonso",0.470003629245736,0.0746003552397869,0.108792184724689
"90","100645p2","Action_60","Morph_127","DN","Followme","Swing","Swing.1","Sonso",-0.083381608939051,0.0428507992895204,0.0475133214920071
"91","100637p5","Action_57","Morph_118","DN","Followme","Stompobject","StompObject.4","Sonso",-0.7339691750802,0.005550621669627,0.0424067495559503
"92","100641a","Action_22","Morph_43","DN","Followme","Hittingobjectobject","HitObject.5","Sonso",0.518793793415168,0.0044404973357016,0.00266429840142096
"93","100639b","Action_49","Morph_NA","DN","Sociosexualattention","Rub",NA,"Sonso",0,0.0159857904085258,0.0066607460035524
"94","100641a","Action_34","Morph_65","DN","Followme","Objectshake","ObjectShake.1","Sonso",1.12492959698548,0.0746003552397869,0.108792184724689
"95","100654","Action_34","Morph_65","DN","Followme","Objectshake","ObjectShake.1","Sonso",0.182321556793955,0.0746003552397869,0.108792184724689
"96","100642","Action_34","Morph_65","DN","Followme","Objectshake","ObjectShake.1","Sonso",0,0.0746003552397869,0.108792184724689
"97","100645p1","Action_57","Morph_118","DN","Followme","Stompobject","StompObject.4","Sonso",-0.510825623765991,0.005550621669627,0.0424067495559503
"98","100641a","Action_49","Morph_NA","DN","Followme","Rub",NA,"Sonso",0.182321556793955,0.0159857904085258,0.0066607460035524
"99","100644p1","Action_17","Morph_41","DN","Followme","Hitobject","HitObject.3","Sonso",-0.510825623765991,0.00510657193605684,0.0559502664298401
"100","100642","Action_60","Morph_128","DN","Followme","Swing","Swing.2","Sonso",-0.328504066972036,0.00310834813499112,0.0475133214920071
"101","100624","Action_34","Morph_65","DN","Followme","Objectshake","ObjectShake.1","Sonso",1.12492959698548,0.0746003552397869,0.108792184724689
"102","100643p1","Action_34","Morph_66","DN","Followme","Objectshake","ObjectShake.2","Sonso",1.54329810992956,0.0237566607460036,0.108792184724689
"103","100625","Action_34","Morph_65","DN","Followme","Objectshake","ObjectShake.1","Sonso",0.921079248605952,0.0746003552397869,0.108792184724689
"104","100636b","Action_49","Morph_105","DN","Sociosexualattention","Rub","Rub.1","Sonso",0.148420005118273,0.0044404973357016,0.0066607460035524
"105","100637p2","Action_34","Morph_65","DN","Followme","Objectshake","ObjectShake.1","Sonso",1.23547147138531,0.0746003552397869,0.108792184724689
"106","100645p1","Action_34","Morph_65","DN","Followme","Objectshake","ObjectShake.1","Sonso",0.908258560176891,0.0746003552397869,0.108792184724689
"107","100626","Action_34","Morph_65","DN","Followme","Objectshake","ObjectShake.1","Sonso",1.00063188030791,0.0746003552397869,0.108792184724689
"108","100645p1","Action_34","Morph_65","DN","Followme","Objectshake","ObjectShake.1","Sonso",1.28093384546206,0.0746003552397869,0.108792184724689
"109","100642","Action_34","Morph_65","DN","Followme","Objectshake","ObjectShake.1","Sonso",0.924258901523332,0.0746003552397869,0.108792184724689
"110","100647","Action_34","Morph_65","DN","Followme","Objectshake","ObjectShake.1","Sonso",-0.083381608939051,0.0746003552397869,0.108792184724689
"111","100628a","Action_34","Morph_65","DN","Followme","Objectshake","ObjectShake.1","Sonso",0.542324290825362,0.0746003552397869,0.108792184724689
"112","100645p3","Action_34","Morph_66","DN","Followme","Objectshake","ObjectShake.2","Sonso",-0.7339691750802,0.0237566607460036,0.108792184724689
"113","100628a","Action_17","Morph_39","DN","Followme","Hitobject","HitObject.1","Sonso",-0.44628710262842,0.0430728241563055,0.0559502664298401
"114","100629p2","Action_34","Morph_65","DN","Followme","Objectshake","ObjectShake.1","Sonso",0.0392207131532813,0.0746003552397869,0.108792184724689
"115","100635p1","Action_34","Morph_65","DN","Followme","Objectshake","ObjectShake.1","Sonso",0.418710334858185,0.0746003552397869,0.108792184724689
"116","100653a","Action_57","Morph_115","DN","Followme","Stompobject","StompObject.1","Sonso",-0.0408219945202552,0.0337477797513321,0.0424067495559503
"117","100654","Action_24","Morph_51","DN","Followme","Jump","Jump.1","Sonso",-0.328504066972036,0.00732682060390764,0.00732682060390764
"118","100631p1","Action_34","Morph_66","DN","Followme","Objectshake","ObjectShake.2","Sonso",0.336472236621213,0.0237566607460036,0.108792184724689
"119","100655","Action_24","Morph_51","DN","Followme","Jump","Jump.1","Sonso",-0.083381608939051,0.00732682060390764,0.00732682060390764
"120","100655","Action_57","Morph_115","DN","Followme","Stompobject","StompObject.1","Sonso",-0.653926467406664,0.0337477797513321,0.0424067495559503
"121","100645p3","Action_57","Morph_115","DN","Followme","Stompobject","StompObject.1","Sonso",-0.653926467406664,0.0337477797513321,0.0424067495559503
"122","100629p2","Action_34","Morph_65","DN","Followme","Objectshake","ObjectShake.1","Sonso",1.09861228866811,0.0746003552397869,0.108792184724689
"123","100651","Action_34","Morph_65","DN","Followme","Objectshake","ObjectShake.1","Sonso",0.518793793415168,0.0746003552397869,0.108792184724689
"124","100647","Action_33","Morph_61","DN","Followme","Objectmove","ObjectMove.1","Sonso",-1.02165124753198,0.0317495559502664,0.0406305506216696
"125","100645p3","Action_34","Morph_65","DN","Followme","Objectshake","ObjectShake.1","Sonso",-0.44628710262842,0.0746003552397869,0.108792184724689
"126","100644p2","Action_34","Morph_66","DN","Followme","Objectshake","ObjectShake.2","Sonso",0.364643113587909,0.0237566607460036,0.108792184724689
"127","100645p3","Action_33","Morph_61","DN","Followme","Objectmove","ObjectMove.1","Sonso",-0.916290731874155,0.0317495559502664,0.0406305506216696
"128","100625","Action_34","Morph_65","DN","Followme","Objectshake","ObjectShake.1","Sonso",0.587786664902119,0.0746003552397869,0.108792184724689
"129","100634","Action_17","Morph_39","DN","Followme","Hitobject","HitObject.1","Sonso",0.0392207131532813,0.0430728241563055,0.0559502664298401
"130","100629p1","Action_34","Morph_65","DN","Followme","Objectshake","ObjectShake.1","Sonso",0.841567185678219,0.0746003552397869,0.108792184724689
"131","100639b","Action_49","Morph_NA","DN","Sociosexualattention","Rub",NA,"Sonso",0.56531380905006,0.0159857904085258,0.0066607460035524
"132","100635p1","Action_34","Morph_66","DN","Followme","Objectshake","ObjectShake.2","Sonso",0.985816794522765,0.0237566607460036,0.108792184724689
"133","100647","Action_60","Morph_NA","DN","Followme","Swing",NA,"Sonso",0.182321556793955,0.0159857904085258,0.0475133214920071
"134","100654","Action_17","Morph_40","DN","Followme","Hitobject","HitObject.2","Sonso",-0.916290731874155,0.0119893428063943,0.0559502664298401
"135","100623","Action_34","Morph_65","DN","Followme","Objectshake","ObjectShake.1","Sonso",0.65232518603969,0.0746003552397869,0.108792184724689
"136","100645p3","Action_17","Morph_39","DN","Followme","Hitobject","HitObject.1","Sonso",0.215111379616945,0.0430728241563055,0.0559502664298401
"137","100637p5","Action_34","Morph_66","DN","Followme","Objectshake","ObjectShake.2","Sonso",0.307484699747961,0.0237566607460036,0.108792184724689
"138","100645p3","Action_24","Morph_51","DN","Followme","Jump","Jump.1","Sonso",-0.44628710262842,0.00732682060390764,0.00732682060390764
"139","100629p2","Action_34","Morph_66","DN","Followme","Objectshake","ObjectShake.2","Sonso",0.970778917158225,0.0237566607460036,0.108792184724689
"140","100650","Action_34","Morph_69","DN","Followme","Objectshake","ObjectShake.5","Sonso",0.631271776841858,0.0011101243339254,0.108792184724689
"141","100634","Action_34","Morph_65","DN","Followme","Objectshake","ObjectShake.1","Sonso",0.672944473242426,0.0746003552397869,0.108792184724689
"142","100641a","Action_34","Morph_65","DN","Followme","Objectshake","ObjectShake.1","Sonso",0.0760346862759976,0.0746003552397869,0.108792184724689
"143","100629p2","Action_34","Morph_65","DN","Followme","Objectshake","ObjectShake.1","Sonso",1.08518926833597,0.0746003552397869,0.108792184724689
"144","100642","Action_34","Morph_65","DN","Followme","Objectshake","ObjectShake.1","Sonso",0.609765571620894,0.0746003552397869,0.108792184724689
"145","100654","Action_24","Morph_51","DN","Followme","Jump","Jump.1","Sonso",-0.328504066972036,0.00732682060390764,0.00732682060390764
"146","100645p2","Action_34","Morph_65","DN","Followme","Objectshake","ObjectShake.1","Sonso",0.806475865866949,0.0746003552397869,0.108792184724689
"147","100647","Action_33","Morph_61","DN","Followme","Objectmove","ObjectMove.1","Sonso",-0.385662480811985,0.0317495559502664,0.0406305506216696
"148","100626","Action_34","Morph_65","DN","Followme","Objectshake","ObjectShake.1","Sonso",1.21194097397511,0.0746003552397869,0.108792184724689
"149","100645p3","Action_34","Morph_65","DN","Followme","Objectshake","ObjectShake.1","Sonso",0.732367893713227,0.0746003552397869,0.108792184724689
"150","100625","Action_34","Morph_66","DN","Followme","Objectshake","ObjectShake.2","Sonso",1.18784342239605,0.0237566607460036,0.108792184724689
"151","100643p1","Action_61","Morph_130","DN","Followme","Throwobject","ThrowObject.1","Sonso",-0.653926467406664,0.00244227353463588,0.00244227353463588
"152","100637p1","Action_34","Morph_65","DN","Followme","Objectshake","ObjectShake.1","Sonso",0.940007258491471,0.0746003552397869,0.108792184724689
"153","100624","Action_34","Morph_65","DN","Followme","Objectshake","ObjectShake.1","Sonso",1.3244189574018,0.0746003552397869,0.108792184724689
"154","100648","Action_34","Morph_65","DN","Followme","Objectshake","ObjectShake.1","Sonso",0.307484699747961,0.0746003552397869,0.108792184724689
"155","100637p5","Action_34","Morph_65","DN","Followme","Objectshake","ObjectShake.1","Sonso",0.732367893713227,0.0746003552397869,0.108792184724689
"156","100629p2","Action_34","Morph_66","DN","Followme","Objectshake","ObjectShake.2","Sonso",0.56531380905006,0.0237566607460036,0.108792184724689
"157","100644p1","Action_60","Morph_127","DN","Followme","Swing","Swing.1","Sonso",0.0769610411361284,0.0428507992895204,0.0475133214920071
"158","100645p3","Action_34","Morph_65","DN","Followme","Objectshake","ObjectShake.1","Sonso",0,0.0746003552397869,0.108792184724689
"159","100644p1","Action_34","Morph_66","DN","Followme","Objectshake","ObjectShake.2","Sonso",1.07158361628019,0.0237566607460036,0.108792184724689
"160","100637p5","Action_17","Morph_39","DN","Followme","Hitobject","HitObject.1","Sonso",-0.510825623765991,0.0430728241563055,0.0559502664298401
"161","100655","Action_34","Morph_65","DN","Followme","Objectshake","ObjectShake.1","Sonso",0.693147180559945,0.0746003552397869,0.108792184724689
"162","100624","Action_34","Morph_65","DN","Followme","Objectshake","ObjectShake.1","Sonso",1.02961941718116,0.0746003552397869,0.108792184724689
"163","100628a","Action_34","Morph_65","DN","Followme","Objectshake","ObjectShake.1","Sonso",-0.083381608939051,0.0746003552397869,0.108792184724689
"164","100624","Action_17","Morph_39","DN","Followme","Hitobject","HitObject.1","Sonso",0.0392207131532813,0.0430728241563055,0.0559502664298401
"165","100651","Action_34","Morph_65","DN","Followme","Objectshake","ObjectShake.1","Sonso",0.215111379616945,0.0746003552397869,0.108792184724689
"166","100625","Action_34","Morph_66","DN","Followme","Objectshake","ObjectShake.2","Sonso",1.31372366828506,0.0237566607460036,0.108792184724689
"167","100647","Action_34","Morph_65","DN","Followme","Objectshake","ObjectShake.1","Sonso",-0.083381608939051,0.0746003552397869,0.108792184724689
"168","100631p1","Action_34","Morph_66","DN","Followme","Objectshake","ObjectShake.2","Sonso",0.336472236621213,0.0237566607460036,0.108792184724689
"169","100637p4","Action_34","Morph_66","DN","Followme","Objectshake","ObjectShake.2","Sonso",1.3244189574018,0.0237566607460036,0.108792184724689
"170","100624","Action_34","Morph_65","DN","Followme","Objectshake","ObjectShake.1","Sonso",0.8754687373539,0.0746003552397869,0.108792184724689
"171","100645p3","Action_34","Morph_65","DN","Followme","Objectshake","ObjectShake.1","Sonso",0,0.0746003552397869,0.108792184724689
"172","100631p1","Action_34","Morph_66","DN","Followme","Objectshake","ObjectShake.2","Sonso",0.336472236621213,0.0237566607460036,0.108792184724689
"173","100644p1","Action_57","Morph_115","DN","Followme","Stompobject","StompObject.1","Sonso",-0.510825623765991,0.0337477797513321,0.0424067495559503
"174","100645p3","Action_34","Morph_65","DN","Followme","Objectshake","ObjectShake.1","Sonso",-0.27443684570176,0.0746003552397869,0.108792184724689
"175","100637p1","Action_34","Morph_66","DN","Followme","Objectshake","ObjectShake.2","Sonso",1.3244189574018,0.0237566607460036,0.108792184724689
"176","100624","Action_34","Morph_65","DN","Followme","Objectshake","ObjectShake.1","Sonso",0.148420005118273,0.0746003552397869,0.108792184724689
"177","100625","Action_47","Morph_103","DN","Followme","Rockingsit","Rocking.1","Sonso",0.89199803930511,0.00377442273534636,0.00377442273534636
"178","100644p1","Action_17","Morph_39","DN","Followme","Hitobject","HitObject.1","Sonso",-0.328504066972036,0.0430728241563055,0.0559502664298401
"179","100648","Action_34","Morph_65","DN","Followme","Objectshake","ObjectShake.1","Sonso",0.307484699747961,0.0746003552397869,0.108792184724689
"180","100631p1","Action_34","Morph_66","DN","Followme","Objectshake","ObjectShake.2","Sonso",0.751416088683921,0.0237566607460036,0.108792184724689
"181","100637p5","Action_34","Morph_66","DN","Followme","Objectshake","ObjectShake.2","Sonso",0.148420005118273,0.0237566607460036,0.108792184724689
"182","100645p3","Action_60","Morph_127","DN","Followme","Swing","Swing.1","Sonso",-0.328504066972036,0.0428507992895204,0.0475133214920071
"183","100634","Action_34","Morph_66","DN","Followme","Objectshake","ObjectShake.2","Sonso",0.693147180559945,0.0237566607460036,0.108792184724689
"184","100635p1","Action_57","Morph_NA","DN","Followme","Stompobject",NA,"Sonso",-1.42711635564015,0.0159857904085258,0.0424067495559503
"185","100645p2","Action_60","Morph_127","DN","Followme","Swing","Swing.1","Sonso",0.542324290825362,0.0428507992895204,0.0475133214920071
"186","100645p1","Action_34","Morph_66","DN","Followme","Objectshake","ObjectShake.2","Sonso",0.0769610411361284,0.0237566607460036,0.108792184724689
"187","100692","Action_42","Morph_93","DN","Position","Push","Push.6","Sonso",-0.44628710262842,0.0066607460035524,0.0466252220248668
"188","100691","Action_42","Morph_93","DN","Position","Push","Push.6","Sonso",-0.653926467406664,0.0066607460035524,0.0466252220248668
"189","100693","Action_42","Morph_93","DN","Position","Push","Push.6","Sonso",-0.82098055206983,0.0066607460035524,0.0466252220248668
"190","100805","Action_42","Morph_88","DN","Position","Push","Push.1","Sonso",-0.385662480811985,0.0106571936056838,0.0466252220248668
"191","100701","Action_38","Morph_79","DN","Directattention","Present","Present.5","Sonso",1.05779029414785,0.00688277087033748,0.0492895204262877
"192","100449","Action_11","Morph_22","DN","Play","Embrace","Embrace.1","Sonso",-0.174353387144778,0.00288632326820604,0.005550621669627
"193","102386","Action_63","Morph_132","DN","Stopbehaviour","Touch","Touch.1","Sonso",-1.02165124753198,0.0104351687388988,0.0341918294849023
"194","102385b","Action_13","Morph_28","DN","Stopbehaviour","Fling","Fling.2","Sonso",-0.879476758751439,0.00488454706927176,0.0117673179396092
"195","100695","Action_38","Morph_78","DN","Groom","Present","Present.4","Sonso",0.631271776841858,0.00288632326820604,0.0492895204262877
"196","100607","Action_34","Morph_69","DN","Followme","Objectshake","ObjectShake.5","Sonso",-0.44628710262842,0.0011101243339254,0.108792184724689
"197","100600","Action_49","Morph_105","DN","Followme","Rub","Rub.1","Sonso",0.215111379616945,0.0044404973357016,0.0066607460035524
"198","100595a","Action_22","Morph_43","DN","Followme","Hittingobjectobject","HitObject.5","Sonso",0.444685821261446,0.0044404973357016,0.00266429840142096
"199","100595a","Action_34","Morph_65","DN","Followme","Objectshake","ObjectShake.1","Sonso",-0.083381608939051,0.0746003552397869,0.108792184724689
"200","100518","Action_34","Morph_65","DN","Followme","Objectshake","ObjectShake.1","Sonso",0.587786664902119,0.0746003552397869,0.108792184724689
"201","100499","Action_61","Morph_130","DN","Followme","Throwobject","ThrowObject.1","Sonso",-0.82098055206983,0.00244227353463588,0.00244227353463588
"202","100500","Action_34","Morph_65","DN","Followme","Objectshake","ObjectShake.1","Sonso",0.444685821261446,0.0746003552397869,0.108792184724689
"203","100499","Action_33","Morph_62","DN","Followme","Objectmove","ObjectMove.2","Sonso",-1.27296567581289,0.00643872113676732,0.0406305506216696
"204","100595a","Action_34","Morph_65","DN","Followme","Objectshake","ObjectShake.1","Sonso",0.494696241836107,0.0746003552397869,0.108792184724689
"205","100515","Action_34","Morph_65","DN","Followme","Objectshake","ObjectShake.1","Sonso",0.470003629245736,0.0746003552397869,0.108792184724689
"206","100590p2","Action_34","Morph_65","DN","Followme","Objectshake","ObjectShake.1","Sonso",0.113328685307003,0.0746003552397869,0.108792184724689
"207","100601","Action_22","Morph_43","DN","Followme","Hittingobjectobject","HitObject.5","Sonso",0.858661619037519,0.0044404973357016,0.00266429840142096
"208","100606","Action_34","Morph_66","DN","Followme","Objectshake","ObjectShake.2","Sonso",0.0769610411361284,0.0237566607460036,0.108792184724689
"209","100575","Action_50","Morph_107","DN","Followme","Shake","Shake.1","Sonso",0.215111379616945,0.00355239786856128,0.0122113676731794
"210","100594","Action_34","Morph_65","DN","Followme","Objectshake","ObjectShake.1","Sonso",0.336472236621213,0.0746003552397869,0.108792184724689
"211","100601","Action_18","Morph_39","DN","Followme","Hitobjectobject","HitObject.1","Sonso",0.518793793415168,0.0430728241563055,0.00466252220248668
"212","100589","Action_34","Morph_65","DN","Followme","Objectshake","ObjectShake.1","Sonso",0.392042087776024,0.0746003552397869,0.108792184724689
"213","100594","Action_24","Morph_51","DN","Followme","Jump","Jump.1","Sonso",-0.385662480811985,0.00732682060390764,0.00732682060390764
"214","100578","Action_34","Morph_65","DN","Followme","Objectshake","ObjectShake.1","Sonso",0.924258901523332,0.0746003552397869,0.108792184724689
"215","100501","Action_34","Morph_65","DN","Followme","Objectshake","ObjectShake.1","Sonso",0.307484699747961,0.0746003552397869,0.108792184724689
"216","100509","Action_60","Morph_127","DN","Followme","Swing","Swing.1","Sonso",0.712949807856125,0.0428507992895204,0.0475133214920071
"217","100499","Action_60","Morph_127","DN","Followme","Swing","Swing.1","Sonso",0.148420005118273,0.0428507992895204,0.0475133214920071
"218","100498","Action_60","Morph_NA","DN","Followme","Swing",NA,"Sonso",0,0.0159857904085258,0.0475133214920071
"219","100516p2","Action_34","Morph_65","DN","Followme","Objectshake","ObjectShake.1","Sonso",0.542324290825362,0.0746003552397869,0.108792184724689
"220","100586","Action_34","Morph_66","DN","Followme","Objectshake","ObjectShake.2","Sonso",1.30291275218084,0.0237566607460036,0.108792184724689
"221","100511p1","Action_33","Morph_64","DN","Followme","Objectmove","ObjectMove.4","Sonso",-0.127833371509885,0.00066607460035524,0.0406305506216696
"222","100596","Action_34","Morph_65","DN","Followme","Objectshake","ObjectShake.1","Sonso",0.712949807856125,0.0746003552397869,0.108792184724689
"223","100578","Action_34","Morph_65","DN","Followme","Objectshake","ObjectShake.1","Sonso",1.12492959698548,0.0746003552397869,0.108792184724689
"224","100602p2","Action_34","Morph_65","DN","Followme","Objectshake","ObjectShake.1","Sonso",0.732367893713227,0.0746003552397869,0.108792184724689
"225","100590p1","Action_17","Morph_41","DN","Followme","Hitobject","HitObject.3","Sonso",-0.44628710262842,0.00510657193605684,0.0559502664298401
"226","100586","Action_34","Morph_65","DN","Followme","Objectshake","ObjectShake.1","Sonso",0.444685821261446,0.0746003552397869,0.108792184724689
"227","100508","Action_34","Morph_65","DN","Followme","Objectshake","ObjectShake.1","Sonso",1.44456326924387,0.0746003552397869,0.108792184724689
"228","100601","Action_34","Morph_66","DN","Followme","Objectshake","ObjectShake.2","Sonso",1.34547236659964,0.0237566607460036,0.108792184724689
"229","100579","Action_34","Morph_65","DN","Followme","Objectshake","ObjectShake.1","Sonso",1.11185751541813,0.0746003552397869,0.108792184724689
"230","100601","Action_34","Morph_65","DN","Followme","Objectshake","ObjectShake.1","Sonso",0.693147180559945,0.0746003552397869,0.108792184724689
"231","100578","Action_60","Morph_127","DN","Followme","Swing","Swing.1","Sonso",0.0392207131532813,0.0428507992895204,0.0475133214920071
"232","100519","Action_34","Morph_65","DN","Followme","Objectshake","ObjectShake.1","Sonso",0.732367893713227,0.0746003552397869,0.108792184724689
"233","100508","Action_60","Morph_127","DN","Followme","Swing","Swing.1","Sonso",-0.083381608939051,0.0428507992895204,0.0475133214920071
"234","100595a","Action_33","Morph_NA","DN","Followme","Objectmove",NA,"Sonso",-0.27443684570176,0.0159857904085258,0.0406305506216696
"235","100500","Action_61","Morph_130","DN","Followme","Throwobject","ThrowObject.1","Sonso",0.418710334858185,0.00244227353463588,0.00244227353463588
"236","100589","Action_34","Morph_65","DN","Followme","Objectshake","ObjectShake.1","Sonso",0.8754687373539,0.0746003552397869,0.108792184724689
"237","100593","Action_33","Morph_61","DN","Followme","Objectmove","ObjectMove.1","Sonso",-0.328504066972036,0.0317495559502664,0.0406305506216696
"238","100591","Action_34","Morph_65","DN","Followme","Objectshake","ObjectShake.1","Sonso",-0.127833371509885,0.0746003552397869,0.108792184724689
"239","100500","Action_33","Morph_62","DN","Followme","Objectmove","ObjectMove.2","Sonso",0.542324290825362,0.00643872113676732,0.0406305506216696
"240","100589","Action_17","Morph_41","DN","Followme","Hitobject","HitObject.3","Sonso",-0.510825623765991,0.00510657193605684,0.0559502664298401
"241","100511p1","Action_57","Morph_115","DN","Followme","Stompobject","StompObject.1","Sonso",-0.7339691750802,0.0337477797513321,0.0424067495559503
"242","100588","Action_34","Morph_66","DN","Followme","Objectshake","ObjectShake.2","Sonso",1.15057202759882,0.0237566607460036,0.108792184724689
"243","100595a","Action_57","Morph_115","DN","Followme","Stompobject","StompObject.1","Sonso",-1.02165124753198,0.0337477797513321,0.0424067495559503
"244","100608","Action_42","Morph_92","DN","Position","Push","Push.5","Sonso",-1.02165124753198,0.0066607460035524,0.0466252220248668
"245","100605","Action_34","Morph_65","DN","Followme","Objectshake","ObjectShake.1","Sonso",0.336472236621213,0.0746003552397869,0.108792184724689
"246","100557","Action_34","Morph_65","DN","Followme","Objectshake","ObjectShake.1","Sonso",0.470003629245736,0.0746003552397869,0.108792184724689
"247","100515","Action_33","Morph_61","DN","Followme","Objectmove","ObjectMove.1","Sonso",0.0392207131532813,0.0317495559502664,0.0406305506216696
"248","100519","Action_34","Morph_65","DN","Followme","Objectshake","ObjectShake.1","Sonso",0.392042087776024,0.0746003552397869,0.108792184724689
"249","100597","Action_33","Morph_61","DN","Followme","Objectmove","ObjectMove.1","Sonso",0.587786664902119,0.0317495559502664,0.0406305506216696
"250","100518","Action_60","Morph_127","DN","Followme","Swing","Swing.1","Sonso",-0.0408219945202552,0.0428507992895204,0.0475133214920071
"251","100504","Action_34","Morph_65","DN","Followme","Objectshake","ObjectShake.1","Sonso",-0.0408219945202552,0.0746003552397869,0.108792184724689
"252","100559","Action_34","Morph_65","DN","Followme","Objectshake","ObjectShake.1","Sonso",0.470003629245736,0.0746003552397869,0.108792184724689
"253","100602p1","Action_34","Morph_65","DN","Followme","Objectshake","ObjectShake.1","Sonso",1.56024766824333,0.0746003552397869,0.108792184724689
"254","100498","Action_33","Morph_61","DN","Followme","Objectmove","ObjectMove.1","Sonso",0.215111379616945,0.0317495559502664,0.0406305506216696
"255","100516p3","Action_33","Morph_61","DN","Followme","Objectmove","ObjectMove.1","Sonso",0.0769610411361284,0.0317495559502664,0.0406305506216696
"256","100557","Action_34","Morph_65","DN","Followme","Objectshake","ObjectShake.1","Sonso",0.392042087776024,0.0746003552397869,0.108792184724689
"257","100593","Action_22","Morph_43","DN","Followme","Hittingobjectobject","HitObject.5","Sonso",0.56531380905006,0.0044404973357016,0.00266429840142096
"258","100577","Action_34","Morph_65","DN","Sexualattention","Objectshake","ObjectShake.1","Sonso",1.43508452528932,0.0746003552397869,0.108792184724689
"259","100498","Action_60","Morph_127","DN","Followme","Swing","Swing.1","Sonso",0.148420005118273,0.0428507992895204,0.0475133214920071
"260","100509","Action_33","Morph_61","DN","Followme","Objectmove","ObjectMove.1","Sonso",0.364643113587909,0.0317495559502664,0.0406305506216696
"261","100509","Action_33","Morph_61","DN","Followme","Objectmove","ObjectMove.1","Sonso",0.924258901523332,0.0317495559502664,0.0406305506216696
"262","100517","Action_34","Morph_65","DN","Followme","Objectshake","ObjectShake.1","Sonso",0.364643113587909,0.0746003552397869,0.108792184724689
"263","100597","Action_33","Morph_61","DN","Followme","Objectmove","ObjectMove.1","Sonso",0.494696241836107,0.0317495559502664,0.0406305506216696
"264","100578","Action_34","Morph_65","DN","Followme","Objectshake","ObjectShake.1","Sonso",1.00063188030791,0.0746003552397869,0.108792184724689
"265","100589","Action_24","Morph_51","DN","Followme","Jump","Jump.1","Sonso",-0.385662480811985,0.00732682060390764,0.00732682060390764
"266","100585","Action_34","Morph_65","DN","Followme","Objectshake","ObjectShake.1","Sonso",1.17557332980424,0.0746003552397869,0.108792184724689
"267","100600","Action_34","Morph_65","DN","Followme","Objectshake","ObjectShake.1","Sonso",0.908258560176891,0.0746003552397869,0.108792184724689
"268","100575","Action_34","Morph_65","DN","Followme","Objectshake","ObjectShake.1","Sonso",0.364643113587909,0.0746003552397869,0.108792184724689
"269","100519","Action_34","Morph_65","DN","Followme","Objectshake","ObjectShake.1","Sonso",-0.27443684570176,0.0746003552397869,0.108792184724689
"270","100607","Action_34","Morph_66","DN","Followme","Objectshake","ObjectShake.2","Sonso",0.364643113587909,0.0237566607460036,0.108792184724689
"271","100519","Action_34","Morph_65","DN","Followme","Objectshake","ObjectShake.1","Sonso",0.113328685307003,0.0746003552397869,0.108792184724689
"272","100589","Action_34","Morph_66","DN","Followme","Objectshake","ObjectShake.2","Sonso",1.11185751541813,0.0237566607460036,0.108792184724689
"273","100595a","Action_34","Morph_69","DN","Followme","Objectshake","ObjectShake.5","Sonso",0.246860077931526,0.0011101243339254,0.108792184724689
"274","100557","Action_34","Morph_65","DN","Followme","Objectshake","ObjectShake.1","Sonso",0.770108221696074,0.0746003552397869,0.108792184724689
"275","100578","Action_34","Morph_65","DN","Followme","Objectshake","ObjectShake.1","Sonso",1.11185751541813,0.0746003552397869,0.108792184724689
"276","100510","Action_34","Morph_65","DN","Sexualattention","Objectshake","ObjectShake.1","Sonso",0.148420005118273,0.0746003552397869,0.108792184724689
"277","100589","Action_34","Morph_66","DN","Followme","Objectshake","ObjectShake.2","Sonso",1.11185751541813,0.0237566607460036,0.108792184724689
"278","100515","Action_57","Morph_115","DN","Followme","Stompobject","StompObject.1","Sonso",-0.44628710262842,0.0337477797513321,0.0424067495559503
"279","100507","Action_33","Morph_61","DN","Followme","Objectmove","ObjectMove.1","Sonso",0.587786664902119,0.0317495559502664,0.0406305506216696
"280","100601","Action_34","Morph_66","DN","Followme","Objectshake","ObjectShake.2","Sonso",0.908258560176891,0.0237566607460036,0.108792184724689
"281","100578","Action_34","Morph_65","DN","Followme","Objectshake","ObjectShake.1","Sonso",0.307484699747961,0.0746003552397869,0.108792184724689
"282","100519","Action_34","Morph_65","DN","Followme","Objectshake","ObjectShake.1","Sonso",0.770108221696074,0.0746003552397869,0.108792184724689
"283","100599","Action_34","Morph_65","DN","Followme","Objectshake","ObjectShake.1","Sonso",1.1999647829284,0.0746003552397869,0.108792184724689
"284","100513","Action_34","Morph_68","DN","Followme","Objectshake","ObjectShake.4","Sonso",0.732367893713227,0.00288632326820604,0.108792184724689
"285","100602p1","Action_34","Morph_65","DN","Followme","Objectshake","ObjectShake.1","Sonso",1.23547147138531,0.0746003552397869,0.108792184724689
"286","100590p2","Action_17","Morph_39","DN","Followme","Hitobject","HitObject.1","Sonso",-0.7339691750802,0.0430728241563055,0.0559502664298401
"287","100586","Action_17","Morph_39","DN","Followme","Hitobject","HitObject.1","Sonso",0.0769610411361284,0.0430728241563055,0.0559502664298401
"288","100594","Action_18","Morph_40","DN","Followme","Hitobjectobject","HitObject.2","Sonso",-0.44628710262842,0.0119893428063943,0.00466252220248668
"289","100596","Action_60","Morph_127","DN","Followme","Swing","Swing.1","Sonso",-0.22314355131421,0.0428507992895204,0.0475133214920071
"290","100591","Action_34","Morph_65","DN","Followme","Objectshake","ObjectShake.1","Sonso",1.1999647829284,0.0746003552397869,0.108792184724689
"291","100582","Action_17","Morph_39","DN","Stopbehaviour","Hitobject","HitObject.1","Sonso",-0.385662480811985,0.0430728241563055,0.0559502664298401
"292","100508","Action_49","Morph_105","DN","Followme","Rub","Rub.1","Sonso",-0.22314355131421,0.0044404973357016,0.0066607460035524
"293","100593","Action_18","Morph_39","DN","Followme","Hitobjectobject","HitObject.1","Sonso",0,0.0430728241563055,0.00466252220248668
"294","100507","Action_33","Morph_61","DN","Followme","Objectmove","ObjectMove.1","Sonso",0.0392207131532813,0.0317495559502664,0.0406305506216696
"295","100578","Action_17","Morph_39","DN","Followme","Hitobject","HitObject.1","Sonso",-0.174353387144778,0.0430728241563055,0.0559502664298401
"296","100508","Action_60","Morph_127","DN","Followme","Swing","Swing.1","Sonso",0.336472236621213,0.0428507992895204,0.0475133214920071
"297","100518","Action_60","Morph_127","DN","Followme","Swing","Swing.1","Sonso",-0.44628710262842,0.0428507992895204,0.0475133214920071
"298","100509","Action_61","Morph_130","DN","Followme","Throwobject","ThrowObject.1","Sonso",-0.0408219945202552,0.00244227353463588,0.00244227353463588
"299","100511p1","Action_33","Morph_61","DN","Followme","Objectmove","ObjectMove.1","Sonso",-0.27443684570176,0.0317495559502664,0.0406305506216696
"300","100587","Action_34","Morph_65","DN","Followme","Objectshake","ObjectShake.1","Sonso",1.21194097397511,0.0746003552397869,0.108792184724689
"301","100597","Action_33","Morph_61","DN","Followme","Objectmove","ObjectMove.1","Sonso",-0.083381608939051,0.0317495559502664,0.0406305506216696
"302","100601","Action_34","Morph_65","DN","Followme","Objectshake","ObjectShake.1","Sonso",1.08518926833597,0.0746003552397869,0.108792184724689
"303","100594","Action_34","Morph_65","DN","Followme","Objectshake","ObjectShake.1","Sonso",0.78845736036427,0.0746003552397869,0.108792184724689
"304","100594","Action_34","Morph_65","DN","Followme","Objectshake","ObjectShake.1","Sonso",0.751416088683921,0.0746003552397869,0.108792184724689
"305","100586","Action_34","Morph_65","DN","Followme","Objectshake","ObjectShake.1","Sonso",0.27763173659828,0.0746003552397869,0.108792184724689
"306","100579","Action_34","Morph_66","DN","Followme","Objectshake","ObjectShake.2","Sonso",1.05779029414785,0.0237566607460036,0.108792184724689
"307","100580","Action_34","Morph_65","DN","Followme","Objectshake","ObjectShake.1","Sonso",0.841567185678219,0.0746003552397869,0.108792184724689
"308","100595a","Action_57","Morph_NA","DN","Followme","Stompobject",NA,"Sonso",-1.27296567581289,0.0159857904085258,0.0424067495559503
"309","100591","Action_34","Morph_65","DN","Followme","Objectshake","ObjectShake.1","Sonso",0.182321556793955,0.0746003552397869,0.108792184724689
"310","100575","Action_34","Morph_66","DN","Followme","Objectshake","ObjectShake.2","Sonso",0.693147180559945,0.0237566607460036,0.108792184724689
"311","100508","Action_17","Morph_39","DN","Followme","Hitobject","HitObject.1","Sonso",-0.083381608939051,0.0430728241563055,0.0559502664298401
"312","100580","Action_33","Morph_61","DN","Followme","Objectmove","ObjectMove.1","Sonso",0.631271776841858,0.0317495559502664,0.0406305506216696
"313","100577","Action_34","Morph_66","DN","Sexualattention","Objectshake","ObjectShake.2","Sonso",1.05779029414785,0.0237566607460036,0.108792184724689
"314","100578","Action_34","Morph_65","DN","Followme","Objectshake","ObjectShake.1","Sonso",0.56531380905006,0.0746003552397869,0.108792184724689
"315","100601","Action_34","Morph_65","DN","Followme","Objectshake","ObjectShake.1","Sonso",0.494696241836107,0.0746003552397869,0.108792184724689
"316","100508","Action_34","Morph_65","DN","Followme","Objectshake","ObjectShake.1","Sonso",0.89199803930511,0.0746003552397869,0.108792184724689
"317","100595a","Action_18","Morph_39","DN","Followme","Hitobjectobject","HitObject.1","Sonso",0.27763173659828,0.0430728241563055,0.00466252220248668
"318","100575","Action_34","Morph_65","DN","Followme","Objectshake","ObjectShake.1","Sonso",0.518793793415168,0.0746003552397869,0.108792184724689
"319","100577","Action_34","Morph_66","DN","Sexualattention","Objectshake","ObjectShake.2","Sonso",0.542324290825362,0.0237566607460036,0.108792184724689
"320","100557","Action_33","Morph_61","DN","Followme","Objectmove","ObjectMove.1","Sonso",-1.27296567581289,0.0317495559502664,0.0406305506216696
"321","100595a","Action_34","Morph_65","DN","Followme","Objectshake","ObjectShake.1","Sonso",0.494696241836107,0.0746003552397869,0.108792184724689
"322","100509","Action_33","Morph_62","DN","Followme","Objectmove","ObjectMove.2","Sonso",-0.083381608939051,0.00643872113676732,0.0406305506216696
"323","100498","Action_33","Morph_62","DN","Followme","Objectmove","ObjectMove.2","Sonso",0.182321556793955,0.00643872113676732,0.0406305506216696
"324","100519","Action_33","Morph_61","DN","Followme","Objectmove","ObjectMove.1","Sonso",-0.385662480811985,0.0317495559502664,0.0406305506216696
"325","100504","Action_22","Morph_43","DN","Followme","Hittingobjectobject","HitObject.5","Sonso",0.148420005118273,0.0044404973357016,0.00266429840142096
"326","100558","Action_60","Morph_127","DN","Followme","Swing","Swing.1","Sonso",0.148420005118273,0.0428507992895204,0.0475133214920071
"327","100503","Action_34","Morph_65","DN","Followme","Objectshake","ObjectShake.1","Sonso",0.587786664902119,0.0746003552397869,0.108792184724689
"328","100504","Action_18","Morph_39","DN","Followme","Hitobjectobject","HitObject.1","Sonso",-0.27443684570176,0.0430728241563055,0.00466252220248668
"329","100588","Action_34","Morph_65","DN","Followme","Objectshake","ObjectShake.1","Sonso",1.00063188030791,0.0746003552397869,0.108792184724689
"330","100593","Action_34","Morph_65","DN","Followme","Objectshake","ObjectShake.1","Sonso",0.364643113587909,0.0746003552397869,0.108792184724689
"331","100507","Action_34","Morph_65","DN","Followme","Objectshake","ObjectShake.1","Sonso",0.27763173659828,0.0746003552397869,0.108792184724689
"332","100590p2","Action_34","Morph_65","DN","Followme","Objectshake","ObjectShake.1","Sonso",0.732367893713227,0.0746003552397869,0.108792184724689
"333","100591","Action_34","Morph_65","DN","Followme","Objectshake","ObjectShake.1","Sonso",-0.127833371509885,0.0746003552397869,0.108792184724689
"334","100600","Action_24","Morph_51","DN","Followme","Jump","Jump.1","Sonso",-0.653926467406664,0.00732682060390764,0.00732682060390764
"335","100513","Action_33","Morph_62","DN","Followme","Objectmove","ObjectMove.2","Sonso",0.336472236621213,0.00643872113676732,0.0406305506216696
"336","100592","Action_49","Morph_105","DN","Sociosexualattention","Rub","Rub.1","Sonso",-0.127833371509885,0.0044404973357016,0.0066607460035524
"337","100508","Action_60","Morph_127","DN","Followme","Swing","Swing.1","Sonso",0.418710334858185,0.0428507992895204,0.0475133214920071
"338","100501","Action_17","Morph_39","DN","Followme","Hitobject","HitObject.1","Sonso",-0.083381608939051,0.0430728241563055,0.0559502664298401
"339","100575","Action_34","Morph_66","DN","Followme","Objectshake","ObjectShake.2","Sonso",0.364643113587909,0.0237566607460036,0.108792184724689
"340","100511p1","Action_60","Morph_127","DN","Followme","Swing","Swing.1","Sonso",0.444685821261446,0.0428507992895204,0.0475133214920071
"341","100581","Action_34","Morph_65","DN","Followme","Objectshake","ObjectShake.1","Sonso",0.56531380905006,0.0746003552397869,0.108792184724689
"342","100600","Action_34","Morph_65","DN","Followme","Objectshake","ObjectShake.1","Sonso",0.65232518603969,0.0746003552397869,0.108792184724689
"343","100498","Action_33","Morph_61","DN","Followme","Objectmove","ObjectMove.1","Sonso",-0.22314355131421,0.0317495559502664,0.0406305506216696
"344","100589","Action_34","Morph_65","DN","Followme","Objectshake","ObjectShake.1","Sonso",1.33500106673234,0.0746003552397869,0.108792184724689
"345","100594","Action_34","Morph_65","DN","Followme","Objectshake","ObjectShake.1","Sonso",-0.22314355131421,0.0746003552397869,0.108792184724689
"346","100508","Action_33","Morph_62","DN","Followme","Objectmove","ObjectMove.2","Sonso",-0.7339691750802,0.00643872113676732,0.0406305506216696
"347","100590p3","Action_34","Morph_65","DN","Followme","Objectshake","ObjectShake.1","Sonso",1.13783300182139,0.0746003552397869,0.108792184724689
"348","100595a","Action_55","Morph_116","DN","Followme","Stompingobject","StompObject.2","Sonso",0,0.0148756660746004,0.0230905861456483
"349","100606","Action_34","Morph_65","DN","Followme","Objectshake","ObjectShake.1","Sonso",0.0769610411361284,0.0746003552397869,0.108792184724689
"350","100507","Action_34","Morph_65","DN","Followme","Objectshake","ObjectShake.1","Sonso",-0.385662480811985,0.0746003552397869,0.108792184724689
"351","100504","Action_34","Morph_65","DN","Followme","Objectshake","ObjectShake.1","Sonso",0.56531380905006,0.0746003552397869,0.108792184724689
"352","100498","Action_33","Morph_61","DN","Followme","Objectmove","ObjectMove.1","Sonso",-0.127833371509885,0.0317495559502664,0.0406305506216696
"353","100515","Action_34","Morph_65","DN","Followme","Objectshake","ObjectShake.1","Sonso",0.444685821261446,0.0746003552397869,0.108792184724689
"354","100590p2","Action_33","Morph_NA","DN","Followme","Objectmove",NA,"Sonso",-0.22314355131421,0.0159857904085258,0.0406305506216696
"355","100503","Action_33","Morph_61","DN","Followme","Objectmove","ObjectMove.1","Sonso",-0.653926467406664,0.0317495559502664,0.0406305506216696
"356","100598","Action_34","Morph_65","DN","Followme","Objectshake","ObjectShake.1","Sonso",0.672944473242426,0.0746003552397869,0.108792184724689
"357","100511p2","Action_34","Morph_65","DN","Followme","Objectshake","ObjectShake.1","Sonso",0.693147180559945,0.0746003552397869,0.108792184724689
"358","100575","Action_34","Morph_66","DN","Followme","Objectshake","ObjectShake.2","Sonso",0.609765571620894,0.0237566607460036,0.108792184724689
"359","100607","Action_57","Morph_115","DN","Followme","Stompobject","StompObject.1","Sonso",-0.82098055206983,0.0337477797513321,0.0424067495559503
"360","100518","Action_24","Morph_51","DN","Followme","Jump","Jump.1","Sonso",-0.510825623765991,0.00732682060390764,0.00732682060390764
"361","100511p1","Action_33","Morph_61","DN","Followme","Objectmove","ObjectMove.1","Sonso",-0.22314355131421,0.0317495559502664,0.0406305506216696
"362","100588","Action_34","Morph_65","DN","Followme","Objectshake","ObjectShake.1","Sonso",1.42551507427317,0.0746003552397869,0.108792184724689
"363","100591","Action_49","Morph_105","DN","Followme","Rub","Rub.1","Sonso",0.113328685307003,0.0044404973357016,0.0066607460035524
"364","100500","Action_34","Morph_65","DN","Followme","Objectshake","ObjectShake.1","Sonso",0.732367893713227,0.0746003552397869,0.108792184724689
"365","100596","Action_57","Morph_115","DN","Followme","Stompobject","StompObject.1","Sonso",-0.510825623765991,0.0337477797513321,0.0424067495559503
"366","100519","Action_57","Morph_115","DN","Followme","Stompobject","StompObject.1","Sonso",-0.44628710262842,0.0337477797513321,0.0424067495559503
"367","100498","Action_2","Morph_4","DN","Followme","Bigloudscratch","BigLoudScratch.2","Sonso",0.246860077931526,0.019316163410302,0.0577264653641208
"368","100594","Action_50","Morph_108","DN","Followme","Shake","Shake.2","Sonso",-0.653926467406664,0.00466252220248668,0.0122113676731794
"369","100595a","Action_34","Morph_65","DN","Followme","Objectshake","ObjectShake.1","Sonso",0.336472236621213,0.0746003552397869,0.108792184724689
"370","100605","Action_34","Morph_66","DN","Followme","Objectshake","ObjectShake.2","Sonso",1.36609165380237,0.0237566607460036,0.108792184724689
"371","100508","Action_65","Morph_NA","DN","Followme","Wave",NA,"Sonso",-0.127833371509885,0.0159857904085258,0.00066607460035524
"372","100520","Action_34","Morph_65","DN","Groom","Objectshake","ObjectShake.1","Sonso",0.307484699747961,0.0746003552397869,0.108792184724689
"373","100590p2","Action_34","Morph_65","DN","Followme","Objectshake","ObjectShake.1","Sonso",0.215111379616945,0.0746003552397869,0.108792184724689
"374","100500","Action_17","Morph_39","DN","Followme","Hitobject","HitObject.1","Sonso",-0.127833371509885,0.0430728241563055,0.0559502664298401
"375","100593","Action_18","Morph_39","DN","Followme","Hitobjectobject","HitObject.1","Sonso",-0.916290731874155,0.0430728241563055,0.00466252220248668
"376","100507","Action_34","Morph_65","DN","Followme","Objectshake","ObjectShake.1","Sonso",0.113328685307003,0.0746003552397869,0.108792184724689
"377","100515","Action_33","Morph_61","DN","Followme","Objectmove","ObjectMove.1","Sonso",-0.22314355131421,0.0317495559502664,0.0406305506216696
"378","100520","Action_50","Morph_107","DN","Groom","Shake","Shake.1","Sonso",-0.127833371509885,0.00355239786856128,0.0122113676731794
"379","100514","Action_33","Morph_62","DN","Followme","Objectmove","ObjectMove.2","Sonso",0.148420005118273,0.00643872113676732,0.0406305506216696
"380","100557","Action_50","Morph_107","DN","Followme","Shake","Shake.1","Sonso",-0.174353387144778,0.00355239786856128,0.0122113676731794
"381","100508","Action_60","Morph_127","DN","Followme","Swing","Swing.1","Sonso",0.955511445027436,0.0428507992895204,0.0475133214920071
"382","100593","Action_22","Morph_43","DN","Followme","Hittingobjectobject","HitObject.5","Sonso",0.609765571620894,0.0044404973357016,0.00266429840142096
"383","100575","Action_34","Morph_65","DN","Followme","Objectshake","ObjectShake.1","Sonso",0.841567185678219,0.0746003552397869,0.108792184724689
"384","100596","Action_34","Morph_NA","DN","Followme","Objectshake",NA,"Sonso",0.113328685307003,0.0159857904085258,0.108792184724689
"385","100595a","Action_34","Morph_65","DN","Followme","Objectshake","ObjectShake.1","Sonso",0.336472236621213,0.0746003552397869,0.108792184724689
"386","100594","Action_34","Morph_65","DN","Followme","Objectshake","ObjectShake.1","Sonso",0.693147180559945,0.0746003552397869,0.108792184724689
"387","100590p2","Action_34","Morph_66","DN","Followme","Objectshake","ObjectShake.2","Sonso",1.05779029414785,0.0237566607460036,0.108792184724689
"388","100498","Action_33","Morph_61","DN","Followme","Objectmove","ObjectMove.1","Sonso",0.470003629245736,0.0317495559502664,0.0406305506216696
"389","100559","Action_33","Morph_61","DN","Followme","Objectmove","ObjectMove.1","Sonso",-0.328504066972036,0.0317495559502664,0.0406305506216696
"390","100594","Action_34","Morph_66","DN","Followme","Objectshake","ObjectShake.2","Sonso",0.494696241836107,0.0237566607460036,0.108792184724689
"391","100596","Action_60","Morph_127","DN","Followme","Swing","Swing.1","Sonso",0.0769610411361284,0.0428507992895204,0.0475133214920071
"392","100511p2","Action_34","Morph_65","DN","Followme","Objectshake","ObjectShake.1","Sonso",0.631271776841858,0.0746003552397869,0.108792184724689
"393","100590p2","Action_34","Morph_65","DN","Followme","Objectshake","ObjectShake.1","Sonso",0.494696241836107,0.0746003552397869,0.108792184724689
"394","100593","Action_22","Morph_43","DN","Followme","Hittingobjectobject","HitObject.5","Sonso",0.470003629245736,0.0044404973357016,0.00266429840142096
"395","100595a","Action_22","Morph_43","DN","Followme","Hittingobjectobject","HitObject.5","Sonso",0.246860077931526,0.0044404973357016,0.00266429840142096
"396","100517","Action_34","Morph_65","DN","Followme","Objectshake","ObjectShake.1","Sonso",0.364643113587909,0.0746003552397869,0.108792184724689
"397","100607","Action_57","Morph_115","DN","Followme","Stompobject","StompObject.1","Sonso",-0.579818495252942,0.0337477797513321,0.0424067495559503
"398","100511p1","Action_33","Morph_63","DN","Followme","Objectmove","ObjectMove.3","Sonso",-0.27443684570176,0.0011101243339254,0.0406305506216696
"399","100597","Action_34","Morph_65","DN","Followme","Objectshake","ObjectShake.1","Sonso",0.8754687373539,0.0746003552397869,0.108792184724689
"400","100594","Action_34","Morph_66","DN","Followme","Objectshake","ObjectShake.2","Sonso",-0.0418642040986989,0.0237566607460036,0.108792184724689
"401","100594","Action_49","Morph_105","DN","Followme","Rub","Rub.1","Sonso",0.113328685307003,0.0044404973357016,0.0066607460035524
"402","100557","Action_34","Morph_65","DN","Followme","Objectshake","ObjectShake.1","Sonso",0.307484699747961,0.0746003552397869,0.108792184724689
"403","100590p1","Action_34","Morph_65","DN","Followme","Objectshake","ObjectShake.1","Sonso",1.1999647829284,0.0746003552397869,0.108792184724689
"404","100515","Action_34","Morph_65","DN","Followme","Objectshake","ObjectShake.1","Sonso",0.924258901523332,0.0746003552397869,0.108792184724689
"405","100513","Action_34","Morph_68","DN","Followme","Objectshake","ObjectShake.4","Sonso",0.418710334858185,0.00288632326820604,0.108792184724689
"406","100514","Action_60","Morph_129","DN","Followme","Swing","Swing.3","Sonso",0.182321556793955,0.0011101243339254,0.0475133214920071
"407","100602p1","Action_33","Morph_61","DN","Followme","Objectmove","ObjectMove.1","Sonso",0.148420005118273,0.0317495559502664,0.0406305506216696
"408","100557","Action_33","Morph_61","DN","Followme","Objectmove","ObjectMove.1","Sonso",-0.127833371509885,0.0317495559502664,0.0406305506216696
"409","100516p4","Action_34","Morph_65","DN","Followme","Objectshake","ObjectShake.1","Sonso",0.392042087776024,0.0746003552397869,0.108792184724689
"410","100515","Action_34","Morph_65","DN","Followme","Objectshake","ObjectShake.1","Sonso",0.732367893713227,0.0746003552397869,0.108792184724689
"411","100508","Action_34","Morph_65","DN","Followme","Objectshake","ObjectShake.1","Sonso",0.732367893713227,0.0746003552397869,0.108792184724689
"412","100500","Action_34","Morph_65","DN","Followme","Objectshake","ObjectShake.1","Sonso",0.444685821261446,0.0746003552397869,0.108792184724689
"413","100597","Action_17","Morph_39","DN","Followme","Hitobject","HitObject.1","Sonso",-0.083381608939051,0.0430728241563055,0.0559502664298401
"414","100589","Action_34","Morph_65","DN","Followme","Objectshake","ObjectShake.1","Sonso",0.148420005118273,0.0746003552397869,0.108792184724689
"415","100607","Action_34","Morph_69","DN","Followme","Objectshake","ObjectShake.5","Sonso",-0.174353387144778,0.0011101243339254,0.108792184724689
"416","100607","Action_34","Morph_66","DN","Followme","Objectshake","ObjectShake.2","Sonso",0.732367893713227,0.0237566607460036,0.108792184724689
"417","100501","Action_34","Morph_65","DN","Followme","Objectshake","ObjectShake.1","Sonso",0.444685821261446,0.0746003552397869,0.108792184724689
"418","100500","Action_33","Morph_61","DN","Followme","Objectmove","ObjectMove.1","Sonso",0.470003629245736,0.0317495559502664,0.0406305506216696
"419","100598","Action_34","Morph_66","DN","Followme","Objectshake","ObjectShake.2","Sonso",0.955511445027436,0.0237566607460036,0.108792184724689
"420","100594","Action_21","Morph_43","DN","Followme","Hittingobject","HitObject.5","Sonso",0.858661619037519,0.0044404973357016,0.00799289520426288
"421","100498","Action_33","Morph_61","DN","Followme","Objectmove","ObjectMove.1","Sonso",-0.127833371509885,0.0317495559502664,0.0406305506216696
"422","100518","Action_33","Morph_61","DN","Followme","Objectmove","ObjectMove.1","Sonso",-0.27443684570176,0.0317495559502664,0.0406305506216696
"423","100607","Action_24","Morph_51","DN","Followme","Jump","Jump.1","Sonso",-0.0408219945202552,0.00732682060390764,0.00732682060390764
"424","100520","Action_18","Morph_39","DN","Groom","Hitobjectobject","HitObject.1","Sonso",-0.44628710262842,0.0430728241563055,0.00466252220248668
"425","100502","Action_33","Morph_62","DN","Followme","Objectmove","ObjectMove.2","Sonso",0.587786664902119,0.00643872113676732,0.0406305506216696
"426","100588","Action_34","Morph_66","DN","Followme","Objectshake","ObjectShake.2","Sonso",0.542324290825362,0.0237566607460036,0.108792184724689
"427","100597","Action_34","Morph_65","DN","Followme","Objectshake","ObjectShake.1","Sonso",0.418710334858185,0.0746003552397869,0.108792184724689
"428","100586","Action_34","Morph_65","DN","Followme","Objectshake","ObjectShake.1","Sonso",0.985816794522765,0.0746003552397869,0.108792184724689
"429","100559","Action_34","Morph_65","DN","Followme","Objectshake","ObjectShake.1","Sonso",0.470003629245736,0.0746003552397869,0.108792184724689
"430","100509","Action_33","Morph_62","DN","Followme","Objectmove","ObjectMove.2","Sonso",-0.0408219945202552,0.00643872113676732,0.0406305506216696
"431","100501","Action_34","Morph_65","DN","Followme","Objectshake","ObjectShake.1","Sonso",-0.0408219945202552,0.0746003552397869,0.108792184724689
"432","100519","Action_57","Morph_115","DN","Followme","Stompobject","StompObject.1","Sonso",-0.385662480811985,0.0337477797513321,0.0424067495559503
"433","100601","Action_22","Morph_43","DN","Followme","Hittingobjectobject","HitObject.5","Sonso",0.418710334858185,0.0044404973357016,0.00266429840142096
"434","100509","Action_61","Morph_130","DN","Followme","Throwobject","ThrowObject.1","Sonso",0.732367893713227,0.00244227353463588,0.00244227353463588
"435","100599","Action_34","Morph_65","DN","Followme","Objectshake","ObjectShake.1","Sonso",0.364643113587909,0.0746003552397869,0.108792184724689
"436","100595a","Action_34","Morph_65","DN","Followme","Objectshake","ObjectShake.1","Sonso",0.587786664902119,0.0746003552397869,0.108792184724689
"437","100596","Action_34","Morph_65","DN","Followme","Objectshake","ObjectShake.1","Sonso",0.65232518603969,0.0746003552397869,0.108792184724689
"438","100602p1","Action_57","Morph_115","DN","Followme","Stompobject","StompObject.1","Sonso",-0.127833371509885,0.0337477797513321,0.0424067495559503
"439","100509","Action_34","Morph_65","DN","Followme","Objectshake","ObjectShake.1","Sonso",-0.174353387144778,0.0746003552397869,0.108792184724689
"440","100575","Action_34","Morph_65","DN","Followme","Objectshake","ObjectShake.1","Sonso",1.16315080980568,0.0746003552397869,0.108792184724689
"441","100607","Action_34","Morph_65","DN","Followme","Objectshake","ObjectShake.1","Sonso",0.364643113587909,0.0746003552397869,0.108792184724689
"442","100507","Action_33","Morph_61","DN","Followme","Objectmove","ObjectMove.1","Sonso",0.27763173659828,0.0317495559502664,0.0406305506216696
"443","100575","Action_34","Morph_65","DN","Followme","Objectshake","ObjectShake.1","Sonso",0.751416088683921,0.0746003552397869,0.108792184724689
"444","100555","Action_60","Morph_127","DN","Followme","Swing","Swing.1","Sonso",-0.328504066972036,0.0428507992895204,0.0475133214920071
"445","100516p1","Action_34","Morph_65","DN","Followme","Objectshake","ObjectShake.1","Sonso",1.29198368164865,0.0746003552397869,0.108792184724689
"446","100559","Action_60","Morph_127","DN","Followme","Swing","Swing.1","Sonso",-0.22314355131421,0.0428507992895204,0.0475133214920071
"447","100577","Action_34","Morph_65","DN","Sexualattention","Objectshake","ObjectShake.1","Sonso",1.07158361628019,0.0746003552397869,0.108792184724689
"448","100500","Action_34","Morph_65","DN","Followme","Objectshake","ObjectShake.1","Sonso",0.65232518603969,0.0746003552397869,0.108792184724689
"449","100509","Action_33","Morph_61","DN","Followme","Objectmove","ObjectMove.1","Sonso",-0.22314355131421,0.0317495559502664,0.0406305506216696
"450","100590p3","Action_49","Morph_105","DN","Followme","Rub","Rub.1","Sonso",0.113328685307003,0.0044404973357016,0.0066607460035524
"451","100595a","Action_18","Morph_39","DN","Followme","Hitobjectobject","HitObject.1","Sonso",0.148420005118273,0.0430728241563055,0.00466252220248668
"452","100581","Action_34","Morph_65","DN","Followme","Objectshake","ObjectShake.1","Sonso",0.65232518603969,0.0746003552397869,0.108792184724689
"453","100504","Action_22","Morph_43","DN","Followme","Hittingobjectobject","HitObject.5","Sonso",0.364643113587909,0.0044404973357016,0.00266429840142096
"454","100600","Action_34","Morph_66","DN","Followme","Objectshake","ObjectShake.2","Sonso",1.08518926833597,0.0237566607460036,0.108792184724689
"455","100505","Action_18","Morph_39","DN","Followme","Hitobjectobject","HitObject.1","Sonso",0,0.0430728241563055,0.00466252220248668
"456","100590p1","Action_34","Morph_65","DN","Followme","Objectshake","ObjectShake.1","Sonso",0.908258560176891,0.0746003552397869,0.108792184724689
"457","100507","Action_33","Morph_61","DN","Followme","Objectmove","ObjectMove.1","Sonso",-0.653926467406664,0.0317495559502664,0.0406305506216696
"458","101251","Action_23","Morph_47","FA","Play","Hittingother","HitOther.3","Sonso",0.0769610411361284,0.00843694493783304,0.0157637655417407
"459","100211","Action_37","Morph_74","FA","Travel","Poke","Poke.1","Sonso",-0.385662480811985,0.00266429840142096,0.00266429840142096
"460","102418","Action_20","Morph_46","FA","Stopbehaviour","Hitother","HitOther.2","Sonso",-0.385662480811985,0.00932504440497336,0.0404085257548845
"461","102414","Action_17","Morph_39","FA","Play","Hitobject","HitObject.1","Sonso",-0.385662480811985,0.0430728241563055,0.0559502664298401
"462","102413","Action_57","Morph_115","FA","Play","Stompobject","StompObject.1","Sonso",-1.27296567581289,0.0337477797513321,0.0424067495559503
"463","102414","Action_17","Morph_41","FA","Play","Hitobject","HitObject.3","Sonso",-0.44628710262842,0.00510657193605684,0.0559502664298401
"464","102414","Action_17","Morph_41","FA","Play","Hitobject","HitObject.3","Sonso",0.0392207131532813,0.00510657193605684,0.0559502664298401
"465","102414","Action_57","Morph_115","FA","Play","Stompobject","StompObject.1","Sonso",-0.22314355131421,0.0337477797513321,0.0424067495559503
"466","102413","Action_17","Morph_39","FA","Play","Hitobject","HitObject.1","Sonso",-1.83258146374831,0.0430728241563055,0.0559502664298401
"467","102413","Action_55","Morph_116","FA","Play","Stompingobject","StompObject.2","Sonso",-0.510825623765991,0.0148756660746004,0.0230905861456483
"468","100209","Action_52","Morph_112","FA","Stopbehaviour","Spinroulade","SpinRoulade.1","Sonso",0.307484699747961,0.00488454706927176,0.00488454706927176
"469","102332","Action_42","Morph_93","FD","Position","Push","Push.6","Sonso",-0.82098055206983,0.0066607460035524,0.0466252220248668
"470","100202","Action_34","Morph_65","FD","Sexualattention","Objectshake","ObjectShake.1","Sonso",0.336472236621213,0.0746003552397869,0.108792184724689
"471","100977","Action_45","Morph_101","FD","Giveme","Reach","Reach.2","Sonso",1.01523067972906,0.0370781527531083,0.0801509769094138
"472","100977","Action_45","Morph_101","FD","Giveme","Reach","Reach.2","Sonso",0.542324290825362,0.0370781527531083,0.0801509769094138
"473","100980","Action_45","Morph_101","FD","Giveme","Reach","Reach.2","Sonso",-0.328504066972036,0.0370781527531083,0.0801509769094138
"474","100215","Action_47","Morph_103","FD","Sexualattention","Rockingsit","Rocking.1","Sonso",0.609765571620894,0.00377442273534636,0.00377442273534636
"475","100215","Action_40","Morph_82","FD","Sexualattention","Presentgenitalsforwards","PresentGenitals.1","Sonso",0.392042087776024,0.0295293072824156,0.00199822380106572
"476","100875b","Action_63","Morph_134","FD","Sociosexualattention","Touch","Touch.3","Sonso",-0.385662480811985,0.00488454706927176,0.0341918294849023
"477","100858","Action_38","Morph_75","FD","Groom","Present","Present.1","Sonso",0.444685821261446,0.0170959147424512,0.0492895204262877
"478","100860","Action_2","Morph_4","FD","Groom","Bigloudscratch","BigLoudScratch.2","Sonso",0.470003629245736,0.019316163410302,0.0577264653641208
"479","101582","Action_38","Morph_75","FD","Directattention","Present","Present.1","Sonso",0.841567185678219,0.0170959147424512,0.0492895204262877
"480","101581","Action_38","Morph_75","FD","Directattention","Present","Present.1","Sonso",0.806475865866949,0.0170959147424512,0.0492895204262877
"481","100676a","Action_2","Morph_5","FK","Groom","Bigloudscratch","BigLoudScratch.3","Sonso",0.307484699747961,0.0119893428063943,0.0577264653641208
"482","100676a","Action_2","Morph_3","FK","Groom","Bigloudscratch","BigLoudScratch.1","Sonso",0.542324290825362,0.0215364120781528,0.0577264653641208
"483","100250a","Action_2","Morph_3","FK","Groom","Bigloudscratch","BigLoudScratch.1","Sonso",0.336472236621213,0.0215364120781528,0.0577264653641208
"484","100249a","Action_2","Morph_5","FK","Groom","Bigloudscratch","BigLoudScratch.3","Sonso",0.587786664902119,0.0119893428063943,0.0577264653641208
"485","100250a","Action_2","Morph_3","FK","Groom","Bigloudscratch","BigLoudScratch.1","Sonso",0.631271776841858,0.0215364120781528,0.0577264653641208
"486","100249a","Action_2","Morph_3","FK","Groom","Bigloudscratch","BigLoudScratch.1","Sonso",0.924258901523332,0.0215364120781528,0.0577264653641208
"487","100938","Action_14","Morph_29","FK","Play","Grab","Grab.1","Sonso",-0.653926467406664,0.00821492007104796,0.0353019538188277
"488","101109","Action_34","Morph_65","FK","Play","Objectshake","ObjectShake.1","Sonso",0.924258901523332,0.0746003552397869,0.108792184724689
"489","101109","Action_34","Morph_65","FK","Play","Objectshake","ObjectShake.1","Sonso",0.27763173659828,0.0746003552397869,0.108792184724689
"490","101769","Action_34","Morph_66","FK","Sexualattention","Objectshake","ObjectShake.2","Sonso",1.02961941718116,0.0237566607460036,0.108792184724689
"491","101754","Action_45","Morph_101","FK","Affiliation","Reach","Reach.2","Sonso",0.113328685307003,0.0370781527531083,0.0801509769094138
"492","101755a","Action_55","Morph_117","FK","Moveaway","Stompingobject","StompObject.3","Sonso",0.336472236621213,0.00688277087033748,0.0230905861456483
"493","101755a","Action_34","Morph_65","FK","Moveaway","Objectshake","ObjectShake.1","Sonso",0.841567185678219,0.0746003552397869,0.108792184724689
"494","101106","Action_34","Morph_65","FK","Moveaway","Objectshake","ObjectShake.1","Sonso",0.518793793415168,0.0746003552397869,0.108792184724689
"495","102233","Action_2","Morph_5","FK","Groom","Bigloudscratch","BigLoudScratch.3","Sonso",-0.0408219945202552,0.0119893428063943,0.0577264653641208
"496","102229a","Action_2","Morph_3","FK","Groom","Bigloudscratch","BigLoudScratch.1","Sonso",0.56531380905006,0.0215364120781528,0.0577264653641208
"497","102216b","Action_64","Morph_NA","FK","Affiliation","Touchlongother",NA,"Sonso",1.04380405217311,0.0159857904085258,0.0175399644760213
"498","100328","Action_3","Morph_9","FK","Affiliation","Bite","Bite.1","Sonso",-0.174353387144778,0.0044404973357016,0.0168738898756661
"499","100428b","Action_9","Morph_20","FK","Play","Dangleshake","DangleShake.1","Sonso",1.07158361628019,0.00710479573712256,0.00710479573712256
"500","101179","Action_20","Morph_45","FK","Play","Hitother","HitOther.1","Sonso",-0.75928698306449,0.0202042628774423,0.0404085257548845
"501","101179","Action_32","Morph_60","FK","Play","Objectmouth","ObjectMouth.1","Sonso",0.126632650933366,0.00466252220248668,0.00466252220248668
"502","101179","Action_60","Morph_127","FK","Play","Swing","Swing.1","Sonso",-0.0335567835288428,0.0428507992895204,0.0475133214920071
"503","100368","Action_13","Morph_27","FK","Moveaway","Fling","Fling.1","Sonso",-1.02165124753198,0.00688277087033748,0.0117673179396092
"504","100867","Action_34","Morph_69","FK","Moveaway","Objectshake","ObjectShake.5","Sonso",0.418710334858185,0.0011101243339254,0.108792184724689
"505","100867","Action_17","Morph_40","FK","Moveaway","Hitobject","HitObject.2","Sonso",-0.7339691750802,0.0119893428063943,0.0559502664298401
"506","100867","Action_17","Morph_40","FK","Moveaway","Hitobject","HitObject.2","Sonso",-0.22314355131421,0.0119893428063943,0.0559502664298401
"507","100867","Action_21","Morph_44","FK","Moveaway","Hittingobject","HitObject.6","Sonso",0.148420005118273,0.00155417406749556,0.00799289520426288
"508","100867","Action_24","Morph_51","FK","Moveaway","Jump","Jump.1","Sonso",-0.44628710262842,0.00732682060390764,0.00732682060390764
"509","100195","Action_45","Morph_100","FK","Giveme","Reach","Reach.1","Sonso",0.712949807856125,0.0408525754884547,0.0801509769094138
"510","100941a","Action_9","Morph_20","FK","Playcontinue","Dangleshake","DangleShake.1","Sonso",0.751416088683921,0.00710479573712256,0.00710479573712256
"511","100940","Action_14","Morph_29","FK","Playcontinue","Grab","Grab.1","Sonso",-0.27443684570176,0.00821492007104796,0.0353019538188277
"512","100941a","Action_32","Morph_60","FK","Playcontinue","Objectmouth","ObjectMouth.1","Sonso",0.27763173659828,0.00466252220248668,0.00466252220248668
"513","100262b","Action_60","Morph_127","FK","Moveaway","Swing","Swing.1","Sonso",0.392042087776024,0.0428507992895204,0.0475133214920071
"514","100970a","Action_34","Morph_65","FK","Play","Objectshake","ObjectShake.1","Sonso",0.113328685307003,0.0746003552397869,0.108792184724689
"515","100677","Action_2","Morph_4","FL","Directattention","Bigloudscratch","BigLoudScratch.2","Sonso",0.494696241836107,0.019316163410302,0.0577264653641208
"516","100676b","Action_2","Morph_3","FL","Groom","Bigloudscratch","BigLoudScratch.1","Sonso",0.0392207131532813,0.0215364120781528,0.0577264653641208
"517","101030","Action_39","Morph_82","FL","Giveme","Presentgenitalsbackwards","PresentGenitals.1","Sonso",1.05779029414785,0.0295293072824156,0.033303730017762
"518","100347","Action_43","Morph_96","GR","Affiliation","Raise","Raise.1","Sonso",-0.510825623765991,0.00865896980461812,0.0113232682060391
"519","102331","Action_2","Morph_5","GS","Directattention","Bigloudscratch","BigLoudScratch.3","Sonso",0.494696241836107,0.0119893428063943,0.0577264653641208
"520","100738b","Action_63","Morph_138","GS","Play","Touch","Touch.7","Sonso",-0.82098055206983,0.0044404973357016,0.0341918294849023
"521","100738b","Action_63","Morph_132","GS","Play","Touch","Touch.1","Sonso",-0.385662480811985,0.0104351687388988,0.0341918294849023
"522","100934","Action_40","Morph_82","GS","Sexualattention","Presentgenitalsforwards","PresentGenitals.1","Sonso",-0.083381608939051,0.0295293072824156,0.00199822380106572
"523","100856","Action_37","Morph_74","HL","Play","Poke","Poke.1","Sonso",-0.174353387144778,0.00266429840142096,0.00266429840142096
"524","101366","Action_42","Morph_91","HL","Position","Push","Push.4","Sonso",-0.82098055206983,0.00932504440497336,0.0466252220248668
"525","100817","Action_38","Morph_79","HL","Groom","Present","Present.5","Sonso",0.148420005118273,0.00688277087033748,0.0492895204262877
"526","101748b","Action_9","Morph_20","HL","Play","Dangleshake","DangleShake.1","Sonso",0.940007258491471,0.00710479573712256,0.00710479573712256
"527","101748b","Action_34","Morph_66","HL","Play","Objectshake","ObjectShake.2","Sonso",-0.174353387144778,0.0237566607460036,0.108792184724689
"528","101270","Action_50","Morph_107","HL","Playcontinue","Shake","Shake.1","Sonso",-0.0408219945202552,0.00355239786856128,0.0122113676731794
"529","101277a","Action_34","Morph_65","HL","Playcontinue","Objectshake","ObjectShake.1","Sonso",-0.328504066972036,0.0746003552397869,0.108792184724689
"530","101277a","Action_33","Morph_61","HL","Playcontinue","Objectmove","ObjectMove.1","Sonso",0.89199803930511,0.0317495559502664,0.0406305506216696
"531","101277a","Action_57","Morph_115","HL","Playcontinue","Stompobject","StompObject.1","Sonso",-0.0408219945202552,0.0337477797513321,0.0424067495559503
"532","102430","Action_45","Morph_101","HL","Play","Reach","Reach.2","Sonso",-0.385662480811985,0.0370781527531083,0.0801509769094138
"533","102432","Action_1","Morph_2","HL","Play","Beckon","Beckon.2","Sonso",-0.27443684570176,0.00133214920071048,0.00155417406749556
"534","102432","Action_50","Morph_108","HL","Play","Shake","Shake.2","Sonso",-0.083381608939051,0.00466252220248668,0.0122113676731794
"535","102079","Action_2","Morph_3","HL","Groom","Bigloudscratch","BigLoudScratch.1","Sonso",0.364643113587909,0.0215364120781528,0.0577264653641208
"536","102077","Action_38","Morph_78","HL","Directattention","Present","Present.4","Sonso",0.824175442966349,0.00288632326820604,0.0492895204262877
"537","100248","Action_38","Morph_77","HR","Groom","Present","Present.3","Sonso",0.587786664902119,0.00466252220248668,0.0492895204262877
"538","100066","Action_59","Morph_124","HR","Giveme","Stroke","Stroke.1","Sonso",0.8754687373539,0.0011101243339254,0.00377442273534636
"539","100250b","Action_38","Morph_75","HT","Groom","Present","Present.1","Sonso",0.148420005118273,0.0170959147424512,0.0492895204262877
"540","100249b","Action_38","Morph_75","HT","Groom","Present","Present.1","Sonso",0.470003629245736,0.0170959147424512,0.0492895204262877
"541","100672","Action_42","Morph_90","HT","Takeobject","Push","Push.3","Sonso",-0.27443684570176,0.00510657193605684,0.0466252220248668
"542","100671","Action_64","Morph_139","HT","Takeobject","Touchlongother","Touch.8","Sonso",1.04380405217311,0.00577264653641208,0.0175399644760213
"543","100670","Action_64","Morph_133","HT","Takeobject","Touchlongother","Touch.2","Sonso",0.78845736036427,0.00754884547069272,0.0175399644760213
"544","100673","Action_43","Morph_97","HT","Takeobject","Raise","Raise.2","Sonso",-0.385662480811985,0.00044404973357016,0.0113232682060391
"545","100672","Action_63","Morph_137","HT","Takeobject","Touch","Touch.6","Sonso",-1.6094379124341,0.00488454706927176,0.0341918294849023
"546","100674","Action_42","Morph_90","HT","Takeobject","Push","Push.3","Sonso",-0.27443684570176,0.00510657193605684,0.0466252220248668
"547","100667","Action_42","Morph_93","HT","Takeobject","Push","Push.6","Sonso",0.0769610411361284,0.0066607460035524,0.0466252220248668
"548","100671","Action_42","Morph_90","HT","Takeobject","Push","Push.3","Sonso",-0.27443684570176,0.00510657193605684,0.0466252220248668
"549","100667","Action_42","Morph_88","HT","Takeobject","Push","Push.1","Sonso",-0.127833371509885,0.0106571936056838,0.0466252220248668
"550","100666","Action_42","Morph_88","HT","Takeobject","Push","Push.1","Sonso",0.0769610411361284,0.0106571936056838,0.0466252220248668
"551","100664","Action_42","Morph_93","HT","Takeobject","Push","Push.6","Sonso",-0.22314355131421,0.0066607460035524,0.0466252220248668
"552","100672","Action_42","Morph_90","HT","Takeobject","Push","Push.3","Sonso",-0.27443684570176,0.00510657193605684,0.0466252220248668
"553","100663","Action_42","Morph_88","HT","Takeobject","Push","Push.1","Sonso",-0.579818495252942,0.0106571936056838,0.0466252220248668
"554","100666","Action_42","Morph_90","HT","Takeobject","Push","Push.3","Sonso",-0.22314355131421,0.00510657193605684,0.0466252220248668
"555","100668","Action_42","Morph_88","HT","Takeobject","Push","Push.1","Sonso",0.518793793415168,0.0106571936056838,0.0466252220248668
"556","100666","Action_42","Morph_90","HT","Takeobject","Push","Push.3","Sonso",0.215111379616945,0.00510657193605684,0.0466252220248668
"557","100666","Action_64","Morph_139","HT","Takeobject","Touchlongother","Touch.8","Sonso",0.908258560176891,0.00577264653641208,0.0175399644760213
"558","100674","Action_64","Morph_137","HT","Takeobject","Touchlongother","Touch.6","Sonso",0.712949807856125,0.00488454706927176,0.0175399644760213
"559","100667","Action_42","Morph_93","HT","Takeobject","Push","Push.6","Sonso",-0.44628710262842,0.0066607460035524,0.0466252220248668
"560","100670","Action_42","Morph_88","HT","Takeobject","Push","Push.1","Sonso",-0.22314355131421,0.0106571936056838,0.0466252220248668
"561","100669","Action_42","Morph_90","HT","Takeobject","Push","Push.3","Sonso",0.970778917158225,0.00510657193605684,0.0466252220248668
"562","100667","Action_42","Morph_93","HT","Takeobject","Push","Push.6","Sonso",-0.22314355131421,0.0066607460035524,0.0466252220248668
"563","100666","Action_45","Morph_100","HT","Takeobject","Reach","Reach.1","Sonso",0.215111379616945,0.0408525754884547,0.0801509769094138
"564","100669","Action_63","Morph_139","HT","Takeobject","Touch","Touch.8","Sonso",-0.7339691750802,0.00577264653641208,0.0341918294849023
"565","100065","Action_63","Morph_137","HT","Stopbehaviour","Touch","Touch.6","Sonso",0.0392207131532813,0.00488454706927176,0.0341918294849023
"566","100108","Action_42","Morph_92","HT","Climbonme","Push","Push.5","Sonso",-0.579818495252942,0.0066607460035524,0.0466252220248668
"567","100247","Action_47","Morph_103","HT","Position","Rockingsit","Rocking.1","Sonso",0.65232518603969,0.00377442273534636,0.00377442273534636
"568","100247","Action_47","Morph_103","HT","Position","Rockingsit","Rocking.1","Sonso",0.336472236621213,0.00377442273534636,0.00377442273534636
"569","100247","Action_42","Morph_89","HT","Position","Push","Push.2","Sonso",0.0392207131532813,0.00355239786856128,0.0466252220248668
"570","100247","Action_55","Morph_117","HT","Position","Stompingobject","StompObject.3","Sonso",0.824175442966349,0.00688277087033748,0.0230905861456483
"571","100251","Action_42","Morph_92","HT","Position","Push","Push.5","Sonso",0.0769610411361284,0.0066607460035524,0.0466252220248668
"572","100028","Action_41","Morph_86","HT","Stopbehaviour","Pull","Pull.3","Sonso",0.0769610411361284,0.00510657193605684,0.0253108348134991
"573","101363","Action_42","Morph_90","HT","Moveclose","Push","Push.3","Sonso",0.148420005118273,0.00510657193605684,0.0466252220248668
"574","100621","Action_42","Morph_90","HT","Moveaway","Push","Push.3","Sonso",0,0.00510657193605684,0.0466252220248668
"575","100621","Action_42","Morph_90","HT","Moveaway","Push","Push.3","Sonso",-0.653926467406664,0.00510657193605684,0.0466252220248668
"576","101364","Action_41","Morph_85","HT","Moveclose","Pull","Pull.2","Sonso",-0.127833371509885,0.00643872113676732,0.0253108348134991
"577","101369","Action_42","Morph_88","HT","Takeobjectnurse","Push","Push.1","Sonso",0.693147180559945,0.0106571936056838,0.0466252220248668
"578","101363","Action_42","Morph_89","HT","Moveclose","Push","Push.2","Sonso",0.0392207131532813,0.00355239786856128,0.0466252220248668
"579","101368b","Action_41","Morph_86","HT","Takeobjectnurse","Pull","Pull.3","Sonso",0.307484699747961,0.00510657193605684,0.0253108348134991
"580","100620","Action_42","Morph_93","HT","Moveaway","Push","Push.6","Sonso",-0.7339691750802,0.0066607460035524,0.0466252220248668
"581","101770","Action_42","Morph_91","HT","Climbonme","Push","Push.4","Sonso",-0.127833371509885,0.00932504440497336,0.0466252220248668
"582","101363","Action_42","Morph_88","HT","Moveclose","Push","Push.1","Sonso",0.215111379616945,0.0106571936056838,0.0466252220248668
"583","102062b","Action_39","Morph_82","HT","Sexualattention","Presentgenitalsbackwards","PresentGenitals.1","Sonso",0,0.0295293072824156,0.033303730017762
"584","100298","Action_39","Morph_83","HT","Staysame","Presentgenitalsbackwards","PresentGenitals.2","Sonso",-0.653926467406664,0.00577264653641208,0.033303730017762
"585","100298","Action_45","Morph_100","HT","Staysame","Reach","Reach.1","Sonso",-0.653926467406664,0.0408525754884547,0.0801509769094138
"586","100253b","Action_38","Morph_77","HT","Directattention","Present","Present.3","Sonso",0.27763173659828,0.00466252220248668,0.0492895204262877
"587","101708","Action_34","Morph_NA","HW","Moveaway","Objectshake",NA,"Sonso",-0.127833371509885,0.0159857904085258,0.108792184724689
"588","101302","Action_45","Morph_102","HW","Play","Reach","Reach.3","Sonso",-0.579818495252942,0.0022202486678508,0.0801509769094138
"589","101562","Action_23","Morph_47","HW","Affiliation","Hittingother","HitOther.3","Sonso",0.970778917158225,0.00843694493783304,0.0157637655417407
"590","101301","Action_14","Morph_29","HW","Play","Grab","Grab.1","Sonso",-0.82098055206983,0.00821492007104796,0.0353019538188277
"591","102324b","Action_45","Morph_102","HW","Play","Reach","Reach.3","Sonso",-0.916290731874155,0.0022202486678508,0.0801509769094138
"592","100259b","Action_63","Morph_134","HW","Affiliation","Touch","Touch.3","Sonso",0.0769610411361284,0.00488454706927176,0.0341918294849023
"593","101667b","Action_64","Morph_135","HW","Support","Touchlongother","Touch.4","Sonso",0.8754687373539,0.00488454706927176,0.0175399644760213
"594","100863b","Action_64","Morph_132","HW","Affiliation","Touchlongother","Touch.1","Sonso",1.22377543162212,0.0104351687388988,0.0175399644760213
"595","100350","Action_13","Morph_27","HW","Moveaway","Fling","Fling.1","Sonso",-0.653926467406664,0.00688277087033748,0.0117673179396092
"596","100698","Action_39","Morph_82","HW","Sexualattention","Presentgenitalsbackwards","PresentGenitals.1","Sonso",0.336472236621213,0.0295293072824156,0.033303730017762
"597","101767","Action_37","Morph_74","HW","Play","Poke","Poke.1","Sonso",-1.02165124753198,0.00266429840142096,0.00266429840142096
"598","101767","Action_37","Morph_74","HW","Play","Poke","Poke.1","Sonso",-0.579818495252942,0.00266429840142096,0.00266429840142096
"599","102429","Action_38","Morph_76","HW","Groom","Present","Present.2","Sonso",0.418710334858185,0.0135435168738899,0.0492895204262877
"600","102431","Action_38","Morph_75","HW","Directattention","Present","Present.1","Sonso",0.0392207131532813,0.0170959147424512,0.0492895204262877
"601","100126","Action_34","Morph_65","HW","Sexualattention","Objectshake","ObjectShake.1","Sonso",0.693147180559945,0.0746003552397869,0.108792184724689
"602","100348b","Action_64","Morph_135","HW","Affiliation","Touchlongother","Touch.4","Sonso",1.12492959698548,0.00488454706927176,0.0175399644760213
"603","100043a","Action_2","Morph_5","HW","Groom","Bigloudscratch","BigLoudScratch.3","Sonso",0.148420005118273,0.0119893428063943,0.0577264653641208
"604","101188","Action_45","Morph_100","HW","Giveme","Reach","Reach.1","Sonso",-0.510825623765991,0.0408525754884547,0.0801509769094138
"605","100040a","Action_2","Morph_5","HW","Groom","Bigloudscratch","BigLoudScratch.3","Sonso",0.542324290825362,0.0119893428063943,0.0577264653641208
"606","101897","Action_63","Morph_132","HW","Staysame","Touch","Touch.1","Sonso",0.418710334858185,0.0104351687388988,0.0341918294849023
"607","100177a","Action_2","Morph_3","HW","Groom","Bigloudscratch","BigLoudScratch.1","Sonso",-0.127833371509885,0.0215364120781528,0.0577264653641208
"608","100043b","Action_2","Morph_3","HW","Groom","Bigloudscratch","BigLoudScratch.1","Sonso",1.01523067972906,0.0215364120781528,0.0577264653641208
"609","101467","Action_27","Morph_54","HW","Sexualattention","Leafclip","LeafClip.1","Sonso",0.27763173659828,0.0044404973357016,0.00599467140319716
"610","101553","Action_34","Morph_65","HW","Sexualattention","Objectshake","ObjectShake.1","Sonso",0.148420005118273,0.0746003552397869,0.108792184724689
"611","101469","Action_27","Morph_54","HW","Sexualattention","Leafclip","LeafClip.1","Sonso",0.148420005118273,0.0044404973357016,0.00599467140319716
"612","101469","Action_17","Morph_39","HW","Sexualattention","Hitobject","HitObject.1","Sonso",-0.22314355131421,0.0430728241563055,0.0559502664298401
"613","101781","Action_27","Morph_54","HW","Sexualattention","Leafclip","LeafClip.1","Sonso",0.908258560176891,0.0044404973357016,0.00599467140319716
"614","101553","Action_34","Morph_65","HW","Sexualattention","Objectshake","ObjectShake.1","Sonso",0.518793793415168,0.0746003552397869,0.108792184724689
"615","100191a","Action_17","Morph_39","HW","Moveclose","Hitobject","HitObject.1","Sonso",0,0.0430728241563055,0.0559502664298401
"616","102184","Action_13","Morph_27","HW","Moveaway","Fling","Fling.1","Sonso",-0.579818495252942,0.00688277087033748,0.0117673179396092
"617","101011","Action_14","Morph_33","HW","Playcontinue","Grab","Grab.5","Sonso",-1.20397280432594,0.0033303730017762,0.0353019538188277
"618","102149","Action_38","Morph_75","HW","Groom","Present","Present.1","Sonso",1.38629436111989,0.0170959147424512,0.0492895204262877
"619","101010b","Action_20","Morph_45","HW","Play","Hitother","HitOther.1","Sonso",0,0.0202042628774423,0.0404085257548845
"620","101009","Action_14","Morph_33","HW","Play","Grab","Grab.5","Sonso",-1.02165124753198,0.0033303730017762,0.0353019538188277
"621","100142","Action_63","Morph_138","HW","Affiliation","Touch","Touch.7","Sonso",0.494696241836107,0.0044404973357016,0.0341918294849023
"622","102235","Action_2","Morph_5","HW","Groom","Bigloudscratch","BigLoudScratch.3","Sonso",0.587786664902119,0.0119893428063943,0.0577264653641208
"623","102234","Action_38","Morph_78","HW","Groom","Present","Present.4","Sonso",0.770108221696074,0.00288632326820604,0.0492895204262877
"624","102246b","Action_42","Morph_89","HW","Position","Push","Push.2","Sonso",-1.02165124753198,0.00355239786856128,0.0466252220248668
"625","102249","Action_38","Morph_76","HW","Groom","Present","Present.2","Sonso",-0.510825623765991,0.0135435168738899,0.0492895204262877
"626","102232","Action_42","Morph_92","HW","Position","Push","Push.5","Sonso",-0.916290731874155,0.0066607460035524,0.0466252220248668
"627","102249","Action_2","Morph_3","HW","Groom","Bigloudscratch","BigLoudScratch.1","Sonso",1.40609698841607,0.0215364120781528,0.0577264653641208
"628","102235","Action_2","Morph_6","HW","Groom","Bigloudscratch","BigLoudScratch.4","Sonso",0.518793793415168,0.00421847246891652,0.0577264653641208
"629","101113","Action_17","Morph_39","HW","Play","Hitobject","HitObject.1","Sonso",-0.385662480811985,0.0430728241563055,0.0559502664298401
"630","101053b","Action_45","Morph_100","HW","Play","Reach","Reach.1","Sonso",-0.127833371509885,0.0408525754884547,0.0801509769094138
"631","101113","Action_20","Morph_50","HW","Play","Hitother","HitOther.6","Sonso",-0.653926467406664,0.00488454706927176,0.0404085257548845
"632","102276a","Action_2","Morph_4","HW","Groom","Bigloudscratch","BigLoudScratch.2","Sonso",0.364643113587909,0.019316163410302,0.0577264653641208
"633","102275","Action_2","Morph_5","HW","Groom","Bigloudscratch","BigLoudScratch.3","Sonso",-0.174353387144778,0.0119893428063943,0.0577264653641208
"634","102276a","Action_38","Morph_75","HW","Groom","Present","Present.1","Sonso",-0.083381608939051,0.0170959147424512,0.0492895204262877
"635","102273","Action_2","Morph_3","HW","Groom","Bigloudscratch","BigLoudScratch.1","Sonso",-0.174353387144778,0.0215364120781528,0.0577264653641208
"636","102281a","Action_2","Morph_3","HW","Groom","Bigloudscratch","BigLoudScratch.1","Sonso",0.444685821261446,0.0215364120781528,0.0577264653641208
"637","102323","Action_48","Morph_104","HW","Playcontinue","Rollover","RollOver.1","Sonso",0.65232518603969,0.00621669626998224,0.00621669626998224
"638","102220a","Action_2","Morph_3","HW","Groom","Bigloudscratch","BigLoudScratch.1","Sonso",0,0.0215364120781528,0.0577264653641208
"639","102220a","Action_38","Morph_75","HW","Groom","Present","Present.1","Sonso",1.3244189574018,0.0170959147424512,0.0492895204262877
"640","101367","Action_63","Morph_135","HY","Stopbehaviour","Touch","Touch.4","Sonso",0.246860077931526,0.00488454706927176,0.0341918294849023
"641","101368a","Action_45","Morph_101","HY","Givemenurse","Reach","Reach.2","Sonso",0.672944473242426,0.0370781527531083,0.0801509769094138
"642","101367","Action_63","Morph_135","HY","Stopbehaviour","Touch","Touch.4","Sonso",-0.579818495252942,0.00488454706927176,0.0341918294849023
"643","101367","Action_14","Morph_33","HY","Stopbehaviour","Grab","Grab.5","Sonso",0.924258901523332,0.0033303730017762,0.0353019538188277
"644","101367","Action_14","Morph_33","HY","Stopbehaviour","Grab","Grab.5","Sonso",0.418710334858185,0.0033303730017762,0.0353019538188277
"645","101873","Action_38","Morph_76","JL","Groom","Present","Present.2","Sonso",-0.916290731874155,0.0135435168738899,0.0492895204262877
"646","100189","Action_64","Morph_133","JL","Stopbehaviour","Touchlongother","Touch.2","Sonso",1.00063188030791,0.00754884547069272,0.0175399644760213
"647","100196","Action_33","Morph_61","JL","Moveaway","Objectmove","ObjectMove.1","Sonso",0.27763173659828,0.0317495559502664,0.0406305506216696
"648","100781","Action_39","Morph_82","JL","Sexualattention","Presentgenitalsbackwards","PresentGenitals.1","Sonso",0.113328685307003,0.0295293072824156,0.033303730017762
"649","101253","Action_39","Morph_82","JL","Sexualattention","Presentgenitalsbackwards","PresentGenitals.1","Sonso",-1.6094379124341,0.0295293072824156,0.033303730017762
"650","100340","Action_39","Morph_82","JL","Affiliation","Presentgenitalsbackwards","PresentGenitals.1","Sonso",-0.22314355131421,0.0295293072824156,0.033303730017762
"651","100167","Action_39","Morph_82","JL","Sexualattention","Presentgenitalsbackwards","PresentGenitals.1","Sonso",0.27763173659828,0.0295293072824156,0.033303730017762
"652","100168","Action_63","Morph_132","JL","Sociosexualattention","Touch","Touch.1","Sonso",-0.653926467406664,0.0104351687388988,0.0341918294849023
"653","100343","Action_45","Morph_100","JL","Affiliation","Reach","Reach.1","Sonso",0,0.0408525754884547,0.0801509769094138
"654","101036a","Action_11","Morph_23","JL","Affiliation","Embrace","Embrace.2","Sonso",-0.916290731874155,0.00199822380106572,0.005550621669627
"655","100139","Action_63","Morph_132","JL","Sociosexualattention","Touch","Touch.1","Sonso",0,0.0104351687388988,0.0341918294849023
"656","102241a","Action_45","Morph_102","JL","Staysame","Reach","Reach.3","Sonso",-0.083381608939051,0.0022202486678508,0.0801509769094138
"657","101035","Action_39","Morph_82","JL","Giveme","Presentgenitalsbackwards","PresentGenitals.1","Sonso",1.30833281965018,0.0295293072824156,0.033303730017762
"658","100342b","Action_39","Morph_82","JL","Affiliation","Presentgenitalsbackwards","PresentGenitals.1","Sonso",-0.127833371509885,0.0295293072824156,0.033303730017762
"659","102241a","Action_45","Morph_102","JL","Staysame","Reach","Reach.3","Sonso",-0.083381608939051,0.0022202486678508,0.0801509769094138
"660","101189","Action_39","Morph_82","JL","Giveme","Presentgenitalsbackwards","PresentGenitals.1","Sonso",-0.127833371509885,0.0295293072824156,0.033303730017762
"661","100343","Action_63","Morph_140","JL","Affiliation","Touch","Touch.9","Sonso",-0.22314355131421,0.00399644760213144,0.0341918294849023
"662","100139","Action_39","Morph_82","JL","Sociosexualattention","Presentgenitalsbackwards","PresentGenitals.1","Sonso",0.672944473242426,0.0295293072824156,0.033303730017762
"663","100168","Action_45","Morph_100","JL","Sociosexualattention","Reach","Reach.1","Sonso",-0.510825623765991,0.0408525754884547,0.0801509769094138
"664","100782b","Action_39","Morph_82","JL","Sociosexualattention","Presentgenitalsbackwards","PresentGenitals.1","Sonso",-0.44628710262842,0.0295293072824156,0.033303730017762
"665","101556","Action_39","Morph_82","JL","Sexualattention","Presentgenitalsbackwards","PresentGenitals.1","Sonso",0.444685821261446,0.0295293072824156,0.033303730017762
"666","100389","Action_39","Morph_83","JN","Sociosexualattention","Presentgenitalsbackwards","PresentGenitals.2","Sonso",0.27763173659828,0.00577264653641208,0.033303730017762
"667","100087","Action_42","Morph_94","JN","Climbonme","Push","Push.7","Sonso",0.0769610411361284,0.00288632326820604,0.0466252220248668
"668","100085","Action_38","Morph_81","JN","Climbonme","Present","Present.7","Sonso",-0.385662480811985,0.00244227353463588,0.0492895204262877
"669","102488","Action_17","Morph_39","JN","Position","Hitobject","HitObject.1","Sonso",-0.174353387144778,0.0430728241563055,0.0559502664298401
"670","100439","Action_42","Morph_90","JN","Stopbehaviour","Push","Push.3","Sonso",-0.916290731874155,0.00510657193605684,0.0466252220248668
"671","100085","Action_38","Morph_81","JN","Climbonme","Present","Present.7","Sonso",0.215111379616945,0.00244227353463588,0.0492895204262877
"672","101128","Action_42","Morph_88","JN","Moveclose","Push","Push.1","Sonso",-0.82098055206983,0.0106571936056838,0.0466252220248668
"673","100445","Action_41","Morph_85","JN","Stopbehaviour","Pull","Pull.2","Sonso",-0.22314355131421,0.00643872113676732,0.0253108348134991
"674","101143","Action_23","Morph_47","JN","Moveclose","Hittingother","HitOther.3","Sonso",-0.328504066972036,0.00843694493783304,0.0157637655417407
"675","100087","Action_11","Morph_23","JN","Climbonme","Embrace","Embrace.2","Sonso",0.392042087776024,0.00199822380106572,0.005550621669627
"676","100086","Action_42","Morph_88","JN","Climbonme","Push","Push.1","Sonso",-0.385662480811985,0.0106571936056838,0.0466252220248668
"677","100085","Action_42","Morph_88","JN","Climbonme","Push","Push.1","Sonso",-0.0408219945202552,0.0106571936056838,0.0466252220248668
"678","100084","Action_38","Morph_81","JN","Climbonme","Present","Present.7","Sonso",-0.82098055206983,0.00244227353463588,0.0492895204262877
"679","101937","Action_41","Morph_85","JN","Climbonme","Pull","Pull.2","Sonso",0.0392207131532813,0.00643872113676732,0.0253108348134991
"680","100438","Action_42","Morph_92","JN","Stopbehaviour","Push","Push.5","Sonso",-0.82098055206983,0.0066607460035524,0.0466252220248668
"681","102424","Action_42","Morph_88","JN","Climbonme","Push","Push.1","Sonso",-1.27296567581289,0.0106571936056838,0.0466252220248668
"682","100087","Action_42","Morph_88","JN","Climbonme","Push","Push.1","Sonso",-0.7339691750802,0.0106571936056838,0.0466252220248668
"683","100089","Action_38","Morph_81","JN","Climbonme","Present","Present.7","Sonso",-0.653926467406664,0.00244227353463588,0.0492895204262877
"684","100088","Action_38","Morph_81","JN","Climbonme","Present","Present.7","Sonso",-1.20064501423326,0.00244227353463588,0.0492895204262877
"685","102421a","Action_38","Morph_76","JN","Groom","Present","Present.2","Sonso",-0.174353387144778,0.0135435168738899,0.0492895204262877
"686","102102","Action_42","Morph_88","JN","Moveclose","Push","Push.1","Sonso",0.148420005118273,0.0106571936056838,0.0466252220248668
"687","102422a","Action_2","Morph_4","JN","Directattention","Bigloudscratch","BigLoudScratch.2","Sonso",0.65232518603969,0.019316163410302,0.0577264653641208
"688","101686b","Action_42","Morph_91","JN","Position","Push","Push.4","Sonso",-0.083381608939051,0.00932504440497336,0.0466252220248668
"689","101600","Action_38","Morph_78","JN","Directattention","Present","Present.4","Sonso",1.05779029414785,0.00288632326820604,0.0492895204262877
"690","100440","Action_42","Morph_91","JN","Position","Push","Push.4","Sonso",-0.653926467406664,0.00932504440497336,0.0466252220248668
"691","102102","Action_1","Morph_2","JN","Moveclose","Beckon","Beckon.2","Sonso",-0.174353387144778,0.00133214920071048,0.00155417406749556
"692","100238","Action_39","Morph_82","JN","Sexualattention","Presentgenitalsbackwards","PresentGenitals.1","Sonso",0,0.0295293072824156,0.033303730017762
"693","100216","Action_3","Morph_14","JN","Staysame","Bite","Bite.6","Sonso",-0.22314355131421,0.00266429840142096,0.0168738898756661
"694","100531","Action_20","Morph_45","JN","Staysame","Hitother","HitOther.1","Sonso",-1.13943428318836,0.0202042628774423,0.0404085257548845
"695","100523","Action_63","Morph_138","JS","Play","Touch","Touch.7","Sonso",-0.174353387144778,0.0044404973357016,0.0341918294849023
"696","101129a","Action_33","Morph_61","JS","Play","Objectmove","ObjectMove.1","Sonso",-0.22314355131421,0.0317495559502664,0.0406305506216696
"697","102470","Action_56","Morph_123","JS","Play","Stompingother","StompOther.2","Sonso",-0.510825623765991,0.00244227353463588,0.00266429840142096
"698","100173","Action_1","Morph_2","JS","Position","Beckon","Beckon.2","Sonso",0.182321556793955,0.00133214920071048,0.00155417406749556
"699","101607","Action_8","Morph_19","JS","Play","Dangle","Dangle.1","Sonso",-0.510825623765991,0.0484014209591474,0.0484014209591474
"700","101685","Action_64","Morph_137","JS","Giveme","Touchlongother","Touch.6","Sonso",1.08518926833597,0.00488454706927176,0.0175399644760213
"701","100173","Action_1","Morph_2","JS","Position","Beckon","Beckon.2","Sonso",0.542324290825362,0.00133214920071048,0.00155417406749556
"702","101684","Action_45","Morph_101","JS","Giveme","Reach","Reach.2","Sonso",-0.174353387144778,0.0370781527531083,0.0801509769094138
"703","102472","Action_60","Morph_128","JS","Play","Swing","Swing.2","Sonso",0.392042087776024,0.00310834813499112,0.0475133214920071
"704","102472","Action_20","Morph_45","JS","Play","Hitother","HitOther.1","Sonso",-0.82098055206983,0.0202042628774423,0.0404085257548845
"705","102103","Action_14","Morph_29","JS","Play","Grab","Grab.1","Sonso",-0.510825623765991,0.00821492007104796,0.0353019538188277
"706","102103","Action_20","Morph_46","JS","Play","Hitother","HitOther.2","Sonso",-0.127833371509885,0.00932504440497336,0.0404085257548845
"707","101611","Action_8","Morph_19","JS","Play","Dangle","Dangle.1","Sonso",-0.174353387144778,0.0484014209591474,0.0484014209591474
"708","101613","Action_60","Morph_127","JS","Play","Swing","Swing.1","Sonso",-0.22314355131421,0.0428507992895204,0.0475133214920071
"709","102479","Action_55","Morph_117","JS","Play","Stompingobject","StompObject.3","Sonso",0.182321556793955,0.00688277087033748,0.0230905861456483
"710","101612","Action_8","Morph_19","JS","Play","Dangle","Dangle.1","Sonso",-0.0408219945202552,0.0484014209591474,0.0484014209591474
"711","101613","Action_8","Morph_19","JS","Play","Dangle","Dangle.1","Sonso",-0.27443684570176,0.0484014209591474,0.0484014209591474
"712","101613","Action_60","Morph_128","JS","Play","Swing","Swing.2","Sonso",0.364643113587909,0.00310834813499112,0.0475133214920071
"713","102479","Action_17","Morph_39","JS","Play","Hitobject","HitObject.1","Sonso",-1.02165124753198,0.0430728241563055,0.0559502664298401
"714","102479","Action_57","Morph_118","JS","Play","Stompobject","StompObject.4","Sonso",-0.653926467406664,0.005550621669627,0.0424067495559503
"715","101613","Action_8","Morph_19","JS","Play","Dangle","Dangle.1","Sonso",-0.385662480811985,0.0484014209591474,0.0484014209591474
"716","101613","Action_8","Morph_19","JS","Play","Dangle","Dangle.1","Sonso",-1.42711635564015,0.0484014209591474,0.0484014209591474
"717","101613","Action_60","Morph_127","JS","Play","Swing","Swing.1","Sonso",0.392042087776024,0.0428507992895204,0.0475133214920071
"718","101613","Action_60","Morph_127","JS","Play","Swing","Swing.1","Sonso",0.182321556793955,0.0428507992895204,0.0475133214920071
"719","101613","Action_60","Morph_127","JS","Play","Swing","Swing.1","Sonso",0.246860077931526,0.0428507992895204,0.0475133214920071
"720","102479","Action_57","Morph_119","JS","Play","Stompobject","StompObject.5","Sonso",-0.328504066972036,0.00155417406749556,0.0424067495559503
"721","101611","Action_8","Morph_19","JS","Play","Dangle","Dangle.1","Sonso",0.587786664902119,0.0484014209591474,0.0484014209591474
"722","102487","Action_57","Morph_118","JS","Play","Stompobject","StompObject.4","Sonso",-0.510825623765991,0.005550621669627,0.0424067495559503
"723","102483","Action_55","Morph_117","JS","Play","Stompingobject","StompObject.3","Sonso",0,0.00688277087033748,0.0230905861456483
"724","102483","Action_58","Morph_NA","JS","Play","Stompother",NA,"Sonso",-0.385662480811985,0.0159857904085258,0.00377442273534636
"725","102487","Action_17","Morph_39","JS","Play","Hitobject","HitObject.1","Sonso",-1.27296567581289,0.0430728241563055,0.0559502664298401
"726","102487","Action_17","Morph_39","JS","Play","Hitobject","HitObject.1","Sonso",-0.916290731874155,0.0430728241563055,0.0559502664298401
"727","102487","Action_55","Morph_121","JS","Play","Stompingobject","StompObject.7","Sonso",0.392042087776024,0.00066607460035524,0.0230905861456483
"728","101941","Action_8","Morph_19","JS","Play","Dangle","Dangle.1","Sonso",-0.22314355131421,0.0484014209591474,0.0484014209591474
"729","101940","Action_52","Morph_112","JS","Stopbehaviour","Spinroulade","SpinRoulade.1","Sonso",0.693147180559945,0.00488454706927176,0.00488454706927176
"730","101941","Action_8","Morph_19","JS","Play","Dangle","Dangle.1","Sonso",-0.44628710262842,0.0484014209591474,0.0484014209591474
"731","100470","Action_45","Morph_100","JS","Play","Reach","Reach.1","Sonso",-0.579818495252942,0.0408525754884547,0.0801509769094138
"732","101609","Action_57","Morph_118","JS","Play","Stompobject","StompObject.4","Sonso",-0.653926467406664,0.005550621669627,0.0424067495559503
"733","100470","Action_45","Morph_100","JS","Play","Reach","Reach.1","Sonso",-0.653926467406664,0.0408525754884547,0.0801509769094138
"734","100470","Action_45","Morph_100","JS","Play","Reach","Reach.1","Sonso",-0.653926467406664,0.0408525754884547,0.0801509769094138
"735","101609","Action_34","Morph_67","JS","Play","Objectshake","ObjectShake.3","Sonso",0.182321556793955,0.0022202486678508,0.108792184724689
"736","101609","Action_8","Morph_19","JS","Play","Dangle","Dangle.1","Sonso",0.0769610411361284,0.0484014209591474,0.0484014209591474
"737","101609","Action_34","Morph_65","JS","Play","Objectshake","ObjectShake.1","Sonso",0.924258901523332,0.0746003552397869,0.108792184724689
"738","101610","Action_34","Morph_65","JS","Play","Objectshake","ObjectShake.1","Sonso",0.8754687373539,0.0746003552397869,0.108792184724689
"739","101610","Action_34","Morph_66","JS","Play","Objectshake","ObjectShake.2","Sonso",0.712949807856125,0.0237566607460036,0.108792184724689
"740","101609","Action_34","Morph_66","JS","Play","Objectshake","ObjectShake.2","Sonso",0.858661619037519,0.0237566607460036,0.108792184724689
"741","101609","Action_8","Morph_19","JS","Play","Dangle","Dangle.1","Sonso",-1.27296567581289,0.0484014209591474,0.0484014209591474
"742","100964","Action_14","Morph_34","JS","Play","Grab","Grab.6","Sonso",-0.174353387144778,0.00355239786856128,0.0353019538188277
"743","102484","Action_21","Morph_43","JS","Play","Hittingobject","HitObject.5","Sonso",0.246860077931526,0.0044404973357016,0.00799289520426288
"744","102484","Action_55","Morph_116","JS","Play","Stompingobject","StompObject.2","Sonso",0.392042087776024,0.0148756660746004,0.0230905861456483
"745","100213","Action_4","Morph_13","JS","Staysame","Bitekiss","Bite.5","Sonso",-0.7339691750802,0.0011101243339254,0.00066607460035524
"746","101855","Action_34","Morph_65","JS","Play","Objectshake","ObjectShake.1","Sonso",-0.328504066972036,0.0746003552397869,0.108792184724689
"747","101855","Action_34","Morph_65","JS","Play","Objectshake","ObjectShake.1","Sonso",0.609765571620894,0.0746003552397869,0.108792184724689
"748","101857a","Action_8","Morph_19","JS","Playcontinue","Dangle","Dangle.1","Sonso",-1.13943428318836,0.0484014209591474,0.0484014209591474
"749","101856","Action_20","Morph_45","JS","Play","Hitother","HitOther.1","Sonso",-1.02165124753198,0.0202042628774423,0.0404085257548845
"750","101855","Action_8","Morph_19","JS","Play","Dangle","Dangle.1","Sonso",-1.42711635564015,0.0484014209591474,0.0484014209591474
"751","101857a","Action_34","Morph_67","JS","Playcontinue","Objectshake","ObjectShake.3","Sonso",0.182321556793955,0.0022202486678508,0.108792184724689
"752","101856","Action_8","Morph_19","JS","Play","Dangle","Dangle.1","Sonso",-1.13943428318836,0.0484014209591474,0.0484014209591474
"753","100104","Action_17","Morph_39","JS","Sexualattention","Hitobject","HitObject.1","Sonso",-0.44628710262842,0.0430728241563055,0.0559502664298401
"754","100105","Action_40","Morph_82","JS","Sexualattention","Presentgenitalsforwards","PresentGenitals.1","Sonso",0.182321556793955,0.0295293072824156,0.00199822380106572
"755","100105","Action_20","Morph_45","JS","Sexualattention","Hitother","HitOther.1","Sonso",-0.510825623765991,0.0202042628774423,0.0404085257548845
"756","100104","Action_45","Morph_101","JS","Sexualattention","Reach","Reach.2","Sonso",-0.22314355131421,0.0370781527531083,0.0801509769094138
"757","102476","Action_17","Morph_39","JS","Play","Hitobject","HitObject.1","Sonso",-0.82098055206983,0.0430728241563055,0.0559502664298401
"758","102476","Action_55","Morph_117","JS","Play","Stompingobject","StompObject.3","Sonso",0.336472236621213,0.00688277087033748,0.0230905861456483
"759","102476","Action_55","Morph_117","JS","Play","Stompingobject","StompObject.3","Sonso",0.542324290825362,0.00688277087033748,0.0230905861456483
"760","102476","Action_55","Morph_117","JS","Play","Stompingobject","StompObject.3","Sonso",0.609765571620894,0.00688277087033748,0.0230905861456483
"761","102094a","Action_21","Morph_42","JS","Sexualattention","Hittingobject","HitObject.4","Sonso",-0.083381608939051,0.00599467140319716,0.00799289520426288
"762","102094a","Action_34","Morph_65","JS","Sexualattention","Objectshake","ObjectShake.1","Sonso",0.364643113587909,0.0746003552397869,0.108792184724689
"763","102101a","Action_55","Morph_116","JS","Sexualattention","Stompingobject","StompObject.2","Sonso",-0.510825623765991,0.0148756660746004,0.0230905861456483
"764","102094a","Action_33","Morph_62","JS","Sexualattention","Objectmove","ObjectMove.2","Sonso",0.494696241836107,0.00643872113676732,0.0406305506216696
"765","102101a","Action_34","Morph_65","JS","Sexualattention","Objectshake","ObjectShake.1","Sonso",0.908258560176891,0.0746003552397869,0.108792184724689
"766","102101a","Action_33","Morph_61","JS","Sexualattention","Objectmove","ObjectMove.1","Sonso",-0.174353387144778,0.0317495559502664,0.0406305506216696
"767","102094a","Action_34","Morph_66","JS","Sexualattention","Objectshake","ObjectShake.2","Sonso",1.34547236659964,0.0237566607460036,0.108792184724689
"768","102094a","Action_21","Morph_42","JS","Sexualattention","Hittingobject","HitObject.4","Sonso",-1.02165124753198,0.00599467140319716,0.00799289520426288
"769","102101a","Action_34","Morph_66","JS","Sexualattention","Objectshake","ObjectShake.2","Sonso",1.86252854011626,0.0237566607460036,0.108792184724689
"770","101876","Action_17","Morph_39","JS","Play","Hitobject","HitObject.1","Sonso",0.148420005118273,0.0430728241563055,0.0559502664298401
"771","101877","Action_45","Morph_100","JS","Play","Reach","Reach.1","Sonso",-0.510825623765991,0.0408525754884547,0.0801509769094138
"772","102468","Action_20","Morph_46","JS","Play","Hitother","HitOther.2","Sonso",-0.7339691750802,0.00932504440497336,0.0404085257548845
"773","102462","Action_17","Morph_39","JS","Play","Hitobject","HitObject.1","Sonso",-1.02165124753198,0.0430728241563055,0.0559502664298401
"774","102462","Action_17","Morph_41","JS","Play","Hitobject","HitObject.3","Sonso",-0.579818495252942,0.00510657193605684,0.0559502664298401
"775","101875","Action_8","Morph_19","JS","Play","Dangle","Dangle.1","Sonso",-0.328504066972036,0.0484014209591474,0.0484014209591474
"776","102469","Action_20","Morph_46","JS","Playcontinue","Hitother","HitOther.2","Sonso",-0.510825623765991,0.00932504440497336,0.0404085257548845
"777","102462","Action_17","Morph_39","JS","Play","Hitobject","HitObject.1","Sonso",-0.510825623765991,0.0430728241563055,0.0559502664298401
"778","102462","Action_8","Morph_19","JS","Play","Dangle","Dangle.1","Sonso",-1.42711635564015,0.0484014209591474,0.0484014209591474
"779","102462","Action_17","Morph_41","JS","Play","Hitobject","HitObject.3","Sonso",-0.44628710262842,0.00510657193605684,0.0559502664298401
"780","102463","Action_8","Morph_19","JS","Play","Dangle","Dangle.1","Sonso",-0.083381608939051,0.0484014209591474,0.0484014209591474
"781","102463","Action_20","Morph_45","JS","Play","Hitother","HitOther.1","Sonso",-0.579818495252942,0.0202042628774423,0.0404085257548845
"782","101875","Action_17","Morph_39","JS","Play","Hitobject","HitObject.1","Sonso",-0.385662480811985,0.0430728241563055,0.0559502664298401
"783","102462","Action_17","Morph_39","JS","Play","Hitobject","HitObject.1","Sonso",-0.328504066972036,0.0430728241563055,0.0559502664298401
"784","102462","Action_26","Morph_53","JS","Play","Knockobject","KnockObject.1","Sonso",-1.27296567581289,0.00133214920071048,0.0011101243339254
"785","102461","Action_45","Morph_100","JS","Play","Reach","Reach.1","Sonso",-0.7339691750802,0.0408525754884547,0.0801509769094138
"786","102463","Action_20","Morph_45","JS","Play","Hitother","HitOther.1","Sonso",-0.579818495252942,0.0202042628774423,0.0404085257548845
"787","100103b","Action_57","Morph_115","JS","Play","Stompobject","StompObject.1","Sonso",0.0392207131532813,0.0337477797513321,0.0424067495559503
"788","100103b","Action_33","Morph_61","JS","Play","Objectmove","ObjectMove.1","Sonso",0.113328685307003,0.0317495559502664,0.0406305506216696
"789","101110","Action_17","Morph_39","JT","Play","Hitobject","HitObject.1","Sonso",0.148420005118273,0.0430728241563055,0.0559502664298401
"790","101110","Action_34","Morph_65","JT","Play","Objectshake","ObjectShake.1","Sonso",-0.22314355131421,0.0746003552397869,0.108792184724689
"791","102034","Action_2","Morph_4","JT","Groom","Bigloudscratch","BigLoudScratch.2","Sonso",0.712949807856125,0.019316163410302,0.0577264653641208
"792","101686a","Action_2","Morph_3","JT","Groom","Bigloudscratch","BigLoudScratch.1","Sonso",0.444685821261446,0.0215364120781528,0.0577264653641208
"793","102421b","Action_2","Morph_3","JT","Directattention","Bigloudscratch","BigLoudScratch.1","Sonso",0.542324290825362,0.0215364120781528,0.0577264653641208
"794","102422b","Action_2","Morph_4","JT","Directattention","Bigloudscratch","BigLoudScratch.2","Sonso",-0.0408219945202552,0.019316163410302,0.0577264653641208
"795","102035","Action_42","Morph_92","JT","Position","Push","Push.5","Sonso",-0.653926467406664,0.0066607460035524,0.0466252220248668
"796","102036","Action_2","Morph_3","JT","Directattention","Bigloudscratch","BigLoudScratch.1","Sonso",0.392042087776024,0.0215364120781528,0.0577264653641208
"797","102034","Action_38","Morph_76","JT","Groom","Present","Present.2","Sonso",-0.27443684570176,0.0135435168738899,0.0492895204262877
"798","100972","Action_41","Morph_84","JT","Play","Pull","Pull.1","Sonso",0.418710334858185,0.00821492007104796,0.0253108348134991
"799","101766","Action_8","Morph_19","JT","Play","Dangle","Dangle.1","Sonso",-0.328504066972036,0.0484014209591474,0.0484014209591474
"800","101986","Action_60","Morph_127","JT","Play","Swing","Swing.1","Sonso",0.751416088683921,0.0428507992895204,0.0475133214920071
"801","101145","Action_41","Morph_86","JT","Moveclose","Pull","Pull.3","Sonso",-0.0512932943875506,0.00510657193605684,0.0253108348134991
"802","100391","Action_42","Morph_91","JT","Stopbehaviour","Push","Push.4","Sonso",-0.82098055206983,0.00932504440497336,0.0466252220248668
"803","100391","Action_42","Morph_91","JT","Stopbehaviour","Push","Push.4","Sonso",-0.385662480811985,0.00932504440497336,0.0466252220248668
"804","101683b","Action_17","Morph_39","JT","Play","Hitobject","HitObject.1","Sonso",-0.579818495252942,0.0430728241563055,0.0559502664298401
"805","100890","Action_34","Morph_65","JT","Play","Objectshake","ObjectShake.1","Sonso",0.0392207131532813,0.0746003552397869,0.108792184724689
"806","101604b","Action_34","Morph_65","JT","Play","Objectshake","ObjectShake.1","Sonso",0.732367893713227,0.0746003552397869,0.108792184724689
"807","100891b","Action_57","Morph_115","JT","Playcontinue","Stompobject","StompObject.1","Sonso",-0.579818495252942,0.0337477797513321,0.0424067495559503
"808","101683b","Action_17","Morph_39","JT","Play","Hitobject","HitObject.1","Sonso",-0.579818495252942,0.0430728241563055,0.0559502664298401
"809","100967","Action_17","Morph_40","JT","Play","Hitobject","HitObject.2","Sonso",0.113328685307003,0.0119893428063943,0.0559502664298401
"810","101130","Action_39","Morph_82","JT","Staysame","Presentgenitalsbackwards","PresentGenitals.1","Sonso",-0.328504066972036,0.0295293072824156,0.033303730017762
"811","100850","Action_14","Morph_30","JT","Play","Grab","Grab.2","Sonso",-0.7339691750802,0.00799289520426288,0.0353019538188277
"812","100220","Action_39","Morph_82","JT","Sexualattention","Presentgenitalsbackwards","PresentGenitals.1","Sonso",0.307484699747961,0.0295293072824156,0.033303730017762
"813","100963","Action_50","Morph_108","JT","Play","Shake","Shake.2","Sonso",-0.0408219945202552,0.00466252220248668,0.0122113676731794
"814","100965","Action_60","Morph_127","JT","Playcontinue","Swing","Swing.1","Sonso",0.113328685307003,0.0428507992895204,0.0475133214920071
"815","100961a","Action_33","Morph_61","JT","Play","Objectmove","ObjectMove.1","Sonso",-0.328504066972036,0.0317495559502664,0.0406305506216696
"816","100390","Action_33","Morph_61","JT","Moveaway","Objectmove","ObjectMove.1","Sonso",-0.44628710262842,0.0317495559502664,0.0406305506216696
"817","100912b","Action_17","Morph_39","JT","Play","Hitobject","HitObject.1","Sonso",-0.44628710262842,0.0430728241563055,0.0559502664298401
"818","100912b","Action_34","Morph_65","JT","Play","Objectshake","ObjectShake.1","Sonso",1.08518926833597,0.0746003552397869,0.108792184724689
"819","100913","Action_8","Morph_19","JT","Playcontinue","Dangle","Dangle.1","Sonso",-0.510825623765991,0.0484014209591474,0.0484014209591474
"820","100917","Action_8","Morph_19","JT","Play","Dangle","Dangle.1","Sonso",0.78845736036427,0.0484014209591474,0.0484014209591474
"821","100912b","Action_55","Morph_116","JT","Play","Stompingobject","StompObject.2","Sonso",-0.510825623765991,0.0148756660746004,0.0230905861456483
"822","100913","Action_8","Morph_19","JT","Playcontinue","Dangle","Dangle.1","Sonso",-0.653926467406664,0.0484014209591474,0.0484014209591474
"823","100563","Action_9","Morph_20","JT","Play","Dangleshake","DangleShake.1","Sonso",-0.0408219945202552,0.00710479573712256,0.00710479573712256
"824","100564","Action_53","Morph_113","JT","Stopbehaviour","Spinsomersault","SpinSomersault.1","Sonso",-0.083381608939051,0.00799289520426288,0.00799289520426288
"825","100919b","Action_8","Morph_19","JT","Play","Dangle","Dangle.1","Sonso",-0.916290731874155,0.0484014209591474,0.0484014209591474
"826","100916","Action_34","Morph_65","JT","Play","Objectshake","ObjectShake.1","Sonso",0.0392207131532813,0.0746003552397869,0.108792184724689
"827","100563","Action_57","Morph_118","JT","Play","Stompobject","StompObject.4","Sonso",-0.44628710262842,0.005550621669627,0.0424067495559503
"828","100916","Action_8","Morph_19","JT","Play","Dangle","Dangle.1","Sonso",-0.653926467406664,0.0484014209591474,0.0484014209591474
"829","100563","Action_8","Morph_19","JT","Play","Dangle","Dangle.1","Sonso",-0.174353387144778,0.0484014209591474,0.0484014209591474
"830","100916","Action_34","Morph_65","JT","Play","Objectshake","ObjectShake.1","Sonso",0.307484699747961,0.0746003552397869,0.108792184724689
"831","102093","Action_45","Morph_100","JT","Play","Reach","Reach.1","Sonso",0.444685821261446,0.0408525754884547,0.0801509769094138
"832","102093","Action_41","Morph_87","JT","Play","Pull","Pull.4","Sonso",0.148420005118273,0.00532859680284192,0.0253108348134991
"833","101616","Action_17","Morph_39","JT","Playcontinue","Hitobject","HitObject.1","Sonso",-0.0408219945202552,0.0430728241563055,0.0559502664298401
"834","102093","Action_15","Morph_35","JT","Play","Grabhold","GrabHold.1","Sonso",0.970778917158225,0.00932504440497336,0.0204262877442274
"835","102093","Action_37","Morph_74","JT","Play","Poke","Poke.1","Sonso",-0.916290731874155,0.00266429840142096,0.00266429840142096
"836","101124","Action_55","Morph_116","JT","Play","Stompingobject","StompObject.2","Sonso",-0.44628710262842,0.0148756660746004,0.0230905861456483
"837","100920","Action_55","Morph_116","JT","Play","Stompingobject","StompObject.2","Sonso",-0.7339691750802,0.0148756660746004,0.0230905861456483
"838","100920","Action_57","Morph_118","JT","Play","Stompobject","StompObject.4","Sonso",-0.385662480811985,0.005550621669627,0.0424067495559503
"839","101124","Action_33","Morph_61","JT","Play","Objectmove","ObjectMove.1","Sonso",0.0392207131532813,0.0317495559502664,0.0406305506216696
"840","102477","Action_34","Morph_65","JT","Play","Objectshake","ObjectShake.1","Sonso",0.955511445027436,0.0746003552397869,0.108792184724689
"841","102477","Action_34","Morph_66","JT","Play","Objectshake","ObjectShake.2","Sonso",1.26976054486394,0.0237566607460036,0.108792184724689
"842","102477","Action_57","Morph_115","JT","Play","Stompobject","StompObject.1","Sonso",-0.653926467406664,0.0337477797513321,0.0424067495559503
"843","102477","Action_57","Morph_115","JT","Play","Stompobject","StompObject.1","Sonso",-0.127833371509885,0.0337477797513321,0.0424067495559503
"844","102477","Action_60","Morph_127","JT","Play","Swing","Swing.1","Sonso",-0.083381608939051,0.0428507992895204,0.0475133214920071
"845","102477","Action_38","Morph_81","JT","Play","Present","Present.7","Sonso",-0.27443684570176,0.00244227353463588,0.0492895204262877
"846","100935","Action_48","Morph_104","JT","Play","Rollover","RollOver.1","Sonso",-0.385662480811985,0.00621669626998224,0.00621669626998224
"847","102097","Action_38","Morph_79","JT","Groom","Present","Present.5","Sonso",0.587786664902119,0.00688277087033748,0.0492895204262877
"848","102097","Action_2","Morph_3","JT","Groom","Bigloudscratch","BigLoudScratch.1","Sonso",0.364643113587909,0.0215364120781528,0.0577264653641208
"849","102097","Action_2","Morph_5","JT","Groom","Bigloudscratch","BigLoudScratch.3","Sonso",0.418710334858185,0.0119893428063943,0.0577264653641208
"850","102097","Action_2","Morph_3","JT","Groom","Bigloudscratch","BigLoudScratch.1","Sonso",0.470003629245736,0.0215364120781528,0.0577264653641208
"851","100302","Action_20","Morph_46","JT","Playcontinue","Hitother","HitOther.2","Sonso",-0.127833371509885,0.00932504440497336,0.0404085257548845
"852","100966b","Action_43","Morph_96","JT","Play","Raise","Raise.1","Sonso",-1.02165124753198,0.00865896980461812,0.0113232682060391
"853","101121","Action_10","Morph_21","JT","Play","Drum","Drum.1","Sonso",-0.27443684570176,0.0033303730017762,0.0033303730017762
"854","100442","Action_15","Morph_37","JT","Play","Grabhold","GrabHold.3","Sonso",0.858661619037519,0.00532859680284192,0.0204262877442274
"855","100442","Action_3","Morph_9","JT","Play","Bite","Bite.1","Sonso",-1.83258146374831,0.0044404973357016,0.0168738898756661
"856","100372","Action_41","Morph_86","JT","Playcontinue","Pull","Pull.3","Sonso",0.113328685307003,0.00510657193605684,0.0253108348134991
"857","101608","Action_63","Morph_139","KA","Play","Touch","Touch.8","Sonso",0.336472236621213,0.00577264653641208,0.0341918294849023
"858","101608","Action_63","Morph_139","KA","Play","Touch","Touch.8","Sonso",-0.7339691750802,0.00577264653641208,0.0341918294849023
"859","101608","Action_14","Morph_31","KA","Play","Grab","Grab.3","Sonso",-1.42711635564015,0.00466252220248668,0.0353019538188277
"860","101812","Action_45","Morph_100","KA","Play","Reach","Reach.1","Sonso",0.444685821261446,0.0408525754884547,0.0801509769094138
"861","101812","Action_45","Morph_101","KA","Play","Reach","Reach.2","Sonso",-1.02165124753198,0.0370781527531083,0.0801509769094138
"862","101814a","Action_14","Morph_29","KA","Play","Grab","Grab.1","Sonso",-0.579818495252942,0.00821492007104796,0.0353019538188277
"863","101814a","Action_14","Morph_30","KA","Play","Grab","Grab.2","Sonso",-0.328504066972036,0.00799289520426288,0.0353019538188277
"864","101814a","Action_14","Morph_32","KA","Play","Grab","Grab.4","Sonso",-0.127833371509885,0.00754884547069272,0.0353019538188277
"865","101820a","Action_20","Morph_46","KA","Play","Hitother","HitOther.2","Sonso",-0.127833371509885,0.00932504440497336,0.0404085257548845
"866","101820a","Action_34","Morph_68","KA","Play","Objectshake","ObjectShake.4","Sonso",0.841567185678219,0.00288632326820604,0.108792184724689
"867","101820a","Action_33","Morph_61","KA","Play","Objectmove","ObjectMove.1","Sonso",0.444685821261446,0.0317495559502664,0.0406305506216696
"868","101816","Action_8","Morph_19","KA","Play","Dangle","Dangle.1","Sonso",-1.13943428318836,0.0484014209591474,0.0484014209591474
"869","101816","Action_33","Morph_61","KA","Play","Objectmove","ObjectMove.1","Sonso",-0.328504066972036,0.0317495559502664,0.0406305506216696
"870","101816","Action_17","Morph_39","KA","Play","Hitobject","HitObject.1","Sonso",-0.44628710262842,0.0430728241563055,0.0559502664298401
"871","101223","Action_20","Morph_45","KA","Stopbehaviour","Hitother","HitOther.1","Sonso",-0.510825623765991,0.0202042628774423,0.0404085257548845
"872","101223","Action_60","Morph_127","KA","Stopbehaviour","Swing","Swing.1","Sonso",0.444685821261446,0.0428507992895204,0.0475133214920071
"873","101223","Action_20","Morph_45","KA","Stopbehaviour","Hitother","HitOther.1","Sonso",-0.44628710262842,0.0202042628774423,0.0404085257548845
"874","102236b","Action_20","Morph_45","KA","Stopbehaviour","Hitother","HitOther.1","Sonso",-0.82098055206983,0.0202042628774423,0.0404085257548845
"875","102205","Action_20","Morph_50","KA","Stopbehaviour","Hitother","HitOther.6","Sonso",-1.27296567581289,0.00488454706927176,0.0404085257548845
"876","102206","Action_13","Morph_28","KA","Stopbehaviour","Fling","Fling.2","Sonso",-0.579818495252942,0.00488454706927176,0.0117673179396092
"877","101554","Action_41","Morph_86","KA","Climbonme","Pull","Pull.3","Sonso",0.246860077931526,0.00510657193605684,0.0253108348134991
"878","101809","Action_64","Morph_133","KA","Play","Touchlongother","Touch.2","Sonso",1.05779029414785,0.00754884547069272,0.0175399644760213
"879","101220","Action_3","Morph_14","KA","Play","Bite","Bite.6","Sonso",-0.510825623765991,0.00266429840142096,0.0168738898756661
"880","101446","Action_38","Morph_79","KA","Directattention","Present","Present.5","Sonso",0.858661619037519,0.00688277087033748,0.0492895204262877
"881","101881","Action_38","Morph_79","KA","Directattention","Present","Present.5","Sonso",0.858661619037519,0.00688277087033748,0.0492895204262877
"882","101447","Action_38","Morph_76","KA","Directattention","Present","Present.2","Sonso",0.307484699747961,0.0135435168738899,0.0492895204262877
"883","101502","Action_8","Morph_19","KA","Play","Dangle","Dangle.1","Sonso",0,0.0484014209591474,0.0484014209591474
"884","101503","Action_8","Morph_19","KA","Play","Dangle","Dangle.1","Sonso",-0.0408219945202552,0.0484014209591474,0.0484014209591474
"885","101786","Action_39","Morph_82","KA","Staysame","Presentgenitalsbackwards","PresentGenitals.1","Sonso",0.182321556793955,0.0295293072824156,0.033303730017762
"886","100305","Action_39","Morph_82","KA","Sexualattention","Presentgenitalsbackwards","PresentGenitals.1","Sonso",0,0.0295293072824156,0.033303730017762
"887","100434","Action_55","Morph_117","KA","Play","Stompingobject","StompObject.3","Sonso",0.27763173659828,0.00688277087033748,0.0230905861456483
"888","100434","Action_64","Morph_134","KA","Play","Touchlongother","Touch.3","Sonso",1.12492959698548,0.00488454706927176,0.0175399644760213
"889","101821a","Action_17","Morph_39","KA","Play","Hitobject","HitObject.1","Sonso",-0.0408219945202552,0.0430728241563055,0.0559502664298401
"890","100750b","Action_60","Morph_127","KA","Play","Swing","Swing.1","Sonso",0.182321556793955,0.0428507992895204,0.0475133214920071
"891","101821a","Action_45","Morph_100","KA","Play","Reach","Reach.1","Sonso",-0.127833371509885,0.0408525754884547,0.0801509769094138
"892","102105","Action_45","Morph_102","KA","Stopbehaviour","Reach","Reach.3","Sonso",-0.385662480811985,0.0022202486678508,0.0801509769094138
"893","102105","Action_45","Morph_102","KA","Stopbehaviour","Reach","Reach.3","Sonso",-0.82098055206983,0.0022202486678508,0.0801509769094138
"894","102204","Action_64","Morph_135","KA","Giveme","Touchlongother","Touch.4","Sonso",1.3244189574018,0.00488454706927176,0.0175399644760213
"895","102204","Action_45","Morph_101","KA","Giveme","Reach","Reach.2","Sonso",-0.174353387144778,0.0370781527531083,0.0801509769094138
"896","102204","Action_45","Morph_101","KA","Giveme","Reach","Reach.2","Sonso",-0.174353387144778,0.0370781527531083,0.0801509769094138
"897","102199b","Action_45","Morph_101","KA","Staysame","Reach","Reach.2","Sonso",-0.653926467406664,0.0370781527531083,0.0801509769094138
"898","102204","Action_45","Morph_101","KA","Giveme","Reach","Reach.2","Sonso",-0.82098055206983,0.0370781527531083,0.0801509769094138
"899","102204","Action_45","Morph_101","KA","Giveme","Reach","Reach.2","Sonso",-2.12026353620009,0.0370781527531083,0.0801509769094138
"900","101784b","Action_33","Morph_61","KA","Play","Objectmove","ObjectMove.1","Sonso",0.215111379616945,0.0317495559502664,0.0406305506216696
"901","101299","Action_53","Morph_113","KB","Play","Spinsomersault","SpinSomersault.1","Sonso",0.806475865866949,0.00799289520426288,0.00799289520426288
"902","101299","Action_57","Morph_118","KB","Play","Stompobject","StompObject.4","Sonso",-0.22314355131421,0.005550621669627,0.0424067495559503
"903","100212","Action_57","Morph_115","KB","Moveaway","Stompobject","StompObject.1","Sonso",-0.385662480811985,0.0337477797513321,0.0424067495559503
"904","101748a","Action_34","Morph_65","KB","Play","Objectshake","ObjectShake.1","Sonso",0.751416088683921,0.0746003552397869,0.108792184724689
"905","101748a","Action_34","Morph_66","KB","Play","Objectshake","ObjectShake.2","Sonso",1.00063188030791,0.0237566607460036,0.108792184724689
"906","101748a","Action_8","Morph_19","KB","Play","Dangle","Dangle.1","Sonso",-1.27296567581289,0.0484014209591474,0.0484014209591474
"907","101748a","Action_34","Morph_66","KB","Play","Objectshake","ObjectShake.2","Sonso",0.27763173659828,0.0237566607460036,0.108792184724689
"908","101298","Action_57","Morph_115","KB","Play","Stompobject","StompObject.1","Sonso",-0.27443684570176,0.0337477797513321,0.0424067495559503
"909","101298","Action_17","Morph_40","KB","Play","Hitobject","HitObject.2","Sonso",0,0.0119893428063943,0.0559502664298401
"910","101298","Action_17","Morph_39","KB","Play","Hitobject","HitObject.1","Sonso",0.0769610411361284,0.0430728241563055,0.0559502664298401
"911","101298","Action_57","Morph_115","KB","Play","Stompobject","StompObject.1","Sonso",-0.385662480811985,0.0337477797513321,0.0424067495559503
"912","101298","Action_48","Morph_104","KB","Play","Rollover","RollOver.1","Sonso",0.113328685307003,0.00621669626998224,0.00621669626998224
"913","101297","Action_53","Morph_113","KB","Play","Spinsomersault","SpinSomersault.1","Sonso",0.494696241836107,0.00799289520426288,0.00799289520426288
"914","101561","Action_45","Morph_101","KB","Giveme","Reach","Reach.2","Sonso",0.631271776841858,0.0370781527531083,0.0801509769094138
"915","101296","Action_53","Morph_113","KB","Play","Spinsomersault","SpinSomersault.1","Sonso",0.806475865866949,0.00799289520426288,0.00799289520426288
"916","101298","Action_53","Morph_113","KB","Play","Spinsomersault","SpinSomersault.1","Sonso",0.307484699747961,0.00799289520426288,0.00799289520426288
"917","101298","Action_53","Morph_113","KB","Play","Spinsomersault","SpinSomersault.1","Sonso",0.494696241836107,0.00799289520426288,0.00799289520426288
"918","101561","Action_45","Morph_101","KB","Giveme","Reach","Reach.2","Sonso",-0.44628710262842,0.0370781527531083,0.0801509769094138
"919","101561","Action_45","Morph_101","KB","Giveme","Reach","Reach.2","Sonso",-0.7339691750802,0.0370781527531083,0.0801509769094138
"920","101628b","Action_17","Morph_39","KB","Play","Hitobject","HitObject.1","Sonso",-0.510825623765991,0.0430728241563055,0.0559502664298401
"921","101900","Action_8","Morph_19","KB","Play","Dangle","Dangle.1","Sonso",0.470003629245736,0.0484014209591474,0.0484014209591474
"922","101900","Action_32","Morph_60","KB","Play","Objectmouth","ObjectMouth.1","Sonso",0.113328685307003,0.00466252220248668,0.00466252220248668
"923","101772","Action_14","Morph_32","KB","Play","Grab","Grab.4","Sonso",-0.44628710262842,0.00754884547069272,0.0353019538188277
"924","102153","Action_45","Morph_100","KB","Play","Reach","Reach.1","Sonso",-0.328504066972036,0.0408525754884547,0.0801509769094138
"925","101772","Action_14","Morph_32","KB","Play","Grab","Grab.4","Sonso",0.215111379616945,0.00754884547069272,0.0353019538188277
"926","101772","Action_14","Morph_30","KB","Play","Grab","Grab.2","Sonso",-0.127833371509885,0.00799289520426288,0.0353019538188277
"927","101464","Action_41","Morph_86","KB","Play","Pull","Pull.3","Sonso",0.0769610411361284,0.00510657193605684,0.0253108348134991
"928","101772","Action_14","Morph_32","KB","Play","Grab","Grab.4","Sonso",-0.579818495252942,0.00754884547069272,0.0353019538188277
"929","101225","Action_63","Morph_134","KB","Play","Touch","Touch.3","Sonso",-0.328504066972036,0.00488454706927176,0.0341918294849023
"930","101527b","Action_8","Morph_19","KB","Play","Dangle","Dangle.1","Sonso",0.609765571620894,0.0484014209591474,0.0484014209591474
"931","101772","Action_63","Morph_133","KB","Play","Touch","Touch.2","Sonso",-0.653926467406664,0.00754884547069272,0.0341918294849023
"932","101233","Action_14","Morph_31","KB","Play","Grab","Grab.3","Sonso",0,0.00466252220248668,0.0353019538188277
"933","101233","Action_14","Morph_31","KB","Play","Grab","Grab.3","Sonso",0.444685821261446,0.00466252220248668,0.0353019538188277
"934","101772","Action_14","Morph_32","KB","Play","Grab","Grab.4","Sonso",-0.127833371509885,0.00754884547069272,0.0353019538188277
"935","100282","Action_60","Morph_127","KB","Playcontinue","Swing","Swing.1","Sonso",0.0769610411361284,0.0428507992895204,0.0475133214920071
"936","100282","Action_34","Morph_65","KB","Playcontinue","Objectshake","ObjectShake.1","Sonso",1.26976054486394,0.0746003552397869,0.108792184724689
"937","100282","Action_34","Morph_65","KB","Playcontinue","Objectshake","ObjectShake.1","Sonso",1.12492959698548,0.0746003552397869,0.108792184724689
"938","100022","Action_41","Morph_NA","KB","Play","Pull",NA,"Sonso",0.451075619360217,0.0159857904085258,0.0253108348134991
"939","100282","Action_55","Morph_117","KB","Playcontinue","Stompingobject","StompObject.3","Sonso",-0.328504066972036,0.00688277087033748,0.0230905861456483
"940","100282","Action_21","Morph_43","KB","Playcontinue","Hittingobject","HitObject.5","Sonso",-0.083381608939051,0.0044404973357016,0.00799289520426288
"941","100705","Action_45","Morph_100","KB","Play","Reach","Reach.1","Sonso",-0.22314355131421,0.0408525754884547,0.0801509769094138
"942","101342","Action_63","Morph_132","KB","Stopbehaviour","Touch","Touch.1","Sonso",-0.44628710262842,0.0104351687388988,0.0341918294849023
"943","102038","Action_14","Morph_31","KB","Play","Grab","Grab.3","Sonso",-0.385662480811985,0.00466252220248668,0.0353019538188277
"944","100713a","Action_15","Morph_37","KB","Play","Grabhold","GrabHold.3","Sonso",1.12492959698548,0.00532859680284192,0.0204262877442274
"945","101343","Action_8","Morph_19","KB","Play","Dangle","Dangle.1","Sonso",-0.44628710262842,0.0484014209591474,0.0484014209591474
"946","100713a","Action_57","Morph_115","KB","Play","Stompobject","StompObject.1","Sonso",-0.510825623765991,0.0337477797513321,0.0424067495559503
"947","101317a","Action_8","Morph_19","KB","Play","Dangle","Dangle.1","Sonso",0,0.0484014209591474,0.0484014209591474
"948","101300","Action_15","Morph_35","KB","Play","Grabhold","GrabHold.1","Sonso",-0.510825623765991,0.00932504440497336,0.0204262877442274
"949","101339a","Action_15","Morph_37","KB","Play","Grabhold","GrabHold.3","Sonso",1.52605630349505,0.00532859680284192,0.0204262877442274
"950","101387a","Action_57","Morph_115","KB","Play","Stompobject","StompObject.1","Sonso",-0.82098055206983,0.0337477797513321,0.0424067495559503
"951","101317a","Action_57","Morph_115","KB","Play","Stompobject","StompObject.1","Sonso",-0.44628710262842,0.0337477797513321,0.0424067495559503
"952","101300","Action_15","Morph_35","KB","Play","Grabhold","GrabHold.1","Sonso",1.02961941718116,0.00932504440497336,0.0204262877442274
"953","101397","Action_41","Morph_86","KB","Play","Pull","Pull.3","Sonso",0.27763173659828,0.00510657193605684,0.0253108348134991
"954","101300","Action_3","Morph_12","KB","Play","Bite","Bite.4","Sonso",-1.13943428318836,0.00177619893428064,0.0168738898756661
"955","101397","Action_42","Morph_94","KB","Play","Push","Push.7","Sonso",-0.579818495252942,0.00288632326820604,0.0466252220248668
"956","101300","Action_3","Morph_12","KB","Play","Bite","Bite.4","Sonso",-0.27443684570176,0.00177619893428064,0.0168738898756661
"957","101300","Action_16","Morph_38","KB","Play","Headstand","HeadStand.1","Sonso",-0.385662480811985,0.0066607460035524,0.0066607460035524
"958","101317a","Action_17","Morph_39","KB","Play","Hitobject","HitObject.1","Sonso",-0.7339691750802,0.0430728241563055,0.0559502664298401
"959","101557a","Action_60","Morph_127","KB","Play","Swing","Swing.1","Sonso",-0.127833371509885,0.0428507992895204,0.0475133214920071
"960","101387a","Action_57","Morph_115","KB","Play","Stompobject","StompObject.1","Sonso",-0.653926467406664,0.0337477797513321,0.0424067495559503
"961","101397","Action_41","Morph_87","KB","Play","Pull","Pull.4","Sonso",-1.19402247347277,0.00532859680284192,0.0253108348134991
"962","101397","Action_41","Morph_87","KB","Play","Pull","Pull.4","Sonso",-0.891598119283784,0.00532859680284192,0.0253108348134991
"963","101838b","Action_17","Morph_39","KB","Playcontinue","Hitobject","HitObject.1","Sonso",-0.328504066972036,0.0430728241563055,0.0559502664298401
"964","101317a","Action_60","Morph_128","KB","Play","Swing","Swing.2","Sonso",-0.22314355131421,0.00310834813499112,0.0475133214920071
"965","101557a","Action_14","Morph_31","KB","Play","Grab","Grab.3","Sonso",-0.579818495252942,0.00466252220248668,0.0353019538188277
"966","101557a","Action_14","Morph_29","KB","Play","Grab","Grab.1","Sonso",-0.579818495252942,0.00821492007104796,0.0353019538188277
"967","101300","Action_3","Morph_12","KB","Play","Bite","Bite.4","Sonso",-0.301105092783922,0.00177619893428064,0.0168738898756661
"968","101154a","Action_14","Morph_31","KB","Play","Grab","Grab.3","Sonso",0.444685821261446,0.00466252220248668,0.0353019538188277
"969","101397","Action_41","Morph_87","KB","Play","Pull","Pull.4","Sonso",-1.19402247347277,0.00532859680284192,0.0253108348134991
"970","101384","Action_14","Morph_31","KB","Play","Grab","Grab.3","Sonso",-0.82098055206983,0.00466252220248668,0.0353019538188277
"971","101397","Action_57","Morph_115","KB","Play","Stompobject","StompObject.1","Sonso",-0.127833371509885,0.0337477797513321,0.0424067495559503
"972","101627","Action_17","Morph_39","KB","Play","Hitobject","HitObject.1","Sonso",-0.328504066972036,0.0430728241563055,0.0559502664298401
"973","101386","Action_8","Morph_19","KB","Play","Dangle","Dangle.1","Sonso",-0.0408219945202552,0.0484014209591474,0.0484014209591474
"974","101027","Action_8","Morph_19","KB","Play","Dangle","Dangle.1","Sonso",-0.579818495252942,0.0484014209591474,0.0484014209591474
"975","101021","Action_8","Morph_19","KB","Play","Dangle","Dangle.1","Sonso",0.0392207131532813,0.0484014209591474,0.0484014209591474
"976","101838b","Action_57","Morph_115","KB","Playcontinue","Stompobject","StompObject.1","Sonso",-0.82098055206983,0.0337477797513321,0.0424067495559503
"977","101627","Action_57","Morph_115","KB","Play","Stompobject","StompObject.1","Sonso",-0.385662480811985,0.0337477797513321,0.0424067495559503
"978","101557a","Action_63","Morph_137","KB","Play","Touch","Touch.6","Sonso",-0.385662480811985,0.00488454706927176,0.0341918294849023
"979","101330","Action_17","Morph_39","KB","Play","Hitobject","HitObject.1","Sonso",-0.22314355131421,0.0430728241563055,0.0559502664298401
"980","101154a","Action_3","Morph_15","KB","Play","Bite","Bite.7","Sonso",-0.27443684570176,0.00133214920071048,0.0168738898756661
"981","101557a","Action_3","Morph_14","KB","Play","Bite","Bite.6","Sonso",-0.44628710262842,0.00266429840142096,0.0168738898756661
"982","101557a","Action_8","Morph_19","KB","Play","Dangle","Dangle.1","Sonso",0.113328685307003,0.0484014209591474,0.0484014209591474
"983","102485","Action_55","Morph_116","KB","Play","Stompingobject","StompObject.2","Sonso",0.0392207131532813,0.0148756660746004,0.0230905861456483
"984","101397","Action_41","Morph_87","KB","Play","Pull","Pull.4","Sonso",-1.19402247347277,0.00532859680284192,0.0253108348134991
"985","101558a","Action_34","Morph_65","KB","Play","Objectshake","ObjectShake.1","Sonso",1.26976054486394,0.0746003552397869,0.108792184724689
"986","101558a","Action_34","Morph_67","KB","Play","Objectshake","ObjectShake.3","Sonso",0.908258560176891,0.0022202486678508,0.108792184724689
"987","102271","Action_15","Morph_35","KB","Play","Grabhold","GrabHold.1","Sonso",1.04380405217311,0.00932504440497336,0.0204262877442274
"988","102271","Action_20","Morph_49","KB","Play","Hitother","HitOther.5","Sonso",0,0.00599467140319716,0.0404085257548845
"989","102271","Action_20","Morph_49","KB","Play","Hitother","HitOther.5","Sonso",-0.27443684570176,0.00599467140319716,0.0404085257548845
"990","101327","Action_9","Morph_20","KB","Play","Dangleshake","DangleShake.1","Sonso",0.712949807856125,0.00710479573712256,0.00710479573712256
"991","101984","Action_64","Morph_135","KB","Play","Touchlongother","Touch.4","Sonso",0.858661619037519,0.00488454706927176,0.0175399644760213
"992","101458","Action_8","Morph_19","KB","Play","Dangle","Dangle.1","Sonso",-0.22314355131421,0.0484014209591474,0.0484014209591474
"993","101286","Action_9","Morph_20","KB","Play","Dangleshake","DangleShake.1","Sonso",0.770108221696074,0.00710479573712256,0.00710479573712256
"994","101286","Action_34","Morph_65","KB","Play","Objectshake","ObjectShake.1","Sonso",0.56531380905006,0.0746003552397869,0.108792184724689
"995","101714","Action_41","Morph_87","KB","Play","Pull","Pull.4","Sonso",0.551583616238158,0.00532859680284192,0.0253108348134991
"996","101756","Action_2","Morph_3","KB","Groom","Bigloudscratch","BigLoudScratch.1","Sonso",0.609765571620894,0.0215364120781528,0.0577264653641208
"997","101756","Action_15","Morph_35","KB","Groom","Grabhold","GrabHold.1","Sonso",1.38629436111989,0.00932504440497336,0.0204262877442274
"998","102028","Action_42","Morph_NA","KB","Giveme","Push",NA,"Sonso",0.56531380905006,0.0159857904085258,0.0466252220248668
"999","101714","Action_41","Morph_86","KB","Play","Pull","Pull.3","Sonso",-1.03282454813011,0.00510657193605684,0.0253108348134991
"1000","101714","Action_41","Morph_87","KB","Play","Pull","Pull.4","Sonso",-0.894040122939335,0.00532859680284192,0.0253108348134991
"1001","101295","Action_20","Morph_46","KB","Play","Hitother","HitOther.2","Sonso",0.364643113587909,0.00932504440497336,0.0404085257548845
"1002","101756","Action_2","Morph_4","KB","Groom","Bigloudscratch","BigLoudScratch.2","Sonso",0.392042087776024,0.019316163410302,0.0577264653641208
"1003","101116","Action_8","Morph_19","KB","Play","Dangle","Dangle.1","Sonso",-0.385662480811985,0.0484014209591474,0.0484014209591474
"1004","100321","Action_45","Morph_101","KB","Climbonyou","Reach","Reach.2","Sonso",-0.385662480811985,0.0370781527531083,0.0801509769094138
"1005","101393a","Action_8","Morph_19","KB","Play","Dangle","Dangle.1","Sonso",-0.7339691750802,0.0484014209591474,0.0484014209591474
"1006","100326","Action_43","Morph_96","KB","Givemenurse","Raise","Raise.1","Sonso",-0.27443684570176,0.00865896980461812,0.0113232682060391
"1007","101458","Action_8","Morph_19","KB","Play","Dangle","Dangle.1","Sonso",0.148420005118273,0.0484014209591474,0.0484014209591474
"1008","101286","Action_60","Morph_127","KB","Play","Swing","Swing.1","Sonso",0.470003629245736,0.0428507992895204,0.0475133214920071
"1009","101395","Action_43","Morph_98","KB","Givemenurse","Raise","Raise.3","Sonso",-0.82098055206983,0.00177619893428064,0.0113232682060391
"1010","101458","Action_56","Morph_123","KB","Play","Stompingother","StompOther.2","Sonso",-0.0408219945202552,0.00244227353463588,0.00266429840142096
"1011","101714","Action_41","Morph_87","KB","Play","Pull","Pull.4","Sonso",-0.894040122939335,0.00532859680284192,0.0253108348134991
"1012","101714","Action_23","Morph_47","KB","Play","Hittingother","HitOther.3","Sonso",0.182321556793955,0.00843694493783304,0.0157637655417407
"1013","101458","Action_19","Morph_39","KB","Play","Hitobjectother","HitObject.1","Sonso",-0.579818495252942,0.0430728241563055,0.00088809946714032
"1014","101286","Action_60","Morph_128","KB","Play","Swing","Swing.2","Sonso",-0.22314355131421,0.00310834813499112,0.0475133214920071
"1015","100943","Action_63","Morph_135","KB","Giveme","Touch","Touch.4","Sonso",0.215111379616945,0.00488454706927176,0.0341918294849023
"1016","101164","Action_14","Morph_29","KB","Play","Grab","Grab.1","Sonso",-0.653926467406664,0.00821492007104796,0.0353019538188277
"1017","101396","Action_23","Morph_48","KB","Play","Hittingother","HitOther.4","Sonso",0,0.00732682060390764,0.0157637655417407
"1018","101714","Action_41","Morph_87","KB","Play","Pull","Pull.4","Sonso",-0.514164525031505,0.00532859680284192,0.0253108348134991
"1019","102027","Action_42","Morph_91","KB","Giveme","Push","Push.4","Sonso",0.78845736036427,0.00932504440497336,0.0466252220248668
"1020","100109b","Action_45","Morph_100","KB","Climbonyou","Reach","Reach.1","Sonso",0.0769610411361284,0.0408525754884547,0.0801509769094138
"1021","101396","Action_23","Morph_48","KB","Play","Hittingother","HitOther.4","Sonso",0.307484699747961,0.00732682060390764,0.0157637655417407
"1022","101396","Action_20","Morph_45","KB","Play","Hitother","HitOther.1","Sonso",-0.328504066972036,0.0202042628774423,0.0404085257548845
"1023","101458","Action_8","Morph_19","KB","Play","Dangle","Dangle.1","Sonso",-0.510825623765991,0.0484014209591474,0.0484014209591474
"1024","101396","Action_23","Morph_48","KB","Play","Hittingother","HitOther.4","Sonso",0.336472236621213,0.00732682060390764,0.0157637655417407
"1025","101458","Action_20","Morph_50","KB","Play","Hitother","HitOther.6","Sonso",-1.02165124753198,0.00488454706927176,0.0404085257548845
"1026","101286","Action_9","Morph_20","KB","Play","Dangleshake","DangleShake.1","Sonso",0.392042087776024,0.00710479573712256,0.00710479573712256
"1027","101458","Action_8","Morph_19","KB","Play","Dangle","Dangle.1","Sonso",-0.653926467406664,0.0484014209591474,0.0484014209591474
"1028","101295","Action_20","Morph_46","KB","Play","Hitother","HitOther.2","Sonso",0.27763173659828,0.00932504440497336,0.0404085257548845
"1029","101714","Action_41","Morph_87","KB","Play","Pull","Pull.4","Sonso",-1.11169752821677,0.00532859680284192,0.0253108348134991
"1030","101160","Action_8","Morph_19","KB","Play","Dangle","Dangle.1","Sonso",-0.7339691750802,0.0484014209591474,0.0484014209591474
"1031","101458","Action_23","Morph_48","KB","Play","Hittingother","HitOther.4","Sonso",-0.7339691750802,0.00732682060390764,0.0157637655417407
"1032","101714","Action_41","Morph_87","KB","Play","Pull","Pull.4","Sonso",-0.176737178500054,0.00532859680284192,0.0253108348134991
"1033","101458","Action_64","Morph_133","KB","Play","Touchlongother","Touch.2","Sonso",0.908258560176891,0.00754884547069272,0.0175399644760213
"1034","101286","Action_8","Morph_19","KB","Play","Dangle","Dangle.1","Sonso",-0.0408219945202552,0.0484014209591474,0.0484014209591474
"1035","101714","Action_23","Morph_48","KB","Play","Hittingother","HitOther.4","Sonso",0.307484699747961,0.00732682060390764,0.0157637655417407
"1036","100943","Action_42","Morph_91","KB","Giveme","Push","Push.4","Sonso",1.07158361628019,0.00932504440497336,0.0466252220248668
"1037","101385","Action_60","Morph_127","KB","Play","Swing","Swing.1","Sonso",-0.328504066972036,0.0428507992895204,0.0475133214920071
"1038","101280","Action_8","Morph_19","KB","Play","Dangle","Dangle.1","Sonso",0.148420005118273,0.0484014209591474,0.0484014209591474
"1039","101714","Action_63","Morph_137","KB","Play","Touch","Touch.6","Sonso",0.307484699747961,0.00488454706927176,0.0341918294849023
"1040","101458","Action_8","Morph_19","KB","Play","Dangle","Dangle.1","Sonso",-0.22314355131421,0.0484014209591474,0.0484014209591474
"1041","101518","Action_55","Morph_116","KB","Play","Stompingobject","StompObject.2","Sonso",0.182321556793955,0.0148756660746004,0.0230905861456483
"1042","101714","Action_41","Morph_87","KB","Play","Pull","Pull.4","Sonso",-1.15201306539522,0.00532859680284192,0.0253108348134991
"1043","101984","Action_63","Morph_137","KB","Play","Touch","Touch.6","Sonso",0.444685821261446,0.00488454706927176,0.0341918294849023
"1044","102027","Action_45","Morph_101","KB","Giveme","Reach","Reach.2","Sonso",-0.916290731874155,0.0370781527531083,0.0801509769094138
"1045","101714","Action_41","Morph_87","KB","Play","Pull","Pull.4","Sonso",-0.669430653942629,0.00532859680284192,0.0253108348134991
"1046","100338","Action_43","Morph_96","KB","Affiliation","Raise","Raise.1","Sonso",-0.7339691750802,0.00865896980461812,0.0113232682060391
"1047","102027","Action_42","Morph_91","KB","Giveme","Push","Push.4","Sonso",0.444685821261446,0.00932504440497336,0.0466252220248668
"1048","101716","Action_45","Morph_100","KB","Play","Reach","Reach.1","Sonso",0.113328685307003,0.0408525754884547,0.0801509769094138
"1049","101715","Action_17","Morph_39","KB","Playcontinue","Hitobject","HitObject.1","Sonso",-0.127833371509885,0.0430728241563055,0.0559502664298401
"1050","101780","Action_60","Morph_127","KB","Play","Swing","Swing.1","Sonso",0,0.0428507992895204,0.0475133214920071
"1051","101196","Action_8","Morph_19","KB","Play","Dangle","Dangle.1","Sonso",-1.02165124753198,0.0484014209591474,0.0484014209591474
"1052","101773","Action_45","Morph_100","KB","Play","Reach","Reach.1","Sonso",0.307484699747961,0.0408525754884547,0.0801509769094138
"1053","101831","Action_33","Morph_61","KB","Play","Objectmove","ObjectMove.1","Sonso",0.751416088683921,0.0317495559502664,0.0406305506216696
"1054","101780","Action_8","Morph_19","KB","Play","Dangle","Dangle.1","Sonso",-0.22314355131421,0.0484014209591474,0.0484014209591474
"1055","101831","Action_14","Morph_30","KB","Play","Grab","Grab.2","Sonso",-0.579818495252942,0.00799289520426288,0.0353019538188277
"1056","101773","Action_45","Morph_100","KB","Play","Reach","Reach.1","Sonso",-0.27443684570176,0.0408525754884547,0.0801509769094138
"1057","101773","Action_52","Morph_112","KB","Play","Spinroulade","SpinRoulade.1","Sonso",0.542324290825362,0.00488454706927176,0.00488454706927176
"1058","102320","Action_51","Morph_111","KB","Playcontinue","Spinpirouette","SpinPirouette.1","Sonso",0.215111379616945,0.00133214920071048,0.00133214920071048
"1059","101017","Action_63","Morph_135","KB","Play","Touch","Touch.4","Sonso",0.181487876045377,0.00488454706927176,0.0341918294849023
"1060","101024","Action_3","Morph_14","KB","Play","Bite","Bite.6","Sonso",-0.127833371509885,0.00266429840142096,0.0168738898756661
"1061","100764a","Action_8","Morph_19","KB","Play","Dangle","Dangle.1","Sonso",0.336472236621213,0.0484014209591474,0.0484014209591474
"1062","101621","Action_57","Morph_115","KB","Play","Stompobject","StompObject.1","Sonso",-0.653926467406664,0.0337477797513321,0.0424067495559503
"1063","101621","Action_57","Morph_120","KB","Play","Stompobject","StompObject.6","Sonso",-0.510825623765991,0.00133214920071048,0.0424067495559503
"1064","100770","Action_34","Morph_NA","KB","Play","Objectshake",NA,"Sonso",1.05779029414785,0.0159857904085258,0.108792184724689
"1065","100770","Action_34","Morph_65","KB","Play","Objectshake","ObjectShake.1","Sonso",0.364643113587909,0.0746003552397869,0.108792184724689
"1066","100770","Action_34","Morph_66","KB","Play","Objectshake","ObjectShake.2","Sonso",1.16315080980568,0.0237566607460036,0.108792184724689
"1067","101929b","Action_16","Morph_38","KB","Play","Headstand","HeadStand.1","Sonso",0.336472236621213,0.0066607460035524,0.0066607460035524
"1068","102481","Action_63","Morph_137","KB","Play","Touch","Touch.6","Sonso",-0.22314355131421,0.00488454706927176,0.0341918294849023
"1069","102481","Action_63","Morph_137","KB","Play","Touch","Touch.6","Sonso",0.215111379616945,0.00488454706927176,0.0341918294849023
"1070","101679","Action_57","Morph_115","KB","Play","Stompobject","StompObject.1","Sonso",-0.579818495252942,0.0337477797513321,0.0424067495559503
"1071","100770","Action_17","Morph_39","KB","Play","Hitobject","HitObject.1","Sonso",-0.0408219945202552,0.0430728241563055,0.0559502664298401
"1072","100770","Action_34","Morph_66","KB","Play","Objectshake","ObjectShake.2","Sonso",0.712949807856125,0.0237566607460036,0.108792184724689
"1073","100770","Action_17","Morph_39","KB","Play","Hitobject","HitObject.1","Sonso",-0.510825623765991,0.0430728241563055,0.0559502664298401
"1074","100770","Action_34","Morph_66","KB","Play","Objectshake","ObjectShake.2","Sonso",-0.44628710262842,0.0237566607460036,0.108792184724689
"1075","100770","Action_34","Morph_65","KB","Play","Objectshake","ObjectShake.1","Sonso",-0.510825623765991,0.0746003552397869,0.108792184724689
"1076","100770","Action_17","Morph_39","KB","Play","Hitobject","HitObject.1","Sonso",-0.0408219945202552,0.0430728241563055,0.0559502664298401
"1077","100770","Action_20","Morph_46","KB","Play","Hitother","HitOther.2","Sonso",-0.174353387144778,0.00932504440497336,0.0404085257548845
"1078","101204","Action_55","Morph_117","KB","Play","Stompingobject","StompObject.3","Sonso",0.841567185678219,0.00688277087033748,0.0230905861456483
"1079","101519","Action_57","Morph_115","KB","Play","Stompobject","StompObject.1","Sonso",-0.579818495252942,0.0337477797513321,0.0424067495559503
"1080","101316","Action_21","Morph_43","KB","Play","Hittingobject","HitObject.5","Sonso",0,0.0044404973357016,0.00799289520426288
"1081","101519","Action_21","Morph_43","KB","Play","Hittingobject","HitObject.5","Sonso",-0.127833371509885,0.0044404973357016,0.00799289520426288
"1082","101519","Action_57","Morph_115","KB","Play","Stompobject","StompObject.1","Sonso",-0.328504066972036,0.0337477797513321,0.0424067495559503
"1083","101204","Action_17","Morph_39","KB","Play","Hitobject","HitObject.1","Sonso",-0.385662480811985,0.0430728241563055,0.0559502664298401
"1084","101204","Action_57","Morph_115","KB","Play","Stompobject","StompObject.1","Sonso",-0.653926467406664,0.0337477797513321,0.0424067495559503
"1085","101205","Action_57","Morph_115","KB","Play","Stompobject","StompObject.1","Sonso",-0.22314355131421,0.0337477797513321,0.0424067495559503
"1086","101205","Action_21","Morph_42","KB","Play","Hittingobject","HitObject.4","Sonso",-0.127833371509885,0.00599467140319716,0.00799289520426288
"1087","101198","Action_8","Morph_19","KB","Play","Dangle","Dangle.1","Sonso",0,0.0484014209591474,0.0484014209591474
"1088","101513","Action_60","Morph_127","KB","Play","Swing","Swing.1","Sonso",0.246860077931526,0.0428507992895204,0.0475133214920071
"1089","101520","Action_20","Morph_45","KB","Play","Hitother","HitOther.1","Sonso",-0.653926467406664,0.0202042628774423,0.0404085257548845
"1090","101521","Action_15","Morph_37","KB","Play","Grabhold","GrabHold.3","Sonso",1.07158361628019,0.00532859680284192,0.0204262877442274
"1091","101521","Action_3","Morph_15","KB","Play","Bite","Bite.7","Sonso",-0.916290731874155,0.00133214920071048,0.0168738898756661
"1092","101520","Action_3","Morph_15","KB","Play","Bite","Bite.7","Sonso",-1.6094379124341,0.00133214920071048,0.0168738898756661
"1093","101520","Action_15","Morph_35","KB","Play","Grabhold","GrabHold.1","Sonso",0.806475865866949,0.00932504440497336,0.0204262877442274
"1094","101832","Action_52","Morph_112","KB","Play","Spinroulade","SpinRoulade.1","Sonso",1.05779029414785,0.00488454706927176,0.00488454706927176
"1095","101832","Action_25","Morph_52","KB","Play","Kickpunch","KickPunch.1","Sonso",-1.03282454813011,0.0022202486678508,0.0022202486678508
"1096","101832","Action_53","Morph_113","KB","Play","Spinsomersault","SpinSomersault.1","Sonso",1.28093384546206,0.00799289520426288,0.00799289520426288
"1097","101398","Action_20","Morph_45","KB","Play","Hitother","HitOther.1","Sonso",-0.328504066972036,0.0202042628774423,0.0404085257548845
"1098","101513","Action_9","Morph_20","KB","Play","Dangleshake","DangleShake.1","Sonso",0.418710334858185,0.00710479573712256,0.00710479573712256
"1099","101832","Action_25","Morph_52","KB","Play","Kickpunch","KickPunch.1","Sonso",-1.03282454813011,0.0022202486678508,0.0022202486678508
"1100","101513","Action_8","Morph_19","KB","Play","Dangle","Dangle.1","Sonso",0.0392207131532813,0.0484014209591474,0.0484014209591474
"1101","101832","Action_25","Morph_52","KB","Play","Kickpunch","KickPunch.1","Sonso",-1.03282454813011,0.0022202486678508,0.0022202486678508
"1102","101529a","Action_8","Morph_19","KB","Play","Dangle","Dangle.1","Sonso",0.693147180559945,0.0484014209591474,0.0484014209591474
"1103","101521","Action_23","Morph_48","KB","Play","Hittingother","HitOther.4","Sonso",0.806475865866949,0.00732682060390764,0.0157637655417407
"1104","101520","Action_57","Morph_115","KB","Play","Stompobject","StompObject.1","Sonso",-0.127833371509885,0.0337477797513321,0.0424067495559503
"1105","101520","Action_3","Morph_15","KB","Play","Bite","Bite.7","Sonso",-1.6094379124341,0.00133214920071048,0.0168738898756661
"1106","101520","Action_20","Morph_45","KB","Play","Hitother","HitOther.1","Sonso",-0.22314355131421,0.0202042628774423,0.0404085257548845
"1107","100370","Action_37","Morph_74","KB","Play","Poke","Poke.1","Sonso",0.307484699747961,0.00266429840142096,0.00266429840142096
"1108","100370","Action_45","Morph_101","KB","Play","Reach","Reach.2","Sonso",0.0392207131532813,0.0370781527531083,0.0801509769094138
"1109","100370","Action_8","Morph_19","KB","Play","Dangle","Dangle.1","Sonso",1.26976054486394,0.0484014209591474,0.0484014209591474
"1110","100370","Action_23","Morph_47","KB","Play","Hittingother","HitOther.3","Sonso",0.148420005118273,0.00843694493783304,0.0157637655417407
"1111","101751","Action_34","Morph_66","KB","Playcontinue","Objectshake","ObjectShake.2","Sonso",1.17557332980424,0.0237566607460036,0.108792184724689
"1112","102300","Action_8","Morph_19","KB","Play","Dangle","Dangle.1","Sonso",-0.0408219945202552,0.0484014209591474,0.0484014209591474
"1113","102302","Action_8","Morph_19","KB","Playcontinue","Dangle","Dangle.1","Sonso",-1.27296567581289,0.0484014209591474,0.0484014209591474
"1114","102301","Action_8","Morph_19","KB","Playcontinue","Dangle","Dangle.1","Sonso",-1.02165124753198,0.0484014209591474,0.0484014209591474
"1115","102151","Action_8","Morph_19","KB","Play","Dangle","Dangle.1","Sonso",-0.127833371509885,0.0484014209591474,0.0484014209591474
"1116","101452","Action_20","Morph_45","KB","Play","Hitother","HitOther.1","Sonso",-0.7339691750802,0.0202042628774423,0.0404085257548845
"1117","101455b","Action_60","Morph_127","KB","Play","Swing","Swing.1","Sonso",0.0392207131532813,0.0428507992895204,0.0475133214920071
"1118","101452","Action_9","Morph_20","KB","Play","Dangleshake","DangleShake.1","Sonso",0.418710334858185,0.00710479573712256,0.00710479573712256
"1119","101455b","Action_8","Morph_19","KB","Play","Dangle","Dangle.1","Sonso",-0.44628710262842,0.0484014209591474,0.0484014209591474
"1120","100148","Action_48","Morph_104","KB","Play","Rollover","RollOver.1","Sonso",1.26976054486394,0.00621669626998224,0.00621669626998224
"1121","101575","Action_8","Morph_19","KB","Play","Dangle","Dangle.1","Sonso",0.65232518603969,0.0484014209591474,0.0484014209591474
"1122","101574","Action_8","Morph_19","KB","Playcontinue","Dangle","Dangle.1","Sonso",-0.579818495252942,0.0484014209591474,0.0484014209591474
"1123","101575","Action_63","Morph_137","KB","Play","Touch","Touch.6","Sonso",0.824175442966349,0.00488454706927176,0.0341918294849023
"1124","101575","Action_63","Morph_137","KB","Play","Touch","Touch.6","Sonso",0.0392207131532813,0.00488454706927176,0.0341918294849023
"1125","100757","Action_61","Morph_130","KB","Play","Throwobject","ThrowObject.1","Sonso",0.587786664902119,0.00244227353463588,0.00244227353463588
"1126","101406","Action_20","Morph_45","KC","Play","Hitother","HitOther.1","Sonso",-0.27443684570176,0.0202042628774423,0.0404085257548845
"1127","101407","Action_34","Morph_65","KC","Play","Objectshake","ObjectShake.1","Sonso",2.44408465526775,0.0746003552397869,0.108792184724689
"1128","101406","Action_15","Morph_35","KC","Play","Grabhold","GrabHold.1","Sonso",0.955511445027436,0.00932504440497336,0.0204262877442274
"1129","100466b","Action_33","Morph_61","KC","Play","Objectmove","ObjectMove.1","Sonso",0.712949807856125,0.0317495559502664,0.0406305506216696
"1130","101239","Action_60","Morph_127","KC","Play","Swing","Swing.1","Sonso",0.470003629245736,0.0428507992895204,0.0475133214920071
"1131","101376","Action_60","Morph_127","KC","Play","Swing","Swing.1","Sonso",0.609765571620894,0.0428507992895204,0.0475133214920071
"1132","101239","Action_15","Morph_35","KC","Play","Grabhold","GrabHold.1","Sonso",1.11185751541813,0.00932504440497336,0.0204262877442274
"1133","101239","Action_9","Morph_20","KC","Play","Dangleshake","DangleShake.1","Sonso",0.444685821261446,0.00710479573712256,0.00710479573712256
"1134","101241","Action_8","Morph_19","KC","Playcontinue","Dangle","Dangle.1","Sonso",-0.510825623765991,0.0484014209591474,0.0484014209591474
"1135","102457","Action_34","Morph_65","KC","Play","Objectshake","ObjectShake.1","Sonso",0.924258901523332,0.0746003552397869,0.108792184724689
"1136","102457","Action_14","Morph_29","KC","Play","Grab","Grab.1","Sonso",-0.82098055206983,0.00821492007104796,0.0353019538188277
"1137","102455","Action_20","Morph_49","KC","Play","Hitother","HitOther.5","Sonso",0.215111379616945,0.00599467140319716,0.0404085257548845
"1138","102449","Action_60","Morph_127","KC","Play","Swing","Swing.1","Sonso",0,0.0428507992895204,0.0475133214920071
"1139","102086","Action_45","Morph_100","KC","Play","Reach","Reach.1","Sonso",-0.7339691750802,0.0408525754884547,0.0801509769094138
"1140","102085","Action_45","Morph_100","KC","Play","Reach","Reach.1","Sonso",-0.127833371509885,0.0408525754884547,0.0801509769094138
"1141","102085","Action_43","Morph_96","KC","Play","Raise","Raise.1","Sonso",-0.22314355131421,0.00865896980461812,0.0113232682060391
"1142","100738a","Action_63","Morph_138","KC","Play","Touch","Touch.7","Sonso",-0.27443684570176,0.0044404973357016,0.0341918294849023
"1143","100259a","Action_39","Morph_83","KC","Affiliation","Presentgenitalsbackwards","PresentGenitals.2","Sonso",0.0392207131532813,0.00577264653641208,0.033303730017762
"1144","102324a","Action_23","Morph_48","KC","Play","Hittingother","HitOther.4","Sonso",0.182321556793955,0.00732682060390764,0.0157637655417407
"1145","102324a","Action_20","Morph_45","KC","Play","Hitother","HitOther.1","Sonso",-0.82098055206983,0.0202042628774423,0.0404085257548845
"1146","102324a","Action_20","Morph_45","KC","Play","Hitother","HitOther.1","Sonso",-0.083381608939051,0.0202042628774423,0.0404085257548845
"1147","100294","Action_45","Morph_101","KC","Staysame","Reach","Reach.2","Sonso",-0.328504066972036,0.0370781527531083,0.0801509769094138
"1148","101586","Action_8","Morph_19","KC","Play","Dangle","Dangle.1","Sonso",-0.328504066972036,0.0484014209591474,0.0484014209591474
"1149","101590","Action_33","Morph_61","KC","Play","Objectmove","ObjectMove.1","Sonso",0.27763173659828,0.0317495559502664,0.0406305506216696
"1150","101938","Action_8","Morph_19","KC","Play","Dangle","Dangle.1","Sonso",-0.385662480811985,0.0484014209591474,0.0484014209591474
"1151","101590","Action_33","Morph_61","KC","Play","Objectmove","ObjectMove.1","Sonso",0,0.0317495559502664,0.0406305506216696
"1152","101939","Action_26","Morph_53","KC","Play","Knockobject","KnockObject.1","Sonso",-0.916290731874155,0.00133214920071048,0.0011101243339254
"1153","101939","Action_55","Morph_116","KC","Play","Stompingobject","StompObject.2","Sonso",-0.385662480811985,0.0148756660746004,0.0230905861456483
"1154","101939","Action_43","Morph_96","KC","Play","Raise","Raise.1","Sonso",-0.916290731874155,0.00865896980461812,0.0113232682060391
"1155","101814b","Action_17","Morph_40","KC","Play","Hitobject","HitObject.2","Sonso",-0.916290731874155,0.0119893428063943,0.0559502664298401
"1156","101528","Action_57","Morph_115","KC","Play","Stompobject","StompObject.1","Sonso",-0.7339691750802,0.0337477797513321,0.0424067495559503
"1157","101528","Action_57","Morph_115","KC","Play","Stompobject","StompObject.1","Sonso",-0.7339691750802,0.0337477797513321,0.0424067495559503
"1158","101527a","Action_57","Morph_118","KC","Play","Stompobject","StompObject.4","Sonso",-0.916290731874155,0.005550621669627,0.0424067495559503
"1159","101527a","Action_55","Morph_116","KC","Play","Stompingobject","StompObject.2","Sonso",0.246860077931526,0.0148756660746004,0.0230905861456483
"1160","101523b","Action_57","Morph_115","KC","Play","Stompobject","StompObject.1","Sonso",-0.7339691750802,0.0337477797513321,0.0424067495559503
"1161","101527a","Action_57","Morph_118","KC","Play","Stompobject","StompObject.4","Sonso",-0.916290731874155,0.005550621669627,0.0424067495559503
"1162","101528","Action_17","Morph_39","KC","Play","Hitobject","HitObject.1","Sonso",-0.916290731874155,0.0430728241563055,0.0559502664298401
"1163","101527a","Action_17","Morph_40","KC","Play","Hitobject","HitObject.2","Sonso",-0.82098055206983,0.0119893428063943,0.0559502664298401
"1164","101527a","Action_17","Morph_40","KC","Play","Hitobject","HitObject.2","Sonso",-0.579818495252942,0.0119893428063943,0.0559502664298401
"1165","101527a","Action_17","Morph_39","KC","Play","Hitobject","HitObject.1","Sonso",-0.22314355131421,0.0430728241563055,0.0559502664298401
"1166","101527a","Action_55","Morph_116","KC","Play","Stompingobject","StompObject.2","Sonso",-0.0408219945202552,0.0148756660746004,0.0230905861456483
"1167","101527a","Action_57","Morph_118","KC","Play","Stompobject","StompObject.4","Sonso",-0.82098055206983,0.005550621669627,0.0424067495559503
"1168","101527a","Action_55","Morph_116","KC","Play","Stompingobject","StompObject.2","Sonso",0.246860077931526,0.0148756660746004,0.0230905861456483
"1169","101527a","Action_17","Morph_40","KC","Play","Hitobject","HitObject.2","Sonso",-0.7339691750802,0.0119893428063943,0.0559502664298401
"1170","101527a","Action_21","Morph_42","KC","Play","Hittingobject","HitObject.4","Sonso",-0.27443684570176,0.00599467140319716,0.00799289520426288
"1171","101523b","Action_57","Morph_115","KC","Play","Stompobject","StompObject.1","Sonso",-0.27443684570176,0.0337477797513321,0.0424067495559503
"1172","101527a","Action_55","Morph_116","KC","Play","Stompingobject","StompObject.2","Sonso",0.215111379616945,0.0148756660746004,0.0230905861456483
"1173","101527a","Action_57","Morph_118","KC","Play","Stompobject","StompObject.4","Sonso",-0.579818495252942,0.005550621669627,0.0424067495559503
"1174","102475","Action_34","Morph_65","KC","Play","Objectshake","ObjectShake.1","Sonso",0.609765571620894,0.0746003552397869,0.108792184724689
"1175","101527a","Action_17","Morph_39","KC","Play","Hitobject","HitObject.1","Sonso",-0.27443684570176,0.0430728241563055,0.0559502664298401
"1176","102009","Action_57","Morph_115","KC","Play","Stompobject","StompObject.1","Sonso",-0.174353387144778,0.0337477797513321,0.0424067495559503
"1177","102046","Action_21","Morph_44","KC","Play","Hittingobject","HitObject.6","Sonso",-0.0408219945202552,0.00155417406749556,0.00799289520426288
"1178","102010","Action_41","Morph_87","KC","Play","Pull","Pull.4","Sonso",0.0392207131532813,0.00532859680284192,0.0253108348134991
"1179","102009","Action_57","Morph_115","KC","Play","Stompobject","StompObject.1","Sonso",-0.385662480811985,0.0337477797513321,0.0424067495559503
"1180","102224","Action_33","Morph_61","KC","Play","Objectmove","ObjectMove.1","Sonso",0.418710334858185,0.0317495559502664,0.0406305506216696
"1181","102040","Action_14","Morph_30","KC","Stopbehaviour","Grab","Grab.2","Sonso",-0.916290731874155,0.00799289520426288,0.0353019538188277
"1182","102042","Action_14","Morph_30","KC","Play","Grab","Grab.2","Sonso",-0.385662480811985,0.00799289520426288,0.0353019538188277
"1183","102009","Action_20","Morph_49","KC","Play","Hitother","HitOther.5","Sonso",-0.22314355131421,0.00599467140319716,0.0404085257548845
"1184","102010","Action_15","Morph_37","KC","Play","Grabhold","GrabHold.3","Sonso",1.81156209652423,0.00532859680284192,0.0204262877442274
"1185","102009","Action_34","Morph_65","KC","Play","Objectshake","ObjectShake.1","Sonso",0.418710334858185,0.0746003552397869,0.108792184724689
"1186","102009","Action_57","Morph_115","KC","Play","Stompobject","StompObject.1","Sonso",0.336472236621213,0.0337477797513321,0.0424067495559503
"1187","102010","Action_8","Morph_19","KC","Play","Dangle","Dangle.1","Sonso",-0.127833371509885,0.0484014209591474,0.0484014209591474
"1188","102223a","Action_33","Morph_62","KC","Play","Objectmove","ObjectMove.2","Sonso",0.182321556793955,0.00643872113676732,0.0406305506216696
"1189","102223a","Action_55","Morph_117","KC","Play","Stompingobject","StompObject.3","Sonso",0.444685821261446,0.00688277087033748,0.0230905861456483
"1190","102046","Action_8","Morph_19","KC","Play","Dangle","Dangle.1","Sonso",0.113328685307003,0.0484014209591474,0.0484014209591474
"1191","102228","Action_29","Morph_58","KC","Play","Locomotegallop","LocomoteGallop.1","Sonso",-0.083381608939051,0.00821492007104796,0.00821492007104796
"1192","101918","Action_41","Morph_87","KC","Travel","Pull","Pull.4","Sonso",-1.13943428318836,0.00532859680284192,0.0253108348134991
"1193","101918","Action_41","Morph_87","KC","Travel","Pull","Pull.4","Sonso",-2.12026353620009,0.00532859680284192,0.0253108348134991
"1194","102317","Action_41","Morph_87","KC","Climbonyou","Pull","Pull.4","Sonso",0.470003629245736,0.00532859680284192,0.0253108348134991
"1195","100371","Action_41","Morph_84","KC","Climbonyou","Pull","Pull.1","Sonso",-0.510825623765991,0.00821492007104796,0.0253108348134991
"1196","100739","Action_2","Morph_3","KC","Givemenurse","Bigloudscratch","BigLoudScratch.1","Sonso",0.770108221696074,0.0215364120781528,0.0577264653641208
"1197","100371","Action_41","Morph_84","KC","Climbonyou","Pull","Pull.1","Sonso",-0.328504066972036,0.00821492007104796,0.0253108348134991
"1198","100371","Action_15","Morph_35","KC","Climbonyou","Grabhold","GrabHold.1","Sonso",0.148420005118273,0.00932504440497336,0.0204262877442274
"1199","101644","Action_17","Morph_39","KC","Play","Hitobject","HitObject.1","Sonso",-0.385662480811985,0.0430728241563055,0.0559502664298401
"1200","101918","Action_41","Morph_87","KC","Travel","Pull","Pull.4","Sonso",-0.385662480811985,0.00532859680284192,0.0253108348134991
"1201","100187","Action_2","Morph_4","KC","Travel","Bigloudscratch","BigLoudScratch.2","Sonso",0.470003629245736,0.019316163410302,0.0577264653641208
"1202","101935","Action_45","Morph_100","KC","Climbonyou","Reach","Reach.1","Sonso",0.672944473242426,0.0408525754884547,0.0801509769094138
"1203","101644","Action_60","Morph_127","KC","Play","Swing","Swing.1","Sonso",-0.174353387144778,0.0428507992895204,0.0475133214920071
"1204","101644","Action_57","Morph_115","KC","Play","Stompobject","StompObject.1","Sonso",-0.27443684570176,0.0337477797513321,0.0424067495559503
"1205","100030","Action_41","Morph_87","KC","Climbonyou","Pull","Pull.4","Sonso",-0.7339691750802,0.00532859680284192,0.0253108348134991
"1206","101644","Action_14","Morph_31","KC","Play","Grab","Grab.3","Sonso",-0.328504066972036,0.00466252220248668,0.0353019538188277
"1207","101646","Action_8","Morph_19","KC","Play","Dangle","Dangle.1","Sonso",-0.579818495252942,0.0484014209591474,0.0484014209591474
"1208","101645","Action_8","Morph_19","KC","Play","Dangle","Dangle.1","Sonso",-0.510825623765991,0.0484014209591474,0.0484014209591474
"1209","100187","Action_41","Morph_87","KC","Travel","Pull","Pull.4","Sonso",0.908258560176891,0.00532859680284192,0.0253108348134991
"1210","101644","Action_8","Morph_19","KC","Play","Dangle","Dangle.1","Sonso",-0.27443684570176,0.0484014209591474,0.0484014209591474
"1211","100279","Action_42","Morph_91","KC","Position","Push","Push.4","Sonso",0.672944473242426,0.00932504440497336,0.0466252220248668
"1212","101584","Action_8","Morph_19","KC","Play","Dangle","Dangle.1","Sonso",0.609765571620894,0.0484014209591474,0.0484014209591474
"1213","101918","Action_42","Morph_94","KC","Travel","Push","Push.7","Sonso",-1.42711635564015,0.00288632326820604,0.0466252220248668
"1214","101644","Action_8","Morph_19","KC","Play","Dangle","Dangle.1","Sonso",-0.82098055206983,0.0484014209591474,0.0484014209591474
"1215","101918","Action_41","Morph_87","KC","Travel","Pull","Pull.4","Sonso",-1.6094379124341,0.00532859680284192,0.0253108348134991
"1216","100371","Action_63","Morph_132","KC","Climbonyou","Touch","Touch.1","Sonso",-0.22314355131421,0.0104351687388988,0.0341918294849023
"1217","100371","Action_41","Morph_84","KC","Climbonyou","Pull","Pull.1","Sonso",0.732367893713227,0.00821492007104796,0.0253108348134991
"1218","101918","Action_42","Morph_94","KC","Travel","Push","Push.7","Sonso",-1.6094379124341,0.00288632326820604,0.0466252220248668
"1219","101644","Action_55","Morph_116","KC","Play","Stompingobject","StompObject.2","Sonso",0.148420005118273,0.0148756660746004,0.0230905861456483
"1220","101918","Action_41","Morph_87","KC","Travel","Pull","Pull.4","Sonso",-1.13943428318836,0.00532859680284192,0.0253108348134991
"1221","102210","Action_41","Morph_86","KC","Position","Pull","Pull.3","Sonso",-0.083381608939051,0.00510657193605684,0.0253108348134991
"1222","101645","Action_55","Morph_116","KC","Play","Stompingobject","StompObject.2","Sonso",-0.82098055206983,0.0148756660746004,0.0230905861456483
"1223","100464","Action_15","Morph_37","KC","Play","Grabhold","GrabHold.3","Sonso",-0.44628710262842,0.00532859680284192,0.0204262877442274
"1224","101858","Action_8","Morph_19","KC","Play","Dangle","Dangle.1","Sonso",-0.7339691750802,0.0484014209591474,0.0484014209591474
"1225","102261","Action_29","Morph_58","KC","Play","Locomotegallop","LocomoteGallop.1","Sonso",-0.0408219945202552,0.00821492007104796,0.00821492007104796
"1226","102091","Action_38","Morph_80","KC","Groom","Present","Present.6","Sonso",0.113328685307003,0.00155417406749556,0.0492895204262877
"1227","102261","Action_61","Morph_130","KC","Play","Throwobject","ThrowObject.1","Sonso",-0.510825623765991,0.00244227353463588,0.00244227353463588
"1228","102091","Action_2","Morph_5","KC","Groom","Bigloudscratch","BigLoudScratch.3","Sonso",0.65232518603969,0.0119893428063943,0.0577264653641208
"1229","101413a","Action_17","Morph_40","KC","Play","Hitobject","HitObject.2","Sonso",0,0.0119893428063943,0.0559502664298401
"1230","102264","Action_20","Morph_50","KC","Play","Hitother","HitOther.6","Sonso",-0.82098055206983,0.00488454706927176,0.0404085257548845
"1231","101413a","Action_17","Morph_40","KC","Play","Hitobject","HitObject.2","Sonso",-0.385662480811985,0.0119893428063943,0.0559502664298401
"1232","101859","Action_57","Morph_115","KC","Play","Stompobject","StompObject.1","Sonso",-0.328504066972036,0.0337477797513321,0.0424067495559503
"1233","102261","Action_57","Morph_118","KC","Play","Stompobject","StompObject.4","Sonso",-0.385662480811985,0.005550621669627,0.0424067495559503
"1234","100464","Action_3","Morph_13","KC","Play","Bite","Bite.5","Sonso",-0.22314355131421,0.0011101243339254,0.0168738898756661
"1235","100464","Action_3","Morph_13","KC","Play","Bite","Bite.5","Sonso",-0.083381608939051,0.0011101243339254,0.0168738898756661
"1236","102227","Action_14","Morph_30","KC","Play","Grab","Grab.2","Sonso",-0.174353387144778,0.00799289520426288,0.0353019538188277
"1237","102227","Action_29","Morph_58","KC","Play","Locomotegallop","LocomoteGallop.1","Sonso",0.0392207131532813,0.00821492007104796,0.00821492007104796
"1238","101354","Action_34","Morph_66","KC","Play","Objectshake","ObjectShake.2","Sonso",1.13783300182139,0.0237566607460036,0.108792184724689
"1239","102226","Action_60","Morph_127","KC","Moveclose","Swing","Swing.1","Sonso",-0.174353387144778,0.0428507992895204,0.0475133214920071
"1240","102226","Action_55","Morph_116","KC","Moveclose","Stompingobject","StompObject.2","Sonso",0.246860077931526,0.0148756660746004,0.0230905861456483
"1241","102043","Action_20","Morph_49","KC","Play","Hitother","HitOther.5","Sonso",0.246860077931526,0.00599467140319716,0.0404085257548845
"1242","102043","Action_20","Morph_49","KC","Play","Hitother","HitOther.5","Sonso",-0.22314355131421,0.00599467140319716,0.0404085257548845
"1243","100475","Action_57","Morph_118","KC","Play","Stompobject","StompObject.4","Sonso",-0.579818495252942,0.005550621669627,0.0424067495559503
"1244","100475","Action_55","Morph_117","KC","Play","Stompingobject","StompObject.3","Sonso",0.444685821261446,0.00688277087033748,0.0230905861456483
"1245","101860a","Action_11","Morph_22","KC","Play","Embrace","Embrace.1","Sonso",0.336472236621213,0.00288632326820604,0.005550621669627
"1246","101860a","Action_56","Morph_123","KC","Play","Stompingother","StompOther.2","Sonso",0.712949807856125,0.00244227353463588,0.00266429840142096
"1247","101860a","Action_3","Morph_9","KC","Play","Bite","Bite.1","Sonso",-0.579818495252942,0.0044404973357016,0.0168738898756661
"1248","101860a","Action_23","Morph_48","KC","Play","Hittingother","HitOther.4","Sonso",0.609765571620894,0.00732682060390764,0.0157637655417407
"1249","101860a","Action_23","Morph_48","KC","Play","Hittingother","HitOther.4","Sonso",0.609765571620894,0.00732682060390764,0.0157637655417407
"1250","101860a","Action_20","Morph_49","KC","Play","Hitother","HitOther.5","Sonso",-0.22314355131421,0.00599467140319716,0.0404085257548845
"1251","101860a","Action_56","Morph_123","KC","Play","Stompingother","StompOther.2","Sonso",0.518793793415168,0.00244227353463588,0.00266429840142096
"1252","101860a","Action_58","Morph_122","KC","Play","Stompother","StompOther.1","Sonso",-0.27443684570176,0.00244227353463588,0.00377442273534636
"1253","101861","Action_11","Morph_22","KC","Affiliation","Embrace","Embrace.1","Sonso",0.924258901523332,0.00288632326820604,0.005550621669627
"1254","102217","Action_45","Morph_100","KC","Takeobject","Reach","Reach.1","Sonso",-0.579818495252942,0.0408525754884547,0.0801509769094138
"1255","101860a","Action_20","Morph_46","KC","Play","Hitother","HitOther.2","Sonso",0,0.00932504440497336,0.0404085257548845
"1256","101382","Action_23","Morph_48","KC","Play","Hittingother","HitOther.4","Sonso",-0.44628710262842,0.00732682060390764,0.0157637655417407
"1257","102018","Action_23","Morph_47","KC","Play","Hittingother","HitOther.3","Sonso",0.631271776841858,0.00843694493783304,0.0157637655417407
"1258","102018","Action_3","Morph_9","KC","Play","Bite","Bite.1","Sonso",-0.82098055206983,0.0044404973357016,0.0168738898756661
"1259","101381","Action_15","Morph_37","KC","Play","Grabhold","GrabHold.3","Sonso",0.494696241836107,0.00532859680284192,0.0204262877442274
"1260","101647","Action_23","Morph_48","KC","Play","Hittingother","HitOther.4","Sonso",-0.27443684570176,0.00732682060390764,0.0157637655417407
"1261","101380","Action_56","Morph_123","KC","Play","Stompingother","StompOther.2","Sonso",0.0769610411361284,0.00244227353463588,0.00266429840142096
"1262","101377","Action_3","Morph_16","KC","Play","Bite","Bite.8","Sonso",-0.82098055206983,0.00288632326820604,0.0168738898756661
"1263","101378","Action_15","Morph_36","KC","Play","Grabhold","GrabHold.2","Sonso",0.985816794522765,0.005550621669627,0.0204262877442274
"1264","102021","Action_8","Morph_19","KC","Play","Dangle","Dangle.1","Sonso",0.0392207131532813,0.0484014209591474,0.0484014209591474
"1265","102017","Action_3","Morph_9","KC","Play","Bite","Bite.1","Sonso",-0.7339691750802,0.0044404973357016,0.0168738898756661
"1266","101643","Action_8","Morph_19","KC","Play","Dangle","Dangle.1","Sonso",-0.22314355131421,0.0484014209591474,0.0484014209591474
"1267","101381","Action_15","Morph_37","KC","Play","Grabhold","GrabHold.3","Sonso",0.336472236621213,0.00532859680284192,0.0204262877442274
"1268","101381","Action_15","Morph_36","KC","Play","Grabhold","GrabHold.2","Sonso",0.470003629245736,0.005550621669627,0.0204262877442274
"1269","102017","Action_15","Morph_37","KC","Play","Grabhold","GrabHold.3","Sonso",0.693147180559945,0.00532859680284192,0.0204262877442274
"1270","101377","Action_15","Morph_36","KC","Play","Grabhold","GrabHold.2","Sonso",0.970778917158225,0.005550621669627,0.0204262877442274
"1271","101381","Action_3","Morph_16","KC","Play","Bite","Bite.8","Sonso",-0.328504066972036,0.00288632326820604,0.0168738898756661
"1272","102017","Action_20","Morph_49","KC","Play","Hitother","HitOther.5","Sonso",-0.27443684570176,0.00599467140319716,0.0404085257548845
"1273","101643","Action_58","Morph_NA","KC","Play","Stompother",NA,"Sonso",-0.82098055206983,0.0159857904085258,0.00377442273534636
"1274","102018","Action_15","Morph_35","KC","Play","Grabhold","GrabHold.1","Sonso",1.08518926833597,0.00932504440497336,0.0204262877442274
"1275","101380","Action_8","Morph_19","KC","Play","Dangle","Dangle.1","Sonso",0.364643113587909,0.0484014209591474,0.0484014209591474
"1276","101380","Action_60","Morph_127","KC","Play","Swing","Swing.1","Sonso",0.392042087776024,0.0428507992895204,0.0475133214920071
"1277","101381","Action_3","Morph_16","KC","Play","Bite","Bite.8","Sonso",-0.385662480811985,0.00288632326820604,0.0168738898756661
"1278","102017","Action_11","Morph_22","KC","Play","Embrace","Embrace.1","Sonso",0.182321556793955,0.00288632326820604,0.005550621669627
"1279","102262b","Action_8","Morph_19","KC","Play","Dangle","Dangle.1","Sonso",-0.916290731874155,0.0484014209591474,0.0484014209591474
"1280","101692","Action_8","Morph_19","KC","Play","Dangle","Dangle.1","Sonso",-1.02165124753198,0.0484014209591474,0.0484014209591474
"1281","101583b","Action_61","Morph_130","KC","Play","Throwobject","ThrowObject.1","Sonso",0.392042087776024,0.00244227353463588,0.00244227353463588
"1282","101583b","Action_18","Morph_39","KC","Play","Hitobjectobject","HitObject.1","Sonso",-0.0408219945202552,0.0430728241563055,0.00466252220248668
"1283","101642","Action_45","Morph_100","KC","Playcontinue","Reach","Reach.1","Sonso",0.215111379616945,0.0408525754884547,0.0801509769094138
"1284","101649","Action_20","Morph_46","KC","Play","Hitother","HitOther.2","Sonso",0,0.00932504440497336,0.0404085257548845
"1285","101512","Action_8","Morph_19","KC","Play","Dangle","Dangle.1","Sonso",0.470003629245736,0.0484014209591474,0.0484014209591474
"1286","101583b","Action_57","Morph_115","KC","Play","Stompobject","StompObject.1","Sonso",-0.579818495252942,0.0337477797513321,0.0424067495559503
"1287","101512","Action_20","Morph_50","KC","Play","Hitother","HitOther.6","Sonso",0.418710334858185,0.00488454706927176,0.0404085257548845
"1288","101692","Action_55","Morph_116","KC","Play","Stompingobject","StompObject.2","Sonso",-0.579818495252942,0.0148756660746004,0.0230905861456483
"1289","100485","Action_9","Morph_20","KC","Play","Dangleshake","DangleShake.1","Sonso",-0.083381608939051,0.00710479573712256,0.00710479573712256
"1290","101583b","Action_8","Morph_19","KC","Play","Dangle","Dangle.1","Sonso",-0.174353387144778,0.0484014209591474,0.0484014209591474
"1291","101997","Action_14","Morph_34","KC","Play","Grab","Grab.6","Sonso",-0.0408219945202552,0.00355239786856128,0.0353019538188277
"1292","101640b","Action_8","Morph_19","KC","Play","Dangle","Dangle.1","Sonso",-0.0408219945202552,0.0484014209591474,0.0484014209591474
"1293","100355b","Action_43","Morph_96","KC","Play","Raise","Raise.1","Sonso",-0.407968238326283,0.00865896980461812,0.0113232682060391
"1294","101583b","Action_57","Morph_120","KC","Play","Stompobject","StompObject.6","Sonso",-0.0408219945202552,0.00133214920071048,0.0424067495559503
"1295","101692","Action_55","Morph_116","KC","Play","Stompingobject","StompObject.2","Sonso",-0.385662480811985,0.0148756660746004,0.0230905861456483
"1296","101737b","Action_57","Morph_115","KC","Play","Stompobject","StompObject.1","Sonso",-0.510825623765991,0.0337477797513321,0.0424067495559503
"1297","101692","Action_34","Morph_66","KC","Play","Objectshake","ObjectShake.2","Sonso",0.246860077931526,0.0237566607460036,0.108792184724689
"1298","101916","Action_43","Morph_96","KC","Play","Raise","Raise.1","Sonso",-0.653926467406664,0.00865896980461812,0.0113232682060391
"1299","100824","Action_14","Morph_32","KC","Play","Grab","Grab.4","Sonso",-0.44628710262842,0.00754884547069272,0.0353019538188277
"1300","100821","Action_45","Morph_101","KC","Play","Reach","Reach.2","Sonso",0,0.0370781527531083,0.0801509769094138
"1301","102020","Action_25","Morph_52","KC","Play","Kickpunch","KickPunch.1","Sonso",0.470003629245736,0.0022202486678508,0.0022202486678508
"1302","102024","Action_15","Morph_35","KC","Play","Grabhold","GrabHold.1","Sonso",0.940007258491471,0.00932504440497336,0.0204262877442274
"1303","101591b","Action_20","Morph_49","KC","Play","Hitother","HitOther.5","Sonso",-0.127833371509885,0.00599467140319716,0.0404085257548845
"1304","100175","Action_20","Morph_49","KC","Stopbehaviour","Hitother","HitOther.5","Sonso",-0.916290731874155,0.00599467140319716,0.0404085257548845
"1305","101862","Action_23","Morph_48","KC","Play","Hittingother","HitOther.4","Sonso",0.470003629245736,0.00732682060390764,0.0157637655417407
"1306","101865","Action_20","Morph_49","KC","Play","Hitother","HitOther.5","Sonso",0.113328685307003,0.00599467140319716,0.0404085257548845
"1307","101862","Action_23","Morph_47","KC","Play","Hittingother","HitOther.3","Sonso",0.751416088683921,0.00843694493783304,0.0157637655417407
"1308","101862","Action_23","Morph_48","KC","Play","Hittingother","HitOther.4","Sonso",0.806475865866949,0.00732682060390764,0.0157637655417407
"1309","101862","Action_20","Morph_49","KC","Play","Hitother","HitOther.5","Sonso",-0.385662480811985,0.00599467140319716,0.0404085257548845
"1310","101862","Action_20","Morph_49","KC","Play","Hitother","HitOther.5","Sonso",-0.579818495252942,0.00599467140319716,0.0404085257548845
"1311","101862","Action_14","Morph_29","KC","Play","Grab","Grab.1","Sonso",0.0769610411361284,0.00821492007104796,0.0353019538188277
"1312","101865","Action_20","Morph_46","KC","Play","Hitother","HitOther.2","Sonso",-0.579818495252942,0.00932504440497336,0.0404085257548845
"1313","101864","Action_20","Morph_49","KC","Play","Hitother","HitOther.5","Sonso",-0.22314355131421,0.00599467140319716,0.0404085257548845
"1314","101864","Action_23","Morph_48","KC","Play","Hittingother","HitOther.4","Sonso",0.841567185678219,0.00732682060390764,0.0157637655417407
"1315","101865","Action_20","Morph_46","KC","Play","Hitother","HitOther.2","Sonso",-0.510825623765991,0.00932504440497336,0.0404085257548845
"1316","100269b","Action_3","Morph_13","KC","Affiliation","Bite","Bite.5","Sonso",-0.7339691750802,0.0011101243339254,0.0168738898756661
"1317","102322","Action_14","Morph_30","KC","Play","Grab","Grab.2","Sonso",-0.44628710262842,0.00799289520426288,0.0353019538188277
"1318","101914","Action_57","Morph_118","KC","Play","Stompobject","StompObject.4","Sonso",-0.328504066972036,0.005550621669627,0.0424067495559503
"1319","101550","Action_8","Morph_19","KC","Play","Dangle","Dangle.1","Sonso",-0.385662480811985,0.0484014209591474,0.0484014209591474
"1320","101914","Action_43","Morph_96","KC","Play","Raise","Raise.1","Sonso",-0.653926467406664,0.00865896980461812,0.0113232682060391
"1321","102327a","Action_14","Morph_34","KC","Play","Grab","Grab.6","Sonso",-0.7339691750802,0.00355239786856128,0.0353019538188277
"1322","101914","Action_20","Morph_45","KC","Play","Hitother","HitOther.1","Sonso",-0.127833371509885,0.0202042628774423,0.0404085257548845
"1323","101345","Action_14","Morph_29","KC","Play","Grab","Grab.1","Sonso",-0.916290731874155,0.00821492007104796,0.0353019538188277
"1324","101942","Action_8","Morph_19","KC","Play","Dangle","Dangle.1","Sonso",0.27763173659828,0.0484014209591474,0.0484014209591474
"1325","101673","Action_14","Morph_30","KC","Play","Grab","Grab.2","Sonso",-0.82098055206983,0.00799289520426288,0.0353019538188277
"1326","101942","Action_14","Morph_32","KC","Play","Grab","Grab.4","Sonso",-1.13943428318836,0.00754884547069272,0.0353019538188277
"1327","101348a","Action_20","Morph_46","KC","Playcontinue","Hitother","HitOther.2","Sonso",-0.27443684570176,0.00932504440497336,0.0404085257548845
"1328","101942","Action_58","Morph_122","KC","Play","Stompother","StompOther.1","Sonso",-0.44628710262842,0.00244227353463588,0.00377442273534636
"1329","101347","Action_33","Morph_61","KC","Play","Objectmove","ObjectMove.1","Sonso",-0.174353387144778,0.0317495559502664,0.0406305506216696
"1330","101345","Action_23","Morph_48","KC","Play","Hittingother","HitOther.4","Sonso",-0.22314355131421,0.00732682060390764,0.0157637655417407
"1331","101942","Action_15","Morph_35","KC","Play","Grabhold","GrabHold.1","Sonso",1.21194097397511,0.00932504440497336,0.0204262877442274
"1332","101942","Action_60","Morph_127","KC","Play","Swing","Swing.1","Sonso",0.182321556793955,0.0428507992895204,0.0475133214920071
"1333","101942","Action_8","Morph_19","KC","Play","Dangle","Dangle.1","Sonso",-0.083381608939051,0.0484014209591474,0.0484014209591474
"1334","101942","Action_58","Morph_122","KC","Play","Stompother","StompOther.1","Sonso",-0.27443684570176,0.00244227353463588,0.00377442273534636
"1335","101810","Action_63","Morph_139","KC","Play","Touch","Touch.8","Sonso",-0.579818495252942,0.00577264653641208,0.0341918294849023
"1336","100296","Action_39","Morph_83","KC","Affiliation","Presentgenitalsbackwards","PresentGenitals.2","Sonso",-0.82098055206983,0.00577264653641208,0.033303730017762
"1337","101668","Action_39","Morph_82","KE","Sexualattention","Presentgenitalsbackwards","PresentGenitals.1","Sonso",0,0.0295293072824156,0.033303730017762
"1338","100945","Action_45","Morph_101","KE","Affiliation","Reach","Reach.2","Sonso",-0.7339691750802,0.0370781527531083,0.0801509769094138
"1339","100863a","Action_45","Morph_101","KG","Affiliation","Reach","Reach.2","Sonso",0.336472236621213,0.0370781527531083,0.0801509769094138
"1340","101667a","Action_45","Morph_100","KG","Support","Reach","Reach.1","Sonso",-0.7339691750802,0.0408525754884547,0.0801509769094138
"1341","100709","Action_42","Morph_88","KG","Moveclose","Push","Push.1","Sonso",-0.174353387144778,0.0106571936056838,0.0466252220248668
"1342","101665b","Action_39","Morph_83","KG","Affiliation","Presentgenitalsbackwards","PresentGenitals.2","Sonso",-0.44628710262842,0.00577264653641208,0.033303730017762
"1343","101666","Action_45","Morph_100","KG","Staysame","Reach","Reach.1","Sonso",0,0.0408525754884547,0.0801509769094138
"1344","100688","Action_39","Morph_82","KG","Sexualattention","Presentgenitalsbackwards","PresentGenitals.1","Sonso",-0.174353387144778,0.0295293072824156,0.033303730017762
"1345","100112","Action_45","Morph_100","KH","Play","Reach","Reach.1","Sonso",-0.579818495252942,0.0408525754884547,0.0801509769094138
"1346","100112","Action_14","Morph_32","KH","Play","Grab","Grab.4","Sonso",-0.653926467406664,0.00754884547069272,0.0353019538188277
"1347","102041","Action_59","Morph_124","KH","Play","Stroke","Stroke.1","Sonso",-0.385662480811985,0.0011101243339254,0.00377442273534636
"1348","102223b","Action_11","Morph_22","KH","Affiliation","Embrace","Embrace.1","Sonso",1.50851199384414,0.00288632326820604,0.005550621669627
"1349","102053","Action_8","Morph_19","KH","Play","Dangle","Dangle.1","Sonso",-0.385662480811985,0.0484014209591474,0.0484014209591474
"1350","102045","Action_8","Morph_19","KH","Play","Dangle","Dangle.1","Sonso",-0.127833371509885,0.0484014209591474,0.0484014209591474
"1351","102045","Action_8","Morph_19","KH","Play","Dangle","Dangle.1","Sonso",0.246860077931526,0.0484014209591474,0.0484014209591474
"1352","102135","Action_17","Morph_41","KH","Play","Hitobject","HitObject.3","Sonso",-0.653926467406664,0.00510657193605684,0.0559502664298401
"1353","102135","Action_21","Morph_42","KH","Play","Hittingobject","HitObject.4","Sonso",-0.174353387144778,0.00599467140319716,0.00799289520426288
"1354","102135","Action_55","Morph_116","KH","Play","Stompingobject","StompObject.2","Sonso",-0.083381608939051,0.0148756660746004,0.0230905861456483
"1355","102135","Action_21","Morph_42","KH","Play","Hittingobject","HitObject.4","Sonso",-0.579818495252942,0.00599467140319716,0.00799289520426288
"1356","102124","Action_45","Morph_100","KH","Playcontinue","Reach","Reach.1","Sonso",-0.653926467406664,0.0408525754884547,0.0801509769094138
"1357","102119","Action_3","Morph_16","KH","Play","Bite","Bite.8","Sonso",-0.328504066972036,0.00288632326820604,0.0168738898756661
"1358","102124","Action_17","Morph_41","KH","Playcontinue","Hitobject","HitObject.3","Sonso",-0.22314355131421,0.00510657193605684,0.0559502664298401
"1359","102123","Action_21","Morph_44","KH","Playcontinue","Hittingobject","HitObject.6","Sonso",0.712949807856125,0.00155417406749556,0.00799289520426288
"1360","102123","Action_20","Morph_45","KH","Playcontinue","Hitother","HitOther.1","Sonso",-0.127833371509885,0.0202042628774423,0.0404085257548845
"1361","102123","Action_17","Morph_41","KH","Playcontinue","Hitobject","HitObject.3","Sonso",-0.083381608939051,0.00510657193605684,0.0559502664298401
"1362","100809ap1","Action_60","Morph_127","KI","Play","Swing","Swing.1","Sonso",0.364643113587909,0.0428507992895204,0.0475133214920071
"1363","100810","Action_8","Morph_19","KI","Playcontinue","Dangle","Dangle.1","Sonso",-0.328504066972036,0.0484014209591474,0.0484014209591474
"1364","100810","Action_17","Morph_39","KI","Playcontinue","Hitobject","HitObject.1","Sonso",0.246860077931526,0.0430728241563055,0.0559502664298401
"1365","100809ap1","Action_8","Morph_19","KI","Play","Dangle","Dangle.1","Sonso",0.542324290825362,0.0484014209591474,0.0484014209591474
"1366","100708","Action_9","Morph_20","KI","Play","Dangleshake","DangleShake.1","Sonso",0.940007258491471,0.00710479573712256,0.00710479573712256
"1367","100708","Action_34","Morph_65","KI","Play","Objectshake","ObjectShake.1","Sonso",0.693147180559945,0.0746003552397869,0.108792184724689
"1368","102289b","Action_38","Morph_77","KL","Directattention","Present","Present.3","Sonso",1.17557332980424,0.00466252220248668,0.0492895204262877
"1369","102295","Action_2","Morph_3","KL","Groom","Bigloudscratch","BigLoudScratch.1","Sonso",0.494696241836107,0.0215364120781528,0.0577264653641208
"1370","102295","Action_38","Morph_76","KL","Groom","Present","Present.2","Sonso",-0.22314355131421,0.0135435168738899,0.0492895204262877
"1371","101851","Action_42","Morph_93","KL","Position","Push","Push.6","Sonso",-1.6094379124341,0.0066607460035524,0.0466252220248668
"1372","102287","Action_42","Morph_92","KL","Position","Push","Push.5","Sonso",-0.653926467406664,0.0066607460035524,0.0466252220248668
"1373","100295","Action_3","Morph_12","KL","Staysame","Bite","Bite.4","Sonso",0.0769610411361284,0.00177619893428064,0.0168738898756661
"1374","101934","Action_14","Morph_29","KL","Stopbehaviour","Grab","Grab.1","Sonso",-0.653926467406664,0.00821492007104796,0.0353019538188277
"1375","101934","Action_20","Morph_45","KL","Stopbehaviour","Hitother","HitOther.1","Sonso",-0.82098055206983,0.0202042628774423,0.0404085257548845
"1376","101934","Action_17","Morph_39","KL","Stopbehaviour","Hitobject","HitObject.1","Sonso",-0.510825623765991,0.0430728241563055,0.0559502664298401
"1377","101934","Action_14","Morph_29","KL","Stopbehaviour","Grab","Grab.1","Sonso",-0.7339691750802,0.00821492007104796,0.0353019538188277
"1378","101372","Action_63","Morph_132","KL","Play","Touch","Touch.1","Sonso",-1.13943428318836,0.0104351687388988,0.0341918294849023
"1379","101372","Action_63","Morph_132","KL","Play","Touch","Touch.1","Sonso",-0.653926467406664,0.0104351687388988,0.0341918294849023
"1380","101944","Action_38","Morph_76","KL","Climbonme","Present","Present.2","Sonso",-0.174353387144778,0.0135435168738899,0.0492895204262877
"1381","100432","Action_64","Morph_132","KL","Moveclose","Touchlongother","Touch.1","Sonso",1.17557332980424,0.0104351687388988,0.0175399644760213
"1382","101936","Action_63","Morph_137","KL","Climbonme","Touch","Touch.6","Sonso",-0.127833371509885,0.00488454706927176,0.0341918294849023
"1383","101796","Action_38","Morph_76","KL","Climbonme","Present","Present.2","Sonso",-1.02165124753198,0.0135435168738899,0.0492895204262877
"1384","101824","Action_38","Morph_75","KL","Climbonme","Present","Present.1","Sonso",-1.83258146374831,0.0170959147424512,0.0492895204262877
"1385","101372","Action_63","Morph_132","KL","Play","Touch","Touch.1","Sonso",0.27763173659828,0.0104351687388988,0.0341918294849023
"1386","100432","Action_64","Morph_132","KL","Moveclose","Touchlongother","Touch.1","Sonso",1.26976054486394,0.0104351687388988,0.0175399644760213
"1387","100432","Action_64","Morph_132","KL","Moveclose","Touchlongother","Touch.1","Sonso",0.841567185678219,0.0104351687388988,0.0175399644760213
"1388","102451","Action_45","Morph_100","KL","Play","Reach","Reach.1","Sonso",0.113328685307003,0.0408525754884547,0.0801509769094138
"1389","102446","Action_38","Morph_75","KL","Climbonme","Present","Present.1","Sonso",0.113328685307003,0.0170959147424512,0.0492895204262877
"1390","100574","Action_14","Morph_29","KL","Climbonme","Grab","Grab.1","Sonso",0.364643113587909,0.00821492007104796,0.0353019538188277
"1391","102330","Action_45","Morph_100","KL","Climbonme","Reach","Reach.1","Sonso",-0.328504066972036,0.0408525754884547,0.0801509769094138
"1392","101585","Action_15","Morph_36","KL","Play","Grabhold","GrabHold.2","Sonso",1.24703229378638,0.005550621669627,0.0204262877442274
"1393","102083","Action_42","Morph_93","KL","Climbonme","Push","Push.6","Sonso",-0.174353387144778,0.0066607460035524,0.0466252220248668
"1394","101227","Action_45","Morph_100","KL","Climbonme","Reach","Reach.1","Sonso",-1.02165124753198,0.0408525754884547,0.0801509769094138
"1395","101824","Action_38","Morph_75","KL","Climbonme","Present","Present.1","Sonso",-0.328504066972036,0.0170959147424512,0.0492895204262877
"1396","101948","Action_42","Morph_88","KL","Climbonme","Push","Push.1","Sonso",-0.27443684570176,0.0106571936056838,0.0466252220248668
"1397","101936","Action_38","Morph_76","KL","Climbonme","Present","Present.2","Sonso",0.444685821261446,0.0135435168738899,0.0492895204262877
"1398","101344","Action_38","Morph_76","KL","Climbonme","Present","Present.2","Sonso",0.0769610411361284,0.0135435168738899,0.0492895204262877
"1399","101796","Action_42","Morph_88","KL","Climbonme","Push","Push.1","Sonso",-0.916290731874155,0.0106571936056838,0.0466252220248668
"1400","101824","Action_42","Morph_91","KL","Climbonme","Push","Push.4","Sonso",-0.174353387144778,0.00932504440497336,0.0466252220248668
"1401","101948","Action_42","Morph_88","KL","Climbonme","Push","Push.1","Sonso",-0.385662480811985,0.0106571936056838,0.0466252220248668
"1402","102451","Action_15","Morph_36","KL","Play","Grabhold","GrabHold.2","Sonso",0.940007258491471,0.005550621669627,0.0204262877442274
"1403","102310","Action_2","Morph_4","KL","Travel","Bigloudscratch","BigLoudScratch.2","Sonso",0.246860077931526,0.019316163410302,0.0577264653641208
"1404","101948","Action_42","Morph_88","KL","Climbonme","Push","Push.1","Sonso",-0.385662480811985,0.0106571936056838,0.0466252220248668
"1405","101412","Action_38","Morph_75","KL","Climbonme","Present","Present.1","Sonso",0.494696241836107,0.0170959147424512,0.0492895204262877
"1406","102299","Action_2","Morph_5","KL","Groom","Bigloudscratch","BigLoudScratch.3","Sonso",0.392042087776024,0.0119893428063943,0.0577264653641208
"1407","100740","Action_2","Morph_5","KL","Directattention","Bigloudscratch","BigLoudScratch.3","Sonso",0.246860077931526,0.0119893428063943,0.0577264653641208
"1408","100816","Action_42","Morph_93","KL","Position","Push","Push.6","Sonso",0.0392207131532813,0.0066607460035524,0.0466252220248668
"1409","101383","Action_42","Morph_93","KL","Position","Push","Push.6","Sonso",-0.22314355131421,0.0066607460035524,0.0466252220248668
"1410","100740","Action_38","Morph_75","KL","Directattention","Present","Present.1","Sonso",0.65232518603969,0.0170959147424512,0.0492895204262877
"1411","100008","Action_39","Morph_82","KL","Sexualattention","Presentgenitalsbackwards","PresentGenitals.1","Sonso",0.542324290825362,0.0295293072824156,0.033303730017762
"1412","101987","Action_39","Morph_82","KL","Sexualattention","Presentgenitalsbackwards","PresentGenitals.1","Sonso",0.307484699747961,0.0295293072824156,0.033303730017762
"1413","100724","Action_2","Morph_3","KL","Groom","Bigloudscratch","BigLoudScratch.1","Sonso",0.418710334858185,0.0215364120781528,0.0577264653641208
"1414","101650","Action_34","Morph_65","KL","Moveaway","Objectshake","ObjectShake.1","Sonso",-0.328504066972036,0.0746003552397869,0.108792184724689
"1415","100176b","Action_2","Morph_6","KL","Travel","Bigloudscratch","BigLoudScratch.4","Sonso",0.470003629245736,0.00421847246891652,0.0577264653641208
"1416","102084","Action_38","Morph_79","KL","Sociosexualattention","Present","Present.5","Sonso",-0.22314355131421,0.00688277087033748,0.0492895204262877
"1417","101541","Action_63","Morph_136","KL","Stopbehaviour","Touch","Touch.5","Sonso",-0.22314355131421,0.00421847246891652,0.0341918294849023
"1418","100760","Action_13","Morph_27","KL","Stopbehaviour","Fling","Fling.1","Sonso",-0.82098055206983,0.00688277087033748,0.0117673179396092
"1419","101541","Action_15","Morph_35","KL","Stopbehaviour","Grabhold","GrabHold.1","Sonso",1.09861228866811,0.00932504440497336,0.0204262877442274
"1420","100760","Action_13","Morph_28","KL","Stopbehaviour","Fling","Fling.2","Sonso",-0.82098055206983,0.00488454706927176,0.0117673179396092
"1421","100760","Action_13","Morph_28","KL","Stopbehaviour","Fling","Fling.2","Sonso",-0.82098055206983,0.00488454706927176,0.0117673179396092
"1422","101537","Action_63","Morph_137","KL","Stopbehaviour","Touch","Touch.6","Sonso",-0.7339691750802,0.00488454706927176,0.0341918294849023
"1423","102294","Action_38","Morph_79","KM","Directattention","Present","Present.5","Sonso",0.307484699747961,0.00688277087033748,0.0492895204262877
"1424","102213","Action_48","Morph_104","KM","Play","Rollover","RollOver.1","Sonso",1.07158361628019,0.00621669626998224,0.00621669626998224
"1425","102453","Action_60","Morph_127","KM","Playcontinue","Swing","Swing.1","Sonso",-0.083381608939051,0.0428507992895204,0.0475133214920071
"1426","102384","Action_45","Morph_100","KM","Affiliation","Reach","Reach.1","Sonso",-0.44628710262842,0.0408525754884547,0.0801509769094138
"1427","102459","Action_45","Morph_101","KM","Play","Reach","Reach.2","Sonso",-1.02165124753198,0.0370781527531083,0.0801509769094138
"1428","102458","Action_16","Morph_38","KM","Playcontinue","Headstand","HeadStand.1","Sonso",-0.328504066972036,0.0066607460035524,0.0066607460035524
"1429","101090","Action_57","Morph_115","KM","Playcontinue","Stompobject","StompObject.1","Sonso",-0.385662480811985,0.0337477797513321,0.0424067495559503
"1430","101088","Action_8","Morph_19","KM","Play","Dangle","Dangle.1","Sonso",-0.82098055206983,0.0484014209591474,0.0484014209591474
"1431","100199","Action_45","Morph_100","KM","Giveme","Reach","Reach.1","Sonso",-0.27443684570176,0.0408525754884547,0.0801509769094138
"1432","100199","Action_45","Morph_100","KM","Giveme","Reach","Reach.1","Sonso",-0.27443684570176,0.0408525754884547,0.0801509769094138
"1433","100891a","Action_17","Morph_39","KM","Playcontinue","Hitobject","HitObject.1","Sonso",-0.916290731874155,0.0430728241563055,0.0559502664298401
"1434","100891a","Action_55","Morph_116","KM","Playcontinue","Stompingobject","StompObject.2","Sonso",-0.44628710262842,0.0148756660746004,0.0230905861456483
"1435","101604a","Action_34","Morph_65","KM","Play","Objectshake","ObjectShake.1","Sonso",1.21194097397511,0.0746003552397869,0.108792184724689
"1436","101604a","Action_60","Morph_127","KM","Play","Swing","Swing.1","Sonso",-0.328504066972036,0.0428507992895204,0.0475133214920071
"1437","101683a","Action_60","Morph_127","KM","Play","Swing","Swing.1","Sonso",-0.0408219945202552,0.0428507992895204,0.0475133214920071
"1438","100713b","Action_60","Morph_127","KM","Play","Swing","Swing.1","Sonso",0.246860077931526,0.0428507992895204,0.0475133214920071
"1439","102155","Action_45","Morph_100","KM","Play","Reach","Reach.1","Sonso",-1.02165124753198,0.0408525754884547,0.0801509769094138
"1440","102155","Action_45","Morph_100","KM","Play","Reach","Reach.1","Sonso",0.0392207131532813,0.0408525754884547,0.0801509769094138
"1441","101341","Action_45","Morph_100","KM","Play","Reach","Reach.1","Sonso",-0.7339691750802,0.0408525754884547,0.0801509769094138
"1442","101341","Action_48","Morph_104","KM","Play","Rollover","RollOver.1","Sonso",-0.510825623765991,0.00621669626998224,0.00621669626998224
"1443","100813","Action_63","Morph_136","KM","Play","Touch","Touch.5","Sonso",-0.579818495252942,0.00421847246891652,0.0341918294849023
"1444","101823","Action_8","Morph_19","KM","Play","Dangle","Dangle.1","Sonso",0.418710334858185,0.0484014209591474,0.0484014209591474
"1445","100813","Action_63","Morph_136","KM","Play","Touch","Touch.5","Sonso",-0.579818495252942,0.00421847246891652,0.0341918294849023
"1446","102156","Action_15","Morph_36","KM","Play","Grabhold","GrabHold.2","Sonso",1.16315080980568,0.005550621669627,0.0204262877442274
"1447","101413b","Action_45","Morph_101","KM","Play","Reach","Reach.2","Sonso",-0.27443684570176,0.0370781527531083,0.0801509769094138
"1448","100814","Action_15","Morph_36","KM","Play","Grabhold","GrabHold.2","Sonso",0.27763173659828,0.005550621669627,0.0204262877442274
"1449","101823","Action_60","Morph_127","KM","Play","Swing","Swing.1","Sonso",0.0392207131532813,0.0428507992895204,0.0475133214920071
"1450","102092","Action_42","Morph_89","KM","Position","Push","Push.2","Sonso",-0.653926467406664,0.00355239786856128,0.0466252220248668
"1451","102026","Action_60","Morph_127","KM","Play","Swing","Swing.1","Sonso",0.246860077931526,0.0428507992895204,0.0475133214920071
"1452","101086","Action_41","Morph_84","KM","Play","Pull","Pull.1","Sonso",-0.44628710262842,0.00821492007104796,0.0253108348134991
"1453","102026","Action_41","Morph_86","KM","Play","Pull","Pull.3","Sonso",0.924258901523332,0.00510657193605684,0.0253108348134991
"1454","100813","Action_41","Morph_86","KM","Play","Pull","Pull.3","Sonso",0.307484699747961,0.00510657193605684,0.0253108348134991
"1455","102154","Action_63","Morph_139","KM","Play","Touch","Touch.8","Sonso",-0.22314355131421,0.00577264653641208,0.0341918294849023
"1456","100814","Action_41","Morph_85","KM","Play","Pull","Pull.2","Sonso",-0.27443684570176,0.00643872113676732,0.0253108348134991
"1457","102221","Action_2","Morph_4","KM","Groom","Bigloudscratch","BigLoudScratch.2","Sonso",-0.127833371509885,0.019316163410302,0.0577264653641208
"1458","100735","Action_2","Morph_4","KM","Directattention","Bigloudscratch","BigLoudScratch.2","Sonso",0.246860077931526,0.019316163410302,0.0577264653641208
"1459","102298","Action_2","Morph_4","KM","Groom","Bigloudscratch","BigLoudScratch.2","Sonso",0.518793793415168,0.019316163410302,0.0577264653641208
"1460","100737b","Action_2","Morph_5","KM","Directattention","Bigloudscratch","BigLoudScratch.3","Sonso",-0.083381608939051,0.0119893428063943,0.0577264653641208
"1461","101087","Action_45","Morph_101","KM","Giveme","Reach","Reach.2","Sonso",0.494696241836107,0.0370781527531083,0.0801509769094138
"1462","101087","Action_45","Morph_101","KM","Giveme","Reach","Reach.2","Sonso",0.494696241836107,0.0370781527531083,0.0801509769094138
"1463","102298","Action_38","Morph_76","KM","Groom","Present","Present.2","Sonso",-0.653926467406664,0.0135435168738899,0.0492895204262877
"1464","101087","Action_63","Morph_138","KM","Giveme","Touch","Touch.7","Sonso",1.04380405217311,0.0044404973357016,0.0341918294849023
"1465","100736","Action_38","Morph_76","KM","Groom","Present","Present.2","Sonso",-0.22314355131421,0.0135435168738899,0.0492895204262877
"1466","100710","Action_2","Morph_4","KM","Groom","Bigloudscratch","BigLoudScratch.2","Sonso",0.392042087776024,0.019316163410302,0.0577264653641208
"1467","102221","Action_2","Morph_5","KM","Groom","Bigloudscratch","BigLoudScratch.3","Sonso",0,0.0119893428063943,0.0577264653641208
"1468","101087","Action_45","Morph_101","KM","Giveme","Reach","Reach.2","Sonso",1.00063188030791,0.0370781527531083,0.0801509769094138
"1469","102013","Action_17","Morph_40","KM","Play","Hitobject","HitObject.2","Sonso",-0.653926467406664,0.0119893428063943,0.0559502664298401
"1470","101235","Action_55","Morph_116","KM","Play","Stompingobject","StompObject.2","Sonso",-0.82098055206983,0.0148756660746004,0.0230905861456483
"1471","102160a","Action_17","Morph_39","KM","Play","Hitobject","HitObject.1","Sonso",-0.510825623765991,0.0430728241563055,0.0559502664298401
"1472","101243","Action_34","Morph_65","KM","Playcontinue","Objectshake","ObjectShake.1","Sonso",0.924258901523332,0.0746003552397869,0.108792184724689
"1473","101516","Action_20","Morph_45","KM","Play","Hitother","HitOther.1","Sonso",-0.82098055206983,0.0202042628774423,0.0404085257548845
"1474","101516","Action_57","Morph_115","KM","Play","Stompobject","StompObject.1","Sonso",-0.916290731874155,0.0337477797513321,0.0424067495559503
"1475","101235","Action_17","Morph_39","KM","Play","Hitobject","HitObject.1","Sonso",-0.7339691750802,0.0430728241563055,0.0559502664298401
"1476","101516","Action_8","Morph_19","KM","Play","Dangle","Dangle.1","Sonso",0.65232518603969,0.0484014209591474,0.0484014209591474
"1477","102160a","Action_34","Morph_68","KM","Play","Objectshake","ObjectShake.4","Sonso",-0.127833371509885,0.00288632326820604,0.108792184724689
"1478","101235","Action_33","Morph_61","KM","Play","Objectmove","ObjectMove.1","Sonso",0.113328685307003,0.0317495559502664,0.0406305506216696
"1479","101516","Action_20","Morph_45","KM","Play","Hitother","HitOther.1","Sonso",-0.82098055206983,0.0202042628774423,0.0404085257548845
"1480","102311b","Action_8","Morph_19","KM","Play","Dangle","Dangle.1","Sonso",-0.127833371509885,0.0484014209591474,0.0484014209591474
"1481","101517b","Action_57","Morph_115","KM","Playcontinue","Stompobject","StompObject.1","Sonso",-0.510825623765991,0.0337477797513321,0.0424067495559503
"1482","102311b","Action_33","Morph_61","KM","Play","Objectmove","ObjectMove.1","Sonso",0.336472236621213,0.0317495559502664,0.0406305506216696
"1483","101516","Action_20","Morph_45","KM","Play","Hitother","HitOther.1","Sonso",-1.02165124753198,0.0202042628774423,0.0404085257548845
"1484","101682","Action_57","Morph_115","KM","Play","Stompobject","StompObject.1","Sonso",-0.7339691750802,0.0337477797513321,0.0424067495559503
"1485","102319b","Action_53","Morph_113","KM","Stopbehaviour","Spinsomersault","SpinSomersault.1","Sonso",0.392042087776024,0.00799289520426288,0.00799289520426288
"1486","101517b","Action_57","Morph_115","KM","Playcontinue","Stompobject","StompObject.1","Sonso",-0.22314355131421,0.0337477797513321,0.0424067495559503
"1487","101602","Action_20","Morph_45","KM","Moveaway","Hitother","HitOther.1","Sonso",0,0.0202042628774423,0.0404085257548845
"1488","102396b","Action_60","Morph_127","KM","Stopbehaviour","Swing","Swing.1","Sonso",-0.27443684570176,0.0428507992895204,0.0475133214920071
"1489","101602","Action_60","Morph_127","KM","Moveaway","Swing","Swing.1","Sonso",0.246860077931526,0.0428507992895204,0.0475133214920071
"1490","101602","Action_60","Morph_127","KM","Moveaway","Swing","Swing.1","Sonso",0.27763173659828,0.0428507992895204,0.0475133214920071
"1491","101602","Action_60","Morph_127","KM","Moveaway","Swing","Swing.1","Sonso",0.27763173659828,0.0428507992895204,0.0475133214920071
"1492","102396b","Action_20","Morph_45","KM","Stopbehaviour","Hitother","HitOther.1","Sonso",-0.82098055206983,0.0202042628774423,0.0404085257548845
"1493","101602","Action_17","Morph_39","KM","Moveaway","Hitobject","HitObject.1","Sonso",0.148420005118273,0.0430728241563055,0.0559502664298401
"1494","101602","Action_57","Morph_115","KM","Moveaway","Stompobject","StompObject.1","Sonso",-0.328504066972036,0.0337477797513321,0.0424067495559503
"1495","101687","Action_34","Morph_67","KM","Play","Objectshake","ObjectShake.3","Sonso",0.518793793415168,0.0022202486678508,0.108792184724689
"1496","101602","Action_20","Morph_45","KM","Moveaway","Hitother","HitOther.1","Sonso",-0.82098055206983,0.0202042628774423,0.0404085257548845
"1497","101214a","Action_17","Morph_39","KM","Playcontinue","Hitobject","HitObject.1","Sonso",-0.174353387144778,0.0430728241563055,0.0559502664298401
"1498","101214a","Action_17","Morph_39","KM","Playcontinue","Hitobject","HitObject.1","Sonso",0,0.0430728241563055,0.0559502664298401
"1499","101214a","Action_17","Morph_39","KM","Playcontinue","Hitobject","HitObject.1","Sonso",-0.174353387144778,0.0430728241563055,0.0559502664298401
"1500","102014","Action_13","Morph_27","KM","Moveaway","Fling","Fling.1","Sonso",0.0392207131532813,0.00688277087033748,0.0117673179396092
"1501","100714p1","Action_2","Morph_5","KM","Groom","Bigloudscratch","BigLoudScratch.3","Sonso",0.215111379616945,0.0119893428063943,0.0577264653641208
"1502","100714p2","Action_2","Morph_4","KM","Groom","Bigloudscratch","BigLoudScratch.2","Sonso",0.215111379616945,0.019316163410302,0.0577264653641208
"1503","100714p1","Action_38","Morph_75","KM","Groom","Present","Present.1","Sonso",0.955511445027436,0.0170959147424512,0.0492895204262877
"1504","101723","Action_9","Morph_20","KM","Play","Dangleshake","DangleShake.1","Sonso",0.841567185678219,0.00710479573712256,0.00710479573712256
"1505","101450","Action_33","Morph_61","KM","Play","Objectmove","ObjectMove.1","Sonso",-0.22314355131421,0.0317495559502664,0.0406305506216696
"1506","101450","Action_8","Morph_19","KM","Play","Dangle","Dangle.1","Sonso",-0.083381608939051,0.0484014209591474,0.0484014209591474
"1507","101992b","Action_45","Morph_101","KM","Play","Reach","Reach.2","Sonso",0.307484699747961,0.0370781527531083,0.0801509769094138
"1508","101993b","Action_15","Morph_35","KM","Play","Grabhold","GrabHold.1","Sonso",1.24703229378638,0.00932504440497336,0.0204262877442274
"1509","101451a","Action_8","Morph_19","KM","Play","Dangle","Dangle.1","Sonso",0.924258901523332,0.0484014209591474,0.0484014209591474
"1510","101450","Action_33","Morph_61","KM","Play","Objectmove","ObjectMove.1","Sonso",-0.174353387144778,0.0317495559502664,0.0406305506216696
"1511","100682","Action_9","Morph_20","KM","Play","Dangleshake","DangleShake.1","Sonso",1.21194097397511,0.00710479573712256,0.00710479573712256
"1512","101990","Action_33","Morph_61","KM","Play","Objectmove","ObjectMove.1","Sonso",0.858661619037519,0.0317495559502664,0.0406305506216696
"1513","101450","Action_60","Morph_127","KM","Play","Swing","Swing.1","Sonso",0.494696241836107,0.0428507992895204,0.0475133214920071
"1514","100524","Action_55","Morph_117","KM","Play","Stompingobject","StompObject.3","Sonso",0.336472236621213,0.00688277087033748,0.0230905861456483
"1515","101175","Action_34","Morph_66","KM","Play","Objectshake","ObjectShake.2","Sonso",0.642905964123199,0.0237566607460036,0.108792184724689
"1516","101993b","Action_53","Morph_113","KM","Play","Spinsomersault","SpinSomersault.1","Sonso",0.824175442966349,0.00799289520426288,0.00799289520426288
"1517","101451a","Action_34","Morph_66","KM","Play","Objectshake","ObjectShake.2","Sonso",1.24703229378638,0.0237566607460036,0.108792184724689
"1518","101175","Action_34","Morph_65","KM","Play","Objectshake","ObjectShake.1","Sonso",0.890357349847651,0.0746003552397869,0.108792184724689
"1519","101175","Action_60","Morph_127","KM","Play","Swing","Swing.1","Sonso",0.0334347760862374,0.0428507992895204,0.0475133214920071
"1520","101451a","Action_34","Morph_66","KM","Play","Objectshake","ObjectShake.2","Sonso",0.985816794522765,0.0237566607460036,0.108792184724689
"1521","101989","Action_33","Morph_61","KM","Play","Objectmove","ObjectMove.1","Sonso",0.364643113587909,0.0317495559502664,0.0406305506216696
"1522","101175","Action_8","Morph_19","KM","Play","Dangle","Dangle.1","Sonso",0.0962188577405429,0.0484014209591474,0.0484014209591474
"1523","100524","Action_14","Morph_34","KM","Play","Grab","Grab.6","Sonso",-0.127833371509885,0.00355239786856128,0.0353019538188277
"1524","102002","Action_14","Morph_34","KM","Play","Grab","Grab.6","Sonso",1.22377543162212,0.00355239786856128,0.0353019538188277
"1525","101993b","Action_14","Morph_30","KM","Play","Grab","Grab.2","Sonso",-0.385662480811985,0.00799289520426288,0.0353019538188277
"1526","101996","Action_52","Morph_112","KM","Stopbehaviour","Spinroulade","SpinRoulade.1","Sonso",0.65232518603969,0.00488454706927176,0.00488454706927176
"1527","101988","Action_45","Morph_100","KM","Playcontinue","Reach","Reach.1","Sonso",-0.579818495252942,0.0408525754884547,0.0801509769094138
"1528","101451a","Action_34","Morph_66","KM","Play","Objectshake","ObjectShake.2","Sonso",0.955511445027436,0.0237566607460036,0.108792184724689
"1529","100427b","Action_20","Morph_45","KM","Play","Hitother","HitOther.1","Sonso",-0.27443684570176,0.0202042628774423,0.0404085257548845
"1530","101175","Action_17","Morph_39","KM","Play","Hitobject","HitObject.1","Sonso",-0.265268477614881,0.0430728241563055,0.0559502664298401
"1531","101451a","Action_34","Morph_66","KM","Play","Objectshake","ObjectShake.2","Sonso",0.470003629245736,0.0237566607460036,0.108792184724689
"1532","101450","Action_34","Morph_65","KM","Play","Objectshake","ObjectShake.1","Sonso",0.470003629245736,0.0746003552397869,0.108792184724689
"1533","102004","Action_17","Morph_41","KM","Play","Hitobject","HitObject.3","Sonso",0.182321556793955,0.00510657193605684,0.0559502664298401
"1534","101175","Action_17","Morph_41","KM","Play","Hitobject","HitObject.3","Sonso",-1.45671682541644,0.00510657193605684,0.0559502664298401
"1535","101451a","Action_34","Morph_66","KM","Play","Objectshake","ObjectShake.2","Sonso",0.336472236621213,0.0237566607460036,0.108792184724689
"1536","101209","Action_57","Morph_115","KM","Play","Stompobject","StompObject.1","Sonso",-0.579818495252942,0.0337477797513321,0.0424067495559503
"1537","101211","Action_55","Morph_116","KM","Play","Stompingobject","StompObject.2","Sonso",-0.82098055206983,0.0148756660746004,0.0230905861456483
"1538","101209","Action_55","Morph_116","KM","Play","Stompingobject","StompObject.2","Sonso",0.246860077931526,0.0148756660746004,0.0230905861456483
"1539","101651","Action_17","Morph_40","KM","Play","Hitobject","HitObject.2","Sonso",-0.22314355131421,0.0119893428063943,0.0559502664298401
"1540","101211","Action_21","Morph_42","KM","Play","Hittingobject","HitObject.4","Sonso",-0.7339691750802,0.00599467140319716,0.00799289520426288
"1541","101211","Action_17","Morph_39","KM","Play","Hitobject","HitObject.1","Sonso",-1.02165124753198,0.0430728241563055,0.0559502664298401
"1542","100476","Action_55","Morph_NA","KM","Moveaway","Stompingobject",NA,"Sonso",0.0392207131532813,0.0159857904085258,0.0230905861456483
"1543","101211","Action_57","Morph_118","KM","Play","Stompobject","StompObject.4","Sonso",-0.44628710262842,0.005550621669627,0.0424067495559503
"1544","100476","Action_55","Morph_117","KM","Moveaway","Stompingobject","StompObject.3","Sonso",0.0392207131532813,0.00688277087033748,0.0230905861456483
"1545","101651","Action_18","Morph_40","KM","Play","Hitobjectobject","HitObject.2","Sonso",-0.328504066972036,0.0119893428063943,0.00466252220248668
"1546","100476","Action_55","Morph_117","KM","Moveaway","Stompingobject","StompObject.3","Sonso",-0.385662480811985,0.00688277087033748,0.0230905861456483
"1547","100476","Action_55","Morph_117","KM","Moveaway","Stompingobject","StompObject.3","Sonso",-0.22314355131421,0.00688277087033748,0.0230905861456483
"1548","101651","Action_33","Morph_62","KM","Play","Objectmove","ObjectMove.2","Sonso",-1.02165124753198,0.00643872113676732,0.0406305506216696
"1549","101209","Action_21","Morph_42","KM","Play","Hittingobject","HitObject.4","Sonso",-0.82098055206983,0.00599467140319716,0.00799289520426288
"1550","100201","Action_64","Morph_140","KM","Giveme","Touchlongother","Touch.9","Sonso",1.35583515363518,0.00399644760213144,0.0175399644760213
"1551","101212","Action_57","Morph_115","KM","Play","Stompobject","StompObject.1","Sonso",-1.02165124753198,0.0337477797513321,0.0424067495559503
"1552","101212","Action_34","Morph_68","KM","Play","Objectshake","ObjectShake.4","Sonso",-0.653926467406664,0.00288632326820604,0.108792184724689
"1553","101212","Action_60","Morph_127","KM","Play","Swing","Swing.1","Sonso",0.113328685307003,0.0428507992895204,0.0475133214920071
"1554","100822","Action_33","Morph_62","KM","Play","Objectmove","ObjectMove.2","Sonso",0.307484699747961,0.00643872113676732,0.0406305506216696
"1555","100823b","Action_52","Morph_112","KM","Play","Spinroulade","SpinRoulade.1","Sonso",0.806475865866949,0.00488454706927176,0.00488454706927176
"1556","101212","Action_60","Morph_127","KM","Play","Swing","Swing.1","Sonso",-0.328504066972036,0.0428507992895204,0.0475133214920071
"1557","101215","Action_18","Morph_40","KM","Play","Hitobjectobject","HitObject.2","Sonso",-0.127833371509885,0.0119893428063943,0.00466252220248668
"1558","101212","Action_17","Morph_39","KM","Play","Hitobject","HitObject.1","Sonso",-0.7339691750802,0.0430728241563055,0.0559502664298401
"1559","101212","Action_33","Morph_61","KM","Play","Objectmove","ObjectMove.1","Sonso",-0.27443684570176,0.0317495559502664,0.0406305506216696
"1560","101212","Action_57","Morph_115","KM","Play","Stompobject","StompObject.1","Sonso",-0.653926467406664,0.0337477797513321,0.0424067495559503
"1561","101212","Action_57","Morph_115","KM","Play","Stompobject","StompObject.1","Sonso",-0.916290731874155,0.0337477797513321,0.0424067495559503
"1562","101212","Action_60","Morph_129","KM","Play","Swing","Swing.3","Sonso",-0.174353387144778,0.0011101243339254,0.0475133214920071
"1563","101212","Action_55","Morph_116","KM","Play","Stompingobject","StompObject.2","Sonso",-0.7339691750802,0.0148756660746004,0.0230905861456483
"1564","101212","Action_55","Morph_116","KM","Play","Stompingobject","StompObject.2","Sonso",0.215111379616945,0.0148756660746004,0.0230905861456483
"1565","101212","Action_17","Morph_39","KM","Play","Hitobject","HitObject.1","Sonso",-0.916290731874155,0.0430728241563055,0.0559502664298401
"1566","101212","Action_50","Morph_110","KM","Play","Shake","Shake.4","Sonso",-0.22314355131421,0.00399644760213144,0.0122113676731794
"1567","101212","Action_57","Morph_115","KM","Play","Stompobject","StompObject.1","Sonso",-0.579818495252942,0.0337477797513321,0.0424067495559503
"1568","101212","Action_60","Morph_129","KM","Play","Swing","Swing.3","Sonso",0.806475865866949,0.0011101243339254,0.0475133214920071
"1569","101212","Action_16","Morph_38","KM","Play","Headstand","HeadStand.1","Sonso",-0.174353387144778,0.0066607460035524,0.0066607460035524
"1570","101212","Action_33","Morph_61","KM","Play","Objectmove","ObjectMove.1","Sonso",-0.22314355131421,0.0317495559502664,0.0406305506216696
"1571","101212","Action_17","Morph_39","KM","Play","Hitobject","HitObject.1","Sonso",-0.579818495252942,0.0430728241563055,0.0559502664298401
"1572","101212","Action_50","Morph_110","KM","Play","Shake","Shake.4","Sonso",-0.0408219945202552,0.00399644760213144,0.0122113676731794
"1573","101212","Action_16","Morph_38","KM","Play","Headstand","HeadStand.1","Sonso",-0.0408219945202552,0.0066607460035524,0.0066607460035524
"1574","101212","Action_50","Morph_110","KM","Play","Shake","Shake.4","Sonso",0.148420005118273,0.00399644760213144,0.0122113676731794
"1575","101215","Action_55","Morph_116","KM","Play","Stompingobject","StompObject.2","Sonso",-0.328504066972036,0.0148756660746004,0.0230905861456483
"1576","100828","Action_52","Morph_112","KM","Stopbehaviour","Spinroulade","SpinRoulade.1","Sonso",1.00063188030791,0.00488454706927176,0.00488454706927176
"1577","100822","Action_53","Morph_113","KM","Play","Spinsomersault","SpinSomersault.1","Sonso",0.824175442966349,0.00799289520426288,0.00799289520426288
"1578","101212","Action_60","Morph_127","KM","Play","Swing","Swing.1","Sonso",0.0769610411361284,0.0428507992895204,0.0475133214920071
"1579","101212","Action_17","Morph_42","KM","Play","Hitobject","HitObject.4","Sonso",-0.82098055206983,0.00599467140319716,0.0559502664298401
"1580","101212","Action_60","Morph_129","KM","Play","Swing","Swing.3","Sonso",-0.27443684570176,0.0011101243339254,0.0475133214920071
"1581","101212","Action_57","Morph_115","KM","Play","Stompobject","StompObject.1","Sonso",-0.44628710262842,0.0337477797513321,0.0424067495559503
"1582","100822","Action_57","Morph_119","KM","Play","Stompobject","StompObject.5","Sonso",-0.328504066972036,0.00155417406749556,0.0424067495559503
"1583","101212","Action_50","Morph_110","KM","Play","Shake","Shake.4","Sonso",-0.174353387144778,0.00399644760213144,0.0122113676731794
"1584","101212","Action_60","Morph_127","KM","Play","Swing","Swing.1","Sonso",-0.44628710262842,0.0428507992895204,0.0475133214920071
"1585","101212","Action_57","Morph_115","KM","Play","Stompobject","StompObject.1","Sonso",-0.7339691750802,0.0337477797513321,0.0424067495559503
"1586","101212","Action_50","Morph_110","KM","Play","Shake","Shake.4","Sonso",0.113328685307003,0.00399644760213144,0.0122113676731794
"1587","100822","Action_18","Morph_39","KM","Play","Hitobjectobject","HitObject.1","Sonso",0.113328685307003,0.0430728241563055,0.00466252220248668
"1588","101212","Action_16","Morph_38","KM","Play","Headstand","HeadStand.1","Sonso",0.215111379616945,0.0066607460035524,0.0066607460035524
"1589","101212","Action_6","Morph_18","KM","Play","Bow","Bow.1","Sonso",-0.0408219945202552,0.00177619893428064,0.00177619893428064
"1590","101215","Action_18","Morph_40","KM","Play","Hitobjectobject","HitObject.2","Sonso",-0.0408219945202552,0.0119893428063943,0.00466252220248668
"1591","101212","Action_57","Morph_115","KM","Play","Stompobject","StompObject.1","Sonso",-1.27296567581289,0.0337477797513321,0.0424067495559503
"1592","100820","Action_41","Morph_84","KM","Play","Pull","Pull.1","Sonso",0.418710334858185,0.00821492007104796,0.0253108348134991
"1593","101212","Action_17","Morph_42","KM","Play","Hitobject","HitObject.4","Sonso",-0.579818495252942,0.00599467140319716,0.0559502664298401
"1594","100822","Action_17","Morph_40","KM","Play","Hitobject","HitObject.2","Sonso",0,0.0119893428063943,0.0559502664298401
"1595","101215","Action_60","Morph_127","KM","Play","Swing","Swing.1","Sonso",0.215111379616945,0.0428507992895204,0.0475133214920071
"1596","101212","Action_60","Morph_127","KM","Play","Swing","Swing.1","Sonso",0.0769610411361284,0.0428507992895204,0.0475133214920071
"1597","101215","Action_57","Morph_115","KM","Play","Stompobject","StompObject.1","Sonso",-0.916290731874155,0.0337477797513321,0.0424067495559503
"1598","101212","Action_16","Morph_38","KM","Play","Headstand","HeadStand.1","Sonso",1.39624469197306,0.0066607460035524,0.0066607460035524
"1599","101212","Action_50","Morph_110","KM","Play","Shake","Shake.4","Sonso",0.215111379616945,0.00399644760213144,0.0122113676731794
"1600","101212","Action_50","Morph_110","KM","Play","Shake","Shake.4","Sonso",-0.328504066972036,0.00399644760213144,0.0122113676731794
"1601","101215","Action_17","Morph_39","KM","Play","Hitobject","HitObject.1","Sonso",-0.27443684570176,0.0430728241563055,0.0559502664298401
"1602","101212","Action_50","Morph_110","KM","Play","Shake","Shake.4","Sonso",0.418710334858185,0.00399644760213144,0.0122113676731794
"1603","101212","Action_60","Morph_127","KM","Play","Swing","Swing.1","Sonso",0.148420005118273,0.0428507992895204,0.0475133214920071
"1604","101212","Action_50","Morph_107","KM","Play","Shake","Shake.1","Sonso",-0.0408219945202552,0.00355239786856128,0.0122113676731794
"1605","102172","Action_17","Morph_39","KM","Moveaway","Hitobject","HitObject.1","Sonso",-0.653926467406664,0.0430728241563055,0.0559502664298401
"1606","101991","Action_53","Morph_113","KM","Stopbehaviour","Spinsomersault","SpinSomersault.1","Sonso",1.02961941718116,0.00799289520426288,0.00799289520426288
"1607","102172","Action_34","Morph_65","KM","Moveaway","Objectshake","ObjectShake.1","Sonso",0.364643113587909,0.0746003552397869,0.108792184724689
"1608","102172","Action_34","Morph_65","KM","Moveaway","Objectshake","ObjectShake.1","Sonso",0,0.0746003552397869,0.108792184724689
"1609","101669a","Action_8","Morph_19","KM","Play","Dangle","Dangle.1","Sonso",0.751416088683921,0.0484014209591474,0.0484014209591474
"1610","102172","Action_34","Morph_65","KM","Moveaway","Objectshake","ObjectShake.1","Sonso",0.307484699747961,0.0746003552397869,0.108792184724689
"1611","101886","Action_29","Morph_58","KM","Play","Locomotegallop","LocomoteGallop.1","Sonso",-0.127833371509885,0.00821492007104796,0.00821492007104796
"1612","101886","Action_17","Morph_39","KM","Play","Hitobject","HitObject.1","Sonso",-0.510825623765991,0.0430728241563055,0.0559502664298401
"1613","101966b","Action_17","Morph_39","KM","Playcontinue","Hitobject","HitObject.1","Sonso",-0.82098055206983,0.0430728241563055,0.0559502664298401
"1614","101966b","Action_57","Morph_115","KM","Playcontinue","Stompobject","StompObject.1","Sonso",-0.510825623765991,0.0337477797513321,0.0424067495559503
"1615","102395","Action_45","Morph_101","KM","Giveme","Reach","Reach.2","Sonso",1.15057202759882,0.0370781527531083,0.0801509769094138
"1616","102397","Action_45","Morph_101","KM","Giveme","Reach","Reach.2","Sonso",0.215111379616945,0.0370781527531083,0.0801509769094138
"1617","102397","Action_45","Morph_101","KM","Giveme","Reach","Reach.2","Sonso",-2.12026353620009,0.0370781527531083,0.0801509769094138
"1618","102397","Action_45","Morph_101","KM","Giveme","Reach","Reach.2","Sonso",0.246860077931526,0.0370781527531083,0.0801509769094138
"1619","101953b","Action_20","Morph_45","KM","Play","Hitother","HitOther.1","Sonso",-0.44628710262842,0.0202042628774423,0.0404085257548845
"1620","101953b","Action_24","Morph_51","KM","Play","Jump","Jump.1","Sonso",0.246860077931526,0.00732682060390764,0.00732682060390764
"1621","101950a","Action_60","Morph_127","KM","Play","Swing","Swing.1","Sonso",-0.127833371509885,0.0428507992895204,0.0475133214920071
"1622","101334","Action_25","Morph_52","KM","Playcontinue","Kickpunch","KickPunch.1","Sonso",-0.44628710262842,0.0022202486678508,0.0022202486678508
"1623","101334","Action_20","Morph_46","KM","Playcontinue","Hitother","HitOther.2","Sonso",-0.44628710262842,0.00932504440497336,0.0404085257548845
"1624","101950a","Action_8","Morph_19","KM","Play","Dangle","Dangle.1","Sonso",-0.44628710262842,0.0484014209591474,0.0484014209591474
"1625","101915","Action_29","Morph_58","KM","Play","Locomotegallop","LocomoteGallop.1","Sonso",0,0.00821492007104796,0.00821492007104796
"1626","101353","Action_48","Morph_104","KM","Play","Rollover","RollOver.1","Sonso",0.0769610411361284,0.00621669626998224,0.00621669626998224
"1627","101355","Action_41","Morph_86","KM","Play","Pull","Pull.3","Sonso",-0.27443684570176,0.00510657193605684,0.0253108348134991
"1628","101819","Action_8","Morph_19","KM","Play","Dangle","Dangle.1","Sonso",-0.653926467406664,0.0484014209591474,0.0484014209591474
"1629","101950a","Action_60","Morph_127","KM","Play","Swing","Swing.1","Sonso",-0.127833371509885,0.0428507992895204,0.0475133214920071
"1630","101334","Action_25","Morph_52","KM","Playcontinue","Kickpunch","KickPunch.1","Sonso",-0.82098055206983,0.0022202486678508,0.0022202486678508
"1631","101352b","Action_63","Morph_135","KM","Stopbehaviour","Touch","Touch.4","Sonso",-0.579818495252942,0.00488454706927176,0.0341918294849023
"1632","101950a","Action_34","Morph_65","KM","Play","Objectshake","ObjectShake.1","Sonso",0.215111379616945,0.0746003552397869,0.108792184724689
"1633","101334","Action_20","Morph_46","KM","Playcontinue","Hitother","HitOther.2","Sonso",-1.13943428318836,0.00932504440497336,0.0404085257548845
"1634","101501b","Action_48","Morph_104","KM","Play","Rollover","RollOver.1","Sonso",0.587786664902119,0.00621669626998224,0.00621669626998224
"1635","100829","Action_38","Morph_79","KM","Directattention","Present","Present.5","Sonso",0.841567185678219,0.00688277087033748,0.0492895204262877
"1636","100116b","Action_63","Morph_135","KM","Affiliation","Touch","Touch.4","Sonso",0,0.00488454706927176,0.0341918294849023
"1637","102117","Action_33","Morph_61","KN","Play","Objectmove","ObjectMove.1","Sonso",-0.083381608939051,0.0317495559502664,0.0406305506216696
"1638","102066","Action_23","Morph_47","KN","Play","Hittingother","HitOther.3","Sonso",-0.579818495252942,0.00843694493783304,0.0157637655417407
"1639","102117","Action_34","Morph_68","KN","Play","Objectshake","ObjectShake.4","Sonso",0.246860077931526,0.00288632326820604,0.108792184724689
"1640","102121","Action_23","Morph_47","KN","Play","Hittingother","HitOther.3","Sonso",0.336472236621213,0.00843694493783304,0.0157637655417407
"1641","102066","Action_23","Morph_47","KN","Play","Hittingother","HitOther.3","Sonso",-0.127833371509885,0.00843694493783304,0.0157637655417407
"1642","102120","Action_63","Morph_132","KN","Play","Touch","Touch.1","Sonso",-0.82098055206983,0.0104351687388988,0.0341918294849023
"1643","102065","Action_42","Morph_91","KN","Position","Push","Push.4","Sonso",0.587786664902119,0.00932504440497336,0.0466252220248668
"1644","101390","Action_38","Morph_75","KN","Groom","Present","Present.1","Sonso",0.113328685307003,0.0170959147424512,0.0492895204262877
"1645","101388","Action_38","Morph_76","KN","Groom","Present","Present.2","Sonso",-0.0408219945202552,0.0135435168738899,0.0492895204262877
"1646","101389","Action_2","Morph_7","KN","Groom","Bigloudscratch","BigLoudScratch.5","Sonso",0.0769610411361284,0.00066607460035524,0.0577264653641208
"1647","101392","Action_2","Morph_3","KN","Directattention","Bigloudscratch","BigLoudScratch.1","Sonso",0.418710334858185,0.0215364120781528,0.0577264653641208
"1648","101391","Action_38","Morph_76","KN","Directattention","Present","Present.2","Sonso",-0.0408219945202552,0.0135435168738899,0.0492895204262877
"1649","101066a","Action_20","Morph_45","KN","Play","Hitother","HitOther.1","Sonso",-0.0408219945202552,0.0202042628774423,0.0404085257548845
"1650","101269","Action_38","Morph_76","KN","Groom","Present","Present.2","Sonso",1.15057202759882,0.0135435168738899,0.0492895204262877
"1651","102415","Action_38","Morph_75","KN","Groom","Present","Present.1","Sonso",0.89199803930511,0.0170959147424512,0.0492895204262877
"1652","101403","Action_45","Morph_100","KN","Giveme","Reach","Reach.1","Sonso",0.940007258491471,0.0408525754884547,0.0801509769094138
"1653","101405","Action_45","Morph_101","KN","Giveme","Reach","Reach.2","Sonso",0.246860077931526,0.0370781527531083,0.0801509769094138
"1654","102403","Action_2","Morph_3","KN","Travel","Bigloudscratch","BigLoudScratch.1","Sonso",0.444685821261446,0.0215364120781528,0.0577264653641208
"1655","102346p1","Action_57","Morph_115","KN","Play","Stompobject","StompObject.1","Sonso",-0.653926467406664,0.0337477797513321,0.0424067495559503
"1656","102346p3","Action_34","Morph_65","KN","Play","Objectshake","ObjectShake.1","Sonso",-0.174353387144778,0.0746003552397869,0.108792184724689
"1657","102346p3","Action_33","Morph_61","KN","Play","Objectmove","ObjectMove.1","Sonso",-0.385662480811985,0.0317495559502664,0.0406305506216696
"1658","102346p3","Action_34","Morph_68","KN","Play","Objectshake","ObjectShake.4","Sonso",-1.02165124753198,0.00288632326820604,0.108792184724689
"1659","102346p1","Action_34","Morph_65","KN","Play","Objectshake","ObjectShake.1","Sonso",0.215111379616945,0.0746003552397869,0.108792184724689
"1660","102346p1","Action_34","Morph_66","KN","Play","Objectshake","ObjectShake.2","Sonso",0.806475865866949,0.0237566607460036,0.108792184724689
"1661","102346p3","Action_17","Morph_39","KN","Play","Hitobject","HitObject.1","Sonso",-1.13943428318836,0.0430728241563055,0.0559502664298401
"1662","102346p2","Action_34","Morph_65","KN","Play","Objectshake","ObjectShake.1","Sonso",0.215111379616945,0.0746003552397869,0.108792184724689
"1663","102346p3","Action_17","Morph_39","KN","Play","Hitobject","HitObject.1","Sonso",-0.174353387144778,0.0430728241563055,0.0559502664298401
"1664","102346p3","Action_17","Morph_39","KN","Play","Hitobject","HitObject.1","Sonso",-0.174353387144778,0.0430728241563055,0.0559502664298401
"1665","100544","Action_60","Morph_127","KN","Play","Swing","Swing.1","Sonso",0.444685821261446,0.0428507992895204,0.0475133214920071
"1666","100544","Action_9","Morph_20","KN","Play","Dangleshake","DangleShake.1","Sonso",0.970778917158225,0.00710479573712256,0.00710479573712256
"1667","100544","Action_20","Morph_45","KN","Play","Hitother","HitOther.1","Sonso",-0.174353387144778,0.0202042628774423,0.0404085257548845
"1668","100544","Action_9","Morph_20","KN","Play","Dangleshake","DangleShake.1","Sonso",1.01523067972906,0.00710479573712256,0.00710479573712256
"1669","100544","Action_60","Morph_127","KN","Play","Swing","Swing.1","Sonso",0.215111379616945,0.0428507992895204,0.0475133214920071
"1670","100011","Action_39","Morph_82","KN","Sexualattention","Presentgenitalsbackwards","PresentGenitals.1","Sonso",-0.44628710262842,0.0295293072824156,0.033303730017762
"1671","101115","Action_63","Morph_133","KN","Affiliation","Touch","Touch.2","Sonso",-0.510825623765991,0.00754884547069272,0.0341918294849023
"1672","102125","Action_20","Morph_45","KN","Stopbehaviour","Hitother","HitOther.1","Sonso",-0.653926467406664,0.0202042628774423,0.0404085257548845
"1673","102108","Action_13","Morph_28","KN","Moveaway","Fling","Fling.2","Sonso",-0.385662480811985,0.00488454706927176,0.0117673179396092
"1674","101240","Action_8","Morph_19","KR","Play","Dangle","Dangle.1","Sonso",-0.371063681390832,0.0484014209591474,0.0484014209591474
"1675","101240","Action_20","Morph_45","KR","Play","Hitother","HitOther.1","Sonso",-0.653926467406664,0.0202042628774423,0.0404085257548845
"1676","100898b","Action_9","Morph_20","KR","Play","Dangleshake","DangleShake.1","Sonso",0.113328685307003,0.00710479573712256,0.00710479573712256
"1677","100786","Action_33","Morph_61","KR","Play","Objectmove","ObjectMove.1","Sonso",-0.385662480811985,0.0317495559502664,0.0406305506216696
"1678","101394","Action_65","Morph_NA","KR","Play","Wave",NA,"Sonso",0.518793793415168,0.0159857904085258,0.00066607460035524
"1679","100080","Action_39","Morph_82","KR","Sexualattention","Presentgenitalsbackwards","PresentGenitals.1","Sonso",0.182321556793955,0.0295293072824156,0.033303730017762
"1680","100968","Action_51","Morph_111","KR","Play","Spinpirouette","SpinPirouette.1","Sonso",0.693147180559945,0.00133214920071048,0.00133214920071048
"1681","101317b","Action_6","Morph_18","KR","Play","Bow","Bow.1","Sonso",0.712949807856125,0.00177619893428064,0.00177619893428064
"1682","101631","Action_41","Morph_86","KR","Play","Pull","Pull.3","Sonso",0.672944473242426,0.00510657193605684,0.0253108348134991
"1683","101387b","Action_57","Morph_115","KR","Play","Stompobject","StompObject.1","Sonso",-0.82098055206983,0.0337477797513321,0.0424067495559503
"1684","101557b","Action_14","Morph_30","KR","Stopbehaviour","Grab","Grab.2","Sonso",-0.916290731874155,0.00799289520426288,0.0353019538188277
"1685","101339b","Action_63","Morph_140","KR","Stopbehaviour","Touch","Touch.9","Sonso",0.418710334858185,0.00399644760213144,0.0341918294849023
"1686","101319","Action_15","Morph_37","KR","Play","Grabhold","GrabHold.3","Sonso",1.56861591791385,0.00532859680284192,0.0204262877442274
"1687","101154b","Action_42","Morph_91","KR","Stopbehaviour","Push","Push.4","Sonso",-1.42711635564015,0.00932504440497336,0.0466252220248668
"1688","101629","Action_52","Morph_112","KR","Play","Spinroulade","SpinRoulade.1","Sonso",0.970778917158225,0.00488454706927176,0.00488454706927176
"1689","101318","Action_16","Morph_38","KR","Playcontinue","Headstand","HeadStand.1","Sonso",0.148420005118273,0.0066607460035524,0.0066607460035524
"1690","101626","Action_48","Morph_104","KR","Play","Rollover","RollOver.1","Sonso",1.12492959698548,0.00621669626998224,0.00621669626998224
"1691","101319","Action_14","Morph_30","KR","Play","Grab","Grab.2","Sonso",0.336472236621213,0.00799289520426288,0.0353019538188277
"1692","101064","Action_45","Morph_100","KR","Moveclose","Reach","Reach.1","Sonso",0.27763173659828,0.0408525754884547,0.0801509769094138
"1693","101154b","Action_42","Morph_90","KR","Stopbehaviour","Push","Push.3","Sonso",-1.42711635564015,0.00510657193605684,0.0466252220248668
"1694","102169","Action_45","Morph_100","KR","Play","Reach","Reach.1","Sonso",0.470003629245736,0.0408525754884547,0.0801509769094138
"1695","101154b","Action_42","Morph_93","KR","Stopbehaviour","Push","Push.6","Sonso",-0.82098055206983,0.0066607460035524,0.0466252220248668
"1696","101329","Action_45","Morph_100","KR","Play","Reach","Reach.1","Sonso",-0.22314355131421,0.0408525754884547,0.0801509769094138
"1697","101387b","Action_50","Morph_108","KR","Play","Shake","Shake.2","Sonso",-0.385662480811985,0.00466252220248668,0.0122113676731794
"1698","101025","Action_60","Morph_127","KR","Play","Swing","Swing.1","Sonso",0.364643113587909,0.0428507992895204,0.0475133214920071
"1699","101625","Action_48","Morph_104","KR","Play","Rollover","RollOver.1","Sonso",0.78845736036427,0.00621669626998224,0.00621669626998224
"1700","101154b","Action_42","Morph_91","KR","Stopbehaviour","Push","Push.4","Sonso",-1.83258146374831,0.00932504440497336,0.0466252220248668
"1701","101631","Action_48","Morph_104","KR","Play","Rollover","RollOver.1","Sonso",-0.22314355131421,0.00621669626998224,0.00621669626998224
"1702","101318","Action_48","Morph_104","KR","Playcontinue","Rollover","RollOver.1","Sonso",-0.127833371509885,0.00621669626998224,0.00621669626998224
"1703","101830","Action_45","Morph_101","KR","Play","Reach","Reach.2","Sonso",0,0.0370781527531083,0.0801509769094138
"1704","102162","Action_57","Morph_115","KR","Play","Stompobject","StompObject.1","Sonso",-0.385662480811985,0.0337477797513321,0.0424067495559503
"1705","102311a","Action_33","Morph_62","KR","Play","Objectmove","ObjectMove.2","Sonso",0.215111379616945,0.00643872113676732,0.0406305506216696
"1706","100800","Action_17","Morph_39","KR","Play","Hitobject","HitObject.1","Sonso",-0.653926467406664,0.0430728241563055,0.0559502664298401
"1707","101236","Action_57","Morph_115","KR","Play","Stompobject","StompObject.1","Sonso",-0.579818495252942,0.0337477797513321,0.0424067495559503
"1708","102312","Action_8","Morph_19","KR","Play","Dangle","Dangle.1","Sonso",-0.510825623765991,0.0484014209591474,0.0484014209591474
"1709","100798","Action_17","Morph_41","KR","Play","Hitobject","HitObject.3","Sonso",-0.127833371509885,0.00510657193605684,0.0559502664298401
"1710","101517a","Action_60","Morph_127","KR","Playcontinue","Swing","Swing.1","Sonso",-0.0408219945202552,0.0428507992895204,0.0475133214920071
"1711","100798","Action_8","Morph_19","KR","Play","Dangle","Dangle.1","Sonso",-0.579818495252942,0.0484014209591474,0.0484014209591474
"1712","101242","Action_55","Morph_116","KR","Stopbehaviour","Stompingobject","StompObject.2","Sonso",-0.22314355131421,0.0148756660746004,0.0230905861456483
"1713","101517a","Action_60","Morph_127","KR","Playcontinue","Swing","Swing.1","Sonso",0.336472236621213,0.0428507992895204,0.0475133214920071
"1714","102319a","Action_29","Morph_58","KR","Play","Locomotegallop","LocomoteGallop.1","Sonso",-0.328504066972036,0.00821492007104796,0.00821492007104796
"1715","102159","Action_23","Morph_48","KR","Play","Hittingother","HitOther.4","Sonso",0,0.00732682060390764,0.0157637655417407
"1716","100798","Action_17","Morph_41","KR","Play","Hitobject","HitObject.3","Sonso",-0.0408219945202552,0.00510657193605684,0.0559502664298401
"1717","100798","Action_45","Morph_101","KR","Play","Reach","Reach.2","Sonso",-0.7339691750802,0.0370781527531083,0.0801509769094138
"1718","100683","Action_34","Morph_65","KR","Play","Objectshake","ObjectShake.1","Sonso",0.518793793415168,0.0746003552397869,0.108792184724689
"1719","100451","Action_17","Morph_40","KR","Play","Hitobject","HitObject.2","Sonso",-0.7339691750802,0.0119893428063943,0.0559502664298401
"1720","102312","Action_56","Morph_123","KR","Play","Stompingother","StompOther.2","Sonso",-0.328504066972036,0.00244227353463588,0.00266429840142096
"1721","101517a","Action_60","Morph_128","KR","Playcontinue","Swing","Swing.2","Sonso",0,0.00310834813499112,0.0475133214920071
"1722","100799","Action_8","Morph_19","KR","Play","Dangle","Dangle.1","Sonso",-0.174353387144778,0.0484014209591474,0.0484014209591474
"1723","101517a","Action_60","Morph_127","KR","Playcontinue","Swing","Swing.1","Sonso",0.113328685307003,0.0428507992895204,0.0475133214920071
"1724","100798","Action_17","Morph_41","KR","Play","Hitobject","HitObject.3","Sonso",-0.510825623765991,0.00510657193605684,0.0559502664298401
"1725","102312","Action_14","Morph_32","KR","Play","Grab","Grab.4","Sonso",-0.653926467406664,0.00754884547069272,0.0353019538188277
"1726","100801","Action_15","Morph_36","KR","Play","Grabhold","GrabHold.2","Sonso",0.924258901523332,0.005550621669627,0.0204262877442274
"1727","100800","Action_17","Morph_39","KR","Play","Hitobject","HitObject.1","Sonso",-0.7339691750802,0.0430728241563055,0.0559502664298401
"1728","100683","Action_33","Morph_61","KR","Play","Objectmove","ObjectMove.1","Sonso",0.609765571620894,0.0317495559502664,0.0406305506216696
"1729","100451","Action_20","Morph_49","KR","Play","Hitother","HitOther.5","Sonso",-0.385662480811985,0.00599467140319716,0.0404085257548845
"1730","102160b","Action_16","Morph_38","KR","Play","Headstand","HeadStand.1","Sonso",-0.127833371509885,0.0066607460035524,0.0066607460035524
"1731","101236","Action_29","Morph_58","KR","Play","Locomotegallop","LocomoteGallop.1","Sonso",-0.174353387144778,0.00821492007104796,0.00821492007104796
"1732","100451","Action_50","Morph_108","KR","Play","Shake","Shake.2","Sonso",-0.7339691750802,0.00466252220248668,0.0122113676731794
"1733","100798","Action_21","Morph_44","KR","Play","Hittingobject","HitObject.6","Sonso",0.0769610411361284,0.00155417406749556,0.00799289520426288
"1734","101517a","Action_60","Morph_128","KR","Playcontinue","Swing","Swing.2","Sonso",0,0.00310834813499112,0.0475133214920071
"1735","101057b","Action_13","Morph_27","KR","Stopbehaviour","Fling","Fling.1","Sonso",-1.02165124753198,0.00688277087033748,0.0117673179396092
"1736","101489a","Action_8","Morph_19","KR","Play","Dangle","Dangle.1","Sonso",0,0.0484014209591474,0.0484014209591474
"1737","100159","Action_39","Morph_82","KR","Sexualattention","Presentgenitalsbackwards","PresentGenitals.1","Sonso",1.51732262352629,0.0295293072824156,0.033303730017762
"1738","102171","Action_8","Morph_19","KR","Play","Dangle","Dangle.1","Sonso",0,0.0484014209591474,0.0484014209591474
"1739","100787a","Action_2","Morph_3","KR","Groom","Bigloudscratch","BigLoudScratch.1","Sonso",0.542324290825362,0.0215364120781528,0.0577264653641208
"1740","101928","Action_59","Morph_126","KR","Giveme","Stroke","Stroke.3","Sonso",-0.385662480811985,0.0011101243339254,0.00377442273534636
"1741","100157","Action_2","Morph_4","KR","Groom","Bigloudscratch","BigLoudScratch.2","Sonso",0.418710334858185,0.019316163410302,0.0577264653641208
"1742","100787a","Action_2","Morph_4","KR","Groom","Bigloudscratch","BigLoudScratch.2","Sonso",0.392042087776024,0.019316163410302,0.0577264653641208
"1743","102171","Action_20","Morph_46","KR","Play","Hitother","HitOther.2","Sonso",-0.510825623765991,0.00932504440497336,0.0404085257548845
"1744","102171","Action_60","Morph_127","KR","Play","Swing","Swing.1","Sonso",-0.510825623765991,0.0428507992895204,0.0475133214920071
"1745","100787a","Action_2","Morph_4","KR","Groom","Bigloudscratch","BigLoudScratch.2","Sonso",0.494696241836107,0.019316163410302,0.0577264653641208
"1746","100787a","Action_2","Morph_5","KR","Groom","Bigloudscratch","BigLoudScratch.3","Sonso",0.215111379616945,0.0119893428063943,0.0577264653641208
"1747","101928","Action_59","Morph_126","KR","Giveme","Stroke","Stroke.3","Sonso",-0.44628710262842,0.0011101243339254,0.00377442273534636
"1748","101928","Action_64","Morph_138","KR","Giveme","Touchlongother","Touch.7","Sonso",0.712949807856125,0.0044404973357016,0.0175399644760213
"1749","101928","Action_59","Morph_126","KR","Giveme","Stroke","Stroke.3","Sonso",-0.385662480811985,0.0011101243339254,0.00377442273534636
"1750","101928","Action_59","Morph_126","KR","Giveme","Stroke","Stroke.3","Sonso",-0.174353387144778,0.0011101243339254,0.00377442273534636
"1751","101321","Action_42","Morph_91","KR","Position","Push","Push.4","Sonso",-1.42711635564015,0.00932504440497336,0.0466252220248668
"1752","101321","Action_42","Morph_91","KR","Position","Push","Push.4","Sonso",-0.328504066972036,0.00932504440497336,0.0466252220248668
"1753","100278a","Action_33","Morph_61","KR","Play","Objectmove","ObjectMove.1","Sonso",0.56531380905006,0.0317495559502664,0.0406305506216696
"1754","101775","Action_33","Morph_61","KR","Play","Objectmove","ObjectMove.1","Sonso",0.336472236621213,0.0317495559502664,0.0406305506216696
"1755","101026","Action_63","Morph_136","KR","Play","Touch","Touch.5","Sonso",-0.510825623765991,0.00421847246891652,0.0341918294849023
"1756","101022","Action_42","Morph_92","KR","Play","Push","Push.5","Sonso",-0.385662480811985,0.0066607460035524,0.0466252220248668
"1757","101022","Action_42","Morph_95","KR","Play","Push","Push.8","Sonso",-0.653926467406664,0.00133214920071048,0.0466252220248668
"1758","100617","Action_48","Morph_104","KR","Stopbehaviour","Rollover","RollOver.1","Sonso",-0.328504066972036,0.00621669626998224,0.00621669626998224
"1759","100616","Action_17","Morph_40","KR","Stopbehaviour","Hitobject","HitObject.2","Sonso",-0.27443684570176,0.0119893428063943,0.0559502664298401
"1760","100617","Action_47","Morph_103","KR","Stopbehaviour","Rockingsit","Rocking.1","Sonso",0.672944473242426,0.00377442273534636,0.00377442273534636
"1761","100617","Action_43","Morph_NA","KR","Stopbehaviour","Raise",NA,"Sonso",-0.653926467406664,0.0159857904085258,0.0113232682060391
"1762","100617","Action_43","Morph_96","KR","Stopbehaviour","Raise","Raise.1","Sonso",0.712949807856125,0.00865896980461812,0.0113232682060391
"1763","102473b","Action_39","Morph_82","KR","Sexualattention","Presentgenitalsbackwards","PresentGenitals.1","Sonso",0,0.0295293072824156,0.033303730017762
"1764","100872","Action_8","Morph_19","KR","Play","Dangle","Dangle.1","Sonso",-0.22314355131421,0.0484014209591474,0.0484014209591474
"1765","100872","Action_14","Morph_31","KR","Play","Grab","Grab.3","Sonso",-0.22314355131421,0.00466252220248668,0.0353019538188277
"1766","102374","Action_22","Morph_42","KR","Play","Hittingobjectobject","HitObject.4","Sonso",0.770108221696074,0.00599467140319716,0.00266429840142096
"1767","100888","Action_23","Morph_48","KR","Play","Hittingother","HitOther.4","Sonso",-0.127833371509885,0.00732682060390764,0.0157637655417407
"1768","100687b","Action_33","Morph_61","KR","Play","Objectmove","ObjectMove.1","Sonso",-0.127833371509885,0.0317495559502664,0.0406305506216696
"1769","100853a","Action_24","Morph_51","KR","Play","Jump","Jump.1","Sonso",-0.127833371509885,0.00732682060390764,0.00732682060390764
"1770","101094","Action_10","Morph_21","KR","Play","Drum","Drum.1","Sonso",-0.27443684570176,0.0033303730017762,0.0033303730017762
"1771","100681","Action_20","Morph_45","KR","Play","Hitother","HitOther.1","Sonso",-0.44628710262842,0.0202042628774423,0.0404085257548845
"1772","100872","Action_17","Morph_41","KR","Play","Hitobject","HitObject.3","Sonso",-0.44628710262842,0.00510657193605684,0.0559502664298401
"1773","100872","Action_8","Morph_19","KR","Play","Dangle","Dangle.1","Sonso",-0.127833371509885,0.0484014209591474,0.0484014209591474
"1774","100872","Action_21","Morph_44","KR","Play","Hittingobject","HitObject.6","Sonso",0.364643113587909,0.00155417406749556,0.00799289520426288
"1775","100853b","Action_20","Morph_45","KR","Play","Hitother","HitOther.1","Sonso",-1.02165124753198,0.0202042628774423,0.0404085257548845
"1776","100687b","Action_32","Morph_60","KR","Play","Objectmouth","ObjectMouth.1","Sonso",-0.510825623765991,0.00466252220248668,0.00466252220248668
"1777","101753","Action_55","Morph_116","KR","Play","Stompingobject","StompObject.2","Sonso",-0.27443684570176,0.0148756660746004,0.0230905861456483
"1778","101622","Action_53","Morph_113","KR","Play","Spinsomersault","SpinSomersault.1","Sonso",0.0769610411361284,0.00799289520426288,0.00799289520426288
"1779","101622","Action_53","Morph_113","KR","Play","Spinsomersault","SpinSomersault.1","Sonso",0.215111379616945,0.00799289520426288,0.00799289520426288
"1780","100998","Action_33","Morph_61","KR","Play","Objectmove","ObjectMove.1","Sonso",0.470003629245736,0.0317495559502664,0.0406305506216696
"1781","101753","Action_55","Morph_117","KR","Play","Stompingobject","StompObject.3","Sonso",-0.579818495252942,0.00688277087033748,0.0230905861456483
"1782","100622b","Action_39","Morph_82","KR","Sociosexualattention","Presentgenitalsbackwards","PresentGenitals.1","Sonso",-0.27443684570176,0.0295293072824156,0.033303730017762
"1783","101055b","Action_29","Morph_58","KR","Play","Locomotegallop","LocomoteGallop.1","Sonso",-0.579818495252942,0.00821492007104796,0.00821492007104796
"1784","101839a","Action_3","Morph_12","KR","Playcontinue","Bite","Bite.4","Sonso",-1.42711635564015,0.00177619893428064,0.0168738898756661
"1785","101841","Action_57","Morph_115","KR","Playcontinue","Stompobject","StompObject.1","Sonso",-0.510825623765991,0.0337477797513321,0.0424067495559503
"1786","101400","Action_42","Morph_88","KR","Position","Push","Push.1","Sonso",-0.127833371509885,0.0106571936056838,0.0466252220248668
"1787","101713","Action_20","Morph_45","KR","Play","Hitother","HitOther.1","Sonso",-0.579818495252942,0.0202042628774423,0.0404085257548845
"1788","101840b","Action_57","Morph_115","KR","Playcontinue","Stompobject","StompObject.1","Sonso",-0.82098055206983,0.0337477797513321,0.0424067495559503
"1789","101839b","Action_58","Morph_122","KR","Playcontinue","Stompother","StompOther.1","Sonso",-0.7339691750802,0.00244227353463588,0.00377442273534636
"1790","101839a","Action_23","Morph_48","KR","Playcontinue","Hittingother","HitOther.4","Sonso",0.113328685307003,0.00732682060390764,0.0157637655417407
"1791","101837","Action_48","Morph_104","KR","Playcontinue","Rollover","RollOver.1","Sonso",-0.127833371509885,0.00621669626998224,0.00621669626998224
"1792","101841","Action_17","Morph_39","KR","Playcontinue","Hitobject","HitObject.1","Sonso",-0.579818495252942,0.0430728241563055,0.0559502664298401
"1793","101399b","Action_15","Morph_35","KR","Position","Grabhold","GrabHold.1","Sonso",1.01523067972906,0.00932504440497336,0.0204262877442274
"1794","101833a","Action_6","Morph_18","KR","Play","Bow","Bow.1","Sonso",-0.328504066972036,0.00177619893428064,0.00177619893428064
"1795","101657","Action_23","Morph_48","KR","Play","Hittingother","HitOther.4","Sonso",-0.44628710262842,0.00732682060390764,0.0157637655417407
"1796","101095","Action_25","Morph_52","KR","Play","Kickpunch","KickPunch.1","Sonso",0,0.0022202486678508,0.0022202486678508
"1797","102333","Action_20","Morph_46","KR","Playcontinue","Hitother","HitOther.2","Sonso",-0.328504066972036,0.00932504440497336,0.0404085257548845
"1798","101454","Action_8","Morph_19","KR","Play","Dangle","Dangle.1","Sonso",-0.653926467406664,0.0484014209591474,0.0484014209591474
"1799","101454","Action_20","Morph_45","KR","Play","Hitother","HitOther.1","Sonso",-0.174353387144778,0.0202042628774423,0.0404085257548845
"1800","101566b","Action_60","Morph_127","KR","Playcontinue","Swing","Swing.1","Sonso",-0.083381608939051,0.0428507992895204,0.0475133214920071
"1801","101454","Action_60","Morph_127","KR","Play","Swing","Swing.1","Sonso",0.182321556793955,0.0428507992895204,0.0475133214920071
"1802","101567b","Action_45","Morph_101","KR","Playcontinue","Reach","Reach.2","Sonso",-0.44628710262842,0.0370781527531083,0.0801509769094138
"1803","100763","Action_53","Morph_113","KR","Play","Spinsomersault","SpinSomersault.1","Sonso",0.65232518603969,0.00799289520426288,0.00799289520426288
"1804","101493","Action_21","Morph_42","KR","Play","Hittingobject","HitObject.4","Sonso",0.336472236621213,0.00599467140319716,0.00799289520426288
"1805","100763","Action_8","Morph_19","KR","Play","Dangle","Dangle.1","Sonso",0.27763173659828,0.0484014209591474,0.0484014209591474
"1806","101360","Action_20","Morph_45","KR","Stopbehaviour","Hitother","HitOther.1","Sonso",-0.579818495252942,0.0202042628774423,0.0404085257548845
"1807","100818","Action_57","Morph_118","KR","Play","Stompobject","StompObject.4","Sonso",0.864997437486605,0.005550621669627,0.0424067495559503
"1808","100763","Action_17","Morph_40","KR","Play","Hitobject","HitObject.2","Sonso",-0.0418642040986989,0.0119893428063943,0.0559502664298401
"1809","101092","Action_55","Morph_116","KR","Play","Stompingobject","StompObject.2","Sonso",-0.579818495252942,0.0148756660746004,0.0230905861456483
"1810","102342a","Action_8","Morph_19","KR","Play","Dangle","Dangle.1","Sonso",0,0.0484014209591474,0.0484014209591474
"1811","102340","Action_8","Morph_19","KR","Play","Dangle","Dangle.1","Sonso",-1.02165124753198,0.0484014209591474,0.0484014209591474
"1812","101099","Action_60","Morph_127","KR","Play","Swing","Swing.1","Sonso",0.215111379616945,0.0428507992895204,0.0475133214920071
"1813","101099","Action_50","Morph_108","KR","Play","Shake","Shake.2","Sonso",-0.06720874969345,0.00466252220248668,0.0122113676731794
"1814","101098b","Action_8","Morph_19","KR","Play","Dangle","Dangle.1","Sonso",0.336472236621213,0.0484014209591474,0.0484014209591474
"1815","102342a","Action_34","Morph_66","KR","Play","Objectshake","ObjectShake.2","Sonso",0.246860077931526,0.0237566607460036,0.108792184724689
"1816","101099","Action_60","Morph_127","KR","Play","Swing","Swing.1","Sonso",0.0971267107307228,0.0428507992895204,0.0475133214920071
"1817","102339","Action_8","Morph_19","KR","Play","Dangle","Dangle.1","Sonso",-0.127833371509885,0.0484014209591474,0.0484014209591474
"1818","101099","Action_60","Morph_127","KR","Play","Swing","Swing.1","Sonso",0.215111379616945,0.0428507992895204,0.0475133214920071
"1819","102342a","Action_8","Morph_19","KR","Play","Dangle","Dangle.1","Sonso",0.148420005118273,0.0484014209591474,0.0484014209591474
"1820","101275","Action_57","Morph_115","KS","Play","Stompobject","StompObject.1","Sonso",-0.579818495252942,0.0337477797513321,0.0424067495559503
"1821","101275","Action_57","Morph_115","KS","Play","Stompobject","StompObject.1","Sonso",-0.44628710262842,0.0337477797513321,0.0424067495559503
"1822","101277b","Action_17","Morph_39","KS","Playcontinue","Hitobject","HitObject.1","Sonso",-0.510825623765991,0.0430728241563055,0.0559502664298401
"1823","101276","Action_34","Morph_65","KS","Playcontinue","Objectshake","ObjectShake.1","Sonso",0.609765571620894,0.0746003552397869,0.108792184724689
"1824","101276","Action_57","Morph_115","KS","Playcontinue","Stompobject","StompObject.1","Sonso",-0.82098055206983,0.0337477797513321,0.0424067495559503
"1825","101277b","Action_33","Morph_61","KS","Playcontinue","Objectmove","ObjectMove.1","Sonso",0.148420005118273,0.0317495559502664,0.0406305506216696
"1826","101277b","Action_33","Morph_62","KS","Playcontinue","Objectmove","ObjectMove.2","Sonso",-0.328504066972036,0.00643872113676732,0.0406305506216696
"1827","101277b","Action_57","Morph_115","KS","Playcontinue","Stompobject","StompObject.1","Sonso",-0.510825623765991,0.0337477797513321,0.0424067495559503
"1828","101275","Action_34","Morph_66","KS","Play","Objectshake","ObjectShake.2","Sonso",0.518793793415168,0.0237566607460036,0.108792184724689
"1829","102236a","Action_43","Morph_96","KS","Moveaway","Raise","Raise.1","Sonso",-0.579818495252942,0.00865896980461812,0.0113232682060391
"1830","102236a","Action_17","Morph_39","KS","Moveaway","Hitobject","HitObject.1","Sonso",-0.7339691750802,0.0430728241563055,0.0559502664298401
"1831","101558b","Action_14","Morph_30","KS","Play","Grab","Grab.2","Sonso",-0.174353387144778,0.00799289520426288,0.0353019538188277
"1832","101560","Action_57","Morph_115","KS","Playcontinue","Stompobject","StompObject.1","Sonso",-0.510825623765991,0.0337477797513321,0.0424067495559503
"1833","101490","Action_57","Morph_115","KS","Play","Stompobject","StompObject.1","Sonso",-0.579818495252942,0.0337477797513321,0.0424067495559503
"1834","101560","Action_57","Morph_115","KS","Playcontinue","Stompobject","StompObject.1","Sonso",-0.653926467406664,0.0337477797513321,0.0424067495559503
"1835","101559","Action_45","Morph_100","KS","Playcontinue","Reach","Reach.1","Sonso",-3.2188758248682,0.0408525754884547,0.0801509769094138
"1836","101490","Action_17","Morph_39","KS","Play","Hitobject","HitObject.1","Sonso",-0.579818495252942,0.0430728241563055,0.0559502664298401
"1837","101560","Action_34","Morph_66","KS","Playcontinue","Objectshake","ObjectShake.2","Sonso",0.470003629245736,0.0237566607460036,0.108792184724689
"1838","101623","Action_11","Morph_22","KS","Play","Embrace","Embrace.1","Sonso",0.444685821261446,0.00288632326820604,0.005550621669627
"1839","101560","Action_45","Morph_100","KS","Playcontinue","Reach","Reach.1","Sonso",-0.174353387144778,0.0408525754884547,0.0801509769094138
"1840","102396a","Action_60","Morph_127","KS","Moveaway","Swing","Swing.1","Sonso",-0.44628710262842,0.0428507992895204,0.0475133214920071
"1841","102396a","Action_13","Morph_28","KS","Moveaway","Fling","Fling.2","Sonso",-0.916290731874155,0.00488454706927176,0.0117673179396092
"1842","101066b","Action_21","Morph_42","KS","Play","Hittingobject","HitObject.4","Sonso",-0.174353387144778,0.00599467140319716,0.00799289520426288
"1843","101066b","Action_8","Morph_19","KS","Play","Dangle","Dangle.1","Sonso",-0.127833371509885,0.0484014209591474,0.0484014209591474
"1844","101059","Action_17","Morph_40","KS","Play","Hitobject","HitObject.2","Sonso",-0.7339691750802,0.0119893428063943,0.0559502664298401
"1845","101057a","Action_14","Morph_32","KS","Playcontinue","Grab","Grab.4","Sonso",-0.44628710262842,0.00754884547069272,0.0353019538188277
"1846","101489b","Action_29","Morph_58","KS","Play","Locomotegallop","LocomoteGallop.1","Sonso",-0.653926467406664,0.00821492007104796,0.00821492007104796
"1847","100982a","Action_59","Morph_125","KS","Giveme","Stroke","Stroke.2","Sonso",0.0769610411361284,0.00155417406749556,0.00377442273534636
"1848","100982a","Action_45","Morph_100","KS","Giveme","Reach","Reach.1","Sonso",-0.579818495252942,0.0408525754884547,0.0801509769094138
"1849","102410a","Action_38","Morph_75","KS","Groom","Present","Present.1","Sonso",0.182321556793955,0.0170959147424512,0.0492895204262877
"1850","101790a","Action_43","Morph_98","KS","Givemenurse","Raise","Raise.3","Sonso",0.0769610411361284,0.00177619893428064,0.0113232682060391
"1851","102416","Action_38","Morph_77","KS","Directattention","Present","Present.3","Sonso",0.27763173659828,0.00466252220248668,0.0492895204262877
"1852","101788","Action_45","Morph_100","KS","Givemenurse","Reach","Reach.1","Sonso",-0.82098055206983,0.0408525754884547,0.0801509769094138
"1853","101788","Action_45","Morph_101","KS","Givemenurse","Reach","Reach.2","Sonso",-0.083381608939051,0.0370781527531083,0.0801509769094138
"1854","101795","Action_38","Morph_75","KS","Groom","Present","Present.1","Sonso",1.09861228866811,0.0170959147424512,0.0492895204262877
"1855","101603","Action_45","Morph_100","KS","Affiliation","Reach","Reach.1","Sonso",-0.579818495252942,0.0408525754884547,0.0801509769094138
"1856","101794","Action_42","Morph_89","KS","Position","Push","Push.2","Sonso",-0.7339691750802,0.00355239786856128,0.0466252220248668
"1857","102409","Action_40","Morph_82","KS","Sexualattention","Presentgenitalsforwards","PresentGenitals.1","Sonso",-0.174353387144778,0.0295293072824156,0.00199822380106572
"1858","100538","Action_57","Morph_115","KS","Sexualattention","Stompobject","StompObject.1","Sonso",-0.653926467406664,0.0337477797513321,0.0424067495559503
"1859","101194","Action_45","Morph_101","KS","Giveme","Reach","Reach.2","Sonso",0.609765571620894,0.0370781527531083,0.0801509769094138
"1860","100538","Action_17","Morph_40","KS","Sexualattention","Hitobject","HitObject.2","Sonso",-0.083381608939051,0.0119893428063943,0.0559502664298401
"1861","101193","Action_45","Morph_101","KS","Giveme","Reach","Reach.2","Sonso",-0.7339691750802,0.0370781527531083,0.0801509769094138
"1862","101850","Action_34","Morph_65","KS","Play","Objectshake","ObjectShake.1","Sonso",0.182321556793955,0.0746003552397869,0.108792184724689
"1863","101850","Action_57","Morph_115","KS","Play","Stompobject","StompObject.1","Sonso",-0.579818495252942,0.0337477797513321,0.0424067495559503
"1864","101846","Action_20","Morph_45","KS","Play","Hitother","HitOther.1","Sonso",-0.385662480811985,0.0202042628774423,0.0404085257548845
"1865","101850","Action_57","Morph_115","KS","Play","Stompobject","StompObject.1","Sonso",-0.44628710262842,0.0337477797513321,0.0424067495559503
"1866","101268a","Action_55","Morph_116","KS","Playcontinue","Stompingobject","StompObject.2","Sonso",-0.174353387144778,0.0148756660746004,0.0230905861456483
"1867","102378","Action_20","Morph_50","KS","Playcontinue","Hitother","HitOther.6","Sonso",-1.27296567581289,0.00488454706927176,0.0404085257548845
"1868","101789","Action_2","Morph_3","KS","Groom","Bigloudscratch","BigLoudScratch.1","Sonso",0.148420005118273,0.0215364120781528,0.0577264653641208
"1869","102378","Action_20","Morph_50","KS","Playcontinue","Hitother","HitOther.6","Sonso",-1.6094379124341,0.00488454706927176,0.0404085257548845
"1870","102378","Action_20","Morph_50","KS","Playcontinue","Hitother","HitOther.6","Sonso",-0.328504066972036,0.00488454706927176,0.0404085257548845
"1871","101274","Action_24","Morph_51","KS","Stopbehaviour","Jump","Jump.1","Sonso",-0.82098055206983,0.00732682060390764,0.00732682060390764
"1872","101274","Action_24","Morph_51","KS","Stopbehaviour","Jump","Jump.1","Sonso",-0.82098055206983,0.00732682060390764,0.00732682060390764
"1873","101274","Action_57","Morph_115","KS","Stopbehaviour","Stompobject","StompObject.1","Sonso",-0.653926467406664,0.0337477797513321,0.0424067495559503
"1874","101274","Action_24","Morph_51","KS","Stopbehaviour","Jump","Jump.1","Sonso",-1.13943428318836,0.00732682060390764,0.00732682060390764
"1875","101787","Action_15","Morph_35","KS","Play","Grabhold","GrabHold.1","Sonso",1.07158361628019,0.00932504440497336,0.0204262877442274
"1876","101787","Action_23","Morph_47","KS","Play","Hittingother","HitOther.3","Sonso",-0.083381608939051,0.00843694493783304,0.0157637655417407
"1877","102060","Action_50","Morph_108","KS","Playcontinue","Shake","Shake.2","Sonso",-0.174353387144778,0.00466252220248668,0.0122113676731794
"1878","102060","Action_17","Morph_39","KS","Playcontinue","Hitobject","HitObject.1","Sonso",0.182321556793955,0.0430728241563055,0.0559502664298401
"1879","102347","Action_63","Morph_132","KS","Playcontinue","Touch","Touch.1","Sonso",-1.27296567581289,0.0104351687388988,0.0341918294849023
"1880","100885b","Action_57","Morph_115","KS","Play","Stompobject","StompObject.1","Sonso",-0.27443684570176,0.0337477797513321,0.0424067495559503
"1881","101146","Action_8","Morph_19","KS","Play","Dangle","Dangle.1","Sonso",-0.916290731874155,0.0484014209591474,0.0484014209591474
"1882","102347","Action_63","Morph_132","KS","Playcontinue","Touch","Touch.1","Sonso",-0.7339691750802,0.0104351687388988,0.0341918294849023
"1883","101146","Action_8","Morph_19","KS","Play","Dangle","Dangle.1","Sonso",-1.6094379124341,0.0484014209591474,0.0484014209591474
"1884","101146","Action_17","Morph_40","KS","Play","Hitobject","HitObject.2","Sonso",-1.13943428318836,0.0119893428063943,0.0559502664298401
"1885","102059b","Action_23","Morph_48","KS","Play","Hittingother","HitOther.4","Sonso",-0.083381608939051,0.00732682060390764,0.0157637655417407
"1886","102057b","Action_60","Morph_127","KS","Play","Swing","Swing.1","Sonso",-0.174353387144778,0.0428507992895204,0.0475133214920071
"1887","101293","Action_42","Morph_94","KS","Play","Push","Push.7","Sonso",-0.44628710262842,0.00288632326820604,0.0466252220248668
"1888","102347","Action_58","Morph_122","KS","Playcontinue","Stompother","StompOther.1","Sonso",-0.0408219945202552,0.00244227353463588,0.00377442273534636
"1889","102059b","Action_20","Morph_49","KS","Play","Hitother","HitOther.5","Sonso",0.307484699747961,0.00599467140319716,0.0404085257548845
"1890","102192","Action_45","Morph_101","KS","Giveme","Reach","Reach.2","Sonso",0.336472236621213,0.0370781527531083,0.0801509769094138
"1891","102198a","Action_45","Morph_101","KS","Giveme","Reach","Reach.2","Sonso",-0.22314355131421,0.0370781527531083,0.0801509769094138
"1892","102192","Action_45","Morph_101","KS","Giveme","Reach","Reach.2","Sonso",-0.385662480811985,0.0370781527531083,0.0801509769094138
"1893","102198a","Action_45","Morph_101","KS","Giveme","Reach","Reach.2","Sonso",-0.083381608939051,0.0370781527531083,0.0801509769094138
"1894","102286b","Action_38","Morph_76","KS","Groom","Present","Present.2","Sonso",-0.22314355131421,0.0135435168738899,0.0492895204262877
"1895","100996a","Action_45","Morph_100","KS","Giveme","Reach","Reach.1","Sonso",-0.579818495252942,0.0408525754884547,0.0801509769094138
"1896","102195a","Action_45","Morph_101","KS","Giveme","Reach","Reach.2","Sonso",-0.27443684570176,0.0370781527531083,0.0801509769094138
"1897","100996a","Action_45","Morph_100","KS","Giveme","Reach","Reach.1","Sonso",0.307484699747961,0.0408525754884547,0.0801509769094138
"1898","102195a","Action_45","Morph_101","KS","Giveme","Reach","Reach.2","Sonso",0.732367893713227,0.0370781527531083,0.0801509769094138
"1899","102198a","Action_45","Morph_101","KS","Giveme","Reach","Reach.2","Sonso",-0.083381608939051,0.0370781527531083,0.0801509769094138
"1900","102186","Action_45","Morph_100","KS","Giveme","Reach","Reach.1","Sonso",0.970778917158225,0.0408525754884547,0.0801509769094138
"1901","102187","Action_45","Morph_101","KS","Giveme","Reach","Reach.2","Sonso",-0.82098055206983,0.0370781527531083,0.0801509769094138
"1902","100996a","Action_45","Morph_100","KS","Giveme","Reach","Reach.1","Sonso",0.609765571620894,0.0408525754884547,0.0801509769094138
"1903","102187","Action_45","Morph_101","KS","Giveme","Reach","Reach.2","Sonso",-0.385662480811985,0.0370781527531083,0.0801509769094138
"1904","102192","Action_45","Morph_101","KS","Giveme","Reach","Reach.2","Sonso",-1.02165124753198,0.0370781527531083,0.0801509769094138
"1905","100996a","Action_45","Morph_100","KS","Giveme","Reach","Reach.1","Sonso",-0.174353387144778,0.0408525754884547,0.0801509769094138
"1906","100996a","Action_45","Morph_100","KS","Giveme","Reach","Reach.1","Sonso",-0.083381608939051,0.0408525754884547,0.0801509769094138
"1907","102198a","Action_45","Morph_101","KS","Giveme","Reach","Reach.2","Sonso",-0.44628710262842,0.0370781527531083,0.0801509769094138
"1908","100996a","Action_45","Morph_100","KS","Giveme","Reach","Reach.1","Sonso",-0.385662480811985,0.0408525754884547,0.0801509769094138
"1909","102207","Action_45","Morph_101","KS","Giveme","Reach","Reach.2","Sonso",-0.127833371509885,0.0370781527531083,0.0801509769094138
"1910","102188","Action_45","Morph_100","KS","Giveme","Reach","Reach.1","Sonso",0.0769610411361284,0.0408525754884547,0.0801509769094138
"1911","102198a","Action_45","Morph_101","KS","Giveme","Reach","Reach.2","Sonso",0.418710334858185,0.0370781527531083,0.0801509769094138
"1912","102207","Action_45","Morph_101","KS","Giveme","Reach","Reach.2","Sonso",1.12492959698548,0.0370781527531083,0.0801509769094138
"1913","102191","Action_63","Morph_138","KS","Giveme","Touch","Touch.7","Sonso",-0.653926467406664,0.0044404973357016,0.0341918294849023
"1914","102195a","Action_45","Morph_101","KS","Giveme","Reach","Reach.2","Sonso",-0.510825623765991,0.0370781527531083,0.0801509769094138
"1915","102187","Action_45","Morph_101","KS","Giveme","Reach","Reach.2","Sonso",-0.579818495252942,0.0370781527531083,0.0801509769094138
"1916","102207","Action_45","Morph_101","KS","Giveme","Reach","Reach.2","Sonso",-0.44628710262842,0.0370781527531083,0.0801509769094138
"1917","100994","Action_45","Morph_100","KS","Giveme","Reach","Reach.1","Sonso",-0.105360515657826,0.0408525754884547,0.0801509769094138
"1918","102207","Action_45","Morph_101","KS","Giveme","Reach","Reach.2","Sonso",-0.27443684570176,0.0370781527531083,0.0801509769094138
"1919","102186","Action_45","Morph_100","KS","Giveme","Reach","Reach.1","Sonso",0.494696241836107,0.0408525754884547,0.0801509769094138
"1920","102187","Action_45","Morph_101","KS","Giveme","Reach","Reach.2","Sonso",-0.083381608939051,0.0370781527531083,0.0801509769094138
"1921","102198a","Action_45","Morph_101","KS","Giveme","Reach","Reach.2","Sonso",-1.02165124753198,0.0370781527531083,0.0801509769094138
"1922","102286b","Action_2","Morph_4","KS","Groom","Bigloudscratch","BigLoudScratch.2","Sonso",0.148420005118273,0.019316163410302,0.0577264653641208
"1923","102208","Action_45","Morph_101","KS","Giveme","Reach","Reach.2","Sonso",0.336472236621213,0.0370781527531083,0.0801509769094138
"1924","102207","Action_45","Morph_101","KS","Giveme","Reach","Reach.2","Sonso",-0.44628710262842,0.0370781527531083,0.0801509769094138
"1925","102196","Action_45","Morph_100","KS","Giveme","Reach","Reach.1","Sonso",-1.42711635564015,0.0408525754884547,0.0801509769094138
"1926","102196","Action_45","Morph_100","KS","Giveme","Reach","Reach.1","Sonso",0.518793793415168,0.0408525754884547,0.0801509769094138
"1927","102208","Action_45","Morph_101","KS","Giveme","Reach","Reach.2","Sonso",0.0769610411361284,0.0370781527531083,0.0801509769094138
"1928","102192","Action_45","Morph_101","KS","Giveme","Reach","Reach.2","Sonso",0.0769610411361284,0.0370781527531083,0.0801509769094138
"1929","102197","Action_45","Morph_100","KS","Giveme","Reach","Reach.1","Sonso",0.858661619037519,0.0408525754884547,0.0801509769094138
"1930","102198a","Action_45","Morph_101","KS","Giveme","Reach","Reach.2","Sonso",-0.653926467406664,0.0370781527531083,0.0801509769094138
"1931","102190","Action_45","Morph_101","KS","Giveme","Reach","Reach.2","Sonso",-0.653926467406664,0.0370781527531083,0.0801509769094138
"1932","102195a","Action_45","Morph_101","KS","Giveme","Reach","Reach.2","Sonso",-0.27443684570176,0.0370781527531083,0.0801509769094138
"1933","102188","Action_45","Morph_100","KS","Giveme","Reach","Reach.1","Sonso",0.336472236621213,0.0408525754884547,0.0801509769094138
"1934","102198a","Action_45","Morph_101","KS","Giveme","Reach","Reach.2","Sonso",0.0769610411361284,0.0370781527531083,0.0801509769094138
"1935","102187","Action_45","Morph_101","KS","Giveme","Reach","Reach.2","Sonso",-0.385662480811985,0.0370781527531083,0.0801509769094138
"1936","102196","Action_45","Morph_100","KS","Giveme","Reach","Reach.1","Sonso",1.708377860289,0.0408525754884547,0.0801509769094138
"1937","100996a","Action_45","Morph_100","KS","Giveme","Reach","Reach.1","Sonso",-0.174353387144778,0.0408525754884547,0.0801509769094138
"1938","102198a","Action_45","Morph_100","KS","Giveme","Reach","Reach.1","Sonso",-0.510825623765991,0.0408525754884547,0.0801509769094138
"1939","102192","Action_45","Morph_101","KS","Giveme","Reach","Reach.2","Sonso",0.0392207131532813,0.0370781527531083,0.0801509769094138
"1940","102208","Action_45","Morph_101","KS","Giveme","Reach","Reach.2","Sonso",0.215111379616945,0.0370781527531083,0.0801509769094138
"1941","102191","Action_45","Morph_101","KS","Giveme","Reach","Reach.2","Sonso",-0.916290731874155,0.0370781527531083,0.0801509769094138
"1942","100996a","Action_45","Morph_100","KS","Giveme","Reach","Reach.1","Sonso",-0.916290731874155,0.0408525754884547,0.0801509769094138
"1943","102208","Action_45","Morph_101","KS","Giveme","Reach","Reach.2","Sonso",0.908258560176891,0.0370781527531083,0.0801509769094138
"1944","102198a","Action_45","Morph_101","KS","Giveme","Reach","Reach.2","Sonso",-0.328504066972036,0.0370781527531083,0.0801509769094138
"1945","102191","Action_64","Morph_138","KS","Giveme","Touchlongother","Touch.7","Sonso",1.29198368164865,0.0044404973357016,0.0175399644760213
"1946","102196","Action_63","Morph_138","KS","Giveme","Touch","Touch.7","Sonso",-0.653926467406664,0.0044404973357016,0.0341918294849023
"1947","102192","Action_45","Morph_101","KS","Giveme","Reach","Reach.2","Sonso",-1.02165124753198,0.0370781527531083,0.0801509769094138
"1948","102375","Action_57","Morph_115","KS","Play","Stompobject","StompObject.1","Sonso",-0.510825623765991,0.0337477797513321,0.0424067495559503
"1949","102112","Action_2","Morph_5","KS","Groom","Bigloudscratch","BigLoudScratch.3","Sonso",0.609765571620894,0.0119893428063943,0.0577264653641208
"1950","102110","Action_42","Morph_90","KS","Position","Push","Push.3","Sonso",-0.7339691750802,0.00510657193605684,0.0466252220248668
"1951","102112","Action_2","Morph_5","KS","Groom","Bigloudscratch","BigLoudScratch.3","Sonso",0.27763173659828,0.0119893428063943,0.0577264653641208
"1952","102362","Action_8","Morph_19","KS","Play","Dangle","Dangle.1","Sonso",-0.916290731874155,0.0484014209591474,0.0484014209591474
"1953","102362","Action_60","Morph_127","KS","Play","Swing","Swing.1","Sonso",-0.328504066972036,0.0428507992895204,0.0475133214920071
"1954","101370","Action_33","Morph_61","KT","Sexualattention","Objectmove","ObjectMove.1","Sonso",0.307484699747961,0.0317495559502664,0.0406305506216696
"1955","101370","Action_34","Morph_65","KT","Sexualattention","Objectshake","ObjectShake.1","Sonso",0.587786664902119,0.0746003552397869,0.108792184724689
"1956","101370","Action_34","Morph_65","KT","Sexualattention","Objectshake","ObjectShake.1","Sonso",0.770108221696074,0.0746003552397869,0.108792184724689
"1957","101370","Action_34","Morph_65","KT","Sexualattention","Objectshake","ObjectShake.1","Sonso",0.751416088683921,0.0746003552397869,0.108792184724689
"1958","101370","Action_17","Morph_39","KT","Sexualattention","Hitobject","HitObject.1","Sonso",0.182321556793955,0.0430728241563055,0.0559502664298401
"1959","101370","Action_27","Morph_54","KT","Sexualattention","Leafclip","LeafClip.1","Sonso",0.336472236621213,0.0044404973357016,0.00599467140319716
"1960","101370","Action_17","Morph_39","KT","Sexualattention","Hitobject","HitObject.1","Sonso",0,0.0430728241563055,0.0559502664298401
"1961","101370","Action_27","Morph_54","KT","Sexualattention","Leafclip","LeafClip.1","Sonso",0.113328685307003,0.0044404973357016,0.00599467140319716
"1962","101370","Action_34","Morph_65","KT","Sexualattention","Objectshake","ObjectShake.1","Sonso",0.751416088683921,0.0746003552397869,0.108792184724689
"1963","101580","Action_38","Morph_77","KT","Directattention","Present","Present.3","Sonso",1.57691472072854,0.00466252220248668,0.0492895204262877
"1964","102062a","Action_34","Morph_65","KT","Sexualattention","Objectshake","ObjectShake.1","Sonso",0.215111379616945,0.0746003552397869,0.108792184724689
"1965","102062a","Action_34","Morph_65","KT","Sexualattention","Objectshake","ObjectShake.1","Sonso",0.307484699747961,0.0746003552397869,0.108792184724689
"1966","100150","Action_2","Morph_3","KT","Groom","Bigloudscratch","BigLoudScratch.1","Sonso",0.27763173659828,0.0215364120781528,0.0577264653641208
"1967","101260","Action_38","Morph_79","KT","Groom","Present","Present.5","Sonso",0.444685821261446,0.00688277087033748,0.0492895204262877
"1968","101259","Action_38","Morph_79","KT","Directattention","Present","Present.5","Sonso",0.494696241836107,0.00688277087033748,0.0492895204262877
"1969","100150","Action_63","Morph_137","KT","Groom","Touch","Touch.6","Sonso",-0.27443684570176,0.00488454706927176,0.0341918294849023
"1970","100150","Action_2","Morph_3","KT","Groom","Bigloudscratch","BigLoudScratch.1","Sonso",0,0.0215364120781528,0.0577264653641208
"1971","101765","Action_27","Morph_54","KT","Sexualattention","Leafclip","LeafClip.1","Sonso",0.858661619037519,0.0044404973357016,0.00599467140319716
"1972","101765","Action_27","Morph_54","KT","Sexualattention","Leafclip","LeafClip.1","Sonso",1.30291275218084,0.0044404973357016,0.00599467140319716
"1973","101765","Action_34","Morph_65","KT","Sexualattention","Objectshake","ObjectShake.1","Sonso",-0.22314355131421,0.0746003552397869,0.108792184724689
"1974","101765","Action_27","Morph_54","KT","Sexualattention","Leafclip","LeafClip.1","Sonso",0.182321556793955,0.0044404973357016,0.00599467140319716
"1975","101765","Action_27","Morph_55","KT","Sexualattention","Leafclip","LeafClip.2","Sonso",0.89199803930511,0.00133214920071048,0.00599467140319716
"1976","101765","Action_27","Morph_55","KT","Sexualattention","Leafclip","LeafClip.2","Sonso",0.940007258491471,0.00133214920071048,0.00599467140319716
"1977","101765","Action_27","Morph_54","KT","Sexualattention","Leafclip","LeafClip.1","Sonso",0.8754687373539,0.0044404973357016,0.00599467140319716
"1978","101765","Action_34","Morph_65","KT","Sexualattention","Objectshake","ObjectShake.1","Sonso",0.392042087776024,0.0746003552397869,0.108792184724689
"1979","101765","Action_27","Morph_54","KT","Sexualattention","Leafclip","LeafClip.1","Sonso",1.11185751541813,0.0044404973357016,0.00599467140319716
"1980","101765","Action_27","Morph_54","KT","Sexualattention","Leafclip","LeafClip.1","Sonso",0.712949807856125,0.0044404973357016,0.00599467140319716
"1981","101665a","Action_42","Morph_88","KT","Position","Push","Push.1","Sonso",-0.328504066972036,0.0106571936056838,0.0466252220248668
"1982","101665a","Action_42","Morph_NA","KT","Position","Push",NA,"Sonso",-0.328504066972036,0.0159857904085258,0.0466252220248668
"1983","101474","Action_45","Morph_100","KT","Play","Reach","Reach.1","Sonso",-0.127833371509885,0.0408525754884547,0.0801509769094138
"1984","102410b","Action_38","Morph_78","KT","Groom","Present","Present.4","Sonso",1.29198368164865,0.00288632326820604,0.0492895204262877
"1985","102410b","Action_2","Morph_3","KT","Groom","Bigloudscratch","BigLoudScratch.1","Sonso",0.307484699747961,0.0215364120781528,0.0577264653641208
"1986","100471","Action_23","Morph_47","KT","Play","Hittingother","HitOther.3","Sonso",-0.174353387144778,0.00843694493783304,0.0157637655417407
"1987","100471","Action_42","Morph_88","KT","Play","Push","Push.1","Sonso",-0.328504066972036,0.0106571936056838,0.0466252220248668
"1988","100982b","Action_42","Morph_91","KT","Stopbehaviour","Push","Push.4","Sonso",-1.13943428318836,0.00932504440497336,0.0466252220248668
"1989","102118","Action_38","Morph_76","KT","Groom","Present","Present.2","Sonso",-0.328504066972036,0.0135435168738899,0.0492895204262877
"1990","102063","Action_2","Morph_5","KT","Groom","Bigloudscratch","BigLoudScratch.3","Sonso",0.336472236621213,0.0119893428063943,0.0577264653641208
"1991","102175a","Action_2","Morph_4","KT","Groom","Bigloudscratch","BigLoudScratch.2","Sonso",0.587786664902119,0.019316163410302,0.0577264653641208
"1992","102118","Action_2","Morph_4","KT","Groom","Bigloudscratch","BigLoudScratch.2","Sonso",0.494696241836107,0.019316163410302,0.0577264653641208
"1993","102175a","Action_2","Morph_4","KT","Groom","Bigloudscratch","BigLoudScratch.2","Sonso",0.336472236621213,0.019316163410302,0.0577264653641208
"1994","102063","Action_34","Morph_65","KT","Groom","Objectshake","ObjectShake.1","Sonso",0.215111379616945,0.0746003552397869,0.108792184724689
"1995","102063","Action_2","Morph_4","KT","Groom","Bigloudscratch","BigLoudScratch.2","Sonso",0.56531380905006,0.019316163410302,0.0577264653641208
"1996","100696","Action_2","Morph_3","KT","Directattention","Bigloudscratch","BigLoudScratch.1","Sonso",0.0769610411361284,0.0215364120781528,0.0577264653641208
"1997","100697","Action_2","Morph_4","KT","Groom","Bigloudscratch","BigLoudScratch.2","Sonso",0.470003629245736,0.019316163410302,0.0577264653641208
"1998","100696","Action_2","Morph_4","KT","Directattention","Bigloudscratch","BigLoudScratch.2","Sonso",0.364643113587909,0.019316163410302,0.0577264653641208
"1999","100165b","Action_2","Morph_3","KT","Groom","Bigloudscratch","BigLoudScratch.1","Sonso",0.364643113587909,0.0215364120781528,0.0577264653641208
"2000","101003","Action_45","Morph_101","KT","Staysame","Reach","Reach.2","Sonso",-0.7339691750802,0.0370781527531083,0.0801509769094138
"2001","101571","Action_14","Morph_33","KT","Play","Grab","Grab.5","Sonso",1.11185751541813,0.0033303730017762,0.0353019538188277
"2002","101571","Action_15","Morph_35","KT","Play","Grabhold","GrabHold.1","Sonso",1.49065437644413,0.00932504440497336,0.0204262877442274
"2003","100978b","Action_23","Morph_47","KT","Stopbehaviour","Hittingother","HitOther.3","Sonso",0.392042087776024,0.00843694493783304,0.0157637655417407
"2004","100978b","Action_42","Morph_91","KT","Stopbehaviour","Push","Push.4","Sonso",-1.02165124753198,0.00932504440497336,0.0466252220248668
"2005","100978b","Action_23","Morph_47","KT","Stopbehaviour","Hittingother","HitOther.3","Sonso",-0.82098055206983,0.00843694493783304,0.0157637655417407
"2006","100978b","Action_64","Morph_135","KT","Stopbehaviour","Touchlongother","Touch.4","Sonso",0.732367893713227,0.00488454706927176,0.0175399644760213
"2007","101981b","Action_38","Morph_76","KT","Directattention","Present","Present.2","Sonso",0.27763173659828,0.0135435168738899,0.0492895204262877
"2008","101982b","Action_38","Morph_79","KT","Directattention","Present","Present.5","Sonso",-1.13943428318836,0.00688277087033748,0.0492895204262877
"2009","101980b","Action_38","Morph_75","KT","Directattention","Present","Present.1","Sonso",0.56531380905006,0.0170959147424512,0.0492895204262877
"2010","100457b","Action_3","Morph_11","KT","Playcontinue","Bite","Bite.3","Sonso",-1.02165124753198,0.00310834813499112,0.0168738898756661
"2011","100458","Action_41","Morph_84","KT","Playcontinue","Pull","Pull.1","Sonso",0.65232518603969,0.00821492007104796,0.0253108348134991
"2012","100458","Action_3","Morph_15","KT","Playcontinue","Bite","Bite.7","Sonso",-0.7339691750802,0.00133214920071048,0.0168738898756661
"2013","100459","Action_41","Morph_85","KT","Playcontinue","Pull","Pull.2","Sonso",0.182321556793955,0.00643872113676732,0.0253108348134991
"2014","100461","Action_41","Morph_86","KT","Playcontinue","Pull","Pull.3","Sonso",-0.22314355131421,0.00510657193605684,0.0253108348134991
"2015","100461","Action_41","Morph_85","KT","Playcontinue","Pull","Pull.2","Sonso",-0.82098055206983,0.00643872113676732,0.0253108348134991
"2016","100461","Action_3","Morph_9","KT","Playcontinue","Bite","Bite.1","Sonso",-0.82098055206983,0.0044404973357016,0.0168738898756661
"2017","100023","Action_13","Morph_27","KU","Stopbehaviour","Fling","Fling.1","Sonso",-1.27296567581289,0.00688277087033748,0.0117673179396092
"2018","101332","Action_13","Morph_28","KU","Moveaway","Fling","Fling.2","Sonso",-0.27443684570176,0.00488454706927176,0.0117673179396092
"2019","100245","Action_11","Morph_23","KU","Affiliation","Embrace","Embrace.2","Sonso",0.364643113587909,0.00199822380106572,0.005550621669627
"2020","102222","Action_38","Morph_75","KU","Directattention","Present","Present.1","Sonso",-0.653926467406664,0.0170959147424512,0.0492895204262877
"2021","102222","Action_2","Morph_3","KU","Directattention","Bigloudscratch","BigLoudScratch.1","Sonso",0.542324290825362,0.0215364120781528,0.0577264653641208
"2022","101793","Action_2","Morph_6","KU","Groom","Bigloudscratch","BigLoudScratch.4","Sonso",0.858661619037519,0.00421847246891652,0.0577264653641208
"2023","101790b","Action_2","Morph_4","KU","Groom","Bigloudscratch","BigLoudScratch.2","Sonso",0.518793793415168,0.019316163410302,0.0577264653641208
"2024","102055","Action_38","Morph_75","KU","Groom","Present","Present.1","Sonso",1.01523067972906,0.0170959147424512,0.0492895204262877
"2025","101577","Action_2","Morph_3","KU","Directattention","Bigloudscratch","BigLoudScratch.1","Sonso",0.444685821261446,0.0215364120781528,0.0577264653641208
"2026","102175b","Action_2","Morph_4","KU","Directattention","Bigloudscratch","BigLoudScratch.2","Sonso",0.27763173659828,0.019316163410302,0.0577264653641208
"2027","101601","Action_63","Morph_133","KU","Staysame","Touch","Touch.2","Sonso",-0.653926467406664,0.00754884547069272,0.0341918294849023
"2028","101402","Action_63","Morph_138","KU","Giveme","Touch","Touch.7","Sonso",0.0392207131532813,0.0044404973357016,0.0341918294849023
"2029","100111","Action_39","Morph_82","KU","Sociosexualattention","Presentgenitalsbackwards","PresentGenitals.1","Sonso",0.392042087776024,0.0295293072824156,0.033303730017762
"2030","101402","Action_63","Morph_138","KU","Giveme","Touch","Touch.7","Sonso",0.27763173659828,0.0044404973357016,0.0341918294849023
"2031","101402","Action_45","Morph_100","KU","Giveme","Reach","Reach.1","Sonso",-0.22314355131421,0.0408525754884547,0.0801509769094138
"2032","101402","Action_63","Morph_138","KU","Giveme","Touch","Touch.7","Sonso",-0.27443684570176,0.0044404973357016,0.0341918294849023
"2033","102426","Action_38","Morph_75","KU","Groom","Present","Present.1","Sonso",-0.27443684570176,0.0170959147424512,0.0492895204262877
"2034","100285a","Action_13","Morph_28","KU","Moveaway","Fling","Fling.2","Sonso",-1.13943428318836,0.00488454706927176,0.0117673179396092
"2035","100285a","Action_13","Morph_28","KU","Moveaway","Fling","Fling.2","Sonso",-1.02165124753198,0.00488454706927176,0.0117673179396092
"2036","101579b","Action_39","Morph_82","KU","Sexualattention","Presentgenitalsbackwards","PresentGenitals.1","Sonso",0.494696241836107,0.0295293072824156,0.033303730017762
"2037","100679","Action_34","Morph_65","KW","Attendme","Objectshake","ObjectShake.1","Sonso",0.985816794522765,0.0746003552397869,0.108792184724689
"2038","100679","Action_17","Morph_39","KW","Attendme","Hitobject","HitObject.1","Sonso",0,0.0430728241563055,0.0559502664298401
"2039","100678","Action_21","Morph_44","KW","Attendme","Hittingobject","HitObject.6","Sonso",-0.127833371509885,0.00155417406749556,0.00799289520426288
"2040","102308","Action_42","Morph_91","KW","Moveclose","Push","Push.4","Sonso",-0.083381608939051,0.00932504440497336,0.0466252220248668
"2041","100339","Action_42","Morph_92","KW","Takeobjectnurse","Push","Push.5","Sonso",0.0769610411361284,0.0066607460035524,0.0466252220248668
"2042","101206","Action_42","Morph_92","KW","Climbonme","Push","Push.5","Sonso",-0.083381608939051,0.0066607460035524,0.0466252220248668
"2043","102345","Action_45","Morph_100","KW","Climbonme","Reach","Reach.1","Sonso",-0.44628710262842,0.0408525754884547,0.0801509769094138
"2044","102168","Action_3","Morph_16","KW","Play","Bite","Bite.8","Sonso",0,0.00288632326820604,0.0168738898756661
"2045","102168","Action_15","Morph_36","KW","Play","Grabhold","GrabHold.2","Sonso",1.37624402526639,0.005550621669627,0.0204262877442274
"2046","101495","Action_42","Morph_88","KW","Climbonme","Push","Push.1","Sonso",-0.22314355131421,0.0106571936056838,0.0466252220248668
"2047","100333","Action_38","Morph_75","KW","Climbonme","Present","Present.1","Sonso",-1.6094379124341,0.0170959147424512,0.0492895204262877
"2048","100141","Action_45","Morph_100","KW","Climbonme","Reach","Reach.1","Sonso",-1.02165124753198,0.0408525754884547,0.0801509769094138
"2049","100029","Action_38","Morph_75","KW","Climbonme","Present","Present.1","Sonso",0.824175442966349,0.0170959147424512,0.0492895204262877
"2050","102170","Action_64","Morph_136","KW","Playcontinue","Touchlongother","Touch.5","Sonso",0.824175442966349,0.00421847246891652,0.0175399644760213
"2051","100780","Action_42","Morph_92","KW","Moveclose","Push","Push.5","Sonso",-0.27443684570176,0.0066607460035524,0.0466252220248668
"2052","100109a","Action_41","Morph_86","KW","Climbonme","Pull","Pull.3","Sonso",0.364643113587909,0.00510657193605684,0.0253108348134991
"2053","100149","Action_42","Morph_93","KW","Followme","Push","Push.6","Sonso",-0.579818495252942,0.0066607460035524,0.0466252220248668
"2054","101633","Action_63","Morph_139","KW","Play","Touch","Touch.8","Sonso",-0.7339691750802,0.00577264653641208,0.0341918294849023
"2055","101023","Action_15","Morph_36","KW","Stopbehaviour","Grabhold","GrabHold.2","Sonso",1.01523067972906,0.005550621669627,0.0204262877442274
"2056","101167","Action_38","Morph_75","KW","Climbonme","Present","Present.1","Sonso",-0.328504066972036,0.0170959147424512,0.0492895204262877
"2057","100831","Action_41","Morph_85","KW","Stopbehaviour","Pull","Pull.2","Sonso",0,0.00643872113676732,0.0253108348134991
"2058","100689","Action_63","Morph_136","KW","Stopbehaviour","Touch","Touch.5","Sonso",-0.27443684570176,0.00421847246891652,0.0341918294849023
"2059","100788","Action_38","Morph_75","KW","Directattention","Present","Present.1","Sonso",1.11185751541813,0.0170959147424512,0.0492895204262877
"2060","102072","Action_2","Morph_4","KW","Directattention","Bigloudscratch","BigLoudScratch.2","Sonso",-0.27443684570176,0.019316163410302,0.0577264653641208
"2061","102400","Action_45","Morph_100","KW","Affiliation","Reach","Reach.1","Sonso",-0.44628710262842,0.0408525754884547,0.0801509769094138
"2062","100158","Action_2","Morph_4","KW","Groom","Bigloudscratch","BigLoudScratch.2","Sonso",0.712949807856125,0.019316163410302,0.0577264653641208
"2063","101237","Action_42","Morph_91","KW","Position","Push","Push.4","Sonso",0,0.00932504440497336,0.0466252220248668
"2064","100787b","Action_38","Morph_80","KW","Groom","Present","Present.6","Sonso",0.494696241836107,0.00155417406749556,0.0492895204262877
"2065","100834","Action_42","Morph_93","KW","Position","Push","Push.6","Sonso",-0.127833371509885,0.0066607460035524,0.0466252220248668
"2066","102072","Action_38","Morph_76","KW","Directattention","Present","Present.2","Sonso",-0.27443684570176,0.0135435168738899,0.0492895204262877
"2067","100832","Action_38","Morph_79","KW","Groom","Present","Present.5","Sonso",0.392042087776024,0.00688277087033748,0.0492895204262877
"2068","100789","Action_64","Morph_132","KW","Play","Touchlongother","Touch.1","Sonso",0.65232518603969,0.0104351687388988,0.0175399644760213
"2069","100323","Action_39","Morph_82","KW","Sexualattention","Presentgenitalsbackwards","PresentGenitals.1","Sonso",0.148420005118273,0.0295293072824156,0.033303730017762
"2070","102250a","Action_2","Morph_4","KW","Travel","Bigloudscratch","BigLoudScratch.2","Sonso",0.631271776841858,0.019316163410302,0.0577264653641208
"2071","102250a","Action_2","Morph_3","KW","Travel","Bigloudscratch","BigLoudScratch.1","Sonso",0.392042087776024,0.0215364120781528,0.0577264653641208
"2072","102250a","Action_2","Morph_5","KW","Travel","Bigloudscratch","BigLoudScratch.3","Sonso",0.494696241836107,0.0119893428063943,0.0577264653641208
"2073","102335","Action_42","Morph_93","KW","Position","Push","Push.6","Sonso",-1.42711635564015,0.0066607460035524,0.0466252220248668
"2074","101932","Action_42","Morph_90","KW","Position","Push","Push.3","Sonso",-0.0408219945202552,0.00510657193605684,0.0466252220248668
"2075","102250a","Action_2","Morph_6","KW","Travel","Bigloudscratch","BigLoudScratch.4","Sonso",0.587786664902119,0.00421847246891652,0.0577264653641208
"2076","102307","Action_2","Morph_4","KW","Groom","Bigloudscratch","BigLoudScratch.2","Sonso",0.494696241836107,0.019316163410302,0.0577264653641208
"2077","100218b","Action_45","Morph_100","KW","Sexualattention","Reach","Reach.1","Sonso",-0.22314355131421,0.0408525754884547,0.0801509769094138
"2078","100081","Action_39","Morph_82","KW","Sexualattention","Presentgenitalsbackwards","PresentGenitals.1","Sonso",0.631271776841858,0.0295293072824156,0.033303730017762
"2079","100988b","Action_39","Morph_82","KW","Moveaway","Presentgenitalsbackwards","PresentGenitals.1","Sonso",-0.653926467406664,0.0295293072824156,0.033303730017762
"2080","100320","Action_39","Morph_82","KW","Sexualattention","Presentgenitalsbackwards","PresentGenitals.1","Sonso",0.542324290825362,0.0295293072824156,0.033303730017762
"2081","100336b","Action_39","Morph_82","KW","Stopbehaviour","Presentgenitalsbackwards","PresentGenitals.1","Sonso",0.113328685307003,0.0295293072824156,0.033303730017762
"2082","100334b","Action_39","Morph_82","KW","Affiliation","Presentgenitalsbackwards","PresentGenitals.1","Sonso",0,0.0295293072824156,0.033303730017762
"2083","100840","Action_42","Morph_89","KW","Position","Push","Push.2","Sonso",-0.510825623765991,0.00355239786856128,0.0466252220248668
"2084","100839","Action_42","Morph_89","KW","Position","Push","Push.2","Sonso",-0.083381608939051,0.00355239786856128,0.0466252220248668
"2085","100337b","Action_39","Morph_82","KW","Stopbehaviour","Presentgenitalsbackwards","PresentGenitals.1","Sonso",0.182321556793955,0.0295293072824156,0.033303730017762
"2086","102344","Action_17","Morph_39","KW","Moveaway","Hitobject","HitObject.1","Sonso",-0.22314355131421,0.0430728241563055,0.0559502664298401
"2087","100009","Action_38","Morph_80","KW","Sexualattention","Present","Present.6","Sonso",-0.510825623765991,0.00155417406749556,0.0492895204262877
"2088","100132","Action_39","Morph_82","KW","Sociosexualattention","Presentgenitalsbackwards","PresentGenitals.1","Sonso",-0.82098055206983,0.0295293072824156,0.033303730017762
"2089","100871","Action_42","Morph_93","KW","Position","Push","Push.6","Sonso",-0.174353387144778,0.0066607460035524,0.0466252220248668
"2090","100870","Action_2","Morph_5","KW","Groom","Bigloudscratch","BigLoudScratch.3","Sonso",0.307484699747961,0.0119893428063943,0.0577264653641208
"2091","100989","Action_39","Morph_82","KW","Giveme","Presentgenitalsbackwards","PresentGenitals.1","Sonso",-0.22314355131421,0.0295293072824156,0.033303730017762
"2092","100989","Action_39","Morph_82","KW","Giveme","Presentgenitalsbackwards","PresentGenitals.1","Sonso",-3.2188758248682,0.0295293072824156,0.033303730017762
"2093","100759","Action_20","Morph_50","KW","Stopbehaviour","Hitother","HitOther.6","Sonso",-0.579818495252942,0.00488454706927176,0.0404085257548845
"2094","100759","Action_20","Morph_50","KW","Stopbehaviour","Hitother","HitOther.6","Sonso",-0.127833371509885,0.00488454706927176,0.0404085257548845
"2095","101336","Action_20","Morph_45","KX","Play","Hitother","HitOther.1","Sonso",-0.44628710262842,0.0202042628774423,0.0404085257548845
"2096","101717","Action_15","Morph_37","KX","Play","Grabhold","GrabHold.3","Sonso",0.940007258491471,0.00532859680284192,0.0204262877442274
"2097","101336","Action_14","Morph_32","KX","Play","Grab","Grab.4","Sonso",-0.22314355131421,0.00754884547069272,0.0353019538188277
"2098","101911","Action_17","Morph_41","KX","Play","Hitobject","HitObject.3","Sonso",-0.510825623765991,0.00510657193605684,0.0559502664298401
"2099","101911","Action_8","Morph_19","KX","Play","Dangle","Dangle.1","Sonso",0.27763173659828,0.0484014209591474,0.0484014209591474
"2100","101911","Action_32","Morph_60","KX","Play","Objectmouth","ObjectMouth.1","Sonso",-1.42711635564015,0.00466252220248668,0.00466252220248668
"2101","101911","Action_60","Morph_127","KX","Play","Swing","Swing.1","Sonso",0.631271776841858,0.0428507992895204,0.0475133214920071
"2102","101221","Action_60","Morph_127","KX","Play","Swing","Swing.1","Sonso",-0.083381608939051,0.0428507992895204,0.0475133214920071
"2103","101221","Action_9","Morph_20","KX","Play","Dangleshake","DangleShake.1","Sonso",0.113328685307003,0.00710479573712256,0.00710479573712256
"2104","101222","Action_8","Morph_19","KX","Play","Dangle","Dangle.1","Sonso",0.182321556793955,0.0484014209591474,0.0484014209591474
"2105","101221","Action_60","Morph_127","KX","Play","Swing","Swing.1","Sonso",-0.385662480811985,0.0428507992895204,0.0475133214920071
"2106","100778a","Action_15","Morph_35","KX","Play","Grabhold","GrabHold.1","Sonso",1.04380405217311,0.00932504440497336,0.0204262877442274
"2107","101221","Action_50","Morph_108","KX","Play","Shake","Shake.2","Sonso",0.182321556793955,0.00466252220248668,0.0122113676731794
"2108","101221","Action_45","Morph_100","KX","Play","Reach","Reach.1","Sonso",-0.44628710262842,0.0408525754884547,0.0801509769094138
"2109","101221","Action_60","Morph_127","KX","Play","Swing","Swing.1","Sonso",0.494696241836107,0.0428507992895204,0.0475133214920071
"2110","101498","Action_58","Morph_NA","KX","Play","Stompother",NA,"Sonso",-0.328504066972036,0.0159857904085258,0.00377442273534636
"2111","101901","Action_34","Morph_65","KX","Playcontinue","Objectshake","ObjectShake.1","Sonso",0.78845736036427,0.0746003552397869,0.108792184724689
"2112","101497a","Action_23","Morph_48","KX","Play","Hittingother","HitOther.4","Sonso",-0.22314355131421,0.00732682060390764,0.0157637655417407
"2113","101901","Action_57","Morph_115","KX","Playcontinue","Stompobject","StompObject.1","Sonso",0.113328685307003,0.0337477797513321,0.0424067495559503
"2114","101901","Action_20","Morph_45","KX","Playcontinue","Hitother","HitOther.1","Sonso",0.27763173659828,0.0202042628774423,0.0404085257548845
"2115","101497a","Action_42","Morph_95","KX","Play","Push","Push.8","Sonso",0.470003629245736,0.00133214920071048,0.0466252220248668
"2116","101083","Action_14","Morph_34","KX","Play","Grab","Grab.6","Sonso",-0.7339691750802,0.00355239786856128,0.0353019538188277
"2117","101083","Action_32","Morph_60","KX","Play","Objectmouth","ObjectMouth.1","Sonso",0.631271776841858,0.00466252220248668,0.00466252220248668
"2118","101338","Action_55","Morph_121","KX","Playcontinue","Stompingobject","StompObject.7","Sonso",0.542324290825362,0.00066607460035524,0.0230905861456483
"2119","101219","Action_64","Morph_140","KX","Giveme","Touchlongother","Touch.9","Sonso",1.15057202759882,0.00399644760213144,0.0175399644760213
"2120","101337","Action_63","Morph_139","KX","Play","Touch","Touch.8","Sonso",-0.916290731874155,0.00577264653641208,0.0341918294849023
"2121","101497a","Action_23","Morph_48","KX","Play","Hittingother","HitOther.4","Sonso",-0.127833371509885,0.00732682060390764,0.0157637655417407
"2122","101498","Action_42","Morph_95","KX","Play","Push","Push.8","Sonso",0.712949807856125,0.00133214920071048,0.0466252220248668
"2123","101337","Action_14","Morph_33","KX","Play","Grab","Grab.5","Sonso",-0.22314355131421,0.0033303730017762,0.0353019538188277
"2124","101498","Action_20","Morph_45","KX","Play","Hitother","HitOther.1","Sonso",-0.174353387144778,0.0202042628774423,0.0404085257548845
"2125","101498","Action_8","Morph_19","KX","Play","Dangle","Dangle.1","Sonso",0.113328685307003,0.0484014209591474,0.0484014209591474
"2126","101606","Action_34","Morph_67","KX","Play","Objectshake","ObjectShake.3","Sonso",0.113328685307003,0.0022202486678508,0.108792184724689
"2127","101813a","Action_20","Morph_49","KX","Play","Hitother","HitOther.5","Sonso",-0.82098055206983,0.00599467140319716,0.0404085257548845
"2128","101813a","Action_20","Morph_49","KX","Play","Hitother","HitOther.5","Sonso",-0.7339691750802,0.00599467140319716,0.0404085257548845
"2129","101555","Action_56","Morph_123","KX","Play","Stompingother","StompOther.2","Sonso",0.27763173659828,0.00244227353463588,0.00266429840142096
"2130","101555","Action_23","Morph_47","KX","Play","Hittingother","HitOther.3","Sonso",0.307484699747961,0.00843694493783304,0.0157637655417407
"2131","100203p2","Action_2","Morph_3","KY","Travel","Bigloudscratch","BigLoudScratch.1","Sonso",0.518793793415168,0.0215364120781528,0.0577264653641208
"2132","100203p2","Action_2","Morph_4","KY","Travel","Bigloudscratch","BigLoudScratch.2","Sonso",0.518793793415168,0.019316163410302,0.0577264653641208
"2133","100203p1","Action_2","Morph_4","KY","Travel","Bigloudscratch","BigLoudScratch.2","Sonso",0.518793793415168,0.019316163410302,0.0577264653641208
"2134","100203p2","Action_2","Morph_4","KY","Travel","Bigloudscratch","BigLoudScratch.2","Sonso",0.494696241836107,0.019316163410302,0.0577264653641208
"2135","100203p2","Action_2","Morph_3","KY","Travel","Bigloudscratch","BigLoudScratch.1","Sonso",0.542324290825362,0.0215364120781528,0.0577264653641208
"2136","101497b","Action_14","Morph_32","KY","Stopbehaviour","Grab","Grab.4","Sonso",-0.127833371509885,0.00754884547069272,0.0353019538188277
"2137","100203p2","Action_2","Morph_4","KY","Travel","Bigloudscratch","BigLoudScratch.2","Sonso",0.418710334858185,0.019316163410302,0.0577264653641208
"2138","100203p2","Action_2","Morph_3","KY","Travel","Bigloudscratch","BigLoudScratch.1","Sonso",0.732367893713227,0.0215364120781528,0.0577264653641208
"2139","100203p2","Action_2","Morph_3","KY","Travel","Bigloudscratch","BigLoudScratch.1","Sonso",0.672944473242426,0.0215364120781528,0.0577264653641208
"2140","100222a","Action_57","Morph_115","KY","Staysame","Stompobject","StompObject.1","Sonso",-0.7339691750802,0.0337477797513321,0.0424067495559503
"2141","100222a","Action_45","Morph_100","KY","Staysame","Reach","Reach.1","Sonso",-0.22314355131421,0.0408525754884547,0.0801509769094138
"2142","100388","Action_41","Morph_85","KY","Playcontinue","Pull","Pull.2","Sonso",-0.0408219945202552,0.00643872113676732,0.0253108348134991
"2143","100892","Action_34","Morph_65","KZ","Sexualattention","Objectshake","ObjectShake.1","Sonso",0.770108221696074,0.0746003552397869,0.108792184724689
"2144","100892","Action_17","Morph_39","KZ","Sexualattention","Hitobject","HitObject.1","Sonso",-0.653926467406664,0.0430728241563055,0.0559502664298401
"2145","101349","Action_18","Morph_40","KZ","Sexualattention","Hitobjectobject","HitObject.2","Sonso",0.246860077931526,0.0119893428063943,0.00466252220248668
"2146","100892","Action_57","Morph_119","KZ","Sexualattention","Stompobject","StompObject.5","Sonso",-0.22314355131421,0.00155417406749556,0.0424067495559503
"2147","101349","Action_33","Morph_61","KZ","Sexualattention","Objectmove","ObjectMove.1","Sonso",-0.22314355131421,0.0317495559502664,0.0406305506216696
"2148","101349","Action_17","Morph_40","KZ","Sexualattention","Hitobject","HitObject.2","Sonso",0.246860077931526,0.0119893428063943,0.0559502664298401
"2149","100892","Action_34","Morph_66","KZ","Sexualattention","Objectshake","ObjectShake.2","Sonso",0.336472236621213,0.0237566607460036,0.108792184724689
"2150","100892","Action_17","Morph_39","KZ","Sexualattention","Hitobject","HitObject.1","Sonso",-0.82098055206983,0.0430728241563055,0.0559502664298401
"2151","100875a","Action_38","Morph_79","KZ","Sociosexualattention","Present","Present.5","Sonso",0.0392207131532813,0.00688277087033748,0.0492895204262877
"2152","101755b","Action_34","Morph_65","KZ","Moveaway","Objectshake","ObjectShake.1","Sonso",0.0392207131532813,0.0746003552397869,0.108792184724689
"2153","102152","Action_42","Morph_92","KZ","Position","Push","Push.5","Sonso",0.0769610411361284,0.0066607460035524,0.0466252220248668
"2154","101636","Action_8","Morph_19","KZ","Playcontinue","Dangle","Dangle.1","Sonso",0.215111379616945,0.0484014209591474,0.0484014209591474
"2155","100959","Action_3","Morph_14","KZ","Playcontinue","Bite","Bite.6","Sonso",-0.083381608939051,0.00266429840142096,0.0168738898756661
"2156","101630","Action_3","Morph_11","KZ","Play","Bite","Bite.3","Sonso",-0.7339691750802,0.00310834813499112,0.0168738898756661
"2157","101632","Action_64","Morph_139","KZ","Play","Touchlongother","Touch.8","Sonso",1.02961941718116,0.00577264653641208,0.0175399644760213
"2158","101632","Action_16","Morph_38","KZ","Play","Headstand","HeadStand.1","Sonso",0.518793793415168,0.0066607460035524,0.0066607460035524
"2159","101630","Action_14","Morph_29","KZ","Play","Grab","Grab.1","Sonso",-0.579818495252942,0.00821492007104796,0.0353019538188277
"2160","101636","Action_20","Morph_45","KZ","Playcontinue","Hitother","HitOther.1","Sonso",-0.44628710262842,0.0202042628774423,0.0404085257548845
"2161","100958","Action_14","Morph_34","KZ","Playcontinue","Grab","Grab.6","Sonso",-0.653926467406664,0.00355239786856128,0.0353019538188277
"2162","100959","Action_15","Morph_37","KZ","Playcontinue","Grabhold","GrabHold.3","Sonso",1.08518926833597,0.00532859680284192,0.0204262877442274
"2163","100961b","Action_14","Morph_33","KZ","Play","Grab","Grab.5","Sonso",-1.13943428318836,0.0033303730017762,0.0353019538188277
"2164","100961b","Action_20","Morph_45","KZ","Play","Hitother","HitOther.1","Sonso",-0.7339691750802,0.0202042628774423,0.0404085257548845
"2165","101504","Action_15","Morph_36","KZ","Play","Grabhold","GrabHold.2","Sonso",-0.27443684570176,0.005550621669627,0.0204262877442274
"2166","100317","Action_47","Morph_103","KZ","Sexualattention","Rockingsit","Rocking.1","Sonso",0.56531380905006,0.00377442273534636,0.00377442273534636
"2167","101504","Action_14","Morph_30","KZ","Play","Grab","Grab.2","Sonso",0.148420005118273,0.00799289520426288,0.0353019538188277
"2168","100307","Action_47","Morph_103","KZ","Sexualattention","Rockingsit","Rocking.1","Sonso",1.02961941718116,0.00377442273534636,0.00377442273534636
"2169","100707","Action_23","Morph_47","KZ","Affiliation","Hittingother","HitOther.3","Sonso",0.364643113587909,0.00843694493783304,0.0157637655417407
"2170","100833","Action_23","Morph_47","KZ","Play","Hittingother","HitOther.3","Sonso",0.470003629245736,0.00843694493783304,0.0157637655417407
"2171","101279","Action_63","Morph_135","KZ","Stopbehaviour","Touch","Touch.4","Sonso",-0.579818495252942,0.00488454706927176,0.0341918294849023
"2172","101500","Action_14","Morph_29","KZ","Play","Grab","Grab.1","Sonso",-0.0408219945202552,0.00821492007104796,0.0353019538188277
"2173","101681","Action_42","Morph_91","KZ","Play","Push","Push.4","Sonso",-0.653926467406664,0.00932504440497336,0.0466252220248668
"2174","101681","Action_17","Morph_39","KZ","Play","Hitobject","HitObject.1","Sonso",-0.44628710262842,0.0430728241563055,0.0559502664298401
"2175","101214b","Action_45","Morph_100","KZ","Playcontinue","Reach","Reach.1","Sonso",-0.27443684570176,0.0408525754884547,0.0801509769094138
"2176","101213p1","Action_45","Morph_100","KZ","Play","Reach","Reach.1","Sonso",0.182321556793955,0.0408525754884547,0.0801509769094138
"2177","100136","Action_17","Morph_39","KZ","Moveaway","Hitobject","HitObject.1","Sonso",-0.127833371509885,0.0430728241563055,0.0559502664298401
"2178","100278b","Action_17","Morph_40","KZ","Play","Hitobject","HitObject.2","Sonso",0.215111379616945,0.0119893428063943,0.0559502664298401
"2179","100135","Action_17","Morph_39","KZ","Play","Hitobject","HitObject.1","Sonso",-1.13943428318836,0.0430728241563055,0.0559502664298401
"2180","101028","Action_63","Morph_137","KZ","Stopbehaviour","Touch","Touch.6","Sonso",-0.44628710262842,0.00488454706927176,0.0341918294849023
"2181","100277","Action_17","Morph_39","KZ","Play","Hitobject","HitObject.1","Sonso",-0.44628710262842,0.0430728241563055,0.0559502664298401
"2182","100278b","Action_29","Morph_58","KZ","Play","Locomotegallop","LocomoteGallop.1","Sonso",-0.127833371509885,0.00821492007104796,0.00821492007104796
"2183","100278b","Action_33","Morph_61","KZ","Play","Objectmove","ObjectMove.1","Sonso",0.336472236621213,0.0317495559502664,0.0406305506216696
"2184","100135","Action_60","Morph_127","KZ","Play","Swing","Swing.1","Sonso",-0.22314355131421,0.0428507992895204,0.0475133214920071
"2185","100277","Action_20","Morph_45","KZ","Play","Hitother","HitOther.1","Sonso",-0.127833371509885,0.0202042628774423,0.0404085257548845
"2186","101028","Action_63","Morph_137","KZ","Stopbehaviour","Touch","Touch.6","Sonso",1.45395300959371,0.00488454706927176,0.0341918294849023
"2187","101774","Action_41","Morph_86","KZ","Play","Pull","Pull.3","Sonso",-0.083381608939051,0.00510657193605684,0.0253108348134991
"2188","101624","Action_17","Morph_39","KZ","Stopbehaviour","Hitobject","HitObject.1","Sonso",-0.174353387144778,0.0430728241563055,0.0559502664298401
"2189","101619","Action_15","Morph_35","KZ","Giveme","Grabhold","GrabHold.1","Sonso",1.1999647829284,0.00932504440497336,0.0204262877442274
"2190","102250b","Action_2","Morph_6","KZ","Travel","Bigloudscratch","BigLoudScratch.4","Sonso",0.806475865866949,0.00421847246891652,0.0577264653641208
"2191","101930","Action_38","Morph_77","KZ","Groom","Present","Present.3","Sonso",0,0.00466252220248668,0.0492895204262877
"2192","101619","Action_45","Morph_101","KZ","Giveme","Reach","Reach.2","Sonso",-0.82098055206983,0.0370781527531083,0.0801509769094138
"2193","101619","Action_15","Morph_35","KZ","Giveme","Grabhold","GrabHold.1","Sonso",1.07158361628019,0.00932504440497336,0.0204262877442274
"2194","101620","Action_45","Morph_101","KZ","Giveme","Reach","Reach.2","Sonso",0.494696241836107,0.0370781527531083,0.0801509769094138
"2195","101930","Action_38","Morph_76","KZ","Groom","Present","Present.2","Sonso",0.307484699747961,0.0135435168738899,0.0492895204262877
"2196","101619","Action_45","Morph_101","KZ","Giveme","Reach","Reach.2","Sonso",0.494696241836107,0.0370781527531083,0.0801509769094138
"2197","101619","Action_45","Morph_101","KZ","Giveme","Reach","Reach.2","Sonso",-0.328504066972036,0.0370781527531083,0.0801509769094138
"2198","100986a","Action_45","Morph_100","KZ","Giveme","Reach","Reach.1","Sonso",0.732367893713227,0.0408525754884547,0.0801509769094138
"2199","100983","Action_34","Morph_66","KZ","Giveme","Objectshake","ObjectShake.2","Sonso",0.494696241836107,0.0237566607460036,0.108792184724689
"2200","100987","Action_45","Morph_100","KZ","Giveme","Reach","Reach.1","Sonso",0.444685821261446,0.0408525754884547,0.0801509769094138
"2201","100986a","Action_45","Morph_100","KZ","Giveme","Reach","Reach.1","Sonso",0.0392207131532813,0.0408525754884547,0.0801509769094138
"2202","101216","Action_39","Morph_83","KZ","Sociosexualattention","Presentgenitalsbackwards","PresentGenitals.2","Sonso",-0.579818495252942,0.00577264653641208,0.033303730017762
"2203","102411","Action_34","Morph_65","KZ","Sexualattention","Objectshake","ObjectShake.1","Sonso",-0.127833371509885,0.0746003552397869,0.108792184724689
"2204","102411","Action_34","Morph_65","KZ","Sexualattention","Objectshake","ObjectShake.1","Sonso",-0.44628710262842,0.0746003552397869,0.108792184724689
"2205","100240","Action_11","Morph_NA","KZ","Affiliation","Embrace",NA,"Sonso",-0.328504066972036,0.0159857904085258,0.005550621669627
"2206","100240","Action_3","Morph_12","KZ","Affiliation","Bite","Bite.4","Sonso",-0.385662480811985,0.00177619893428064,0.0168738898756661
"2207","100137","Action_39","Morph_82","KZ","Stopbehaviour","Presentgenitalsbackwards","PresentGenitals.1","Sonso",0.56531380905006,0.0295293072824156,0.033303730017762
"2208","100300","Action_33","Morph_61","KZ","Staysame","Objectmove","ObjectMove.1","Sonso",0.0392207131532813,0.0317495559502664,0.0406305506216696
"2209","100137","Action_63","Morph_135","KZ","Stopbehaviour","Touch","Touch.4","Sonso",0,0.00488454706927176,0.0341918294849023
"2210","101056","Action_20","Morph_46","KZ","Play","Hitother","HitOther.2","Sonso",-0.510825623765991,0.00932504440497336,0.0404085257548845
"2211","101230","Action_34","Morph_65","KZ","Play","Objectshake","ObjectShake.1","Sonso",-0.0408219945202552,0.0746003552397869,0.108792184724689
"2212","101230","Action_15","Morph_37","KZ","Play","Grabhold","GrabHold.3","Sonso",1.00063188030791,0.00532859680284192,0.0204262877442274
"2213","101230","Action_33","Morph_61","KZ","Play","Objectmove","ObjectMove.1","Sonso",0.246860077931526,0.0317495559502664,0.0406305506216696
"2214","101197a","Action_15","Morph_36","KZ","Play","Grabhold","GrabHold.2","Sonso",0.89199803930511,0.005550621669627,0.0204262877442274
"2215","101197a","Action_63","Morph_134","KZ","Play","Touch","Touch.3","Sonso",-0.510825623765991,0.00488454706927176,0.0341918294849023
"2216","101056","Action_29","Morph_58","KZ","Play","Locomotegallop","LocomoteGallop.1","Sonso",-0.44628710262842,0.00821492007104796,0.00821492007104796
"2217","101197a","Action_63","Morph_134","KZ","Play","Touch","Touch.3","Sonso",-0.579818495252942,0.00488454706927176,0.0341918294849023
"2218","102158","Action_27","Morph_54","KZ","Sexualattention","Leafclip","LeafClip.1","Sonso",0.751416088683921,0.0044404973357016,0.00599467140319716
"2219","101002","Action_50","Morph_108","KZ","Play","Shake","Shake.2","Sonso",-0.174353387144778,0.00466252220248668,0.0122113676731794
"2220","102158","Action_27","Morph_NA","KZ","Sexualattention","Leafclip",NA,"Sonso",0.841567185678219,0.0159857904085258,0.00599467140319716
"2221","101002","Action_50","Morph_110","KZ","Play","Shake","Shake.4","Sonso",-0.328504066972036,0.00399644760213144,0.0122113676731794
"2222","101658","Action_57","Morph_115","KZ","Play","Stompobject","StompObject.1","Sonso",-0.653926467406664,0.0337477797513321,0.0424067495559503
"2223","101658","Action_17","Morph_39","KZ","Play","Hitobject","HitObject.1","Sonso",-0.44628710262842,0.0430728241563055,0.0559502664298401
"2224","101658","Action_17","Morph_40","KZ","Play","Hitobject","HitObject.2","Sonso",-0.328504066972036,0.0119893428063943,0.0559502664298401
"2225","101658","Action_21","Morph_42","KZ","Play","Hittingobject","HitObject.4","Sonso",0,0.00599467140319716,0.00799289520426288
"2226","101658","Action_17","Morph_40","KZ","Play","Hitobject","HitObject.2","Sonso",-0.510825623765991,0.0119893428063943,0.0559502664298401
"2227","101776","Action_55","Morph_117","KZ","Moveaway","Stompingobject","StompObject.3","Sonso",0.0392207131532813,0.00688277087033748,0.0230905861456483
"2228","101776","Action_17","Morph_39","KZ","Moveaway","Hitobject","HitObject.1","Sonso",-1.13943428318836,0.0430728241563055,0.0559502664298401
"2229","101853","Action_63","Morph_132","KZ","Staysame","Touch","Touch.1","Sonso",-0.916290731874155,0.0104351687388988,0.0341918294849023
"2230","101271","Action_42","Morph_93","KZ","Position","Push","Push.6","Sonso",-0.328504066972036,0.0066607460035524,0.0466252220248668
"2231","100232","Action_13","Morph_27","KZ","Moveaway","Fling","Fling.1","Sonso",-0.44628710262842,0.00688277087033748,0.0117673179396092
"2232","101492","Action_14","Morph_30","KZ","Play","Grab","Grab.2","Sonso",-0.44628710262842,0.00799289520426288,0.0353019538188277
"2233","101492","Action_14","Morph_34","KZ","Play","Grab","Grab.6","Sonso",-0.083381608939051,0.00355239786856128,0.0353019538188277
"2234","100233a","Action_63","Morph_133","KZ","Affiliation","Touch","Touch.2","Sonso",-0.579818495252942,0.00754884547069272,0.0341918294849023
"2235","100079","Action_23","Morph_47","KZ","Affiliation","Hittingother","HitOther.3","Sonso",0.307484699747961,0.00843694493783304,0.0157637655417407
"2236","100097","Action_63","Morph_135","KZ","Sociosexualattention","Touch","Touch.4","Sonso",-0.468404907882039,0.00488454706927176,0.0341918294849023
"2237","100234b","Action_3","Morph_9","KZ","Affiliation","Bite","Bite.1","Sonso",-1.27296567581289,0.0044404973357016,0.0168738898756661
"2238","101123","Action_23","Morph_47","KZ","Sociosexualattention","Hittingother","HitOther.3","Sonso",0.27763173659828,0.00843694493783304,0.0157637655417407
"2239","102360b","Action_20","Morph_45","KZ","Playcontinue","Hitother","HitOther.1","Sonso",-0.579818495252942,0.0202042628774423,0.0404085257548845
"2240","102360b","Action_37","Morph_74","KZ","Playcontinue","Poke","Poke.1","Sonso",-1.13943428318836,0.00266429840142096,0.00266429840142096
"2241","102360b","Action_37","Morph_74","KZ","Playcontinue","Poke","Poke.1","Sonso",-0.385662480811985,0.00266429840142096,0.00266429840142096
"2242","100632","Action_39","Morph_82","LL","Affiliation","Presentgenitalsbackwards","PresentGenitals.1","Sonso",0.693147180559945,0.0295293072824156,0.033303730017762
"2243","100628b","Action_49","Morph_105","LL","Sexualattention","Rub","Rub.1","Sonso",0.955511445027436,0.0044404973357016,0.0066607460035524
"2244","100636a","Action_39","Morph_82","LL","Sociosexualattention","Presentgenitalsbackwards","PresentGenitals.1","Sonso",0.770108221696074,0.0295293072824156,0.033303730017762
"2245","100627","Action_39","Morph_82","LL","Sexualattention","Presentgenitalsbackwards","PresentGenitals.1","Sonso",0.587786664902119,0.0295293072824156,0.033303730017762
"2246","100630","Action_39","Morph_82","LL","Sexualattention","Presentgenitalsbackwards","PresentGenitals.1","Sonso",0.65232518603969,0.0295293072824156,0.033303730017762
"2247","100641b","Action_39","Morph_82","LL","Sexualattention","Presentgenitalsbackwards","PresentGenitals.1","Sonso",0.940007258491471,0.0295293072824156,0.033303730017762
"2248","100639a","Action_39","Morph_82","LL","Sexualattention","Presentgenitalsbackwards","PresentGenitals.1","Sonso",0.542324290825362,0.0295293072824156,0.033303730017762
"2249","100649a","Action_39","Morph_82","LL","Sociosexualattention","Presentgenitalsbackwards","PresentGenitals.1","Sonso",0.113328685307003,0.0295293072824156,0.033303730017762
"2250","100653b","Action_45","Morph_100","LL","Affiliation","Reach","Reach.1","Sonso",-0.0408219945202552,0.0408525754884547,0.0801509769094138
"2251","100639a","Action_39","Morph_82","LL","Sexualattention","Presentgenitalsbackwards","PresentGenitals.1","Sonso",-0.083381608939051,0.0295293072824156,0.033303730017762
"2252","100653b","Action_64","Morph_134","LL","Affiliation","Touchlongother","Touch.3","Sonso",0.148420005118273,0.00488454706927176,0.0175399644760213
"2253","100638","Action_39","Morph_82","LL","Sociosexualattention","Presentgenitalsbackwards","PresentGenitals.1","Sonso",0.418710334858185,0.0295293072824156,0.033303730017762
"2254","100652a","Action_39","Morph_82","LL","Sociosexualattention","Presentgenitalsbackwards","PresentGenitals.1","Sonso",-0.579818495252942,0.0295293072824156,0.033303730017762
"2255","100699","Action_38","Morph_75","LL","Groom","Present","Present.1","Sonso",-0.0408219945202552,0.0170959147424512,0.0492895204262877
"2256","100700","Action_38","Morph_75","LL","Groom","Present","Present.1","Sonso",0.182321556793955,0.0170959147424512,0.0492895204262877
"2257","102372","Action_45","Morph_100","LL","Giveme","Reach","Reach.1","Sonso",-0.174353387144778,0.0408525754884547,0.0801509769094138
"2258","102372","Action_20","Morph_50","LL","Giveme","Hitother","HitOther.6","Sonso",-0.82098055206983,0.00488454706927176,0.0404085257548845
"2259","100777","Action_39","Morph_82","LL","Groom","Presentgenitalsbackwards","PresentGenitals.1","Sonso",-0.328504066972036,0.0295293072824156,0.033303730017762
"2260","100797b","Action_39","Morph_82","LL","Sexualattention","Presentgenitalsbackwards","PresentGenitals.1","Sonso",0.56531380905006,0.0295293072824156,0.033303730017762
"2261","100719b","Action_2","Morph_6","MA","Groom","Bigloudscratch","BigLoudScratch.4","Sonso",0.751416088683921,0.00421847246891652,0.0577264653641208
"2262","100717","Action_38","Morph_76","MA","Groom","Present","Present.2","Sonso",-0.083381608939051,0.0135435168738899,0.0492895204262877
"2263","100718","Action_38","Morph_79","MA","Groom","Present","Present.5","Sonso",-0.385662480811985,0.00688277087033748,0.0492895204262877
"2264","100465","Action_2","Morph_3","MA","Directattention","Bigloudscratch","BigLoudScratch.1","Sonso",0.27763173659828,0.0215364120781528,0.0577264653641208
"2265","100091a","Action_58","Morph_122","MB","Play","Stompother","StompOther.1","Sonso",-0.510825623765991,0.00244227353463588,0.00377442273534636
"2266","100091a","Action_20","Morph_49","MB","Play","Hitother","HitOther.5","Sonso",-0.328504066972036,0.00599467140319716,0.0404085257548845
"2267","100091a","Action_58","Morph_122","MB","Play","Stompother","StompOther.1","Sonso",-0.328504066972036,0.00244227353463588,0.00377442273534636
"2268","100221","Action_57","Morph_119","MB","Play","Stompobject","StompObject.5","Sonso",0.246860077931526,0.00155417406749556,0.0424067495559503
"2269","100218a","Action_43","Morph_96","MB","Sexualattention","Raise","Raise.1","Sonso",-0.579818495252942,0.00865896980461812,0.0113232682060391
"2270","102428","Action_45","Morph_100","MI","Play","Reach","Reach.1","Sonso",-0.328504066972036,0.0408525754884547,0.0801509769094138
"2271","101845","Action_45","Morph_100","MI","Play","Reach","Reach.1","Sonso",-0.653926467406664,0.0408525754884547,0.0801509769094138
"2272","100496","Action_14","Morph_29","MI","Affiliation","Grab","Grab.1","Sonso",-0.555125882662571,0.00821492007104796,0.0353019538188277
"2273","100496","Action_15","Morph_35","MI","Affiliation","Grabhold","GrabHold.1","Sonso",1.16127404979282,0.00932504440497336,0.0204262877442274
"2274","100845","Action_14","Morph_29","MI","Attendme","Grab","Grab.1","Sonso",0.806475865866949,0.00821492007104796,0.0353019538188277
"2275","100224","Action_17","Morph_39","MI","Playcontinue","Hitobject","HitObject.1","Sonso",-0.44628710262842,0.0430728241563055,0.0559502664298401
"2276","100537","Action_38","Morph_75","MK","Directattention","Present","Present.1","Sonso",0.364643113587909,0.0170959147424512,0.0492895204262877
"2277","102425","Action_45","Morph_100","MK","Staysame","Reach","Reach.1","Sonso",-0.127833371509885,0.0408525754884547,0.0801509769094138
"2278","102425","Action_33","Morph_61","MK","Staysame","Objectmove","ObjectMove.1","Sonso",-0.653926467406664,0.0317495559502664,0.0406305506216696
"2279","100489","Action_60","Morph_127","MK","Moveaway","Swing","Swing.1","Sonso",-0.579818495252942,0.0428507992895204,0.0475133214920071
"2280","102029","Action_45","Morph_100","MK","Moveclose","Reach","Reach.1","Sonso",-0.127833371509885,0.0408525754884547,0.0801509769094138
"2281","101910","Action_64","Morph_136","MK","Playcontinue","Touchlongother","Touch.5","Sonso",1.00063188030791,0.00421847246891652,0.0175399644760213
"2282","100490","Action_2","Morph_5","MK","Groom","Bigloudscratch","BigLoudScratch.3","Sonso",0.0392207131532813,0.0119893428063943,0.0577264653641208
"2283","100704a","Action_2","Morph_3","MK","Groom","Bigloudscratch","BigLoudScratch.1","Sonso",0.307484699747961,0.0215364120781528,0.0577264653641208
"2284","101791","Action_38","Morph_75","MK","Groom","Present","Present.1","Sonso",1.36609165380237,0.0170959147424512,0.0492895204262877
"2285","102030","Action_2","Morph_4","MK","Groom","Bigloudscratch","BigLoudScratch.2","Sonso",0.215111379616945,0.019316163410302,0.0577264653641208
"2286","101909a","Action_2","Morph_4","MK","Groom","Bigloudscratch","BigLoudScratch.2","Sonso",0.246860077931526,0.019316163410302,0.0577264653641208
"2287","102030","Action_38","Morph_76","MK","Groom","Present","Present.2","Sonso",-0.174353387144778,0.0135435168738899,0.0492895204262877
"2288","102015b","Action_38","Morph_76","MK","Groom","Present","Present.2","Sonso",1.02961941718116,0.0135435168738899,0.0492895204262877
"2289","102032","Action_38","Morph_76","MK","Groom","Present","Present.2","Sonso",0.0769610411361284,0.0135435168738899,0.0492895204262877
"2290","102032","Action_2","Morph_3","MK","Groom","Bigloudscratch","BigLoudScratch.1","Sonso",0.148420005118273,0.0215364120781528,0.0577264653641208
"2291","102015b","Action_38","Morph_76","MK","Groom","Present","Present.2","Sonso",0.148420005118273,0.0135435168738899,0.0492895204262877
"2292","100991b","Action_13","Morph_27","MK","Moveaway","Fling","Fling.1","Sonso",-1.13943428318836,0.00688277087033748,0.0117673179396092
"2293","100993","Action_45","Morph_100","MK","Giveme","Reach","Reach.1","Sonso",-0.22314355131421,0.0408525754884547,0.0801509769094138
"2294","100992","Action_45","Morph_100","MK","Giveme","Reach","Reach.1","Sonso",0.371563556432483,0.0408525754884547,0.0801509769094138
"2295","100993","Action_45","Morph_100","MK","Giveme","Reach","Reach.1","Sonso",0.729961153682662,0.0408525754884547,0.0801509769094138
"2296","100993","Action_45","Morph_100","MK","Giveme","Reach","Reach.1","Sonso",-0.287682072451781,0.0408525754884547,0.0801509769094138
"2297","100992","Action_45","Morph_100","MK","Giveme","Reach","Reach.1","Sonso",-0.363843433417345,0.0408525754884547,0.0801509769094138
"2298","100992","Action_45","Morph_101","MK","Giveme","Reach","Reach.2","Sonso",-0.105360515657826,0.0370781527531083,0.0801509769094138
"2299","100990","Action_39","Morph_82","MK","Giveme","Presentgenitalsbackwards","PresentGenitals.1","Sonso",-0.82098055206983,0.0295293072824156,0.033303730017762
"2300","100992","Action_45","Morph_101","MK","Giveme","Reach","Reach.2","Sonso",0.0246926125903714,0.0370781527531083,0.0801509769094138
"2301","100992","Action_45","Morph_100","MK","Giveme","Reach","Reach.1","Sonso",-0.663588378318401,0.0408525754884547,0.0801509769094138
"2302","100756","Action_20","Morph_50","MK","Moveaway","Hitother","HitOther.6","Sonso",-0.328504066972036,0.00488454706927176,0.0404085257548845
"2303","100981","Action_39","Morph_82","ML","Giveme","Presentgenitalsbackwards","PresentGenitals.1","Sonso",0.148420005118273,0.0295293072824156,0.033303730017762
"2304","100981","Action_45","Morph_101","ML","Giveme","Reach","Reach.2","Sonso",-1.02165124753198,0.0370781527531083,0.0801509769094138
"2305","100986b","Action_39","Morph_82","ML","Sexualattention","Presentgenitalsbackwards","PresentGenitals.1","Sonso",1.08518926833597,0.0295293072824156,0.033303730017762
"2306","101068","Action_41","Morph_86","ML","Climbonme","Pull","Pull.3","Sonso",0.751416088683921,0.00510657193605684,0.0253108348134991
"2307","101067","Action_41","Morph_86","ML","Climbonme","Pull","Pull.3","Sonso",0.182321556793955,0.00510657193605684,0.0253108348134991
"2308","100675","Action_8","Morph_19","MN","Play","Dangle","Dangle.1","Sonso",-0.7339691750802,0.0484014209591474,0.0484014209591474
"2309","100675","Action_34","Morph_66","MN","Play","Objectshake","ObjectShake.2","Sonso",0.924258901523332,0.0237566607460036,0.108792184724689
"2310","100675","Action_9","Morph_20","MN","Play","Dangleshake","DangleShake.1","Sonso",-0.127833371509885,0.00710479573712256,0.00710479573712256
"2311","101834","Action_38","Morph_75","MN","Groom","Present","Present.1","Sonso",0.215111379616945,0.0170959147424512,0.0492895204262877
"2312","100902","Action_45","Morph_100","MN","Givemenurse","Reach","Reach.1","Sonso",-0.653926467406664,0.0408525754884547,0.0801509769094138
"2313","100903","Action_63","Morph_132","MN","Givemenurse","Touch","Touch.1","Sonso",-0.22314355131421,0.0104351687388988,0.0341918294849023
"2314","100899","Action_63","Morph_138","MN","Moveclose","Touch","Touch.7","Sonso",-0.579818495252942,0.0044404973357016,0.0341918294849023
"2315","100902","Action_45","Morph_100","MN","Givemenurse","Reach","Reach.1","Sonso",-0.510825623765991,0.0408525754884547,0.0801509769094138
"2316","100902","Action_43","Morph_96","MN","Givemenurse","Raise","Raise.1","Sonso",0.182321556793955,0.00865896980461812,0.0113232682060391
"2317","100904","Action_43","Morph_96","MN","Givemenurse","Raise","Raise.1","Sonso",-0.229413164327805,0.00865896980461812,0.0113232682060391
"2318","100895","Action_63","Morph_140","MN","Giveme","Touch","Touch.9","Sonso",0,0.00399644760213144,0.0341918294849023
"2319","100903","Action_43","Morph_96","MN","Givemenurse","Raise","Raise.1","Sonso",-0.510825623765991,0.00865896980461812,0.0113232682060391
"2320","100902","Action_43","Morph_96","MN","Givemenurse","Raise","Raise.1","Sonso",0,0.00865896980461812,0.0113232682060391
"2321","100903","Action_60","Morph_127","MN","Givemenurse","Swing","Swing.1","Sonso",-0.174353387144778,0.0428507992895204,0.0475133214920071
"2322","100902","Action_45","Morph_100","MN","Givemenurse","Reach","Reach.1","Sonso",-0.7339691750802,0.0408525754884547,0.0801509769094138
"2323","100905","Action_45","Morph_100","MN","Moveclose","Reach","Reach.1","Sonso",-2.52572864430826,0.0408525754884547,0.0801509769094138
"2324","100903","Action_43","Morph_NA","MN","Givemenurse","Raise",NA,"Sonso",-1.02165124753198,0.0159857904085258,0.0113232682060391
"2325","100905","Action_45","Morph_100","MN","Moveclose","Reach","Reach.1","Sonso",-0.328504066972036,0.0408525754884547,0.0801509769094138
"2326","100113","Action_33","Morph_61","MS","Sexualattention","Objectmove","ObjectMove.1","Sonso",-0.27443684570176,0.0317495559502664,0.0406305506216696
"2327","100113","Action_17","Morph_39","MS","Sexualattention","Hitobject","HitObject.1","Sonso",-0.174353387144778,0.0430728241563055,0.0559502664298401
"2328","100113","Action_33","Morph_61","MS","Sexualattention","Objectmove","ObjectMove.1","Sonso",-0.510825623765991,0.0317495559502664,0.0406305506216696
"2329","100113","Action_34","Morph_65","MS","Sexualattention","Objectshake","ObjectShake.1","Sonso",1.28619774458161,0.0746003552397869,0.108792184724689
"2330","100610p2","Action_34","Morph_65","MS","Attendme","Objectshake","ObjectShake.1","Sonso",-0.22314355131421,0.0746003552397869,0.108792184724689
"2331","100611","Action_33","Morph_61","MS","Attendme","Objectmove","ObjectMove.1","Sonso",-0.22314355131421,0.0317495559502664,0.0406305506216696
"2332","100610p2","Action_24","Morph_51","MS","Attendme","Jump","Jump.1","Sonso",-0.083381608939051,0.00732682060390764,0.00732682060390764
"2333","100611","Action_58","Morph_122","MS","Attendme","Stompother","StompOther.1","Sonso",-0.127833371509885,0.00244227353463588,0.00377442273534636
"2334","100610p2","Action_20","Morph_49","MS","Attendme","Hitother","HitOther.5","Sonso",-0.328504066972036,0.00599467140319716,0.0404085257548845
"2335","100610p2","Action_22","Morph_43","MS","Attendme","Hittingobjectobject","HitObject.5","Sonso",0.444685821261446,0.0044404973357016,0.00266429840142096
"2336","100610p2","Action_24","Morph_51","MS","Attendme","Jump","Jump.1","Sonso",-0.44628710262842,0.00732682060390764,0.00732682060390764
"2337","100611","Action_41","Morph_84","MS","Attendme","Pull","Pull.1","Sonso",-0.510825623765991,0.00821492007104796,0.0253108348134991
"2338","102216a","Action_38","Morph_75","MS","Affiliation","Present","Present.1","Sonso",0.693147180559945,0.0170959147424512,0.0492895204262877
"2339","102229b","Action_38","Morph_75","MS","Directattention","Present","Present.1","Sonso",0.392042087776024,0.0170959147424512,0.0492895204262877
"2340","100702","Action_38","Morph_75","MS","Directattention","Present","Present.1","Sonso",1.75785791755237,0.0170959147424512,0.0492895204262877
"2341","100311ap1","Action_10","Morph_21","MS","Sexualattention","Drum","Drum.1","Sonso",-0.916290731874155,0.0033303730017762,0.0033303730017762
"2342","100311ap1","Action_33","Morph_61","MS","Sexualattention","Objectmove","ObjectMove.1","Sonso",0.470003629245736,0.0317495559502664,0.0406305506216696
"2343","100311ap1","Action_10","Morph_21","MS","Sexualattention","Drum","Drum.1","Sonso",0,0.0033303730017762,0.0033303730017762
"2344","100311ap2","Action_10","Morph_21","MS","Sexualattention","Drum","Drum.1","Sonso",0.444685821261446,0.0033303730017762,0.0033303730017762
"2345","100311ap1","Action_17","Morph_42","MS","Sexualattention","Hitobject","HitObject.4","Sonso",-1.02165124753198,0.00599467140319716,0.0559502664298401
"2346","100311ap2","Action_10","Morph_21","MS","Sexualattention","Drum","Drum.1","Sonso",0.27763173659828,0.0033303730017762,0.0033303730017762
"2347","100311ap2","Action_29","Morph_58","MS","Sexualattention","Locomotegallop","LocomoteGallop.1","Sonso",-0.510825623765991,0.00821492007104796,0.00821492007104796
"2348","100311ap1","Action_17","Morph_42","MS","Sexualattention","Hitobject","HitObject.4","Sonso",-1.13943428318836,0.00599467140319716,0.0559502664298401
"2349","100311ap1","Action_33","Morph_61","MS","Sexualattention","Objectmove","ObjectMove.1","Sonso",0.182321556793955,0.0317495559502664,0.0406305506216696
"2350","100311ap1","Action_17","Morph_42","MS","Sexualattention","Hitobject","HitObject.4","Sonso",-1.13943428318836,0.00599467140319716,0.0559502664298401
"2351","100311ap1","Action_33","Morph_61","MS","Sexualattention","Objectmove","ObjectMove.1","Sonso",-0.7339691750802,0.0317495559502664,0.0406305506216696
"2352","100311ap1","Action_17","Morph_39","MS","Sexualattention","Hitobject","HitObject.1","Sonso",-1.02165124753198,0.0430728241563055,0.0559502664298401
"2353","100311ap2","Action_33","Morph_61","MS","Sexualattention","Objectmove","ObjectMove.1","Sonso",0.631271776841858,0.0317495559502664,0.0406305506216696
"2354","100311ap1","Action_33","Morph_61","MS","Sexualattention","Objectmove","ObjectMove.1","Sonso",-0.083381608939051,0.0317495559502664,0.0406305506216696
"2355","100311ap1","Action_33","Morph_61","MS","Sexualattention","Objectmove","ObjectMove.1","Sonso",0.494696241836107,0.0317495559502664,0.0406305506216696
"2356","101860b","Action_42","Morph_92","MS","Stopbehaviour","Push","Push.5","Sonso",0.246860077931526,0.0066607460035524,0.0466252220248668
"2357","101331","Action_57","Morph_115","MS","Stopbehaviour","Stompobject","StompObject.1","Sonso",-0.174353387144778,0.0337477797513321,0.0424067495559503
"2358","100491","Action_38","Morph_75","MS","Directattention","Present","Present.1","Sonso",1.08518926833597,0.0170959147424512,0.0492895204262877
"2359","100366","Action_33","Morph_61","MS","Staysame","Objectmove","ObjectMove.1","Sonso",0,0.0317495559502664,0.0406305506216696
"2360","100266b","Action_39","Morph_83","MS","Sociosexualattention","Presentgenitalsbackwards","PresentGenitals.2","Sonso",-0.916290731874155,0.00577264653641208,0.033303730017762
"2361","100304","Action_39","Morph_83","MS","Staysame","Presentgenitalsbackwards","PresentGenitals.2","Sonso",-0.82098055206983,0.00577264653641208,0.033303730017762
"2362","102147","Action_60","Morph_127","MS","Moveaway","Swing","Swing.1","Sonso",0.148420005118273,0.0428507992895204,0.0475133214920071
"2363","102147","Action_60","Morph_127","MS","Moveaway","Swing","Swing.1","Sonso",-0.127833371509885,0.0428507992895204,0.0475133214920071
"2364","100837","Action_27","Morph_55","MS","Sexualattention","Leafclip","LeafClip.2","Sonso",0.732367893713227,0.00133214920071048,0.00599467140319716
"2365","100837","Action_27","Morph_55","MS","Sexualattention","Leafclip","LeafClip.2","Sonso",1.11185751541813,0.00133214920071048,0.00599467140319716
"2366","101294","Action_63","Morph_139","MS","Playcontinue","Touch","Touch.8","Sonso",-0.916290731874155,0.00577264653641208,0.0341918294849023
"2367","101294","Action_63","Morph_139","MS","Playcontinue","Touch","Touch.8","Sonso",-0.27443684570176,0.00577264653641208,0.0341918294849023
"2368","100830","Action_38","Morph_79","MS","Directattention","Present","Present.5","Sonso",0.806475865866949,0.00688277087033748,0.0492895204262877
"2369","101738","Action_39","Morph_82","NB","Sexualattention","Presentgenitalsbackwards","PresentGenitals.1","Sonso",-0.653926467406664,0.0295293072824156,0.033303730017762
"2370","101736","Action_39","Morph_82","NB","Sexualattention","Presentgenitalsbackwards","PresentGenitals.1","Sonso",0.215111379616945,0.0295293072824156,0.033303730017762
"2371","101735","Action_39","Morph_82","NB","Sexualattention","Presentgenitalsbackwards","PresentGenitals.1","Sonso",0.392042087776024,0.0295293072824156,0.033303730017762
"2372","100255","Action_64","Morph_135","NB","Sociosexualattention","Touchlongother","Touch.4","Sonso",1.04380405217311,0.00488454706927176,0.0175399644760213
"2373","101747","Action_39","Morph_82","NB","Sexualattention","Presentgenitalsbackwards","PresentGenitals.1","Sonso",-0.328504066972036,0.0295293072824156,0.033303730017762
"2374","100348a","Action_39","Morph_82","NB","Affiliation","Presentgenitalsbackwards","PresentGenitals.1","Sonso",0.307484699747961,0.0295293072824156,0.033303730017762
"2375","100354","Action_63","Morph_134","NB","Affiliation","Touch","Touch.3","Sonso",-0.510825623765991,0.00488454706927176,0.0341918294849023
"2376","101463","Action_42","Morph_90","NB","Position","Push","Push.3","Sonso",-0.82098055206983,0.00510657193605684,0.0466252220248668
"2377","101463","Action_42","Morph_90","NB","Position","Push","Push.3","Sonso",0.0769610411361284,0.00510657193605684,0.0466252220248668
"2378","100171","Action_49","Morph_106","NB","Affiliation","Rub","Rub.3","Sonso",-0.27443684570176,0.00044404973357016,0.0066607460035524
"2379","100561","Action_39","Morph_82","NB","Sexualattention","Presentgenitalsbackwards","PresentGenitals.1","Sonso",0.693147180559945,0.0295293072824156,0.033303730017762
"2380","101729","Action_39","Morph_82","NB","Sexualattention","Presentgenitalsbackwards","PresentGenitals.1","Sonso",0.0392207131532813,0.0295293072824156,0.033303730017762
"2381","101252","Action_11","Morph_22","NB","Affiliation","Embrace","Embrace.1","Sonso",-0.579818495252942,0.00288632326820604,0.005550621669627
"2382","100874","Action_45","Morph_101","NB","Giveme","Reach","Reach.2","Sonso",-0.328504066972036,0.0370781527531083,0.0801509769094138
"2383","101733","Action_39","Morph_82","NB","Staysame","Presentgenitalsbackwards","PresentGenitals.1","Sonso",-0.174353387144778,0.0295293072824156,0.033303730017762
"2384","100032","Action_39","Morph_82","NB","Staysame","Presentgenitalsbackwards","PresentGenitals.1","Sonso",-0.22314355131421,0.0295293072824156,0.033303730017762
"2385","101734p2","Action_39","Morph_82","NB","Sexualattention","Presentgenitalsbackwards","PresentGenitals.1","Sonso",0.712949807856125,0.0295293072824156,0.033303730017762
"2386","100662","Action_39","Morph_82","NB","Sexualattention","Presentgenitalsbackwards","PresentGenitals.1","Sonso",1.00063188030791,0.0295293072824156,0.033303730017762
"2387","102441","Action_39","Morph_82","NB","Sexualattention","Presentgenitalsbackwards","PresentGenitals.1","Sonso",-0.174353387144778,0.0295293072824156,0.033303730017762
"2388","101326","Action_39","Morph_82","NB","Sexualattention","Presentgenitalsbackwards","PresentGenitals.1","Sonso",0.858661619037519,0.0295293072824156,0.033303730017762
"2389","101730","Action_39","Morph_82","NB","Sexualattention","Presentgenitalsbackwards","PresentGenitals.1","Sonso",0.631271776841858,0.0295293072824156,0.033303730017762
"2390","102106a","Action_11","Morph_23","NB","Affiliation","Embrace","Embrace.2","Sonso",0.336472236621213,0.00199822380106572,0.005550621669627
"2391","100185","Action_39","Morph_83","NB","Sexualattention","Presentgenitalsbackwards","PresentGenitals.2","Sonso",0.494696241836107,0.00577264653641208,0.033303730017762
"2392","100169","Action_11","Morph_24","NB","Groom","Embrace","Embrace.3","Sonso",0.693147180559945,0.00022202486678508,0.005550621669627
"2393","101264","Action_38","Morph_80","NB","Groom","Present","Present.6","Sonso",0.307484699747961,0.00155417406749556,0.0492895204262877
"2394","100796","Action_2","Morph_3","NB","Groom","Bigloudscratch","BigLoudScratch.1","Sonso",0.470003629245736,0.0215364120781528,0.0577264653641208
"2395","100951","Action_38","Morph_75","NB","Groom","Present","Present.1","Sonso",0.518793793415168,0.0170959147424512,0.0492895204262877
"2396","101263","Action_42","Morph_93","NB","Position","Push","Push.6","Sonso",-0.82098055206983,0.0066607460035524,0.0466252220248668
"2397","101250","Action_2","Morph_5","NB","Directattention","Bigloudscratch","BigLoudScratch.3","Sonso",0.215111379616945,0.0119893428063943,0.0577264653641208
"2398","100953","Action_41","Morph_85","NB","Play","Pull","Pull.2","Sonso",-0.579818495252942,0.00643872113676732,0.0253108348134991
"2399","101847","Action_20","Morph_45","NB","Stopbehaviour","Hitother","HitOther.1","Sonso",-0.328504066972036,0.0202042628774423,0.0404085257548845
"2400","100878a","Action_63","Morph_132","NB","Play","Touch","Touch.1","Sonso",-0.27443684570176,0.0104351687388988,0.0341918294849023
"2401","101135","Action_16","Morph_38","NB","Playcontinue","Headstand","HeadStand.1","Sonso",1.05779029414785,0.0066607460035524,0.0066607460035524
"2402","100002","Action_42","Morph_90","NB","Position","Push","Push.3","Sonso",0.0392207131532813,0.00510657193605684,0.0466252220248668
"2403","100375","Action_42","Morph_88","NB","Followme","Push","Push.1","Sonso",0.587786664902119,0.0106571936056838,0.0466252220248668
"2404","100953","Action_14","Morph_30","NB","Play","Grab","Grab.2","Sonso",-0.083381608939051,0.00799289520426288,0.0353019538188277
"2405","100954b","Action_45","Morph_101","NB","Play","Reach","Reach.2","Sonso",0.0392207131532813,0.0370781527531083,0.0801509769094138
"2406","101882","Action_42","Morph_92","NB","Climbonme","Push","Push.5","Sonso",-1.27296567581289,0.0066607460035524,0.0466252220248668
"2407","102370","Action_14","Morph_30","NB","Stopbehaviour","Grab","Grab.2","Sonso",-0.0408219945202552,0.00799289520426288,0.0353019538188277
"2408","100942","Action_42","Morph_89","NB","Travel","Push","Push.2","Sonso",0.0392207131532813,0.00355239786856128,0.0466252220248668
"2409","101705","Action_48","Morph_104","NB","Play","Rollover","RollOver.1","Sonso",0.985816794522765,0.00621669626998224,0.00621669626998224
"2410","101891","Action_42","Morph_91","NB","Play","Push","Push.4","Sonso",-0.27443684570176,0.00932504440497336,0.0466252220248668
"2411","102355","Action_63","Morph_139","NB","Stopbehaviour","Touch","Touch.8","Sonso",-0.22314355131421,0.00577264653641208,0.0341918294849023
"2412","101134","Action_3","Morph_11","NB","Play","Bite","Bite.3","Sonso",-0.385662480811985,0.00310834813499112,0.0168738898756661
"2413","100534","Action_42","Morph_90","NB","Position","Push","Push.3","Sonso",-0.328504066972036,0.00510657193605684,0.0466252220248668
"2414","100562b","Action_38","Morph_81","NB","Climbonme","Present","Present.7","Sonso",-0.653926467406664,0.00244227353463588,0.0492895204262877
"2415","101183","Action_42","Morph_88","NB","Takeobjectnurse","Push","Push.1","Sonso",0.336472236621213,0.0106571936056838,0.0466252220248668
"2416","101414","Action_42","Morph_88","NB","Takeobjectnurse","Push","Push.1","Sonso",-0.127833371509885,0.0106571936056838,0.0466252220248668
"2417","101283","Action_63","Morph_133","NB","Takeobjectnurse","Touch","Touch.2","Sonso",-0.083381608939051,0.00754884547069272,0.0341918294849023
"2418","100521","Action_42","Morph_89","NB","Position","Push","Push.2","Sonso",-0.653926467406664,0.00355239786856128,0.0466252220248668
"2419","102492","Action_42","Morph_88","NB","Climbonme","Push","Push.1","Sonso",0.148420005118273,0.0106571936056838,0.0466252220248668
"2420","101891","Action_42","Morph_91","NB","Play","Push","Push.4","Sonso",-0.22314355131421,0.00932504440497336,0.0466252220248668
"2421","101157","Action_63","Morph_137","NB","Moveaway","Touch","Touch.6","Sonso",-1.13943428318836,0.00488454706927176,0.0341918294849023
"2422","102493","Action_38","Morph_75","NB","Climbonme","Present","Present.1","Sonso",-1.6094379124341,0.0170959147424512,0.0492895204262877
"2423","101847","Action_20","Morph_45","NB","Stopbehaviour","Hitother","HitOther.1","Sonso",-0.510825623765991,0.0202042628774423,0.0404085257548845
"2424","100734","Action_42","Morph_88","NB","Position","Push","Push.1","Sonso",-0.7339691750802,0.0106571936056838,0.0466252220248668
"2425","100733","Action_42","Morph_88","NB","Position","Push","Push.1","Sonso",-0.579818495252942,0.0106571936056838,0.0466252220248668
"2426","102368","Action_63","Morph_138","NB","Giveme","Touch","Touch.7","Sonso",-0.174353387144778,0.0044404973357016,0.0341918294849023
"2427","101425","Action_42","Morph_89","NB","Position","Push","Push.2","Sonso",-0.328504066972036,0.00355239786856128,0.0466252220248668
"2428","101664b","Action_42","Morph_92","NB","Takeobjectnurse","Push","Push.5","Sonso",-0.82098055206983,0.0066607460035524,0.0466252220248668
"2429","101895","Action_42","Morph_93","NB","Takeobjectnurse","Push","Push.6","Sonso",0.307484699747961,0.0066607460035524,0.0466252220248668
"2430","100381","Action_42","Morph_88","NB","Position","Push","Push.1","Sonso",0.0392207131532813,0.0106571936056838,0.0466252220248668
"2431","100878a","Action_37","Morph_74","NB","Play","Poke","Poke.1","Sonso",-0.44628710262842,0.00266429840142096,0.00266429840142096
"2432","102369","Action_45","Morph_101","NB","Giveme","Reach","Reach.2","Sonso",-0.44628710262842,0.0370781527531083,0.0801509769094138
"2433","101720","Action_42","Morph_88","NB","Moveaway","Push","Push.1","Sonso",-0.27443684570176,0.0106571936056838,0.0466252220248668
"2434","101870","Action_38","Morph_75","NB","Climbonme","Present","Present.1","Sonso",0.732367893713227,0.0170959147424512,0.0492895204262877
"2435","100878a","Action_63","Morph_132","NB","Play","Touch","Touch.1","Sonso",-1.13943428318836,0.0104351687388988,0.0341918294849023
"2436","101136","Action_63","Morph_139","NB","Play","Touch","Touch.8","Sonso",-0.510825623765991,0.00577264653641208,0.0341918294849023
"2437","101281","Action_42","Morph_91","NB","Position","Push","Push.4","Sonso",-0.385662480811985,0.00932504440497336,0.0466252220248668
"2438","101156","Action_42","Morph_91","NB","Moveaway","Push","Push.4","Sonso",-2.12026353620009,0.00932504440497336,0.0466252220248668
"2439","100728","Action_42","Morph_92","NB","Position","Push","Push.5","Sonso",-1.42711635564015,0.0066607460035524,0.0466252220248668
"2440","100953","Action_20","Morph_45","NB","Play","Hitother","HitOther.1","Sonso",-0.22314355131421,0.0202042628774423,0.0404085257548845
"2441","101848","Action_15","Morph_35","NB","Stopbehaviour","Grabhold","GrabHold.1","Sonso",0.924258901523332,0.00932504440497336,0.0204262877442274
"2442","101962","Action_42","Morph_91","NB","Position","Push","Push.4","Sonso",-0.127833371509885,0.00932504440497336,0.0466252220248668
"2443","100729","Action_42","Morph_92","NB","Position","Push","Push.5","Sonso",-0.328504066972036,0.0066607460035524,0.0466252220248668
"2444","100928","Action_14","Morph_29","NB","Play","Grab","Grab.1","Sonso",-0.174353387144778,0.00821492007104796,0.0353019538188277
"2445","100926","Action_64","Morph_140","NB","Stopbehaviour","Touchlongother","Touch.9","Sonso",1.07158361628019,0.00399644760213144,0.0175399644760213
"2446","101132","Action_3","Morph_16","NB","Play","Bite","Bite.8","Sonso",-0.510825623765991,0.00288632326820604,0.0168738898756661
"2447","101720","Action_42","Morph_88","NB","Moveaway","Push","Push.1","Sonso",-1.27296567581289,0.0106571936056838,0.0466252220248668
"2448","100380","Action_42","Morph_93","NB","Position","Push","Push.6","Sonso",-0.916290731874155,0.0066607460035524,0.0466252220248668
"2449","100878a","Action_15","Morph_35","NB","Play","Grabhold","GrabHold.1","Sonso",1.13783300182139,0.00932504440497336,0.0204262877442274
"2450","100954b","Action_45","Morph_101","NB","Play","Reach","Reach.2","Sonso",0.0392207131532813,0.0370781527531083,0.0801509769094138
"2451","102140","Action_42","Morph_88","NB","Moveclose","Push","Push.1","Sonso",-0.385662480811985,0.0106571936056838,0.0466252220248668
"2452","101134","Action_14","Morph_29","NB","Play","Grab","Grab.1","Sonso",-0.0408219945202552,0.00821492007104796,0.0353019538188277
"2453","100878a","Action_63","Morph_132","NB","Play","Touch","Touch.1","Sonso",-1.02165124753198,0.0104351687388988,0.0341918294849023
"2454","102076","Action_42","Morph_88","NB","Takeobjectnurse","Push","Push.1","Sonso",1.12492959698548,0.0106571936056838,0.0466252220248668
"2455","100732","Action_42","Morph_88","NB","Position","Push","Push.1","Sonso",0.113328685307003,0.0106571936056838,0.0466252220248668
"2456","100878a","Action_63","Morph_132","NB","Play","Touch","Touch.1","Sonso",-1.6094379124341,0.0104351687388988,0.0341918294849023
"2457","100172","Action_42","Morph_88","NB","Position","Push","Push.1","Sonso",0.27763173659828,0.0106571936056838,0.0466252220248668
"2458","101868b","Action_42","Morph_92","NB","Position","Push","Push.5","Sonso",-1.02165124753198,0.0066607460035524,0.0466252220248668
"2459","101157","Action_42","Morph_91","NB","Moveaway","Push","Push.4","Sonso",-0.82098055206983,0.00932504440497336,0.0466252220248668
"2460","102073","Action_42","Morph_89","NB","Position","Push","Push.2","Sonso",-0.22314355131421,0.00355239786856128,0.0466252220248668
"2461","101424","Action_42","Morph_93","NB","Position","Push","Push.6","Sonso",-1.27296567581289,0.0066607460035524,0.0466252220248668
"2462","100878a","Action_15","Morph_36","NB","Play","Grabhold","GrabHold.2","Sonso",1.38629436111989,0.005550621669627,0.0204262877442274
"2463","102412","Action_38","Morph_81","NB","Climbonme","Present","Present.7","Sonso",-0.7339691750802,0.00244227353463588,0.0492895204262877
"2464","101896","Action_42","Morph_88","NB","Travel","Push","Push.1","Sonso",-0.44628710262842,0.0106571936056838,0.0466252220248668
"2465","101890","Action_64","Morph_136","NB","Play","Touchlongother","Touch.5","Sonso",0.908258560176891,0.00421847246891652,0.0175399644760213
"2466","101890","Action_64","Morph_136","NB","Play","Touchlongother","Touch.5","Sonso",-0.7339691750802,0.00421847246891652,0.0175399644760213
"2467","100878a","Action_63","Morph_132","NB","Play","Touch","Touch.1","Sonso",-0.653926467406664,0.0104351687388988,0.0341918294849023
"2468","100715","Action_45","Morph_100","NB","Climbonme","Reach","Reach.1","Sonso",-0.7339691750802,0.0408525754884547,0.0801509769094138
"2469","100170","Action_60","Morph_127","NB","Stopbehaviour","Swing","Swing.1","Sonso",0.215111379616945,0.0428507992895204,0.0475133214920071
"2470","102148","Action_45","Morph_100","NB","Moveaway","Reach","Reach.1","Sonso",-1.27296567581289,0.0408525754884547,0.0801509769094138
"2471","102146","Action_21","Morph_42","NB","Moveaway","Hittingobject","HitObject.4","Sonso",0.0769610411361284,0.00599467140319716,0.00799289520426288
"2472","100193a","Action_39","Morph_82","NB","Support","Presentgenitalsbackwards","PresentGenitals.1","Sonso",0.78845736036427,0.0295293072824156,0.033303730017762
"2473","100292a","Action_11","Morph_23","NB","Followme","Embrace","Embrace.2","Sonso",0.494696241836107,0.00199822380106572,0.005550621669627
"2474","100292a","Action_39","Morph_82","NB","Followme","Presentgenitalsbackwards","PresentGenitals.1","Sonso",0.27763173659828,0.0295293072824156,0.033303730017762
"2475","100784","Action_23","Morph_47","NB","Play","Hittingother","HitOther.3","Sonso",0.113328685307003,0.00843694493783304,0.0157637655417407
"2476","100784","Action_20","Morph_49","NB","Play","Hitother","HitOther.5","Sonso",-0.328504066972036,0.00599467140319716,0.0404085257548845
"2477","100784","Action_20","Morph_46","NB","Play","Hitother","HitOther.2","Sonso",-0.44628710262842,0.00932504440497336,0.0404085257548845
"2478","100784","Action_23","Morph_47","NB","Play","Hittingother","HitOther.3","Sonso",0,0.00843694493783304,0.0157637655417407
"2479","100784","Action_23","Morph_48","NB","Play","Hittingother","HitOther.4","Sonso",-0.174353387144778,0.00732682060390764,0.0157637655417407
"2480","100127","Action_17","Morph_40","NB","Moveaway","Hitobject","HitObject.2","Sonso",-0.7339691750802,0.0119893428063943,0.0559502664298401
"2481","101719b","Action_39","Morph_82","NB","Sexualattention","Presentgenitalsbackwards","PresentGenitals.1","Sonso",0.246860077931526,0.0295293072824156,0.033303730017762
"2482","100425","Action_20","Morph_45","NB","Moveaway","Hitother","HitOther.1","Sonso",-0.510825623765991,0.0202042628774423,0.0404085257548845
"2483","101170","Action_34","Morph_66","NK","Sexualattention","Objectshake","ObjectShake.2","Sonso",1.35583515363518,0.0237566607460036,0.108792184724689
"2484","101170","Action_34","Morph_65","NK","Sexualattention","Objectshake","ObjectShake.1","Sonso",0.806475865866949,0.0746003552397869,0.108792184724689
"2485","101170","Action_34","Morph_66","NK","Sexualattention","Objectshake","ObjectShake.2","Sonso",1.39624469197306,0.0237566607460036,0.108792184724689
"2486","101304a","Action_2","Morph_4","NK","Groom","Bigloudscratch","BigLoudScratch.2","Sonso",0.609765571620894,0.019316163410302,0.0577264653641208
"2487","101374","Action_27","Morph_54","NK","Sexualattention","Leafclip","LeafClip.1","Sonso",1.49962304642689,0.0044404973357016,0.00599467140319716
"2488","101374","Action_34","Morph_65","NK","Sexualattention","Objectshake","ObjectShake.1","Sonso",0.27763173659828,0.0746003552397869,0.108792184724689
"2489","101373","Action_27","Morph_55","NK","Sexualattention","Leafclip","LeafClip.2","Sonso",0.970778917158225,0.00133214920071048,0.00599467140319716
"2490","101374","Action_34","Morph_65","NK","Sexualattention","Objectshake","ObjectShake.1","Sonso",0.0769610411361284,0.0746003552397869,0.108792184724689
"2491","101379a","Action_27","Morph_54","NK","Sexualattention","Leafclip","LeafClip.1","Sonso",0.8754687373539,0.0044404973357016,0.00599467140319716
"2492","100946","Action_33","Morph_61","NK","Moveaway","Objectmove","ObjectMove.1","Sonso",-0.083381608939051,0.0317495559502664,0.0406305506216696
"2493","100946","Action_17","Morph_39","NK","Moveaway","Hitobject","HitObject.1","Sonso",-0.127833371509885,0.0430728241563055,0.0559502664298401
"2494","100037","Action_38","Morph_76","NK","Directattention","Present","Present.2","Sonso",0.0392207131532813,0.0135435168738899,0.0492895204262877
"2495","100034","Action_2","Morph_7","NK","Groom","Bigloudscratch","BigLoudScratch.5","Sonso",0.587786664902119,0.00066607460035524,0.0577264653641208
"2496","100178","Action_2","Morph_3","NK","Groom","Bigloudscratch","BigLoudScratch.1","Sonso",0.444685821261446,0.0215364120781528,0.0577264653641208
"2497","100039","Action_2","Morph_3","NK","Groom","Bigloudscratch","BigLoudScratch.1","Sonso",0.336472236621213,0.0215364120781528,0.0577264653641208
"2498","100038","Action_2","Morph_3","NK","Groom","Bigloudscratch","BigLoudScratch.1","Sonso",0.0392207131532813,0.0215364120781528,0.0577264653641208
"2499","100037","Action_2","Morph_5","NK","Directattention","Bigloudscratch","BigLoudScratch.3","Sonso",0.246860077931526,0.0119893428063943,0.0577264653641208
"2500","100041","Action_2","Morph_3","NK","Groom","Bigloudscratch","BigLoudScratch.1","Sonso",0.494696241836107,0.0215364120781528,0.0577264653641208
"2501","100040b","Action_2","Morph_3","NK","Groom","Bigloudscratch","BigLoudScratch.1","Sonso",0.494696241836107,0.0215364120781528,0.0577264653641208
"2502","100177b","Action_2","Morph_4","NK","Groom","Bigloudscratch","BigLoudScratch.2","Sonso",0.182321556793955,0.019316163410302,0.0577264653641208
"2503","100036","Action_2","Morph_5","NK","Groom","Bigloudscratch","BigLoudScratch.3","Sonso",0.307484699747961,0.0119893428063943,0.0577264653641208
"2504","100038","Action_2","Morph_5","NK","Groom","Bigloudscratch","BigLoudScratch.3","Sonso",-0.083381608939051,0.0119893428063943,0.0577264653641208
"2505","102433","Action_33","Morph_61","NK","Followme","Objectmove","ObjectMove.1","Sonso",-0.174353387144778,0.0317495559502664,0.0406305506216696
"2506","100342a","Action_45","Morph_100","NK","Affiliation","Reach","Reach.1","Sonso",0.0392207131532813,0.0408525754884547,0.0801509769094138
"2507","102242","Action_2","Morph_3","NK","Groom","Bigloudscratch","BigLoudScratch.1","Sonso",0.542324290825362,0.0215364120781528,0.0577264653641208
"2508","101036b","Action_11","Morph_23","NK","Affiliation","Embrace","Embrace.2","Sonso",-0.127833371509885,0.00199822380106572,0.005550621669627
"2509","102242","Action_2","Morph_3","NK","Groom","Bigloudscratch","BigLoudScratch.1","Sonso",0.858661619037519,0.0215364120781528,0.0577264653641208
"2510","100764b","Action_23","Morph_47","NK","Play","Hittingother","HitOther.3","Sonso",-0.0408219945202552,0.00843694493783304,0.0157637655417407
"2511","101153","Action_23","Morph_47","NK","Play","Hittingother","HitOther.3","Sonso",0.148420005118273,0.00843694493783304,0.0157637655417407
"2512","101375","Action_45","Morph_100","NK","Play","Reach","Reach.1","Sonso",0.693147180559945,0.0408525754884547,0.0801509769094138
"2513","101874","Action_45","Morph_101","NK","Play","Reach","Reach.2","Sonso",-0.7339691750802,0.0370781527531083,0.0801509769094138
"2514","102473a","Action_45","Morph_100","NK","Sexualattention","Reach","Reach.1","Sonso",-0.579818495252942,0.0408525754884547,0.0801509769094138
"2515","101192","Action_13","Morph_28","NK","Moveaway","Fling","Fling.2","Sonso",-1.02165124753198,0.00488454706927176,0.0117673179396092
"2516","101184","Action_20","Morph_45","NK","Moveaway","Hitother","HitOther.1","Sonso",-0.083381608939051,0.0202042628774423,0.0404085257548845
"2517","101186","Action_13","Morph_28","NK","Moveaway","Fling","Fling.2","Sonso",-0.328504066972036,0.00488454706927176,0.0117673179396092
"2518","101185","Action_13","Morph_28","NK","Moveaway","Fling","Fling.2","Sonso",-0.510825623765991,0.00488454706927176,0.0117673179396092
"2519","101186","Action_13","Morph_28","NK","Moveaway","Fling","Fling.2","Sonso",-0.328504066972036,0.00488454706927176,0.0117673179396092
"2520","100165a","Action_2","Morph_3","NK","Groom","Bigloudscratch","BigLoudScratch.1","Sonso",0.392042087776024,0.0215364120781528,0.0577264653641208
"2521","100164a","Action_45","Morph_101","NK","Moveclose","Reach","Reach.2","Sonso",-0.27443684570176,0.0370781527531083,0.0801509769094138
"2522","101798","Action_33","Morph_62","NK","Moveaway","Objectmove","ObjectMove.2","Sonso",0.65232518603969,0.00643872113676732,0.0406305506216696
"2523","100244p2","Action_34","Morph_66","NK","Moveclose","Objectshake","ObjectShake.2","Sonso",0.924258901523332,0.0237566607460036,0.108792184724689
"2524","100241","Action_34","Morph_66","NK","Sexualattention","Objectshake","ObjectShake.2","Sonso",1.17557332980424,0.0237566607460036,0.108792184724689
"2525","100241","Action_47","Morph_103","NK","Sexualattention","Rockingsit","Rocking.1","Sonso",1.46325540225602,0.00377442273534636,0.00377442273534636
"2526","100241","Action_34","Morph_65","NK","Sexualattention","Objectshake","ObjectShake.1","Sonso",0.0769610411361284,0.0746003552397869,0.108792184724689
"2527","100244p1","Action_34","Morph_66","NK","Moveclose","Objectshake","ObjectShake.2","Sonso",1.15057202759882,0.0237566607460036,0.108792184724689
"2528","100241","Action_34","Morph_66","NK","Sexualattention","Objectshake","ObjectShake.2","Sonso",0.8754687373539,0.0237566607460036,0.108792184724689
"2529","100244p1","Action_34","Morph_66","NK","Moveclose","Objectshake","ObjectShake.2","Sonso",0.940007258491471,0.0237566607460036,0.108792184724689
"2530","100244p1","Action_34","Morph_66","NK","Moveclose","Objectshake","ObjectShake.2","Sonso",0.940007258491471,0.0237566607460036,0.108792184724689
"2531","100241","Action_47","Morph_103","NK","Sexualattention","Rockingsit","Rocking.1","Sonso",0.470003629245736,0.00377442273534636,0.00377442273534636
"2532","100244p3","Action_34","Morph_66","NK","Moveclose","Objectshake","ObjectShake.2","Sonso",0.587786664902119,0.0237566607460036,0.108792184724689
"2533","100241","Action_34","Morph_65","NK","Sexualattention","Objectshake","ObjectShake.1","Sonso",0.841567185678219,0.0746003552397869,0.108792184724689
"2534","100244p3","Action_34","Morph_66","NK","Moveclose","Objectshake","ObjectShake.2","Sonso",0.56531380905006,0.0237566607460036,0.108792184724689
"2535","100244p2","Action_10","Morph_21","NK","Moveclose","Drum","Drum.1","Sonso",0.27763173659828,0.0033303730017762,0.0033303730017762
"2536","100239p1","Action_34","Morph_65","NK","Sexualattention","Objectshake","ObjectShake.1","Sonso",1.34547236659964,0.0746003552397869,0.108792184724689
"2537","100244p3","Action_34","Morph_66","NK","Moveclose","Objectshake","ObjectShake.2","Sonso",0.672944473242426,0.0237566607460036,0.108792184724689
"2538","100244p1","Action_34","Morph_65","NK","Moveclose","Objectshake","ObjectShake.1","Sonso",0.751416088683921,0.0746003552397869,0.108792184724689
"2539","100241","Action_33","Morph_61","NK","Sexualattention","Objectmove","ObjectMove.1","Sonso",0.246860077931526,0.0317495559502664,0.0406305506216696
"2540","100241","Action_34","Morph_66","NK","Sexualattention","Objectshake","ObjectShake.2","Sonso",0.712949807856125,0.0237566607460036,0.108792184724689
"2541","100241","Action_47","Morph_103","NK","Sexualattention","Rockingsit","Rocking.1","Sonso",0.494696241836107,0.00377442273534636,0.00377442273534636
"2542","100244p3","Action_33","Morph_61","NK","Moveclose","Objectmove","ObjectMove.1","Sonso",-0.127833371509885,0.0317495559502664,0.0406305506216696
"2543","100244p1","Action_34","Morph_66","NK","Moveclose","Objectshake","ObjectShake.2","Sonso",1.04380405217311,0.0237566607460036,0.108792184724689
"2544","100241","Action_34","Morph_65","NK","Sexualattention","Objectshake","ObjectShake.1","Sonso",0.307484699747961,0.0746003552397869,0.108792184724689
"2545","100244p3","Action_34","Morph_65","NK","Moveclose","Objectshake","ObjectShake.1","Sonso",0.806475865866949,0.0746003552397869,0.108792184724689
"2546","100241","Action_33","Morph_61","NK","Sexualattention","Objectmove","ObjectMove.1","Sonso",-0.0408219945202552,0.0317495559502664,0.0406305506216696
"2547","100244p1","Action_34","Morph_65","NK","Moveclose","Objectshake","ObjectShake.1","Sonso",1.35583515363518,0.0746003552397869,0.108792184724689
"2548","100241","Action_34","Morph_65","NK","Sexualattention","Objectshake","ObjectShake.1","Sonso",0.494696241836107,0.0746003552397869,0.108792184724689
"2549","100244p2","Action_34","Morph_65","NK","Moveclose","Objectshake","ObjectShake.1","Sonso",0.712949807856125,0.0746003552397869,0.108792184724689
"2550","100244p2","Action_34","Morph_66","NK","Moveclose","Objectshake","ObjectShake.2","Sonso",0.770108221696074,0.0237566607460036,0.108792184724689
"2551","100241","Action_34","Morph_65","NK","Sexualattention","Objectshake","ObjectShake.1","Sonso",-0.0408219945202552,0.0746003552397869,0.108792184724689
"2552","100244p1","Action_33","Morph_62","NK","Moveclose","Objectmove","ObjectMove.2","Sonso",0.444685821261446,0.00643872113676732,0.0406305506216696
"2553","100241","Action_47","Morph_103","NK","Sexualattention","Rockingsit","Rocking.1","Sonso",0.89199803930511,0.00377442273534636,0.00377442273534636
"2554","100241","Action_34","Morph_65","NK","Sexualattention","Objectshake","ObjectShake.1","Sonso",0.246860077931526,0.0746003552397869,0.108792184724689
"2555","100241","Action_34","Morph_66","NK","Sexualattention","Objectshake","ObjectShake.2","Sonso",-0.127833371509885,0.0237566607460036,0.108792184724689
"2556","100241","Action_34","Morph_65","NK","Sexualattention","Objectshake","ObjectShake.1","Sonso",0.672944473242426,0.0746003552397869,0.108792184724689
"2557","100239p2","Action_10","Morph_21","NK","Sexualattention","Drum","Drum.1","Sonso",0.56531380905006,0.0033303730017762,0.0033303730017762
"2558","100239p2","Action_33","Morph_61","NK","Sexualattention","Objectmove","ObjectMove.1","Sonso",-0.27443684570176,0.0317495559502664,0.0406305506216696
"2559","100244p1","Action_34","Morph_65","NK","Moveclose","Objectshake","ObjectShake.1","Sonso",0.89199803930511,0.0746003552397869,0.108792184724689
"2560","100345a","Action_45","Morph_100","NK","Sexualattention","Reach","Reach.1","Sonso",0.00498754151103897,0.0408525754884547,0.0801509769094138
"2561","100244p3","Action_24","Morph_51","NK","Moveclose","Jump","Jump.1","Sonso",0.215111379616945,0.00732682060390764,0.00732682060390764
"2562","100344","Action_34","Morph_65","NK","Followme","Objectshake","ObjectShake.1","Sonso",0.924258901523332,0.0746003552397869,0.108792184724689
"2563","100330","Action_47","Morph_103","NK","Sexualattention","Rockingsit","Rocking.1","Sonso",0.693147180559945,0.00377442273534636,0.00377442273534636
"2564","100330","Action_45","Morph_101","NK","Sexualattention","Reach","Reach.2","Sonso",-0.174353387144778,0.0370781527531083,0.0801509769094138
"2565","100337a","Action_34","Morph_65","NK","Moveclose","Objectshake","ObjectShake.1","Sonso",0.712949807856125,0.0746003552397869,0.108792184724689
"2566","100329","Action_57","Morph_115","NK","Sexualattention","Stompobject","StompObject.1","Sonso",-0.653926467406664,0.0337477797513321,0.0424067495559503
"2567","100329","Action_45","Morph_101","NK","Sexualattention","Reach","Reach.2","Sonso",-0.579818495252942,0.0370781527531083,0.0801509769094138
"2568","100988a","Action_13","Morph_27","NK","Moveaway","Fling","Fling.1","Sonso",-1.02165124753198,0.00688277087033748,0.0117673179396092
"2569","100334a","Action_47","Morph_103","NK","Affiliation","Rockingsit","Rocking.1","Sonso",0.770108221696074,0.00377442273534636,0.00377442273534636
"2570","100337a","Action_34","Morph_66","NK","Moveclose","Objectshake","ObjectShake.2","Sonso",1.47247205736094,0.0237566607460036,0.108792184724689
"2571","100334a","Action_33","Morph_61","NK","Affiliation","Objectmove","ObjectMove.1","Sonso",0.631271776841858,0.0317495559502664,0.0406305506216696
"2572","100337a","Action_64","Morph_135","NK","Moveclose","Touchlongother","Touch.4","Sonso",0.841567185678219,0.00488454706927176,0.0175399644760213
"2573","100329","Action_45","Morph_101","NK","Sexualattention","Reach","Reach.2","Sonso",-1.02165124753198,0.0370781527531083,0.0801509769094138
"2574","100334a","Action_64","Morph_135","NK","Affiliation","Touchlongother","Touch.4","Sonso",1.02961941718116,0.00488454706927176,0.0175399644760213
"2575","100337a","Action_34","Morph_66","NK","Moveclose","Objectshake","ObjectShake.2","Sonso",1.25846098961001,0.0237566607460036,0.108792184724689
"2576","100988a","Action_13","Morph_27","NK","Moveaway","Fling","Fling.1","Sonso",-0.7339691750802,0.00688277087033748,0.0117673179396092
"2577","100719a","Action_2","Morph_3","NK","Groom","Bigloudscratch","BigLoudScratch.1","Sonso",-0.127833371509885,0.0215364120781528,0.0577264653641208
"2578","101254","Action_2","Morph_6","NK","Directattention","Bigloudscratch","BigLoudScratch.4","Sonso",0.215111379616945,0.00421847246891652,0.0577264653641208
"2579","100266a","Action_42","Morph_89","NK","Sociosexualattention","Push","Push.2","Sonso",-0.127833371509885,0.00355239786856128,0.0466252220248668
"2580","100266a","Action_64","Morph_135","NK","Sociosexualattention","Touchlongother","Touch.4","Sonso",0.693147180559945,0.00488454706927176,0.0175399644760213
"2581","100658","Action_34","Morph_65","NK","Followme","Objectshake","ObjectShake.1","Sonso",0.970778917158225,0.0746003552397869,0.108792184724689
"2582","100658","Action_33","Morph_61","NK","Followme","Objectmove","ObjectMove.1","Sonso",0.542324290825362,0.0317495559502664,0.0406305506216696
"2583","100658","Action_34","Morph_65","NK","Followme","Objectshake","ObjectShake.1","Sonso",0.970778917158225,0.0746003552397869,0.108792184724689
"2584","100657","Action_33","Morph_61","NK","Followme","Objectmove","ObjectMove.1","Sonso",0.336472236621213,0.0317495559502664,0.0406305506216696
"2585","100186","Action_42","Morph_92","NK","Position","Push","Push.5","Sonso",-0.44628710262842,0.0066607460035524,0.0466252220248668
"2586","100659","Action_34","Morph_65","NK","Moveclose","Objectshake","ObjectShake.1","Sonso",1.67147330335355,0.0746003552397869,0.108792184724689
"2587","102106b","Action_11","Morph_23","NK","Affiliation","Embrace","Embrace.2","Sonso",0.364643113587909,0.00199822380106572,0.005550621669627
"2588","100660","Action_33","Morph_61","NK","Followme","Objectmove","ObjectMove.1","Sonso",0.444685821261446,0.0317495559502664,0.0406305506216696
"2589","100657","Action_34","Morph_65","NK","Followme","Objectshake","ObjectShake.1","Sonso",0.307484699747961,0.0746003552397869,0.108792184724689
"2590","100661","Action_34","Morph_65","NK","Followme","Objectshake","ObjectShake.1","Sonso",0.740507751919783,0.0746003552397869,0.108792184724689
"2591","100352b","Action_45","Morph_100","NK","Affiliation","Reach","Reach.1","Sonso",-0.22314355131421,0.0408525754884547,0.0801509769094138
"2592","100658","Action_34","Morph_65","NK","Followme","Objectshake","ObjectShake.1","Sonso",0.955511445027436,0.0746003552397869,0.108792184724689
"2593","100661","Action_34","Morph_65","NK","Followme","Objectshake","ObjectShake.1","Sonso",0.732367893713227,0.0746003552397869,0.108792184724689
"2594","100660","Action_34","Morph_65","NK","Followme","Objectshake","ObjectShake.1","Sonso",0.545806592661236,0.0746003552397869,0.108792184724689
"2595","100657","Action_34","Morph_65","NK","Followme","Objectshake","ObjectShake.1","Sonso",0.970778917158225,0.0746003552397869,0.108792184724689
"2596","100658","Action_34","Morph_65","NK","Followme","Objectshake","ObjectShake.1","Sonso",1.26976054486394,0.0746003552397869,0.108792184724689
"2597","100657","Action_49","Morph_105","NK","Followme","Rub","Rub.1","Sonso",0.113328685307003,0.0044404973357016,0.0066607460035524
"2598","100487b","Action_41","Morph_85","NK","Play","Pull","Pull.2","Sonso",-0.579818495252942,0.00643872113676732,0.0253108348134991
"2599","100484b","Action_33","Morph_61","NK","Play","Objectmove","ObjectMove.1","Sonso",0.732367893713227,0.0317495559502664,0.0406305506216696
"2600","100082b","Action_2","Morph_3","NK","Groom","Bigloudscratch","BigLoudScratch.1","Sonso",0.985816794522765,0.0215364120781528,0.0577264653641208
"2601","101187","Action_13","Morph_27","NK","Moveaway","Fling","Fling.1","Sonso",-0.82098055206983,0.00688277087033748,0.0117673179396092
"2602","101037","Action_33","Morph_61","NK","Moveaway","Objectmove","ObjectMove.1","Sonso",-1.02165124753198,0.0317495559502664,0.0406305506216696
"2603","101187","Action_17","Morph_39","NK","Moveaway","Hitobject","HitObject.1","Sonso",-0.653926467406664,0.0430728241563055,0.0559502664298401
"2604","101033","Action_47","Morph_103","NK","Moveaway","Rockingsit","Rocking.1","Sonso",0.672944473242426,0.00377442273534636,0.00377442273534636
"2605","101033","Action_34","Morph_65","NK","Moveaway","Objectshake","ObjectShake.1","Sonso",-0.653926467406664,0.0746003552397869,0.108792184724689
"2606","100123","Action_13","Morph_27","NK","Moveaway","Fling","Fling.1","Sonso",-0.653926467406664,0.00688277087033748,0.0117673179396092
"2607","100123","Action_13","Morph_27","NK","Moveaway","Fling","Fling.1","Sonso",-0.82098055206983,0.00688277087033748,0.0117673179396092
"2608","102071","Action_34","Morph_65","NK","Moveclose","Objectshake","ObjectShake.1","Sonso",0.631271776841858,0.0746003552397869,0.108792184724689
"2609","102070p1","Action_34","Morph_66","NK","Sexualattention","Objectshake","ObjectShake.2","Sonso",0.182321556793955,0.0237566607460036,0.108792184724689
"2610","102070p2","Action_34","Morph_66","NK","Sexualattention","Objectshake","ObjectShake.2","Sonso",-0.0408219945202552,0.0237566607460036,0.108792184724689
"2611","102070p1","Action_34","Morph_65","NK","Sexualattention","Objectshake","ObjectShake.1","Sonso",0,0.0746003552397869,0.108792184724689
"2612","102071","Action_34","Morph_65","NK","Moveclose","Objectshake","ObjectShake.1","Sonso",0.518793793415168,0.0746003552397869,0.108792184724689
"2613","102070p1","Action_34","Morph_66","NK","Sexualattention","Objectshake","ObjectShake.2","Sonso",1.00063188030791,0.0237566607460036,0.108792184724689
"2614","101085b","Action_11","Morph_23","NK","Sociosexualattention","Embrace","Embrace.2","Sonso",-1.27296567581289,0.00199822380106572,0.005550621669627
"2615","100144b","Action_38","Morph_78","NK","Groom","Present","Present.4","Sonso",0,0.00288632326820604,0.0492895204262877
"2616","100144b","Action_2","Morph_4","NK","Groom","Bigloudscratch","BigLoudScratch.2","Sonso",0.182321556793955,0.019316163410302,0.0577264653641208
"2617","100303b","Action_2","Morph_4","NK","Groom","Bigloudscratch","BigLoudScratch.2","Sonso",0.180653499693258,0.019316163410302,0.0577264653641208
"2618","100188","Action_2","Morph_3","NK","Groom","Bigloudscratch","BigLoudScratch.1","Sonso",0.336472236621213,0.0215364120781528,0.0577264653641208
"2619","102139","Action_2","Morph_3","NK","Directattention","Bigloudscratch","BigLoudScratch.1","Sonso",0.113328685307003,0.0215364120781528,0.0577264653641208
"2620","100303b","Action_2","Morph_5","NK","Groom","Bigloudscratch","BigLoudScratch.3","Sonso",0.257738196078709,0.0119893428063943,0.0577264653641208
"2621","100536a","Action_2","Morph_4","NK","Groom","Bigloudscratch","BigLoudScratch.2","Sonso",0.113328685307003,0.019316163410302,0.0577264653641208
"2622","102139","Action_2","Morph_3","NK","Directattention","Bigloudscratch","BigLoudScratch.1","Sonso",0.27763173659828,0.0215364120781528,0.0577264653641208
"2623","101081b","Action_34","Morph_65","NK","Stopbehaviour","Objectshake","ObjectShake.1","Sonso",1.17557332980424,0.0746003552397869,0.108792184724689
"2624","100143a","Action_2","Morph_3","NK","Groom","Bigloudscratch","BigLoudScratch.1","Sonso",0.246860077931526,0.0215364120781528,0.0577264653641208
"2625","100396a","Action_11","Morph_22","NK","Affiliation","Embrace","Embrace.1","Sonso",0.0392207131532813,0.00288632326820604,0.005550621669627
"2626","101718a","Action_45","Morph_100","NK","Moveclose","Reach","Reach.1","Sonso",-0.82098055206983,0.0408525754884547,0.0801509769094138
"2627","100274","Action_13","Morph_28","NK","Moveaway","Fling","Fling.2","Sonso",-0.579818495252942,0.00488454706927176,0.0117673179396092
"2628","101032","Action_13","Morph_27","NK","Moveaway","Fling","Fling.1","Sonso",-1.02165124753198,0.00688277087033748,0.0117673179396092
"2629","101904","Action_13","Morph_28","NK","Moveaway","Fling","Fling.2","Sonso",-1.42711635564015,0.00488454706927176,0.0117673179396092
"2630","101077","Action_34","Morph_66","NK","Moveaway","Objectshake","ObjectShake.2","Sonso",1.47247205736094,0.0237566607460036,0.108792184724689
"2631","100106","Action_34","Morph_65","NK","Followme","Objectshake","ObjectShake.1","Sonso",0.215111379616945,0.0746003552397869,0.108792184724689
"2632","101077","Action_13","Morph_27","NK","Moveaway","Fling","Fling.1","Sonso",0.215111379616945,0.00688277087033748,0.0117673179396092
"2633","101077","Action_34","Morph_65","NK","Moveaway","Objectshake","ObjectShake.1","Sonso",0.65232518603969,0.0746003552397869,0.108792184724689
"2634","100686","Action_57","Morph_115","NR","Attendme","Stompobject","StompObject.1","Sonso",-0.385662480811985,0.0337477797513321,0.0424067495559503
"2635","100686","Action_34","Morph_65","NR","Attendme","Objectshake","ObjectShake.1","Sonso",0.858661619037519,0.0746003552397869,0.108792184724689
"2636","100686","Action_34","Morph_65","NR","Attendme","Objectshake","ObjectShake.1","Sonso",0.215111379616945,0.0746003552397869,0.108792184724689
"2637","101515","Action_39","Morph_82","NR","Sexualattention","Presentgenitalsbackwards","PresentGenitals.1","Sonso",0.27763173659828,0.0295293072824156,0.033303730017762
"2638","100428a","Action_29","Morph_58","NR","Play","Locomotegallop","LocomoteGallop.1","Sonso",-0.510825623765991,0.00821492007104796,0.00821492007104796
"2639","100782a","Action_42","Morph_92","NR","Position","Push","Push.5","Sonso",-1.83258146374831,0.0066607460035524,0.0466252220248668
"2640","102098","Action_1","Morph_2","NR","Moveclose","Beckon","Beckon.2","Sonso",-0.653926467406664,0.00133214920071048,0.00155417406749556
"2641","100912a","Action_17","Morph_39","NR","Play","Hitobject","HitObject.1","Sonso",-0.328504066972036,0.0430728241563055,0.0559502664298401
"2642","100912a","Action_60","Morph_127","NR","Play","Swing","Swing.1","Sonso",0.542324290825362,0.0428507992895204,0.0475133214920071
"2643","100922","Action_17","Morph_39","NR","Play","Hitobject","HitObject.1","Sonso",0.444685821261446,0.0430728241563055,0.0559502664298401
"2644","100912a","Action_34","Morph_65","NR","Play","Objectshake","ObjectShake.1","Sonso",0.78845736036427,0.0746003552397869,0.108792184724689
"2645","100912a","Action_60","Morph_127","NR","Play","Swing","Swing.1","Sonso",0.494696241836107,0.0428507992895204,0.0475133214920071
"2646","100912a","Action_34","Morph_65","NR","Play","Objectshake","ObjectShake.1","Sonso",0.418710334858185,0.0746003552397869,0.108792184724689
"2647","100912a","Action_57","Morph_115","NR","Play","Stompobject","StompObject.1","Sonso",-0.385662480811985,0.0337477797513321,0.0424067495559503
"2648","100918","Action_64","Morph_133","NR","Stopbehaviour","Touchlongother","Touch.2","Sonso",0.955511445027436,0.00754884547069272,0.0175399644760213
"2649","101956b","Action_43","Morph_97","NR","Play","Raise","Raise.2","Sonso",-0.328504066972036,0.00044404973357016,0.0113232682060391
"2650","102325","Action_41","Morph_85","NR","Climbonme","Pull","Pull.2","Sonso",-0.22314355131421,0.00643872113676732,0.0253108348134991
"2651","102262a","Action_45","Morph_100","NR","Play","Reach","Reach.1","Sonso",0.148420005118273,0.0408525754884547,0.0801509769094138
"2652","102303","Action_38","Morph_75","NR","Climbonme","Present","Present.1","Sonso",0.0769610411361284,0.0170959147424512,0.0492895204262877
"2653","101040","Action_33","Morph_63","NR","Play","Objectmove","ObjectMove.3","Sonso",0.806475865866949,0.0011101243339254,0.0406305506216696
"2654","101105","Action_13","Morph_27","NR","Moveaway","Fling","Fling.1","Sonso",-1.02165124753198,0.00688277087033748,0.0117673179396092
"2655","101195","Action_42","Morph_92","NR","Moveaway","Push","Push.5","Sonso",-0.82098055206983,0.0066607460035524,0.0466252220248668
"2656","101762","Action_13","Morph_27","NR","Moveaway","Fling","Fling.1","Sonso",-0.653926467406664,0.00688277087033748,0.0117673179396092
"2657","101960","Action_42","Morph_89","NR","Position","Push","Push.2","Sonso",0.307484699747961,0.00355239786856128,0.0466252220248668
"2658","101961","Action_38","Morph_75","NR","Directattention","Present","Present.1","Sonso",1.01523067972906,0.0170959147424512,0.0492895204262877
"2659","101472","Action_39","Morph_82","NR","Sexualattention","Presentgenitalsbackwards","PresentGenitals.1","Sonso",-1.83258146374831,0.0295293072824156,0.033303730017762
"2660","102406","Action_17","Morph_40","NR","Moveaway","Hitobject","HitObject.2","Sonso",-0.44628710262842,0.0119893428063943,0.0559502664298401
"2661","102406","Action_20","Morph_46","NR","Moveaway","Hitother","HitOther.2","Sonso",-0.82098055206983,0.00932504440497336,0.0404085257548845
"2662","100896","Action_13","Morph_27","NR","Moveaway","Fling","Fling.1","Sonso",-0.7339691750802,0.00688277087033748,0.0117673179396092
"2663","100984","Action_34","Morph_66","NR","Giveme","Objectshake","ObjectShake.2","Sonso",0.392042087776024,0.0237566607460036,0.108792184724689
"2664","100896","Action_13","Morph_27","NR","Moveaway","Fling","Fling.1","Sonso",-0.7339691750802,0.00688277087033748,0.0117673179396092
"2665","101258","Action_38","Morph_75","NR","Directattention","Present","Present.1","Sonso",0.470003629245736,0.0170959147424512,0.0492895204262877
"2666","101448","Action_2","Morph_4","NR","Groom","Bigloudscratch","BigLoudScratch.2","Sonso",0.364643113587909,0.019316163410302,0.0577264653641208
"2667","100749","Action_2","Morph_5","NR","Directattention","Bigloudscratch","BigLoudScratch.3","Sonso",0.307484699747961,0.0119893428063943,0.0577264653641208
"2668","101262","Action_2","Morph_3","NR","Groom","Bigloudscratch","BigLoudScratch.1","Sonso",0.392042087776024,0.0215364120781528,0.0577264653641208
"2669","102381","Action_2","Morph_4","NR","Groom","Bigloudscratch","BigLoudScratch.2","Sonso",0.470003629245736,0.019316163410302,0.0577264653641208
"2670","100932","Action_64","Morph_134","NR","Play","Touchlongother","Touch.3","Sonso",0.858661619037519,0.00488454706927176,0.0175399644760213
"2671","102381","Action_38","Morph_76","NR","Groom","Present","Present.2","Sonso",0.336472236621213,0.0135435168738899,0.0492895204262877
"2672","100744","Action_2","Morph_3","NR","Groom","Bigloudscratch","BigLoudScratch.1","Sonso",0.65232518603969,0.0215364120781528,0.0577264653641208
"2673","101256","Action_2","Morph_4","NR","Groom","Bigloudscratch","BigLoudScratch.2","Sonso",-0.12897038129696,0.019316163410302,0.0577264653641208
"2674","102383","Action_38","Morph_76","NR","Directattention","Present","Present.2","Sonso",-0.44628710262842,0.0135435168738899,0.0492895204262877
"2675","101257","Action_2","Morph_5","NR","Groom","Bigloudscratch","BigLoudScratch.3","Sonso",0.609765571620894,0.0119893428063943,0.0577264653641208
"2676","100932","Action_63","Morph_134","NR","Play","Touch","Touch.3","Sonso",0.518793793415168,0.00488454706927176,0.0341918294849023
"2677","102383","Action_2","Morph_4","NR","Directattention","Bigloudscratch","BigLoudScratch.2","Sonso",0.392042087776024,0.019316163410302,0.0577264653641208
"2678","100749","Action_2","Morph_4","NR","Directattention","Bigloudscratch","BigLoudScratch.2","Sonso",0.0392207131532813,0.019316163410302,0.0577264653641208
"2679","101475","Action_39","Morph_82","NR","Sexualattention","Presentgenitalsbackwards","PresentGenitals.1","Sonso",0.182321556793955,0.0295293072824156,0.033303730017762
"2680","100741","Action_49","Morph_NA","NR","Play","Rub",NA,"Sonso",-0.0408219945202552,0.0159857904085258,0.0066607460035524
"2681","100741","Action_49","Morph_NA","NR","Play","Rub",NA,"Sonso",-0.7339691750802,0.0159857904085258,0.0066607460035524
"2682","101133","Action_64","Morph_132","NR","Play","Touchlongother","Touch.1","Sonso",1.09861228866811,0.0104351687388988,0.0175399644760213
"2683","101427","Action_63","Morph_133","NR","Play","Touch","Touch.2","Sonso",1.05779029414785,0.00754884547069272,0.0341918294849023
"2684","100929","Action_64","Morph_133","NR","Play","Touchlongother","Touch.2","Sonso",1.09861228866811,0.00754884547069272,0.0175399644760213
"2685","100931","Action_64","Morph_133","NR","Play","Touchlongother","Touch.2","Sonso",0.970778917158225,0.00754884547069272,0.0175399644760213
"2686","100767","Action_15","Morph_36","NR","Play","Grabhold","GrabHold.2","Sonso",0.985816794522765,0.005550621669627,0.0204262877442274
"2687","100927","Action_64","Morph_139","NR","Play","Touchlongother","Touch.8","Sonso",0.955511445027436,0.00577264653641208,0.0175399644760213
"2688","100929","Action_3","Morph_16","NR","Play","Bite","Bite.8","Sonso",-0.653926467406664,0.00288632326820604,0.0168738898756661
"2689","100925","Action_48","Morph_104","NR","Play","Rollover","RollOver.1","Sonso",0.751416088683921,0.00621669626998224,0.00621669626998224
"2690","102373","Action_33","Morph_62","NR","Play","Objectmove","ObjectMove.2","Sonso",0.418710334858185,0.00643872113676732,0.0406305506216696
"2691","100948a","Action_63","Morph_137","NR","Play","Touch","Touch.6","Sonso",-0.083381608939051,0.00488454706927176,0.0341918294849023
"2692","100741","Action_23","Morph_47","NR","Play","Hittingother","HitOther.3","Sonso",-0.916290731874155,0.00843694493783304,0.0157637655417407
"2693","100741","Action_49","Morph_NA","NR","Play","Rub",NA,"Sonso",-0.0408219945202552,0.0159857904085258,0.0066607460035524
"2694","100925","Action_14","Morph_30","NR","Play","Grab","Grab.2","Sonso",-0.916290731874155,0.00799289520426288,0.0353019538188277
"2695","100911b","Action_57","Morph_115","NR","Play","Stompobject","StompObject.1","Sonso",-0.82098055206983,0.0337477797513321,0.0424067495559503
"2696","100929","Action_41","Morph_85","NR","Play","Pull","Pull.2","Sonso",0.246860077931526,0.00643872113676732,0.0253108348134991
"2697","100931","Action_63","Morph_133","NR","Play","Touch","Touch.2","Sonso",-1.13943428318836,0.00754884547069272,0.0341918294849023
"2698","100742b","Action_53","Morph_113","NR","Playcontinue","Spinsomersault","SpinSomersault.1","Sonso",2.21046980408624,0.00799289520426288,0.00799289520426288
"2699","101133","Action_64","Morph_132","NR","Play","Touchlongother","Touch.1","Sonso",1.01523067972906,0.0104351687388988,0.0175399644760213
"2700","100741","Action_49","Morph_NA","NR","Play","Rub",NA,"Sonso",-0.7339691750802,0.0159857904085258,0.0066607460035524
"2701","100925","Action_43","Morph_96","NR","Play","Raise","Raise.1","Sonso",-0.385662480811985,0.00865896980461812,0.0113232682060391
"2702","100925","Action_64","Morph_133","NR","Play","Touchlongother","Touch.2","Sonso",0.908258560176891,0.00754884547069272,0.0175399644760213
"2703","100931","Action_64","Morph_133","NR","Play","Touchlongother","Touch.2","Sonso",0.908258560176891,0.00754884547069272,0.0175399644760213
"2704","100930","Action_41","Morph_85","NR","Play","Pull","Pull.2","Sonso",-1.13943428318836,0.00643872113676732,0.0253108348134991
"2705","100741","Action_23","Morph_47","NR","Play","Hittingother","HitOther.3","Sonso",0.806475865866949,0.00843694493783304,0.0157637655417407
"2706","101889","Action_16","Morph_38","NR","Play","Headstand","HeadStand.1","Sonso",0.56531380905006,0.0066607460035524,0.0066607460035524
"2707","102373","Action_48","Morph_104","NR","Play","Rollover","RollOver.1","Sonso",0.307484699747961,0.00621669626998224,0.00621669626998224
"2708","100931","Action_63","Morph_133","NR","Play","Touch","Touch.2","Sonso",0,0.00754884547069272,0.0341918294849023
"2709","100741","Action_23","Morph_47","NR","Play","Hittingother","HitOther.3","Sonso",-0.22314355131421,0.00843694493783304,0.0157637655417407
"2710","100948a","Action_63","Morph_137","NR","Play","Touch","Touch.6","Sonso",-1.42711635564015,0.00488454706927176,0.0341918294849023
"2711","100741","Action_41","Morph_85","NR","Play","Pull","Pull.2","Sonso",0.693147180559945,0.00643872113676732,0.0253108348134991
"2712","100925","Action_15","Morph_36","NR","Play","Grabhold","GrabHold.2","Sonso",0.693147180559945,0.005550621669627,0.0204262877442274
"2713","100931","Action_64","Morph_133","NR","Play","Touchlongother","Touch.2","Sonso",0.824175442966349,0.00754884547069272,0.0175399644760213
"2714","100741","Action_14","Morph_30","NR","Play","Grab","Grab.2","Sonso",0.56531380905006,0.00799289520426288,0.0353019538188277
"2715","101133","Action_64","Morph_134","NR","Play","Touchlongother","Touch.3","Sonso",0.89199803930511,0.00488454706927176,0.0175399644760213
"2716","101133","Action_63","Morph_136","NR","Play","Touch","Touch.5","Sonso",1.04380405217311,0.00421847246891652,0.0341918294849023
"2717","100743","Action_15","Morph_37","NR","Play","Grabhold","GrabHold.3","Sonso",1.30291275218084,0.00532859680284192,0.0204262877442274
"2718","100947","Action_14","Morph_30","NR","Play","Grab","Grab.2","Sonso",-0.653926467406664,0.00799289520426288,0.0353019538188277
"2719","100925","Action_15","Morph_36","NR","Play","Grabhold","GrabHold.2","Sonso",0.924258901523332,0.005550621669627,0.0204262877442274
"2720","100741","Action_49","Morph_NA","NR","Play","Rub",NA,"Sonso",-0.0408219945202552,0.0159857904085258,0.0066607460035524
"2721","100768","Action_52","Morph_112","NR","Stopbehaviour","Spinroulade","SpinRoulade.1","Sonso",1.12492959698548,0.00488454706927176,0.00488454706927176
"2722","101141","Action_33","Morph_61","NR","Play","Objectmove","ObjectMove.1","Sonso",-1.02165124753198,0.0317495559502664,0.0406305506216696
"2723","101141","Action_43","Morph_96","NR","Play","Raise","Raise.1","Sonso",-0.579818495252942,0.00865896980461812,0.0113232682060391
"2724","102351","Action_51","Morph_111","NR","Stopbehaviour","Spinpirouette","SpinPirouette.1","Sonso",0.148420005118273,0.00133214920071048,0.00133214920071048
"2725","101142","Action_45","Morph_100","NR","Play","Reach","Reach.1","Sonso",-0.174353387144778,0.0408525754884547,0.0801509769094138
"2726","101141","Action_17","Morph_39","NR","Play","Hitobject","HitObject.1","Sonso",-0.510825623765991,0.0430728241563055,0.0559502664298401
"2727","100881","Action_60","Morph_127","NR","Stopbehaviour","Swing","Swing.1","Sonso",0.0769610411361284,0.0428507992895204,0.0475133214920071
"2728","102351","Action_34","Morph_65","NR","Stopbehaviour","Objectshake","ObjectShake.1","Sonso",0.770108221696074,0.0746003552397869,0.108792184724689
"2729","101141","Action_34","Morph_65","NR","Play","Objectshake","ObjectShake.1","Sonso",0.364643113587909,0.0746003552397869,0.108792184724689
"2730","101142","Action_45","Morph_100","NR","Play","Reach","Reach.1","Sonso",-0.82098055206983,0.0408525754884547,0.0801509769094138
"2731","100492","Action_50","Morph_108","NR","Play","Shake","Shake.2","Sonso",0.182321556793955,0.00466252220248668,0.0122113676731794
"2732","100492","Action_34","Morph_65","NR","Play","Objectshake","ObjectShake.1","Sonso",0.587786664902119,0.0746003552397869,0.108792184724689
"2733","100492","Action_34","Morph_65","NR","Play","Objectshake","ObjectShake.1","Sonso",0.444685821261446,0.0746003552397869,0.108792184724689
"2734","102439","Action_20","Morph_50","NR","Stopbehaviour","Hitother","HitOther.6","Sonso",-0.82098055206983,0.00488454706927176,0.0404085257548845
"2735","101273a","Action_34","Morph_65","NR","Play","Objectshake","ObjectShake.1","Sonso",0,0.0746003552397869,0.108792184724689
"2736","101273a","Action_24","Morph_51","NR","Play","Jump","Jump.1","Sonso",-0.653926467406664,0.00732682060390764,0.00732682060390764
"2737","101273a","Action_24","Morph_51","NR","Play","Jump","Jump.1","Sonso",-0.174353387144778,0.00732682060390764,0.00732682060390764
"2738","101273a","Action_33","Morph_62","NR","Play","Objectmove","ObjectMove.2","Sonso",-0.22314355131421,0.00643872113676732,0.0406305506216696
"2739","101273a","Action_34","Morph_65","NR","Play","Objectshake","ObjectShake.1","Sonso",0.770108221696074,0.0746003552397869,0.108792184724689
"2740","100387b","Action_51","Morph_111","NR","Stopbehaviour","Spinpirouette","SpinPirouette.1","Sonso",1.01523067972906,0.00133214920071048,0.00133214920071048
"2741","101760","Action_38","Morph_77","NR","Directattention","Present","Present.3","Sonso",1.17557332980424,0.00466252220248668,0.0492895204262877
"2742","101759a","Action_38","Morph_76","NR","Directattention","Present","Present.2","Sonso",-0.174353387144778,0.0135435168738899,0.0492895204262877
"2743","101777","Action_39","Morph_82","NR","Sexualattention","Presentgenitalsbackwards","PresentGenitals.1","Sonso",0.246860077931526,0.0295293072824156,0.033303730017762
"2744","101758b","Action_38","Morph_76","NR","Directattention","Present","Present.2","Sonso",-0.44628710262842,0.0135435168738899,0.0492895204262877
"2745","101827","Action_13","Morph_28","NR","Moveaway","Fling","Fling.2","Sonso",-0.44628710262842,0.00488454706927176,0.0117673179396092
"2746","101826","Action_20","Morph_46","NR","Moveaway","Hitother","HitOther.2","Sonso",-0.7339691750802,0.00932504440497336,0.0404085257548845
"2747","100554","Action_17","Morph_39","NR","Play","Hitobject","HitObject.1","Sonso",-0.27443684570176,0.0430728241563055,0.0559502664298401
"2748","100436a","Action_50","Morph_107","NR","Play","Shake","Shake.1","Sonso",-0.328504066972036,0.00355239786856128,0.0122113676731794
"2749","100436a","Action_60","Morph_127","NR","Play","Swing","Swing.1","Sonso",-0.22314355131421,0.0428507992895204,0.0475133214920071
"2750","101174","Action_55","Morph_116","NT","Play","Stompingobject","StompObject.2","Sonso",-0.627359440021942,0.0148756660746004,0.0230905861456483
"2751","100944","Action_17","Morph_41","NT","Play","Hitobject","HitObject.3","Sonso",-0.50916034444693,0.00510657193605684,0.0559502664298401
"2752","100271b","Action_39","Morph_82","NT","Sexualattention","Presentgenitalsbackwards","PresentGenitals.1","Sonso",0.336472236621213,0.0295293072824156,0.033303730017762
"2753","101178","Action_8","Morph_19","NT","Play","Dangle","Dangle.1","Sonso",-0.0335567835288428,0.0484014209591474,0.0484014209591474
"2754","101178","Action_60","Morph_127","NT","Play","Swing","Swing.1","Sonso",-0.0335567835288428,0.0428507992895204,0.0475133214920071
"2755","101174","Action_55","Morph_117","NT","Play","Stompingobject","StompObject.3","Sonso",0.237440856015034,0.00688277087033748,0.0230905861456483
"2756","101178","Action_60","Morph_127","NT","Play","Swing","Swing.1","Sonso",0.531804030151182,0.0428507992895204,0.0475133214920071
"2757","101174","Action_9","Morph_20","NT","Play","Dangleshake","DangleShake.1","Sonso",0.450438473750896,0.00710479573712256,0.00710479573712256
"2758","102494","Action_18","Morph_39","NT","Moveclose","Hitobjectobject","HitObject.1","Sonso",-0.127833371509885,0.0430728241563055,0.00466252220248668
"2759","102495","Action_1","Morph_2","NT","Position","Beckon","Beckon.2","Sonso",-0.22314355131421,0.00133214920071048,0.00155417406749556
"2760","102141","Action_63","Morph_134","NT","Staysame","Touch","Touch.3","Sonso",-0.653926467406664,0.00488454706927176,0.0341918294849023
"2761","102141","Action_38","Morph_79","NT","Staysame","Present","Present.5","Sonso",0.182321556793955,0.00688277087033748,0.0492895204262877
"2762","102095","Action_50","Morph_108","NT","Playcontinue","Shake","Shake.2","Sonso",0.27763173659828,0.00466252220248668,0.0122113676731794
"2763","101857b","Action_15","Morph_35","NT","Playcontinue","Grabhold","GrabHold.1","Sonso",0.8754687373539,0.00932504440497336,0.0204262877442274
"2764","102096","Action_60","Morph_127","NT","Playcontinue","Swing","Swing.1","Sonso",0.444685821261446,0.0428507992895204,0.0475133214920071
"2765","102095","Action_60","Morph_127","NT","Playcontinue","Swing","Swing.1","Sonso",0.0769610411361284,0.0428507992895204,0.0475133214920071
"2766","100921","Action_60","Morph_127","NT","Play","Swing","Swing.1","Sonso",-0.328504066972036,0.0428507992895204,0.0475133214920071
"2767","100374","Action_60","Morph_127","NT","Playcontinue","Swing","Swing.1","Sonso",-0.174353387144778,0.0428507992895204,0.0475133214920071
"2768","101457","Action_45","Morph_100","NT","Play","Reach","Reach.1","Sonso",-0.579818495252942,0.0408525754884547,0.0801509769094138
"2769","101532","Action_15","Morph_35","NT","Play","Grabhold","GrabHold.1","Sonso",0.940007258491471,0.00932504440497336,0.0204262877442274
"2770","101525","Action_60","Morph_127","NT","Play","Swing","Swing.1","Sonso",-0.0408219945202552,0.0428507992895204,0.0475133214920071
"2771","101459","Action_41","Morph_85","NT","Play","Pull","Pull.2","Sonso",0.336472236621213,0.00643872113676732,0.0253108348134991
"2772","101532","Action_63","Morph_135","NT","Play","Touch","Touch.4","Sonso",-1.02165124753198,0.00488454706927176,0.0341918294849023
"2773","101532","Action_15","Morph_35","NT","Play","Grabhold","GrabHold.1","Sonso",0.908258560176891,0.00932504440497336,0.0204262877442274
"2774","101532","Action_45","Morph_100","NT","Play","Reach","Reach.1","Sonso",-0.82098055206983,0.0408525754884547,0.0801509769094138
"2775","101525","Action_60","Morph_127","NT","Play","Swing","Swing.1","Sonso",0.246860077931526,0.0428507992895204,0.0475133214920071
"2776","100723","Action_41","Morph_84","NT","Playcontinue","Pull","Pull.1","Sonso",0.418710334858185,0.00821492007104796,0.0253108348134991
"2777","100723","Action_16","Morph_38","NT","Playcontinue","Headstand","HeadStand.1","Sonso",0.693147180559945,0.0066607460035524,0.0066607460035524
"2778","100355a","Action_45","Morph_100","NT","Play","Reach","Reach.1","Sonso",-0.0408219945202552,0.0408525754884547,0.0801509769094138
"2779","101640a","Action_8","Morph_19","NT","Play","Dangle","Dangle.1","Sonso",0.0769610411361284,0.0484014209591474,0.0484014209591474
"2780","101648","Action_8","Morph_19","NT","Play","Dangle","Dangle.1","Sonso",-0.916290731874155,0.0484014209591474,0.0484014209591474
"2781","101640a","Action_57","Morph_118","NT","Play","Stompobject","StompObject.4","Sonso",-0.510825623765991,0.005550621669627,0.0424067495559503
"2782","101640a","Action_60","Morph_127","NT","Play","Swing","Swing.1","Sonso",0.0769610411361284,0.0428507992895204,0.0475133214920071
"2783","100356","Action_60","Morph_127","NT","Playcontinue","Swing","Swing.1","Sonso",0.215111379616945,0.0428507992895204,0.0475133214920071
"2784","101640a","Action_17","Morph_39","NT","Play","Hitobject","HitObject.1","Sonso",-0.916290731874155,0.0430728241563055,0.0559502664298401
"2785","100355a","Action_42","Morph_91","NT","Play","Push","Push.4","Sonso",-0.328504066972036,0.00932504440497336,0.0466252220248668
"2786","100794","Action_45","Morph_101","NT","Moveclose","Reach","Reach.2","Sonso",-0.22314355131421,0.0370781527531083,0.0801509769094138
"2787","101640a","Action_17","Morph_41","NT","Play","Hitobject","HitObject.3","Sonso",-0.82098055206983,0.00510657193605684,0.0559502664298401
"2788","101583a","Action_52","Morph_112","NT","Play","Spinroulade","SpinRoulade.1","Sonso",1.21194097397511,0.00488454706927176,0.00488454706927176
"2789","101552","Action_14","Morph_32","NT","Play","Grab","Grab.4","Sonso",-0.579818495252942,0.00754884547069272,0.0353019538188277
"2790","100794","Action_42","Morph_88","NT","Moveclose","Push","Push.1","Sonso",0.0769610411361284,0.0106571936056838,0.0466252220248668
"2791","101583a","Action_16","Morph_38","NT","Play","Headstand","HeadStand.1","Sonso",0.246860077931526,0.0066607460035524,0.0066607460035524
"2792","100727","Action_42","Morph_95","NT","Moveclose","Push","Push.8","Sonso",-0.0408219945202552,0.00133214920071048,0.0466252220248668
"2793","101640a","Action_63","Morph_137","NT","Play","Touch","Touch.6","Sonso",-0.44628710262842,0.00488454706927176,0.0341918294849023
"2794","100355a","Action_8","Morph_19","NT","Play","Dangle","Dangle.1","Sonso",0.518793793415168,0.0484014209591474,0.0484014209591474
"2795","101639","Action_50","Morph_108","NT","Playcontinue","Shake","Shake.2","Sonso",-0.0408219945202552,0.00466252220248668,0.0122113676731794
"2796","101640a","Action_26","Morph_53","NT","Play","Knockobject","KnockObject.1","Sonso",-0.7339691750802,0.00133214920071048,0.0011101243339254
"2797","100725","Action_41","Morph_85","NT","Playcontinue","Pull","Pull.2","Sonso",-0.127833371509885,0.00643872113676732,0.0253108348134991
"2798","101552","Action_14","Morph_33","NT","Play","Grab","Grab.5","Sonso",-0.7339691750802,0.0033303730017762,0.0353019538188277
"2799","101737a","Action_15","Morph_36","NT","Play","Grabhold","GrabHold.2","Sonso",1.08518926833597,0.005550621669627,0.0204262877442274
"2800","100794","Action_63","Morph_134","NT","Moveclose","Touch","Touch.3","Sonso",-1.13943428318836,0.00488454706927176,0.0341918294849023
"2801","101583a","Action_14","Morph_32","NT","Play","Grab","Grab.4","Sonso",-0.328504066972036,0.00754884547069272,0.0353019538188277
"2802","101640a","Action_17","Morph_39","NT","Play","Hitobject","HitObject.1","Sonso",-1.13943428318836,0.0430728241563055,0.0559502664298401
"2803","100722","Action_11","Morph_22","NT","Affiliation","Embrace","Embrace.1","Sonso",0.693147180559945,0.00288632326820604,0.005550621669627
"2804","101552","Action_63","Morph_132","NT","Play","Touch","Touch.1","Sonso",0.631271776841858,0.0104351687388988,0.0341918294849023
"2805","101640a","Action_57","Morph_118","NT","Play","Stompobject","StompObject.4","Sonso",-0.7339691750802,0.005550621669627,0.0424067495559503
"2806","100725","Action_41","Morph_87","NT","Playcontinue","Pull","Pull.4","Sonso",0.336472236621213,0.00532859680284192,0.0253108348134991
"2807","100427a","Action_56","Morph_123","NT","Play","Stompingother","StompOther.2","Sonso",0.672944473242426,0.00244227353463588,0.00266429840142096
"2808","100427a","Action_8","Morph_19","NT","Play","Dangle","Dangle.1","Sonso",0.542324290825362,0.0484014209591474,0.0484014209591474
"2809","100495","Action_56","Morph_NA","NT","Play","Stompingother",NA,"Sonso",0.587786664902119,0.0159857904085258,0.00266429840142096
"2810","100680","Action_32","Morph_60","NT","Playcontinue","Objectmouth","ObjectMouth.1","Sonso",0.841567185678219,0.00466252220248668,0.00466252220248668
"2811","101176","Action_17","Morph_39","NT","Sociosexualattention","Hitobject","HitObject.1","Sonso",-0.567395975254385,0.0430728241563055,0.0559502664298401
"2812","100495","Action_8","Morph_19","NT","Play","Dangle","Dangle.1","Sonso",-0.916290731874155,0.0484014209591474,0.0484014209591474
"2813","101994","Action_20","Morph_50","NT","Playcontinue","Hitother","HitOther.6","Sonso",0.113328685307003,0.00488454706927176,0.0404085257548845
"2814","102008","Action_17","Morph_39","NT","Play","Hitobject","HitObject.1","Sonso",-0.083381608939051,0.0430728241563055,0.0559502664298401
"2815","101992a","Action_17","Morph_39","NT","Play","Hitobject","HitObject.1","Sonso",0,0.0430728241563055,0.0559502664298401
"2816","100427a","Action_58","Morph_122","NT","Play","Stompother","StompOther.1","Sonso",-0.82098055206983,0.00244227353463588,0.00377442273534636
"2817","101993a","Action_64","Morph_139","NT","Play","Touchlongother","Touch.8","Sonso",1.01523067972906,0.00577264653641208,0.0175399644760213
"2818","100494","Action_53","Morph_113","NT","Play","Spinsomersault","SpinSomersault.1","Sonso",1.41585316336144,0.00799289520426288,0.00799289520426288
"2819","101451b","Action_45","Morph_100","NT","Play","Reach","Reach.1","Sonso",-0.27443684570176,0.0408525754884547,0.0801509769094138
"2820","100745","Action_60","Morph_127","NT","Stopbehaviour","Swing","Swing.1","Sonso",0.0392207131532813,0.0428507992895204,0.0475133214920071
"2821","102008","Action_34","Morph_65","NT","Play","Objectshake","ObjectShake.1","Sonso",0.672944473242426,0.0746003552397869,0.108792184724689
"2822","100680","Action_14","Morph_30","NT","Playcontinue","Grab","Grab.2","Sonso",-0.385662480811985,0.00799289520426288,0.0353019538188277
"2823","101992a","Action_20","Morph_45","NT","Play","Hitother","HitOther.1","Sonso",-0.653926467406664,0.0202042628774423,0.0404085257548845
"2824","102008","Action_8","Morph_19","NT","Play","Dangle","Dangle.1","Sonso",-0.127833371509885,0.0484014209591474,0.0484014209591474
"2825","101993a","Action_60","Morph_127","NT","Play","Swing","Swing.1","Sonso",0.392042087776024,0.0428507992895204,0.0475133214920071
"2826","101993a","Action_15","Morph_35","NT","Play","Grabhold","GrabHold.1","Sonso",0.8754687373539,0.00932504440497336,0.0204262877442274
"2827","101533","Action_33","Morph_61","NT","Play","Objectmove","ObjectMove.1","Sonso",0.444685821261446,0.0317495559502664,0.0406305506216696
"2828","101993a","Action_56","Morph_123","NT","Play","Stompingother","StompOther.2","Sonso",0.494696241836107,0.00244227353463588,0.00266429840142096
"2829","101993a","Action_58","Morph_122","NT","Play","Stompother","StompOther.1","Sonso",0.0392207131532813,0.00244227353463588,0.00377442273534636
"2830","102007","Action_34","Morph_65","NT","Moveaway","Objectshake","ObjectShake.1","Sonso",1.11185751541813,0.0746003552397869,0.108792184724689
"2831","100687a","Action_60","Morph_127","NT","Play","Swing","Swing.1","Sonso",0.246860077931526,0.0428507992895204,0.0475133214920071
"2832","100426a","Action_8","Morph_19","NT","Play","Dangle","Dangle.1","Sonso",0.246860077931526,0.0484014209591474,0.0484014209591474
"2833","100687a","Action_60","Morph_127","NT","Play","Swing","Swing.1","Sonso",0.246860077931526,0.0428507992895204,0.0475133214920071
"2834","100426a","Action_63","Morph_NA","NT","Play","Touch",NA,"Sonso",0,0.0159857904085258,0.0341918294849023
"2835","100769b","Action_29","Morph_58","NT","Play","Locomotegallop","LocomoteGallop.1","Sonso",-0.174353387144778,0.00821492007104796,0.00821492007104796
"2836","100808","Action_8","Morph_19","NT","Play","Dangle","Dangle.1","Sonso",-0.385662480811985,0.0484014209591474,0.0484014209591474
"2837","100808","Action_60","Morph_127","NT","Play","Swing","Swing.1","Sonso",0.0392207131532813,0.0428507992895204,0.0475133214920071
"2838","100854","Action_34","Morph_65","NT","Playcontinue","Objectshake","ObjectShake.1","Sonso",0.672944473242426,0.0746003552397869,0.108792184724689
"2839","101268b","Action_20","Morph_45","NT","Playcontinue","Hitother","HitOther.1","Sonso",-0.82098055206983,0.0202042628774423,0.0404085257548845
"2840","101801","Action_17","Morph_39","NT","Play","Hitobject","HitObject.1","Sonso",-0.328504066972036,0.0430728241563055,0.0559502664298401
"2841","101268b","Action_57","Morph_115","NT","Playcontinue","Stompobject","StompObject.1","Sonso",-0.653926467406664,0.0337477797513321,0.0424067495559503
"2842","101801","Action_8","Morph_19","NT","Play","Dangle","Dangle.1","Sonso",-0.127833371509885,0.0484014209591474,0.0484014209591474
"2843","101572","Action_15","Morph_36","NT","Playcontinue","Grabhold","GrabHold.2","Sonso",1.05779029414785,0.005550621669627,0.0204262877442274
"2844","101573","Action_14","Morph_33","NT","Playcontinue","Grab","Grab.5","Sonso",-0.385662480811985,0.0033303730017762,0.0353019538188277
"2845","100257","Action_27","Morph_54","NT","Playcontinue","Leafclip","LeafClip.1","Sonso",1.1999647829284,0.0044404973357016,0.00599467140319716
"2846","100256","Action_27","Morph_54","NT","Playcontinue","Leafclip","LeafClip.1","Sonso",1.73695123273306,0.0044404973357016,0.00599467140319716
"2847","101004","Action_60","Morph_127","NT","Giveme","Swing","Swing.1","Sonso",0.0392207131532813,0.0428507992895204,0.0475133214920071
"2848","101004","Action_33","Morph_61","NT","Giveme","Objectmove","ObjectMove.1","Sonso",-0.579818495252942,0.0317495559502664,0.0406305506216696
"2849","101004","Action_33","Morph_61","NT","Giveme","Objectmove","ObjectMove.1","Sonso",-0.510825623765991,0.0317495559502664,0.0406305506216696
"2850","101004","Action_60","Morph_128","NT","Giveme","Swing","Swing.2","Sonso",-0.27443684570176,0.00310834813499112,0.0475133214920071
"2851","101004","Action_33","Morph_61","NT","Giveme","Objectmove","ObjectMove.1","Sonso",-0.579818495252942,0.0317495559502664,0.0406305506216696
"2852","101004","Action_34","Morph_65","NT","Giveme","Objectshake","ObjectShake.1","Sonso",-0.27443684570176,0.0746003552397869,0.108792184724689
"2853","101004","Action_60","Morph_127","NT","Giveme","Swing","Swing.1","Sonso",0.0769610411361284,0.0428507992895204,0.0475133214920071
"2854","101004","Action_34","Morph_65","NT","Giveme","Objectshake","ObjectShake.1","Sonso",-0.27443684570176,0.0746003552397869,0.108792184724689
"2855","100562a","Action_63","Morph_133","NT","Climbonyou","Touch","Touch.2","Sonso",-0.579818495252942,0.00754884547069272,0.0341918294849023
"2856","101137","Action_43","Morph_96","NT","Climbonyou","Raise","Raise.1","Sonso",-0.510825623765991,0.00865896980461812,0.0113232682060391
"2857","102352","Action_59","Morph_125","NT","Giveme","Stroke","Stroke.2","Sonso",-0.328504066972036,0.00155417406749556,0.00377442273534636
"2858","102366","Action_63","Morph_138","NT","Giveme","Touch","Touch.7","Sonso",0,0.0044404973357016,0.0341918294849023
"2859","102353","Action_42","Morph_93","NT","Position","Push","Push.6","Sonso",-1.27296567581289,0.0066607460035524,0.0466252220248668
"2860","102352","Action_59","Morph_125","NT","Giveme","Stroke","Stroke.2","Sonso",-0.328504066972036,0.00155417406749556,0.00377442273534636
"2861","102443","Action_45","Morph_100","NT","Directattention","Reach","Reach.1","Sonso",-0.916290731874155,0.0408525754884547,0.0801509769094138
"2862","102352","Action_59","Morph_125","NT","Giveme","Stroke","Stroke.2","Sonso",0.182321556793955,0.00155417406749556,0.00377442273534636
"2863","100765","Action_42","Morph_94","NT","Travel","Push","Push.7","Sonso",-0.339677367570161,0.00288632326820604,0.0466252220248668
"2864","100765","Action_42","Morph_94","NT","Travel","Push","Push.7","Sonso",-0.84863208340034,0.00288632326820604,0.0466252220248668
"2865","100955","Action_3","Morph_11","NT","Playcontinue","Bite","Bite.3","Sonso",0.215111379616945,0.00310834813499112,0.0168738898756661
"2866","101131","Action_48","Morph_104","NT","Play","Rollover","RollOver.1","Sonso",0.587786664902119,0.00621669626998224,0.00621669626998224
"2867","101131","Action_63","Morph_137","NT","Play","Touch","Touch.6","Sonso",0,0.00488454706927176,0.0341918294849023
"2868","100535","Action_63","Morph_139","NT","Attendme","Touch","Touch.8","Sonso",0.182321556793955,0.00577264653641208,0.0341918294849023
"2869","100006","Action_42","Morph_93","NT","Position","Push","Push.6","Sonso",-0.579818495252942,0.0066607460035524,0.0466252220248668
"2870","102366","Action_45","Morph_101","NT","Giveme","Reach","Reach.2","Sonso",-1.83258146374831,0.0370781527531083,0.0801509769094138
"2871","102352","Action_17","Morph_39","NT","Giveme","Hitobject","HitObject.1","Sonso",-0.22314355131421,0.0430728241563055,0.0559502664298401
"2872","100955","Action_34","Morph_65","NT","Playcontinue","Objectshake","ObjectShake.1","Sonso",0.182321556793955,0.0746003552397869,0.108792184724689
"2873","102363","Action_45","Morph_101","NT","Giveme","Reach","Reach.2","Sonso",0.0769610411361284,0.0370781527531083,0.0801509769094138
"2874","102366","Action_45","Morph_101","NT","Giveme","Reach","Reach.2","Sonso",1.07158361628019,0.0370781527531083,0.0801509769094138
"2875","100765","Action_42","Morph_94","NT","Travel","Push","Push.7","Sonso",-0.623621117911335,0.00288632326820604,0.0466252220248668
"2876","102352","Action_60","Morph_127","NT","Giveme","Swing","Swing.1","Sonso",0,0.0428507992895204,0.0475133214920071
"2877","100765","Action_42","Morph_94","NT","Travel","Push","Push.7","Sonso",-0.95711272639441,0.00288632326820604,0.0466252220248668
"2878","102352","Action_20","Morph_45","NT","Giveme","Hitother","HitOther.1","Sonso",-0.27443684570176,0.0202042628774423,0.0404085257548845
"2879","101282","Action_43","Morph_96","NT","Givemenurse","Raise","Raise.1","Sonso",-0.7339691750802,0.00865896980461812,0.0113232682060391
"2880","101664a","Action_43","Morph_96","NT","Givemenurse","Raise","Raise.1","Sonso",-0.7339691750802,0.00865896980461812,0.0113232682060391
"2881","100765","Action_42","Morph_94","NT","Travel","Push","Push.7","Sonso",-0.877070018720874,0.00288632326820604,0.0466252220248668
"2882","102365","Action_64","Morph_140","NT","Giveme","Touchlongother","Touch.9","Sonso",0.924258901523332,0.00399644760213144,0.0175399644760213
"2883","101261","Action_42","Morph_93","NT","Position","Push","Push.6","Sonso",-1.02165124753198,0.0066607460035524,0.0466252220248668
"2884","100880","Action_13","Morph_27","NT","Givemenurse","Fling","Fling.1","Sonso",0.148420005118273,0.00688277087033748,0.0117673179396092
"2885","102352","Action_23","Morph_47","NT","Giveme","Hittingother","HitOther.3","Sonso",0.587786664902119,0.00843694493783304,0.0157637655417407
"2886","101246","Action_43","Morph_98","NT","Givemenurse","Raise","Raise.3","Sonso",1.25846098961001,0.00177619893428064,0.0113232682060391
"2887","100880","Action_13","Morph_27","NT","Givemenurse","Fling","Fling.1","Sonso",0.0769610411361284,0.00688277087033748,0.0117673179396092
"2888","102354","Action_63","Morph_140","NT","Giveme","Touch","Touch.9","Sonso",-0.510825623765991,0.00399644760213144,0.0341918294849023
"2889","100954a","Action_33","Morph_62","NT","Play","Objectmove","ObjectMove.2","Sonso",-0.510825623765991,0.00643872113676732,0.0406305506216696
"2890","102352","Action_60","Morph_127","NT","Giveme","Swing","Swing.1","Sonso",0.444685821261446,0.0428507992895204,0.0475133214920071
"2891","100954a","Action_33","Morph_62","NT","Play","Objectmove","ObjectMove.2","Sonso",-0.27443684570176,0.00643872113676732,0.0406305506216696
"2892","101868a","Action_38","Morph_75","NT","Groom","Present","Present.1","Sonso",0.470003629245736,0.0170959147424512,0.0492895204262877
"2893","100765","Action_41","Morph_87","NT","Travel","Pull","Pull.4","Sonso",-0.621757184473272,0.00532859680284192,0.0253108348134991
"2894","100765","Action_42","Morph_94","NT","Travel","Push","Push.7","Sonso",-0.406465608441748,0.00288632326820604,0.0466252220248668
"2895","102365","Action_45","Morph_101","NT","Giveme","Reach","Reach.2","Sonso",0.182321556793955,0.0370781527531083,0.0801509769094138
"2896","102352","Action_23","Morph_47","NT","Giveme","Hittingother","HitOther.3","Sonso",0.215111379616945,0.00843694493783304,0.0157637655417407
"2897","102366","Action_63","Morph_138","NT","Giveme","Touch","Touch.7","Sonso",-0.82098055206983,0.0044404973357016,0.0341918294849023
"2898","100299","Action_38","Morph_76","NT","Groom","Present","Present.2","Sonso",-0.0408219945202552,0.0135435168738899,0.0492895204262877
"2899","102352","Action_23","Morph_47","NT","Giveme","Hittingother","HitOther.3","Sonso",0.0392207131532813,0.00843694493783304,0.0157637655417407
"2900","101137","Action_43","Morph_96","NT","Climbonyou","Raise","Raise.1","Sonso",-0.0408219945202552,0.00865896980461812,0.0113232682060391
"2901","102352","Action_45","Morph_100","NT","Giveme","Reach","Reach.1","Sonso",-0.385662480811985,0.0408525754884547,0.0801509769094138
"2902","101433","Action_8","Morph_19","NT","Play","Dangle","Dangle.1","Sonso",-0.0408219945202552,0.0484014209591474,0.0484014209591474
"2903","102366","Action_45","Morph_101","NT","Giveme","Reach","Reach.2","Sonso",-0.916290731874155,0.0370781527531083,0.0801509769094138
"2904","101430","Action_43","Morph_96","NT","Givemenurse","Raise","Raise.1","Sonso",-0.7339691750802,0.00865896980461812,0.0113232682060391
"2905","102352","Action_45","Morph_101","NT","Giveme","Reach","Reach.2","Sonso",-1.02165124753198,0.0370781527531083,0.0801509769094138
"2906","100765","Action_42","Morph_94","NT","Travel","Push","Push.7","Sonso",-1.01335244471729,0.00288632326820604,0.0466252220248668
"2907","100765","Action_42","Morph_94","NT","Travel","Push","Push.7","Sonso",-0.52932909533055,0.00288632326820604,0.0466252220248668
"2908","100484a","Action_8","Morph_19","NT","Play","Dangle","Dangle.1","Sonso",1.16315080980568,0.0484014209591474,0.0484014209591474
"2909","100481","Action_8","Morph_19","NT","Play","Dangle","Dangle.1","Sonso",-0.174353387144778,0.0484014209591474,0.0484014209591474
"2910","100573","Action_3","Morph_13","NT","Stopbehaviour","Bite","Bite.5","Sonso",-0.653926467406664,0.0011101243339254,0.0168738898756661
"2911","100487a","Action_33","Morph_62","NT","Play","Objectmove","ObjectMove.2","Sonso",-0.916290731874155,0.00643872113676732,0.0406305506216696
"2912","100382","Action_34","Morph_65","NT","Play","Objectshake","ObjectShake.1","Sonso",0.56531380905006,0.0746003552397869,0.108792184724689
"2913","100487a","Action_33","Morph_61","NT","Play","Objectmove","ObjectMove.1","Sonso",-0.22314355131421,0.0317495559502664,0.0406305506216696
"2914","100486","Action_11","Morph_22","NT","Affiliation","Embrace","Embrace.1","Sonso",-0.916290731874155,0.00288632326820604,0.005550621669627
"2915","100481","Action_52","Morph_112","NT","Play","Spinroulade","SpinRoulade.1","Sonso",1.11185751541813,0.00488454706927176,0.00488454706927176
"2916","100004","Action_39","Morph_82","NT","Staysame","Presentgenitalsbackwards","PresentGenitals.1","Sonso",-0.44628710262842,0.0295293072824156,0.033303730017762
"2917","100957","Action_15","Morph_37","NT","Play","Grabhold","GrabHold.3","Sonso",1.07158361628019,0.00532859680284192,0.0204262877442274
"2918","100753","Action_34","Morph_NA","NT","Playcontinue","Objectshake",NA,"Sonso",0.336472236621213,0.0159857904085258,0.108792184724689
"2919","101887","Action_57","Morph_115","NT","Play","Stompobject","StompObject.1","Sonso",-0.653926467406664,0.0337477797513321,0.0424067495559503
"2920","100567","Action_53","Morph_113","NT","Play","Spinsomersault","SpinSomersault.1","Sonso",0.970778917158225,0.00799289520426288,0.00799289520426288
"2921","101888","Action_48","Morph_104","NT","Play","Rollover","RollOver.1","Sonso",0.806475865866949,0.00621669626998224,0.00621669626998224
"2922","100567","Action_52","Morph_112","NT","Play","Spinroulade","SpinRoulade.1","Sonso",1.39624469197306,0.00488454706927176,0.00488454706927176
"2923","101096","Action_60","Morph_127","NT","Play","Swing","Swing.1","Sonso",0.470003629245736,0.0428507992895204,0.0475133214920071
"2924","100795","Action_60","Morph_127","NT","Playcontinue","Swing","Swing.1","Sonso",0.0392207131532813,0.0428507992895204,0.0475133214920071
"2925","100752","Action_50","Morph_108","NT","Playcontinue","Shake","Shake.2","Sonso",-0.328504066972036,0.00466252220248668,0.0122113676731794
"2926","100957","Action_53","Morph_113","NT","Play","Spinsomersault","SpinSomersault.1","Sonso",0.732367893713227,0.00799289520426288,0.00799289520426288
"2927","100567","Action_3","Morph_12","NT","Play","Bite","Bite.4","Sonso",-0.7339691750802,0.00177619893428064,0.0168738898756661
"2928","100948b","Action_14","Morph_33","NT","Play","Grab","Grab.5","Sonso",-1.42711635564015,0.0033303730017762,0.0353019538188277
"2929","100752","Action_60","Morph_127","NT","Playcontinue","Swing","Swing.1","Sonso",-0.083381608939051,0.0428507992895204,0.0475133214920071
"2930","100566","Action_33","Morph_61","NT","Play","Objectmove","ObjectMove.1","Sonso",-0.22314355131421,0.0317495559502664,0.0406305506216696
"2931","101285","Action_3","Morph_12","NT","Play","Bite","Bite.4","Sonso",-0.7339691750802,0.00177619893428064,0.0168738898756661
"2932","100566","Action_60","Morph_128","NT","Play","Swing","Swing.2","Sonso",0,0.00310834813499112,0.0475133214920071
"2933","101887","Action_21","Morph_43","NT","Play","Hittingobject","HitObject.5","Sonso",0.215111379616945,0.0044404973357016,0.00799289520426288
"2934","100753","Action_17","Morph_39","NT","Playcontinue","Hitobject","HitObject.1","Sonso",-0.328504066972036,0.0430728241563055,0.0559502664298401
"2935","100569","Action_48","Morph_104","NT","Play","Rollover","RollOver.1","Sonso",1.04380405217311,0.00621669626998224,0.00621669626998224
"2936","102329","Action_8","Morph_19","NT","Play","Dangle","Dangle.1","Sonso",0.0769610411361284,0.0484014209591474,0.0484014209591474
"2937","101892","Action_41","Morph_84","NT","Playcontinue","Pull","Pull.1","Sonso",-0.653926467406664,0.00821492007104796,0.0253108348134991
"2938","101887","Action_48","Morph_104","NT","Play","Rollover","RollOver.1","Sonso",1.1999647829284,0.00621669626998224,0.00621669626998224
"2939","100948b","Action_15","Morph_35","NT","Play","Grabhold","GrabHold.1","Sonso",0.970778917158225,0.00932504440497336,0.0204262877442274
"2940","100747","Action_14","Morph_34","NT","Play","Grab","Grab.6","Sonso",-0.27443684570176,0.00355239786856128,0.0353019538188277
"2941","100753","Action_60","Morph_129","NT","Playcontinue","Swing","Swing.3","Sonso",-0.174353387144778,0.0011101243339254,0.0475133214920071
"2942","100751","Action_60","Morph_127","NT","Play","Swing","Swing.1","Sonso",0.113328685307003,0.0428507992895204,0.0475133214920071
"2943","100742a","Action_42","Morph_95","NT","Playcontinue","Push","Push.8","Sonso",-0.916290731874155,0.00133214920071048,0.0466252220248668
"2944","100911a","Action_20","Morph_46","NT","Play","Hitother","HitOther.2","Sonso",-0.127833371509885,0.00932504440497336,0.0404085257548845
"2945","100567","Action_17","Morph_39","NT","Play","Hitobject","HitObject.1","Sonso",-0.385662480811985,0.0430728241563055,0.0559502664298401
"2946","102329","Action_60","Morph_128","NT","Play","Swing","Swing.2","Sonso",-0.127833371509885,0.00310834813499112,0.0475133214920071
"2947","100568","Action_52","Morph_112","NT","Stopbehaviour","Spinroulade","SpinRoulade.1","Sonso",0.246860077931526,0.00488454706927176,0.00488454706927176
"2948","101042","Action_20","Morph_45","NT","Play","Hitother","HitOther.1","Sonso",-0.916290731874155,0.0202042628774423,0.0404085257548845
"2949","100753","Action_8","Morph_19","NT","Playcontinue","Dangle","Dangle.1","Sonso",0.27763173659828,0.0484014209591474,0.0484014209591474
"2950","102356","Action_20","Morph_45","NT","Play","Hitother","HitOther.1","Sonso",-0.579818495252942,0.0202042628774423,0.0404085257548845
"2951","101096","Action_60","Morph_127","NT","Play","Swing","Swing.1","Sonso",0.364643113587909,0.0428507992895204,0.0475133214920071
"2952","100795","Action_8","Morph_19","NT","Playcontinue","Dangle","Dangle.1","Sonso",0.182321556793955,0.0484014209591474,0.0484014209591474
"2953","100948b","Action_14","Morph_31","NT","Play","Grab","Grab.3","Sonso",-0.510825623765991,0.00466252220248668,0.0353019538188277
"2954","102356","Action_8","Morph_19","NT","Play","Dangle","Dangle.1","Sonso",-0.083381608939051,0.0484014209591474,0.0484014209591474
"2955","101042","Action_17","Morph_39","NT","Play","Hitobject","HitObject.1","Sonso",-1.02165124753198,0.0430728241563055,0.0559502664298401
"2956","100567","Action_61","Morph_130","NT","Play","Throwobject","ThrowObject.1","Sonso",0.113328685307003,0.00244227353463588,0.00244227353463588
"2957","100742a","Action_14","Morph_34","NT","Playcontinue","Grab","Grab.6","Sonso",0.672944473242426,0.00355239786856128,0.0353019538188277
"2958","100753","Action_60","Morph_127","NT","Playcontinue","Swing","Swing.1","Sonso",0.27763173659828,0.0428507992895204,0.0475133214920071
"2959","100948b","Action_15","Morph_35","NT","Play","Grabhold","GrabHold.1","Sonso",0.908258560176891,0.00932504440497336,0.0204262877442274
"2960","100910","Action_60","Morph_127","NT","Play","Swing","Swing.1","Sonso",0.609765571620894,0.0428507992895204,0.0475133214920071
"2961","101894","Action_57","Morph_118","NT","Play","Stompobject","StompObject.4","Sonso",-0.22314355131421,0.005550621669627,0.0424067495559503
"2962","100570","Action_55","Morph_117","NT","Play","Stompingobject","StompObject.3","Sonso",-0.174353387144778,0.00688277087033748,0.0230905861456483
"2963","100522","Action_6","Morph_18","NT","Play","Bow","Bow.1","Sonso",-1.13943428318836,0.00177619893428064,0.00177619893428064
"2964","100949","Action_45","Morph_101","NT","Play","Reach","Reach.2","Sonso",0.113328685307003,0.0370781527531083,0.0801509769094138
"2965","100956","Action_57","Morph_115","NT","Play","Stompobject","StompObject.1","Sonso",-1.13943428318836,0.0337477797513321,0.0424067495559503
"2966","101867","Action_34","Morph_65","NT","Play","Objectshake","ObjectShake.1","Sonso",0.712949807856125,0.0746003552397869,0.108792184724689
"2967","101140","Action_55","Morph_117","NT","Moveaway","Stompingobject","StompObject.3","Sonso",0.542324290825362,0.00688277087033748,0.0230905861456483
"2968","101894","Action_55","Morph_116","NT","Play","Stompingobject","StompObject.2","Sonso",-0.510825623765991,0.0148756660746004,0.0230905861456483
"2969","100571","Action_57","Morph_115","NT","Play","Stompobject","StompObject.1","Sonso",-0.653926467406664,0.0337477797513321,0.0424067495559503
"2970","100570","Action_17","Morph_40","NT","Play","Hitobject","HitObject.2","Sonso",-0.510825623765991,0.0119893428063943,0.0559502664298401
"2971","100956","Action_17","Morph_39","NT","Play","Hitobject","HitObject.1","Sonso",-1.02165124753198,0.0430728241563055,0.0559502664298401
"2972","100522","Action_43","Morph_98","NT","Play","Raise","Raise.3","Sonso",0.444685821261446,0.00177619893428064,0.0113232682060391
"2973","100877","Action_34","Morph_65","NT","Play","Objectshake","ObjectShake.1","Sonso",0.56531380905006,0.0746003552397869,0.108792184724689
"2974","100877","Action_57","Morph_115","NT","Play","Stompobject","StompObject.1","Sonso",-0.385662480811985,0.0337477797513321,0.0424067495559503
"2975","100877","Action_57","Morph_115","NT","Play","Stompobject","StompObject.1","Sonso",-0.385662480811985,0.0337477797513321,0.0424067495559503
"2976","100522","Action_50","Morph_110","NT","Play","Shake","Shake.4","Sonso",-0.127833371509885,0.00399644760213144,0.0122113676731794
"2977","100571","Action_57","Morph_115","NT","Play","Stompobject","StompObject.1","Sonso",-0.7339691750802,0.0337477797513321,0.0424067495559503
"2978","100571","Action_57","Morph_115","NT","Play","Stompobject","StompObject.1","Sonso",-0.27443684570176,0.0337477797513321,0.0424067495559503
"2979","100571","Action_10","Morph_21","NT","Play","Drum","Drum.1","Sonso",-0.916290731874155,0.0033303730017762,0.0033303730017762
"2980","100910","Action_57","Morph_115","NT","Play","Stompobject","StompObject.1","Sonso",-0.44628710262842,0.0337477797513321,0.0424067495559503
"2981","101867","Action_33","Morph_64","NT","Play","Objectmove","ObjectMove.4","Sonso",0,0.00066607460035524,0.0406305506216696
"2982","100570","Action_21","Morph_42","NT","Play","Hittingobject","HitObject.4","Sonso",-0.27443684570176,0.00599467140319716,0.00799289520426288
"2983","100910","Action_34","Morph_67","NT","Play","Objectshake","ObjectShake.3","Sonso",0.78845736036427,0.0022202486678508,0.108792184724689
"2984","100956","Action_29","Morph_58","NT","Play","Locomotegallop","LocomoteGallop.1","Sonso",-0.0408219945202552,0.00821492007104796,0.00821492007104796
"2985","100949","Action_17","Morph_39","NT","Play","Hitobject","HitObject.1","Sonso",-0.22314355131421,0.0430728241563055,0.0559502664298401
"2986","100522","Action_6","Morph_18","NT","Play","Bow","Bow.1","Sonso",-0.083381608939051,0.00177619893428064,0.00177619893428064
"2987","100877","Action_34","Morph_67","NT","Play","Objectshake","ObjectShake.3","Sonso",-0.083381608939051,0.0022202486678508,0.108792184724689
"2988","100522","Action_6","Morph_18","NT","Play","Bow","Bow.1","Sonso",0.0535407669280298,0.00177619893428064,0.00177619893428064
"2989","100877","Action_57","Morph_115","NT","Play","Stompobject","StompObject.1","Sonso",-1.42711635564015,0.0337477797513321,0.0424067495559503
"2990","101867","Action_57","Morph_115","NT","Play","Stompobject","StompObject.1","Sonso",0,0.0337477797513321,0.0424067495559503
"2991","100956","Action_57","Morph_120","NT","Play","Stompobject","StompObject.6","Sonso",-0.385662480811985,0.00133214920071048,0.0424067495559503
"2992","100570","Action_17","Morph_39","NT","Play","Hitobject","HitObject.1","Sonso",-1.27296567581289,0.0430728241563055,0.0559502664298401
"2993","100910","Action_60","Morph_127","NT","Play","Swing","Swing.1","Sonso",0.182321556793955,0.0428507992895204,0.0475133214920071
"2994","100522","Action_43","Morph_98","NT","Play","Raise","Raise.3","Sonso",0.924258901523332,0.00177619893428064,0.0113232682060391
"2995","100570","Action_57","Morph_115","NT","Play","Stompobject","StompObject.1","Sonso",-0.44628710262842,0.0337477797513321,0.0424067495559503
"2996","100910","Action_60","Morph_127","NT","Play","Swing","Swing.1","Sonso",-0.174353387144778,0.0428507992895204,0.0475133214920071
"2997","100571","Action_17","Morph_39","NT","Play","Hitobject","HitObject.1","Sonso",-1.13943428318836,0.0430728241563055,0.0559502664298401
"2998","100910","Action_55","Morph_116","NT","Play","Stompingobject","StompObject.2","Sonso",-0.579818495252942,0.0148756660746004,0.0230905861456483
"2999","100956","Action_57","Morph_115","NT","Play","Stompobject","StompObject.1","Sonso",-0.27443684570176,0.0337477797513321,0.0424067495559503
"3000","100877","Action_8","Morph_19","NT","Play","Dangle","Dangle.1","Sonso",-0.916290731874155,0.0484014209591474,0.0484014209591474
"3001","100956","Action_57","Morph_115","NT","Play","Stompobject","StompObject.1","Sonso",-1.13943428318836,0.0337477797513321,0.0424067495559503
"3002","100910","Action_34","Morph_67","NT","Play","Objectshake","ObjectShake.3","Sonso",1.41585316336144,0.0022202486678508,0.108792184724689
"3003","100522","Action_16","Morph_38","NT","Play","Headstand","HeadStand.1","Sonso",-0.22314355131421,0.0066607460035524,0.0066607460035524
"3004","101043","Action_51","Morph_111","NT","Stopbehaviour","Spinpirouette","SpinPirouette.1","Sonso",0.609765571620894,0.00133214920071048,0.00133214920071048
"3005","101245","Action_60","Morph_127","NT","Play","Swing","Swing.1","Sonso",-0.0408219945202552,0.0428507992895204,0.0475133214920071
"3006","101245","Action_57","Morph_115","NT","Play","Stompobject","StompObject.1","Sonso",-0.916290731874155,0.0337477797513321,0.0424067495559503
"3007","101245","Action_60","Morph_127","NT","Play","Swing","Swing.1","Sonso",0.0953101798043249,0.0428507992895204,0.0475133214920071
"3008","101245","Action_9","Morph_20","NT","Play","Dangleshake","DangleShake.1","Sonso",0.678033542749897,0.00710479573712256,0.00710479573712256
"3009","100379","Action_29","Morph_58","NT","Play","Locomotegallop","LocomoteGallop.1","Sonso",0.113328685307003,0.00821492007104796,0.00821492007104796
"3010","101245","Action_8","Morph_19","NT","Play","Dangle","Dangle.1","Sonso",-0.116533816255952,0.0484014209591474,0.0484014209591474
"3011","101245","Action_8","Morph_19","NT","Play","Dangle","Dangle.1","Sonso",0.148420005118273,0.0484014209591474,0.0484014209591474
"3012","101245","Action_8","Morph_19","NT","Play","Dangle","Dangle.1","Sonso",-0.162518929497775,0.0484014209591474,0.0484014209591474
"3013","100378","Action_29","Morph_58","NT","Play","Locomotegallop","LocomoteGallop.1","Sonso",-0.7339691750802,0.00821492007104796,0.00821492007104796
"3014","102001a","Action_14","Morph_31","NT","Play","Grab","Grab.3","Sonso",-0.174353387144778,0.00466252220248668,0.0353019538188277
"3015","101089","Action_8","Morph_19","NT","Play","Dangle","Dangle.1","Sonso",-0.44628710262842,0.0484014209591474,0.0484014209591474
"3016","102144","Action_2","Morph_4","NT","Groom","Bigloudscratch","BigLoudScratch.2","Sonso",0.336472236621213,0.019316163410302,0.0577264653641208
"3017","102001a","Action_14","Morph_31","NT","Play","Grab","Grab.3","Sonso",-0.385662480811985,0.00466252220248668,0.0353019538188277
"3018","101093","Action_60","Morph_127","NT","Playcontinue","Swing","Swing.1","Sonso",0.307484699747961,0.0428507992895204,0.0475133214920071
"3019","101089","Action_60","Morph_127","NT","Play","Swing","Swing.1","Sonso",0.0392207131532813,0.0428507992895204,0.0475133214920071
"3020","101696","Action_53","Morph_113","NT","Stopbehaviour","Spinsomersault","SpinSomersault.1","Sonso",1.26976054486394,0.00799289520426288,0.00799289520426288
"3021","102144","Action_38","Morph_75","NT","Groom","Present","Present.1","Sonso",0.392042087776024,0.0170959147424512,0.0492895204262877
"3022","102001a","Action_20","Morph_45","NT","Play","Hitother","HitOther.1","Sonso",-0.174353387144778,0.0202042628774423,0.0404085257548845
"3023","102001a","Action_20","Morph_45","NT","Play","Hitother","HitOther.1","Sonso",0.0392207131532813,0.0202042628774423,0.0404085257548845
"3024","102001a","Action_63","Morph_137","NT","Play","Touch","Touch.6","Sonso",-0.44628710262842,0.00488454706927176,0.0341918294849023
"3025","102003a","Action_45","Morph_100","NT","Play","Reach","Reach.1","Sonso",-0.7339691750802,0.0408525754884547,0.0801509769094138
"3026","102001a","Action_34","Morph_65","NT","Play","Objectshake","ObjectShake.1","Sonso",0.858661619037519,0.0746003552397869,0.108792184724689
"3027","101741","Action_63","Morph_134","NT","Play","Touch","Touch.3","Sonso",0.307484699747961,0.00488454706927176,0.0341918294849023
"3028","101741","Action_14","Morph_30","NT","Play","Grab","Grab.2","Sonso",0.182321556793955,0.00799289520426288,0.0353019538188277
"3029","100884","Action_8","Morph_19","NT","Play","Dangle","Dangle.1","Sonso",-0.510825623765991,0.0484014209591474,0.0484014209591474
"3030","100884","Action_17","Morph_39","NT","Play","Hitobject","HitObject.1","Sonso",0.0769610411361284,0.0430728241563055,0.0559502664298401
"3031","101173","Action_17","Morph_39","NT","Play","Hitobject","HitObject.1","Sonso",-0.455706324544911,0.0430728241563055,0.0559502664298401
"3032","100883b","Action_60","Morph_127","NT","Play","Swing","Swing.1","Sonso",-0.083381608939051,0.0428507992895204,0.0475133214920071
"3033","100883b","Action_60","Morph_127","NT","Play","Swing","Swing.1","Sonso",0.0769610411361284,0.0428507992895204,0.0475133214920071
"3034","100883b","Action_60","Morph_127","NT","Play","Swing","Swing.1","Sonso",-0.653926467406664,0.0428507992895204,0.0475133214920071
"3035","100883b","Action_34","Morph_NA","NT","Play","Objectshake",NA,"Sonso",0.364643113587909,0.0159857904085258,0.108792184724689
"3036","101267","Action_29","Morph_58","NT","Play","Locomotegallop","LocomoteGallop.1","Sonso",-0.328504066972036,0.00821492007104796,0.00821492007104796
"3037","100726","Action_29","Morph_58","NT","Stopbehaviour","Locomotegallop","LocomoteGallop.1","Sonso",0.113328685307003,0.00821492007104796,0.00821492007104796
"3038","102145","Action_45","Morph_101","NT","Affiliation","Reach","Reach.2","Sonso",-1.13943428318836,0.0370781527531083,0.0801509769094138
"3039","100437","Action_17","Morph_40","NT","Play","Hitobject","HitObject.2","Sonso",-0.127833371509885,0.0119893428063943,0.0559502664298401
"3040","101614a","Action_14","Morph_32","NT","Play","Grab","Grab.4","Sonso",-1.13943428318836,0.00754884547069272,0.0353019538188277
"3041","102491a","Action_20","Morph_45","NT","Stopbehaviour","Hitother","HitOther.1","Sonso",-0.22314355131421,0.0202042628774423,0.0404085257548845
"3042","101544","Action_8","Morph_19","NT","Play","Dangle","Dangle.1","Sonso",0.215111379616945,0.0484014209591474,0.0484014209591474
"3043","101547","Action_20","Morph_45","NT","Play","Hitother","HitOther.1","Sonso",-0.7339691750802,0.0202042628774423,0.0404085257548845
"3044","101547","Action_8","Morph_19","NT","Play","Dangle","Dangle.1","Sonso",-0.174353387144778,0.0484014209591474,0.0484014209591474
"3045","101547","Action_14","Morph_32","NT","Play","Grab","Grab.4","Sonso",-0.579818495252942,0.00754884547069272,0.0353019538188277
"3046","100906b","Action_43","Morph_96","NT","Stopbehaviour","Raise","Raise.1","Sonso",-0.916290731874155,0.00865896980461812,0.0113232682060391
"3047","101547","Action_20","Morph_45","NT","Play","Hitother","HitOther.1","Sonso",-0.82098055206983,0.0202042628774423,0.0404085257548845
"3048","101547","Action_58","Morph_NA","NT","Play","Stompother",NA,"Sonso",-0.916290731874155,0.0159857904085258,0.00377442273534636
"3049","101547","Action_20","Morph_45","NT","Play","Hitother","HitOther.1","Sonso",-0.82098055206983,0.0202042628774423,0.0404085257548845
"3050","101805","Action_60","Morph_128","NT","Playcontinue","Swing","Swing.2","Sonso",0.215111379616945,0.00310834813499112,0.0475133214920071
"3051","101694","Action_20","Morph_50","NT","Play","Hitother","HitOther.6","Sonso",-0.385662480811985,0.00488454706927176,0.0404085257548845
"3052","100861","Action_60","Morph_128","NT","Play","Swing","Swing.2","Sonso",-0.083381608939051,0.00310834813499112,0.0475133214920071
"3053","100058","Action_32","Morph_60","NT","Playcontinue","Objectmouth","ObjectMouth.1","Sonso",-0.0408219945202552,0.00466252220248668,0.00466252220248668
"3054","100046","Action_63","Morph_140","NT","Playcontinue","Touch","Touch.9","Sonso",-0.083381608939051,0.00399644760213144,0.0341918294849023
"3055","101694","Action_20","Morph_50","NT","Play","Hitother","HitOther.6","Sonso",-0.579818495252942,0.00488454706927176,0.0404085257548845
"3056","100107","Action_45","Morph_102","NT","Play","Reach","Reach.3","Sonso",-0.385662480811985,0.0022202486678508,0.0801509769094138
"3057","101805","Action_60","Morph_127","NT","Playcontinue","Swing","Swing.1","Sonso",0.148420005118273,0.0428507992895204,0.0475133214920071
"3058","101799","Action_8","Morph_19","NT","Play","Dangle","Dangle.1","Sonso",0.364643113587909,0.0484014209591474,0.0484014209591474
"3059","101805","Action_45","Morph_101","NT","Playcontinue","Reach","Reach.2","Sonso",-0.22314355131421,0.0370781527531083,0.0801509769094138
"3060","100047","Action_16","Morph_38","NT","Playcontinue","Headstand","HeadStand.1","Sonso",-0.0408219945202552,0.0066607460035524,0.0066607460035524
"3061","100861","Action_25","Morph_52","NT","Play","Kickpunch","KickPunch.1","Sonso",-0.44628710262842,0.0022202486678508,0.0022202486678508
"3062","100273","Action_64","Morph_138","NT","Giveme","Touchlongother","Touch.7","Sonso",0.799307376388336,0.0044404973357016,0.0175399644760213
"3063","100273","Action_45","Morph_101","NT","Giveme","Reach","Reach.2","Sonso",0.0392207131532813,0.0370781527531083,0.0801509769094138
"3064","102142b","Action_38","Morph_79","NT","Affiliation","Present","Present.5","Sonso",-0.44628710262842,0.00688277087033748,0.0492895204262877
"3065","100273","Action_45","Morph_101","NT","Giveme","Reach","Reach.2","Sonso",-0.083381608939051,0.0370781527531083,0.0801509769094138
"3066","100191b","Action_39","Morph_82","OK","Sexualattention","Presentgenitalsbackwards","PresentGenitals.1","Sonso",0.392042087776024,0.0295293072824156,0.033303730017762
"3067","100154","Action_39","Morph_82","OK","Sexualattention","Presentgenitalsbackwards","PresentGenitals.1","Sonso",0.56531380905006,0.0295293072824156,0.033303730017762
"3068","100316","Action_39","Morph_82","OK","Sexualattention","Presentgenitalsbackwards","PresentGenitals.1","Sonso",0.0769610411361284,0.0295293072824156,0.033303730017762
"3069","100223","Action_55","Morph_116","OK","Play","Stompingobject","StompObject.2","Sonso",0.0392207131532813,0.0148756660746004,0.0230905861456483
"3070","100223","Action_17","Morph_39","OK","Play","Hitobject","HitObject.1","Sonso",-1.13943428318836,0.0430728241563055,0.0559502664298401
"3071","100223","Action_24","Morph_51","OK","Play","Jump","Jump.1","Sonso",-0.653926467406664,0.00732682060390764,0.00732682060390764
"3072","100223","Action_17","Morph_39","OK","Play","Hitobject","HitObject.1","Sonso",-0.579818495252942,0.0430728241563055,0.0559502664298401
"3073","100223","Action_20","Morph_45","OK","Play","Hitother","HitOther.1","Sonso",-1.6094379124341,0.0202042628774423,0.0404085257548845
"3074","100223","Action_17","Morph_40","OK","Play","Hitobject","HitObject.2","Sonso",-0.385662480811985,0.0119893428063943,0.0559502664298401
"3075","100223","Action_60","Morph_127","OK","Play","Swing","Swing.1","Sonso",-0.328504066972036,0.0428507992895204,0.0475133214920071
"3076","100145","Action_45","Morph_100","OK","Sociosexualattention","Reach","Reach.1","Sonso",-0.174353387144778,0.0408525754884547,0.0801509769094138
"3077","100314","Action_38","Morph_77","OK","Directattention","Present","Present.3","Sonso",0.182321556793955,0.00466252220248668,0.0492895204262877
"3078","100026","Action_39","Morph_82","OK","Staysame","Presentgenitalsbackwards","PresentGenitals.1","Sonso",0.392042087776024,0.0295293072824156,0.033303730017762
"3079","100082a","Action_2","Morph_3","OK","Groom","Bigloudscratch","BigLoudScratch.1","Sonso",0.8754687373539,0.0215364120781528,0.0577264653641208
"3080","100130","Action_39","Morph_82","OK","Staysame","Presentgenitalsbackwards","PresentGenitals.1","Sonso",0.148420005118273,0.0295293072824156,0.033303730017762
"3081","100120","Action_39","Morph_82","OK","Staysame","Presentgenitalsbackwards","PresentGenitals.1","Sonso",-0.579818495252942,0.0295293072824156,0.033303730017762
"3082","102408","Action_38","Morph_79","PN","Staysame","Present","Present.5","Sonso",-0.385662480811985,0.00688277087033748,0.0492895204262877
"3083","101168","Action_55","Morph_117","PS","Sexualattention","Stompingobject","StompObject.3","Sonso",0.113328685307003,0.00688277087033748,0.0230905861456483
"3084","101168","Action_55","Morph_117","PS","Sexualattention","Stompingobject","StompObject.3","Sonso",0.113328685307003,0.00688277087033748,0.0230905861456483
"3085","101169","Action_57","Morph_115","PS","Sexualattention","Stompobject","StompObject.1","Sonso",-0.82098055206983,0.0337477797513321,0.0424067495559503
"3086","100941b","Action_32","Morph_60","PS","Playcontinue","Objectmouth","ObjectMouth.1","Sonso",0.940007258491471,0.00466252220248668,0.00466252220248668
"3087","100939","Action_14","Morph_34","PS","Playcontinue","Grab","Grab.6","Sonso",-0.44628710262842,0.00355239786856128,0.0353019538188277
"3088","100180","Action_4","Morph_NA","PS","Affiliation","Bitekiss",NA,"Sonso",-0.27443684570176,0.0159857904085258,0.00066607460035524
"3089","100206","Action_45","Morph_101","PS","Staysame","Reach","Reach.2","Sonso",-0.44628710262842,0.0370781527531083,0.0801509769094138
"3090","100197","Action_41","Morph_85","PS","Support","Pull","Pull.2","Sonso",0.924258901523332,0.00643872113676732,0.0253108348134991
"3091","100197","Action_4","Morph_16","PS","Support","Bitekiss","Bite.8","Sonso",-0.579818495252942,0.00288632326820604,0.00066607460035524
"3092","100819a","Action_16","Morph_38","PS","Play","Headstand","HeadStand.1","Sonso",0.336472236621213,0.0066607460035524,0.0066607460035524
"3093","100819a","Action_3","Morph_11","PS","Play","Bite","Bite.3","Sonso",0.307484699747961,0.00310834813499112,0.0168738898756661
"3094","102263","Action_63","Morph_139","PS","Play","Touch","Touch.8","Sonso",-1.89711998488588,0.00577264653641208,0.0341918294849023
"3095","100827","Action_15","Morph_37","PS","Playcontinue","Grabhold","GrabHold.3","Sonso",1.11185751541813,0.00532859680284192,0.0204262877442274
"3096","101217","Action_55","Morph_116","PS","Play","Stompingobject","StompObject.2","Sonso",-0.44628710262842,0.0148756660746004,0.0230905861456483
"3097","100823a","Action_50","Morph_110","PS","Play","Shake","Shake.4","Sonso",0.0392207131532813,0.00399644760213144,0.0122113676731794
"3098","100823a","Action_33","Morph_63","PS","Play","Objectmove","ObjectMove.3","Sonso",0.631271776841858,0.0011101243339254,0.0406305506216696
"3099","100825","Action_33","Morph_61","PS","Playcontinue","Objectmove","ObjectMove.1","Sonso",0.908258560176891,0.0317495559502664,0.0406305506216696
"3100","100826","Action_34","Morph_65","PS","Playcontinue","Objectshake","ObjectShake.1","Sonso",1.00063188030791,0.0746003552397869,0.108792184724689
"3101","101055a","Action_17","Morph_39","PS","Play","Hitobject","HitObject.1","Sonso",-0.27443684570176,0.0430728241563055,0.0559502664298401
"3102","101100","Action_14","Morph_32","PS","Playcontinue","Grab","Grab.4","Sonso",0.494696241836107,0.00754884547069272,0.0353019538188277
"3103","100622a","Action_42","Morph_88","PS","Sociosexualattention","Push","Push.1","Sonso",-0.27443684570176,0.0106571936056838,0.0466252220248668
"3104","101511","Action_39","Morph_83","PS","Staysame","Presentgenitalsbackwards","PresentGenitals.2","Sonso",-0.083381608939051,0.00577264653641208,0.033303730017762
"3105","100855","Action_59","Morph_125","PS","Play","Stroke","Stroke.2","Sonso",0.148420005118273,0.00155417406749556,0.00377442273534636
"3106","101232","Action_29","Morph_58","PS","Play","Locomotegallop","LocomoteGallop.1","Sonso",-1.02443289049386,0.00821492007104796,0.00821492007104796
"3107","100074","Action_63","Morph_134","PS","Staysame","Touch","Touch.3","Sonso",-0.653926467406664,0.00488454706927176,0.0341918294849023
"3108","100161","Action_63","Morph_132","PS","Staysame","Touch","Touch.1","Sonso",-0.328504066972036,0.0104351687388988,0.0341918294849023
"3109","100210","Action_63","Morph_136","PS","Staysame","Touch","Touch.5","Sonso",-1.02165124753198,0.00421847246891652,0.0341918294849023
"3110","101797","Action_34","Morph_66","PS","Sexualattention","Objectshake","ObjectShake.2","Sonso",0.418710334858185,0.0237566607460036,0.108792184724689
"3111","101797","Action_33","Morph_61","PS","Sexualattention","Objectmove","ObjectMove.1","Sonso",0.0392207131532813,0.0317495559502664,0.0406305506216696
"3112","100377b","Action_50","Morph_108","PS","Play","Shake","Shake.2","Sonso",-0.82098055206983,0.00466252220248668,0.0122113676731794
"3113","100275","Action_45","Morph_100","PS","Affiliation","Reach","Reach.1","Sonso",-0.510825623765991,0.0408525754884547,0.0801509769094138
"3114","101118","Action_57","Morph_115","PS","Play","Stompobject","StompObject.1","Sonso",-0.27443684570176,0.0337477797513321,0.0424067495559503
"3115","102265","Action_63","Morph_136","PS","Play","Touch","Touch.5","Sonso",-0.82098055206983,0.00421847246891652,0.0341918294849023
"3116","102265","Action_63","Morph_136","PS","Play","Touch","Touch.5","Sonso",-0.44628710262842,0.00421847246891652,0.0341918294849023
"3117","101951b","Action_43","Morph_96","PS","Play","Raise","Raise.1","Sonso",-0.82098055206983,0.00865896980461812,0.0113232682060391
"3118","101103","Action_48","Morph_104","PS","Playcontinue","Rollover","RollOver.1","Sonso",0.824175442966349,0.00621669626998224,0.00621669626998224
"3119","101101a","Action_17","Morph_41","PS","Play","Hitobject","HitObject.3","Sonso",-0.82098055206983,0.00510657193605684,0.0559502664298401
"3120","101104","Action_3","Morph_16","PS","Playcontinue","Bite","Bite.8","Sonso",-1.27296567581289,0.00288632326820604,0.0168738898756661
"3121","101663","Action_45","Morph_100","RE","Play","Reach","Reach.1","Sonso",-0.44628710262842,0.0408525754884547,0.0801509769094138
"3122","101005","Action_15","Morph_37","RE","Play","Grabhold","GrabHold.3","Sonso",0.955511445027436,0.00532859680284192,0.0204262877442274
"3123","101008a","Action_48","Morph_104","RE","Play","Rollover","RollOver.1","Sonso",0.148420005118273,0.00621669626998224,0.00621669626998224
"3124","101470","Action_39","Morph_82","RE","Sexualattention","Presentgenitalsbackwards","PresentGenitals.1","Sonso",0.0769610411361284,0.0295293072824156,0.033303730017762
"3125","101007","Action_48","Morph_104","RE","Play","Rollover","RollOver.1","Sonso",0.364643113587909,0.00621669626998224,0.00621669626998224
"3126","101013","Action_53","Morph_113","RE","Stopbehaviour","Spinsomersault","SpinSomersault.1","Sonso",0.27763173659828,0.00799289520426288,0.00799289520426288
"3127","101711","Action_39","Morph_82","RE","Sexualattention","Presentgenitalsbackwards","PresentGenitals.1","Sonso",1.3244189574018,0.0295293072824156,0.033303730017762
"3128","101012","Action_17","Morph_39","RE","Play","Hitobject","HitObject.1","Sonso",-0.579818495252942,0.0430728241563055,0.0559502664298401
"3129","101012","Action_34","Morph_65","RE","Play","Objectshake","ObjectShake.1","Sonso",0.215111379616945,0.0746003552397869,0.108792184724689
"3130","101468","Action_39","Morph_82","RE","Sexualattention","Presentgenitalsbackwards","PresentGenitals.1","Sonso",-0.127833371509885,0.0295293072824156,0.033303730017762
"3131","101015","Action_33","Morph_62","RE","Play","Objectmove","ObjectMove.2","Sonso",0.113328685307003,0.00643872113676732,0.0406305506216696
"3132","101015","Action_24","Morph_51","RE","Play","Jump","Jump.1","Sonso",-0.579818495252942,0.00732682060390764,0.00732682060390764
"3133","101007","Action_50","Morph_110","RE","Play","Shake","Shake.4","Sonso",0.27763173659828,0.00399644760213144,0.0122113676731794
"3134","101779","Action_39","Morph_82","RE","Sexualattention","Presentgenitalsbackwards","PresentGenitals.1","Sonso",0.518793793415168,0.0295293072824156,0.033303730017762
"3135","101012","Action_55","Morph_116","RE","Play","Stompingobject","StompObject.2","Sonso",-0.328504066972036,0.0148756660746004,0.0230905861456483
"3136","101010a","Action_50","Morph_108","RE","Play","Shake","Shake.2","Sonso",-0.44628710262842,0.00466252220248668,0.0122113676731794
"3137","101015","Action_33","Morph_61","RE","Play","Objectmove","ObjectMove.1","Sonso",0.418710334858185,0.0317495559502664,0.0406305506216696
"3138","101012","Action_33","Morph_61","RE","Play","Objectmove","ObjectMove.1","Sonso",-0.0408219945202552,0.0317495559502664,0.0406305506216696
"3139","101012","Action_60","Morph_127","RE","Play","Swing","Swing.1","Sonso",-0.174353387144778,0.0428507992895204,0.0475133214920071
"3140","101007","Action_60","Morph_127","RE","Play","Swing","Swing.1","Sonso",0.246860077931526,0.0428507992895204,0.0475133214920071
"3141","101007","Action_57","Morph_118","RE","Play","Stompobject","StompObject.4","Sonso",-0.7339691750802,0.005550621669627,0.0424067495559503
"3142","101007","Action_16","Morph_38","RE","Play","Headstand","HeadStand.1","Sonso",-0.653926467406664,0.0066607460035524,0.0066607460035524
"3143","102101b","Action_45","Morph_101","RE","Play","Reach","Reach.2","Sonso",0.0392207131532813,0.0370781527531083,0.0801509769094138
"3144","102099","Action_41","Morph_85","RE","Play","Pull","Pull.2","Sonso",0.518793793415168,0.00643872113676732,0.0253108348134991
"3145","102100","Action_45","Morph_101","RE","Play","Reach","Reach.2","Sonso",0.27763173659828,0.0370781527531083,0.0801509769094138
"3146","102094b","Action_39","Morph_82","RE","Sexualattention","Presentgenitalsbackwards","PresentGenitals.1","Sonso",1.12492959698548,0.0295293072824156,0.033303730017762
"3147","100971","Action_60","Morph_127","RE","Play","Swing","Swing.1","Sonso",0.0392207131532813,0.0428507992895204,0.0475133214920071
"3148","100971","Action_8","Morph_19","RE","Play","Dangle","Dangle.1","Sonso",-0.083381608939051,0.0484014209591474,0.0484014209591474
"3149","101018","Action_45","Morph_100","RE","Play","Reach","Reach.1","Sonso",-0.174353387144778,0.0408525754884547,0.0801509769094138
"3150","101529b","Action_45","Morph_100","RE","Play","Reach","Reach.1","Sonso",-0.0408219945202552,0.0408525754884547,0.0801509769094138
"3151","101016","Action_45","Morph_102","RE","Play","Reach","Reach.3","Sonso",0.587786664902119,0.0022202486678508,0.0801509769094138
"3152","101014","Action_45","Morph_100","RE","Play","Reach","Reach.1","Sonso",-0.127833371509885,0.0408525754884547,0.0801509769094138
"3153","101019","Action_63","Morph_132","RE","Playcontinue","Touch","Touch.1","Sonso",-0.083381608939051,0.0104351687388988,0.0341918294849023
"3154","101020b","Action_45","Morph_100","RE","Play","Reach","Reach.1","Sonso",-1.27296567581289,0.0408525754884547,0.0801509769094138
"3155","101522","Action_64","Morph_139","RE","Stopbehaviour","Touchlongother","Touch.8","Sonso",1.26976054486394,0.00577264653641208,0.0175399644760213
"3156","101522","Action_64","Morph_139","RE","Stopbehaviour","Touchlongother","Touch.8","Sonso",1.24703229378638,0.00577264653641208,0.0175399644760213
"3157","100539","Action_48","Morph_104","RE","Play","Rollover","RollOver.1","Sonso",1.26976054486394,0.00621669626998224,0.00621669626998224
"3158","102000","Action_41","Morph_85","RE","Play","Pull","Pull.2","Sonso",0.841567185678219,0.00643872113676732,0.0253108348134991
"3159","100540","Action_60","Morph_127","RE","Play","Swing","Swing.1","Sonso",0.182321556793955,0.0428507992895204,0.0475133214920071
"3160","100803","Action_2","Morph_4","RE","Groom","Bigloudscratch","BigLoudScratch.2","Sonso",0.56531380905006,0.019316163410302,0.0577264653641208
"3161","100803","Action_38","Morph_76","RE","Groom","Present","Present.2","Sonso",0.392042087776024,0.0135435168738899,0.0492895204262877
"3162","100541","Action_9","Morph_20","RE","Playcontinue","Dangleshake","DangleShake.1","Sonso",0.89199803930511,0.00710479573712256,0.00710479573712256
"3163","102005","Action_14","Morph_29","RE","Play","Grab","Grab.1","Sonso",-0.385662480811985,0.00821492007104796,0.0353019538188277
"3164","101669b","Action_8","Morph_19","RE","Play","Dangle","Dangle.1","Sonso",0.0392207131532813,0.0484014209591474,0.0484014209591474
"3165","102005","Action_14","Morph_29","RE","Play","Grab","Grab.1","Sonso",-0.385662480811985,0.00821492007104796,0.0353019538188277
"3166","102005","Action_15","Morph_37","RE","Play","Grabhold","GrabHold.3","Sonso",1.04380405217311,0.00532859680284192,0.0204262877442274
"3167","102173","Action_39","Morph_82","RE","Sexualattention","Presentgenitalsbackwards","PresentGenitals.1","Sonso",-0.0408219945202552,0.0295293072824156,0.033303730017762
"3168","101840a","Action_20","Morph_49","RE","Playcontinue","Hitother","HitOther.5","Sonso",-0.7339691750802,0.00599467140319716,0.0404085257548845
"3169","101838a","Action_17","Morph_40","RE","Playcontinue","Hitobject","HitObject.2","Sonso",-0.328504066972036,0.0119893428063943,0.0559502664298401
"3170","101833b","Action_48","Morph_104","RE","Play","Rollover","RollOver.1","Sonso",1.39624469197306,0.00621669626998224,0.00621669626998224
"3171","101399a","Action_43","Morph_96","RE","Groom","Raise","Raise.1","Sonso",-0.653926467406664,0.00865896980461812,0.0113232682060391
"3172","101840a","Action_21","Morph_42","RE","Playcontinue","Hittingobject","HitObject.4","Sonso",-0.82098055206983,0.00599467140319716,0.00799289520426288
"3173","101399a","Action_43","Morph_96","RE","Groom","Raise","Raise.1","Sonso",-0.328504066972036,0.00865896980461812,0.0113232682060391
"3174","101840a","Action_21","Morph_42","RE","Playcontinue","Hittingobject","HitObject.4","Sonso",-0.127833371509885,0.00599467140319716,0.00799289520426288
"3175","101849","Action_45","Morph_101","RE","Play","Reach","Reach.2","Sonso",-0.579818495252942,0.0370781527531083,0.0801509769094138
"3176","101843","Action_42","Morph_90","RE","Playcontinue","Push","Push.3","Sonso",-1.02165124753198,0.00510657193605684,0.0466252220248668
"3177","101843","Action_42","Morph_91","RE","Playcontinue","Push","Push.4","Sonso",-0.916290731874155,0.00932504440497336,0.0466252220248668
"3178","102031","Action_38","Morph_75","RE","Directattention","Present","Present.1","Sonso",0.364643113587909,0.0170959147424512,0.0492895204262877
"3179","101792","Action_38","Morph_75","RE","Groom","Present","Present.1","Sonso",0.0769610411361284,0.0170959147424512,0.0492895204262877
"3180","100704b","Action_2","Morph_4","RE","Groom","Bigloudscratch","BigLoudScratch.2","Sonso",0.470003629245736,0.019316163410302,0.0577264653641208
"3181","102015a","Action_38","Morph_76","RE","Groom","Present","Present.2","Sonso",0.542324290825362,0.0135435168738899,0.0492895204262877
"3182","101909b","Action_2","Morph_5","RE","Groom","Bigloudscratch","BigLoudScratch.3","Sonso",0.215111379616945,0.0119893428063943,0.0577264653641208
"3183","102016","Action_38","Morph_76","RE","Groom","Present","Present.2","Sonso",0.148420005118273,0.0135435168738899,0.0492895204262877
"3184","100974","Action_3","Morph_9","RE","Play","Bite","Bite.1","Sonso",-0.27443684570176,0.0044404973357016,0.0168738898756661
"3185","100974","Action_64","Morph_133","RE","Play","Touchlongother","Touch.2","Sonso",1.00063188030791,0.00754884547069272,0.0175399644760213
"3186","100973","Action_15","Morph_37","RE","Play","Grabhold","GrabHold.3","Sonso",1.15057202759882,0.00532859680284192,0.0204262877442274
"3187","100973","Action_3","Morph_9","RE","Play","Bite","Bite.1","Sonso",0.0769610411361284,0.0044404973357016,0.0168738898756661
"3188","102006","Action_14","Morph_30","RE","Play","Grab","Grab.2","Sonso",-0.174353387144778,0.00799289520426288,0.0353019538188277
"3189","101091","Action_14","Morph_30","RE","Play","Grab","Grab.2","Sonso",-0.510825623765991,0.00799289520426288,0.0353019538188277
"3190","101434","Action_41","Morph_85","RE","Play","Pull","Pull.2","Sonso",-0.083381608939051,0.00643872113676732,0.0253108348134991
"3191","102003b","Action_15","Morph_35","RE","Play","Grabhold","GrabHold.1","Sonso",1.12492959698548,0.00932504440497336,0.0204262877442274
"3192","102001b","Action_14","Morph_31","RE","Play","Grab","Grab.3","Sonso",-0.44628710262842,0.00466252220248668,0.0353019538188277
"3193","102001b","Action_14","Morph_31","RE","Play","Grab","Grab.3","Sonso",-0.44628710262842,0.00466252220248668,0.0353019538188277
"3194","102001b","Action_14","Morph_31","RE","Play","Grab","Grab.3","Sonso",-1.42711635564015,0.00466252220248668,0.0353019538188277
"3195","101999","Action_15","Morph_36","RE","Stopbehaviour","Grabhold","GrabHold.2","Sonso",1.33500106673234,0.005550621669627,0.0204262877442274
"3196","101763","Action_39","Morph_82","RE","Sexualattention","Presentgenitalsbackwards","PresentGenitals.1","Sonso",0.182321556793955,0.0295293072824156,0.033303730017762
"3197","101836","Action_16","Morph_38","RE","Play","Headstand","HeadStand.1","Sonso",0.182321556793955,0.0066607460035524,0.0066607460035524
"3198","101290","Action_33","Morph_61","RE","Play","Objectmove","ObjectMove.1","Sonso",0.392042087776024,0.0317495559502664,0.0406305506216696
"3199","102337","Action_14","Morph_33","RE","Stopbehaviour","Grab","Grab.5","Sonso",-0.7339691750802,0.0033303730017762,0.0353019538188277
"3200","101836","Action_41","Morph_84","RE","Play","Pull","Pull.1","Sonso",0.444685821261446,0.00821492007104796,0.0253108348134991
"3201","102174b","Action_39","Morph_82","RE","Sexualattention","Presentgenitalsbackwards","PresentGenitals.1","Sonso",0.444685821261446,0.0295293072824156,0.033303730017762
"3202","101171","Action_38","Morph_77","RE","Groom","Present","Present.3","Sonso",-0.174353387144778,0.00466252220248668,0.0492895204262877
"3203","100462","Action_14","Morph_32","RE","Play","Grab","Grab.4","Sonso",-0.579818495252942,0.00754884547069272,0.0353019538188277
"3204","100462","Action_57","Morph_115","RE","Play","Stompobject","StompObject.1","Sonso",-0.653926467406664,0.0337477797513321,0.0424067495559503
"3205","101828","Action_26","Morph_53","RE","Moveaway","Knockobject","KnockObject.1","Sonso",-0.328504066972036,0.00133214920071048,0.0011101243339254
"3206","100093","Action_38","Morph_76","RE","Directattention","Present","Present.2","Sonso",-0.0408219945202552,0.0135435168738899,0.0492895204262877
"3207","100095","Action_38","Morph_76","RE","Directattention","Present","Present.2","Sonso",0.27763173659828,0.0135435168738899,0.0492895204262877
"3208","101985","Action_32","Morph_60","RF","Play","Objectmouth","ObjectMouth.1","Sonso",0.307484699747961,0.00466252220248668,0.00466252220248668
"3209","100230","Action_15","Morph_36","RF","Play","Grabhold","GrabHold.2","Sonso",1.11185751541813,0.005550621669627,0.0204262877442274
"3210","101704","Action_45","Morph_100","RF","Play","Reach","Reach.1","Sonso",-1.13943428318836,0.0408525754884547,0.0801509769094138
"3211","100114","Action_45","Morph_100","RF","Climbonme","Reach","Reach.1","Sonso",-0.44628710262842,0.0408525754884547,0.0801509769094138
"3212","102185","Action_45","Morph_100","RF","Giveme","Reach","Reach.1","Sonso",-0.083381608939051,0.0408525754884547,0.0801509769094138
"3213","102239","Action_64","Morph_138","RF","Giveme","Touchlongother","Touch.7","Sonso",0.908258560176891,0.0044404973357016,0.0175399644760213
"3214","100114","Action_45","Morph_100","RF","Climbonme","Reach","Reach.1","Sonso",-0.27443684570176,0.0408525754884547,0.0801509769094138
"3215","100227","Action_32","Morph_60","RF","Play","Objectmouth","ObjectMouth.1","Sonso",0.78845736036427,0.00466252220248668,0.00466252220248668
"3216","101597","Action_20","Morph_45","RF","Play","Hitother","HitOther.1","Sonso",-0.579818495252942,0.0202042628774423,0.0404085257548845
"3217","101158","Action_60","Morph_128","RF","Play","Swing","Swing.2","Sonso",-0.0408219945202552,0.00310834813499112,0.0475133214920071
"3218","100886","Action_14","Morph_31","RF","Play","Grab","Grab.3","Sonso",-0.385662480811985,0.00466252220248668,0.0353019538188277
"3219","101162","Action_15","Morph_36","RF","Play","Grabhold","GrabHold.2","Sonso",0.970778917158225,0.005550621669627,0.0204262877442274
"3220","102460b","Action_8","Morph_19","RF","Play","Dangle","Dangle.1","Sonso",0,0.0484014209591474,0.0484014209591474
"3221","101163","Action_14","Morph_29","RF","Play","Grab","Grab.1","Sonso",-0.510825623765991,0.00821492007104796,0.0353019538188277
"3222","101159","Action_60","Morph_127","RF","Play","Swing","Swing.1","Sonso",0.336472236621213,0.0428507992895204,0.0475133214920071
"3223","101595","Action_8","Morph_19","RF","Play","Dangle","Dangle.1","Sonso",-0.579818495252942,0.0484014209591474,0.0484014209591474
"3224","101596","Action_8","Morph_19","RF","Play","Dangle","Dangle.1","Sonso",-0.385662480811985,0.0484014209591474,0.0484014209591474
"3225","101594","Action_8","Morph_19","RF","Play","Dangle","Dangle.1","Sonso",-1.6094379124341,0.0484014209591474,0.0484014209591474
"3226","101159","Action_60","Morph_127","RF","Play","Swing","Swing.1","Sonso",-0.44628710262842,0.0428507992895204,0.0475133214920071
"3227","101598","Action_20","Morph_45","RF","Play","Hitother","HitOther.1","Sonso",-1.42711635564015,0.0202042628774423,0.0404085257548845
"3228","101158","Action_8","Morph_19","RF","Play","Dangle","Dangle.1","Sonso",-0.916290731874155,0.0484014209591474,0.0484014209591474
"3229","100886","Action_14","Morph_31","RF","Play","Grab","Grab.3","Sonso",0.182321556793955,0.00466252220248668,0.0353019538188277
"3230","100886","Action_14","Morph_32","RF","Play","Grab","Grab.4","Sonso",0,0.00754884547069272,0.0353019538188277
"3231","101598","Action_8","Morph_19","RF","Play","Dangle","Dangle.1","Sonso",-0.385662480811985,0.0484014209591474,0.0484014209591474
"3232","101598","Action_20","Morph_46","RF","Play","Hitother","HitOther.2","Sonso",-0.510825623765991,0.00932504440497336,0.0404085257548845
"3233","101596","Action_20","Morph_45","RF","Play","Hitother","HitOther.1","Sonso",-0.579818495252942,0.0202042628774423,0.0404085257548845
"3234","101158","Action_60","Morph_127","RF","Play","Swing","Swing.1","Sonso",-0.127833371509885,0.0428507992895204,0.0475133214920071
"3235","101162","Action_14","Morph_31","RF","Play","Grab","Grab.3","Sonso",0.631271776841858,0.00466252220248668,0.0353019538188277
"3236","100886","Action_14","Morph_32","RF","Play","Grab","Grab.4","Sonso",-0.385662480811985,0.00754884547069272,0.0353019538188277
"3237","101597","Action_8","Morph_19","RF","Play","Dangle","Dangle.1","Sonso",-0.385662480811985,0.0484014209591474,0.0484014209591474
"3238","101598","Action_63","Morph_136","RF","Play","Touch","Touch.5","Sonso",-1.27296567581289,0.00421847246891652,0.0341918294849023
"3239","101158","Action_50","Morph_108","RF","Play","Shake","Shake.2","Sonso",0.418710334858185,0.00466252220248668,0.0122113676731794
"3240","101191","Action_13","Morph_27","RH","Moveaway","Fling","Fling.1","Sonso",-0.7339691750802,0.00688277087033748,0.0117673179396092
"3241","101191","Action_13","Morph_27","RH","Moveaway","Fling","Fling.1","Sonso",-0.579818495252942,0.00688277087033748,0.0117673179396092
"3242","101191","Action_13","Morph_27","RH","Moveaway","Fling","Fling.1","Sonso",-0.82098055206983,0.00688277087033748,0.0117673179396092
"3243","100909","Action_45","Morph_101","RH","Affiliation","Reach","Reach.2","Sonso",-0.385662480811985,0.0370781527531083,0.0801509769094138
"3244","100909","Action_45","Morph_101","RH","Affiliation","Reach","Reach.2","Sonso",-1.27296567581289,0.0370781527531083,0.0801509769094138
"3245","100909","Action_45","Morph_101","RH","Affiliation","Reach","Reach.2","Sonso",0.0392207131532813,0.0370781527531083,0.0801509769094138
"3246","100909","Action_45","Morph_101","RH","Affiliation","Reach","Reach.2","Sonso",-0.0418642040986989,0.0370781527531083,0.0801509769094138
"3247","100909","Action_45","Morph_101","RH","Affiliation","Reach","Reach.2","Sonso",-1.6094379124341,0.0370781527531083,0.0801509769094138
"3248","102237","Action_42","Morph_88","RH","Moveclose","Push","Push.1","Sonso",-0.385662480811985,0.0106571936056838,0.0466252220248668
"3249","101589","Action_45","Morph_100","RH","Climbonme","Reach","Reach.1","Sonso",-1.02165124753198,0.0408525754884547,0.0801509769094138
"3250","101592","Action_42","Morph_90","RH","Position","Push","Push.3","Sonso",-0.328504066972036,0.00510657193605684,0.0466252220248668
"3251","101150","Action_14","Morph_32","RH","Stopbehaviour","Grab","Grab.4","Sonso",0,0.00754884547069272,0.0353019538188277
"3252","102465","Action_45","Morph_100","RM","Playcontinue","Reach","Reach.1","Sonso",-0.579818495252942,0.0408525754884547,0.0801509769094138
"3253","101591a","Action_63","Morph_139","RM","Play","Touch","Touch.8","Sonso",-0.916290731874155,0.00577264653641208,0.0341918294849023
"3254","102019","Action_15","Morph_35","RM","Play","Grabhold","GrabHold.1","Sonso",1.30291275218084,0.00932504440497336,0.0204262877442274
"3255","101593","Action_64","Morph_139","RM","Play","Touchlongother","Touch.8","Sonso",1.29198368164865,0.00577264653641208,0.0175399644760213
"3256","100229","Action_59","Morph_124","RM","Play","Stroke","Stroke.1","Sonso",-0.653926467406664,0.0011101243339254,0.00377442273534636
"3257","100229","Action_59","Morph_124","RM","Play","Stroke","Stroke.1","Sonso",-0.27443684570176,0.0011101243339254,0.00377442273534636
"3258","101029","Action_14","Morph_32","RM","Play","Grab","Grab.4","Sonso",-0.44628710262842,0.00754884547069272,0.0353019538188277
"3259","101147","Action_21","Morph_42","RM","Play","Hittingobject","HitObject.4","Sonso",-0.328504066972036,0.00599467140319716,0.00799289520426288
"3260","101599","Action_45","Morph_102","RM","Play","Reach","Reach.3","Sonso",0,0.0022202486678508,0.0801509769094138
"3261","101161","Action_20","Morph_46","RM","Playcontinue","Hitother","HitOther.2","Sonso",-0.44628710262842,0.00932504440497336,0.0404085257548845
"3262","101161","Action_60","Morph_127","RM","Playcontinue","Swing","Swing.1","Sonso",0.113328685307003,0.0428507992895204,0.0475133214920071
"3263","101161","Action_23","Morph_47","RM","Playcontinue","Hittingother","HitOther.3","Sonso",0,0.00843694493783304,0.0157637655417407
"3264","101599","Action_45","Morph_100","RM","Play","Reach","Reach.1","Sonso",0.693147180559945,0.0408525754884547,0.0801509769094138
"3265","101878","Action_38","Morph_79","RM","Directattention","Present","Present.5","Sonso",0.113328685307003,0.00688277087033748,0.0492895204262877
"3266","102438","Action_55","Morph_116","RM","Play","Stompingobject","StompObject.2","Sonso",0.0769610411361284,0.0148756660746004,0.0230905861456483
"3267","102266b","Action_45","Morph_100","RM","Play","Reach","Reach.1","Sonso",-0.127833371509885,0.0408525754884547,0.0801509769094138
"3268","100140","Action_17","Morph_39","RS","Moveaway","Hitobject","HitObject.1","Sonso",-0.579818495252942,0.0430728241563055,0.0559502664298401
"3269","100140","Action_17","Morph_39","RS","Moveaway","Hitobject","HitObject.1","Sonso",-0.44628710262842,0.0430728241563055,0.0559502664298401
"3270","100140","Action_17","Morph_39","RS","Moveaway","Hitobject","HitObject.1","Sonso",-0.44628710262842,0.0430728241563055,0.0559502664298401
"3271","100900","Action_57","Morph_120","RS","Play","Stompobject","StompObject.6","Sonso",-0.27443684570176,0.00133214920071048,0.0424067495559503
"3272","102437","Action_34","Morph_65","RS","Moveaway","Objectshake","ObjectShake.1","Sonso",0.712949807856125,0.0746003552397869,0.108792184724689
"3273","102440","Action_24","Morph_51","RS","Play","Jump","Jump.1","Sonso",-0.579818495252942,0.00732682060390764,0.00732682060390764
"3274","102437","Action_60","Morph_127","RS","Moveaway","Swing","Swing.1","Sonso",0.0392207131532813,0.0428507992895204,0.0475133214920071
"3275","102440","Action_20","Morph_49","RS","Play","Hitother","HitOther.5","Sonso",-0.579818495252942,0.00599467140319716,0.0404085257548845
"3276","102440","Action_50","Morph_108","RS","Play","Shake","Shake.2","Sonso",-0.328504066972036,0.00466252220248668,0.0122113676731794
"3277","102437","Action_60","Morph_127","RS","Moveaway","Swing","Swing.1","Sonso",0.806475865866949,0.0428507992895204,0.0475133214920071
"3278","101151","Action_33","Morph_62","RS","Play","Objectmove","ObjectMove.2","Sonso",1.00063188030791,0.00643872113676732,0.0406305506216696
"3279","101151","Action_50","Morph_107","RS","Play","Shake","Shake.1","Sonso",0.418710334858185,0.00355239786856128,0.0122113676731794
"3280","101151","Action_50","Morph_107","RS","Play","Shake","Shake.1","Sonso",0.542324290825362,0.00355239786856128,0.0122113676731794
"3281","101152","Action_14","Morph_30","RS","Play","Grab","Grab.2","Sonso",-1.02165124753198,0.00799289520426288,0.0353019538188277
"3282","101152","Action_14","Morph_29","RS","Play","Grab","Grab.1","Sonso",-0.510825623765991,0.00821492007104796,0.0353019538188277
"3283","101587","Action_38","Morph_75","RS","Directattention","Present","Present.1","Sonso",-0.0408219945202552,0.0170959147424512,0.0492895204262877
"3284","101273b","Action_34","Morph_65","RS","Play","Objectshake","ObjectShake.1","Sonso",1.28093384546206,0.0746003552397869,0.108792184724689
"3285","100387a","Action_21","Morph_42","RS","Play","Hittingobject","HitObject.4","Sonso",0.148420005118273,0.00599467140319716,0.00799289520426288
"3286","102209","Action_45","Morph_100","RS","Play","Reach","Reach.1","Sonso",-0.7339691750802,0.0408525754884547,0.0801509769094138
"3287","101703p2","Action_10","Morph_21","RS","Attendme","Drum","Drum.1","Sonso",0.0769610411361284,0.0033303730017762,0.0033303730017762
"3288","101588","Action_38","Morph_75","RS","Directattention","Present","Present.1","Sonso",0.631271776841858,0.0170959147424512,0.0492895204262877
"3289","102268","Action_2","Morph_4","RS","Travel","Bigloudscratch","BigLoudScratch.2","Sonso",0.307484699747961,0.019316163410302,0.0577264653641208
"3290","101200","Action_45","Morph_101","RS","Giveme","Reach","Reach.2","Sonso",-0.083381608939051,0.0370781527531083,0.0801509769094138
"3291","101200","Action_45","Morph_101","RS","Giveme","Reach","Reach.2","Sonso",0.444685821261446,0.0370781527531083,0.0801509769094138
"3292","101703p1","Action_47","Morph_103","RS","Attendme","Rockingsit","Rocking.1","Sonso",0.444685821261446,0.00377442273534636,0.00377442273534636
"3293","101703p1","Action_10","Morph_21","RS","Attendme","Drum","Drum.1","Sonso",0.858661619037519,0.0033303730017762,0.0033303730017762
"3294","101703p1","Action_27","Morph_54","RS","Attendme","Leafclip","LeafClip.1","Sonso",1.24703229378638,0.0044404973357016,0.00599467140319716
"3295","101702","Action_10","Morph_21","RS","Attendme","Drum","Drum.1","Sonso",0.672944473242426,0.0033303730017762,0.0033303730017762
"3296","101034","Action_39","Morph_82","SB","Giveme","Presentgenitalsbackwards","PresentGenitals.1","Sonso",0.89199803930511,0.0295293072824156,0.033303730017762
"3297","100995a","Action_45","Morph_100","SE","Giveme","Reach","Reach.1","Sonso",-0.287682072451781,0.0408525754884547,0.0801509769094138
"3298","100859","Action_2","Morph_4","SM","Groom","Bigloudscratch","BigLoudScratch.2","Sonso",0.587786664902119,0.019316163410302,0.0577264653641208
"3299","100231","Action_17","Morph_39","SM","Moveaway","Hitobject","HitObject.1","Sonso",-1.02165124753198,0.0430728241563055,0.0559502664298401
"3300","100231","Action_17","Morph_39","SM","Moveaway","Hitobject","HitObject.1","Sonso",-0.328504066972036,0.0430728241563055,0.0559502664298401
"3301","100978a","Action_45","Morph_101","SM","Giveme","Reach","Reach.2","Sonso",0.307484699747961,0.0370781527531083,0.0801509769094138
"3302","100001a","Action_63","Morph_136","SM","Staysame","Touch","Touch.5","Sonso",-1.02165124753198,0.00421847246891652,0.0341918294849023
"3303","100979","Action_45","Morph_101","SM","Giveme","Reach","Reach.2","Sonso",-0.7339691750802,0.0370781527531083,0.0801509769094138
"3304","100128b","Action_40","Morph_82","SM","Sexualattention","Presentgenitalsforwards","PresentGenitals.1","Sonso",-0.083381608939051,0.0295293072824156,0.00199822380106572
"3305","102246a","Action_2","Morph_4","SQ","Groom","Bigloudscratch","BigLoudScratch.2","Sonso",1.01523067972906,0.019316163410302,0.0577264653641208
"3306","102442b","Action_38","Morph_75","SQ","Directattention","Present","Present.1","Sonso",0.8754687373539,0.0170959147424512,0.0492895204262877
"3307","102248","Action_38","Morph_75","SQ","Groom","Present","Present.1","Sonso",0.56531380905006,0.0170959147424512,0.0492895204262877
"3308","102080","Action_38","Morph_75","SQ","Directattention","Present","Present.1","Sonso",0.940007258491471,0.0170959147424512,0.0492895204262877
"3309","102231","Action_2","Morph_4","SQ","Groom","Bigloudscratch","BigLoudScratch.2","Sonso",0.364643113587909,0.019316163410302,0.0577264653641208
"3310","102230","Action_42","Morph_89","SQ","Position","Push","Push.2","Sonso",-0.579818495252942,0.00355239786856128,0.0466252220248668
"3311","102247","Action_2","Morph_4","SQ","Directattention","Bigloudscratch","BigLoudScratch.2","Sonso",0.494696241836107,0.019316163410302,0.0577264653641208
"3312","102248","Action_38","Morph_75","SQ","Groom","Present","Present.1","Sonso",0.246860077931526,0.0170959147424512,0.0492895204262877
"3313","102247","Action_38","Morph_77","SQ","Directattention","Present","Present.3","Sonso",-0.174353387144778,0.00466252220248668,0.0492895204262877
"3314","100369a","Action_2","Morph_4","SQ","Groom","Bigloudscratch","BigLoudScratch.2","Sonso",0.494696241836107,0.019316163410302,0.0577264653641208
"3315","100369a","Action_2","Morph_4","SQ","Groom","Bigloudscratch","BigLoudScratch.2","Sonso",0.364643113587909,0.019316163410302,0.0577264653641208
"3316","101540","Action_63","Morph_132","SQ","Play","Touch","Touch.1","Sonso",-0.82098055206983,0.0104351687388988,0.0341918294849023
"3317","101540","Action_63","Morph_132","SQ","Play","Touch","Touch.1","Sonso",-0.82098055206983,0.0104351687388988,0.0341918294849023
"3318","101540","Action_15","Morph_36","SQ","Play","Grabhold","GrabHold.2","Sonso",0.806475865866949,0.005550621669627,0.0204262877442274
"3319","101540","Action_63","Morph_132","SQ","Play","Touch","Touch.1","Sonso",-0.579818495252942,0.0104351687388988,0.0341918294849023
"3320","100176a","Action_2","Morph_6","SQ","Travel","Bigloudscratch","BigLoudScratch.4","Sonso",0.113328685307003,0.00421847246891652,0.0577264653641208
"3321","100176a","Action_2","Morph_3","SQ","Travel","Bigloudscratch","BigLoudScratch.1","Sonso",0.392042087776024,0.0215364120781528,0.0577264653641208
"3322","100176a","Action_2","Morph_3","SQ","Travel","Bigloudscratch","BigLoudScratch.1","Sonso",0.307484699747961,0.0215364120781528,0.0577264653641208
"3323","100176a","Action_2","Morph_4","SQ","Travel","Bigloudscratch","BigLoudScratch.2","Sonso",0.364643113587909,0.019316163410302,0.0577264653641208
"3324","101982a","Action_2","Morph_3","SQ","Groom","Bigloudscratch","BigLoudScratch.1","Sonso",1.00063188030791,0.0215364120781528,0.0577264653641208
"3325","101980a","Action_2","Morph_3","SQ","Groom","Bigloudscratch","BigLoudScratch.1","Sonso",0.494696241836107,0.0215364120781528,0.0577264653641208
"3326","101981a","Action_2","Morph_4","SQ","Groom","Bigloudscratch","BigLoudScratch.2","Sonso",0.364643113587909,0.019316163410302,0.0577264653641208
"3327","100309","Action_2","Morph_4","SQ","Directattention","Bigloudscratch","BigLoudScratch.2","Sonso",0.494696241836107,0.019316163410302,0.0577264653641208
"3328","100309","Action_38","Morph_77","SQ","Directattention","Present","Present.3","Sonso",0,0.00466252220248668,0.0492895204262877
"3329","100315","Action_38","Morph_75","SQ","Groom","Present","Present.1","Sonso",-1.6094379124341,0.0170959147424512,0.0492895204262877
"3330","100235","Action_42","Morph_91","SQ","Position","Push","Push.4","Sonso",0.0392207131532813,0.00932504440497336,0.0466252220248668
"3331","100194","Action_49","Morph_106","SQ","Support","Rub","Rub.3","Sonso",0.732367893713227,0.00044404973357016,0.0066607460035524
"3332","100292b","Action_64","Morph_135","SQ","Affiliation","Touchlongother","Touch.4","Sonso",0.89199803930511,0.00488454706927176,0.0175399644760213
"3333","100193b","Action_64","Morph_132","SQ","Support","Touchlongother","Touch.1","Sonso",0.955511445027436,0.0104351687388988,0.0175399644760213
"3334","101759b","Action_2","Morph_3","SQ","Directattention","Bigloudscratch","BigLoudScratch.1","Sonso",-0.328504066972036,0.0215364120781528,0.0577264653641208
"3335","101758a","Action_2","Morph_4","SQ","Groom","Bigloudscratch","BigLoudScratch.2","Sonso",0.806475865866949,0.019316163410302,0.0577264653641208
"3336","101761","Action_2","Morph_6","SQ","Directattention","Bigloudscratch","BigLoudScratch.4","Sonso",0.307484699747961,0.00421847246891652,0.0577264653641208
"3337","100286a","Action_39","Morph_83","SQ","Travel","Presentgenitalsbackwards","PresentGenitals.2","Sonso",-0.44628710262842,0.00577264653641208,0.033303730017762
"3338","100099","Action_39","Morph_83","ST","Staysame","Presentgenitalsbackwards","PresentGenitals.2","Sonso",0.0769610411361284,0.00577264653641208,0.033303730017762
"3339","101750","Action_45","Morph_100","ST","Playcontinue","Reach","Reach.1","Sonso",-0.82098055206983,0.0408525754884547,0.0801509769094138
"3340","100276a","Action_39","Morph_83","ST","Giveme","Presentgenitalsbackwards","PresentGenitals.2","Sonso",0.364643113587909,0.00577264653641208,0.033303730017762
"3341","100237a","Action_43","Morph_96","ST","Moveclose","Raise","Raise.1","Sonso",0.215111379616945,0.00865896980461812,0.0113232682060391
"3342","100025b","Action_39","Morph_83","ST","Affiliation","Presentgenitalsbackwards","PresentGenitals.2","Sonso",-0.27443684570176,0.00577264653641208,0.033303730017762
"3343","101416","Action_38","Morph_76","TK","Directattention","Present","Present.2","Sonso",0.858661619037519,0.0135435168738899,0.0492895204262877
"3344","102392","Action_45","Morph_101","TK","Giveme","Reach","Reach.2","Sonso",-0.579818495252942,0.0370781527531083,0.0801509769094138
"3345","102392","Action_45","Morph_101","TK","Giveme","Reach","Reach.2","Sonso",0,0.0370781527531083,0.0801509769094138
"3346","102391","Action_45","Morph_101","TK","Giveme","Reach","Reach.2","Sonso",0.494696241836107,0.0370781527531083,0.0801509769094138
"3347","102393","Action_64","Morph_138","TK","Giveme","Touchlongother","Touch.7","Sonso",0.824175442966349,0.0044404973357016,0.0175399644760213
"3348","102385a","Action_45","Morph_101","TK","Giveme","Reach","Reach.2","Sonso",0.518793793415168,0.0370781527531083,0.0801509769094138
"3349","102387","Action_45","Morph_101","TK","Giveme","Reach","Reach.2","Sonso",-0.385662480811985,0.0370781527531083,0.0801509769094138
"3350","102392","Action_45","Morph_101","TK","Giveme","Reach","Reach.2","Sonso",0.246860077931526,0.0370781527531083,0.0801509769094138
"3351","102385a","Action_45","Morph_101","TK","Giveme","Reach","Reach.2","Sonso",0.392042087776024,0.0370781527531083,0.0801509769094138
"3352","102393","Action_42","Morph_91","TK","Giveme","Push","Push.4","Sonso",-0.385662480811985,0.00932504440497336,0.0466252220248668
"3353","102393","Action_45","Morph_101","TK","Giveme","Reach","Reach.2","Sonso",0.470003629245736,0.0370781527531083,0.0801509769094138
"3354","102392","Action_59","Morph_125","TK","Giveme","Stroke","Stroke.2","Sonso",1.02961941718116,0.00155417406749556,0.00377442273534636
"3355","102389","Action_45","Morph_101","TK","Giveme","Reach","Reach.2","Sonso",-0.653926467406664,0.0370781527531083,0.0801509769094138
"3356","102392","Action_45","Morph_101","TK","Giveme","Reach","Reach.2","Sonso",0.0392207131532813,0.0370781527531083,0.0801509769094138
"3357","102390","Action_64","Morph_140","TK","Giveme","Touchlongother","Touch.9","Sonso",0.770108221696074,0.00399644760213144,0.0175399644760213
"3358","102392","Action_45","Morph_101","TK","Giveme","Reach","Reach.2","Sonso",-0.22314355131421,0.0370781527531083,0.0801509769094138
"3359","101721","Action_39","Morph_83","TK","Sociosexualattention","Presentgenitalsbackwards","PresentGenitals.2","Sonso",0.444685821261446,0.00577264653641208,0.033303730017762
"3360","100694","Action_38","Morph_75","TK","Groom","Present","Present.1","Sonso",0.215111379616945,0.0170959147424512,0.0492895204262877
"3361","100409b","Action_50","Morph_107","TK","Play","Shake","Shake.1","Sonso",-0.7339691750802,0.00355239786856128,0.0122113676731794
"3362","102068","Action_38","Morph_79","TK","Directattention","Present","Present.5","Sonso",0.518793793415168,0.00688277087033748,0.0492895204262877
"3363","100083","Action_39","Morph_82","VR","Sexualattention","Presentgenitalsbackwards","PresentGenitals.1","Sonso",0.940007258491471,0.0295293072824156,0.033303730017762
"3364","100005","Action_39","Morph_82","WL","Sexualattention","Presentgenitalsbackwards","PresentGenitals.1","Sonso",-0.0408219945202552,0.0295293072824156,0.033303730017762
"3365","100841","Action_38","Morph_78","WL","Directattention","Present","Present.4","Sonso",0.444685821261446,0.00288632326820604,0.0492895204262877
"3366","100838","Action_38","Morph_78","WL","Directattention","Present","Present.4","Sonso",-0.174353387144778,0.00288632326820604,0.0492895204262877
"3367","100237b","Action_45","Morph_101","WL","Moveclose","Reach","Reach.2","Sonso",-0.27443684570176,0.0370781527531083,0.0801509769094138
"3368","100184","Action_42","Morph_88","WL","Moveclose","Push","Push.1","Sonso",-0.328504066972036,0.0106571936056838,0.0466252220248668
"3369","101695","Action_39","Morph_82","WL","Sexualattention","Presentgenitalsbackwards","PresentGenitals.1","Sonso",-0.083381608939051,0.0295293072824156,0.033303730017762
"3370","100208","Action_60","Morph_127","ZD","Playcontinue","Swing","Swing.1","Sonso",0.0392207131532813,0.0428507992895204,0.0475133214920071
"3371","100207","Action_60","Morph_127","ZD","Playcontinue","Swing","Swing.1","Sonso",0.392042087776024,0.0428507992895204,0.0475133214920071
"3372","100970b","Action_33","Morph_61","ZD","Play","Objectmove","ObjectMove.1","Sonso",-0.44628710262842,0.0317495559502664,0.0406305506216696
"3373","101070","Action_20","Morph_45","ZD","Play","Hitother","HitOther.1","Sonso",-0.083381608939051,0.0202042628774423,0.0404085257548845
"3374","101070","Action_8","Morph_19","ZD","Play","Dangle","Dangle.1","Sonso",-0.653926467406664,0.0484014209591474,0.0484014209591474
"3375","100969","Action_17","Morph_39","ZD","Playcontinue","Hitobject","HitObject.1","Sonso",-0.27443684570176,0.0430728241563055,0.0559502664298401
"3376","101906","Action_38","Morph_79","ZD","Staysame","Present","Present.5","Sonso",-0.916290731874155,0.00688277087033748,0.0492895204262877
"3377","100103a","Action_57","Morph_115","ZD","Play","Stompobject","StompObject.1","Sonso",0.364643113587909,0.0337477797513321,0.0424067495559503
"3378","100103a","Action_17","Morph_39","ZD","Play","Hitobject","HitObject.1","Sonso",-0.44628710262842,0.0430728241563055,0.0559502664298401
"3379","100103a","Action_57","Morph_115","ZD","Play","Stompobject","StompObject.1","Sonso",-0.22314355131421,0.0337477797513321,0.0424067495559503
"3380","100960","Action_20","Morph_45","ZD","Play","Hitother","HitOther.1","Sonso",-0.385662480811985,0.0202042628774423,0.0404085257548845
"3381","100966a","Action_60","Morph_127","ZD","Play","Swing","Swing.1","Sonso",-0.44628710262842,0.0428507992895204,0.0475133214920071
"3382","101455a","Action_60","Morph_127","ZD","Play","Swing","Swing.1","Sonso",-0.083381608939051,0.0428507992895204,0.0475133214920071
"3383","101565b","Action_8","Morph_19","ZD","Play","Dangle","Dangle.1","Sonso",0.0769610411361284,0.0484014209591474,0.0484014209591474
"3384","101453","Action_20","Morph_45","ZD","Play","Hitother","HitOther.1","Sonso",-0.174353387144778,0.0202042628774423,0.0404085257548845
"3385","100192","Action_50","Morph_108","ZD","Play","Shake","Shake.2","Sonso",0.609765571620894,0.00466252220248668,0.0122113676731794
"3386","101884","Action_14","Morph_29","ZD","Playcontinue","Grab","Grab.1","Sonso",-0.328504066972036,0.00821492007104796,0.0353019538188277
"3387","101885","Action_55","Morph_116","ZD","Stopbehaviour","Stompingobject","StompObject.2","Sonso",0.336472236621213,0.0148756660746004,0.0230905861456483
"3388","101957","Action_14","Morph_33","ZD","Play","Grab","Grab.5","Sonso",-0.82098055206983,0.0033303730017762,0.0353019538188277
"3389","101966a","Action_57","Morph_115","ZD","Stopbehaviour","Stompobject","StompObject.1","Sonso",-0.083381608939051,0.0337477797513321,0.0424067495559503
"3390","101885","Action_57","Morph_115","ZD","Stopbehaviour","Stompobject","StompObject.1","Sonso",-1.02165124753198,0.0337477797513321,0.0424067495559503
"3391","101461","Action_8","Morph_19","ZD","Play","Dangle","Dangle.1","Sonso",0.609765571620894,0.0484014209591474,0.0484014209591474
"3392","101966a","Action_53","Morph_113","ZD","Stopbehaviour","Spinsomersault","SpinSomersault.1","Sonso",0.56531380905006,0.00799289520426288,0.00799289520426288
"3393","101568","Action_8","Morph_19","ZD","Playcontinue","Dangle","Dangle.1","Sonso",-1.13943428318836,0.0484014209591474,0.0484014209591474
"3394","101567a","Action_60","Morph_127","ZD","Playcontinue","Swing","Swing.1","Sonso",0.0769610411361284,0.0428507992895204,0.0475133214920071
"3395","100017","Action_38","Morph_79","ZD","Directattention","Present","Present.5","Sonso",0.444685821261446,0.00688277087033748,0.0492895204262877
"3396","101566a","Action_57","Morph_115","ZD","Playcontinue","Stompobject","StompObject.1","Sonso",-0.385662480811985,0.0337477797513321,0.0424067495559503
"3397","100016","Action_38","Morph_75","ZD","Directattention","Present","Present.1","Sonso",0.65232518603969,0.0170959147424512,0.0492895204262877
"3398","101166","Action_60","Morph_127","ZD","Play","Swing","Swing.1","Sonso",-0.579818495252942,0.0428507992895204,0.0475133214920071
"3399","101567a","Action_8","Morph_19","ZD","Playcontinue","Dangle","Dangle.1","Sonso",0.148420005118273,0.0484014209591474,0.0484014209591474
"3400","102059a","Action_16","Morph_38","ZD","Play","Headstand","HeadStand.1","Sonso",-0.127833371509885,0.0066607460035524,0.0066607460035524
"3401","100885a","Action_17","Morph_39","ZD","Play","Hitobject","HitObject.1","Sonso",-0.328504066972036,0.0430728241563055,0.0559502664298401
"3402","101778","Action_13","Morph_27","ZD","Staysame","Fling","Fling.1","Sonso",-1.02165124753198,0.00688277087033748,0.0117673179396092
"3403","101778","Action_57","Morph_120","ZD","Staysame","Stompobject","StompObject.6","Sonso",-0.7339691750802,0.00133214920071048,0.0424067495559503
"3404","100457a","Action_60","Morph_127","ZD","Playcontinue","Swing","Swing.1","Sonso",-0.44628710262842,0.0428507992895204,0.0475133214920071
"3405","100456","Action_34","Morph_65","ZD","Play","Objectshake","ObjectShake.1","Sonso",0.518793793415168,0.0746003552397869,0.108792184724689
"3406","101778","Action_21","Morph_42","ZD","Staysame","Hittingobject","HitObject.4","Sonso",-1.02165124753198,0.00599467140319716,0.00799289520426288
"3407","101778","Action_24","Morph_51","ZD","Staysame","Jump","Jump.1","Sonso",-1.27296567581289,0.00732682060390764,0.00732682060390764
"3408","100233b","Action_39","Morph_83","ZD","Affiliation","Presentgenitalsbackwards","PresentGenitals.2","Sonso",-0.44628710262842,0.00577264653641208,0.033303730017762
"3409","100991a","Action_13","Morph_27","ZD","Moveaway","Fling","Fling.1","Sonso",-1.02165124753198,0.00688277087033748,0.0117673179396092
"3410","101924","Action_38","Morph_79","ZD","Staysame","Present","Present.5","Sonso",0.307484699747961,0.00688277087033748,0.0492895204262877
"3411","102082","Action_45","Morph_100","ZD","Staysame","Reach","Reach.1","Sonso",-0.7339691750802,0.0408525754884547,0.0801509769094138
"3412","101722","Action_17","Morph_39","ZD","Play","Hitobject","HitObject.1","Sonso",-0.385662480811985,0.0430728241563055,0.0559502664298401
"3413","101288","Action_8","Morph_19","ZD","Play","Dangle","Dangle.1","Sonso",0.0392207131532813,0.0484014209591474,0.0484014209591474
"3414","101288","Action_60","Morph_127","ZD","Play","Swing","Swing.1","Sonso",0.113328685307003,0.0428507992895204,0.0475133214920071
"3415","101289","Action_14","Morph_33","ZD","Moveclose","Grab","Grab.5","Sonso",-0.82098055206983,0.0033303730017762,0.0353019538188277
"3416","101722","Action_20","Morph_45","ZD","Play","Hitother","HitOther.1","Sonso",-0.22314355131421,0.0202042628774423,0.0404085257548845
"3417","101289","Action_37","Morph_74","ZD","Moveclose","Poke","Poke.1","Sonso",-0.127833371509885,0.00266429840142096,0.00266429840142096
"3418","101289","Action_45","Morph_100","ZD","Moveclose","Reach","Reach.1","Sonso",0.215111379616945,0.0408525754884547,0.0801509769094138
"3419","101614b","Action_14","Morph_32","ZD","Play","Grab","Grab.4","Sonso",-0.653926467406664,0.00754884547069272,0.0353019538188277
"3420","101614b","Action_8","Morph_19","ZD","Play","Dangle","Dangle.1","Sonso",-0.385662480811985,0.0484014209591474,0.0484014209591474
"3421","101165","Action_14","Morph_30","ZD","Play","Grab","Grab.2","Sonso",-1.02165124753198,0.00799289520426288,0.0353019538188277
"3422","101471","Action_34","Morph_65","ZD","Moveaway","Objectshake","ObjectShake.1","Sonso",0.908258560176891,0.0746003552397869,0.108792184724689
"3423","101471","Action_57","Morph_115","ZD","Moveaway","Stompobject","StompObject.1","Sonso",-0.510825623765991,0.0337477797513321,0.0424067495559503
"3424","101615","Action_57","Morph_115","ZD","Playcontinue","Stompobject","StompObject.1","Sonso",-0.7339691750802,0.0337477797513321,0.0424067495559503
"3425","101614b","Action_3","Morph_9","ZD","Play","Bite","Bite.1","Sonso",-0.653926467406664,0.0044404973357016,0.0168738898756661
"3426","101471","Action_34","Morph_65","ZD","Moveaway","Objectshake","ObjectShake.1","Sonso",0.113328685307003,0.0746003552397869,0.108792184724689
"3427","101181","Action_63","Morph_134","ZD","Playcontinue","Touch","Touch.3","Sonso",-0.385662480811985,0.00488454706927176,0.0341918294849023
"3428","101182","Action_41","Morph_85","ZD","Playcontinue","Pull","Pull.2","Sonso",-0.0408219945202552,0.00643872113676732,0.0253108348134991
"3429","101289","Action_60","Morph_127","ZD","Moveclose","Swing","Swing.1","Sonso",-0.328504066972036,0.0428507992895204,0.0475133214920071
"3430","101471","Action_34","Morph_65","ZD","Moveaway","Objectshake","ObjectShake.1","Sonso",0.985816794522765,0.0746003552397869,0.108792184724689
"3431","102174a","Action_45","Morph_100","ZD","Sexualattention","Reach","Reach.1","Sonso",-0.916290731874155,0.0408525754884547,0.0801509769094138
"3432","101291","Action_32","Morph_60","ZD","Play","Objectmouth","ObjectMouth.1","Sonso",0.0392207131532813,0.00466252220248668,0.00466252220248668
"3433","101852","Action_63","Morph_132","ZD","Staysame","Touch","Touch.1","Sonso",-0.916290731874155,0.0104351687388988,0.0341918294849023
"3434","101031","Action_17","Morph_39","ZD","Giveme","Hitobject","HitObject.1","Sonso",-0.27443684570176,0.0430728241563055,0.0559502664298401
"3435","101031","Action_45","Morph_100","ZD","Giveme","Reach","Reach.1","Sonso",-2.12026353620009,0.0408525754884547,0.0801509769094138
"3436","101031","Action_17","Morph_40","ZD","Giveme","Hitobject","HitObject.2","Sonso",0,0.0119893428063943,0.0559502664298401
"3437","101031","Action_17","Morph_39","ZD","Giveme","Hitobject","HitObject.1","Sonso",-0.653926467406664,0.0430728241563055,0.0559502664298401
"3438","100997","Action_45","Morph_100","ZD","Giveme","Reach","Reach.1","Sonso",0.113328685307003,0.0408525754884547,0.0801509769094138
"3439","100997","Action_45","Morph_100","ZD","Giveme","Reach","Reach.1","Sonso",0.364643113587909,0.0408525754884547,0.0801509769094138
"3440","100997","Action_45","Morph_100","ZD","Giveme","Reach","Reach.1","Sonso",-0.44628710262842,0.0408525754884547,0.0801509769094138
"3441","100997","Action_45","Morph_100","ZD","Giveme","Reach","Reach.1","Sonso",-0.653926467406664,0.0408525754884547,0.0801509769094138
"3442","101031","Action_43","Morph_96","ZD","Giveme","Raise","Raise.1","Sonso",-0.7339691750802,0.00865896980461812,0.0113232682060391
"3443","101031","Action_43","Morph_96","ZD","Giveme","Raise","Raise.1","Sonso",-0.174353387144778,0.00865896980461812,0.0113232682060391
"3444","100997","Action_45","Morph_100","ZD","Giveme","Reach","Reach.1","Sonso",-1.02165124753198,0.0408525754884547,0.0801509769094138
"3445","101031","Action_45","Morph_100","ZD","Giveme","Reach","Reach.1","Sonso",-0.510825623765991,0.0408525754884547,0.0801509769094138
"3446","100997","Action_45","Morph_100","ZD","Giveme","Reach","Reach.1","Sonso",-0.916290731874155,0.0408525754884547,0.0801509769094138
"3447","101031","Action_50","Morph_110","ZD","Giveme","Shake","Shake.4","Sonso",-1.13943428318836,0.00399644760213144,0.0122113676731794
"3448","100997","Action_45","Morph_100","ZD","Giveme","Reach","Reach.1","Sonso",-0.22314355131421,0.0408525754884547,0.0801509769094138
"3449","100997","Action_45","Morph_100","ZD","Giveme","Reach","Reach.1","Sonso",-0.385662480811985,0.0408525754884547,0.0801509769094138
"3450","100455b","Action_17","Morph_39","ZD","Playcontinue","Hitobject","HitObject.1","Sonso",-0.083381608939051,0.0430728241563055,0.0559502664298401
"3451","101952a","Action_57","Morph_115","ZD","Play","Stompobject","StompObject.1","Sonso",-0.579818495252942,0.0337477797513321,0.0424067495559503
"3452","101480","Action_20","Morph_46","ZD","Play","Hitother","HitOther.2","Sonso",-0.510825623765991,0.00932504440497336,0.0404085257548845
"3453","101955","Action_60","Morph_127","ZD","Playcontinue","Swing","Swing.1","Sonso",0.0392207131532813,0.0428507992895204,0.0475133214920071
"3454","101952a","Action_34","Morph_68","ZD","Play","Objectshake","ObjectShake.4","Sonso",0.8754687373539,0.00288632326820604,0.108792184724689
"3455","101072a","Action_57","Morph_115","ZD","Play","Stompobject","StompObject.1","Sonso",-0.44628710262842,0.0337477797513321,0.0424067495559503
"3456","100446b","Action_14","Morph_29","ZD","Play","Grab","Grab.1","Sonso",-1.02165124753198,0.00821492007104796,0.0353019538188277
"3457","100455b","Action_17","Morph_39","ZD","Playcontinue","Hitobject","HitObject.1","Sonso",-0.27443684570176,0.0430728241563055,0.0559502664298401
"3458","100423a","Action_60","Morph_128","ZD","Play","Swing","Swing.2","Sonso",0.246860077931526,0.00310834813499112,0.0475133214920071
"3459","100416","Action_14","Morph_30","ZD","Play","Grab","Grab.2","Sonso",-0.579818495252942,0.00799289520426288,0.0353019538188277
"3460","101072a","Action_34","Morph_65","ZD","Play","Objectshake","ObjectShake.1","Sonso",1.24703229378638,0.0746003552397869,0.108792184724689
"3461","100400a","Action_60","Morph_127","ZD","Playcontinue","Swing","Swing.1","Sonso",-0.579818495252942,0.0428507992895204,0.0475133214920071
"3462","102128b","Action_45","Morph_100","ZD","Play","Reach","Reach.1","Sonso",-1.02165124753198,0.0408525754884547,0.0801509769094138
"3463","100405","Action_15","Morph_35","ZD","Playcontinue","Grabhold","GrabHold.1","Sonso",-0.174353387144778,0.00932504440497336,0.0204262877442274
"3464","100406b","Action_14","Morph_32","ZD","Play","Grab","Grab.4","Sonso",-1.27296567581289,0.00754884547069272,0.0353019538188277
"3465","100412","Action_60","Morph_127","ZD","Play","Swing","Swing.1","Sonso",0.215111379616945,0.0428507992895204,0.0475133214920071
"3466","101272a","Action_14","Morph_32","ZD","Playcontinue","Grab","Grab.4","Sonso",0.0392207131532813,0.00754884547069272,0.0353019538188277
"3467","100301","Action_8","Morph_19","ZD","Playcontinue","Dangle","Dangle.1","Sonso",0.113328685307003,0.0484014209591474,0.0484014209591474
"3468","101054","Action_8","Morph_19","ZD","Playcontinue","Dangle","Dangle.1","Sonso",-0.7339691750802,0.0484014209591474,0.0484014209591474
"3469","101272a","Action_15","Morph_36","ZD","Playcontinue","Grabhold","GrabHold.2","Sonso",0.712949807856125,0.005550621669627,0.0204262877442274
"3470","100846","Action_14","Morph_30","ZD","Playcontinue","Grab","Grab.2","Sonso",-0.82098055206983,0.00799289520426288,0.0353019538188277
"3471","101825","Action_14","Morph_33","ZD","Moveaway","Grab","Grab.5","Sonso",0.215111379616945,0.0033303730017762,0.0353019538188277
"3472","100405","Action_3","Morph_9","ZD","Playcontinue","Bite","Bite.1","Sonso",-0.579818495252942,0.0044404973357016,0.0168738898756661
"3473","100420b","Action_14","Morph_29","ZD","Play","Grab","Grab.1","Sonso",-0.7339691750802,0.00821492007104796,0.0353019538188277
"3474","102252","Action_8","Morph_19","ZD","Play","Dangle","Dangle.1","Sonso",0.182321556793955,0.0484014209591474,0.0484014209591474
"3475","100412","Action_61","Morph_130","ZD","Play","Throwobject","ThrowObject.1","Sonso",-0.174353387144778,0.00244227353463588,0.00244227353463588
"3476","102252","Action_60","Morph_127","ZD","Play","Swing","Swing.1","Sonso",0.0769610411361284,0.0428507992895204,0.0475133214920071
"3477","100847","Action_14","Morph_29","ZD","Playcontinue","Grab","Grab.1","Sonso",0.148420005118273,0.00821492007104796,0.0353019538188277
"3478","100301","Action_60","Morph_127","ZD","Playcontinue","Swing","Swing.1","Sonso",0.215111379616945,0.0428507992895204,0.0475133214920071
"3479","100406b","Action_45","Morph_100","ZD","Play","Reach","Reach.1","Sonso",-0.44628710262842,0.0408525754884547,0.0801509769094138
"3480","101054","Action_9","Morph_20","ZD","Playcontinue","Dangleshake","DangleShake.1","Sonso",0.908258560176891,0.00710479573712256,0.00710479573712256
"3481","101968b","Action_34","Morph_68","ZD","Stopbehaviour","Objectshake","ObjectShake.4","Sonso",0.113328685307003,0.00288632326820604,0.108792184724689
"3482","100415","Action_20","Morph_49","ZD","Play","Hitother","HitOther.5","Sonso",0.0769610411361284,0.00599467140319716,0.0404085257548845
"3483","101482b","Action_32","Morph_60","ZD","Play","Objectmouth","ObjectMouth.1","Sonso",0.444685821261446,0.00466252220248668,0.00466252220248668
"3484","100401a","Action_57","Morph_115","ZD","Play","Stompobject","StompObject.1","Sonso",-0.174353387144778,0.0337477797513321,0.0424067495559503
"3485","100401a","Action_60","Morph_127","ZD","Play","Swing","Swing.1","Sonso",0.148420005118273,0.0428507992895204,0.0475133214920071
"3486","100410","Action_8","Morph_19","ZD","Play","Dangle","Dangle.1","Sonso",-0.510825623765991,0.0484014209591474,0.0484014209591474
"3487","100412","Action_9","Morph_20","ZD","Play","Dangleshake","DangleShake.1","Sonso",0.609765571620894,0.00710479573712256,0.00710479573712256
"3488","101825","Action_63","Morph_133","ZD","Moveaway","Touch","Touch.2","Sonso",0.418710334858185,0.00754884547069272,0.0341918294849023
"3489","100399","Action_9","Morph_20","ZD","Play","Dangleshake","DangleShake.1","Sonso",0.56531380905006,0.00710479573712256,0.00710479573712256
"3490","100412","Action_14","Morph_34","ZD","Play","Grab","Grab.6","Sonso",-0.579818495252942,0.00355239786856128,0.0353019538188277
"3491","101272a","Action_58","Morph_NA","ZD","Playcontinue","Stompother",NA,"Sonso",-0.579818495252942,0.0159857904085258,0.00377442273534636
"3492","100400a","Action_50","Morph_110","ZD","Playcontinue","Shake","Shake.4","Sonso",0.148420005118273,0.00399644760213144,0.0122113676731794
"3493","101272a","Action_58","Morph_NA","ZD","Playcontinue","Stompother",NA,"Sonso",-0.7339691750802,0.0159857904085258,0.00377442273534636
"3494","100412","Action_3","Morph_11","ZD","Play","Bite","Bite.3","Sonso",-0.653926467406664,0.00310834813499112,0.0168738898756661
"3495","100846","Action_41","Morph_85","ZD","Playcontinue","Pull","Pull.2","Sonso",-0.328504066972036,0.00643872113676732,0.0253108348134991
"3496","101968b","Action_55","Morph_116","ZD","Stopbehaviour","Stompingobject","StompObject.2","Sonso",-0.27443684570176,0.0148756660746004,0.0230905861456483
"3497","100272","Action_59","Morph_125","ZD","Giveme","Stroke","Stroke.2","Sonso",0.712949807856125,0.00155417406749556,0.00377442273534636
"3498","101420","Action_42","Morph_93","ZD","Position","Push","Push.6","Sonso",-0.653926467406664,0.0066607460035524,0.0466252220248668
"3499","100862","Action_2","Morph_5","ZD","Directattention","Bigloudscratch","BigLoudScratch.3","Sonso",0.246860077931526,0.0119893428063943,0.0577264653641208
"3500","101442","Action_38","Morph_76","ZD","Groom","Present","Present.2","Sonso",-0.0408219945202552,0.0135435168738899,0.0492895204262877
"3501","100118","Action_45","Morph_101","ZD","Giveme","Reach","Reach.2","Sonso",-0.385662480811985,0.0370781527531083,0.0801509769094138
"3502","100031","Action_38","Morph_75","ZD","Directattention","Present","Present.1","Sonso",0.27763173659828,0.0170959147424512,0.0492895204262877
"3503","101983","Action_2","Morph_4","ZD","Groom","Bigloudscratch","BigLoudScratch.2","Sonso",0.712949807856125,0.019316163410302,0.0577264653641208
"3504","101432","Action_38","Morph_79","ZD","Groom","Present","Present.5","Sonso",-0.27443684570176,0.00688277087033748,0.0492895204262877
"3505","101437a","Action_38","Morph_76","ZD","Groom","Present","Present.2","Sonso",-0.7339691750802,0.0135435168738899,0.0492895204262877
"3506","100117","Action_64","Morph_140","ZD","Giveme","Touchlongother","Touch.9","Sonso",0.806475865866949,0.00399644760213144,0.0175399644760213
"3507","101431","Action_2","Morph_3","ZD","Groom","Bigloudscratch","BigLoudScratch.1","Sonso",0.246860077931526,0.0215364120781528,0.0577264653641208
"3508","102255a","Action_38","Morph_76","ZD","Groom","Present","Present.2","Sonso",0.0392207131532813,0.0135435168738899,0.0492895204262877
"3509","101440a","Action_38","Morph_76","ZD","Groom","Present","Present.2","Sonso",-0.0408219945202552,0.0135435168738899,0.0492895204262877
"3510","102255a","Action_2","Morph_3","ZD","Groom","Bigloudscratch","BigLoudScratch.1","Sonso",0.494696241836107,0.0215364120781528,0.0577264653641208
"3511","101441","Action_38","Morph_76","ZD","Groom","Present","Present.2","Sonso",0.246860077931526,0.0135435168738899,0.0492895204262877
"3512","101313","Action_38","Morph_75","ZD","Groom","Present","Present.1","Sonso",0.751416088683921,0.0170959147424512,0.0492895204262877
"3513","101421","Action_38","Morph_76","ZD","Position","Present","Present.2","Sonso",-0.27443684570176,0.0135435168738899,0.0492895204262877
"3514","101315","Action_2","Morph_5","ZD","Groom","Bigloudscratch","BigLoudScratch.3","Sonso",0.444685821261446,0.0119893428063943,0.0577264653641208
"3515","101443","Action_38","Morph_78","ZD","Groom","Present","Present.4","Sonso",0.470003629245736,0.00288632326820604,0.0492895204262877
"3516","100018","Action_38","Morph_77","ZD","Directattention","Present","Present.3","Sonso",0.246860077931526,0.00466252220248668,0.0492895204262877
"3517","101307","Action_38","Morph_75","ZD","Groom","Present","Present.1","Sonso",0.364643113587909,0.0170959147424512,0.0492895204262877
"3518","101983","Action_38","Morph_76","ZD","Groom","Present","Present.2","Sonso",-0.27443684570176,0.0135435168738899,0.0492895204262877
"3519","102051","Action_2","Morph_3","ZD","Groom","Bigloudscratch","BigLoudScratch.1","Sonso",0.0392207131532813,0.0215364120781528,0.0577264653641208
"3520","101439","Action_42","Morph_92","ZD","Position","Push","Push.5","Sonso",-0.916290731874155,0.0066607460035524,0.0466252220248668
"3521","100117","Action_45","Morph_101","ZD","Giveme","Reach","Reach.2","Sonso",1.60140574073684,0.0370781527531083,0.0801509769094138
"3522","100862","Action_2","Morph_3","ZD","Directattention","Bigloudscratch","BigLoudScratch.1","Sonso",-0.328504066972036,0.0215364120781528,0.0577264653641208
"3523","100612","Action_2","Morph_6","ZD","Directattention","Bigloudscratch","BigLoudScratch.4","Sonso",-0.22314355131421,0.00421847246891652,0.0577264653641208
"3524","100862","Action_2","Morph_5","ZD","Directattention","Bigloudscratch","BigLoudScratch.3","Sonso",-0.0408219945202552,0.0119893428063943,0.0577264653641208
"3525","101438","Action_38","Morph_76","ZD","Groom","Present","Present.2","Sonso",-0.174353387144778,0.0135435168738899,0.0492895204262877
"3526","101114","Action_20","Morph_49","ZD","Play","Hitother","HitOther.5","Sonso",-0.083381608939051,0.00599467140319716,0.0404085257548845
"3527","101314","Action_38","Morph_78","ZD","Groom","Present","Present.4","Sonso",0.970778917158225,0.00288632326820604,0.0492895204262877
"3528","100907","Action_20","Morph_45","ZF","Moveaway","Hitother","HitOther.1","Sonso",-0.579818495252942,0.0202042628774423,0.0404085257548845
"3529","100907","Action_20","Morph_46","ZF","Moveaway","Hitother","HitOther.2","Sonso",-0.7339691750802,0.00932504440497336,0.0404085257548845
"3530","102276b","Action_2","Morph_4","ZF","Groom","Bigloudscratch","BigLoudScratch.2","Sonso",0.113328685307003,0.019316163410302,0.0577264653641208
"3531","102277","Action_2","Morph_5","ZF","Groom","Bigloudscratch","BigLoudScratch.3","Sonso",-0.083381608939051,0.0119893428063943,0.0577264653641208
"3532","102277","Action_2","Morph_3","ZF","Groom","Bigloudscratch","BigLoudScratch.1","Sonso",0.470003629245736,0.0215364120781528,0.0577264653641208
"3533","102280","Action_38","Morph_77","ZF","Groom","Present","Present.3","Sonso",0.418710334858185,0.00466252220248668,0.0492895204262877
"3534","102281b","Action_38","Morph_75","ZF","Directattention","Present","Present.1","Sonso",0.940007258491471,0.0170959147424512,0.0492895204262877
"3535","102280","Action_2","Morph_4","ZF","Groom","Bigloudscratch","BigLoudScratch.2","Sonso",0,0.019316163410302,0.0577264653641208
"3536","102274","Action_2","Morph_6","ZF","Directattention","Bigloudscratch","BigLoudScratch.4","Sonso",0.182321556793955,0.00421847246891652,0.0577264653641208
"3537","102203","Action_20","Morph_45","ZF","Stopbehaviour","Hitother","HitOther.1","Sonso",-0.22314355131421,0.0202042628774423,0.0404085257548845
"3538","102199a","Action_13","Morph_28","ZF","Moveaway","Fling","Fling.2","Sonso",-0.82098055206983,0.00488454706927176,0.0117673179396092
"3539","100269a","Action_11","Morph_23","ZF","Affiliation","Embrace","Embrace.2","Sonso",0,0.00199822380106572,0.005550621669627
"3540","100198","Action_13","Morph_28","ZF","Moveaway","Fling","Fling.2","Sonso",0.113328685307003,0.00488454706927176,0.0117673179396092
"3541","102189","Action_63","Morph_132","ZF","Stopbehaviour","Touch","Touch.1","Sonso",-0.916290731874155,0.0104351687388988,0.0341918294849023
"3542","100619","Action_42","Morph_91","ZF","Moveaway","Push","Push.4","Sonso",-0.916290731874155,0.00932504440497336,0.0466252220248668
"3543","102202","Action_17","Morph_39","ZF","Stopbehaviour","Hitobject","HitObject.1","Sonso",-0.27443684570176,0.0430728241563055,0.0559502664298401
"3544","102198b","Action_20","Morph_50","ZF","Stopbehaviour","Hitother","HitOther.6","Sonso",-0.916290731874155,0.00488454706927176,0.0404085257548845
"3545","102195b","Action_45","Morph_101","ZF","Stopbehaviour","Reach","Reach.2","Sonso",-0.7339691750802,0.0370781527531083,0.0801509769094138
"3546","100996b","Action_42","Morph_88","ZF","Stopbehaviour","Push","Push.1","Sonso",-0.579818495252942,0.0106571936056838,0.0466252220248668
"3547","101311","Action_2","Morph_4","ZF","Groom","Bigloudscratch","BigLoudScratch.2","Sonso",0.65232518603969,0.019316163410302,0.0577264653641208
"3548","101311","Action_38","Morph_76","ZF","Groom","Present","Present.2","Sonso",0.27763173659828,0.0135435168738899,0.0492895204262877
"3549","100996b","Action_13","Morph_27","ZF","Stopbehaviour","Fling","Fling.1","Sonso",-0.653926467406664,0.00688277087033748,0.0117673179396092
"3550","102198b","Action_20","Morph_50","ZF","Stopbehaviour","Hitother","HitOther.6","Sonso",-0.82098055206983,0.00488454706927176,0.0404085257548845
"3551","102198b","Action_13","Morph_28","ZF","Stopbehaviour","Fling","Fling.2","Sonso",-0.653926467406664,0.00488454706927176,0.0117673179396092
"3552","100996b","Action_42","Morph_93","ZF","Stopbehaviour","Push","Push.6","Sonso",-0.22314355131421,0.0066607460035524,0.0466252220248668
"3553","100893","Action_11","Morph_22","ZF","Affiliation","Embrace","Embrace.1","Sonso",-0.174353387144778,0.00288632326820604,0.005550621669627
"3554","100720","Action_2","Morph_3","ZF","Groom","Bigloudscratch","BigLoudScratch.1","Sonso",0.418710334858185,0.0215364120781528,0.0577264653641208
"3555","101080","Action_45","Morph_101","ZF","Giveme","Reach","Reach.2","Sonso",-1.13943428318836,0.0370781527531083,0.0801509769094138
"3556","101080","Action_45","Morph_101","ZF","Giveme","Reach","Reach.2","Sonso",0.494696241836107,0.0370781527531083,0.0801509769094138
"3557","100152","Action_2","Morph_4","ZF","Groom","Bigloudscratch","BigLoudScratch.2","Sonso",0.444685821261446,0.019316163410302,0.0577264653641208
"3558","100152","Action_3","Morph_14","ZF","Groom","Bite","Bite.6","Sonso",-0.653926467406664,0.00266429840142096,0.0168738898756661
"3559","100057","Action_2","Morph_6","ZF","Stopbehaviour","Bigloudscratch","BigLoudScratch.4","Sonso",0.215111379616945,0.00421847246891652,0.0577264653641208
"3560","100143b","Action_2","Morph_3","ZF","Groom","Bigloudscratch","BigLoudScratch.1","Sonso",0.364643113587909,0.0215364120781528,0.0577264653641208
"3561","100536b","Action_2","Morph_5","ZF","Groom","Bigloudscratch","BigLoudScratch.3","Sonso",0.246860077931526,0.0119893428063943,0.0577264653641208
"3562","100061","Action_38","Morph_75","ZF","Directattention","Present","Present.1","Sonso",0.806475865866949,0.0170959147424512,0.0492895204262877
"3563","101112","Action_11","Morph_22","ZF","Affiliation","Embrace","Embrace.1","Sonso",0.27763173659828,0.00288632326820604,0.005550621669627
"3564","101080","Action_45","Morph_101","ZF","Giveme","Reach","Reach.2","Sonso",-0.510825623765991,0.0370781527531083,0.0801509769094138
"3565","101080","Action_45","Morph_101","ZF","Giveme","Reach","Reach.2","Sonso",-0.27443684570176,0.0370781527531083,0.0801509769094138
"3566","101081a","Action_45","Morph_101","ZF","Giveme","Reach","Reach.2","Sonso",0,0.0370781527531083,0.0801509769094138
"3567","100396b","Action_11","Morph_22","ZF","Affiliation","Embrace","Embrace.1","Sonso",-0.82098055206983,0.00288632326820604,0.005550621669627
"3568","100062","Action_38","Morph_78","ZF","Directattention","Present","Present.4","Sonso",1.18784342239605,0.00288632326820604,0.0492895204262877
"3569","101080","Action_45","Morph_101","ZF","Giveme","Reach","Reach.2","Sonso",1.29198368164865,0.0370781527531083,0.0801509769094138
"3570","101080","Action_45","Morph_101","ZF","Giveme","Reach","Reach.2","Sonso",-0.916290731874155,0.0370781527531083,0.0801509769094138
"3571","100144a","Action_2","Morph_3","ZF","Groom","Bigloudscratch","BigLoudScratch.1","Sonso",0.631271776841858,0.0215364120781528,0.0577264653641208
"3572","100303a","Action_2","Morph_3","ZF","Groom","Bigloudscratch","BigLoudScratch.1","Sonso",-0.083381608939051,0.0215364120781528,0.0577264653641208
"3573","101085a","Action_39","Morph_83","ZF","Sociosexualattention","Presentgenitalsbackwards","PresentGenitals.2","Sonso",0.27763173659828,0.00577264653641208,0.033303730017762
"3574","100303a","Action_2","Morph_3","ZF","Groom","Bigloudscratch","BigLoudScratch.1","Sonso",-0.22314355131421,0.0215364120781528,0.0577264653641208
"3575","102023","Action_2","Morph_4","ZF","Directattention","Bigloudscratch","BigLoudScratch.2","Sonso",0.672944473242426,0.019316163410302,0.0577264653641208
"3576","101079","Action_45","Morph_101","ZF","Giveme","Reach","Reach.2","Sonso",0.494696241836107,0.0370781527531083,0.0801509769094138
"3577","101303","Action_63","Morph_132","ZF","Staysame","Touch","Touch.1","Sonso",-0.22314355131421,0.0104351687388988,0.0341918294849023
"3578","101080","Action_45","Morph_101","ZF","Giveme","Reach","Reach.2","Sonso",0.542324290825362,0.0370781527531083,0.0801509769094138
"3579","101080","Action_45","Morph_101","ZF","Giveme","Reach","Reach.2","Sonso",-0.385662480811985,0.0370781527531083,0.0801509769094138
"3580","102023","Action_38","Morph_76","ZF","Directattention","Present","Present.2","Sonso",0.444685821261446,0.0135435168738899,0.0492895204262877
"3581","101080","Action_45","Morph_101","ZF","Giveme","Reach","Reach.2","Sonso",-0.916290731874155,0.0370781527531083,0.0801509769094138
"3582","100995b","Action_42","Morph_91","ZF","Stopbehaviour","Push","Push.4","Sonso",-2.59026716544583,0.00932504440497336,0.0466252220248668
"3583","100618","Action_42","Morph_92","ZF","Moveaway","Push","Push.5","Sonso",-0.7339691750802,0.0066607460035524,0.0466252220248668
"3584","100857","Action_2","Morph_3","ZF","Groom","Bigloudscratch","BigLoudScratch.1","Sonso",0.0769610411361284,0.0215364120781528,0.0577264653641208
"3585","100857","Action_2","Morph_3","ZF","Groom","Bigloudscratch","BigLoudScratch.1","Sonso",0,0.0215364120781528,0.0577264653641208
"3586","100286b","Action_63","Morph_NA","ZF","Travel","Touch",NA,"Sonso",-1.27296567581289,0.0159857904085258,0.0341918294849023
"3587","100025a","Action_45","Morph_100","ZF","Affiliation","Reach","Reach.1","Sonso",-0.579818495252942,0.0408525754884547,0.0801509769094138
"3588","100025a","Action_11","Morph_25","ZF","Affiliation","Embrace","Embrace.4","Sonso",-0.510825623765991,0.00022202486678508,0.005550621669627
"3589","100125","Action_34","Morph_65","ZF","Moveaway","Objectshake","ObjectShake.1","Sonso",-0.0408219945202552,0.0746003552397869,0.108792184724689
"3590","101084b","Action_13","Morph_28","ZF","Stopbehaviour","Fling","Fling.2","Sonso",-0.44628710262842,0.00488454706927176,0.0117673179396092
"3591","101082b","Action_20","Morph_45","ZF","Stopbehaviour","Hitother","HitOther.1","Sonso",-0.579818495252942,0.0202042628774423,0.0404085257548845
"3592","102401","Action_43","Morph_96","ZF","Stopbehaviour","Raise","Raise.1","Sonso",-0.27443684570176,0.00865896980461812,0.0113232682060391
"3593","100546","Action_50","Morph_107","ZG","Play","Shake","Shake.1","Sonso",-0.385662480811985,0.00355239786856128,0.0122113676731794
"3594","100547","Action_6","Morph_18","ZG","Play","Bow","Bow.1","Sonso",-0.27443684570176,0.00177619893428064,0.00177619893428064
"3595","100547","Action_57","Morph_115","ZG","Play","Stompobject","StompObject.1","Sonso",-0.7339691750802,0.0337477797513321,0.0424067495559503
"3596","100553","Action_63","Morph_133","ZG","Play","Touch","Touch.2","Sonso",-0.328504066972036,0.00754884547069272,0.0341918294849023
"3597","100547","Action_50","Morph_110","ZG","Play","Shake","Shake.4","Sonso",0.27763173659828,0.00399644760213144,0.0122113676731794
"3598","100546","Action_34","Morph_68","ZG","Play","Objectshake","ObjectShake.4","Sonso",-0.083381608939051,0.00288632326820604,0.108792184724689
"3599","100546","Action_34","Morph_66","ZG","Play","Objectshake","ObjectShake.2","Sonso",-0.7339691750802,0.0237566607460036,0.108792184724689
"3600","100547","Action_16","Morph_38","ZG","Play","Headstand","HeadStand.1","Sonso",-0.82098055206983,0.0066607460035524,0.0066607460035524
"3601","100546","Action_17","Morph_40","ZG","Play","Hitobject","HitObject.2","Sonso",-0.083381608939051,0.0119893428063943,0.0559502664298401
"3602","100553","Action_64","Morph_133","ZG","Play","Touchlongother","Touch.2","Sonso",1.09861228866811,0.00754884547069272,0.0175399644760213
"3603","100546","Action_43","Morph_96","ZG","Play","Raise","Raise.1","Sonso",-0.0408219945202552,0.00865896980461812,0.0113232682060391
"3604","100546","Action_50","Morph_110","ZG","Play","Shake","Shake.4","Sonso",-0.22314355131421,0.00399644760213144,0.0122113676731794
"3605","100547","Action_6","Morph_18","ZG","Play","Bow","Bow.1","Sonso",-1.02165124753198,0.00177619893428064,0.00177619893428064
"3606","100547","Action_16","Morph_38","ZG","Play","Headstand","HeadStand.1","Sonso",-0.22314355131421,0.0066607460035524,0.0066607460035524
"3607","100546","Action_17","Morph_40","ZG","Play","Hitobject","HitObject.2","Sonso",-0.27443684570176,0.0119893428063943,0.0559502664298401
"3608","101060","Action_27","Morph_54","ZG","Sexualattention","Leafclip","LeafClip.1","Sonso",0.609765571620894,0.0044404973357016,0.00599467140319716
"3609","101671b","Action_63","Morph_136","ZG","Play","Touch","Touch.5","Sonso",-0.22314355131421,0.00421847246891652,0.0341918294849023
"3610","100528","Action_57","Morph_119","ZG","Play","Stompobject","StompObject.5","Sonso",0.392042087776024,0.00155417406749556,0.0424067495559503
"3611","100528","Action_34","Morph_65","ZG","Play","Objectshake","ObjectShake.1","Sonso",-0.0408219945202552,0.0746003552397869,0.108792184724689
"3612","100528","Action_19","Morph_39","ZG","Play","Hitobjectother","HitObject.1","Sonso",0.215111379616945,0.0430728241563055,0.00088809946714032
"3613","100450b","Action_33","Morph_61","ZG","Play","Objectmove","ObjectMove.1","Sonso",-0.22314355131421,0.0317495559502664,0.0406305506216696
"3614","100528","Action_60","Morph_127","ZG","Play","Swing","Swing.1","Sonso",-0.083381608939051,0.0428507992895204,0.0475133214920071
"3615","100527","Action_26","Morph_53","ZG","Play","Knockobject","KnockObject.1","Sonso",-0.510825623765991,0.00133214920071048,0.0011101243339254
"3616","100528","Action_20","Morph_45","ZG","Play","Hitother","HitOther.1","Sonso",-1.6094379124341,0.0202042628774423,0.0404085257548845
"3617","100528","Action_19","Morph_39","ZG","Play","Hitobjectother","HitObject.1","Sonso",0.364643113587909,0.0430728241563055,0.00088809946714032
"3618","101358","Action_14","Morph_33","ZG","Play","Grab","Grab.5","Sonso",-0.174353387144778,0.0033303730017762,0.0353019538188277
"3619","101358","Action_41","Morph_84","ZG","Play","Pull","Pull.1","Sonso",-0.328504066972036,0.00821492007104796,0.0253108348134991
"3620","102327b","Action_42","Morph_92","ZG","Stopbehaviour","Push","Push.5","Sonso",-1.83258146374831,0.0066607460035524,0.0466252220248668
"3621","101542","Action_60","Morph_127","ZG","Playcontinue","Swing","Swing.1","Sonso",0.215111379616945,0.0428507992895204,0.0475133214920071
"3622","101808","Action_21","Morph_43","ZG","Moveaway","Hittingobject","HitObject.5","Sonso",-0.44628710262842,0.0044404973357016,0.00799289520426288
"3623","101808","Action_34","Morph_65","ZG","Moveaway","Objectshake","ObjectShake.1","Sonso",0.364643113587909,0.0746003552397869,0.108792184724689
"3624","101808","Action_33","Morph_61","ZG","Moveaway","Objectmove","ObjectMove.1","Sonso",-0.328504066972036,0.0317495559502664,0.0406305506216696
"3625","100435","Action_60","Morph_127","ZG","Stopbehaviour","Swing","Swing.1","Sonso",0.0769610411361284,0.0428507992895204,0.0475133214920071
"3626","101817","Action_17","Morph_40","ZG","Moveaway","Hitobject","HitObject.2","Sonso",-0.174353387144778,0.0119893428063943,0.0559502664298401
"3627","101811","Action_64","Morph_133","ZG","Play","Touchlongother","Touch.2","Sonso",0.924258901523332,0.00754884547069272,0.0175399644760213
"3628","101813b","Action_63","Morph_139","ZG","Play","Touch","Touch.8","Sonso",-0.82098055206983,0.00577264653641208,0.0341918294849023
"3629","101510","Action_20","Morph_45","ZG","Playcontinue","Hitother","HitOther.1","Sonso",0.0392207131532813,0.0202042628774423,0.0404085257548845
"3630","100234a","Action_39","Morph_83","ZG","Affiliation","Presentgenitalsbackwards","PresentGenitals.2","Sonso",-0.916290731874155,0.00577264653641208,0.033303730017762
"3631","100436b","Action_57","Morph_115","ZG","Play","Stompobject","StompObject.1","Sonso",-0.510825623765991,0.0337477797513321,0.0424067495559503
"3632","100433","Action_33","Morph_61","ZG","Play","Objectmove","ObjectMove.1","Sonso",0.587786664902119,0.0317495559502664,0.0406305506216696
"3633","100906a","Action_17","Morph_39","ZG","Moveaway","Hitobject","HitObject.1","Sonso",-0.44628710262842,0.0430728241563055,0.0559502664298401
"3634","100395","Action_55","Morph_117","ZG","Play","Stompingobject","StompObject.3","Sonso",0.444685821261446,0.00688277087033748,0.0230905861456483
"3635","101804","Action_8","Morph_19","ZG","Play","Dangle","Dangle.1","Sonso",-0.127833371509885,0.0484014209591474,0.0484014209591474
"3636","101806","Action_3","Morph_9","ZG","Play","Bite","Bite.1","Sonso",-0.385662480811985,0.0044404973357016,0.0168738898756661
"3637","102491b","Action_60","Morph_127","ZG","Stopbehaviour","Swing","Swing.1","Sonso",-1.27296567581289,0.0428507992895204,0.0475133214920071
"3638","100866","Action_24","Morph_51","ZG","Moveaway","Jump","Jump.1","Sonso",0.0392207131532813,0.00732682060390764,0.00732682060390764
"3639","100866","Action_17","Morph_40","ZG","Moveaway","Hitobject","HitObject.2","Sonso",-0.22314355131421,0.0119893428063943,0.0559502664298401
"3640","100865","Action_17","Morph_40","ZG","Moveaway","Hitobject","HitObject.2","Sonso",-0.127833371509885,0.0119893428063943,0.0559502664298401
"3641","100153","Action_3","Morph_11","ZG","Staysame","Bite","Bite.3","Sonso",-0.579818495252942,0.00310834813499112,0.0168738898756661
"3642","100454","Action_20","Morph_45","ZG","Playcontinue","Hitother","HitOther.1","Sonso",-0.083381608939051,0.0202042628774423,0.0404085257548845
"3643","101072b","Action_57","Morph_118","ZG","Play","Stompobject","StompObject.4","Sonso",-0.916290731874155,0.005550621669627,0.0424067495559503
"3644","100424","Action_14","Morph_29","ZG","Playcontinue","Grab","Grab.1","Sonso",-0.579818495252942,0.00821492007104796,0.0353019538188277
"3645","100460","Action_17","Morph_40","ZG","Play","Hitobject","HitObject.2","Sonso",-0.44628710262842,0.0119893428063943,0.0559502664298401
"3646","100455a","Action_19","Morph_40","ZG","Playcontinue","Hitobjectother","HitObject.2","Sonso",-0.579818495252942,0.0119893428063943,0.00088809946714032
"3647","100453b","Action_42","Morph_93","ZG","Play","Push","Push.6","Sonso",-3.2188758248682,0.0066607460035524,0.0466252220248668
"3648","101952b","Action_57","Morph_115","ZG","Play","Stompobject","StompObject.1","Sonso",-0.44628710262842,0.0337477797513321,0.0424067495559503
"3649","100413","Action_3","Morph_11","ZG","Play","Bite","Bite.3","Sonso",-0.510825623765991,0.00310834813499112,0.0168738898756661
"3650","101072b","Action_33","Morph_61","ZG","Play","Objectmove","ObjectMove.1","Sonso",0.364643113587909,0.0317495559502664,0.0406305506216696
"3651","100418","Action_14","Morph_30","ZG","Play","Grab","Grab.2","Sonso",-0.44628710262842,0.00799289520426288,0.0353019538188277
"3652","100453b","Action_57","Morph_118","ZG","Play","Stompobject","StompObject.4","Sonso",-0.328504066972036,0.005550621669627,0.0424067495559503
"3653","100446a","Action_50","Morph_107","ZG","Play","Shake","Shake.1","Sonso",-0.174353387144778,0.00355239786856128,0.0122113676731794
"3654","100453b","Action_18","Morph_39","ZG","Play","Hitobjectobject","HitObject.1","Sonso",-0.0408219945202552,0.0430728241563055,0.00466252220248668
"3655","101084a","Action_45","Morph_101","ZG","Giveme","Reach","Reach.2","Sonso",-0.328504066972036,0.0370781527531083,0.0801509769094138
"3656","101084a","Action_45","Morph_101","ZG","Giveme","Reach","Reach.2","Sonso",0.78845736036427,0.0370781527531083,0.0801509769094138
"3657","101061","Action_14","Morph_30","ZG","Play","Grab","Grab.2","Sonso",-1.27296567581289,0.00799289520426288,0.0353019538188277
"3658","101061","Action_14","Morph_30","ZG","Play","Grab","Grab.2","Sonso",0.0392207131532813,0.00799289520426288,0.0353019538188277
"3659","101082a","Action_45","Morph_101","ZG","Giveme","Reach","Reach.2","Sonso",0.56531380905006,0.0370781527531083,0.0801509769094138
"3660","101084a","Action_45","Morph_101","ZG","Giveme","Reach","Reach.2","Sonso",0.542324290825362,0.0370781527531083,0.0801509769094138
"3661","101045b","Action_17","Morph_39","ZG","Play","Hitobject","HitObject.1","Sonso",-0.22314355131421,0.0430728241563055,0.0559502664298401
"3662","101507b","Action_8","Morph_19","ZG","Playcontinue","Dangle","Dangle.1","Sonso",0.518793793415168,0.0484014209591474,0.0484014209591474
"3663","101700","Action_42","Morph_91","ZG","Play","Push","Push.4","Sonso",-0.510825623765991,0.00932504440497336,0.0466252220248668
"3664","101507b","Action_17","Morph_39","ZG","Playcontinue","Hitobject","HitObject.1","Sonso",-0.82098055206983,0.0430728241563055,0.0559502664298401
"3665","101507b","Action_55","Morph_116","ZG","Playcontinue","Stompingobject","StompObject.2","Sonso",0.215111379616945,0.0148756660746004,0.0230905861456483
"3666","101361","Action_14","Morph_29","ZG","Play","Grab","Grab.1","Sonso",-0.510825623765991,0.00821492007104796,0.0353019538188277
"3667","102132b","Action_13","Morph_28","ZG","Stopbehaviour","Fling","Fling.2","Sonso",-0.7339691750802,0.00488454706927176,0.0117673179396092
"3668","101045b","Action_33","Morph_61","ZG","Play","Objectmove","ObjectMove.1","Sonso",-0.328504066972036,0.0317495559502664,0.0406305506216696
"3669","102133b","Action_20","Morph_46","ZG","Stopbehaviour","Hitother","HitOther.2","Sonso",-0.82098055206983,0.00932504440497336,0.0404085257548845
"3670","101045b","Action_33","Morph_61","ZG","Play","Objectmove","ObjectMove.1","Sonso",-0.174353387144778,0.0317495559502664,0.0406305506216696
"3671","101505","Action_60","Morph_127","ZG","Play","Swing","Swing.1","Sonso",-0.22314355131421,0.0428507992895204,0.0475133214920071
"3672","101361","Action_15","Morph_35","ZG","Play","Grabhold","GrabHold.1","Sonso",0.985816794522765,0.00932504440497336,0.0204262877442274
"3673","101699","Action_57","Morph_120","ZG","Moveclose","Stompobject","StompObject.6","Sonso",-0.22314355131421,0.00133214920071048,0.0424067495559503
"3674","101045b","Action_41","Morph_86","ZG","Play","Pull","Pull.3","Sonso",0,0.00510657193605684,0.0253108348134991
"3675","101361","Action_15","Morph_35","ZG","Play","Grabhold","GrabHold.1","Sonso",1.18784342239605,0.00932504440497336,0.0204262877442274
"3676","102132b","Action_13","Morph_28","ZG","Stopbehaviour","Fling","Fling.2","Sonso",-0.916290731874155,0.00488454706927176,0.0117673179396092
"3677","101045b","Action_33","Morph_61","ZG","Play","Objectmove","ObjectMove.1","Sonso",-0.328504066972036,0.0317495559502664,0.0406305506216696
"3678","101699","Action_57","Morph_115","ZG","Moveclose","Stompobject","StompObject.1","Sonso",0.148420005118273,0.0337477797513321,0.0424067495559503
"3679","101045a","Action_8","Morph_19","ZG","Play","Dangle","Dangle.1","Sonso",-0.7339691750802,0.0484014209591474,0.0484014209591474
"3680","101969","Action_42","Morph_91","ZG","Position","Push","Push.4","Sonso",-0.385662480811985,0.00932504440497336,0.0466252220248668
"3681","101970","Action_42","Morph_91","ZG","Position","Push","Push.4","Sonso",0.215111379616945,0.00932504440497336,0.0466252220248668
"3682","101971","Action_42","Morph_91","ZG","Position","Push","Push.4","Sonso",-0.174353387144778,0.00932504440497336,0.0466252220248668
"3683","101973","Action_42","Morph_91","ZG","Position","Push","Push.4","Sonso",-0.22314355131421,0.00932504440497336,0.0466252220248668
"3684","101972","Action_42","Morph_91","ZG","Position","Push","Push.4","Sonso",-0.083381608939051,0.00932504440497336,0.0466252220248668
"3685","100552","Action_55","Morph_116","ZK","Play","Stompingobject","StompObject.2","Sonso",0.841567185678219,0.0148756660746004,0.0230905861456483
"3686","100766a","Action_40","Morph_82","ZK","Sexualattention","Presentgenitalsforwards","PresentGenitals.1","Sonso",-0.385662480811985,0.0295293072824156,0.00199822380106572
"3687","100051","Action_53","Morph_113","ZK","Play","Spinsomersault","SpinSomersault.1","Sonso",0.392042087776024,0.00799289520426288,0.00799289520426288
"3688","100051","Action_17","Morph_39","ZK","Play","Hitobject","HitObject.1","Sonso",-0.916290731874155,0.0430728241563055,0.0559502664298401
"3689","100864","Action_51","Morph_111","ZK","Playcontinue","Spinpirouette","SpinPirouette.1","Sonso",0.27763173659828,0.00133214920071048,0.00133214920071048
"3690","101784a","Action_34","Morph_65","ZK","Play","Objectshake","ObjectShake.1","Sonso",0.27763173659828,0.0746003552397869,0.108792184724689
"3691","101782","Action_53","Morph_113","ZK","Play","Spinsomersault","SpinSomersault.1","Sonso",-0.27443684570176,0.00799289520426288,0.00799289520426288
"3692","101359","Action_14","Morph_30","ZK","Play","Grab","Grab.2","Sonso",-0.510825623765991,0.00799289520426288,0.0353019538188277
"3693","100758","Action_20","Morph_50","ZK","Playcontinue","Hitother","HitOther.6","Sonso",-0.22314355131421,0.00488454706927176,0.0404085257548845
"3694","101949","Action_41","Morph_84","ZK","Play","Pull","Pull.1","Sonso",-0.174353387144778,0.00821492007104796,0.0253108348134991
"3695","101967","Action_50","Morph_107","ZK","Play","Shake","Shake.1","Sonso",-0.579818495252942,0.00355239786856128,0.0122113676731794
"3696","101822","Action_16","Morph_38","ZK","Play","Headstand","HeadStand.1","Sonso",-0.0408219945202552,0.0066607460035524,0.0066607460035524
"3697","101348b","Action_57","Morph_115","ZK","Playcontinue","Stompobject","StompObject.1","Sonso",-0.127833371509885,0.0337477797513321,0.0424067495559503
"3698","101346","Action_55","Morph_117","ZK","Play","Stompingobject","StompObject.3","Sonso",0.246860077931526,0.00688277087033748,0.0230905861456483
"3699","101949","Action_20","Morph_45","ZK","Play","Hitother","HitOther.1","Sonso",-0.385662480811985,0.0202042628774423,0.0404085257548845
"3700","101346","Action_33","Morph_61","ZK","Play","Objectmove","ObjectMove.1","Sonso",1.12492959698548,0.0317495559502664,0.0406305506216696
"3701","102126","Action_41","Morph_85","ZK","Playcontinue","Pull","Pull.2","Sonso",0.824175442966349,0.00643872113676732,0.0253108348134991
"3702","100851","Action_60","Morph_127","ZK","Play","Swing","Swing.1","Sonso",0.113328685307003,0.0428507992895204,0.0475133214920071
"3703","102361","Action_60","Morph_127","ZK","Play","Swing","Swing.1","Sonso",0.0769610411361284,0.0428507992895204,0.0475133214920071
"3704","102258","Action_17","Morph_39","ZK","Playcontinue","Hitobject","HitObject.1","Sonso",-1.13943428318836,0.0430728241563055,0.0559502664298401
"3705","101943","Action_8","Morph_19","ZK","Playcontinue","Dangle","Dangle.1","Sonso",0.940007258491471,0.0484014209591474,0.0484014209591474
"3706","101946","Action_14","Morph_32","ZK","Play","Grab","Grab.4","Sonso",-0.579818495252942,0.00754884547069272,0.0353019538188277
"3707","101917","Action_8","Morph_19","ZK","Playcontinue","Dangle","Dangle.1","Sonso",0.113328685307003,0.0484014209591474,0.0484014209591474
"3708","101352a","Action_41","Morph_84","ZK","Play","Pull","Pull.1","Sonso",-0.385662480811985,0.00821492007104796,0.0253108348134991
"3709","102359","Action_52","Morph_112","ZK","Stopbehaviour","Spinroulade","SpinRoulade.1","Sonso",0.182321556793955,0.00488454706927176,0.00488454706927176
"3710","101548","Action_3","Morph_11","ZK","Play","Bite","Bite.3","Sonso",-0.328504066972036,0.00310834813499112,0.0168738898756661
"3711","101946","Action_3","Morph_9","ZK","Play","Bite","Bite.1","Sonso",-0.510825623765991,0.0044404973357016,0.0168738898756661
"3712","102313","Action_8","Morph_19","ZK","Play","Dangle","Dangle.1","Sonso",-0.22314355131421,0.0484014209591474,0.0484014209591474
"3713","101548","Action_20","Morph_46","ZK","Play","Hitother","HitOther.2","Sonso",-0.653926467406664,0.00932504440497336,0.0404085257548845
"3714","101352a","Action_57","Morph_115","ZK","Play","Stompobject","StompObject.1","Sonso",-0.44628710262842,0.0337477797513321,0.0424067495559503
"3715","101917","Action_8","Morph_19","ZK","Playcontinue","Dangle","Dangle.1","Sonso",-0.127833371509885,0.0484014209591474,0.0484014209591474
"3716","101499","Action_52","Morph_112","ZK","Stopbehaviour","Spinroulade","SpinRoulade.1","Sonso",0.113328685307003,0.00488454706927176,0.00488454706927176
"3717","101546","Action_20","Morph_46","ZK","Play","Hitother","HitOther.2","Sonso",-0.7339691750802,0.00932504440497336,0.0404085257548845
"3718","101917","Action_60","Morph_127","ZK","Playcontinue","Swing","Swing.1","Sonso",-0.127833371509885,0.0428507992895204,0.0475133214920071
"3719","100761","Action_48","Morph_104","ZK","Playcontinue","Rollover","RollOver.1","Sonso",0.751416088683921,0.00621669626998224,0.00621669626998224
"3720","101917","Action_50","Morph_108","ZK","Playcontinue","Shake","Shake.2","Sonso",0.307484699747961,0.00466252220248668,0.0122113676731794
"3721","101917","Action_14","Morph_34","ZK","Playcontinue","Grab","Grab.6","Sonso",-1.83258146374831,0.00355239786856128,0.0353019538188277
"3722","101539","Action_55","Morph_116","ZK","Play","Stompingobject","StompObject.2","Sonso",-0.44628710262842,0.0148756660746004,0.0230905861456483
"3723","101917","Action_20","Morph_49","ZK","Playcontinue","Hitother","HitOther.5","Sonso",-0.916290731874155,0.00599467140319716,0.0404085257548845
"3724","101546","Action_20","Morph_46","ZK","Play","Hitother","HitOther.2","Sonso",-0.7339691750802,0.00932504440497336,0.0404085257548845
"3725","102313","Action_14","Morph_29","ZK","Play","Grab","Grab.1","Sonso",-0.7339691750802,0.00821492007104796,0.0353019538188277
"3726","101917","Action_20","Morph_46","ZK","Playcontinue","Hitother","HitOther.2","Sonso",-0.7339691750802,0.00932504440497336,0.0404085257548845
"3727","102258","Action_17","Morph_39","ZK","Playcontinue","Hitobject","HitObject.1","Sonso",-1.27296567581289,0.0430728241563055,0.0559502664298401
"3728","101551","Action_20","Morph_46","ZK","Play","Hitother","HitOther.2","Sonso",-0.328504066972036,0.00932504440497336,0.0404085257548845
"3729","101351","Action_14","Morph_32","ZK","Play","Grab","Grab.4","Sonso",-0.510825623765991,0.00754884547069272,0.0353019538188277
"3730","101945","Action_65","Morph_NA","ZK","Playcontinue","Wave",NA,"Sonso",0.215111379616945,0.0159857904085258,0.00066607460035524
"3731","101352a","Action_20","Morph_46","ZK","Play","Hitother","HitOther.2","Sonso",-0.127833371509885,0.00932504440497336,0.0404085257548845
"3732","101950b","Action_17","Morph_39","ZK","Play","Hitobject","HitObject.1","Sonso",-0.82098055206983,0.0430728241563055,0.0559502664298401
"3733","102258","Action_55","Morph_116","ZK","Playcontinue","Stompingobject","StompObject.2","Sonso",-0.328504066972036,0.0148756660746004,0.0230905861456483
"3734","101946","Action_3","Morph_9","ZK","Play","Bite","Bite.1","Sonso",-0.916290731874155,0.0044404973357016,0.0168738898756661
"3735","101917","Action_3","Morph_9","ZK","Playcontinue","Bite","Bite.1","Sonso",-1.6094379124341,0.0044404973357016,0.0168738898756661
"3736","102358","Action_8","Morph_19","ZK","Play","Dangle","Dangle.1","Sonso",-1.13943428318836,0.0484014209591474,0.0484014209591474
"3737","101946","Action_15","Morph_37","ZK","Play","Grabhold","GrabHold.3","Sonso",1.52605630349505,0.00532859680284192,0.0204262877442274
"3738","101674","Action_60","Morph_127","ZK","Play","Swing","Swing.1","Sonso",0.246860077931526,0.0428507992895204,0.0475133214920071
"3739","101917","Action_60","Morph_127","ZK","Playcontinue","Swing","Swing.1","Sonso",-0.0408219945202552,0.0428507992895204,0.0475133214920071
"3740","102127","Action_55","Morph_117","ZK","Play","Stompingobject","StompObject.3","Sonso",0.0769610411361284,0.00688277087033748,0.0230905861456483
"3741","100545","Action_55","Morph_116","ZK","Play","Stompingobject","StompObject.2","Sonso",0.451075619360217,0.0148756660746004,0.0230905861456483
"3742","102127","Action_16","Morph_38","ZK","Play","Headstand","HeadStand.1","Sonso",-0.653926467406664,0.0066607460035524,0.0066607460035524
"3743","102338","Action_8","Morph_19","ZK","Play","Dangle","Dangle.1","Sonso",-0.44628710262842,0.0484014209591474,0.0484014209591474
"3744","102338","Action_14","Morph_30","ZK","Play","Grab","Grab.2","Sonso",-0.44628710262842,0.00799289520426288,0.0353019538188277
"3745","102318","Action_53","Morph_113","ZK","Stopbehaviour","Spinsomersault","SpinSomersault.1","Sonso",0.148420005118273,0.00799289520426288,0.00799289520426288
"3746","102338","Action_53","Morph_113","ZK","Play","Spinsomersault","SpinSomersault.1","Sonso",0.444685821261446,0.00799289520426288,0.00799289520426288
"3747","101802","Action_20","Morph_45","ZK","Playcontinue","Hitother","HitOther.1","Sonso",-0.653926467406664,0.0202042628774423,0.0404085257548845
"3748","101445","Action_17","Morph_39","ZK","Play","Hitobject","HitObject.1","Sonso",-1.13943428318836,0.0430728241563055,0.0559502664298401
"3749","102377","Action_14","Morph_32","ZK","Playcontinue","Grab","Grab.4","Sonso",-0.510825623765991,0.00754884547069272,0.0353019538188277
"3750","101800","Action_57","Morph_115","ZK","Play","Stompobject","StompObject.1","Sonso",-0.579818495252942,0.0337477797513321,0.0424067495559503
"3751","102376","Action_17","Morph_39","ZK","Playcontinue","Hitobject","HitObject.1","Sonso",-0.916290731874155,0.0430728241563055,0.0559502664298401
"3752","101800","Action_34","Morph_66","ZK","Play","Objectshake","ObjectShake.2","Sonso",1.02961941718116,0.0237566607460036,0.108792184724689
"3753","102377","Action_20","Morph_46","ZK","Playcontinue","Hitother","HitOther.2","Sonso",-0.510825623765991,0.00932504440497336,0.0404085257548845
"3754","100285b","Action_23","Morph_48","ZK","Moveaway","Hittingother","HitOther.4","Sonso",0.392042087776024,0.00732682060390764,0.0157637655417407
"3755","101579a","Action_20","Morph_46","ZK","Sexualattention","Hitother","HitOther.2","Sonso",-0.27443684570176,0.00932504440497336,0.0404085257548845
"3756","101362","Action_15","Morph_35","ZK","Play","Grabhold","GrabHold.1","Sonso",0.955511445027436,0.00932504440497336,0.0204262877442274
"3757","101508","Action_23","Morph_48","ZK","Play","Hittingother","HitOther.4","Sonso",0.392042087776024,0.00732682060390764,0.0157637655417407
"3758","101356","Action_23","Morph_48","ZK","Play","Hittingother","HitOther.4","Sonso",0.182321556793955,0.00732682060390764,0.0157637655417407
"3759","101508","Action_23","Morph_48","ZK","Play","Hittingother","HitOther.4","Sonso",0.182321556793955,0.00732682060390764,0.0157637655417407
"3760","101508","Action_3","Morph_9","ZK","Play","Bite","Bite.1","Sonso",-0.916290731874155,0.0044404973357016,0.0168738898756661
"3761","101508","Action_56","Morph_123","ZK","Play","Stompingother","StompOther.2","Sonso",0.182321556793955,0.00244227353463588,0.00266429840142096
"3762","101509","Action_58","Morph_122","ZK","Play","Stompother","StompOther.1","Sonso",-1.02165124753198,0.00244227353463588,0.00377442273534636
"3763","101509","Action_14","Morph_32","ZK","Play","Grab","Grab.4","Sonso",-1.13943428318836,0.00754884547069272,0.0353019538188277
"3764","101508","Action_23","Morph_48","ZK","Play","Hittingother","HitOther.4","Sonso",-0.27443684570176,0.00732682060390764,0.0157637655417407
"3765","101509","Action_20","Morph_46","ZK","Play","Hitother","HitOther.2","Sonso",-0.385662480811985,0.00932504440497336,0.0404085257548845
"3766","100268","Action_8","Morph_19","ZK","Play","Dangle","Dangle.1","Sonso",0.518793793415168,0.0484014209591474,0.0484014209591474
"3767","101509","Action_20","Morph_46","ZK","Play","Hitother","HitOther.2","Sonso",-0.0408219945202552,0.00932504440497336,0.0404085257548845
"3768","101356","Action_23","Morph_48","ZK","Play","Hittingother","HitOther.4","Sonso",-0.22314355131421,0.00732682060390764,0.0157637655417407
"3769","101509","Action_3","Morph_9","ZK","Play","Bite","Bite.1","Sonso",-2.12026353620009,0.0044404973357016,0.0168738898756661
"3770","101509","Action_56","Morph_123","ZK","Play","Stompingother","StompOther.2","Sonso",-0.7339691750802,0.00244227353463588,0.00266429840142096
"3771","101125","Action_53","Morph_113","ZK","Stopbehaviour","Spinsomersault","SpinSomersault.1","Sonso",0.518793793415168,0.00799289520426288,0.00799289520426288
"3772","101509","Action_20","Morph_46","ZK","Play","Hitother","HitOther.2","Sonso",-0.174353387144778,0.00932504440497336,0.0404085257548845
"3773","101509","Action_14","Morph_32","ZK","Play","Grab","Grab.4","Sonso",-0.82098055206983,0.00754884547069272,0.0353019538188277
"3774","100797a","Action_33","Morph_62","ZK","Sexualattention","Objectmove","ObjectMove.2","Sonso",0.609765571620894,0.00643872113676732,0.0406305506216696
"3775","100797a","Action_34","Morph_66","ZK","Sexualattention","Objectshake","ObjectShake.2","Sonso",0.392042087776024,0.0237566607460036,0.108792184724689
"3776","100797a","Action_34","Morph_66","ZK","Sexualattention","Objectshake","ObjectShake.2","Sonso",0.470003629245736,0.0237566607460036,0.108792184724689
"3777","101719a","Action_33","Morph_61","ZK","Sexualattention","Objectmove","ObjectMove.1","Sonso",0.693147180559945,0.0317495559502664,0.0406305506216696
"3778","102259","Action_38","Morph_79","ZK","Staysame","Present","Present.5","Sonso",-0.385662480811985,0.00688277087033748,0.0492895204262877
"3779","101718b","Action_39","Morph_83","ZK","Sociosexualattention","Presentgenitalsbackwards","PresentGenitals.2","Sonso",0.732367893713227,0.00577264653641208,0.033303730017762
"3780","100430","Action_60","Morph_127","ZK","Playcontinue","Swing","Swing.1","Sonso",0.392042087776024,0.0428507992895204,0.0475133214920071
"3781","100429b","Action_29","Morph_58","ZK","Play","Locomotegallop","LocomoteGallop.1","Sonso",-1.02165124753198,0.00821492007104796,0.00821492007104796
"3782","100431","Action_50","Morph_108","ZK","Play","Shake","Shake.2","Sonso",-1.13943428318836,0.00466252220248668,0.0122113676731794
"3783","100431","Action_9","Morph_20","ZK","Play","Dangleshake","DangleShake.1","Sonso",0.148420005118273,0.00710479573712256,0.00710479573712256
"3784","100430","Action_8","Morph_19","ZK","Playcontinue","Dangle","Dangle.1","Sonso",0.444685821261446,0.0484014209591474,0.0484014209591474
"3785","102490","Action_57","Morph_118","ZK","Play","Stompobject","StompObject.4","Sonso",-1.02165124753198,0.005550621669627,0.0424067495559503
"3786","100448","Action_3","Morph_14","ZK","Play","Bite","Bite.6","Sonso",-0.916290731874155,0.00266429840142096,0.0168738898756661
"3787","100448","Action_14","Morph_31","ZK","Play","Grab","Grab.3","Sonso",-0.510825623765991,0.00466252220248668,0.0353019538188277
"3788","102490","Action_17","Morph_39","ZK","Play","Hitobject","HitObject.1","Sonso",-0.579818495252942,0.0430728241563055,0.0559502664298401
"3789","102490","Action_17","Morph_39","ZK","Play","Hitobject","HitObject.1","Sonso",-0.82098055206983,0.0430728241563055,0.0559502664298401
"3790","102490","Action_34","Morph_66","ZK","Play","Objectshake","ObjectShake.2","Sonso",-0.0408219945202552,0.0237566607460036,0.108792184724689
"3791","101803","Action_52","Morph_112","ZK","Playcontinue","Spinroulade","SpinRoulade.1","Sonso",0.215111379616945,0.00488454706927176,0.00488454706927176
"3792","102490","Action_33","Morph_61","ZK","Play","Objectmove","ObjectMove.1","Sonso",-0.44628710262842,0.0317495559502664,0.0406305506216696
"3793","100045","Action_53","Morph_113","ZK","Stopbehaviour","Spinsomersault","SpinSomersault.1","Sonso",0.246860077931526,0.00799289520426288,0.00799289520426288
"3794","100448","Action_3","Morph_16","ZK","Play","Bite","Bite.8","Sonso",0.246860077931526,0.00288632326820604,0.0168738898756661
"3795","100448","Action_14","Morph_29","ZK","Play","Grab","Grab.1","Sonso",-0.7339691750802,0.00821492007104796,0.0353019538188277
"3796","100384","Action_29","Morph_58","ZK","Moveaway","Locomotegallop","LocomoteGallop.1","Sonso",-0.127833371509885,0.00821492007104796,0.00821492007104796
"3797","100384","Action_10","Morph_21","ZK","Moveaway","Drum","Drum.1","Sonso",-0.22314355131421,0.0033303730017762,0.0033303730017762
"3798","101951a","Action_60","Morph_127","ZK","Play","Swing","Swing.1","Sonso",-0.083381608939051,0.0428507992895204,0.0475133214920071
"3799","101117","Action_17","Morph_40","ZK","Play","Hitobject","HitObject.2","Sonso",-0.22314355131421,0.0119893428063943,0.0559502664298401
"3800","101951a","Action_8","Morph_19","ZK","Play","Dangle","Dangle.1","Sonso",-0.44628710262842,0.0484014209591474,0.0484014209591474
"3801","100059","Action_52","Morph_112","ZK","Stopbehaviour","Spinroulade","SpinRoulade.1","Sonso",1.33500106673234,0.00488454706927176,0.00488454706927176
"3802","100975","Action_45","Morph_101","ZK","Play","Reach","Reach.2","Sonso",0.246860077931526,0.0370781527531083,0.0801509769094138
"3803","102260","Action_8","Morph_19","ZK","Play","Dangle","Dangle.1","Sonso",0,0.0484014209591474,0.0484014209591474
"3804","102260","Action_55","Morph_116","ZK","Play","Stompingobject","StompObject.2","Sonso",-0.579818495252942,0.0148756660746004,0.0230905861456483
"3805","102260","Action_17","Morph_40","ZK","Play","Hitobject","HitObject.2","Sonso",-0.916290731874155,0.0119893428063943,0.0559502664298401
"3806","102260","Action_33","Morph_61","ZK","Play","Objectmove","ObjectMove.1","Sonso",-0.0408219945202552,0.0317495559502664,0.0406305506216696
"3807","102260","Action_29","Morph_58","ZK","Play","Locomotegallop","LocomoteGallop.1","Sonso",-1.13943428318836,0.00821492007104796,0.00821492007104796
"3808","100532","Action_20","Morph_45","ZK","Play","Hitother","HitOther.1","Sonso",-1.02165124753198,0.0202042628774423,0.0404085257548845
"3809","102266a","Action_8","Morph_19","ZK","Play","Dangle","Dangle.1","Sonso",-0.82098055206983,0.0484014209591474,0.0484014209591474
"3810","102404","Action_55","Morph_119","ZK","Playcontinue","Stompingobject","StompObject.5","Sonso",-0.653926467406664,0.00155417406749556,0.0230905861456483
"3811","100532","Action_14","Morph_32","ZK","Play","Grab","Grab.4","Sonso",-0.916290731874155,0.00754884547069272,0.0353019538188277
"3812","102267","Action_60","Morph_127","ZK","Playcontinue","Swing","Swing.1","Sonso",0.246860077931526,0.0428507992895204,0.0475133214920071
"3813","102267","Action_8","Morph_19","ZK","Playcontinue","Dangle","Dangle.1","Sonso",-0.510825623765991,0.0484014209591474,0.0484014209591474
"3814","101126","Action_14","Morph_30","ZK","Play","Grab","Grab.2","Sonso",-0.7339691750802,0.00799289520426288,0.0353019538188277
"3815","100071","Action_33","Morph_61","ZK","Moveaway","Objectmove","ObjectMove.1","Sonso",-0.22314355131421,0.0317495559502664,0.0406305506216696
"3816","101689","Action_23","Morph_47","ZK","Play","Hittingother","HitOther.3","Sonso",0.336472236621213,0.00843694493783304,0.0157637655417407
"3817","101478","Action_53","Morph_113","ZK","Stopbehaviour","Spinsomersault","SpinSomersault.1","Sonso",0.364643113587909,0.00799289520426288,0.00799289520426288
"3818","100849","Action_60","Morph_127","ZK","Play","Swing","Swing.1","Sonso",-0.22314355131421,0.0428507992895204,0.0475133214920071
"3819","100403","Action_10","Morph_21","ZK","Play","Drum","Drum.1","Sonso",0,0.0033303730017762,0.0033303730017762
"3820","101049","Action_20","Morph_49","ZK","Play","Hitother","HitOther.5","Sonso",-0.27443684570176,0.00599467140319716,0.0404085257548845
"3821","101483","Action_52","Morph_112","ZK","Stopbehaviour","Spinroulade","SpinRoulade.1","Sonso",0.148420005118273,0.00488454706927176,0.00488454706927176
"3822","100402a","Action_60","Morph_127","ZK","Play","Swing","Swing.1","Sonso",0.307484699747961,0.0428507992895204,0.0475133214920071
"3823","101272b","Action_33","Morph_62","ZK","Playcontinue","Objectmove","ObjectMove.2","Sonso",-0.82098055206983,0.00643872113676732,0.0406305506216696
"3824","100848","Action_8","Morph_19","ZK","Playcontinue","Dangle","Dangle.1","Sonso",-0.385662480811985,0.0484014209591474,0.0484014209591474
"3825","100403","Action_29","Morph_58","ZK","Play","Locomotegallop","LocomoteGallop.1","Sonso",-0.510825623765991,0.00821492007104796,0.00821492007104796
"3826","100401b","Action_14","Morph_32","ZK","Play","Grab","Grab.4","Sonso",0.0392207131532813,0.00754884547069272,0.0353019538188277
"3827","101968a","Action_43","Morph_96","ZK","Play","Raise","Raise.1","Sonso",-0.7339691750802,0.00865896980461812,0.0113232682060391
"3828","100402a","Action_55","Morph_117","ZK","Play","Stompingobject","StompObject.3","Sonso",0.631271776841858,0.00688277087033748,0.0230905861456483
"3829","100420a","Action_63","Morph_132","ZK","Play","Touch","Touch.1","Sonso",-0.328504066972036,0.0104351687388988,0.0341918294849023
"3830","102129","Action_20","Morph_45","ZK","Playcontinue","Hitother","HitOther.1","Sonso",-0.82098055206983,0.0202042628774423,0.0404085257548845
"3831","101481","Action_17","Morph_39","ZK","Play","Hitobject","HitObject.1","Sonso",-0.510825623765991,0.0430728241563055,0.0559502664298401
"3832","101048","Action_20","Morph_45","ZK","Play","Hitother","HitOther.1","Sonso",-0.510825623765991,0.0202042628774423,0.0404085257548845
"3833","101477","Action_60","Morph_127","ZK","Play","Swing","Swing.1","Sonso",0.392042087776024,0.0428507992895204,0.0475133214920071
"3834","102130","Action_8","Morph_19","ZK","Playcontinue","Dangle","Dangle.1","Sonso",-0.0408219945202552,0.0484014209591474,0.0484014209591474
"3835","100404","Action_8","Morph_19","ZK","Playcontinue","Dangle","Dangle.1","Sonso",0,0.0484014209591474,0.0484014209591474
"3836","101477","Action_17","Morph_39","ZK","Play","Hitobject","HitObject.1","Sonso",-1.6094379124341,0.0430728241563055,0.0559502664298401
"3837","101477","Action_8","Morph_19","ZK","Play","Dangle","Dangle.1","Sonso",0.113328685307003,0.0484014209591474,0.0484014209591474
"3838","101076","Action_41","Morph_84","ZK","Play","Pull","Pull.1","Sonso",0.113328685307003,0.00821492007104796,0.0253108348134991
"3839","101675","Action_20","Morph_45","ZK","Play","Hitother","HitOther.1","Sonso",-0.22314355131421,0.0202042628774423,0.0404085257548845
"3840","101482a","Action_50","Morph_107","ZK","Play","Shake","Shake.1","Sonso",0.27763173659828,0.00355239786856128,0.0122113676731794
"3841","101481","Action_29","Morph_58","ZK","Play","Locomotegallop","LocomoteGallop.1","Sonso",0.246860077931526,0.00821492007104796,0.00821492007104796
"3842","101481","Action_17","Morph_41","ZK","Play","Hitobject","HitObject.3","Sonso",-0.510825623765991,0.00510657193605684,0.0559502664298401
"3843","100400b","Action_41","Morph_85","ZK","Playcontinue","Pull","Pull.2","Sonso",-0.083381608939051,0.00643872113676732,0.0253108348134991
"3844","100420a","Action_14","Morph_29","ZK","Play","Grab","Grab.1","Sonso",-0.385662480811985,0.00821492007104796,0.0353019538188277
"3845","102130","Action_60","Morph_127","ZK","Playcontinue","Swing","Swing.1","Sonso",-0.0408219945202552,0.0428507992895204,0.0475133214920071
"3846","102128a","Action_55","Morph_116","ZK","Play","Stompingobject","StompObject.2","Sonso",-0.916290731874155,0.0148756660746004,0.0230905861456483
"3847","100791","Action_60","Morph_127","ZK","Play","Swing","Swing.1","Sonso",0.246860077931526,0.0428507992895204,0.0475133214920071
"3848","101968a","Action_17","Morph_40","ZK","Play","Hitobject","HitObject.2","Sonso",-0.127833371509885,0.0119893428063943,0.0559502664298401
"3849","100420a","Action_63","Morph_132","ZK","Play","Touch","Touch.1","Sonso",-0.510825623765991,0.0104351687388988,0.0341918294849023
"3850","102128a","Action_55","Morph_116","ZK","Play","Stompingobject","StompObject.2","Sonso",0,0.0148756660746004,0.0230905861456483
"3851","102129","Action_8","Morph_19","ZK","Playcontinue","Dangle","Dangle.1","Sonso",-0.44628710262842,0.0484014209591474,0.0484014209591474
"3852","101481","Action_17","Morph_39","ZK","Play","Hitobject","HitObject.1","Sonso",-1.13943428318836,0.0430728241563055,0.0559502664298401
"3853","101075","Action_17","Morph_39","ZK","Play","Hitobject","HitObject.1","Sonso",-0.44628710262842,0.0430728241563055,0.0559502664298401
"3854","100762","Action_29","Morph_58","ZK","Play","Locomotegallop","LocomoteGallop.1","Sonso",0,0.00821492007104796,0.00821492007104796
"3855","100542","Action_9","Morph_20","ZK","Playcontinue","Dangleshake","DangleShake.1","Sonso",0.712949807856125,0.00710479573712256,0.00710479573712256
"3856","100549p2","Action_8","Morph_19","ZK","Play","Dangle","Dangle.1","Sonso",-0.0408219945202552,0.0484014209591474,0.0484014209591474
"3857","100548","Action_8","Morph_19","ZK","Play","Dangle","Dangle.1","Sonso",-0.27443684570176,0.0484014209591474,0.0484014209591474
"3858","101046","Action_8","Morph_19","ZK","Play","Dangle","Dangle.1","Sonso",0.806475865866949,0.0484014209591474,0.0484014209591474
"3859","101653","Action_60","Morph_127","ZK","Playcontinue","Swing","Swing.1","Sonso",0.336472236621213,0.0428507992895204,0.0475133214920071
"3860","101047","Action_42","Morph_91","ZK","Play","Push","Push.4","Sonso",-1.27296567581289,0.00932504440497336,0.0466252220248668
"3861","101074","Action_16","Morph_38","ZK","Play","Headstand","HeadStand.1","Sonso",-0.579818495252942,0.0066607460035524,0.0066607460035524
"3862","100548","Action_63","Morph_133","ZK","Play","Touch","Touch.2","Sonso",-0.82098055206983,0.00754884547069272,0.0341918294849023
"3863","101047","Action_43","Morph_98","ZK","Play","Raise","Raise.3","Sonso",-0.579818495252942,0.00177619893428064,0.0113232682060391
"3864","101653","Action_60","Morph_127","ZK","Playcontinue","Swing","Swing.1","Sonso",0.182321556793955,0.0428507992895204,0.0475133214920071
"3865","101974","Action_2","Morph_5","ZK","Groom","Bigloudscratch","BigLoudScratch.3","Sonso",0.494696241836107,0.0119893428063943,0.0577264653641208
"3866","101038","Action_9","Morph_20","ZK","Play","Dangleshake","DangleShake.1","Sonso",0.56531380905006,0.00710479573712256,0.00710479573712256
"3867","100762","Action_52","Morph_112","ZK","Play","Spinroulade","SpinRoulade.1","Sonso",0.364643113587909,0.00488454706927176,0.00488454706927176
"3868","101974","Action_38","Morph_79","ZK","Groom","Present","Present.5","Sonso",0.955511445027436,0.00688277087033748,0.0492895204262877
"3869","101488","Action_17","Morph_39","ZK","Play","Hitobject","HitObject.1","Sonso",-0.653926467406664,0.0430728241563055,0.0559502664298401
"3870","100048","Action_33","Morph_63","ZK","Play","Objectmove","ObjectMove.3","Sonso",-0.44628710262842,0.0011101243339254,0.0406305506216696
"3871","101654","Action_20","Morph_46","ZK","Play","Hitother","HitOther.2","Sonso",-0.27443684570176,0.00932504440497336,0.0404085257548845
"3872","101654","Action_20","Morph_46","ZK","Play","Hitother","HitOther.2","Sonso",-0.82098055206983,0.00932504440497336,0.0404085257548845
"3873","101486","Action_60","Morph_127","ZK","Play","Swing","Swing.1","Sonso",0,0.0428507992895204,0.0475133214920071
"3874","102132a","Action_29","Morph_58","ZK","Play","Locomotegallop","LocomoteGallop.1","Sonso",0.148420005118273,0.00821492007104796,0.00821492007104796
"3875","101486","Action_60","Morph_127","ZK","Play","Swing","Swing.1","Sonso",0.148420005118273,0.0428507992895204,0.0475133214920071
"3876","101488","Action_17","Morph_39","ZK","Play","Hitobject","HitObject.1","Sonso",-0.27443684570176,0.0430728241563055,0.0559502664298401
"3877","101479","Action_60","Morph_127","ZK","Playcontinue","Swing","Swing.1","Sonso",-0.174353387144778,0.0428507992895204,0.0475133214920071
"3878","100549p2","Action_17","Morph_39","ZK","Play","Hitobject","HitObject.1","Sonso",-0.653926467406664,0.0430728241563055,0.0559502664298401
"3879","101958","Action_33","Morph_61","ZK","Play","Objectmove","ObjectMove.1","Sonso",-1.27296567581289,0.0317495559502664,0.0406305506216696
"3880","101507a","Action_55","Morph_116","ZK","Playcontinue","Stompingobject","StompObject.2","Sonso",-0.127833371509885,0.0148756660746004,0.0230905861456483
"3881","101653","Action_60","Morph_127","ZK","Playcontinue","Swing","Swing.1","Sonso",0.215111379616945,0.0428507992895204,0.0475133214920071
"3882","100549p1","Action_24","Morph_51","ZK","Play","Jump","Jump.1","Sonso",0.27763173659828,0.00732682060390764,0.00732682060390764
"3883","100373","Action_60","Morph_127","ZK","Play","Swing","Swing.1","Sonso",0.27763173659828,0.0428507992895204,0.0475133214920071
"3884","100762","Action_53","Morph_113","ZK","Play","Spinsomersault","SpinSomersault.1","Sonso",0.56531380905006,0.00799289520426288,0.00799289520426288
"3885","100549p1","Action_34","Morph_68","ZK","Play","Objectshake","ObjectShake.4","Sonso",0.494696241836107,0.00288632326820604,0.108792184724689
"3886","101488","Action_23","Morph_48","ZK","Play","Hittingother","HitOther.4","Sonso",0.0769610411361284,0.00732682060390764,0.0157637655417407
"3887","100048","Action_33","Morph_61","ZK","Play","Objectmove","ObjectMove.1","Sonso",-0.22314355131421,0.0317495559502664,0.0406305506216696
"3888","101044","Action_17","Morph_40","ZK","Play","Hitobject","HitObject.2","Sonso",-0.653926467406664,0.0119893428063943,0.0559502664298401
"3889","101677","Action_17","Morph_40","ZK","Play","Hitobject","HitObject.2","Sonso",-0.916290731874155,0.0119893428063943,0.0559502664298401
"3890","101677","Action_57","Morph_118","ZK","Play","Stompobject","StompObject.4","Sonso",-0.916290731874155,0.005550621669627,0.0424067495559503
"3891","101047","Action_43","Morph_98","ZK","Play","Raise","Raise.3","Sonso",-0.385662480811985,0.00177619893428064,0.0113232682060391
"3892","101958","Action_29","Morph_58","ZK","Play","Locomotegallop","LocomoteGallop.1","Sonso",-0.385662480811985,0.00821492007104796,0.00821492007104796
"3893","100049","Action_53","Morph_113","ZK","Stopbehaviour","Spinsomersault","SpinSomersault.1","Sonso",0.470003629245736,0.00799289520426288,0.00799289520426288
"3894","101486","Action_8","Morph_19","ZK","Play","Dangle","Dangle.1","Sonso",0.246860077931526,0.0484014209591474,0.0484014209591474
"3895","101783","Action_33","Morph_61","ZK","Play","Objectmove","ObjectMove.1","Sonso",-0.653926467406664,0.0317495559502664,0.0406305506216696
"3896","102111","Action_2","Morph_4","ZK","Groom","Bigloudscratch","BigLoudScratch.2","Sonso",0.418710334858185,0.019316163410302,0.0577264653641208
"3897","100398b","Action_9","Morph_20","ZK","Play","Dangleshake","DangleShake.1","Sonso",1.05779029414785,0.00710479573712256,0.00710479573712256
"3898","102111","Action_2","Morph_4","ZK","Groom","Bigloudscratch","BigLoudScratch.2","Sonso",0.470003629245736,0.019316163410302,0.0577264653641208
"3899","102116","Action_63","Morph_138","ZK","Affiliation","Touch","Touch.7","Sonso",-1.42711635564015,0.0044404973357016,0.0341918294849023
"3900","100419","Action_55","Morph_116","ZK","Play","Stompingobject","StompObject.2","Sonso",0.494696241836107,0.0148756660746004,0.0230905861456483
"3901","100419","Action_34","Morph_67","ZK","Play","Objectshake","ObjectShake.3","Sonso",0.336472236621213,0.0022202486678508,0.108792184724689
"3902","100398b","Action_57","Morph_115","ZK","Play","Stompobject","StompObject.1","Sonso",-0.653926467406664,0.0337477797513321,0.0424067495559503
"3903","102111","Action_38","Morph_79","ZK","Groom","Present","Present.5","Sonso",0.985816794522765,0.00688277087033748,0.0492895204262877
"3904","100398b","Action_8","Morph_19","ZK","Play","Dangle","Dangle.1","Sonso",0.0769610411361284,0.0484014209591474,0.0484014209591474
"3905","100398b","Action_50","Morph_108","ZK","Play","Shake","Shake.2","Sonso",0.693147180559945,0.00466252220248668,0.0122113676731794
"3906","102111","Action_2","Morph_6","ZK","Groom","Bigloudscratch","BigLoudScratch.4","Sonso",0.672944473242426,0.00421847246891652,0.0577264653641208
"3907","102326","Action_14","Morph_32","ZK","Playcontinue","Grab","Grab.4","Sonso",-0.7339691750802,0.00754884547069272,0.0353019538188277
"3908","102111","Action_2","Morph_4","ZK","Groom","Bigloudscratch","BigLoudScratch.2","Sonso",0.392042087776024,0.019316163410302,0.0577264653641208
"3909","102116","Action_45","Morph_100","ZK","Affiliation","Reach","Reach.1","Sonso",-0.174353387144778,0.0408525754884547,0.0801509769094138
"3910","100419","Action_57","Morph_115","ZK","Play","Stompobject","StompObject.1","Sonso",-0.083381608939051,0.0337477797513321,0.0424067495559503
"3911","100398b","Action_17","Morph_39","ZK","Play","Hitobject","HitObject.1","Sonso",-0.82098055206983,0.0430728241563055,0.0559502664298401
"3912","100419","Action_34","Morph_67","ZK","Play","Objectshake","ObjectShake.3","Sonso",0.215111379616945,0.0022202486678508,0.108792184724689
"3913","101913","Action_2","Morph_4","ZK","Directattention","Bigloudscratch","BigLoudScratch.2","Sonso",0.631271776841858,0.019316163410302,0.0577264653641208
"3914","102176","Action_2","Morph_3","ZK","Directattention","Bigloudscratch","BigLoudScratch.1","Sonso",0.56531380905006,0.0215364120781528,0.0577264653641208
"3915","101912","Action_38","Morph_77","ZK","Groom","Present","Present.3","Sonso",0.712949807856125,0.00466252220248668,0.0492895204262877
"3916","102182","Action_41","Morph_84","ZK","Groom","Pull","Pull.1","Sonso",-0.7339691750802,0.00821492007104796,0.0253108348134991
"3917","102181","Action_41","Morph_84","ZK","Groom","Pull","Pull.1","Sonso",0.307484699747961,0.00821492007104796,0.0253108348134991
"3918","102181","Action_41","Morph_84","ZK","Groom","Pull","Pull.1","Sonso",-0.510825623765991,0.00821492007104796,0.0253108348134991
"3919","101065","Action_63","Morph_133","ZK","Climbonyou","Touch","Touch.2","Sonso",0.0392207131532813,0.00754884547069272,0.0341918294849023
"3920","102182","Action_41","Morph_84","ZK","Groom","Pull","Pull.1","Sonso",-0.579818495252942,0.00821492007104796,0.0253108348134991
"3921","102182","Action_41","Morph_84","ZK","Groom","Pull","Pull.1","Sonso",-0.7339691750802,0.00821492007104796,0.0253108348134991
"3922","101785","Action_53","Morph_113","ZK","Play","Spinsomersault","SpinSomersault.1","Sonso",0.148420005118273,0.00799289520426288,0.00799289520426288
"3923","102177","Action_2","Morph_3","ZK","Directattention","Bigloudscratch","BigLoudScratch.1","Sonso",0.631271776841858,0.0215364120781528,0.0577264653641208
"3924","102181","Action_41","Morph_84","ZK","Groom","Pull","Pull.1","Sonso",-0.174353387144778,0.00821492007104796,0.0253108348134991
"3925","101656","Action_63","Morph_140","ZK","Givemenurse","Touch","Touch.9","Sonso",-1.02165124753198,0.00399644760213144,0.0341918294849023
"3926","101979","Action_41","Morph_84","ZK","Groom","Pull","Pull.1","Sonso",0.27763173659828,0.00821492007104796,0.0253108348134991
"3927","101912","Action_2","Morph_3","ZK","Groom","Bigloudscratch","BigLoudScratch.1","Sonso",0.392042087776024,0.0215364120781528,0.0577264653641208
"3928","102089","Action_2","Morph_5","ZK","Groom","Bigloudscratch","BigLoudScratch.3","Sonso",0.392042087776024,0.0119893428063943,0.0577264653641208
"3929","102181","Action_41","Morph_84","ZK","Groom","Pull","Pull.1","Sonso",-0.579818495252942,0.00821492007104796,0.0253108348134991
"3930","102177","Action_38","Morph_80","ZK","Directattention","Present","Present.6","Sonso",-1.13943428318836,0.00155417406749556,0.0492895204262877
"3931","102182","Action_2","Morph_5","ZK","Groom","Bigloudscratch","BigLoudScratch.3","Sonso",-0.174353387144778,0.0119893428063943,0.0577264653641208
"3932","101655","Action_63","Morph_140","ZK","Givemenurse","Touch","Touch.9","Sonso",-1.42711635564015,0.00399644760213144,0.0341918294849023
"3933","102177","Action_2","Morph_3","ZK","Directattention","Bigloudscratch","BigLoudScratch.1","Sonso",0.470003629245736,0.0215364120781528,0.0577264653641208
"3934","102182","Action_41","Morph_84","ZK","Groom","Pull","Pull.1","Sonso",-0.385662480811985,0.00821492007104796,0.0253108348134991
"3935","101921","Action_42","Morph_90","ZK","Position","Push","Push.3","Sonso",-0.653926467406664,0.00510657193605684,0.0466252220248668
"3936","102182","Action_38","Morph_NA","ZK","Groom","Present",NA,"Sonso",-1.42711635564015,0.0159857904085258,0.0492895204262877
"3937","102182","Action_41","Morph_84","ZK","Groom","Pull","Pull.1","Sonso",-0.510825623765991,0.00821492007104796,0.0253108348134991
"3938","101979","Action_38","Morph_76","ZK","Groom","Present","Present.2","Sonso",0.113328685307003,0.0135435168738899,0.0492895204262877
"3939","102088b","Action_2","Morph_4","ZK","Groom","Bigloudscratch","BigLoudScratch.2","Sonso",0.336472236621213,0.019316163410302,0.0577264653641208
"3940","101976","Action_38","Morph_75","ZK","Directattention","Present","Present.1","Sonso",0.89199803930511,0.0170959147424512,0.0492895204262877
"3941","101975","Action_2","Morph_6","ZK","Groom","Bigloudscratch","BigLoudScratch.4","Sonso",0.418710334858185,0.00421847246891652,0.0577264653641208
"3942","102181","Action_41","Morph_84","ZK","Groom","Pull","Pull.1","Sonso",-0.44628710262842,0.00821492007104796,0.0253108348134991
"3943","102090","Action_38","Morph_76","ZK","Directattention","Present","Present.2","Sonso",0.27763173659828,0.0135435168738899,0.0492895204262877
"3944","102182","Action_41","Morph_84","ZK","Groom","Pull","Pull.1","Sonso",-0.7339691750802,0.00821492007104796,0.0253108348134991
"3945","102270","Action_63","Morph_133","ZK","Affiliation","Touch","Touch.2","Sonso",-0.82098055206983,0.00754884547069272,0.0341918294849023
"3946","102181","Action_41","Morph_84","ZK","Groom","Pull","Pull.1","Sonso",-0.44628710262842,0.00821492007104796,0.0253108348134991
"3947","102182","Action_41","Morph_84","ZK","Groom","Pull","Pull.1","Sonso",-0.916290731874155,0.00821492007104796,0.0253108348134991
"3948","102182","Action_2","Morph_5","ZK","Groom","Bigloudscratch","BigLoudScratch.3","Sonso",0.182321556793955,0.0119893428063943,0.0577264653641208
"3949","102182","Action_41","Morph_84","ZK","Groom","Pull","Pull.1","Sonso",-0.579818495252942,0.00821492007104796,0.0253108348134991
"3950","102182","Action_41","Morph_84","ZK","Groom","Pull","Pull.1","Sonso",-1.13943428318836,0.00821492007104796,0.0253108348134991
"3951","102088b","Action_38","Morph_76","ZK","Groom","Present","Present.2","Sonso",0.246860077931526,0.0135435168738899,0.0492895204262877
"3952","102181","Action_41","Morph_84","ZK","Groom","Pull","Pull.1","Sonso",-0.653926467406664,0.00821492007104796,0.0253108348134991
"3953","102182","Action_41","Morph_84","ZK","Groom","Pull","Pull.1","Sonso",-0.7339691750802,0.00821492007104796,0.0253108348134991
"3954","102181","Action_2","Morph_3","ZK","Groom","Bigloudscratch","BigLoudScratch.1","Sonso",0.148420005118273,0.0215364120781528,0.0577264653641208
"3955","102177","Action_2","Morph_3","ZK","Directattention","Bigloudscratch","BigLoudScratch.1","Sonso",0.470003629245736,0.0215364120781528,0.0577264653641208
"3956","102181","Action_41","Morph_84","ZK","Groom","Pull","Pull.1","Sonso",-0.510825623765991,0.00821492007104796,0.0253108348134991
"3957","102182","Action_2","Morph_3","ZK","Groom","Bigloudscratch","BigLoudScratch.1","Sonso",0.364643113587909,0.0215364120781528,0.0577264653641208
"3958","101919","Action_42","Morph_92","ZK","Position","Push","Push.5","Sonso",-0.916290731874155,0.0066607460035524,0.0466252220248668
"3959","100155","Action_39","Morph_83","ZL","Staysame","Presentgenitalsbackwards","PresentGenitals.2","Sonso",0.148420005118273,0.00577264653641208,0.033303730017762
"3960","101073","Action_33","Morph_63","ZL","Play","Objectmove","ObjectMove.3","Sonso",0.609765571620894,0.0011101243339254,0.0406305506216696
"3961","101073","Action_20","Morph_45","ZL","Play","Hitother","HitOther.1","Sonso",-0.510825623765991,0.0202042628774423,0.0404085257548845
"3962","101073","Action_57","Morph_115","ZL","Play","Stompobject","StompObject.1","Sonso",-0.44628710262842,0.0337477797513321,0.0424067495559503
"3963","101069","Action_34","Morph_65","ZL","Play","Objectshake","ObjectShake.1","Sonso",0.27763173659828,0.0746003552397869,0.108792184724689
"3964","101069","Action_34","Morph_65","ZL","Play","Objectshake","ObjectShake.1","Sonso",0.215111379616945,0.0746003552397869,0.108792184724689
"3965","101069","Action_14","Morph_29","ZL","Play","Grab","Grab.1","Sonso",-0.510825623765991,0.00821492007104796,0.0353019538188277
"3966","100253a","Action_38","Morph_77","ZL","Directattention","Present","Present.3","Sonso",0.712949807856125,0.00466252220248668,0.0492895204262877
"3967","100252","Action_2","Morph_4","ZL","Groom","Bigloudscratch","BigLoudScratch.2","Sonso",0.336472236621213,0.019316163410302,0.0577264653641208
"3968","102220b","Action_2","Morph_3","ZL","Groom","Bigloudscratch","BigLoudScratch.1","Sonso",0.712949807856125,0.0215364120781528,0.0577264653641208
"3969","101052","Action_64","Morph_134","ZL","Play","Touchlongother","Touch.3","Sonso",1.3244189574018,0.00488454706927176,0.0175399644760213
"3970","101907","Action_45","Morph_101","ZL","Staysame","Reach","Reach.2","Sonso",-0.579818495252942,0.0370781527531083,0.0801509769094138
"3971","102219","Action_42","Morph_89","ZL","Position","Push","Push.2","Sonso",-0.44628710262842,0.00355239786856128,0.0466252220248668
"3972","101052","Action_64","Morph_134","ZL","Play","Touchlongother","Touch.3","Sonso",0.940007258491471,0.00488454706927176,0.0175399644760213
"3973","100100","Action_64","Morph_135","ZL","Stopbehaviour","Touchlongother","Touch.4","Sonso",-0.083381608939051,0.00488454706927176,0.0175399644760213
"3974","100962","Action_64","Morph_133","ZL","Play","Touchlongother","Touch.2","Sonso",0.89199803930511,0.00754884547069272,0.0175399644760213
"3975","100962","Action_3","Morph_14","ZL","Play","Bite","Bite.6","Sonso",-1.6094379124341,0.00266429840142096,0.0168738898756661
"3976","100443","Action_41","Morph_84","ZL","Play","Pull","Pull.1","Sonso",-0.82098055206983,0.00821492007104796,0.0253108348134991
"3977","100962","Action_3","Morph_11","ZL","Play","Bite","Bite.3","Sonso",-0.916290731874155,0.00310834813499112,0.0168738898756661
"3978","100441b","Action_15","Morph_NA","ZL","Play","Grabhold",NA,"Sonso",1.3244189574018,0.0159857904085258,0.0204262877442274
"3979","100318","Action_40","Morph_82","ZL","Sexualattention","Presentgenitalsforwards","PresentGenitals.1","Sonso",-0.083381608939051,0.0295293072824156,0.00199822380106572
"3980","101409","Action_63","Morph_136","ZL","Play","Touch","Touch.5","Sonso",-0.328504066972036,0.00421847246891652,0.0341918294849023
"3981","101409","Action_64","Morph_133","ZL","Play","Touchlongother","Touch.2","Sonso",0.751416088683921,0.00754884547069272,0.0175399644760213
"3982","101409","Action_23","Morph_47","ZL","Play","Hittingother","HitOther.3","Sonso",-0.27443684570176,0.00843694493783304,0.0157637655417407
"3983","101409","Action_64","Morph_133","ZL","Play","Touchlongother","Touch.2","Sonso",1.08518926833597,0.00754884547069272,0.0175399644760213
"3984","101409","Action_42","Morph_88","ZL","Play","Push","Push.1","Sonso",-0.916290731874155,0.0106571936056838,0.0466252220248668
"3985","100200","Action_34","Morph_65","ZL","Sexualattention","Objectshake","ObjectShake.1","Sonso",0.89199803930511,0.0746003552397869,0.108792184724689
"3986","100116a","Action_45","Morph_101","ZL","Affiliation","Reach","Reach.2","Sonso",-0.083381608939051,0.0370781527531083,0.0801509769094138
"3987","100205","Action_45","Morph_100","ZL","Sexualattention","Reach","Reach.1","Sonso",-0.22314355131421,0.0408525754884547,0.0801509769094138
"3988","101411","Action_3","Morph_14","ZL","Play","Bite","Bite.6","Sonso",-0.385662480811985,0.00266429840142096,0.0168738898756661
"3989","102343","Action_64","Morph_134","ZL","Affiliation","Touchlongother","Touch.3","Sonso",1.04380405217311,0.00488454706927176,0.0175399644760213
"3990","100019","Action_38","Morph_76","ZL","Directattention","Present","Present.2","Sonso",0.392042087776024,0.0135435168738899,0.0492895204262877
"3991","101098a","Action_45","Morph_100","ZL","Play","Reach","Reach.1","Sonso",0.307484699747961,0.0408525754884547,0.0801509769094138
"3992","102342b","Action_45","Morph_100","ZL","Play","Reach","Reach.1","Sonso",0,0.0408525754884547,0.0801509769094138
"3993","102113","Action_38","Morph_78","ZL","Directattention","Present","Present.4","Sonso",0.418710334858185,0.00288632326820604,0.0492895204262877
"3994","102114","Action_38","Morph_76","ZL","Directattention","Present","Present.2","Sonso",-0.328504066972036,0.0135435168738899,0.0492895204262877
"3995","102109","Action_38","Morph_75","ZL","Groom","Present","Present.1","Sonso",0.246860077931526,0.0170959147424512,0.0492895204262877
"3996","102360a","Action_20","Morph_45","ZL","Playcontinue","Hitother","HitOther.1","Sonso",-1.27296567581289,0.0202042628774423,0.0404085257548845
"3997","101506","Action_8","Morph_19","ZL","Play","Dangle","Dangle.1","Sonso",0.712949807856125,0.0484014209591474,0.0484014209591474
"3998","102360a","Action_20","Morph_45","ZL","Playcontinue","Hitother","HitOther.1","Sonso",-1.27296567581289,0.0202042628774423,0.0404085257548845
"3999","102047","Action_45","Morph_100","ZL","Staysame","Reach","Reach.1","Sonso",-0.22314355131421,0.0408525754884547,0.0801509769094138
"4000","100293","Action_63","Morph_135","ZL","Play","Touch","Touch.4","Sonso",-0.174353387144778,0.00488454706927176,0.0341918294849023
"4001","101410","Action_37","Morph_74","ZL","Play","Poke","Poke.1","Sonso",-0.579818495252942,0.00266429840142096,0.00266429840142096
"4002","101410","Action_15","Morph_35","ZL","Play","Grabhold","GrabHold.1","Sonso",0.955511445027436,0.00932504440497336,0.0204262877442274
"4003","101410","Action_37","Morph_74","ZL","Play","Poke","Poke.1","Sonso",-0.328504066972036,0.00266429840142096,0.00266429840142096
"4004","101435","Action_63","Morph_139","ZL","Play","Touch","Touch.8","Sonso",-0.44628710262842,0.00577264653641208,0.0341918294849023
"4005","101410","Action_14","Morph_29","ZL","Play","Grab","Grab.1","Sonso",-0.0408219945202552,0.00821492007104796,0.0353019538188277
"4006","101435","Action_63","Morph_139","ZL","Play","Touch","Touch.8","Sonso",-0.22314355131421,0.00577264653641208,0.0341918294849023
"4007","101101b","Action_63","Morph_133","ZL","Play","Touch","Touch.2","Sonso",-1.27296567581289,0.00754884547069272,0.0341918294849023
"4008","102050","Action_2","Morph_5","ZL","Groom","Bigloudscratch","BigLoudScratch.3","Sonso",0.392042087776024,0.0119893428063943,0.0577264653641208
"4009","102050","Action_2","Morph_3","ZL","Groom","Bigloudscratch","BigLoudScratch.1","Sonso",0.494696241836107,0.0215364120781528,0.0577264653641208
"4010","100094","Action_38","Morph_77","ZL","Directattention","Present","Present.3","Sonso",0.770108221696074,0.00466252220248668,0.0492895204262877
"4011","100092","Action_2","Morph_5","ZL","Groom","Bigloudscratch","BigLoudScratch.3","Sonso",0.392042087776024,0.0119893428063943,0.0577264653641208
"4012","100096","Action_38","Morph_76","ZL","Directattention","Present","Present.2","Sonso",0.182321556793955,0.0135435168738899,0.0492895204262877
"4013","101063","Action_39","Morph_83","ZL","Staysame","Presentgenitalsbackwards","PresentGenitals.2","Sonso",-0.27443684570176,0.00577264653641208,0.033303730017762
"4014","101436","Action_2","Morph_5","ZL","Groom","Bigloudscratch","BigLoudScratch.3","Sonso",0.418710334858185,0.0119893428063943,0.0577264653641208
"4015","102328","Action_2","Morph_5","ZL","Groom","Bigloudscratch","BigLoudScratch.3","Sonso",0.0392207131532813,0.0119893428063943,0.0577264653641208
"4016","101903","Action_38","Morph_81","ZL","Followme","Present","Present.7","Sonso",-0.916290731874155,0.00244227353463588,0.0492895204262877
"4017","101423","Action_17","Morph_39","ZL","Position","Hitobject","HitObject.1","Sonso",0,0.0430728241563055,0.0559502664298401
"4018","102253","Action_41","Morph_86","ZL","Position","Pull","Pull.3","Sonso",-0.385662480811985,0.00510657193605684,0.0253108348134991
"4019","102254","Action_2","Morph_5","ZL","Groom","Bigloudscratch","BigLoudScratch.3","Sonso",0.148420005118273,0.0119893428063943,0.0577264653641208
"4020","101306","Action_38","Morph_75","ZL","Directattention","Present","Present.1","Sonso",0.336472236621213,0.0170959147424512,0.0492895204262877
"4021","102218","Action_25","Morph_52","ZL","Moveaway","Kickpunch","KickPunch.1","Sonso",-0.579818495252942,0.0022202486678508,0.0022202486678508
"4022","102178","Action_42","Morph_93","ZL","Position","Push","Push.6","Sonso",-0.385662480811985,0.0066607460035524,0.0466252220248668
"4023","101417","Action_2","Morph_5","ZL","Directattention","Bigloudscratch","BigLoudScratch.3","Sonso",0.246860077931526,0.0119893428063943,0.0577264653641208
"4024","101305","Action_38","Morph_75","ZL","Directattention","Present","Present.1","Sonso",0.78845736036427,0.0170959147424512,0.0492895204262877
"4025","101964","Action_2","Morph_6","ZL","Groom","Bigloudscratch","BigLoudScratch.4","Sonso",0.494696241836107,0.00421847246891652,0.0577264653641208
"4026","101051","Action_64","Morph_133","ZL","Play","Touchlongother","Touch.2","Sonso",1.05779029414785,0.00754884547069272,0.0175399644760213
"4027","102255b","Action_2","Morph_5","ZL","Groom","Bigloudscratch","BigLoudScratch.3","Sonso",0.364643113587909,0.0119893428063943,0.0577264653641208
"4028","101437b","Action_42","Morph_90","ZL","Position","Push","Push.3","Sonso",-0.27443684570176,0.00510657193605684,0.0466252220248668
"4029","101422","Action_38","Morph_75","ZL","Groom","Present","Present.1","Sonso",0.732367893713227,0.0170959147424512,0.0492895204262877
"4030","101418","Action_38","Morph_76","ZL","Directattention","Present","Present.2","Sonso",0.0769610411361284,0.0135435168738899,0.0492895204262877
"4031","100417b","Action_15","Morph_36","ZL","Playcontinue","Grabhold","GrabHold.2","Sonso",0.924258901523332,0.005550621669627,0.0204262877442274
"4032","102218","Action_41","Morph_86","ZL","Moveaway","Pull","Pull.3","Sonso",-0.44628710262842,0.00510657193605684,0.0253108348134991
"4033","102328","Action_2","Morph_5","ZL","Groom","Bigloudscratch","BigLoudScratch.3","Sonso",0.444685821261446,0.0119893428063943,0.0577264653641208
"4034","101308","Action_38","Morph_75","ZL","Groom","Present","Present.1","Sonso",0.732367893713227,0.0170959147424512,0.0492895204262877
"4035","102255b","Action_2","Morph_3","ZL","Groom","Bigloudscratch","BigLoudScratch.1","Sonso",0.494696241836107,0.0215364120781528,0.0577264653641208
"4036","101898","Action_38","Morph_75","ZL","Groom","Present","Present.1","Sonso",0.56531380905006,0.0170959147424512,0.0492895204262877
"4037","101419","Action_38","Morph_80","ZL","Directattention","Present","Present.6","Sonso",0.148420005118273,0.00155417406749556,0.0492895204262877
"4038","101964","Action_2","Morph_3","ZL","Groom","Bigloudscratch","BigLoudScratch.1","Sonso",0.609765571620894,0.0215364120781528,0.0577264653641208
"4039","102257","Action_2","Morph_5","ZL","Directattention","Bigloudscratch","BigLoudScratch.3","Sonso",0.518793793415168,0.0119893428063943,0.0577264653641208
"4040","101440b","Action_2","Morph_4","ZL","Groom","Bigloudscratch","BigLoudScratch.2","Sonso",0.672944473242426,0.019316163410302,0.0577264653641208
"4041","101309","Action_45","Morph_101","ZL","Staysame","Reach","Reach.2","Sonso",-1.13943428318836,0.0370781527531083,0.0801509769094138
"4042","100414","Action_20","Morph_45","ZL","Play","Hitother","HitOther.1","Sonso",-0.328504066972036,0.0202042628774423,0.0404085257548845
"4043","100398a","Action_33","Morph_64","ZL","Play","Objectmove","ObjectMove.4","Sonso",0.940007258491471,0.00066607460035524,0.0406305506216696
"4044","100411","Action_14","Morph_31","ZL","Play","Grab","Grab.3","Sonso",-0.174353387144778,0.00466252220248668,0.0353019538188277
"4045","101637","Action_45","Morph_100","ZL","Sociosexualattention","Reach","Reach.1","Sonso",-0.653926467406664,0.0408525754884547,0.0801509769094138
"4046","100398a","Action_57","Morph_115","ZL","Play","Stompobject","StompObject.1","Sonso",-0.174353387144778,0.0337477797513321,0.0424067495559503
"4047","100422","Action_41","Morph_85","ZL","Play","Pull","Pull.2","Sonso",-0.510825623765991,0.00643872113676732,0.0253108348134991
"4048","100422","Action_41","Morph_85","ZL","Play","Pull","Pull.2","Sonso",-1.02165124753198,0.00643872113676732,0.0253108348134991
"4049","101959","Action_60","Morph_127","ZL","Play","Swing","Swing.1","Sonso",0.0769610411361284,0.0428507992895204,0.0475133214920071
"4050","100595b","Action_39","Morph_82","ZM","Sexualattention","Presentgenitalsbackwards","PresentGenitals.1","Sonso",0.470003629245736,0.0295293072824156,0.033303730017762
"4051","100050","Action_39","Morph_82","ZM","Sexualattention","Presentgenitalsbackwards","PresentGenitals.1","Sonso",0.246860077931526,0.0295293072824156,0.033303730017762
"4052","100013","Action_39","Morph_82","ZM","Sexualattention","Presentgenitalsbackwards","PresentGenitals.1","Sonso",-0.27443684570176,0.0295293072824156,0.033303730017762
"4053","101977","Action_38","Morph_78","ZM","Directattention","Present","Present.4","Sonso",-0.0408219945202552,0.00288632326820604,0.0492895204262877
"4054","101978","Action_42","Morph_92","ZM","Position","Push","Push.5","Sonso",0.27763173659828,0.0066607460035524,0.0466252220248668
"4055","101444","Action_2","Morph_3","ZM","Groom","Bigloudscratch","BigLoudScratch.1","Sonso",0.336472236621213,0.0215364120781528,0.0577264653641208
"4056","101933","Action_38","Morph_75","ZM","Directattention","Present","Present.1","Sonso",0.923861997370473,0.0170959147424512,0.0492895204262877
"4057","101920","Action_2","Morph_6","ZM","Directattention","Bigloudscratch","BigLoudScratch.4","Sonso",0.113328685307003,0.00421847246891652,0.0577264653641208
"4058","102088a","Action_38","Morph_76","ZM","Groom","Present","Present.2","Sonso",0.307484699747961,0.0135435168738899,0.0492895204262877
"4059","101062","Action_42","Morph_88","ZM","Travel","Push","Push.1","Sonso",-1.83258146374831,0.0106571936056838,0.0466252220248668
"4060","102088a","Action_2","Morph_5","ZM","Groom","Bigloudscratch","BigLoudScratch.3","Sonso",0.392042087776024,0.0119893428063943,0.0577264653641208
"4061","102107","Action_42","Morph_92","ZM","Position","Push","Push.5","Sonso",-1.02165124753198,0.0066607460035524,0.0466252220248668
"4062","102087","Action_42","Morph_92","ZM","Position","Push","Push.5","Sonso",-0.916290731874155,0.0066607460035524,0.0466252220248668
"4063","300631","Action_2","Morph_3","ABO","Groom","Bigloudscratch","BigLoudScratch.1","Waibira",0.346422567474381,0.0928057553956834,0.215827338129496
"4064","300631","Action_2","Morph_4","ABO","Groom","Bigloudscratch","BigLoudScratch.2","Waibira",0.110646520087064,0.0431654676258993,0.215827338129496
"4065","300550b","Action_2","Morph_3","ABO","Groom","Bigloudscratch","BigLoudScratch.1","Waibira",0.835514421846867,0.0928057553956834,0.215827338129496
"4066","300546b","Action_38","Morph_78","ABO","Groom","Present","Present.4","Waibira",0.199670195128568,0.0287769784172662,0.142446043165468
"4067","300549b","Action_2","Morph_6","ABO","Groom","Bigloudscratch","BigLoudScratch.4","Waibira",0.593879178901276,0.0201438848920863,0.215827338129496
"4068","300554b","Action_39","Morph_82","ABO","Sociosexualattention","Presentgenitalsbackwards","PresentGenitals.1","Waibira",-0.115410851511328,0.0474820143884892,0.0402877697841727
"4069","300549b","Action_38","Morph_78","ABO","Groom","Present","Present.4","Waibira",0.730924544893975,0.0287769784172662,0.142446043165468
"4070","300356","Action_45","Morph_100","ABO","Staysame","Reach","Reach.1","Waibira",1.21194097397511,0.0827338129496403,0.097841726618705
"4071","300482a","Action_38","Morph_NA","ABO","Groom","Present",NA,"Waibira",0.985443590562472,0.0359712230215827,0.142446043165468
"4072","300481a","Action_2","Morph_4","ABO","Groom","Bigloudscratch","BigLoudScratch.2","Waibira",0.712459491592318,0.0431654676258993,0.215827338129496
"4073","300091","Action_63","Morph_136","ABO","Sociosexualattention","Touch","Touch.5","Waibira",-0.435408984481236,0.00719424460431655,0.0669064748201439
"4074","300091","Action_64","Morph_135","ABO","Sociosexualattention","Touchlongother","Touch.4","Waibira",0.888302695333986,0.00935251798561151,0.0100719424460432
"4075","300023","Action_64","Morph_132","ABO","Affiliation","Touchlongother","Touch.1","Waibira",1.11350090116186,0.0179856115107914,0.0100719424460432
"4076","300023","Action_45","Morph_100","ABO","Affiliation","Reach","Reach.1","Waibira",-0.636766847123838,0.0827338129496403,0.097841726618705
"4077","300797b","Action_43","Morph_96","AIM","Givemenurse","Raise","Raise.1","Waibira",-0.285018955032297,0.0258992805755396,0.0316546762589928
"4078","300748","Action_14","Morph_29","AIM","Giveme","Grab","Grab.1","Waibira",0.1016536537265,0.00359712230215827,0.0107913669064748
"4079","300892a","Action_43","Morph_97","AIM","Affiliation","Raise","Raise.2","Waibira",0.107957141505092,0.00575539568345324,0.0316546762589928
"4080","300748","Action_14","Morph_29","AIM","Giveme","Grab","Grab.1","Waibira",0.206200830583898,0.00359712230215827,0.0107913669064748
"4081","300747","Action_41","Morph_84","AIM","Giveme","Pull","Pull.1","Waibira",1.05152068113426,0.0079136690647482,0.0280575539568345
"4082","300799","Action_60","Morph_127","AIM","Play","Swing","Swing.1","Waibira",-0.424647927524938,0.0165467625899281,0.0172661870503597
"4083","300799","Action_39","Morph_82","AIM","Play","Presentgenitalsbackwards","PresentGenitals.1","Waibira",1.30589742404786,0.0474820143884892,0.0402877697841727
"4084","300797a","Action_42","Morph_88","AKK","Takeobjectnurse","Push","Push.1","Waibira",0.189793571632656,0.0115107913669065,0.0359712230215827
"4085","300797a","Action_45","Morph_100","AKK","Takeobjectnurse","Reach","Reach.1","Waibira",-0.233193887167711,0.0827338129496403,0.097841726618705
"4086","300797a","Action_2","Morph_4","AKK","Takeobjectnurse","Bigloudscratch","BigLoudScratch.2","Waibira",0.492865298388998,0.0431654676258993,0.215827338129496
"4087","300797a","Action_1","Morph_2","AKK","Takeobjectnurse","Beckon","Beckon.2","Waibira",-1.18090753139494,0.00359712230215827,0.00575539568345324
"4088","300797a","Action_42","Morph_88","AKK","Takeobjectnurse","Push","Push.1","Waibira",-1.18744350237473,0.0115107913669065,0.0359712230215827
"4089","300798","Action_42","Morph_88","AKK","Takeobjectnurse","Push","Push.1","Waibira",-0.410980288796275,0.0115107913669065,0.0359712230215827
"4090","300797a","Action_42","Morph_88","AKK","Takeobjectnurse","Push","Push.1","Waibira",-0.199671195129068,0.0115107913669065,0.0359712230215827
"4091","300797a","Action_63","Morph_NA","AKK","Takeobjectnurse","Touch",NA,"Waibira",-0.303811454381665,0.0359712230215827,0.0669064748201439
"4092","300797a","Action_42","Morph_88","AKK","Takeobjectnurse","Push","Push.1","Waibira",-0.610645959048202,0.0115107913669065,0.0359712230215827
"4093","300798","Action_63","Morph_133","AKK","Takeobjectnurse","Touch","Touch.2","Waibira",-0.25618340539241,0.00863309352517986,0.0669064748201439
"4094","300797a","Action_42","Morph_88","AKK","Takeobjectnurse","Push","Push.1","Waibira",-0.213193220461042,0.0115107913669065,0.0359712230215827
"4095","300798","Action_42","Morph_88","AKK","Takeobjectnurse","Push","Push.1","Waibira",-0.29975465368605,0.0115107913669065,0.0359712230215827
"4096","300892b","Action_45","Morph_100","AKK","Affiliation","Reach","Reach.1","Waibira",-0.104250021373799,0.0827338129496403,0.097841726618705
"4097","300672","Action_41","Morph_85","AKK","Position","Pull","Pull.2","Waibira",0.494696241836107,0.0115107913669065,0.0280575539568345
"4098","300672","Action_2","Morph_4","AKK","Position","Bigloudscratch","BigLoudScratch.2","Waibira",0.541742726400712,0.0431654676258993,0.215827338129496
"4099","300670","Action_42","Morph_89","AKK","Position","Push","Push.2","Waibira",0.356274863917393,0.0115107913669065,0.0359712230215827
"4100","300095","Action_38","Morph_78","AKK","Directattention","Present","Present.4","Waibira",1.31237867816972,0.0287769784172662,0.142446043165468
"4101","300757","Action_38","Morph_80","ALF","Directattention","Present","Present.6","Waibira",0.316269529303694,0.00575539568345324,0.142446043165468
"4102","300593a","Action_2","Morph_5","ALF","Groom","Bigloudscratch","BigLoudScratch.3","Waibira",0.29266961396282,0.0424460431654676,0.215827338129496
"4103","300381","Action_3","Morph_12","ALF","Affiliation","Bite","Bite.4","Waibira",-1.6094379124341,0.00287769784172662,0.0115107913669065
"4104","300595","Action_38","Morph_78","ALF","Groom","Present","Present.4","Waibira",0.454889991435687,0.0287769784172662,0.142446043165468
"4105","300592b","Action_38","Morph_77","ALF","Groom","Present","Present.3","Waibira",0.342880232916543,0.041726618705036,0.142446043165468
"4106","300381","Action_3","Morph_12","ALF","Affiliation","Bite","Bite.4","Waibira",0.363948427905231,0.00287769784172662,0.0115107913669065
"4107","300054","Action_38","Morph_75","ALF","Groom","Present","Present.1","Waibira",1.31774781858478,0.0330935251798561,0.142446043165468
"4108","300056b","Action_38","Morph_77","ALF","Groom","Present","Present.3","Waibira",1.17062282464438,0.041726618705036,0.142446043165468
"4109","300059","Action_38","Morph_NA","ALF","Groom","Present",NA,"Waibira",1.23488990696066,0.0359712230215827,0.142446043165468
"4110","300055","Action_38","Morph_75","ALF","Groom","Present","Present.1","Waibira",1.34521191601866,0.0330935251798561,0.142446043165468
"4111","300352b","Action_2","Morph_NA","ALF","Groom","Bigloudscratch",NA,"Waibira",0.518793793415168,0.0359712230215827,0.215827338129496
"4112","300532","Action_38","Morph_75","ALF","Groom","Present","Present.1","Waibira",1.21372509576861,0.0330935251798561,0.142446043165468
"4113","300755","Action_38","Morph_78","ALF","Groom","Present","Present.4","Waibira",-0.283690051182243,0.0287769784172662,0.142446043165468
"4114","300758b","Action_38","Morph_75","ALF","Groom","Present","Present.1","Waibira",0.588897159186146,0.0330935251798561,0.142446043165468
"4115","300352b","Action_38","Morph_77","ALF","Groom","Present","Present.3","Waibira",0.27763173659828,0.041726618705036,0.142446043165468
"4116","300220b","Action_38","Morph_77","ALF","Directattention","Present","Present.3","Waibira",1.02101104264456,0.041726618705036,0.142446043165468
"4117","300176b","Action_60","Morph_127","ALF","Affiliation","Swing","Swing.1","Waibira",-0.923818998294947,0.0165467625899281,0.0172661870503597
"4118","300367","Action_2","Morph_5","ALF","Groom","Bigloudscratch","BigLoudScratch.3","Waibira",0.147557564357615,0.0424460431654676,0.215827338129496
"4119","300173a","Action_45","Morph_100","ALF","Affiliation","Reach","Reach.1","Waibira",-0.29975465368605,0.0827338129496403,0.097841726618705
"4120","300182a","Action_45","Morph_100","ALF","Sexualattention","Reach","Reach.1","Waibira",-0.572701027484078,0.0827338129496403,0.097841726618705
"4121","300182a","Action_43","Morph_96","ALF","Sexualattention","Raise","Raise.1","Waibira",-0.18152187662339,0.0258992805755396,0.0316546762589928
"4122","300174","Action_39","Morph_83","ALF","Affiliation","Presentgenitalsbackwards","PresentGenitals.2","Waibira",0.511625303936555,0.0107913669064748,0.0402877697841727
"4123","300509","Action_45","Morph_100","ALF","Affiliation","Reach","Reach.1","Waibira",0.455524307980901,0.0827338129496403,0.097841726618705
"4124","300881","Action_34","Morph_65","AND","Sexualattention","Objectshake","ObjectShake.1","Waibira",1.16876004857019,0.0158273381294964,0.0201438848920863
"4125","300881","Action_33","Morph_61","AND","Sexualattention","Objectmove","ObjectMove.1","Waibira",0.418710334858185,0.018705035971223,0.0194244604316547
"4126","300676b","Action_42","Morph_91","AND","Stopbehaviour","Push","Push.4","Waibira",-0.335472736288129,0.00143884892086331,0.0359712230215827
"4127","300839","Action_45","Morph_100","AND","Staysame","Reach","Reach.1","Waibira",-0.653926467406664,0.0827338129496403,0.097841726618705
"4128","300561a","Action_54","Morph_114","AND","Sexualattention","Stancebipedal","StanceBipedal.1","Waibira",-1.19732826160727,0.00359712230215827,0.00359712230215827
"4129","300671","Action_38","Morph_78","ARD","Groom","Present","Present.4","Waibira",-1.01887732064926,0.0287769784172662,0.142446043165468
"4130","300671","Action_2","Morph_6","ARD","Groom","Bigloudscratch","BigLoudScratch.4","Waibira",0.336472236621213,0.0201438848920863,0.215827338129496
"4131","300669","Action_38","Morph_75","ARD","Directattention","Present","Present.1","Waibira",0.755652385911342,0.0330935251798561,0.142446043165468
"4132","300159","Action_63","Morph_134","ARD","Affiliation","Touch","Touch.3","Waibira",-1.08767234862978,0.0115107913669065,0.0669064748201439
"4133","300270","Action_38","Morph_75","ARD","Directattention","Present","Present.1","Waibira",1.23547147138531,0.0330935251798561,0.142446043165468
"4134","300666b","Action_2","Morph_4","ARD","Groom","Bigloudscratch","BigLoudScratch.2","Waibira",0.518793793415168,0.0431654676258993,0.215827338129496
"4135","300770","Action_13","Morph_27","ARD","Moveaway","Fling","Fling.1","Waibira",-0.22314355131421,0.0165467625899281,0.0172661870503597
"4136","300022","Action_42","Morph_90","ARD","Position","Push","Push.3","Waibira",-0.556869562267398,0.00431654676258993,0.0359712230215827
"4137","300018","Action_2","Morph_3","ARD","Directattention","Bigloudscratch","BigLoudScratch.1","Waibira",0.758466646680588,0.0928057553956834,0.215827338129496
"4138","300018","Action_38","Morph_77","ARD","Directattention","Present","Present.3","Waibira",0.000999500333083423,0.041726618705036,0.142446043165468
"4139","300712","Action_2","Morph_6","ARU","Groom","Bigloudscratch","BigLoudScratch.4","Waibira",0.55790003115192,0.0201438848920863,0.215827338129496
"4140","300708","Action_2","Morph_5","ARU","Groom","Bigloudscratch","BigLoudScratch.3","Waibira",0.0344014267173323,0.0424460431654676,0.215827338129496
"4141","300708","Action_2","Morph_3","ARU","Groom","Bigloudscratch","BigLoudScratch.1","Waibira",0.410784269585764,0.0928057553956834,0.215827338129496
"4142","300564","Action_42","Morph_88","ARU","Takeobjectnurse","Push","Push.1","Waibira",-0.168418651624963,0.0115107913669065,0.0359712230215827
"4143","300564","Action_45","Morph_102","ARU","Takeobjectnurse","Reach","Reach.3","Waibira",0.297137231222536,0.00575539568345324,0.097841726618705
"4144","300710","Action_42","Morph_89","ARU","Position","Push","Push.2","Waibira",-0.655851395816248,0.0115107913669065,0.0359712230215827
"4145","300712","Action_38","Morph_78","ARU","Groom","Present","Present.4","Waibira",0.798407691217438,0.0287769784172662,0.142446043165468
"4146","300709a","Action_2","Morph_3","ARU","Groom","Bigloudscratch","BigLoudScratch.1","Waibira",0.358373500574314,0.0928057553956834,0.215827338129496
"4147","300709a","Action_2","Morph_5","ARU","Groom","Bigloudscratch","BigLoudScratch.3","Waibira",0.494696241836107,0.0424460431654676,0.215827338129496
"4148","300712","Action_2","Morph_5","ARU","Groom","Bigloudscratch","BigLoudScratch.3","Waibira",0.105260510657493,0.0424460431654676,0.215827338129496
"4149","300060","Action_38","Morph_76","ARU","Directattention","Present","Present.2","Waibira",0.508623200210791,0.0251798561151079,0.142446043165468
"4150","300702b","Action_39","Morph_82","ARU","Sexualattention","Presentgenitalsbackwards","PresentGenitals.1","Waibira",0.360467742177429,0.0474820143884892,0.0402877697841727
"4151","300702b","Action_39","Morph_82","ARU","Sexualattention","Presentgenitalsbackwards","PresentGenitals.1","Waibira",0.556754555654391,0.0474820143884892,0.0402877697841727
"4152","300684","Action_39","Morph_82","ARU","Sexualattention","Presentgenitalsbackwards","PresentGenitals.1","Waibira",0.538246219341983,0.0474820143884892,0.0402877697841727
"4153","300656b","Action_45","Morph_100","ARU","Affiliation","Reach","Reach.1","Waibira",0.41607528722018,0.0827338129496403,0.097841726618705
"4154","300711","Action_2","Morph_6","ASM","Directattention","Bigloudscratch","BigLoudScratch.4","Waibira",0.444044590075639,0.0201438848920863,0.215827338129496
"4155","300709b","Action_2","Morph_3","ASM","Groom","Bigloudscratch","BigLoudScratch.1","Waibira",0.0382587121170903,0.0928057553956834,0.215827338129496
"4156","300110","Action_43","Morph_96","ASM","Giveme","Raise","Raise.1","Waibira",-0.412489723045129,0.0258992805755396,0.0316546762589928
"4157","300711","Action_38","Morph_78","ASM","Directattention","Present","Present.4","Waibira",0.335042643811618,0.0287769784172662,0.142446043165468
"4158","300110","Action_45","Morph_100","ASM","Giveme","Reach","Reach.1","Waibira",0.0998453349697161,0.0827338129496403,0.097841726618705
"4159","300421a","Action_2","Morph_3","ATA","Directattention","Bigloudscratch","BigLoudScratch.1","Waibira",0.276873873735178,0.0928057553956834,0.215827338129496
"4160","300421a","Action_38","Morph_77","ATA","Directattention","Present","Present.3","Waibira",0.364643113587909,0.041726618705036,0.142446043165468
"4161","300421a","Action_2","Morph_5","ATA","Directattention","Bigloudscratch","BigLoudScratch.3","Waibira",0.182321556793955,0.0424460431654676,0.215827338129496
"4162","300406a","Action_45","Morph_100","ATA","Sociosexualattention","Reach","Reach.1","Waibira",0.0760346862759976,0.0827338129496403,0.097841726618705
"4163","300447b","Action_2","Morph_3","ATA","Groom","Bigloudscratch","BigLoudScratch.1","Waibira",0.268499253035007,0.0928057553956834,0.215827338129496
"4164","300478","Action_43","Morph_97","BH","Play","Raise","Raise.2","Waibira",-0.283690051182243,0.00575539568345324,0.0316546762589928
"4165","300382","Action_2","Morph_6","BH","Climbonme","Bigloudscratch","BigLoudScratch.4","Waibira",0.444685821261446,0.0201438848920863,0.215827338129496
"4166","300203b","Action_63","Morph_135","BH","Climbonme","Touch","Touch.4","Waibira",-1.3704210119636,0.00935251798561151,0.0669064748201439
"4167","300382","Action_17","Morph_41","BH","Climbonme","Hitobject","HitObject.3","Waibira",-0.350976922824095,0.00431654676258993,0.0482014388489209
"4168","300382","Action_43","Morph_97","BH","Climbonme","Raise","Raise.2","Waibira",-0.95711272639441,0.00575539568345324,0.0316546762589928
"4169","300188b","Action_63","Morph_140","BH","Affiliation","Touch","Touch.9","Waibira",0.314080546306312,0.00431654676258993,0.0669064748201439
"4170","300382","Action_2","Morph_3","BH","Climbonme","Bigloudscratch","BigLoudScratch.1","Waibira",0.0769610411361284,0.0928057553956834,0.215827338129496
"4171","300690b","Action_2","Morph_5","BH","Takeobjectnurse","Bigloudscratch","BigLoudScratch.3","Waibira",0.46436274935565,0.0424460431654676,0.215827338129496
"4172","300382","Action_63","Morph_137","BH","Climbonme","Touch","Touch.6","Waibira",-1.29462717259407,0.00647482014388489,0.0669064748201439
"4173","300686","Action_45","Morph_100","BH","Staysame","Reach","Reach.1","Waibira",-0.100925918589961,0.0827338129496403,0.097841726618705
"4174","300476b","Action_38","Morph_75","BH","Groom","Present","Present.1","Waibira",0.418710334858185,0.0330935251798561,0.142446043165468
"4175","300829","Action_60","Morph_127","BH","Moveaway","Swing","Swing.1","Waibira",0.0188217542405877,0.0165467625899281,0.0172661870503597
"4176","300315","Action_38","Morph_75","BH","Groom","Present","Present.1","Waibira",1.12428003541669,0.0330935251798561,0.142446043165468
"4177","300794","Action_45","Morph_100","BAR","Staysame","Reach","Reach.1","Waibira",-0.242071561199729,0.0827338129496403,0.097841726618705
"4178","300691","Action_60","Morph_127","BAR","Moveaway","Swing","Swing.1","Waibira",-0.127833371509885,0.0165467625899281,0.0172661870503597
"4179","300790a","Action_34","Morph_65","BEN","Sexualattention","Objectshake","ObjectShake.1","Waibira",-0.22314355131421,0.0158273381294964,0.0201438848920863
"4180","300790a","Action_40","Morph_82","BEN","Sexualattention","Presentgenitalsforwards","PresentGenitals.1","Waibira",-0.143870370419702,0.0474820143884892,0.0179856115107914
"4181","300290a","Action_45","Morph_100","BEN","Affiliation","Reach","Reach.1","Waibira",0.478095799143072,0.0827338129496403,0.097841726618705
"4182","300600","Action_38","Morph_75","BEN","Groom","Present","Present.1","Waibira",0.848011891120861,0.0330935251798561,0.142446043165468
"4183","300592a","Action_2","Morph_4","BEN","Groom","Bigloudscratch","BigLoudScratch.2","Waibira",0.486737828236901,0.0431654676258993,0.215827338129496
"4184","300594","Action_38","Morph_78","BEN","Directattention","Present","Present.4","Waibira",0.288181947493432,0.0287769784172662,0.142446043165468
"4185","300593b","Action_2","Morph_3","BEN","Groom","Bigloudscratch","BigLoudScratch.1","Waibira",0.392042087776024,0.0928057553956834,0.215827338129496
"4186","300601","Action_38","Morph_77","BEN","Groom","Present","Present.3","Waibira",-0.00601807232556302,0.041726618705036,0.142446043165468
"4187","300596","Action_2","Morph_3","BEN","Groom","Bigloudscratch","BigLoudScratch.1","Waibira",0.0544881852840698,0.0928057553956834,0.215827338129496
"4188","300614","Action_38","Morph_80","BEN","Directattention","Present","Present.6","Waibira",0.191446464570955,0.00575539568345324,0.142446043165468
"4189","300597","Action_2","Morph_4","BEN","Groom","Bigloudscratch","BigLoudScratch.2","Waibira",0.312618557741813,0.0431654676258993,0.215827338129496
"4190","300598","Action_2","Morph_3","BEN","Groom","Bigloudscratch","BigLoudScratch.1","Waibira",0.703097511413113,0.0928057553956834,0.215827338129496
"4191","300600","Action_2","Morph_5","BEN","Groom","Bigloudscratch","BigLoudScratch.3","Waibira",0.0769610411361284,0.0424460431654676,0.215827338129496
"4192","300601","Action_2","Morph_3","BEN","Groom","Bigloudscratch","BigLoudScratch.1","Waibira",0.222343231143441,0.0928057553956834,0.215827338129496
"4193","300599","Action_2","Morph_3","BEN","Groom","Bigloudscratch","BigLoudScratch.1","Waibira",0.360467742177429,0.0928057553956834,0.215827338129496
"4194","300599","Action_2","Morph_3","BEN","Groom","Bigloudscratch","BigLoudScratch.1","Waibira",0.625403528473426,0.0928057553956834,0.215827338129496
"4195","300008","Action_2","Morph_3","BEN","Directattention","Bigloudscratch","BigLoudScratch.1","Waibira",0.117783035656383,0.0928057553956834,0.215827338129496
"4196","300601","Action_2","Morph_3","BEN","Groom","Bigloudscratch","BigLoudScratch.1","Waibira",0.516410002059891,0.0928057553956834,0.215827338129496
"4197","300602","Action_2","Morph_6","BEN","Groom","Bigloudscratch","BigLoudScratch.4","Waibira",0.774266231844737,0.0201438848920863,0.215827338129496
"4198","300602","Action_38","Morph_78","BEN","Groom","Present","Present.4","Waibira",0.877134016672961,0.0287769784172662,0.142446043165468
"4199","300592a","Action_38","Morph_76","BEN","Groom","Present","Present.2","Waibira",0.0695260626486103,0.0251798561151079,0.142446043165468
"4200","300694","Action_17","Morph_39","BEN","Followme","Hitobject","HitObject.1","Waibira",-1.03845836584836,0.041726618705036,0.0482014388489209
"4201","300694","Action_17","Morph_39","BEN","Followme","Hitobject","HitObject.1","Waibira",-0.744440474947496,0.041726618705036,0.0482014388489209
"4202","300694","Action_57","Morph_115","BEN","Followme","Stompobject","StompObject.1","Waibira",-0.742337424750717,0.020863309352518,0.0258992805755396
"4203","300705","Action_57","Morph_115","BEN","Followme","Stompobject","StompObject.1","Waibira",-0.928869514081015,0.020863309352518,0.0258992805755396
"4204","300699","Action_57","Morph_115","BEN","Followme","Stompobject","StompObject.1","Waibira",-0.738144546490681,0.020863309352518,0.0258992805755396
"4205","300694","Action_17","Morph_39","BEN","Followme","Hitobject","HitObject.1","Waibira",-0.832409247893453,0.041726618705036,0.0482014388489209
"4206","300683","Action_17","Morph_39","BEN","Followme","Hitobject","HitObject.1","Waibira",-0.514164525031505,0.041726618705036,0.0482014388489209
"4207","300683","Action_2","Morph_5","BEN","Followme","Bigloudscratch","BigLoudScratch.3","Waibira",0.361164849211584,0.0424460431654676,0.215827338129496
"4208","300694","Action_17","Morph_39","BEN","Followme","Hitobject","HitObject.1","Waibira",-0.685179010910768,0.041726618705036,0.0482014388489209
"4209","300694","Action_17","Morph_39","BEN","Followme","Hitobject","HitObject.1","Waibira",-0.283690051182243,0.041726618705036,0.0482014388489209
"4210","300683","Action_33","Morph_61","BEN","Followme","Objectmove","ObjectMove.1","Waibira",-0.744440474947496,0.018705035971223,0.0194244604316547
"4211","300694","Action_57","Morph_119","BEN","Followme","Stompobject","StompObject.5","Waibira",-0.353821874956326,0.00431654676258993,0.0258992805755396
"4212","300705","Action_17","Morph_41","BEN","Followme","Hitobject","HitObject.3","Waibira",-0.748659890490204,0.00431654676258993,0.0482014388489209
"4213","300705","Action_31","Morph_59","BEN","Followme","Lunge","Lunge.1","Waibira",-0.454130280089445,0.00503597122302158,0.00503597122302158
"4214","300694","Action_17","Morph_40","BEN","Followme","Hitobject","HitObject.2","Waibira",-0.667479433811368,0.00359712230215827,0.0482014388489209
"4215","300694","Action_33","Morph_61","BEN","Followme","Objectmove","ObjectMove.1","Waibira",-0.454130280089445,0.018705035971223,0.0194244604316547
"4216","300694","Action_2","Morph_5","BEN","Followme","Bigloudscratch","BigLoudScratch.3","Waibira",0.313349819200359,0.0424460431654676,0.215827338129496
"4217","300683","Action_17","Morph_41","BEN","Followme","Hitobject","HitObject.3","Waibira",-0.174353387144778,0.00431654676258993,0.0482014388489209
"4218","300683","Action_2","Morph_5","BEN","Followme","Bigloudscratch","BigLoudScratch.3","Waibira",-0.0855578883616465,0.0424460431654676,0.215827338129496
"4219","300694","Action_2","Morph_4","BEN","Followme","Bigloudscratch","BigLoudScratch.2","Waibira",0.136277618292548,0.0431654676258993,0.215827338129496
"4220","300694","Action_2","Morph_3","BEN","Followme","Bigloudscratch","BigLoudScratch.1","Waibira",0.684610849537659,0.0928057553956834,0.215827338129496
"4221","300699","Action_2","Morph_3","BEN","Followme","Bigloudscratch","BigLoudScratch.1","Waibira",0.463104887554579,0.0928057553956834,0.215827338129496
"4222","300694","Action_17","Morph_39","BEN","Followme","Hitobject","HitObject.1","Waibira",-1.45243416362444,0.041726618705036,0.0482014388489209
"4223","300705","Action_57","Morph_115","BEN","Followme","Stompobject","StompObject.1","Waibira",-0.928869514081015,0.020863309352518,0.0258992805755396
"4224","300694","Action_17","Morph_39","BEN","Followme","Hitobject","HitObject.1","Waibira",-0.334075112021491,0.041726618705036,0.0482014388489209
"4225","300694","Action_17","Morph_39","BEN","Followme","Hitobject","HitObject.1","Waibira",-0.665532013526972,0.041726618705036,0.0482014388489209
"4226","300694","Action_17","Morph_39","BEN","Followme","Hitobject","HitObject.1","Waibira",-0.277071893339765,0.041726618705036,0.0482014388489209
"4227","300683","Action_17","Morph_42","BEN","Followme","Hitobject","HitObject.4","Waibira",-0.928869514081015,0.00431654676258993,0.0482014388489209
"4228","300694","Action_17","Morph_39","BEN","Followme","Hitobject","HitObject.1","Waibira",-0.823255865906966,0.041726618705036,0.0482014388489209
"4229","300694","Action_17","Morph_39","BEN","Followme","Hitobject","HitObject.1","Waibira",-0.827822083886547,0.041726618705036,0.0482014388489209
"4230","300694","Action_17","Morph_39","BEN","Followme","Hitobject","HitObject.1","Waibira",-0.825536368605691,0.041726618705036,0.0482014388489209
"4231","300694","Action_17","Morph_39","BEN","Followme","Hitobject","HitObject.1","Waibira",-0.388607991041741,0.041726618705036,0.0482014388489209
"4232","300683","Action_2","Morph_3","BEN","Followme","Bigloudscratch","BigLoudScratch.1","Waibira",0.410120919644358,0.0928057553956834,0.215827338129496
"4233","300683","Action_34","Morph_66","BEN","Followme","Objectshake","ObjectShake.2","Waibira",0.0769610411361284,0.00431654676258993,0.0201438848920863
"4234","300705","Action_2","Morph_3","BEN","Followme","Bigloudscratch","BigLoudScratch.1","Waibira",0.542324290825362,0.0928057553956834,0.215827338129496
"4235","300705","Action_57","Morph_115","BEN","Followme","Stompobject","StompObject.1","Waibira",-0.742337424750717,0.020863309352518,0.0258992805755396
"4236","300694","Action_17","Morph_39","BEN","Followme","Hitobject","HitObject.1","Waibira",-0.583396316600826,0.041726618705036,0.0482014388489209
"4237","300694","Action_17","Morph_39","BEN","Followme","Hitobject","HitObject.1","Waibira",-0.928869514081015,0.041726618705036,0.0482014388489209
"4238","300694","Action_17","Morph_39","BEN","Followme","Hitobject","HitObject.1","Waibira",-0.740238788093796,0.041726618705036,0.0482014388489209
"4239","300694","Action_57","Morph_115","BEN","Followme","Stompobject","StompObject.1","Waibira",-0.916290731874155,0.020863309352518,0.0258992805755396
"4240","300694","Action_2","Morph_3","BEN","Followme","Bigloudscratch","BigLoudScratch.1","Waibira",0.404130885095028,0.0928057553956834,0.215827338129496
"4241","300694","Action_57","Morph_115","BEN","Followme","Stompobject","StompObject.1","Waibira",-1.0300194972025,0.020863309352518,0.0258992805755396
"4242","300683","Action_17","Morph_39","BEN","Followme","Hitobject","HitObject.1","Waibira",-0.823255865906966,0.041726618705036,0.0482014388489209
"4243","300705","Action_17","Morph_39","BEN","Followme","Hitobject","HitObject.1","Waibira",-0.588787165235702,0.041726618705036,0.0482014388489209
"4244","300683","Action_34","Morph_65","BEN","Followme","Objectshake","ObjectShake.1","Waibira",-0.512493680866688,0.0158273381294964,0.0201438848920863
"4245","300705","Action_17","Morph_39","BEN","Followme","Hitobject","HitObject.1","Waibira",-0.514164525031505,0.041726618705036,0.0482014388489209
"4246","300683","Action_17","Morph_39","BEN","Followme","Hitobject","HitObject.1","Waibira",-1.61445045425764,0.041726618705036,0.0482014388489209
"4247","300694","Action_17","Morph_39","BEN","Followme","Hitobject","HitObject.1","Waibira",-0.834710744881732,0.041726618705036,0.0482014388489209
"4248","300705","Action_57","Morph_115","BEN","Followme","Stompobject","StompObject.1","Waibira",-0.657780036722654,0.020863309352518,0.0258992805755396
"4249","300694","Action_17","Morph_39","BEN","Followme","Hitobject","HitObject.1","Waibira",-0.832409247893453,0.041726618705036,0.0482014388489209
"4250","300705","Action_17","Morph_39","BEN","Followme","Hitobject","HitObject.1","Waibira",-0.460449416440924,0.041726618705036,0.0482014388489209
"4251","300699","Action_34","Morph_65","BEN","Followme","Objectshake","ObjectShake.1","Waibira",-0.675307262431614,0.0158273381294964,0.0201438848920863
"4252","300683","Action_17","Morph_39","BEN","Followme","Hitobject","HitObject.1","Waibira",-0.738144546490681,0.041726618705036,0.0482014388489209
"4253","300694","Action_31","Morph_59","BEN","Followme","Lunge","Lunge.1","Waibira",-1.43969513784701,0.00503597122302158,0.00503597122302158
"4254","300694","Action_33","Morph_61","BEN","Followme","Objectmove","ObjectMove.1","Waibira",-0.827822083886547,0.018705035971223,0.0194244604316547
"4255","300694","Action_17","Morph_39","BEN","Followme","Hitobject","HitObject.1","Waibira",-0.596020469829223,0.041726618705036,0.0482014388489209
"4256","300694","Action_17","Morph_39","BEN","Followme","Hitobject","HitObject.1","Waibira",-0.944175935363691,0.041726618705036,0.0482014388489209
"4257","300697","Action_17","Morph_39","BEN","Followme","Hitobject","HitObject.1","Waibira",-0.933945667112876,0.041726618705036,0.0482014388489209
"4258","300694","Action_17","Morph_39","BEN","Followme","Hitobject","HitObject.1","Waibira",-0.22314355131421,0.041726618705036,0.0482014388489209
"4259","300694","Action_17","Morph_39","BEN","Followme","Hitobject","HitObject.1","Waibira",-0.183922838160928,0.041726618705036,0.0482014388489209
"4260","300683","Action_2","Morph_4","BEN","Followme","Bigloudscratch","BigLoudScratch.2","Waibira",0.105260510657493,0.0431654676258993,0.215827338129496
"4261","300694","Action_17","Morph_39","BEN","Followme","Hitobject","HitObject.1","Waibira",-0.515838165589535,0.041726618705036,0.0482014388489209
"4262","300705","Action_57","Morph_115","BEN","Followme","Stompobject","StompObject.1","Waibira",-0.744440474947496,0.020863309352518,0.0258992805755396
"4263","300694","Action_57","Morph_115","BEN","Followme","Stompobject","StompObject.1","Waibira",-0.585190039054853,0.020863309352518,0.0258992805755396
"4264","300694","Action_17","Morph_39","BEN","Followme","Hitobject","HitObject.1","Waibira",-0.603306476560156,0.041726618705036,0.0482014388489209
"4265","300705","Action_57","Morph_115","BEN","Followme","Stompobject","StompObject.1","Waibira",-0.388607991041741,0.020863309352518,0.0258992805755396
"4266","300694","Action_2","Morph_4","BEN","Followme","Bigloudscratch","BigLoudScratch.2","Waibira",0.414094434806219,0.0431654676258993,0.215827338129496
"4267","300683","Action_2","Morph_3","BEN","Followme","Bigloudscratch","BigLoudScratch.1","Waibira",0.4421184257562,0.0928057553956834,0.215827338129496
"4268","300683","Action_17","Morph_39","BEN","Followme","Hitobject","HitObject.1","Waibira",-0.653926467406664,0.041726618705036,0.0482014388489209
"4269","300683","Action_17","Morph_39","BEN","Followme","Hitobject","HitObject.1","Waibira",-0.823255865906966,0.041726618705036,0.0482014388489209
"4270","300683","Action_17","Morph_39","BEN","Followme","Hitobject","HitObject.1","Waibira",-0.585190039054853,0.041726618705036,0.0482014388489209
"4271","300683","Action_33","Morph_61","BEN","Followme","Objectmove","ObjectMove.1","Waibira",-0.29035230100766,0.018705035971223,0.0194244604316547
"4272","300705","Action_57","Morph_115","BEN","Followme","Stompobject","StompObject.1","Waibira",-0.579818495252942,0.020863309352518,0.0258992805755396
"4273","300694","Action_17","Morph_42","BEN","Followme","Hitobject","HitObject.4","Waibira",-0.590590592234853,0.00431654676258993,0.0482014388489209
"4274","300694","Action_17","Morph_39","BEN","Followme","Hitobject","HitObject.1","Waibira",-0.460449416440924,0.041726618705036,0.0482014388489209
"4275","300705","Action_2","Morph_3","BEN","Followme","Bigloudscratch","BigLoudScratch.1","Waibira",0.486737828236901,0.0928057553956834,0.215827338129496
"4276","300694","Action_2","Morph_4","BEN","Followme","Bigloudscratch","BigLoudScratch.2","Waibira",0.246860077931526,0.0431654676258993,0.215827338129496
"4277","300694","Action_17","Morph_39","BEN","Followme","Hitobject","HitObject.1","Waibira",-0.653926467406664,0.041726618705036,0.0482014388489209
"4278","300699","Action_61","Morph_130","BEN","Followme","Throwobject","ThrowObject.1","Waibira",-1.02165124753198,0.00503597122302158,0.00503597122302158
"4279","300308","Action_45","Morph_101","BEN","Affiliation","Reach","Reach.2","Waibira",-0.385662480811985,0.00863309352517986,0.097841726618705
"4280","300613","Action_17","Morph_39","BEN","Groom","Hitobject","HitObject.1","Waibira",-0.544727175441672,0.041726618705036,0.0482014388489209
"4281","300610","Action_2","Morph_6","BEN","Groom","Bigloudscratch","BigLoudScratch.4","Waibira",0.662172376260515,0.0201438848920863,0.215827338129496
"4282","300613","Action_57","Morph_115","BEN","Groom","Stompobject","StompObject.1","Waibira",-1.6094379124341,0.020863309352518,0.0258992805755396
"4283","300611b","Action_2","Morph_5","BEN","Groom","Bigloudscratch","BigLoudScratch.3","Waibira",0.513422249613257,0.0424460431654676,0.215827338129496
"4284","300610","Action_38","Morph_78","BEN","Groom","Present","Present.4","Waibira",0.111541374732908,0.0287769784172662,0.142446043165468
"4285","300613","Action_2","Morph_3","BEN","Groom","Bigloudscratch","BigLoudScratch.1","Waibira",0.287432041196572,0.0928057553956834,0.215827338129496
"4286","300612a","Action_2","Morph_3","BEN","Affiliation","Bigloudscratch","BigLoudScratch.1","Waibira",0.483659955693221,0.0928057553956834,0.215827338129496
"4287","300612a","Action_2","Morph_6","BEN","Affiliation","Bigloudscratch","BigLoudScratch.4","Waibira",0.378436435720245,0.0201438848920863,0.215827338129496
"4288","300030","Action_38","Morph_77","BEN","Directattention","Present","Present.3","Waibira",1.25304864197253,0.041726618705036,0.142446043165468
"4289","300030","Action_2","Morph_3","BEN","Directattention","Bigloudscratch","BigLoudScratch.1","Waibira",0.568717102181768,0.0928057553956834,0.215827338129496
"4290","300401","Action_38","Morph_76","BEN","Directattention","Present","Present.2","Waibira",0.788002711572624,0.0251798561151079,0.142446043165468
"4291","300411","Action_38","Morph_77","BEN","Groom","Present","Present.3","Waibira",0.418710334858185,0.041726618705036,0.142446043165468
"4292","300411","Action_2","Morph_3","BEN","Groom","Bigloudscratch","BigLoudScratch.1","Waibira",0.364643113587909,0.0928057553956834,0.215827338129496
"4293","300410","Action_38","Morph_75","BEN","Directattention","Present","Present.1","Waibira",0.953201085894252,0.0330935251798561,0.142446043165468
"4294","300189b","Action_43","Morph_96","BEN","Directattention","Raise","Raise.1","Waibira",0.285930539412975,0.0258992805755396,0.0316546762589928
"4295","300189b","Action_38","Morph_78","BEN","Directattention","Present","Present.4","Waibira",1.49470023496368,0.0287769784172662,0.142446043165468
"4296","300329","Action_38","Morph_76","BEN","Groom","Present","Present.2","Waibira",1.0756847840244,0.0251798561151079,0.142446043165468
"4297","300425","Action_2","Morph_5","BEN","Groom","Bigloudscratch","BigLoudScratch.3","Waibira",0.27763173659828,0.0424460431654676,0.215827338129496
"4298","300261a","Action_63","Morph_132","BEN","Affiliation","Touch","Touch.1","Waibira",0,0.0179856115107914,0.0669064748201439
"4299","300443b","Action_38","Morph_75","BEN","Groom","Present","Present.1","Waibira",0.609221945622184,0.0330935251798561,0.142446043165468
"4300","300520","Action_38","Morph_77","BEN","Groom","Present","Present.3","Waibira",0.137149838147234,0.041726618705036,0.142446043165468
"4301","300738","Action_38","Morph_81","BEN","Groom","Present","Present.7","Waibira",0.712949807856125,0.000719424460431655,0.142446043165468
"4302","300520","Action_38","Morph_77","BEN","Groom","Present","Present.3","Waibira",0.0227394869694893,0.041726618705036,0.142446043165468
"4303","300739","Action_38","Morph_77","BEN","Groom","Present","Present.3","Waibira",0.520577915208669,0.041726618705036,0.142446043165468
"4304","300739","Action_2","Morph_7","BEN","Groom","Bigloudscratch","BigLoudScratch.5","Waibira",0.364643113587909,0.00647482014388489,0.215827338129496
"4305","300739","Action_2","Morph_3","BEN","Groom","Bigloudscratch","BigLoudScratch.1","Waibira",0.744315467134345,0.0928057553956834,0.215827338129496
"4306","300740","Action_38","Morph_76","BEN","Groom","Present","Present.2","Waibira",1.1339794325054,0.0251798561151079,0.142446043165468
"4307","300520","Action_2","Morph_4","BEN","Groom","Bigloudscratch","BigLoudScratch.2","Waibira",0.170586300575534,0.0431654676258993,0.215827338129496
"4308","300728","Action_45","Morph_100","BEN","Sexualattention","Reach","Reach.1","Waibira",-0.447850824604602,0.0827338129496403,0.097841726618705
"4309","300517b","Action_63","Morph_134","BEN","Support","Touch","Touch.3","Waibira",0.139761942375159,0.0115107913669065,0.0669064748201439
"4310","300514","Action_2","Morph_3","BEN","Sexualattention","Bigloudscratch","BigLoudScratch.1","Waibira",0.226338442210729,0.0928057553956834,0.215827338129496
"4311","300517b","Action_3","Morph_NA","BEN","Support","Bite",NA,"Waibira",0.164666621555234,0.0359712230215827,0.0115107913669065
"4312","300504b","Action_11","Morph_22","BEN","Affiliation","Embrace","Embrace.1","Waibira",-0.0100503358535015,0.00719424460431655,0.0165467625899281
"4313","300698a","Action_45","Morph_100","BEN","Affiliation","Reach","Reach.1","Waibira",-0.517514611916787,0.0827338129496403,0.097841726618705
"4314","300376b","Action_38","Morph_75","BEN","Groom","Present","Present.1","Waibira",1.09861228866811,0.0330935251798561,0.142446043165468
"4315","300850","Action_2","Morph_5","BEN","Groom","Bigloudscratch","BigLoudScratch.3","Waibira",0.148420005118273,0.0424460431654676,0.215827338129496
"4316","300850","Action_2","Morph_5","BEN","Groom","Bigloudscratch","BigLoudScratch.3","Waibira",-0.140412153716745,0.0424460431654676,0.215827338129496
"4317","300415","Action_2","Morph_3","BEN","Groom","Bigloudscratch","BigLoudScratch.1","Waibira",0.444044590075639,0.0928057553956834,0.215827338129496
"4318","300134","Action_63","Morph_132","BEN","Affiliation","Touch","Touch.1","Waibira",-1.05843049903528,0.0179856115107914,0.0669064748201439
"4319","300134","Action_45","Morph_100","BEN","Affiliation","Reach","Reach.1","Waibira",-0.653926467406664,0.0827338129496403,0.097841726618705
"4320","300072","Action_11","Morph_22","BEN","Affiliation","Embrace","Embrace.1","Waibira",-0.0314906670913708,0.00719424460431655,0.0165467625899281
"4321","300133","Action_57","Morph_115","BEN","Moveaway","Stompobject","StompObject.1","Waibira",-1.00512194558077,0.020863309352518,0.0258992805755396
"4322","300133","Action_34","Morph_65","BEN","Moveaway","Objectshake","ObjectShake.1","Waibira",-0.707246104939447,0.0158273381294964,0.0201438848920863
"4323","300133","Action_13","Morph_27","BEN","Moveaway","Fling","Fling.1","Waibira",-0.841647188878389,0.0165467625899281,0.0172661870503597
"4324","300496a","Action_38","Morph_75","BEN","Groom","Present","Present.1","Waibira",1.23547147138531,0.0330935251798561,0.142446043165468
"4325","300818b","Action_38","Morph_76","BEN","Groom","Present","Present.2","Waibira",0.504405055963068,0.0251798561151079,0.142446043165468
"4326","300249a","Action_40","Morph_82","BEN","Sexualattention","Presentgenitalsforwards","PresentGenitals.1","Waibira",0.583332314552739,0.0474820143884892,0.0179856115107914
"4327","300505a","Action_2","Morph_4","BEN","Groom","Bigloudscratch","BigLoudScratch.2","Waibira",0.168898536461814,0.0431654676258993,0.215827338129496
"4328","300505a","Action_38","Morph_76","BEN","Groom","Present","Present.2","Waibira",-0.0790432073404529,0.0251798561151079,0.142446043165468
"4329","300505a","Action_2","Morph_5","BEN","Groom","Bigloudscratch","BigLoudScratch.3","Waibira",0.198850858745165,0.0424460431654676,0.215827338129496
"4330","300197","Action_45","Morph_100","BEN","Giveme","Reach","Reach.1","Waibira",0.676509539406922,0.0827338129496403,0.097841726618705
"4331","300121","Action_38","Morph_76","BEN","Groom","Present","Present.2","Waibira",0.885006441834389,0.0251798561151079,0.142446043165468
"4332","300122b","Action_2","Morph_3","BEN","Groom","Bigloudscratch","BigLoudScratch.1","Waibira",0.489193323638877,0.0928057553956834,0.215827338129496
"4333","300583","Action_38","Morph_75","BEN","Groom","Present","Present.1","Waibira",1.10027756798717,0.0330935251798561,0.142446043165468
"4334","300471a","Action_2","Morph_3","BEN","Groom","Bigloudscratch","BigLoudScratch.1","Waibira",0.27763173659828,0.0928057553956834,0.215827338129496
"4335","300471a","Action_38","Morph_78","BEN","Groom","Present","Present.4","Waibira",-0.238257189124258,0.0287769784172662,0.142446043165468
"4336","300471a","Action_2","Morph_4","BEN","Groom","Bigloudscratch","BigLoudScratch.2","Waibira",0.147557564357615,0.0431654676258993,0.215827338129496
"4337","300813","Action_60","Morph_127","BEN","Moveaway","Swing","Swing.1","Waibira",-0.22314355131421,0.0165467625899281,0.0172661870503597
"4338","300690a","Action_2","Morph_3","BRI","Givemenurse","Bigloudscratch","BigLoudScratch.1","Waibira",0.515215972067284,0.0928057553956834,0.215827338129496
"4339","300563","Action_63","Morph_132","BRI","Play","Touch","Touch.1","Waibira",-0.0202027073175195,0.0179856115107914,0.0669064748201439
"4340","300203a","Action_20","Morph_49","BRI","Climbonyou","Hitother","HitOther.5","Waibira",-0.562118918153541,0.000719424460431655,0.0122302158273381
"4341","300188a","Action_63","Morph_140","BRI","Affiliation","Touch","Touch.9","Waibira",0.856540727468381,0.00431654676258993,0.0669064748201439
"4342","300690a","Action_43","Morph_97","BRI","Givemenurse","Raise","Raise.2","Waibira",-0.332679438382517,0.00575539568345324,0.0316546762589928
"4343","300203a","Action_43","Morph_96","BRI","Climbonyou","Raise","Raise.1","Waibira",-0.406465608441748,0.0258992805755396,0.0316546762589928
"4344","300188a","Action_3","Morph_15","BRI","Affiliation","Bite","Bite.7","Waibira",-0.436955775199535,0.00215827338129496,0.0115107913669065
"4345","300462","Action_45","Morph_101","BRI","Giveme","Reach","Reach.2","Waibira",0.269263486927763,0.00863309352517986,0.097841726618705
"4346","300563","Action_41","Morph_86","BRI","Play","Pull","Pull.3","Waibira",-0.198450938723838,0.00503597122302158,0.0280575539568345
"4347","300832","Action_63","Morph_137","BRI","Climbonyou","Touch","Touch.6","Waibira",-0.27443684570176,0.00647482014388489,0.0669064748201439
"4348","300203a","Action_45","Morph_100","BRI","Climbonyou","Reach","Reach.1","Waibira",-0.247180129142451,0.0827338129496403,0.097841726618705
"4349","300827","Action_17","Morph_39","BRI","Play","Hitobject","HitObject.1","Waibira",-0.928869514081015,0.041726618705036,0.0482014388489209
"4350","300827","Action_17","Morph_39","BRI","Play","Hitobject","HitObject.1","Waibira",-0.336872316642553,0.041726618705036,0.0482014388489209
"4351","300827","Action_20","Morph_45","BRI","Play","Hitother","HitOther.1","Waibira",-0.229413164327805,0.00647482014388489,0.0122302158273381
"4352","300466","Action_15","Morph_35","BRI","Play","Grabhold","GrabHold.1","Waibira",0.858661619037519,0.00575539568345324,0.0107913669064748
"4353","300882","Action_20","Morph_45","BRI","Play","Hitother","HitOther.1","Waibira",-2.1803674602698,0.00647482014388489,0.0122302158273381
"4354","300882","Action_60","Morph_127","BRI","Play","Swing","Swing.1","Waibira",-0.510825623765991,0.0165467625899281,0.0172661870503597
"4355","300882","Action_41","Morph_84","BRI","Play","Pull","Pull.1","Waibira",-0.515838165589535,0.0079136690647482,0.0280575539568345
"4356","300882","Action_20","Morph_45","BRI","Play","Hitother","HitOther.1","Waibira",-1.87080267656851,0.00647482014388489,0.0122302158273381
"4357","300882","Action_60","Morph_127","BRI","Play","Swing","Swing.1","Waibira",-0.359536176219765,0.0165467625899281,0.0172661870503597
"4358","300882","Action_20","Morph_45","BRI","Play","Hitother","HitOther.1","Waibira",-1.42711635564015,0.00647482014388489,0.0122302158273381
"4359","300882","Action_20","Morph_45","BRI","Play","Hitother","HitOther.1","Waibira",-0.653926467406664,0.00647482014388489,0.0122302158273381
"4360","300882","Action_59","Morph_124","BRI","Play","Stroke","Stroke.1","Waibira",-1.02443289049386,0.00143884892086331,0.00575539568345324
"4361","300882","Action_60","Morph_127","BRI","Play","Swing","Swing.1","Waibira",-0.127833371509885,0.0165467625899281,0.0172661870503597
"4362","300882","Action_60","Morph_127","BRI","Play","Swing","Swing.1","Waibira",-0.174353387144778,0.0165467625899281,0.0172661870503597
"4363","300882","Action_60","Morph_127","BRI","Play","Swing","Swing.1","Waibira",-0.066139802504545,0.0165467625899281,0.0172661870503597
"4364","300882","Action_20","Morph_45","BRI","Play","Hitother","HitOther.1","Waibira",-2.14558134418438,0.00647482014388489,0.0122302158273381
"4365","300882","Action_20","Morph_50","BRI","Play","Hitother","HitOther.6","Waibira",-1.83258146374831,0.00359712230215827,0.0122302158273381
"4366","300474","Action_41","Morph_85","BRI","Play","Pull","Pull.2","Waibira",-0.510825623765991,0.0115107913669065,0.0280575539568345
"4367","300475","Action_33","Morph_61","BRI","Play","Objectmove","ObjectMove.1","Waibira",-0.336872316642553,0.018705035971223,0.0194244604316547
"4368","300475","Action_57","Morph_115","BRI","Play","Stompobject","StompObject.1","Waibira",-0.594207232705042,0.020863309352518,0.0258992805755396
"4369","300787","Action_20","Morph_50","BRI","Playcontinue","Hitother","HitOther.6","Waibira",-0.390084006069862,0.00359712230215827,0.0122302158273381
"4370","300316b","Action_11","Morph_22","BRI","Affiliation","Embrace","Embrace.1","Waibira",-0.328504066972036,0.00719424460431655,0.0165467625899281
"4371","300316b","Action_63","Morph_137","BRI","Affiliation","Touch","Touch.6","Waibira",-0.385662480811985,0.00647482014388489,0.0669064748201439
"4372","300619","Action_39","Morph_83","BRT","Staysame","Presentgenitalsbackwards","PresentGenitals.2","Waibira",-0.127833371509885,0.0107913669064748,0.0402877697841727
"4373","300780","Action_38","Morph_75","BRT","Groom","Present","Present.1","Waibira",1.07942946925134,0.0330935251798561,0.142446043165468
"4374","300780","Action_2","Morph_3","BRT","Groom","Bigloudscratch","BigLoudScratch.1","Waibira",0.626473047291953,0.0928057553956834,0.215827338129496
"4375","300674b","Action_17","Morph_39","BRT","Sociosexualattention","Hitobject","HitObject.1","Waibira",-0.524248644098131,0.041726618705036,0.0482014388489209
"4376","300811","Action_45","Morph_100","BRT","Staysame","Reach","Reach.1","Waibira",-0.457284856837961,0.0827338129496403,0.097841726618705
"4377","300848","Action_11","Morph_24","CHN","Affiliation","Embrace","Embrace.3","Waibira",-0.510825623765991,0.00431654676258993,0.0165467625899281
"4378","300789a","Action_2","Morph_4","CHN","Position","Bigloudscratch","BigLoudScratch.2","Waibira",0.424613926946925,0.0431654676258993,0.215827338129496
"4379","300611a","Action_2","Morph_6","DAI","Groom","Bigloudscratch","BigLoudScratch.4","Waibira",0.818898385865506,0.0201438848920863,0.215827338129496
"4380","300612b","Action_11","Morph_23","DAI","Affiliation","Embrace","Embrace.2","Waibira",0.00498754151103897,0.00359712230215827,0.0165467625899281
"4381","300611a","Action_38","Morph_78","DAI","Groom","Present","Present.4","Waibira",1.07431959609907,0.0287769784172662,0.142446043165468
"4382","300170b","Action_39","Morph_82","DAI","Sexualattention","Presentgenitalsbackwards","PresentGenitals.1","Waibira",0.368801123736573,0.0474820143884892,0.0402877697841727
"4383","300251","Action_54","Morph_114","DAU","Sexualattention","Stancebipedal","StanceBipedal.1","Waibira",0.0563803334361077,0.00359712230215827,0.00359712230215827
"4384","300251","Action_27","Morph_55","DAU","Sexualattention","Leafclip","LeafClip.2","Waibira",1.32388690099127,0.00863309352517986,0.0115107913669065
"4385","300251","Action_2","Morph_6","DAU","Sexualattention","Bigloudscratch","BigLoudScratch.4","Waibira",0.527682740832414,0.0201438848920863,0.215827338129496
"4386","300251","Action_60","Morph_NA","DAU","Sexualattention","Swing",NA,"Waibira",1.11939482785064,0.0359712230215827,0.0172661870503597
"4387","300251","Action_27","Morph_54","DAU","Sexualattention","Leafclip","LeafClip.1","Waibira",1.04591449966766,0.00287769784172662,0.0115107913669065
"4388","300251","Action_40","Morph_82","DAU","Sexualattention","Presentgenitalsforwards","PresentGenitals.1","Waibira",-0.363843433417345,0.0474820143884892,0.0179856115107914
"4389","300251","Action_40","Morph_82","DAU","Sexualattention","Presentgenitalsforwards","PresentGenitals.1","Waibira",0.0363319292473902,0.0474820143884892,0.0179856115107914
"4390","300539b","Action_15","Morph_36","DAU","Affiliation","Grabhold","GrabHold.2","Waibira",1.16377561457452,0.00359712230215827,0.0107913669064748
"4391","300237","Action_17","Morph_39","DAU","Stopbehaviour","Hitobject","HitObject.1","Waibira",-0.391562202939173,0.041726618705036,0.0482014388489209
"4392","300620a","Action_60","Morph_127","DAU","Sexualattention","Swing","Swing.1","Waibira",0.518198378095404,0.0165467625899281,0.0172661870503597
"4393","300643","Action_64","Morph_132","DAU","Affiliation","Touchlongother","Touch.1","Waibira",1.22729862962943,0.0179856115107914,0.0100719424460432
"4394","300278","Action_47","Morph_103","DAU","Sexualattention","Rockingsit","Rocking.1","Waibira",0.651804217025563,0.00863309352517986,0.00863309352517986
"4395","300278","Action_34","Morph_65","DAU","Sexualattention","Objectshake","ObjectShake.1","Waibira",1.10393145014571,0.0158273381294964,0.0201438848920863
"4396","300278","Action_47","Morph_103","DAU","Sexualattention","Rockingsit","Rocking.1","Waibira",0.872547808926236,0.00863309352517986,0.00863309352517986
"4397","300278","Action_47","Morph_103","DAU","Sexualattention","Rockingsit","Rocking.1","Waibira",0.920282753143692,0.00863309352517986,0.00863309352517986
"4398","300278","Action_47","Morph_103","DAU","Sexualattention","Rockingsit","Rocking.1","Waibira",1.08146612983314,0.00863309352517986,0.00863309352517986
"4399","300605","Action_42","Morph_92","DAU","Position","Push","Push.5","Waibira",-1.8578992717326,0.00431654676258993,0.0359712230215827
"4400","300566","Action_34","Morph_65","DAU","Sexualattention","Objectshake","ObjectShake.1","Waibira",0.48057258059497,0.0158273381294964,0.0201438848920863
"4401","300607b","Action_2","Morph_5","DAU","Groom","Bigloudscratch","BigLoudScratch.3","Waibira",0.192271887647123,0.0424460431654676,0.215827338129496
"4402","300605","Action_42","Morph_92","DAU","Position","Push","Push.5","Waibira",-1.21402314017944,0.00431654676258993,0.0359712230215827
"4403","300033","Action_41","Morph_85","DAU","Position","Pull","Pull.2","Waibira",-0.249744233111389,0.0115107913669065,0.0280575539568345
"4404","300603","Action_2","Morph_4","DAU","Groom","Bigloudscratch","BigLoudScratch.2","Waibira",1.038154319631,0.0431654676258993,0.215827338129496
"4405","300648b","Action_47","Morph_103","DAU","Moveaway","Rockingsit","Rocking.1","Waibira",0.795703768885037,0.00863309352517986,0.00863309352517986
"4406","300648b","Action_31","Morph_59","DAU","Moveaway","Lunge","Lunge.1","Waibira",-0.332679438382517,0.00503597122302158,0.00503597122302158
"4407","300649b","Action_34","Morph_65","DAU","Moveaway","Objectshake","ObjectShake.1","Waibira",1.26214736837701,0.0158273381294964,0.0201438848920863
"4408","300651b","Action_31","Morph_59","DAU","Moveaway","Lunge","Lunge.1","Waibira",-0.823255865906966,0.00503597122302158,0.00503597122302158
"4409","300603","Action_38","Morph_78","DAU","Groom","Present","Present.4","Waibira",0.0676586484738149,0.0287769784172662,0.142446043165468
"4410","300566","Action_47","Morph_103","DAU","Sexualattention","Rockingsit","Rocking.1","Waibira",0.731887008875876,0.00863309352517986,0.00863309352517986
"4411","300322","Action_38","Morph_77","DOU","Directattention","Present","Present.3","Waibira",0.0217614917815127,0.041726618705036,0.142446043165468
"4412","300569a","Action_45","Morph_101","DOU","Affiliation","Reach","Reach.2","Waibira",0.43567095016523,0.00863309352517986,0.097841726618705
"4413","300392b","Action_64","Morph_132","DOU","Affiliation","Touchlongother","Touch.1","Waibira",1.21194097397511,0.0179856115107914,0.0100719424460432
"4414","300536a","Action_43","Morph_96","DOU","Groom","Raise","Raise.1","Waibira",0.273075920062419,0.0258992805755396,0.0316546762589928
"4415","300721","Action_39","Morph_82","EIL","Sexualattention","Presentgenitalsbackwards","PresentGenitals.1","Waibira",0.288931291852213,0.0474820143884892,0.0402877697841727
"4416","300657","Action_43","Morph_96","EIL","Moveaway","Raise","Raise.1","Waibira",-0.215671536475509,0.0258992805755396,0.0316546762589928
"4417","300657","Action_60","Morph_127","EIL","Moveaway","Swing","Swing.1","Waibira",-0.0232686269393543,0.0165467625899281,0.0172661870503597
"4418","300793","Action_60","Morph_127","FID","Sexualattention","Swing","Swing.1","Waibira",0.207014169384326,0.0165467625899281,0.0172661870503597
"4419","300793","Action_40","Morph_82","FID","Sexualattention","Presentgenitalsforwards","PresentGenitals.1","Waibira",0.349247428109936,0.0474820143884892,0.0179856115107914
"4420","300439","Action_2","Morph_3","FID","Groom","Bigloudscratch","BigLoudScratch.1","Waibira",0.27002713721306,0.0928057553956834,0.215827338129496
"4421","300057","Action_2","Morph_4","FID","Groom","Bigloudscratch","BigLoudScratch.2","Waibira",0.373630384588146,0.0431654676258993,0.215827338129496
"4422","300056a","Action_2","Morph_3","FID","Groom","Bigloudscratch","BigLoudScratch.1","Waibira",0.339325305603619,0.0928057553956834,0.215827338129496
"4423","300479a","Action_38","Morph_75","FID","Affiliation","Present","Present.1","Waibira",-0.385662480811985,0.0330935251798561,0.142446043165468
"4424","300057","Action_38","Morph_76","FID","Groom","Present","Present.2","Waibira",-0.346724613085564,0.0251798561151079,0.142446043165468
"4425","300057","Action_2","Morph_5","FID","Groom","Bigloudscratch","BigLoudScratch.3","Waibira",0.322807874427155,0.0424460431654676,0.215827338129496
"4426","300058","Action_38","Morph_76","FID","Groom","Present","Present.2","Waibira",0.283674051054242,0.0251798561151079,0.142446043165468
"4427","300034","Action_43","Morph_96","FID","Staysame","Raise","Raise.1","Waibira",0.0198026272961797,0.0258992805755396,0.0316546762589928
"4428","300701","Action_45","Morph_100","FID","Staysame","Reach","Reach.1","Waibira",-0.336872316642553,0.0827338129496403,0.097841726618705
"4429","300701","Action_45","Morph_100","FID","Staysame","Reach","Reach.1","Waibira",0.364643113587909,0.0827338129496403,0.097841726618705
"4430","300701","Action_45","Morph_100","FID","Staysame","Reach","Reach.1","Waibira",-0.944175935363691,0.0827338129496403,0.097841726618705
"4431","300189a","Action_2","Morph_4","FID","Groom","Bigloudscratch","BigLoudScratch.2","Waibira",0.55790003115192,0.0431654676258993,0.215827338129496
"4432","300692","Action_2","Morph_5","FID","Groom","Bigloudscratch","BigLoudScratch.3","Waibira",0.630739720431328,0.0424460431654676,0.215827338129496
"4433","300386","Action_63","Morph_135","FID","Sexualattention","Touch","Touch.4","Waibira",-1.02165124753198,0.00935251798561151,0.0669064748201439
"4434","300635a","Action_2","Morph_3","FID","Groom","Bigloudscratch","BigLoudScratch.1","Waibira",0.441475545631197,0.0928057553956834,0.215827338129496
"4435","300635a","Action_43","Morph_96","FID","Groom","Raise","Raise.1","Waibira",-0.153151179494175,0.0258992805755396,0.0316546762589928
"4436","300502","Action_40","Morph_82","FID","Sexualattention","Presentgenitalsforwards","PresentGenitals.1","Waibira",0.0778865386570712,0.0474820143884892,0.0179856115107914
"4437","300502","Action_43","Morph_96","FID","Sexualattention","Raise","Raise.1","Waibira",-0.423120043346885,0.0258992805755396,0.0316546762589928
"4438","300875b","Action_42","Morph_92","FID","Stopbehaviour","Push","Push.5","Waibira",-0.341082849178896,0.00431654676258993,0.0359712230215827
"4439","300269","Action_34","Morph_65","FID","Sexualattention","Objectshake","ObjectShake.1","Waibira",1.05709560846518,0.0158273381294964,0.0201438848920863
"4440","300269","Action_60","Morph_127","FID","Sexualattention","Swing","Swing.1","Waibira",0.29416103854949,0.0165467625899281,0.0172661870503597
"4441","300269","Action_33","Morph_61","FID","Sexualattention","Objectmove","ObjectMove.1","Waibira",-0.249744233111389,0.018705035971223,0.0194244604316547
"4442","300027","Action_2","Morph_4","FID","Groom","Bigloudscratch","BigLoudScratch.2","Waibira",0.198030850499135,0.0431654676258993,0.215827338129496
"4443","300027","Action_2","Morph_NA","FID","Groom","Bigloudscratch",NA,"Waibira",0.229523158278249,0.0359712230215827,0.215827338129496
"4444","300027","Action_2","Morph_4","FID","Groom","Bigloudscratch","BigLoudScratch.2","Waibira",0.62057648772511,0.0431654676258993,0.215827338129496
"4445","300366","Action_38","Morph_78","GER","Directattention","Present","Present.4","Waibira",0.215111379616945,0.0287769784172662,0.142446043165468
"4446","300554a","Action_63","Morph_134","GER","Sociosexualattention","Touch","Touch.3","Waibira",-0.253602758798918,0.0115107913669065,0.0669064748201439
"4447","300546a","Action_2","Morph_7","GER","Groom","Bigloudscratch","BigLoudScratch.5","Waibira",0.892817375688513,0.00647482014388489,0.215827338129496
"4448","300550a","Action_2","Morph_3","GER","Groom","Bigloudscratch","BigLoudScratch.1","Waibira",0.879211723632734,0.0928057553956834,0.215827338129496
"4449","300547","Action_38","Morph_80","GER","Groom","Present","Present.6","Waibira",-0.233193887167711,0.00575539568345324,0.142446043165468
"4450","300549a","Action_2","Morph_7","GER","Groom","Bigloudscratch","BigLoudScratch.5","Waibira",0.698632110790515,0.00647482014388489,0.215827338129496
"4451","300548","Action_2","Morph_7","GER","Groom","Bigloudscratch","BigLoudScratch.5","Waibira",0.958200134951365,0.00647482014388489,0.215827338129496
"4452","300547","Action_2","Morph_4","GER","Groom","Bigloudscratch","BigLoudScratch.2","Waibira",0.850578188508774,0.0431654676258993,0.215827338129496
"4453","300547","Action_2","Morph_5","GER","Groom","Bigloudscratch","BigLoudScratch.3","Waibira",0.666289726390063,0.0424460431654676,0.215827338129496
"4454","300554a","Action_17","Morph_39","GER","Sociosexualattention","Hitobject","HitObject.1","Waibira",-0.962334670375562,0.041726618705036,0.0482014388489209
"4455","300554a","Action_23","Morph_47","GER","Sociosexualattention","Hittingother","HitOther.3","Waibira",-0.691149177897272,0.00719424460431655,0.00719424460431655
"4456","300550a","Action_2","Morph_5","GER","Groom","Bigloudscratch","BigLoudScratch.3","Waibira",0.630739720431328,0.0424460431654676,0.215827338129496
"4457","300617","Action_2","Morph_6","GER","Groom","Bigloudscratch","BigLoudScratch.4","Waibira",0.559044196036465,0.0201438848920863,0.215827338129496
"4458","300351","Action_38","Morph_80","GER","Groom","Present","Present.6","Waibira",-0.489390343045926,0.00575539568345324,0.142446043165468
"4459","300351","Action_2","Morph_5","GER","Groom","Bigloudscratch","BigLoudScratch.3","Waibira",0.350656871613169,0.0424460431654676,0.215827338129496
"4460","300350","Action_2","Morph_3","GER","Groom","Bigloudscratch","BigLoudScratch.1","Waibira",0.336472236621213,0.0928057553956834,0.215827338129496
"4461","300351","Action_2","Morph_5","GER","Groom","Bigloudscratch","BigLoudScratch.3","Waibira",0.0468835858988505,0.0424460431654676,0.215827338129496
"4462","300616","Action_38","Morph_76","GER","Groom","Present","Present.2","Waibira",0.493475985430878,0.0251798561151079,0.142446043165468
"4463","300618","Action_38","Morph_78","GER","Groom","Present","Present.4","Waibira",-0.196014883925957,0.0287769784172662,0.142446043165468
"4464","300617","Action_2","Morph_5","GER","Groom","Bigloudscratch","BigLoudScratch.3","Waibira",0.436963775167535,0.0424460431654676,0.215827338129496
"4465","300498","Action_42","Morph_93","GER","Position","Push","Push.6","Waibira",-0.553385238184787,0.00143884892086331,0.0359712230215827
"4466","300352a","Action_2","Morph_5","GER","Groom","Bigloudscratch","BigLoudScratch.3","Waibira",0.307484699747961,0.0424460431654676,0.215827338129496
"4467","300350","Action_38","Morph_77","GER","Groom","Present","Present.3","Waibira",0.304539189518204,0.041726618705036,0.142446043165468
"4468","300616","Action_2","Morph_4","GER","Groom","Bigloudscratch","BigLoudScratch.2","Waibira",-0.026343975339602,0.0431654676258993,0.215827338129496
"4469","300351","Action_38","Morph_80","GER","Groom","Present","Present.6","Waibira",-0.00501254182354429,0.00575539568345324,0.142446043165468
"4470","300421b","Action_2","Morph_5","GER","Groom","Bigloudscratch","BigLoudScratch.3","Waibira",0.0769610411361284,0.0424460431654676,0.215827338129496
"4471","300421b","Action_2","Morph_3","GER","Groom","Bigloudscratch","BigLoudScratch.1","Waibira",0.470003629245736,0.0928057553956834,0.215827338129496
"4472","300476a","Action_2","Morph_4","GER","Groom","Bigloudscratch","BigLoudScratch.2","Waibira",0.56531380905006,0.0431654676258993,0.215827338129496
"4473","300477","Action_2","Morph_5","GER","Groom","Bigloudscratch","BigLoudScratch.3","Waibira",0.211070970079941,0.0424460431654676,0.215827338129496
"4474","300328","Action_2","Morph_3","GER","Groom","Bigloudscratch","BigLoudScratch.1","Waibira",0.357674444271816,0.0928057553956834,0.215827338129496
"4475","300327","Action_42","Morph_92","GER","Position","Push","Push.5","Waibira",-0.655851395816248,0.00431654676258993,0.0359712230215827
"4476","300328","Action_2","Morph_6","GER","Groom","Bigloudscratch","BigLoudScratch.4","Waibira",0.0363319292473902,0.0201438848920863,0.215827338129496
"4477","300831","Action_2","Morph_4","GER","Groom","Bigloudscratch","BigLoudScratch.2","Waibira",0,0.0431654676258993,0.215827338129496
"4478","300831","Action_2","Morph_3","GER","Groom","Bigloudscratch","BigLoudScratch.1","Waibira",0.307484699747961,0.0928057553956834,0.215827338129496
"4479","300539a","Action_45","Morph_102","GER","Affiliation","Reach","Reach.3","Waibira",-0.242071561199729,0.00575539568345324,0.097841726618705
"4480","300575b","Action_38","Morph_77","GER","Groom","Present","Present.3","Waibira",0.690142671539647,0.041726618705036,0.142446043165468
"4481","300575b","Action_2","Morph_5","GER","Groom","Bigloudscratch","BigLoudScratch.3","Waibira",0.728031582413447,0.0424460431654676,0.215827338129496
"4482","300575b","Action_2","Morph_3","GER","Groom","Bigloudscratch","BigLoudScratch.1","Waibira",0.326421900767711,0.0928057553956834,0.215827338129496
"4483","300489","Action_39","Morph_83","GER","Sexualattention","Presentgenitalsbackwards","PresentGenitals.2","Waibira",0.215111379616945,0.0107913669064748,0.0402877697841727
"4484","300226","Action_45","Morph_100","GER","Giveme","Reach","Reach.1","Waibira",0.96964190737115,0.0827338129496403,0.097841726618705
"4485","300779","Action_2","Morph_7","GER","Groom","Bigloudscratch","BigLoudScratch.5","Waibira",0.684106435907796,0.00647482014388489,0.215827338129496
"4486","300836","Action_45","Morph_100","GER","Affiliation","Reach","Reach.1","Waibira",-0.510825623765991,0.0827338129496403,0.097841726618705
"4487","300836","Action_34","Morph_65","GER","Affiliation","Objectshake","ObjectShake.1","Waibira",0.609221945622184,0.0158273381294964,0.0201438848920863
"4488","300851b","Action_38","Morph_76","GER","Groom","Present","Present.2","Waibira",0.225540675913931,0.0251798561151079,0.142446043165468
"4489","300851b","Action_2","Morph_4","GER","Groom","Bigloudscratch","BigLoudScratch.2","Waibira",0.955126755659353,0.0431654676258993,0.215827338129496
"4490","300148","Action_2","Morph_3","GER","Travel","Bigloudscratch","BigLoudScratch.1","Waibira",0.633397176154171,0.0928057553956834,0.215827338129496
"4491","300135b","Action_38","Morph_77","GER","Groom","Present","Present.3","Waibira",-0.269187489815617,0.041726618705036,0.142446043165468
"4492","300135b","Action_2","Morph_3","GER","Groom","Bigloudscratch","BigLoudScratch.1","Waibira",0.327863862084613,0.0928057553956834,0.215827338129496
"4493","300136a","Action_2","Morph_3","GER","Directattention","Bigloudscratch","BigLoudScratch.1","Waibira",0.20294084399669,0.0928057553956834,0.215827338129496
"4494","300136a","Action_38","Morph_77","GER","Directattention","Present","Present.3","Waibira",0.340748793388473,0.041726618705036,0.142446043165468
"4495","300136a","Action_2","Morph_3","GER","Directattention","Bigloudscratch","BigLoudScratch.1","Waibira",0.048790164169432,0.0928057553956834,0.215827338129496
"4496","300673","Action_38","Morph_77","GER","Groom","Present","Present.3","Waibira",-0.0222456089473197,0.041726618705036,0.142446043165468
"4497","300734b","Action_2","Morph_3","GER","Groom","Bigloudscratch","BigLoudScratch.1","Waibira",0.751416088683921,0.0928057553956834,0.215827338129496
"4498","300845","Action_2","Morph_3","GER","Groom","Bigloudscratch","BigLoudScratch.1","Waibira",0.273075920062419,0.0928057553956834,0.215827338129496
"4499","300731a","Action_2","Morph_3","GER","Groom","Bigloudscratch","BigLoudScratch.1","Waibira",0.712949807856125,0.0928057553956834,0.215827338129496
"4500","300551","Action_41","Morph_85","GER","Position","Pull","Pull.2","Waibira",-0.115410851511328,0.0115107913669065,0.0280575539568345
"4501","300733a","Action_2","Morph_4","GER","Groom","Bigloudscratch","BigLoudScratch.2","Waibira",0.182321556793955,0.0431654676258993,0.215827338129496
"4502","300138a","Action_2","Morph_3","GER","Groom","Bigloudscratch","BigLoudScratch.1","Waibira",0.405465108108164,0.0928057553956834,0.215827338129496
"4503","300138a","Action_38","Morph_77","GER","Groom","Present","Present.3","Waibira",-0.0366639843715915,0.041726618705036,0.142446043165468
"4504","300673","Action_2","Morph_3","GER","Groom","Bigloudscratch","BigLoudScratch.1","Waibira",0.697139201829483,0.0928057553956834,0.215827338129496
"4505","300141","Action_2","Morph_3","GER","Directattention","Bigloudscratch","BigLoudScratch.1","Waibira",0.62807518381623,0.0928057553956834,0.215827338129496
"4506","300141","Action_38","Morph_77","GER","Directattention","Present","Present.3","Waibira",0.509825123432407,0.041726618705036,0.142446043165468
"4507","300845","Action_2","Morph_8","GER","Groom","Bigloudscratch","BigLoudScratch.6","Waibira",0.493475985430878,0.00287769784172662,0.215827338129496
"4508","300845","Action_2","Morph_8","GER","Groom","Bigloudscratch","BigLoudScratch.6","Waibira",0.392042087776024,0.00287769784172662,0.215827338129496
"4509","300552","Action_38","Morph_78","GER","Groom","Present","Present.4","Waibira",0.361861470626032,0.0287769784172662,0.142446043165468
"4510","300732a","Action_2","Morph_5","GER","Groom","Bigloudscratch","BigLoudScratch.3","Waibira",0.494696241836107,0.0424460431654676,0.215827338129496
"4511","300331","Action_2","Morph_4","GER","Directattention","Bigloudscratch","BigLoudScratch.2","Waibira",0.418052223613636,0.0431654676258993,0.215827338129496
"4512","300331","Action_38","Morph_76","GER","Directattention","Present","Present.2","Waibira",0.112435429329788,0.0251798561151079,0.142446043165468
"4513","300845","Action_38","Morph_77","GER","Groom","Present","Present.3","Waibira",0,0.041726618705036,0.142446043165468
"4514","300405","Action_2","Morph_4","GER","Travel","Bigloudscratch","BigLoudScratch.2","Waibira",0.78845736036427,0.0431654676258993,0.215827338129496
"4515","300016","Action_2","Morph_5","GER","Directattention","Bigloudscratch","BigLoudScratch.3","Waibira",0.339325305603619,0.0424460431654676,0.215827338129496
"4516","300543b","Action_2","Morph_4","GER","Groom","Bigloudscratch","BigLoudScratch.2","Waibira",0.438899884194402,0.0431654676258993,0.215827338129496
"4517","300016","Action_38","Morph_80","GER","Directattention","Present","Present.6","Waibira",0.00299550897979837,0.00575539568345324,0.142446043165468
"4518","300555a","Action_38","Morph_78","GER","Groom","Present","Present.4","Waibira",-0.0222456089473197,0.0287769784172662,0.142446043165468
"4519","300555a","Action_2","Morph_3","GER","Groom","Bigloudscratch","BigLoudScratch.1","Waibira",0.338612801120324,0.0928057553956834,0.215827338129496
"4520","300544b","Action_2","Morph_4","GER","Groom","Bigloudscratch","BigLoudScratch.2","Waibira",-0.0439518875291828,0.0431654676258993,0.215827338129496
"4521","300706","Action_38","Morph_79","GER","Directattention","Present","Present.5","Waibira",0.63974640383283,0.00359712230215827,0.142446043165468
"4522","300172","Action_42","Morph_89","GER","Position","Push","Push.2","Waibira",-1.70925824771631,0.0115107913669065,0.0359712230215827
"4523","300012","Action_41","Morph_85","GER","Position","Pull","Pull.2","Waibira",-0.481266821524446,0.0115107913669065,0.0280575539568345
"4524","300009","Action_42","Morph_88","GER","Position","Push","Push.1","Waibira",-0.396009949337409,0.0115107913669065,0.0359712230215827
"4525","300011","Action_42","Morph_89","GER","Position","Push","Push.2","Waibira",-1.10262031006565,0.0115107913669065,0.0359712230215827
"4526","300111","Action_38","Morph_77","GER","Directattention","Present","Present.3","Waibira",0.395414772254663,0.041726618705036,0.142446043165468
"4527","300111","Action_2","Morph_3","GER","Directattention","Bigloudscratch","BigLoudScratch.1","Waibira",0.286681572118197,0.0928057553956834,0.215827338129496
"4528","300116","Action_41","Morph_85","GER","Position","Pull","Pull.2","Waibira",-0.100925918589961,0.0115107913669065,0.0280575539568345
"4529","300118","Action_2","Morph_3","GER","Groom","Bigloudscratch","BigLoudScratch.1","Waibira",0.529451087889156,0.0928057553956834,0.215827338129496
"4530","300112","Action_38","Morph_78","GER","Directattention","Present","Present.4","Waibira",0.749527513996053,0.0287769784172662,0.142446043165468
"4531","300113","Action_41","Morph_85","GER","Position","Pull","Pull.2","Waibira",-1.11474167059799,0.0115107913669065,0.0280575539568345
"4532","300117","Action_2","Morph_6","GER","Groom","Bigloudscratch","BigLoudScratch.4","Waibira",0.555033878430311,0.0201438848920863,0.215827338129496
"4533","300117","Action_2","Morph_NA","GER","Groom","Bigloudscratch",NA,"Waibira",0.492865298388998,0.0359712230215827,0.215827338129496
"4534","300119a","Action_2","Morph_8","GER","Groom","Bigloudscratch","BigLoudScratch.6","Waibira",0.359770148846035,0.00287769784172662,0.215827338129496
"4535","300524","Action_2","Morph_5","GER","Groom","Bigloudscratch","BigLoudScratch.3","Waibira",0.394741144745189,0.0424460431654676,0.215827338129496
"4536","300114","Action_38","Morph_78","GER","Directattention","Present","Present.4","Waibira",0.521171915820135,0.0287769784172662,0.142446043165468
"4537","300113","Action_41","Morph_85","GER","Position","Pull","Pull.2","Waibira",-1.17765549600856,0.0115107913669065,0.0280575539568345
"4538","300332a","Action_2","Morph_5","GER","Groom","Bigloudscratch","BigLoudScratch.3","Waibira",0.215111379616945,0.0424460431654676,0.215827338129496
"4539","300335","Action_2","Morph_7","GER","Groom","Bigloudscratch","BigLoudScratch.5","Waibira",-0.385662480811985,0.00647482014388489,0.215827338129496
"4540","300335","Action_2","Morph_NA","GER","Groom","Bigloudscratch",NA,"Waibira",0.336472236621213,0.0359712230215827,0.215827338129496
"4541","300333a","Action_2","Morph_5","GER","Groom","Bigloudscratch","BigLoudScratch.3","Waibira",0.27763173659828,0.0424460431654676,0.215827338129496
"4542","300335","Action_41","Morph_86","GER","Groom","Pull","Pull.3","Waibira",-1.13943428318836,0.00503597122302158,0.0280575539568345
"4543","300015","Action_38","Morph_78","GER","Directattention","Present","Present.4","Waibira",0.248421358498478,0.0287769784172662,0.142446043165468
"4544","300015","Action_2","Morph_3","GER","Directattention","Bigloudscratch","BigLoudScratch.1","Waibira",0.597186789414034,0.0928057553956834,0.215827338129496
"4545","300220a","Action_2","Morph_3","ILA","Groom","Bigloudscratch","BigLoudScratch.1","Waibira",0.385262400790645,0.0928057553956834,0.215827338129496
"4546","300575a","Action_2","Morph_5","ILA","Groom","Bigloudscratch","BigLoudScratch.3","Waibira",0.404130885095028,0.0424460431654676,0.215827338129496
"4547","300576","Action_2","Morph_5","ILA","Directattention","Bigloudscratch","BigLoudScratch.3","Waibira",0.29266961396282,0.0424460431654676,0.215827338129496
"4548","300090b","Action_63","Morph_135","ILA","Affiliation","Touch","Touch.4","Waibira",0.320633172591467,0.00935251798561151,0.0669064748201439
"4549","300089a","Action_1","Morph_2","ILA","Moveclose","Beckon","Beckon.2","Waibira",-0.449416995637347,0.00359712230215827,0.00575539568345324
"4550","300037","Action_42","Morph_89","ILA","Position","Push","Push.2","Waibira",-0.82098055206983,0.0115107913669065,0.0359712230215827
"4551","300038","Action_2","Morph_3","ILA","Groom","Bigloudscratch","BigLoudScratch.1","Waibira",0.42918163472548,0.0928057553956834,0.215827338129496
"4552","300254a","Action_2","Morph_3","ILA","Groom","Bigloudscratch","BigLoudScratch.1","Waibira",0.753301103379692,0.0928057553956834,0.215827338129496
"4553","300252","Action_2","Morph_3","ILA","Groom","Bigloudscratch","BigLoudScratch.1","Waibira",0.714908672341458,0.0928057553956834,0.215827338129496
"4554","300253a","Action_38","Morph_77","ILA","Groom","Present","Present.3","Waibira",0.218331994316988,0.041726618705036,0.142446043165468
"4555","300807","Action_63","Morph_140","JAK","Giveme","Touch","Touch.9","Waibira",0.1016536537265,0.00431654676258993,0.0669064748201439
"4556","300807","Action_45","Morph_100","JAK","Giveme","Reach","Reach.1","Waibira",0.464991087422191,0.0827338129496403,0.097841726618705
"4557","300807","Action_45","Morph_100","JAK","Giveme","Reach","Reach.1","Waibira",-0.353821874956326,0.0827338129496403,0.097841726618705
"4558","300645","Action_45","Morph_100","JIN","Giveme","Reach","Reach.1","Waibira",0.332894415273329,0.0827338129496403,0.097841726618705
"4559","300759a","Action_23","Morph_47","JIN","Affiliation","Hittingother","HitOther.3","Waibira",0.147557564357615,0.00719424460431655,0.00719424460431655
"4560","300759a","Action_63","Morph_132","JIN","Affiliation","Touch","Touch.1","Waibira",-1.83258146374831,0.0179856115107914,0.0669064748201439
"4561","300796","Action_40","Morph_82","JNO","Sexualattention","Presentgenitalsforwards","PresentGenitals.1","Waibira",0.0198026272961797,0.0474820143884892,0.0179856115107914
"4562","300723","Action_40","Morph_82","JNO","Sexualattention","Presentgenitalsforwards","PresentGenitals.1","Waibira",0.148420005118273,0.0474820143884892,0.0179856115107914
"4563","300887","Action_40","Morph_82","JNO","Sexualattention","Presentgenitalsforwards","PresentGenitals.1","Waibira",-1.1551826401565,0.0474820143884892,0.0179856115107914
"4564","300830","Action_40","Morph_82","JNO","Sexualattention","Presentgenitalsforwards","PresentGenitals.1","Waibira",0.0392207131532813,0.0474820143884892,0.0179856115107914
"4565","300888","Action_40","Morph_82","JNO","Sexualattention","Presentgenitalsforwards","PresentGenitals.1","Waibira",0.268499253035007,0.0474820143884892,0.0179856115107914
"4566","300889","Action_2","Morph_4","JNO","Sexualattention","Bigloudscratch","BigLoudScratch.2","Waibira",0.392042087776024,0.0431654676258993,0.215827338129496
"4567","300826","Action_40","Morph_82","JNO","Sexualattention","Presentgenitalsforwards","PresentGenitals.1","Waibira",0.117783035656383,0.0474820143884892,0.0179856115107914
"4568","300886","Action_27","Morph_54","JNO","Sexualattention","Leafclip","LeafClip.1","Waibira",0.468752847344083,0.00287769784172662,0.0115107913669065
"4569","300889","Action_40","Morph_82","JNO","Sexualattention","Presentgenitalsforwards","PresentGenitals.1","Waibira",0.494696241836107,0.0474820143884892,0.0179856115107914
"4570","300889","Action_57","Morph_115","JNO","Sexualattention","Stompobject","StompObject.1","Waibira",-0.510825623765991,0.020863309352518,0.0258992805755396
"4571","300735","Action_40","Morph_82","JNO","Sexualattention","Presentgenitalsforwards","PresentGenitals.1","Waibira",0.517602608045014,0.0474820143884892,0.0179856115107914
"4572","300735","Action_1","Morph_2","JNO","Sexualattention","Beckon","Beckon.2","Waibira",-0.825536368605691,0.00359712230215827,0.00575539568345324
"4573","300888","Action_57","Morph_115","JNO","Sexualattention","Stompobject","StompObject.1","Waibira",-0.45886588483528,0.020863309352518,0.0258992805755396
"4574","300888","Action_27","Morph_54","JNO","Sexualattention","Leafclip","LeafClip.1","Waibira",0.79795754491229,0.00287769784172662,0.0115107913669065
"4575","300890","Action_40","Morph_82","JNO","Sexualattention","Presentgenitalsforwards","PresentGenitals.1","Waibira",-0.22314355131421,0.0474820143884892,0.0179856115107914
"4576","300889","Action_54","Morph_114","JNO","Sexualattention","Stancebipedal","StanceBipedal.1","Waibira",-0.519193873436507,0.00359712230215827,0.00359712230215827
"4577","300888","Action_40","Morph_82","JNO","Sexualattention","Presentgenitalsforwards","PresentGenitals.1","Waibira",0.436317571590929,0.0474820143884892,0.0179856115107914
"4578","300886","Action_27","Morph_55","JNO","Sexualattention","Leafclip","LeafClip.2","Waibira",0.244513577050402,0.00863309352517986,0.0115107913669065
"4579","300889","Action_40","Morph_82","JNO","Sexualattention","Presentgenitalsforwards","PresentGenitals.1","Waibira",0.218331994316988,0.0474820143884892,0.0179856115107914
"4580","300889","Action_2","Morph_3","JNO","Sexualattention","Bigloudscratch","BigLoudScratch.1","Waibira",0.65232518603969,0.0928057553956834,0.215827338129496
"4581","300889","Action_54","Morph_114","JNO","Sexualattention","Stancebipedal","StanceBipedal.1","Waibira",-0.132389188045746,0.00359712230215827,0.00359712230215827
"4582","300888","Action_40","Morph_82","JNO","Sexualattention","Presentgenitalsforwards","PresentGenitals.1","Waibira",-0.941608539858445,0.0474820143884892,0.0179856115107914
"4583","300886","Action_27","Morph_54","JNO","Sexualattention","Leafclip","LeafClip.1","Waibira",0.804241228065532,0.00287769784172662,0.0115107913669065
"4584","300889","Action_40","Morph_82","JNO","Sexualattention","Presentgenitalsforwards","PresentGenitals.1","Waibira",-0.519193873436507,0.0474820143884892,0.0179856115107914
"4585","300830","Action_40","Morph_82","JNO","Sexualattention","Presentgenitalsforwards","PresentGenitals.1","Waibira",0.751416088683921,0.0474820143884892,0.0179856115107914
"4586","300828","Action_33","Morph_61","JNO","Stopbehaviour","Objectmove","ObjectMove.1","Waibira",-0.0449973659307358,0.018705035971223,0.0194244604316547
"4587","300636","Action_43","Morph_96","JNO","Staysame","Raise","Raise.1","Waibira",-1.13943428318836,0.0258992805755396,0.0316546762589928
"4588","300296","Action_45","Morph_100","KET","Affiliation","Reach","Reach.1","Waibira",0.0760346862759976,0.0827338129496403,0.097841726618705
"4589","300040","Action_38","Morph_76","KET","Directattention","Present","Present.2","Waibira",-0.0586889963486796,0.0251798561151079,0.142446043165468
"4590","300039","Action_42","Morph_89","KET","Position","Push","Push.2","Waibira",-0.197232169529709,0.0115107913669065,0.0359712230215827
"4591","300225","Action_63","Morph_NA","KET","Affiliation","Touch",NA,"Waibira",-0.278392025544688,0.0359712230215827,0.0669064748201439
"4592","300109b","Action_4","Morph_13","KET","Affiliation","Bitekiss","Bite.5","Waibira",-0.174353387144778,0.00215827338129496,0.00719424460431655
"4593","300538","Action_39","Morph_82","KET","Sexualattention","Presentgenitalsbackwards","PresentGenitals.1","Waibira",0.0139029051689914,0.0474820143884892,0.0402877697841727
"4594","300463","Action_20","Morph_50","KET","Staysame","Hitother","HitOther.6","Waibira",-0.918793862092274,0.00359712230215827,0.0122302158273381
"4595","300452b","Action_63","Morph_135","KEV","Affiliation","Touch","Touch.4","Waibira",-0.328504066972036,0.00935251798561151,0.0669064748201439
"4596","300261b","Action_63","Morph_132","KEV","Affiliation","Touch","Touch.1","Waibira",-0.608806032126194,0.0179856115107914,0.0669064748201439
"4597","300443a","Action_2","Morph_4","KEV","Groom","Bigloudscratch","BigLoudScratch.2","Waibira",0.347129531095201,0.0431654676258993,0.215827338129496
"4598","300436","Action_38","Morph_77","KEV","Groom","Present","Present.3","Waibira",0.44018854416655,0.041726618705036,0.142446043165468
"4599","300443a","Action_2","Morph_6","KEV","Groom","Bigloudscratch","BigLoudScratch.4","Waibira",0.570979546585738,0.0201438848920863,0.215827338129496
"4600","300540","Action_34","Morph_65","KEV","Sexualattention","Objectshake","ObjectShake.1","Waibira",0.520577915208669,0.0158273381294964,0.0201438848920863
"4601","300248a","Action_57","Morph_115","KEV","Stopbehaviour","Stompobject","StompObject.1","Waibira",-1.19732826160727,0.020863309352518,0.0258992805755396
"4602","300005b","Action_45","Morph_101","KEV","Support","Reach","Reach.2","Waibira",-0.139262067333508,0.00863309352517986,0.097841726618705
"4603","300198","Action_33","Morph_61","KEV","Stopbehaviour","Objectmove","ObjectMove.1","Waibira",-0.53102833108351,0.018705035971223,0.0194244604316547
"4604","300198","Action_31","Morph_59","KEV","Stopbehaviour","Lunge","Lunge.1","Waibira",-0.646263594661095,0.00503597122302158,0.00503597122302158
"4605","300342a","Action_2","Morph_4","KEV","Groom","Bigloudscratch","BigLoudScratch.2","Waibira",0.318453731118535,0.0431654676258993,0.215827338129496
"4606","300446","Action_42","Morph_90","KEV","Position","Push","Push.3","Waibira",-0.579818495252942,0.00431654676258993,0.0359712230215827
"4607","300470b","Action_20","Morph_46","KEV","Affiliation","Hitother","HitOther.2","Waibira",-0.401971218853909,0.00143884892086331,0.0122302158273381
"4608","300086","Action_45","Morph_100","KEV","Giveme","Reach","Reach.1","Waibira",0.473123756581979,0.0827338129496403,0.097841726618705
"4609","300446","Action_42","Morph_95","KEV","Position","Push","Push.8","Waibira",-1.63989711991881,0.00143884892086331,0.0359712230215827
"4610","300470b","Action_11","Morph_22","KEV","Affiliation","Embrace","Embrace.1","Waibira",-0.406465608441748,0.00719424460431655,0.0165467625899281
"4611","300199","Action_45","Morph_100","KEV","Giveme","Reach","Reach.1","Waibira",1.07704811075227,0.0827338129496403,0.097841726618705
"4612","300086","Action_64","Morph_140","KEV","Giveme","Touchlongother","Touch.9","Waibira",1.87640694328834,0.00431654676258993,0.0100719424460432
"4613","300086","Action_45","Morph_100","KEV","Giveme","Reach","Reach.1","Waibira",-0.0449973659307358,0.0827338129496403,0.097841726618705
"4614","300342a","Action_38","Morph_76","KEV","Groom","Present","Present.2","Waibira",0.551583616238158,0.0251798561151079,0.142446043165468
"4615","300429","Action_42","Morph_89","KEV","Position","Push","Push.2","Waibira",-1.02443289049386,0.0115107913669065,0.0359712230215827
"4616","300428","Action_42","Morph_89","KEV","Position","Push","Push.2","Waibira",-0.7339691750802,0.0115107913669065,0.0359712230215827
"4617","300427b","Action_2","Morph_3","KEV","Groom","Bigloudscratch","BigLoudScratch.1","Waibira",0.564745465755421,0.0928057553956834,0.215827338129496
"4618","300430","Action_38","Morph_77","KEV","Directattention","Present","Present.3","Waibira",0.770108221696074,0.041726618705036,0.142446043165468
"4619","300453a","Action_59","Morph_125","KEV","Affiliation","Stroke","Stroke.2","Waibira",-0.328504066972036,0.00287769784172662,0.00575539568345324
"4620","300453a","Action_63","Morph_134","KEV","Affiliation","Touch","Touch.3","Waibira",-1.02165124753198,0.0115107913669065,0.0669064748201439
"4621","300453a","Action_45","Morph_100","KEV","Affiliation","Reach","Reach.1","Waibira",-0.328504066972036,0.0827338129496403,0.097841726618705
"4622","300639","Action_59","Morph_126","KIB","Staysame","Stroke","Stroke.3","Waibira",-0.278392025544688,0.000719424460431655,0.00575539568345324
"4623","300640","Action_60","Morph_127","KIB","Play","Swing","Swing.1","Waibira",1.07124109187198,0.0165467625899281,0.0172661870503597
"4624","300640","Action_13","Morph_27","KIB","Play","Fling","Fling.1","Waibira",-0.230671817735001,0.0165467625899281,0.0172661870503597
"4625","300404","Action_4","Morph_9","KID","Staysame","Bitekiss","Bite.1","Waibira",-0.916290731874155,0.00575539568345324,0.00719424460431655
"4626","300377","Action_4","Morph_11","KID","Affiliation","Bitekiss","Bite.3","Waibira",-1.42711635564015,0.00215827338129496,0.00719424460431655
"4627","300638","Action_55","Morph_116","KIL","Play","Stompingobject","StompObject.2","Waibira",-0.375420986759788,0.000719424460431655,0.00431654676258993
"4628","300769","Action_43","Morph_96","KIL","Groom","Raise","Raise.1","Waibira",0.107059072293408,0.0258992805755396,0.0316546762589928
"4629","300129","Action_38","Morph_77","KIL","Directattention","Present","Present.3","Waibira",0.923861997370473,0.041726618705036,0.142446043165468
"4630","300773","Action_38","Morph_76","KIL","Groom","Present","Present.2","Waibira",0.591668011610091,0.0251798561151079,0.142446043165468
"4631","300769","Action_38","Morph_75","KIL","Groom","Present","Present.1","Waibira",0.3859424416193,0.0330935251798561,0.142446043165468
"4632","300128","Action_2","Morph_3","KIL","Groom","Bigloudscratch","BigLoudScratch.1","Waibira",0.212689093410351,0.0928057553956834,0.215827338129496
"4633","300769","Action_2","Morph_3","KIL","Groom","Bigloudscratch","BigLoudScratch.1","Waibira",0.0723206615796261,0.0928057553956834,0.215827338129496
"4634","300130","Action_38","Morph_78","KIL","Directattention","Present","Present.4","Waibira",-0.321583624127462,0.0287769784172662,0.142446043165468
"4635","300560","Action_39","Morph_83","KIL","Sociosexualattention","Presentgenitalsbackwards","PresentGenitals.2","Waibira",0.27763173659828,0.0107913669064748,0.0402877697841727
"4636","300873a","Action_38","Morph_77","KIL","Groom","Present","Present.3","Waibira",1.14676733055516,0.041726618705036,0.142446043165468
"4637","300715","Action_63","Morph_134","KIL","Staysame","Touch","Touch.3","Waibira",-1.42711635564015,0.0115107913669065,0.0669064748201439
"4638","300715","Action_43","Morph_96","KIL","Staysame","Raise","Raise.1","Waibira",-0.579818495252942,0.0258992805755396,0.0316546762589928
"4639","300163","Action_38","Morph_75","KIP","Directattention","Present","Present.1","Waibira",0.617345467143663,0.0330935251798561,0.142446043165468
"4640","300127","Action_38","Morph_75","KIP","Directattention","Present","Present.1","Waibira",0.996579563102958,0.0330935251798561,0.142446043165468
"4641","300534","Action_63","Morph_134","KIP","Takeobjectnurse","Touch","Touch.3","Waibira",-0.941608539858445,0.0115107913669065,0.0669064748201439
"4642","300771","Action_17","Morph_39","KIP","Moveaway","Hitobject","HitObject.1","Waibira",-0.691149177897272,0.041726618705036,0.0482014388489209
"4643","300771","Action_17","Morph_41","KIP","Moveaway","Hitobject","HitObject.3","Waibira",-0.949330585952355,0.00431654676258993,0.0482014388489209
"4644","300771","Action_57","Morph_115","KIP","Moveaway","Stompobject","StompObject.1","Waibira",-0.858021823750179,0.020863309352518,0.0258992805755396
"4645","300771","Action_17","Morph_39","KIP","Moveaway","Hitobject","HitObject.1","Waibira",-0.544727175441672,0.041726618705036,0.0482014388489209
"4646","300772","Action_21","Morph_42","KIP","Moveaway","Hittingobject","HitObject.4","Waibira",-0.478035800943,0.00431654676258993,0.00719424460431655
"4647","300862","Action_14","Morph_33","LAF","Sociosexualattention","Grab","Grab.5","Waibira",0.0667236320429081,0.00287769784172662,0.0107913669064748
"4648","300666a","Action_2","Morph_3","LAF","Groom","Bigloudscratch","BigLoudScratch.1","Waibira",0.56531380905006,0.0928057553956834,0.215827338129496
"4649","300730","Action_45","Morph_100","LAF","Staysame","Reach","Reach.1","Waibira",0.564176799262985,0.0827338129496403,0.097841726618705
"4650","300833","Action_63","Morph_136","LAF","Staysame","Touch","Touch.5","Waibira",-0.44628710262842,0.00719424460431655,0.0669064748201439
"4651","300635b","Action_38","Morph_76","LAF","Groom","Present","Present.2","Waibira",0.211070970079941,0.0251798561151079,0.142446043165468
"4652","300851a","Action_2","Morph_3","LAF","Groom","Bigloudscratch","BigLoudScratch.1","Waibira",0.494086299761693,0.0928057553956834,0.215827338129496
"4653","300679","Action_45","Morph_101","LAF","Giveme","Reach","Reach.2","Waibira",-0.390084006069862,0.00863309352517986,0.097841726618705
"4654","300678a","Action_40","Morph_82","LAF","Sociosexualattention","Presentgenitalsforwards","PresentGenitals.1","Waibira",0.671923544108319,0.0474820143884892,0.0179856115107914
"4655","300397b","Action_45","Morph_100","LAF","Staysame","Reach","Reach.1","Waibira",-1.63989711991881,0.0827338129496403,0.097841726618705
"4656","300175","Action_63","Morph_132","LAF","Affiliation","Touch","Touch.1","Waibira",0.0695260626486103,0.0179856115107914,0.0669064748201439
"4657","300340","Action_4","Morph_16","LAF","Staysame","Bitekiss","Bite.8","Waibira",0.369492447649347,0.00143884892086331,0.00719424460431655
"4658","300808","Action_4","Morph_13","LAF","Affiliation","Bitekiss","Bite.5","Waibira",0.806029337616618,0.00215827338129496,0.00719424460431655
"4659","300675","Action_11","Morph_22","LAM","Play","Embrace","Embrace.1","Waibira",0.107957141505092,0.00719424460431655,0.0165467625899281
"4660","300676a","Action_11","Morph_23","LAM","Play","Embrace","Embrace.2","Waibira",0.336472236621213,0.00359712230215827,0.0165467625899281
"4661","300676a","Action_41","Morph_87","LAM","Play","Pull","Pull.4","Waibira",-0.449416995637347,0.00215827338129496,0.0280575539568345
"4662","300676a","Action_41","Morph_87","LAM","Play","Pull","Pull.4","Waibira",-0.677273831403655,0.00215827338129496,0.0280575539568345
"4663","300676a","Action_41","Morph_87","LAM","Play","Pull","Pull.4","Waibira",1.17402892795286,0.00215827338129496,0.0280575539568345
"4664","300676a","Action_23","Morph_47","LAM","Play","Hittingother","HitOther.3","Waibira",0.213497174262404,0.00719424460431655,0.00719424460431655
"4665","300675","Action_3","Morph_9","LAM","Play","Bite","Bite.1","Waibira",-0.336872316642553,0.00575539568345324,0.0115107913669065
"4666","300465","Action_55","Morph_117","LAM","Play","Stompingobject","StompObject.3","Waibira",-0.277071893339765,0.00287769784172662,0.00431654676258993
"4667","300465","Action_2","Morph_5","LAM","Play","Bigloudscratch","BigLoudScratch.3","Waibira",0.148420005118273,0.0424460431654676,0.215827338129496
"4668","300465","Action_55","Morph_NA","LAM","Play","Stompingobject",NA,"Waibira",-0.209487224866724,0.0359712230215827,0.00431654676258993
"4669","300674a","Action_17","Morph_42","LAM","Sociosexualattention","Hitobject","HitObject.4","Waibira",-0.385662480811985,0.00431654676258993,0.0482014388489209
"4670","300674a","Action_39","Morph_83","LAM","Sociosexualattention","Presentgenitalsbackwards","PresentGenitals.2","Waibira",0.129272335704139,0.0107913669064748,0.0402877697841727
"4671","300216","Action_38","Morph_75","LAM","Directattention","Present","Present.1","Waibira",1.46856535355268,0.0330935251798561,0.142446043165468
"4672","300215","Action_41","Morph_85","LAM","Position","Pull","Pull.2","Waibira",-0.44628710262842,0.0115107913669065,0.0280575539568345
"4673","300217","Action_38","Morph_77","LAM","Directattention","Present","Present.3","Waibira",1.88888617995878,0.041726618705036,0.142446043165468
"4674","300217","Action_2","Morph_3","LAM","Directattention","Bigloudscratch","BigLoudScratch.1","Waibira",-0.0586889963486796,0.0928057553956834,0.215827338129496
"4675","300293","Action_64","Morph_133","LAM","Climbonyou","Touchlongother","Touch.2","Waibira",-0.136965855073157,0.00863309352517986,0.0100719424460432
"4676","300271","Action_57","Morph_119","LAM","Play","Stompobject","StompObject.5","Waibira",-0.627359440021942,0.00431654676258993,0.0258992805755396
"4677","300274","Action_57","Morph_119","LAM","Attendme","Stompobject","StompObject.5","Waibira",-0.154317360384357,0.00431654676258993,0.0258992805755396
"4678","300271","Action_33","Morph_61","LAM","Play","Objectmove","ObjectMove.1","Waibira",-0.424647927524938,0.018705035971223,0.0194244604316547
"4679","300274","Action_57","Morph_119","LAM","Attendme","Stompobject","StompObject.5","Waibira",-0.393042588109607,0.00431654676258993,0.0258992805755396
"4680","300274","Action_57","Morph_115","LAM","Attendme","Stompobject","StompObject.1","Waibira",-0.452556715642015,0.020863309352518,0.0258992805755396
"4681","300274","Action_33","Morph_61","LAM","Attendme","Objectmove","ObjectMove.1","Waibira",0.285178942233662,0.018705035971223,0.0194244604316547
"4682","300271","Action_63","Morph_133","LAM","Play","Touch","Touch.2","Waibira",-1.41469383564159,0.00863309352517986,0.0669064748201439
"4683","300653","Action_14","Morph_29","LAM","Playcontinue","Grab","Grab.1","Waibira",-0.473208760194684,0.00359712230215827,0.0107913669064748
"4684","300685","Action_20","Morph_45","LAM","Play","Hitother","HitOther.1","Waibira",-0.239527030564734,0.00647482014388489,0.0122302158273381
"4685","300062","Action_17","Morph_40","LAM","Play","Hitobject","HitObject.2","Waibira",-0.186329578191493,0.00359712230215827,0.0482014388489209
"4686","300170a","Action_2","Morph_4","LAN","Sexualattention","Bigloudscratch","BigLoudScratch.2","Waibira",0.362557607096888,0.0431654676258993,0.215827338129496
"4687","300170a","Action_47","Morph_103","LAN","Sexualattention","Rockingsit","Rocking.1","Waibira",0.0285874568519125,0.00863309352517986,0.00863309352517986
"4688","300135a","Action_38","Morph_76","LIL","Groom","Present","Present.2","Waibira",-0.313341819232359,0.0251798561151079,0.142446043165468
"4689","300135a","Action_43","Morph_96","LIL","Groom","Raise","Raise.1","Waibira",-0.713349887877465,0.0258992805755396,0.0316546762589928
"4690","300136b","Action_38","Morph_76","LIL","Directattention","Present","Present.2","Waibira",0.823736750263547,0.0251798561151079,0.142446043165468
"4691","300135a","Action_20","Morph_50","LIL","Groom","Hitother","HitOther.6","Waibira",-1.72597172869005,0.00359712230215827,0.0122302158273381
"4692","300248b","Action_43","Morph_96","LIL","Affiliation","Raise","Raise.1","Waibira",-0.424647927524938,0.0258992805755396,0.0316546762589928
"4693","300248b","Action_45","Morph_100","LIL","Affiliation","Reach","Reach.1","Waibira",-0.193584749072665,0.0827338129496403,0.097841726618705
"4694","300248b","Action_43","Morph_96","LIL","Affiliation","Raise","Raise.1","Waibira",0.00299550897979837,0.0258992805755396,0.0316546762589928
"4695","300843a","Action_45","Morph_100","LIL","Affiliation","Reach","Reach.1","Waibira",0.891588119233783,0.0827338129496403,0.097841726618705
"4696","300195","Action_33","Morph_61","LIR","Moveaway","Objectmove","ObjectMove.1","Waibira",-0.867500567704723,0.018705035971223,0.0194244604316547
"4697","300195","Action_57","Morph_115","LIR","Moveaway","Stompobject","StompObject.1","Waibira",-0.867500567704723,0.020863309352518,0.0258992805755396
"4698","300210","Action_43","Morph_96","LIR","Takeobjectnurse","Raise","Raise.1","Waibira",-0.0418642040986989,0.0258992805755396,0.0316546762589928
"4699","300878","Action_45","Morph_100","LIR","Travel","Reach","Reach.1","Waibira",0.113328685307003,0.0827338129496403,0.097841726618705
"4700","300211","Action_38","Morph_75","LIR","Directattention","Present","Present.1","Waibira",1.48794801484639,0.0330935251798561,0.142446043165468
"4701","300681","Action_42","Morph_92","LIR","Takeobjectnurse","Push","Push.5","Waibira",-0.328504066972036,0.00431654676258993,0.0359712230215827
"4702","300681","Action_42","Morph_88","LIR","Takeobjectnurse","Push","Push.1","Waibira",-0.145025772050258,0.0115107913669065,0.0359712230215827
"4703","300272","Action_42","Morph_92","LIR","Stopbehaviour","Push","Push.5","Waibira",-0.105360515657826,0.00431654676258993,0.0359712230215827
"4704","300815","Action_39","Morph_82","LIR","Sexualattention","Presentgenitalsbackwards","PresentGenitals.1","Waibira",1.17279168684236,0.0474820143884892,0.0402877697841727
"4705","300090a","Action_45","Morph_100","LIZ","Affiliation","Reach","Reach.1","Waibira",-0.742337424750717,0.0827338129496403,0.097841726618705
"4706","300090a","Action_63","Morph_135","LIZ","Affiliation","Touch","Touch.4","Waibira",-0.0140989243795016,0.00935251798561151,0.0669064748201439
"4707","300071","Action_43","Morph_96","LIZ","Giveme","Raise","Raise.1","Waibira",0.157003748809665,0.0258992805755396,0.0316546762589928
"4708","300070","Action_41","Morph_NA","LIZ","Giveme","Pull",NA,"Waibira",-1.08470938349912,0.0359712230215827,0.0280575539568345
"4709","300070","Action_41","Morph_84","LIZ","Giveme","Pull","Pull.1","Waibira",-1.20731170559145,0.0079136690647482,0.0280575539568345
"4710","300071","Action_2","Morph_NA","LIZ","Giveme","Bigloudscratch",NA,"Waibira",0.60267527739587,0.0359712230215827,0.215827338129496
"4711","300071","Action_45","Morph_100","LIZ","Giveme","Reach","Reach.1","Waibira",-0.783071888087932,0.0827338129496403,0.097841726618705
"4712","300071","Action_45","Morph_100","LIZ","Giveme","Reach","Reach.1","Waibira",-0.269187489815617,0.0827338129496403,0.097841726618705
"4713","300516","Action_41","Morph_84","LIZ","Giveme","Pull","Pull.1","Waibira",-0.0222456089473197,0.0079136690647482,0.0280575539568345
"4714","300516","Action_45","Morph_100","LIZ","Giveme","Reach","Reach.1","Waibira",0.137149838147234,0.0827338129496403,0.097841726618705
"4715","300516","Action_41","Morph_84","LIZ","Giveme","Pull","Pull.1","Waibira",0.693647055601596,0.0079136690647482,0.0280575539568345
"4716","300516","Action_45","Morph_100","LIZ","Giveme","Reach","Reach.1","Waibira",-0.0439518875291828,0.0827338129496403,0.097841726618705
"4717","300526","Action_38","Morph_79","LIZ","Groom","Present","Present.5","Waibira",0.400787518557053,0.00359712230215827,0.142446043165468
"4718","300099a","Action_15","Morph_36","LIZ","Play","Grabhold","GrabHold.2","Waibira",0.990284411782481,0.00359712230215827,0.0107913669064748
"4719","300187","Action_63","Morph_139","LIZ","Play","Touch","Touch.8","Waibira",-0.783071888087932,0.00287769784172662,0.0669064748201439
"4720","300187","Action_64","Morph_139","LIZ","Play","Touchlongother","Touch.8","Waibira",0.962792565525575,0.00287769784172662,0.0100719424460432
"4721","300187","Action_63","Morph_139","LIZ","Play","Touch","Touch.8","Waibira",-1.84516024595517,0.00287769784172662,0.0669064748201439
"4722","300310b","Action_43","Morph_96","LIZ","Play","Raise","Raise.1","Waibira",0.148420005118273,0.0258992805755396,0.0316546762589928
"4723","300077","Action_13","Morph_27","LIZ","Moveaway","Fling","Fling.1","Waibira",-0.621757184473272,0.0165467625899281,0.0172661870503597
"4724","300077","Action_13","Morph_27","LIZ","Moveaway","Fling","Fling.1","Waibira",-0.151986356997882,0.0165467625899281,0.0172661870503597
"4725","300005a","Action_45","Morph_100","LKU","Support","Reach","Reach.1","Waibira",-0.514164525031505,0.0827338129496403,0.097841726618705
"4726","300003","Action_39","Morph_83","LKU","Affiliation","Presentgenitalsbackwards","PresentGenitals.2","Waibira",0.605408266251939,0.0107913669064748,0.0402877697841727
"4727","300276b","Action_20","Morph_45","LKU","Stopbehaviour","Hitother","HitOther.1","Waibira",-0.699165252885508,0.00647482014388489,0.0122302158273381
"4728","300281","Action_17","Morph_39","LKU","Sexualattention","Hitobject","HitObject.1","Waibira",-0.454130280089445,0.041726618705036,0.0482014388489209
"4729","300281","Action_61","Morph_130","LKU","Sexualattention","Throwobject","ThrowObject.1","Waibira",-0.127833371509885,0.00503597122302158,0.00503597122302158
"4730","300281","Action_2","Morph_3","LKU","Sexualattention","Bigloudscratch","BigLoudScratch.1","Waibira",0.288931291852213,0.0928057553956834,0.215827338129496
"4731","300281","Action_57","Morph_118","LKU","Sexualattention","Stompobject","StompObject.4","Waibira",-0.980829253011726,0.000719424460431655,0.0258992805755396
"4732","300281","Action_57","Morph_119","LKU","Sexualattention","Stompobject","StompObject.5","Waibira",-0.368169323364468,0.00431654676258993,0.0258992805755396
"4733","300281","Action_57","Morph_115","LKU","Sexualattention","Stompobject","StompObject.1","Waibira",-0.489390343045926,0.020863309352518,0.0258992805755396
"4734","300281","Action_43","Morph_97","LKU","Sexualattention","Raise","Raise.2","Waibira",-0.744440474947496,0.00575539568345324,0.0316546762589928
"4735","300281","Action_61","Morph_130","LKU","Sexualattention","Throwobject","ThrowObject.1","Waibira",-0.336872316642553,0.00503597122302158,0.00503597122302158
"4736","300819","Action_61","Morph_130","LKU","Moveaway","Throwobject","ThrowObject.1","Waibira",-0.661648513500574,0.00503597122302158,0.00503597122302158
"4737","300820","Action_61","Morph_130","LKU","Moveaway","Throwobject","ThrowObject.1","Waibira",-0.334075112021491,0.00503597122302158,0.00503597122302158
"4738","300004","Action_13","Morph_27","LKU","Moveaway","Fling","Fling.1","Waibira",-0.663588378318401,0.0165467625899281,0.0172661870503597
"4739","300004","Action_13","Morph_27","LKU","Moveaway","Fling","Fling.1","Waibira",-0.707246104939447,0.0165467625899281,0.0172661870503597
"4740","300087","Action_15","Morph_36","LOT","Affiliation","Grabhold","GrabHold.2","Waibira",0.181487876045377,0.00359712230215827,0.0107913669064748
"4741","300125a","Action_39","Morph_82","LOT","Support","Presentgenitalsbackwards","PresentGenitals.1","Waibira",-0.0790432073404529,0.0474820143884892,0.0402877697841727
"4742","300517a","Action_3","Morph_11","LOT","Support","Bite","Bite.3","Waibira",-0.0790432073404529,0.00215827338129496,0.0115107913669065
"4743","300504a","Action_39","Morph_83","LOT","Affiliation","Presentgenitalsbackwards","PresentGenitals.2","Waibira",0.108854404912082,0.0107913669064748,0.0402877697841727
"4744","300567","Action_63","Morph_133","LOT","Affiliation","Touch","Touch.2","Waibira",-0.713349887877465,0.00863309352517986,0.0669064748201439
"4745","300517a","Action_39","Morph_82","LOT","Support","Presentgenitalsbackwards","PresentGenitals.1","Waibira",0.551007413398823,0.0474820143884892,0.0402877697841727
"4746","300569b","Action_63","Morph_132","LOT","Affiliation","Touch","Touch.1","Waibira",-1.25176346816228,0.0179856115107914,0.0669064748201439
"4747","300569b","Action_63","Morph_134","LOT","Affiliation","Touch","Touch.3","Waibira",-0.84863208340034,0.0115107913669065,0.0669064748201439
"4748","300569b","Action_63","Morph_132","LOT","Affiliation","Touch","Touch.1","Waibira",-0.026343975339602,0.0179856115107914,0.0669064748201439
"4749","300804","Action_39","Morph_82","LOT","Sexualattention","Presentgenitalsbackwards","PresentGenitals.1","Waibira",0.910674993088519,0.0474820143884892,0.0402877697841727
"4750","300518","Action_15","Morph_35","LOT","Giveme","Grabhold","GrabHold.1","Waibira",1.22612560896707,0.00575539568345324,0.0107913669064748
"4751","300519","Action_2","Morph_7","LOT","Groom","Bigloudscratch","BigLoudScratch.5","Waibira",0.665775983763813,0.00647482014388489,0.215827338129496
"4752","300518","Action_63","Morph_132","LOT","Giveme","Touch","Touch.1","Waibira",0.322083499169113,0.0179856115107914,0.0669064748201439
"4753","300518","Action_63","Morph_138","LOT","Giveme","Touch","Touch.7","Waibira",-0.192371892647456,0.00215827338129496,0.0669064748201439
"4754","300074","Action_43","Morph_96","LOT","Climbonme","Raise","Raise.1","Waibira",-0.20089294237939,0.0258992805755396,0.0316546762589928
"4755","300123","Action_41","Morph_86","LOT","Climbonme","Pull","Pull.3","Waibira",0.195566783543975,0.00503597122302158,0.0280575539568345
"4756","300123","Action_41","Morph_86","LOT","Climbonme","Pull","Pull.3","Waibira",0.217527812528574,0.00503597122302158,0.0280575539568345
"4757","300123","Action_41","Morph_84","LOT","Climbonme","Pull","Pull.1","Waibira",-0.663588378318401,0.0079136690647482,0.0280575539568345
"4758","300074","Action_38","Morph_77","LOT","Climbonme","Present","Present.3","Waibira",0.784814369085769,0.041726618705036,0.142446043165468
"4759","300123","Action_41","Morph_85","LOT","Climbonme","Pull","Pull.2","Waibira",-1.08767234862978,0.0115107913669065,0.0280575539568345
"4760","300098","Action_38","Morph_75","LOT","Groom","Present","Present.1","Waibira",0.968503603321089,0.0330935251798561,0.142446043165468
"4761","300312","Action_14","Morph_33","LOT","Affiliation","Grab","Grab.5","Waibira",-1.13943428318836,0.00287769784172662,0.0107913669064748
"4762","300312","Action_63","Morph_136","LOT","Affiliation","Touch","Touch.5","Waibira",-0.385662480811985,0.00719424460431655,0.0669064748201439
"4763","300088","Action_63","Morph_134","LOT","Affiliation","Touch","Touch.3","Waibira",0.72124861067082,0.0115107913669065,0.0669064748201439
"4764","300506","Action_39","Morph_82","LOT","Sexualattention","Presentgenitalsbackwards","PresentGenitals.1","Waibira",-0.287682072451781,0.0474820143884892,0.0402877697841727
"4765","300099b","Action_63","Morph_137","LTS","Stopbehaviour","Touch","Touch.6","Waibira",-0.328504066972036,0.00647482014388489,0.0669064748201439
"4766","300241","Action_14","Morph_32","LTS","Climbonyou","Grab","Grab.4","Waibira",-0.118783535989967,0.00287769784172662,0.0107913669064748
"4767","300825","Action_33","Morph_61","MAC","Sexualattention","Objectmove","ObjectMove.1","Waibira",-0.180323554131282,0.018705035971223,0.0194244604316547
"4768","300825","Action_33","Morph_61","MAC","Sexualattention","Objectmove","ObjectMove.1","Waibira",-0.586986984731555,0.018705035971223,0.0194244604316547
"4769","300736","Action_40","Morph_82","MAC","Sexualattention","Presentgenitalsforwards","PresentGenitals.1","Waibira",0.535908404133454,0.0474820143884892,0.0179856115107914
"4770","300825","Action_34","Morph_65","MAC","Sexualattention","Objectshake","ObjectShake.1","Waibira",0.60103189165214,0.0158273381294964,0.0201438848920863
"4771","300825","Action_34","Morph_65","MAC","Sexualattention","Objectshake","ObjectShake.1","Waibira",0.302324349188651,0.0158273381294964,0.0201438848920863
"4772","300825","Action_27","Morph_55","MAC","Sexualattention","Leafclip","LeafClip.2","Waibira",1.28564495296996,0.00863309352517986,0.0115107913669065
"4773","300374","Action_21","Morph_43","MAC","Staysame","Hittingobject","HitObject.5","Waibira",-0.0408219945202552,0.00359712230215827,0.00719424460431655
"4774","300374","Action_45","Morph_100","MAC","Staysame","Reach","Reach.1","Waibira",-1.13943428318836,0.0827338129496403,0.097841726618705
"4775","300376a","Action_38","Morph_NA","MAC","Groom","Present",NA,"Waibira",0.387979793767145,0.0359712230215827,0.142446043165468
"4776","300698b","Action_45","Morph_100","MAC","Affiliation","Reach","Reach.1","Waibira",0.357674444271816,0.0827338129496403,0.097841726618705
"4777","300733b","Action_38","Morph_76","MAC","Groom","Present","Present.2","Waibira",-0.0408219945202552,0.0251798561151079,0.142446043165468
"4778","300731b","Action_2","Morph_5","MAC","Groom","Bigloudscratch","BigLoudScratch.3","Waibira",0.470003629245736,0.0424460431654676,0.215827338129496
"4779","300299a","Action_2","Morph_3","MAC","Directattention","Bigloudscratch","BigLoudScratch.1","Waibira",0.251536625815428,0.0928057553956834,0.215827338129496
"4780","300733b","Action_2","Morph_5","MAC","Groom","Bigloudscratch","BigLoudScratch.3","Waibira",0.0610950993598108,0.0424460431654676,0.215827338129496
"4781","300734a","Action_2","Morph_3","MAC","Groom","Bigloudscratch","BigLoudScratch.1","Waibira",0.364643113587909,0.0928057553956834,0.215827338129496
"4782","300138b","Action_2","Morph_3","MAC","Groom","Bigloudscratch","BigLoudScratch.1","Waibira",0.0685927914656117,0.0928057553956834,0.215827338129496
"4783","300844b","Action_14","Morph_33","MAC","Affiliation","Grab","Grab.5","Waibira",-0.44628710262842,0.00287769784172662,0.0107913669064748
"4784","300299a","Action_38","Morph_77","MAC","Directattention","Present","Present.3","Waibira",1.35196168203939,0.041726618705036,0.142446043165468
"4785","300732b","Action_2","Morph_4","MAC","Groom","Bigloudscratch","BigLoudScratch.2","Waibira",0.392042087776024,0.0431654676258993,0.215827338129496
"4786","300732b","Action_38","Morph_77","MAC","Groom","Present","Present.3","Waibira",0.78845736036427,0.041726618705036,0.142446043165468
"4787","300734a","Action_38","Morph_77","MAC","Groom","Present","Present.3","Waibira",0.669878553620591,0.041726618705036,0.142446043165468
"4788","300109a","Action_63","Morph_134","MAC","Affiliation","Touch","Touch.3","Waibira",-0.366725279792234,0.0115107913669065,0.0669064748201439
"4789","300109a","Action_4","Morph_13","MAC","Affiliation","Bitekiss","Bite.5","Waibira",0.372941916402604,0.00215827338129496,0.00719424460431655
"4790","300109a","Action_11","Morph_24","MAC","Affiliation","Embrace","Embrace.3","Waibira",-1.53711725085447,0.00431654676258993,0.0165467625899281
"4791","300714","Action_11","Morph_22","MAC","Affiliation","Embrace","Embrace.1","Waibira",-0.22314355131421,0.00719424460431655,0.0165467625899281
"4792","300719b","Action_23","Morph_47","MAC","Affiliation","Hittingother","HitOther.3","Waibira",0.452348694007015,0.00719424460431655,0.00719424460431655
"4793","300345","Action_2","Morph_3","MAC","Groom","Bigloudscratch","BigLoudScratch.1","Waibira",0.587786664902119,0.0928057553956834,0.215827338129496
"4794","300339","Action_2","Morph_4","MAC","Directattention","Bigloudscratch","BigLoudScratch.2","Waibira",0.246860077931526,0.0431654676258993,0.215827338129496
"4795","300181","Action_38","Morph_78","MAC","Directattention","Present","Present.4","Waibira",1.01523067972906,0.0287769784172662,0.142446043165468
"4796","300180","Action_38","Morph_76","MAC","Directattention","Present","Present.2","Waibira",0.319907219746518,0.0251798561151079,0.142446043165468
"4797","300535","Action_42","Morph_90","MAC","Position","Push","Push.3","Waibira",0.0188217542405877,0.00431654676258993,0.0359712230215827
"4798","300537a","Action_2","Morph_4","MAC","Groom","Bigloudscratch","BigLoudScratch.2","Waibira",0.0815799869924228,0.0431654676258993,0.215827338129496
"4799","300535","Action_2","Morph_5","MAC","Position","Bigloudscratch","BigLoudScratch.3","Waibira",0.0544881852840698,0.0424460431654676,0.215827338129496
"4800","300490","Action_39","Morph_83","MAS","Staysame","Presentgenitalsbackwards","PresentGenitals.2","Waibira",-0.763569644856491,0.0107913669064748,0.0402877697841727
"4801","300007","Action_55","Morph_117","MAS","Moveaway","Stompingobject","StompObject.3","Waibira",-0.179126665897435,0.00287769784172662,0.00431654676258993
"4802","300543a","Action_2","Morph_5","MAS","Groom","Bigloudscratch","BigLoudScratch.3","Waibira",0.77794778225241,0.0424460431654676,0.215827338129496
"4803","300393b","Action_45","Morph_101","MAS","Staysame","Reach","Reach.2","Waibira",-0.450985623409974,0.00863309352517986,0.097841726618705
"4804","300396","Action_45","Morph_100","MAS","Staysame","Reach","Reach.1","Waibira",-0.397496938458987,0.0827338129496403,0.097841726618705
"4805","300578a","Action_42","Morph_89","MIK","Groom","Push","Push.2","Waibira",-0.253602758798918,0.0115107913669065,0.0359712230215827
"4806","300577","Action_42","Morph_90","MIK","Position","Push","Push.3","Waibira",0.509825123432407,0.00431654676258993,0.0359712230215827
"4807","300574a","Action_38","Morph_77","MIK","Groom","Present","Present.3","Waibira",-0.0965109003808437,0.041726618705036,0.142446043165468
"4808","300578a","Action_2","Morph_NA","MIK","Groom","Bigloudscratch",NA,"Waibira",0.587230954968396,0.0359712230215827,0.215827338129496
"4809","300574a","Action_2","Morph_3","MIK","Groom","Bigloudscratch","BigLoudScratch.1","Waibira",0.273075920062419,0.0928057553956834,0.215827338129496
"4810","300468","Action_39","Morph_82","MN","Sexualattention","Presentgenitalsbackwards","PresentGenitals.1","Waibira",0.0554347068881005,0.0474820143884892,0.0402877697841727
"4811","300555b","Action_38","Morph_76","MN","Groom","Present","Present.2","Waibira",1.08822519578162,0.0251798561151079,0.142446043165468
"4812","300553","Action_2","Morph_4","MN","Groom","Bigloudscratch","BigLoudScratch.2","Waibira",0.41607528722018,0.0431654676258993,0.215827338129496
"4813","300544a","Action_38","Morph_75","MN","Groom","Present","Present.1","Waibira",0.417393678973438,0.0330935251798561,0.142446043165468
"4814","300553","Action_38","Morph_75","MN","Groom","Present","Present.1","Waibira",0.728996833453643,0.0330935251798561,0.142446043165468
"4815","300259","Action_31","Morph_59","MN","Moveaway","Lunge","Lunge.1","Waibira",-0.151986356997882,0.00503597122302158,0.00503597122302158
"4816","300126","Action_17","Morph_39","MN","Staysame","Hitobject","HitObject.1","Waibira",-0.515838165589535,0.041726618705036,0.0482014388489209
"4817","300150a","Action_20","Morph_45","MN","Moveaway","Hitother","HitOther.1","Waibira",-0.709276562489829,0.00647482014388489,0.0122302158273381
"4818","300260a","Action_63","Morph_132","MN","Affiliation","Touch","Touch.1","Waibira",0.0119285708652738,0.0179856115107914,0.0669064748201439
"4819","300481b","Action_38","Morph_76","MOR","Groom","Present","Present.2","Waibira",0.770108221696074,0.0251798561151079,0.142446043165468
"4820","300406b","Action_39","Morph_82","MOR","Sociosexualattention","Presentgenitalsbackwards","PresentGenitals.1","Waibira",0,0.0474820143884892,0.0402877697841727
"4821","300480","Action_38","Morph_75","MOR","Sociosexualattention","Present","Present.1","Waibira",-0.653926467406664,0.0330935251798561,0.142446043165468
"4822","300880","Action_45","Morph_100","MRA","Playcontinue","Reach","Reach.1","Waibira",0.0382587121170903,0.0827338129496403,0.097841726618705
"4823","300879","Action_45","Morph_100","MRA","Play","Reach","Reach.1","Waibira",0.343589704390077,0.0827338129496403,0.097841726618705
"4824","300687","Action_38","Morph_75","MRA","Groom","Present","Present.1","Waibira",-0.133531392624523,0.0330935251798561,0.142446043165468
"4825","300883","Action_15","Morph_35","MRA","Giveme","Grabhold","GrabHold.1","Waibira",1.05117121406797,0.00575539568345324,0.0107913669064748
"4826","300884","Action_14","Morph_29","MRA","Giveme","Grab","Grab.1","Waibira",0.691646054433678,0.00359712230215827,0.0107913669064748
"4827","300883","Action_14","Morph_29","MRA","Giveme","Grab","Grab.1","Waibira",-0.586986984731555,0.00359712230215827,0.0107913669064748
"4828","300884","Action_15","Morph_35","MRA","Giveme","Grabhold","GrabHold.1","Waibira",1.31479835941482,0.00575539568345324,0.0107913669064748
"4829","300883","Action_15","Morph_35","MRA","Giveme","Grabhold","GrabHold.1","Waibira",0.905027539595444,0.00575539568345324,0.0107913669064748
"4830","300883","Action_15","Morph_35","MRA","Giveme","Grabhold","GrabHold.1","Waibira",1.02961941718116,0.00575539568345324,0.0107913669064748
"4831","300557","Action_17","Morph_39","MSD","Moveaway","Hitobject","HitObject.1","Waibira",-0.780886094867952,0.041726618705036,0.0482014388489209
"4832","300812","Action_39","Morph_82","MSD","Sexualattention","Presentgenitalsbackwards","PresentGenitals.1","Waibira",-0.0512932943875506,0.0474820143884892,0.0402877697841727
"4833","300574b","Action_2","Morph_5","MSD","Groom","Bigloudscratch","BigLoudScratch.3","Waibira",0.459321780898875,0.0424460431654676,0.215827338129496
"4834","300558","Action_41","Morph_NA","MSD","Climbonme","Pull",NA,"Waibira",-0.588787165235702,0.0359712230215827,0.0280575539568345
"4835","300578b","Action_38","Morph_78","MSD","Groom","Present","Present.4","Waibira",0.553885113226438,0.0287769784172662,0.142446043165468
"4836","300578b","Action_2","Morph_6","MSD","Groom","Bigloudscratch","BigLoudScratch.4","Waibira",0.949338585920355,0.0201438848920863,0.215827338129496
"4837","300573","Action_2","Morph_3","MSD","Groom","Bigloudscratch","BigLoudScratch.1","Waibira",0.55043087835835,0.0928057553956834,0.215827338129496
"4838","300574b","Action_2","Morph_5","MSD","Groom","Bigloudscratch","BigLoudScratch.3","Waibira",0.372252973902051,0.0424460431654676,0.215827338129496
"4839","300531","Action_4","Morph_9","MUG","Staysame","Bitekiss","Bite.1","Waibira",-0.199671195129068,0.00575539568345324,0.00719424460431655
"4840","300843b","Action_45","Morph_101","MUG","Affiliation","Reach","Reach.2","Waibira",0.858661619037519,0.00863309352517986,0.097841726618705
"4841","300626","Action_38","Morph_75","MUG","Groom","Present","Present.1","Waibira",0.693647055601596,0.0330935251798561,0.142446043165468
"4842","300145","Action_38","Morph_77","MUG","Directattention","Present","Present.3","Waibira",-0.170788320980282,0.041726618705036,0.142446043165468
"4843","300860a","Action_2","Morph_5","MUG","Groom","Bigloudscratch","BigLoudScratch.3","Waibira",0.156148682489931,0.0424460431654676,0.215827338129496
"4844","300774","Action_2","Morph_4","MUG","Groom","Bigloudscratch","BigLoudScratch.2","Waibira",0.113328685307003,0.0431654676258993,0.215827338129496
"4845","300145","Action_2","Morph_3","MUG","Directattention","Bigloudscratch","BigLoudScratch.1","Waibira",0.3293037471426,0.0928057553956834,0.215827338129496
"4846","300861","Action_42","Morph_89","MUG","Position","Push","Push.2","Waibira",-0.691149177897272,0.0115107913669065,0.0359712230215827
"4847","300024b","Action_38","Morph_77","MUG","Directattention","Present","Present.3","Waibira",1.00136690422927,0.041726618705036,0.142446043165468
"4848","300173b","Action_11","Morph_22","NAL","Affiliation","Embrace","Embrace.1","Waibira",-0.149660774554406,0.00719424460431655,0.0165467625899281
"4849","300279","Action_2","Morph_7","NAL","Directattention","Bigloudscratch","BigLoudScratch.5","Waibira",0.0601539228197471,0.00647482014388489,0.215827338129496
"4850","300279","Action_38","Morph_77","NAL","Directattention","Present","Present.3","Waibira",0.567016903415733,0.041726618705036,0.142446043165468
"4851","300310a","Action_60","Morph_127","NAL","Play","Swing","Swing.1","Waibira",0.0769610411361284,0.0165467625899281,0.0172661870503597
"4852","300284","Action_38","Morph_75","NAL","Directattention","Present","Present.1","Waibira",1.38754358052032,0.0330935251798561,0.142446043165468
"4853","300511","Action_60","Morph_127","NAL","Followme","Swing","Swing.1","Waibira",0.224742272677907,0.0165467625899281,0.0172661870503597
"4854","300510","Action_2","Morph_NA","NAL","Climbonyou","Bigloudscratch",NA,"Waibira",0.198850858745165,0.0359712230215827,0.215827338129496
"4855","300068a","Action_14","Morph_32","NAL","Affiliation","Grab","Grab.4","Waibira",-0.198450938723838,0.00287769784172662,0.0107913669064748
"4856","300510","Action_41","Morph_85","NAL","Climbonyou","Pull","Pull.2","Waibira",-1.02722229258144,0.0115107913669065,0.0280575539568345
"4857","300285","Action_2","Morph_5","NAL","Groom","Bigloudscratch","BigLoudScratch.3","Waibira",0.163818085229395,0.0424460431654676,0.215827338129496
"4858","300510","Action_2","Morph_5","NAL","Climbonyou","Bigloudscratch","BigLoudScratch.3","Waibira",0.474991170756775,0.0424460431654676,0.215827338129496
"4859","300103","Action_2","Morph_6","NAL","Groom","Bigloudscratch","BigLoudScratch.4","Waibira",0.322083499169113,0.0201438848920863,0.215827338129496
"4860","300511","Action_2","Morph_4","NAL","Followme","Bigloudscratch","BigLoudScratch.2","Waibira",-0.119910296672558,0.0431654676258993,0.215827338129496
"4861","300101","Action_2","Morph_3","NAL","Groom","Bigloudscratch","BigLoudScratch.1","Waibira",0.49956243148728,0.0928057553956834,0.215827338129496
"4862","300511","Action_2","Morph_3","NAL","Followme","Bigloudscratch","BigLoudScratch.1","Waibira",-0.155484902840395,0.0928057553956834,0.215827338129496
"4863","300510","Action_41","Morph_85","NAL","Climbonyou","Pull","Pull.2","Waibira",-1.03563748950672,0.0115107913669065,0.0280575539568345
"4864","300523","Action_63","Morph_133","NAL","Play","Touch","Touch.2","Waibira",-0.0439518875291828,0.00863309352517986,0.0669064748201439
"4865","300100","Action_2","Morph_3","NAL","Groom","Bigloudscratch","BigLoudScratch.1","Waibira",0.0962188577405429,0.0928057553956834,0.215827338129496
"4866","300100","Action_2","Morph_3","NAL","Groom","Bigloudscratch","BigLoudScratch.1","Waibira",0.417393678973438,0.0928057553956834,0.215827338129496
"4867","300102","Action_2","Morph_4","NAL","Groom","Bigloudscratch","BigLoudScratch.2","Waibira",0.366031038862757,0.0431654676258993,0.215827338129496
"4868","300510","Action_41","Morph_85","NAL","Climbonyou","Pull","Pull.2","Waibira",-0.549913012474038,0.0115107913669065,0.0280575539568345
"4869","300510","Action_2","Morph_NA","NAL","Climbonyou","Bigloudscratch",NA,"Waibira",-0.204567165741274,0.0359712230215827,0.215827338129496
"4870","300510","Action_2","Morph_4","NAL","Climbonyou","Bigloudscratch","BigLoudScratch.2","Waibira",0.126632650933366,0.0431654676258993,0.215827338129496
"4871","300105b","Action_38","Morph_77","NAL","Groom","Present","Present.3","Waibira",0.63710578967632,0.041726618705036,0.142446043165468
"4872","300511","Action_2","Morph_3","NAL","Followme","Bigloudscratch","BigLoudScratch.1","Waibira",-0.420071260497527,0.0928057553956834,0.215827338129496
"4873","300103","Action_38","Morph_77","NAL","Groom","Present","Present.3","Waibira",-0.127833371509885,0.041726618705036,0.142446043165468
"4874","300510","Action_2","Morph_4","NAL","Climbonyou","Bigloudscratch","BigLoudScratch.2","Waibira",0.0825012215117438,0.0431654676258993,0.215827338129496
"4875","300283","Action_38","Morph_77","NAL","Groom","Present","Present.3","Waibira",1.14454122055651,0.041726618705036,0.142446043165468
"4876","300511","Action_2","Morph_3","NAL","Followme","Bigloudscratch","BigLoudScratch.1","Waibira",-0.320205264157341,0.0928057553956834,0.215827338129496
"4877","300067","Action_11","Morph_22","NAL","Affiliation","Embrace","Embrace.1","Waibira",0.138021297897375,0.00719424460431655,0.0165467625899281
"4878","300458","Action_45","Morph_100","NEV","Affiliation","Reach","Reach.1","Waibira",-0.460449416440924,0.0827338129496403,0.097841726618705
"4879","300620b","Action_39","Morph_82","NEV","Sexualattention","Presentgenitalsbackwards","PresentGenitals.1","Waibira",0.27763173659828,0.0474820143884892,0.0402877697841727
"4880","300323","Action_63","Morph_132","NEV","Staysame","Touch","Touch.1","Waibira",-0.00803217169726427,0.0179856115107914,0.0669064748201439
"4881","300777","Action_3","Morph_12","NEV","Staysame","Bite","Bite.4","Waibira",-0.109814866007207,0.00287769784172662,0.0115107913669065
"4882","300777","Action_63","Morph_137","NEV","Staysame","Touch","Touch.6","Waibira",-0.174353387144778,0.00647482014388489,0.0669064748201439
"4883","300743","Action_2","Morph_7","NEV","Groom","Bigloudscratch","BigLoudScratch.5","Waibira",0.418710334858185,0.00647482014388489,0.215827338129496
"4884","300628","Action_2","Morph_3","NEV","Groom","Bigloudscratch","BigLoudScratch.1","Waibira",0.306749135169007,0.0928057553956834,0.215827338129496
"4885","300348b","Action_42","Morph_88","NEV","Climbonme","Push","Push.1","Waibira",-0.27443684570176,0.0115107913669065,0.0359712230215827
"4886","300529b","Action_38","Morph_75","NEV","Groom","Present","Present.1","Waibira",0.514618422004687,0.0330935251798561,0.142446043165468
"4887","300324","Action_63","Morph_NA","NEV","Staysame","Touch",NA,"Waibira",0.617345467143663,0.0359712230215827,0.0669064748201439
"4888","300621","Action_63","Morph_137","NGO","Staysame","Touch","Touch.6","Waibira",-0.603306476560156,0.00647482014388489,0.0669064748201439
"4889","300621","Action_39","Morph_83","NGO","Staysame","Presentgenitalsbackwards","PresentGenitals.2","Waibira",0.425267735404344,0.0107913669064748,0.0402877697841727
"4890","300623","Action_14","Morph_31","NGO","Climbonyou","Grab","Grab.3","Waibira",-0.282362910974181,0.000719424460431655,0.0107913669064748
"4891","300744","Action_38","Morph_79","NGO","Groom","Present","Present.5","Waibira",0.93883469630905,0.00359712230215827,0.142446043165468
"4892","300744","Action_14","Morph_30","NGO","Groom","Grab","Grab.2","Waibira",0.113328685307003,0.000719424460431655,0.0107913669064748
"4893","300348a","Action_59","Morph_125","NIM","Climbonyou","Stroke","Stroke.2","Waibira",0.0237165266173161,0.00287769784172662,0.00575539568345324
"4894","300183","Action_2","Morph_3","NIM","Climbonyou","Bigloudscratch","BigLoudScratch.1","Waibira",0.327863862084613,0.0928057553956834,0.215827338129496
"4895","300083","Action_43","Morph_96","NIM","Climbonyou","Raise","Raise.1","Waibira",-0.742337424750717,0.0258992805755396,0.0316546762589928
"4896","300183","Action_45","Morph_100","NIM","Climbonyou","Reach","Reach.1","Waibira",0.106160195828391,0.0827338129496403,0.097841726618705
"4897","300183","Action_2","Morph_4","NIM","Climbonyou","Bigloudscratch","BigLoudScratch.2","Waibira",0.24059046491793,0.0431654676258993,0.215827338129496
"4898","300627","Action_38","Morph_75","NIM","Groom","Present","Present.1","Waibira",0.239803992207317,0.0330935251798561,0.142446043165468
"4899","300183","Action_1","Morph_1","NIM","Climbonyou","Beckon","Beckon.1","Waibira",0.68006194101129,0.00215827338129496,0.00575539568345324
"4900","300782","Action_45","Morph_101","NMK","Giveme","Reach","Reach.2","Waibira",0.708035793053696,0.00863309352517986,0.097841726618705
"4901","300874","Action_41","Morph_84","NMK","Giveme","Pull","Pull.1","Waibira",-0.586986984731555,0.0079136690647482,0.0280575539568345
"4902","300782","Action_63","Morph_140","NMK","Giveme","Touch","Touch.9","Waibira",0.084341148433751,0.00431654676258993,0.0669064748201439
"4903","300846","Action_4","Morph_9","NOA","Staysame","Bitekiss","Bite.1","Waibira",-0.083381608939051,0.00575539568345324,0.00719424460431655
"4904","300530","Action_40","Morph_82","NOA","Sexualattention","Presentgenitalsforwards","PresentGenitals.1","Waibira",-0.49593701127224,0.0474820143884892,0.0179856115107914
"4905","300497","Action_63","Morph_132","NOA","Staysame","Touch","Touch.1","Waibira",0.731887008875876,0.0179856115107914,0.0669064748201439
"4906","300528b","Action_38","Morph_75","NOA","Groom","Present","Present.1","Waibira",0.365337317017385,0.0330935251798561,0.142446043165468
"4907","300838a","Action_39","Morph_83","NOA","Sociosexualattention","Presentgenitalsbackwards","PresentGenitals.2","Waibira",-0.450985623409974,0.0107913669064748,0.0402877697841727
"4908","300314","Action_38","Morph_76","NR","Directattention","Present","Present.2","Waibira",-0.0212236364516267,0.0251798561151079,0.142446043165468
"4909","300314","Action_2","Morph_4","NR","Directattention","Bigloudscratch","BigLoudScratch.2","Waibira",0.318453731118535,0.0431654676258993,0.215827338129496
"4910","300872","Action_13","Morph_27","NR","Moveaway","Fling","Fling.1","Waibira",-0.823255865906966,0.0165467625899281,0.0172661870503597
"4911","300872","Action_13","Morph_27","NR","Moveaway","Fling","Fling.1","Waibira",-0.0460439385014068,0.0165467625899281,0.0172661870503597
"4912","300238","Action_39","Morph_82","NR","Sexualattention","Presentgenitalsbackwards","PresentGenitals.1","Waibira",0.173953307123438,0.0474820143884892,0.0402877697841727
"4913","300150b","Action_57","Morph_119","NR","Staysame","Stompobject","StompObject.5","Waibira",-0.449416995637347,0.00431654676258993,0.0258992805755396
"4914","300150b","Action_57","Morph_115","NR","Staysame","Stompobject","StompObject.1","Waibira",-0.82098055206983,0.020863309352518,0.0258992805755396
"4915","300150b","Action_57","Morph_115","NR","Staysame","Stompobject","StompObject.1","Waibira",-0.549913012474038,0.020863309352518,0.0258992805755396
"4916","300282","Action_38","Morph_NA","NR","Directattention","Present",NA,"Waibira",1.02173124433215,0.0359712230215827,0.142446043165468
"4917","300068b","Action_43","Morph_97","NR","Affiliation","Raise","Raise.2","Waibira",-0.199671195129068,0.00575539568345324,0.0316546762589928
"4918","300094b","Action_11","Morph_23","NR","Affiliation","Embrace","Embrace.2","Waibira",0.997317570516528,0.00359712230215827,0.0165467625899281
"4919","300105a","Action_2","Morph_3","NR","Groom","Bigloudscratch","BigLoudScratch.1","Waibira",0.520577915208669,0.0928057553956834,0.215827338129496
"4920","300512","Action_42","Morph_88","NR","Takeobjectnurse","Push","Push.1","Waibira",-0.102032725565152,0.0115107913669065,0.0359712230215827
"4921","300146","Action_39","Morph_82","NR","Affiliation","Presentgenitalsbackwards","PresentGenitals.1","Waibira",0.296394013053802,0.0474820143884892,0.0402877697841727
"4922","300157","Action_21","Morph_43","NR","Moveaway","Hittingobject","HitObject.5","Waibira",-0.0314906670913708,0.00359712230215827,0.00719424460431655
"4923","300157","Action_55","Morph_117","NR","Moveaway","Stompingobject","StompObject.3","Waibira",-0.16369609267079,0.00287769784172662,0.00431654676258993
"4924","300182b","Action_39","Morph_82","ONY","Sexualattention","Presentgenitalsbackwards","PresentGenitals.1","Waibira",0.00299550897979837,0.0474820143884892,0.0402877697841727
"4925","300021","Action_42","Morph_89","ONY","Position","Push","Push.2","Waibira",-0.941608539858445,0.0115107913669065,0.0359712230215827
"4926","300020","Action_38","Morph_78","ONY","Directattention","Present","Present.4","Waibira",-0.27443684570176,0.0287769784172662,0.142446043165468
"4927","300020","Action_2","Morph_3","ONY","Directattention","Bigloudscratch","BigLoudScratch.1","Waibira",0.266203040774657,0.0928057553956834,0.215827338129496
"4928","300017","Action_2","Morph_3","ONY","Directattention","Bigloudscratch","BigLoudScratch.1","Waibira",0.5675839575846,0.0928057553956834,0.215827338129496
"4929","300201","Action_45","Morph_100","ONY","Giveme","Reach","Reach.1","Waibira",0.46373401623214,0.0827338129496403,0.097841726618705
"4930","300029","Action_39","Morph_82","ONY","Sexualattention","Presentgenitalsbackwards","PresentGenitals.1","Waibira",0.237440856015034,0.0474820143884892,0.0402877697841727
"4931","300652","Action_45","Morph_100","ONY","Giveme","Reach","Reach.1","Waibira",0.491030996437811,0.0827338129496403,0.097841726618705
"4932","300032","Action_2","Morph_6","ONY","Directattention","Bigloudscratch","BigLoudScratch.4","Waibira",0.608678023933495,0.0201438848920863,0.215827338129496
"4933","300652","Action_45","Morph_100","ONY","Giveme","Reach","Reach.1","Waibira",0.182321556793955,0.0827338129496403,0.097841726618705
"4934","300650","Action_45","Morph_100","ONY","Giveme","Reach","Reach.1","Waibira",0.354873321992104,0.0827338129496403,0.097841726618705
"4935","300651a","Action_45","Morph_100","ONY","Giveme","Reach","Reach.1","Waibira",0.436963775167535,0.0827338129496403,0.097841726618705
"4936","300650","Action_45","Morph_100","ONY","Giveme","Reach","Reach.1","Waibira",0.146694379150803,0.0827338129496403,0.097841726618705
"4937","300604","Action_38","Morph_78","ONY","Directattention","Present","Present.4","Waibira",-0.449416995637347,0.0287769784172662,0.142446043165468
"4938","300031","Action_2","Morph_6","ONY","Directattention","Bigloudscratch","BigLoudScratch.4","Waibira",0.454255272277596,0.0201438848920863,0.215827338129496
"4939","300650","Action_45","Morph_100","ONY","Giveme","Reach","Reach.1","Waibira",0.153579087928301,0.0827338129496403,0.097841726618705
"4940","300652","Action_45","Morph_100","ONY","Giveme","Reach","Reach.1","Waibira",0.911479174876933,0.0827338129496403,0.097841726618705
"4941","300652","Action_45","Morph_100","ONY","Giveme","Reach","Reach.1","Waibira",0.995841010632164,0.0827338129496403,0.097841726618705
"4942","300651a","Action_45","Morph_100","ONY","Giveme","Reach","Reach.1","Waibira",0.344298672870677,0.0827338129496403,0.097841726618705
"4943","300649a","Action_45","Morph_100","ONY","Giveme","Reach","Reach.1","Waibira",0.0392207131532813,0.0827338129496403,0.097841726618705
"4944","300652","Action_45","Morph_100","ONY","Giveme","Reach","Reach.1","Waibira",0.980954245199877,0.0827338129496403,0.097841726618705
"4945","300606","Action_38","Morph_75","ONY","Directattention","Present","Present.1","Waibira",0.712459491592318,0.0330935251798561,0.142446043165468
"4946","300649a","Action_45","Morph_100","ONY","Giveme","Reach","Reach.1","Waibira",0.378436435720245,0.0827338129496403,0.097841726618705
"4947","300649a","Action_45","Morph_100","ONY","Giveme","Reach","Reach.1","Waibira",0.20294084399669,0.0827338129496403,0.097841726618705
"4948","300650","Action_45","Morph_100","ONY","Giveme","Reach","Reach.1","Waibira",-0.123298216344494,0.0827338129496403,0.097841726618705
"4949","300652","Action_45","Morph_100","ONY","Giveme","Reach","Reach.1","Waibira",-0.0714960017050699,0.0827338129496403,0.097841726618705
"4950","300647","Action_45","Morph_100","ONY","Giveme","Reach","Reach.1","Waibira",0.242946178610389,0.0827338129496403,0.097841726618705
"4951","300652","Action_45","Morph_100","ONY","Giveme","Reach","Reach.1","Waibira",0.325700139639302,0.0827338129496403,0.097841726618705
"4952","300651a","Action_45","Morph_100","ONY","Giveme","Reach","Reach.1","Waibira",-0.638658995275876,0.0827338129496403,0.097841726618705
"4953","300650","Action_45","Morph_100","ONY","Giveme","Reach","Reach.1","Waibira",-0.00501254182354429,0.0827338129496403,0.097841726618705
"4954","300032","Action_38","Morph_78","ONY","Directattention","Present","Present.4","Waibira",0.194744076792512,0.0287769784172662,0.142446043165468
"4955","300604","Action_2","Morph_6","ONY","Directattention","Bigloudscratch","BigLoudScratch.4","Waibira",0.363948427905231,0.0201438848920863,0.215827338129496
"4956","300648a","Action_45","Morph_100","ONY","Giveme","Reach","Reach.1","Waibira",0.455524307980901,0.0827338129496403,0.097841726618705
"4957","300031","Action_38","Morph_78","ONY","Directattention","Present","Present.4","Waibira",1.19936219176825,0.0287769784172662,0.142446043165468
"4958","300650","Action_45","Morph_100","ONY","Giveme","Reach","Reach.1","Waibira",-0.0910193983871685,0.0827338129496403,0.097841726618705
"4959","300607a","Action_2","Morph_5","ONY","Groom","Bigloudscratch","BigLoudScratch.3","Waibira",0.404798219120461,0.0424460431654676,0.215827338129496
"4960","300042","Action_38","Morph_75","ONY","Directattention","Present","Present.1","Waibira",1.27536280041261,0.0330935251798561,0.142446043165468
"4961","300200","Action_45","Morph_100","ONY","Giveme","Reach","Reach.1","Waibira",1.3770013142083,0.0827338129496403,0.097841726618705
"4962","300041","Action_38","Morph_78","ONY","Directattention","Present","Present.4","Waibira",0.0723206615796261,0.0287769784172662,0.142446043165468
"4963","300727a","Action_60","Morph_127","PAV","Moveaway","Swing","Swing.1","Waibira",0.152721087017664,0.0165467625899281,0.0172661870503597
"4964","300727a","Action_60","Morph_127","PAV","Moveaway","Swing","Swing.1","Waibira",0.308219723669329,0.0165467625899281,0.0172661870503597
"4965","300667","Action_38","Morph_75","PAV","Groom","Present","Present.1","Waibira",0.986935571443487,0.0330935251798561,0.142446043165468
"4966","300668b","Action_3","Morph_15","PAV","Affiliation","Bite","Bite.7","Waibira",-1.04412410338404,0.00215827338129496,0.0115107913669065
"4967","300073","Action_45","Morph_100","PEN","Giveme","Reach","Reach.1","Waibira",0.4421184257562,0.0827338129496403,0.097841726618705
"4968","300364","Action_23","Morph_47","PEN","Climbonme","Hittingother","HitOther.3","Waibira",0.630739720431328,0.00719424460431655,0.00719424460431655
"4969","300515","Action_2","Morph_4","PEN","Climbonme","Bigloudscratch","BigLoudScratch.2","Waibira",0.347129531095201,0.0431654676258993,0.215827338129496
"4970","300515","Action_42","Morph_88","PEN","Climbonme","Push","Push.1","Waibira",-0.466808738349216,0.0115107913669065,0.0359712230215827
"4971","300084","Action_64","Morph_135","PEN","Giveme","Touchlongother","Touch.4","Waibira",1.65994089460721,0.00935251798561151,0.0100719424460432
"4972","300085","Action_45","Morph_100","PEN","Giveme","Reach","Reach.1","Waibira",0.14583044821154,0.0827338129496403,0.097841726618705
"4973","300767","Action_39","Morph_82","QEN","Staysame","Presentgenitalsbackwards","PresentGenitals.1","Waibira",0.392042087776024,0.0474820143884892,0.0402877697841727
"4974","300194","Action_45","Morph_100","QEN","Giveme","Reach","Reach.1","Waibira",0.820660500858905,0.0827338129496403,0.097841726618705
"4975","300194","Action_45","Morph_100","QEN","Giveme","Reach","Reach.1","Waibira",0.173953307123438,0.0827338129496403,0.097841726618705
"4976","300496b","Action_2","Morph_5","QEN","Groom","Bigloudscratch","BigLoudScratch.3","Waibira",0.27763173659828,0.0424460431654676,0.215827338129496
"4977","300076","Action_64","Morph_135","QEN","Giveme","Touchlongother","Touch.4","Waibira",1.58760121782493,0.00935251798561151,0.0100719424460432
"4978","300803a","Action_39","Morph_82","QEN","Affiliation","Presentgenitalsbackwards","PresentGenitals.1","Waibira",-0.481266821524446,0.0474820143884892,0.0402877697841727
"4979","300496b","Action_2","Morph_3","QEN","Groom","Bigloudscratch","BigLoudScratch.1","Waibira",0.377751269540649,0.0928057553956834,0.215827338129496
"4980","300081","Action_45","Morph_100","QEN","Giveme","Reach","Reach.1","Waibira",0.496523839055131,0.0827338129496403,0.097841726618705
"4981","300078a","Action_45","Morph_102","QEN","Affiliation","Reach","Reach.3","Waibira",0.713929719742474,0.00575539568345324,0.097841726618705
"4982","300081","Action_45","Morph_100","QEN","Giveme","Reach","Reach.1","Waibira",0.82329786502499,0.0827338129496403,0.097841726618705
"4983","300078a","Action_64","Morph_NA","QEN","Affiliation","Touchlongother",NA,"Waibira",1.01667890590542,0.0359712230215827,0.0100719424460432
"4984","300080","Action_45","Morph_100","QEN","Giveme","Reach","Reach.1","Waibira",0.327143141332695,0.0827338129496403,0.097841726618705
"4985","300078a","Action_39","Morph_82","QEN","Affiliation","Presentgenitalsbackwards","PresentGenitals.1","Waibira",0.373630384588146,0.0474820143884892,0.0402877697841727
"4986","300065","Action_38","Morph_77","QEN","Directattention","Present","Present.3","Waibira",1.3169442829851,0.041726618705036,0.142446043165468
"4987","300442","Action_43","Morph_97","QEN","Groom","Raise","Raise.2","Waibira",-0.083381608939051,0.00575539568345324,0.0316546762589928
"4988","300442","Action_63","Morph_132","QEN","Groom","Touch","Touch.1","Waibira",0.0382587121170903,0.0179856115107914,0.0669064748201439
"4989","300561b","Action_39","Morph_82","RAC","Sexualattention","Presentgenitalsbackwards","PresentGenitals.1","Waibira",0.609221945622184,0.0474820143884892,0.0402877697841727
"4990","300656a","Action_39","Morph_82","RAC","Affiliation","Presentgenitalsbackwards","PresentGenitals.1","Waibira",0.935701125393978,0.0474820143884892,0.0402877697841727
"4991","300655","Action_39","Morph_82","RAC","Sexualattention","Presentgenitalsbackwards","PresentGenitals.1","Waibira",0.858661619037519,0.0474820143884892,0.0402877697841727
"4992","300131","Action_15","Morph_36","RAC","Stopbehaviour","Grabhold","GrabHold.2","Waibira",1.10988188092634,0.00359712230215827,0.0107913669064748
"4993","300661a","Action_45","Morph_100","RIT","Affiliation","Reach","Reach.1","Waibira",0.0198026272961797,0.0827338129496403,0.097841726618705
"4994","300719a","Action_45","Morph_101","RIT","Affiliation","Reach","Reach.2","Waibira",-0.245900538436826,0.00863309352517986,0.097841726618705
"4995","300668a","Action_45","Morph_101","RIT","Affiliation","Reach","Reach.2","Waibira",-0.215671536475509,0.00863309352517986,0.097841726618705
"4996","300659a","Action_45","Morph_100","RIT","Affiliation","Reach","Reach.1","Waibira",0.176471143115779,0.0827338129496403,0.097841726618705
"4997","300760","Action_45","Morph_101","RIT","Affiliation","Reach","Reach.2","Waibira",0.732367893713227,0.00863309352517986,0.097841726618705
"4998","300562","Action_45","Morph_100","ROB","Staysame","Reach","Reach.1","Waibira",-0.331285709933913,0.0827338129496403,0.097841726618705
"4999","300562","Action_45","Morph_100","ROB","Staysame","Reach","Reach.1","Waibira",-0.285018955032297,0.0827338129496403,0.097841726618705
"5000","300873b","Action_2","Morph_5","ROB","Groom","Bigloudscratch","BigLoudScratch.3","Waibira",0.338612801120324,0.0424460431654676,0.215827338129496
"5001","300232","Action_17","Morph_39","ROB","Stopbehaviour","Hitobject","HitObject.1","Waibira",-0.244622582991334,0.041726618705036,0.0482014388489209
"5002","300233","Action_43","Morph_96","ROB","Stopbehaviour","Raise","Raise.1","Waibira",-0.780886094867952,0.0258992805755396,0.0316546762589928
"5003","300232","Action_21","Morph_42","ROB","Stopbehaviour","Hittingobject","HitObject.4","Waibira",-0.29035230100766,0.00431654676258993,0.00719424460431655
"5004","300400b","Action_39","Morph_83","ROB","Staysame","Presentgenitalsbackwards","PresentGenitals.2","Waibira",0.518793793415168,0.0107913669064748,0.0402877697841727
"5005","300659b","Action_63","Morph_132","RWZ","Affiliation","Touch","Touch.1","Waibira",0.0372957847436969,0.0179856115107914,0.0669064748201439
"5006","300294","Action_41","Morph_84","RWZ","Giveme","Pull","Pull.1","Waibira",0.375692949774494,0.0079136690647482,0.0280575539568345
"5007","300494","Action_2","Morph_5","SAM","Groom","Bigloudscratch","BigLoudScratch.3","Waibira",0.27763173659828,0.0424460431654676,0.215827338129496
"5008","300494","Action_38","Morph_76","SAM","Groom","Present","Present.2","Waibira",0.186479566942618,0.0251798561151079,0.142446043165468
"5009","300491","Action_42","Morph_89","SAM","Position","Push","Push.2","Waibira",-0.27443684570176,0.0115107913669065,0.0359712230215827
"5010","300492","Action_2","Morph_3","SAM","Groom","Bigloudscratch","BigLoudScratch.1","Waibira",0.609221945622184,0.0928057553956834,0.215827338129496
"5011","300492","Action_38","Morph_77","SAM","Groom","Present","Present.3","Waibira",0.617345467143663,0.041726618705036,0.142446043165468
"5012","300494","Action_2","Morph_4","SAM","Groom","Bigloudscratch","BigLoudScratch.2","Waibira",0.336472236621213,0.0431654676258993,0.215827338129496
"5013","300818a","Action_2","Morph_4","SAM","Groom","Bigloudscratch","BigLoudScratch.2","Waibira",-0.0212236364516267,0.0431654676258993,0.215827338129496
"5014","300010","Action_38","Morph_77","SAM","Directattention","Present","Present.3","Waibira",0.739553553374101,0.041726618705036,0.142446043165468
"5015","300678b","Action_15","Morph_NA","SAM","Sexualattention","Grabhold",NA,"Waibira",1.41585316336144,0.0359712230215827,0.0107913669064748
"5016","300634","Action_38","Morph_76","SAM","Groom","Present","Present.2","Waibira",0.195566783543975,0.0251798561151079,0.142446043165468
"5017","300316a","Action_45","Morph_100","SDT","Affiliation","Reach","Reach.1","Waibira",-0.510825623765991,0.0827338129496403,0.097841726618705
"5018","300316a","Action_11","Morph_22","SDT","Affiliation","Embrace","Embrace.1","Waibira",-0.583396316600826,0.00719424460431655,0.0165467625899281
"5019","300240","Action_54","Morph_114","SDT","Play","Stancebipedal","StanceBipedal.1","Waibira",-0.901402119380404,0.00359712230215827,0.00359712230215827
"5020","300240","Action_57","Morph_115","SDT","Play","Stompobject","StompObject.1","Waibira",-0.393042588109607,0.020863309352518,0.0258992805755396
"5021","300063","Action_1","Morph_2","SDT","Stopbehaviour","Beckon","Beckon.2","Waibira",-0.283690051182243,0.00359712230215827,0.00575539568345324
"5022","300384","Action_39","Morph_82","SHY","Sociosexualattention","Presentgenitalsbackwards","PresentGenitals.1","Waibira",0.0870947068509337,0.0474820143884892,0.0402877697841727
"5023","300720","Action_45","Morph_100","SHY","Climbonme","Reach","Reach.1","Waibira",-0.238257189124258,0.0827338129496403,0.097841726618705
"5024","300344b","Action_63","Morph_137","SUL","Staysame","Touch","Touch.6","Waibira",-0.746547957287061,0.00647482014388489,0.0669064748201439
"5025","300447a","Action_2","Morph_3","TAL","Groom","Bigloudscratch","BigLoudScratch.1","Waibira",0.436317571590929,0.0928057553956834,0.215827338129496
"5026","300447a","Action_38","Morph_78","TAL","Groom","Present","Present.4","Waibira",-0.592397277459802,0.0287769784172662,0.142446043165468
"5027","300122a","Action_2","Morph_3","TAL","Groom","Bigloudscratch","BigLoudScratch.1","Waibira",0.55043087835835,0.0928057553956834,0.215827338129496
"5028","300505b","Action_2","Morph_4","TAL","Groom","Bigloudscratch","BigLoudScratch.2","Waibira",0.226338442210729,0.0431654676258993,0.215827338129496
"5029","300505b","Action_38","Morph_76","TAL","Groom","Present","Present.2","Waibira",0.729961153682662,0.0251798561151079,0.142446043165468
"5030","300485","Action_2","Morph_3","TAL","Directattention","Bigloudscratch","BigLoudScratch.1","Waibira",0.518198378095404,0.0928057553956834,0.215827338129496
"5031","300122a","Action_38","Morph_76","TAL","Groom","Present","Present.2","Waibira",0.456158222423683,0.0251798561151079,0.142446043165468
"5032","300484","Action_38","Morph_78","TAL","Groom","Present","Present.4","Waibira",0.335757695683344,0.0287769784172662,0.142446043165468
"5033","300485","Action_38","Morph_77","TAL","Directattention","Present","Present.3","Waibira",0.295650242100958,0.041726618705036,0.142446043165468
"5034","300584","Action_2","Morph_4","TAL","Groom","Bigloudscratch","BigLoudScratch.2","Waibira",0.35697489894773,0.0431654676258993,0.215827338129496
"5035","300119b","Action_38","Morph_77","TAL","Directattention","Present","Present.3","Waibira",1.16002091679675,0.041726618705036,0.142446043165468
"5036","300115","Action_38","Morph_78","TAL","Directattention","Present","Present.4","Waibira",0.882940752192601,0.0287769784172662,0.142446043165468
"5037","300120","Action_38","Morph_75","TAL","Directattention","Present","Present.1","Waibira",1.36174548819848,0.0330935251798561,0.142446043165468
"5038","300160","Action_38","Morph_76","TAL","Directattention","Present","Present.2","Waibira",0.858661619037519,0.0251798561151079,0.142446043165468
"5039","300469","Action_42","Morph_90","TAL","Position","Push","Push.3","Waibira",-0.175544572514931,0.00431654676258993,0.0359712230215827
"5040","300229","Action_45","Morph_100","TAL","Giveme","Reach","Reach.1","Waibira",2.09899904089537,0.0827338129496403,0.097841726618705
"5041","300445","Action_42","Morph_89","TAL","Position","Push","Push.2","Waibira",-0.275753501586507,0.0115107913669065,0.0359712230215827
"5042","300343","Action_2","Morph_3","TAL","Groom","Bigloudscratch","BigLoudScratch.1","Waibira",0.470003629245736,0.0928057553956834,0.215827338129496
"5043","300470a","Action_38","Morph_79","TAL","Affiliation","Present","Present.5","Waibira",0.133656384812674,0.00359712230215827,0.142446043165468
"5044","300342b","Action_38","Morph_76","TAL","Groom","Present","Present.2","Waibira",0.500169043577462,0.0251798561151079,0.142446043165468
"5045","300229","Action_45","Morph_100","TAL","Giveme","Reach","Reach.1","Waibira",1.6124334214139,0.0827338129496403,0.097841726618705
"5046","300342b","Action_2","Morph_4","TAL","Groom","Bigloudscratch","BigLoudScratch.2","Waibira",-0.103140758919513,0.0431654676258993,0.215827338129496
"5047","300143","Action_34","Morph_66","TAL","Moveaway","Objectshake","ObjectShake.2","Waibira",0.212689093410351,0.00431654676258993,0.0201438848920863
"5048","300397a","Action_17","Morph_39","TAL","Moveaway","Hitobject","HitObject.1","Waibira",-0.673344553263766,0.041726618705036,0.0482014388489209
"5049","300397a","Action_13","Morph_27","TAL","Moveaway","Fling","Fling.1","Waibira",-1.16475209117265,0.0165467625899281,0.0172661870503597
"5050","300397a","Action_21","Morph_44","TAL","Moveaway","Hittingobject","HitObject.6","Waibira",0.192271887647123,0.00215827338129496,0.00719424460431655
"5051","300527","Action_38","Morph_76","TAL","Groom","Present","Present.2","Waibira",0.333611004340181,0.0251798561151079,0.142446043165468
"5052","300792","Action_38","Morph_78","TAL","Groom","Present","Present.4","Waibira",1.17495585525544,0.0287769784172662,0.142446043165468
"5053","300397a","Action_13","Morph_NA","TAL","Moveaway","Fling",NA,"Waibira",-1.42711635564015,0.0359712230215827,0.0172661870503597
"5054","300143","Action_34","Morph_66","TAL","Moveaway","Objectshake","ObjectShake.2","Waibira",-0.544727175441672,0.00431654676258993,0.0201438848920863
"5055","300397a","Action_17","Morph_41","TAL","Moveaway","Hitobject","HitObject.3","Waibira",-0.667479433811368,0.00431654676258993,0.0482014388489209
"5056","300397a","Action_21","Morph_44","TAL","Moveaway","Hittingobject","HitObject.6","Waibira",0.213497174262404,0.00215827338129496,0.00719424460431655
"5057","300525","Action_45","Morph_100","TAL","Sexualattention","Reach","Reach.1","Waibira",0.24059046491793,0.0827338129496403,0.097841726618705
"5058","300338","Action_38","Morph_76","TAL","Groom","Present","Present.2","Waibira",-0.083381608939051,0.0251798561151079,0.142446043165468
"5059","300585","Action_27","Morph_55","TAL","Sexualattention","Leafclip","LeafClip.2","Waibira",1.20297230399235,0.00863309352517986,0.0115107913669065
"5060","300585","Action_27","Morph_55","TAL","Sexualattention","Leafclip","LeafClip.2","Waibira",1.60883773236207,0.00863309352517986,0.0115107913669065
"5061","300585","Action_27","Morph_55","TAL","Sexualattention","Leafclip","LeafClip.2","Waibira",0.529451087889156,0.00863309352517986,0.0115107913669065
"5062","300585","Action_27","Morph_55","TAL","Sexualattention","Leafclip","LeafClip.2","Waibira",1.22583213867883,0.00863309352517986,0.0115107913669065
"5063","300585","Action_27","Morph_55","TAL","Sexualattention","Leafclip","LeafClip.2","Waibira",1.23866404411587,0.00863309352517986,0.0115107913669065
"5064","300529a","Action_2","Morph_6","TAL","Groom","Bigloudscratch","BigLoudScratch.4","Waibira",0.683096844706444,0.0201438848920863,0.215827338129496
"5065","300528a","Action_1","Morph_2","TAL","Groom","Beckon","Beckon.2","Waibira",-0.0576291128366364,0.00359712230215827,0.00575539568345324
"5066","300153","Action_33","Morph_61","TAL","Sexualattention","Objectmove","ObjectMove.1","Waibira",-1.05843049903528,0.018705035971223,0.0194244604316547
"5067","300153","Action_33","Morph_61","TAL","Sexualattention","Objectmove","ObjectMove.1","Waibira",0.0953101798043249,0.018705035971223,0.0194244604316547
"5068","300153","Action_34","Morph_65","TAL","Sexualattention","Objectshake","ObjectShake.1","Waibira",0.242161557149972,0.0158273381294964,0.0201438848920863
"5069","300078b","Action_15","Morph_36","TAL","Affiliation","Grabhold","GrabHold.2","Waibira",0.212689093410351,0.00359712230215827,0.0107913669064748
"5070","300722","Action_60","Morph_127","TAL","Moveaway","Swing","Swing.1","Waibira",0.267734434642085,0.0165467625899281,0.0172661870503597
"5071","300503","Action_45","Morph_100","TAL","Staysame","Reach","Reach.1","Waibira",-0.594207232705042,0.0827338129496403,0.097841726618705
"5072","300246","Action_11","Morph_24","TAL","Support","Embrace","Embrace.3","Waibira",-0.738144546490681,0.00431654676258993,0.0165467625899281
"5073","300372b","Action_38","Morph_77","TAL","Directattention","Present","Present.3","Waibira",0.444044590075639,0.041726618705036,0.142446043165468
"5074","300336","Action_39","Morph_82","TAT","Sexualattention","Presentgenitalsbackwards","PresentGenitals.1","Waibira",0.470003629245736,0.0474820143884892,0.0402877697841727
"5075","300385","Action_39","Morph_82","TAT","Sexualattention","Presentgenitalsbackwards","PresentGenitals.1","Waibira",-0.185125484126689,0.0474820143884892,0.0402877697841727
"5076","300385","Action_39","Morph_82","TAT","Sexualattention","Presentgenitalsbackwards","PresentGenitals.1","Waibira",-0.663588378318401,0.0474820143884892,0.0402877697841727
"5077","300533","Action_38","Morph_75","TAT","Groom","Present","Present.1","Waibira",0.154436353304419,0.0330935251798561,0.142446043165468
"5078","300049","Action_41","Morph_84","TBY","Giveme","Pull","Pull.1","Waibira",-0.209487224866724,0.0079136690647482,0.0280575539568345
"5079","300049","Action_64","Morph_140","TBY","Giveme","Touchlongother","Touch.9","Waibira",1.20267195859289,0.00431654676258993,0.0100719424460432
"5080","300761a","Action_2","Morph_3","TBY","Followme","Bigloudscratch","BigLoudScratch.1","Waibira",0.501381164937991,0.0928057553956834,0.215827338129496
"5081","300047","Action_41","Morph_84","TBY","Giveme","Pull","Pull.1","Waibira",-0.132389188045746,0.0079136690647482,0.0280575539568345
"5082","300761a","Action_63","Morph_132","TBY","Followme","Touch","Touch.1","Waibira",0.178146185383474,0.0179856115107914,0.0669064748201439
"5083","300044","Action_38","Morph_77","TBY","Groom","Present","Present.3","Waibira",0.789366038300488,0.041726618705036,0.142446043165468
"5084","300761a","Action_43","Morph_96","TBY","Followme","Raise","Raise.1","Waibira",-0.579818495252942,0.0258992805755396,0.0316546762589928
"5085","300761a","Action_14","Morph_33","TBY","Followme","Grab","Grab.5","Waibira",-0.596020469829223,0.00287769784172662,0.0107913669064748
"5086","300045","Action_2","Morph_3","TBY","Travel","Bigloudscratch","BigLoudScratch.1","Waibira",0.390013003549243,0.0928057553956834,0.215827338129496
"5087","300045","Action_43","Morph_96","TBY","Travel","Raise","Raise.1","Waibira",0.0217614917815127,0.0258992805755396,0.0316546762589928
"5088","300046","Action_15","Morph_37","TBY","Climbonyou","Grabhold","GrabHold.3","Waibira",1.20567136096152,0.000719424460431655,0.0107913669064748
"5089","300871","Action_63","Morph_138","TBY","Giveme","Touch","Touch.7","Waibira",-0.18152187662339,0.00215827338129496,0.0669064748201439
"5090","300044","Action_2","Morph_3","TBY","Groom","Bigloudscratch","BigLoudScratch.1","Waibira",0.160416721405905,0.0928057553956834,0.215827338129496
"5091","300392a","Action_45","Morph_100","TIB","Affiliation","Reach","Reach.1","Waibira",0.392042087776024,0.0827338129496403,0.097841726618705
"5092","300759b","Action_45","Morph_100","TIB","Affiliation","Reach","Reach.1","Waibira",-0.225646681532328,0.0827338129496403,0.097841726618705
"5093","300759b","Action_45","Morph_NA","TIB","Affiliation","Reach",NA,"Waibira",0.0392207131532813,0.0359712230215827,0.097841726618705
"5094","300048","Action_41","Morph_86","TIB","Position","Pull","Pull.3","Waibira",-0.133531392624523,0.00503597122302158,0.0280575539568345
"5095","300660","Action_2","Morph_6","TIB","Affiliation","Bigloudscratch","BigLoudScratch.4","Waibira",0.575489137091713,0.0201438848920863,0.215827338129496
"5096","300713","Action_38","Morph_77","TIB","Climbonme","Present","Present.3","Waibira",0.120446153075867,0.041726618705036,0.142446043165468
"5097","300052","Action_38","Morph_78","TRS","Directattention","Present","Present.4","Waibira",1.00283533327434,0.0287769784172662,0.142446043165468
"5098","300053","Action_38","Morph_78","TRS","Groom","Present","Present.4","Waibira",0.7738050835774,0.0287769784172662,0.142446043165468
"5099","300319","Action_45","Morph_100","TRS","Affiliation","Reach","Reach.1","Waibira",0.182321556793955,0.0827338129496403,0.097841726618705
"5100","300581","Action_39","Morph_83","TRS","Staysame","Presentgenitalsbackwards","PresentGenitals.2","Waibira",0.806475865866949,0.0107913669064748,0.0402877697841727
"5101","300582","Action_34","Morph_65","TRS","Support","Objectshake","ObjectShake.1","Waibira",0.163818085229395,0.0158273381294964,0.0201438848920863
"5102","300471b","Action_2","Morph_5","TRS","Groom","Bigloudscratch","BigLoudScratch.3","Waibira",0.0392207131532813,0.0424460431654676,0.215827338129496
"5103","300789b","Action_38","Morph_75","TRS","Groom","Present","Present.1","Waibira",1.15876621148786,0.0330935251798561,0.142446043165468
"5104","300536b","Action_38","Morph_NA","TRS","Groom","Present",NA,"Waibira",0.424613926946925,0.0359712230215827,0.142446043165468
"5105","300536b","Action_2","Morph_NA","TRS","Groom","Bigloudscratch",NA,"Waibira",0.538829820175588,0.0359712230215827,0.215827338129496
"5106","300253b","Action_38","Morph_75","TRS","Groom","Present","Present.1","Waibira",0.633927820899974,0.0330935251798561,0.142446043165468
"5107","300254b","Action_38","Morph_77","TRS","Groom","Present","Present.3","Waibira",0.425921116675547,0.041726618705036,0.142446043165468
"5108","300254b","Action_2","Morph_3","TRS","Groom","Bigloudscratch","BigLoudScratch.1","Waibira",0.238229188732251,0.0928057553956834,0.215827338129496
"5109","300427a","Action_2","Morph_NA","TRS","Groom","Bigloudscratch",NA,"Waibira",-0.127833371509885,0.0359712230215827,0.215827338129496
"5110","300426","Action_2","Morph_5","TRS","Groom","Bigloudscratch","BigLoudScratch.3","Waibira",0.391366183728663,0.0424460431654676,0.215827338129496
"5111","300426","Action_2","Morph_3","TRS","Groom","Bigloudscratch","BigLoudScratch.1","Waibira",0,0.0928057553956834,0.215827338129496
"5112","300856","Action_38","Morph_77","TRS","Groom","Present","Present.3","Waibira",0.246860077931526,0.041726618705036,0.142446043165468
"5113","300856","Action_2","Morph_3","TRS","Groom","Bigloudscratch","BigLoudScratch.1","Waibira",0.215111379616945,0.0928057553956834,0.215827338129496
"5114","300537b","Action_2","Morph_3","TRS","Groom","Bigloudscratch","BigLoudScratch.1","Waibira",0.835947979191617,0.0928057553956834,0.215827338129496
"5115","300380","Action_63","Morph_135","TRS","Sociosexualattention","Touch","Touch.4","Waibira",-1.42711635564015,0.00935251798561151,0.0669064748201439
"5116","300266","Action_38","Morph_75","TRS","Directattention","Present","Present.1","Waibira",0.438899884194402,0.0330935251798561,0.142446043165468
"5117","300380","Action_59","Morph_125","TRS","Sociosexualattention","Stroke","Stroke.2","Waibira",0.182321556793955,0.00287769784172662,0.00575539568345324
"5118","300775","Action_2","Morph_6","TRS","Groom","Bigloudscratch","BigLoudScratch.4","Waibira",0.188966099512623,0.0201438848920863,0.215827338129496
"5119","300223","Action_38","Morph_78","TRS","Directattention","Present","Present.4","Waibira",1.02352948254375,0.0287769784172662,0.142446043165468
"5120","300860b","Action_38","Morph_77","TRS","Groom","Present","Present.3","Waibira",0.707050085728937,0.041726618705036,0.142446043165468
"5121","300775","Action_38","Morph_78","TRS","Groom","Present","Present.4","Waibira",-0.471604910612709,0.0287769784172662,0.142446043165468
"5122","300859","Action_38","Morph_76","TRS","Directattention","Present","Present.2","Waibira",0.276115436080316,0.0251798561151079,0.142446043165468
"5123","300716","Action_57","Morph_115","TRS","Moveaway","Stompobject","StompObject.1","Waibira",-0.830113035633103,0.020863309352518,0.0258992805755396
"5124","300014","Action_13","Morph_27","TRS","Moveaway","Fling","Fling.1","Waibira",-0.44628710262842,0.0165467625899281,0.0172661870503597
"5125","300876","Action_2","Morph_5","TRS","Groom","Bigloudscratch","BigLoudScratch.3","Waibira",0.307484699747961,0.0424460431654676,0.215827338129496
"5126","300433a","Action_45","Morph_100","TRS","Affiliation","Reach","Reach.1","Waibira",-0.941608539858445,0.0827338129496403,0.097841726618705
"5127","300433a","Action_45","Morph_100","TRS","Affiliation","Reach","Reach.1","Waibira",-1.67664666212755,0.0827338129496403,0.097841726618705
"5128","300191","Action_38","Morph_78","TRS","Directattention","Present","Present.4","Waibira",0.471876873627416,0.0287769784172662,0.142446043165468
"5129","300190","Action_38","Morph_78","TRS","Groom","Present","Present.4","Waibira",1.27926578836137,0.0287769784172662,0.142446043165468
"5130","300433a","Action_45","Morph_102","TRS","Affiliation","Reach","Reach.3","Waibira",-0.84629836005412,0.00575539568345324,0.097841726618705
"5131","300178","Action_63","Morph_132","URS","Affiliation","Touch","Touch.1","Waibira",-0.517514611916787,0.0179856115107914,0.0669064748201439
"5132","300453b","Action_63","Morph_135","URS","Affiliation","Touch","Touch.4","Waibira",-0.0408219945202552,0.00935251798561151,0.0669064748201439
"5133","300169","Action_47","Morph_103","URS","Sexualattention","Rockingsit","Rocking.1","Waibira",0.247641022914597,0.00863309352517986,0.00863309352517986
"5134","300260b","Action_23","Morph_47","URS","Affiliation","Hittingother","HitOther.3","Waibira",-0.303811454381665,0.00719424460431655,0.00719424460431655
"5135","300024a","Action_2","Morph_3","URS","Groom","Bigloudscratch","BigLoudScratch.1","Waibira",0.638690994763886,0.0928057553956834,0.215827338129496
"5136","300025","Action_38","Morph_75","URS","Directattention","Present","Present.1","Waibira",0.718327479090244,0.0330935251798561,0.142446043165468
"5137","300762","Action_60","Morph_127","URS","Sexualattention","Swing","Swing.1","Waibira",0.53062825106217,0.0165467625899281,0.0172661870503597
"5138","300414","Action_2","Morph_5","URS","Groom","Bigloudscratch","BigLoudScratch.3","Waibira",0.246860077931526,0.0424460431654676,0.215827338129496
"5139","300372a","Action_2","Morph_3","URS","Groom","Bigloudscratch","BigLoudScratch.1","Waibira",0.364643113587909,0.0928057553956834,0.215827338129496
"5140","300369","Action_59","Morph_124","URS","Staysame","Stroke","Stroke.1","Waibira",0.65232518603969,0.00143884892086331,0.00575539568345324
"5141","300419","Action_2","Morph_3","URS","Groom","Bigloudscratch","BigLoudScratch.1","Waibira",0.518198378095404,0.0928057553956834,0.215827338129496
"5142","300420","Action_2","Morph_4","URS","Directattention","Bigloudscratch","BigLoudScratch.2","Waibira",0.364643113587909,0.0431654676258993,0.215827338129496
"5143","300420","Action_38","Morph_76","URS","Directattention","Present","Present.2","Waibira",-0.524248644098131,0.0251798561151079,0.142446043165468
"5144","300419","Action_2","Morph_3","URS","Groom","Bigloudscratch","BigLoudScratch.1","Waibira",0.336472236621213,0.0928057553956834,0.215827338129496
"5145","300166","Action_39","Morph_82","VET","Sexualattention","Presentgenitalsbackwards","PresentGenitals.1","Waibira",0.249201085633499,0.0474820143884892,0.0402877697841727
"5146","300171","Action_38","Morph_75","VET","Directattention","Present","Present.1","Waibira",0.882527101721346,0.0330935251798561,0.142446043165468
"5147","280173a","Action_63","Morph_133","TUA","Groom","Touch","Touch.2","Bossou",0.134530892957606,0.00805585392051558,0.0429645542427497
"5148","280173a","Action_63","Morph_133","TUA","Groom","Touch","Touch.2","Bossou",-0.460449416440924,0.00805585392051558,0.0429645542427497
"5149","280399a","Action_60","Morph_128","NA_chimp","Play","Swing","Swing.2","Bossou",-0.147340587898709,0.0037593984962406,0.0370569280343716
"5150","280399a","Action_8","Morph_19","NA_chimp","Play","Dangle","Dangle.1","Bossou",-0.0866478067256722,0.0257787325456498,0.0257787325456498
"5151","280399a","Action_9","Morph_20","NA_chimp","Play","Dangleshake","DangleShake.1","Bossou",-0.189950583958446,0.00268528464017186,0.00268528464017186
"5152","280399a","Action_17","Morph_39","NA_chimp","Play","Hitobject","HitObject.1","Bossou",-0.462035459596559,0.0327604726100967,0.0408163265306122
"5153","280399a","Action_60","Morph_127","NA_chimp","Play","Swing","Swing.1","Bossou",0.0870947068509337,0.0306122448979592,0.0370569280343716
"5154","280055a","Action_17","Morph_39","FOKAIYE","Sociosexualattention","Hitobject","HitObject.1","Bossou",0.181487876045377,0.0327604726100967,0.0408163265306122
"5155","280055a","Action_17","Morph_39","FOKAIYE","Sociosexualattention","Hitobject","HitObject.1","Bossou",-0.426178149705706,0.0327604726100967,0.0408163265306122
"5156","280055a","Action_21","Morph_42","FOKAIYE","Sociosexualattention","Hittingobject","HitObject.4","Bossou",-0.185125484126689,0.00590762620837809,0.0118152524167562
"5157","280055a","Action_57","Morph_115","FOKAIYE","Sociosexualattention","Stompobject","StompObject.1","Bossou",-0.632993257740198,0.0150375939849624,0.0236305048335124
"5158","280055a","Action_21","Morph_42","FOKAIYE","Sociosexualattention","Hittingobject","HitObject.4","Bossou",-0.642454066244427,0.00590762620837809,0.0118152524167562
"5159","280043","Action_38","Morph_75","FOTAIU","Groom","Present","Present.1","Bossou",1.22788462437225,0.0150375939849624,0.0596133190118153
"5160","280043","Action_2","Morph_4","FOTAIU","Groom","Bigloudscratch","BigLoudScratch.2","Bossou",0.376379527213068,0.0150375939849624,0.0241675617615467
"5161","280528b","Action_13","Morph_28","JIRE","Stopbehaviour","Fling","Fling.2","Bossou",-1.20064501423326,0.0209452201933405,0.0773361976369495
"5162","280467","Action_41","Morph_86","TUA","Position","Pull","Pull.3","Bossou",-0.798507696217772,0.00698174006444683,0.0177228786251343
"5163","280567","Action_14","Morph_31","YOLO","Play","Grab","Grab.3","Bossou",-0.834710744881732,0.00805585392051558,0.023093447905478
"5164","280284","Action_13","Morph_27","KAI","Moveaway","Fling","Fling.1","Bossou",-0.825536368605691,0.056390977443609,0.0773361976369495
"5165","280284","Action_57","Morph_120","KAI","Moveaway","Stompobject","StompObject.6","Bossou",-0.49758039701597,0.00107411385606874,0.0236305048335124
"5166","280428b","Action_60","Morph_127","FOTAIU","Moveaway","Swing","Swing.1","Bossou",-0.627359440021942,0.0306122448979592,0.0370569280343716
"5167","280194b","Action_38","Morph_79","KAI","Affiliation","Present","Present.5","Bossou",-0.0877389143080067,0.0134264232008593,0.0596133190118153
"5168","280058","Action_13","Morph_28","VUAVUA","Moveaway","Fling","Fling.2","Bossou",-0.832409247893453,0.0209452201933405,0.0773361976369495
"5169","280408","Action_1","Morph_1","YO","Affiliation","Beckon","Beckon.1","Bossou",-0.0470916075338506,0.00966702470461869,0.0123523093447905
"5170","280408","Action_4","Morph_13","YO","Affiliation","Bitekiss","Bite.5","Bossou",-1.0700248318162,0.0075187969924812,0.0306122448979592
"5171","280539","Action_43","Morph_96","POKURU","Sexualattention","Raise","Raise.1","Bossou",-0.309246250367621,0.0268528464017186,0.0349087003222342
"5172","280539","Action_54","Morph_114","POKURU","Sexualattention","Stancebipedal","StanceBipedal.1","Bossou",-0.309246250367621,0.0171858216970999,0.0171858216970999
"5173","280050","Action_57","Morph_115","JEJE","Play","Stompobject","StompObject.1","Bossou",-0.433864582629862,0.0150375939849624,0.0236305048335124
"5174","280050","Action_55","Morph_116","JEJE","Play","Stompingobject","StompObject.2","Bossou",-0.202116184122134,0.00912996777658432,0.0150375939849624
"5175","280050","Action_17","Morph_39","JEJE","Play","Hitobject","HitObject.1","Bossou",-0.7339691750802,0.0327604726100967,0.0408163265306122
"5176","280132","Action_34","Morph_69","FOTAIU","Staysame","Objectshake","ObjectShake.5","Bossou",1.70292825552144,0.000537056928034372,0.014500537056928
"5177","280596","Action_42","Morph_92","JIRE","Position","Push","Push.5","Bossou",-0.0866478067256722,0.00644468313641246,0.0596133190118153
"5178","280393","Action_38","Morph_76","FANA","Groom","Present","Present.2","Bossou",0.233489843368354,0.00590762620837809,0.0596133190118153
"5179","280614a","Action_50","Morph_107","JEJE","Affiliation","Shake","Shake.1","Bossou",-1.00239343092757,0.0139634801288937,0.0343716433941998
"5180","280614a","Action_50","Morph_107","JEJE","Affiliation","Shake","Shake.1","Bossou",-0.76142602131324,0.0139634801288937,0.0343716433941998
"5181","280614a","Action_50","Morph_107","JEJE","Affiliation","Shake","Shake.1","Bossou",-0.455706324544911,0.0139634801288937,0.0343716433941998
"5182","280597","Action_45","Morph_101","JEJE","Giveme","Reach","Reach.2","Bossou",-0.379797361359587,0.027389903329753,0.0719656283566058
"5183","280597","Action_63","Morph_132","JEJE","Giveme","Touch","Touch.1","Bossou",-2.14558134418438,0.00859291084854995,0.0429645542427497
"5184","280392","Action_38","Morph_79","FANA","Groom","Present","Present.5","Bossou",0.0246926125903714,0.0134264232008593,0.0596133190118153
"5185","280133","Action_39","Morph_82","VEVE","Sexualattention","Presentgenitalsbackwards","PresentGenitals.1","Bossou",0.740984509974105,0.0354457572502685,0.0290010741138561
"5186","280640a","Action_45","Morph_101","JIRE","Affiliation","Reach","Reach.2","Bossou",-1.20064501423326,0.027389903329753,0.0719656283566058
"5187","280640a","Action_15","Morph_35","JIRE","Affiliation","Grabhold","GrabHold.1","Bossou",1.03069027218265,0.00214822771213749,0.0037593984962406
"5188","280397a","Action_45","Morph_100","YUNRO","Affiliation","Reach","Reach.1","Bossou",0.378436435720245,0.0435016111707841,0.0719656283566058
"5189","280397a","Action_45","Morph_100","YUNRO","Affiliation","Reach","Reach.1","Bossou",-1.20397280432594,0.0435016111707841,0.0719656283566058
"5190","280045","Action_20","Morph_45","FOKAIYE","Playcontinue","Hitother","HitOther.1","Bossou",-0.391562202939173,0.0263157894736842,0.0402792696025779
"5191","280538","Action_50","Morph_107","YOLO","Sexualattention","Shake","Shake.1","Bossou",-0.837017550979647,0.0139634801288937,0.0343716433941998
"5192","280283a","Action_34","Morph_65","VUI","Sexualattention","Objectshake","ObjectShake.1","Bossou",1.99224832997746,0.00966702470461869,0.014500537056928
"5193","280229b","Action_45","Morph_101","PILI","Affiliation","Reach","Reach.2","Bossou",-0.841647188878389,0.027389903329753,0.0719656283566058
"5194","280348b","Action_39","Morph_82","YO","Sexualattention","Presentgenitalsbackwards","PresentGenitals.1","Bossou",-0.774357235985488,0.0354457572502685,0.0290010741138561
"5195","280404","Action_15","Morph_35","YUNRO","Play","Grabhold","GrabHold.1","Bossou",0.8754687373539,0.00214822771213749,0.0037593984962406
"5196","280476a","Action_13","Morph_27","YOLO","Play","Fling","Fling.1","Bossou",0.0806579030174545,0.056390977443609,0.0773361976369495
"5197","280639","Action_20","Morph_45","FOTAIU","Stopbehaviour","Hitother","HitOther.1","Bossou",-0.404965233066513,0.0263157894736842,0.0402792696025779
"5198","280239","Action_13","Morph_27","JIRE","Stopbehaviour","Fling","Fling.1","Bossou",-0.510825623765991,0.056390977443609,0.0773361976369495
"5199","280543","Action_38","Morph_80","YOLO","Sexualattention","Present","Present.6","Bossou",0.383900930192324,0.00322234156820623,0.0596133190118153
"5200","280466","Action_41","Morph_85","TUA","Position","Pull","Pull.2","Bossou",-0.455706324544911,0.00322234156820623,0.0177228786251343
"5201","280472","Action_45","Morph_101","TUA","Sociosexualattention","Reach","Reach.2","Bossou",-1.38230233985035,0.027389903329753,0.0719656283566058
"5202","280352a","Action_45","Morph_101","NA_chimp","Affiliation","Reach","Reach.2","Bossou",-0.569161200778954,0.027389903329753,0.0719656283566058
"5203","280352a","Action_64","Morph_132","NA_chimp","Affiliation","Touchlongother","Touch.1","Bossou",0.93491619599732,0.00859291084854995,0.0112781954887218
"5204","280107","Action_64","Morph_136","VUAVUA","Stopbehaviour","Touchlongother","Touch.5","Bossou",1.20627016337462,0.00214822771213749,0.0112781954887218
"5205","280107","Action_63","Morph_136","VUAVUA","Stopbehaviour","Touch","Touch.5","Bossou",-1.22417551164346,0.00214822771213749,0.0429645542427497
"5206","280020","Action_39","Morph_82","VELU","Sexualattention","Presentgenitalsbackwards","PresentGenitals.1","Bossou",0.000999500333083423,0.0354457572502685,0.0290010741138561
"5207","280449","Action_20","Morph_45","YOLO","Play","Hitother","HitOther.1","Bossou",0.017839918128331,0.0263157894736842,0.0402792696025779
"5208","280608","Action_38","Morph_77","KAI","Groom","Present","Present.3","Bossou",0.774266231844737,0.0166487647690655,0.0596133190118153
"5209","280637","Action_45","Morph_100","FANA","Climbonme","Reach","Reach.1","Bossou",0.360467742177429,0.0435016111707841,0.0719656283566058
"5210","280399b","Action_8","Morph_19","YUNRO","Play","Dangle","Dangle.1","Bossou",-0.342490308946776,0.0257787325456498,0.0257787325456498
"5211","280173b","Action_39","Morph_82","JIRE","Affiliation","Presentgenitalsbackwards","PresentGenitals.1","Bossou",-0.189950583958446,0.0354457572502685,0.0290010741138561
"5212","280173b","Action_39","Morph_82","JIRE","Affiliation","Presentgenitalsbackwards","PresentGenitals.1","Bossou",-0.673344553263766,0.0354457572502685,0.0290010741138561
"5213","280362","Action_38","Morph_75","PAMA","Groom","Present","Present.1","Bossou",0.717839793150317,0.0150375939849624,0.0596133190118153
"5214","280564","Action_45","Morph_100","YOLO","Giveme","Reach","Reach.1","Bossou",-0.53785429615391,0.0435016111707841,0.0719656283566058
"5215","280564","Action_64","Morph_132","YOLO","Giveme","Touchlongother","Touch.1","Bossou",0.743364896720563,0.00859291084854995,0.0112781954887218
"5216","280470","Action_42","Morph_94","TUA","Position","Push","Push.7","Bossou",-0.0866478067256722,0.00107411385606874,0.0596133190118153
"5217","280428a","Action_20","Morph_45","VUAVUA","Play","Hitother","HitOther.1","Bossou",0.0334347760862374,0.0263157894736842,0.0402792696025779
"5218","280428a","Action_20","Morph_45","VUAVUA","Play","Hitother","HitOther.1","Bossou",-0.567395975254385,0.0263157894736842,0.0402792696025779
"5219","280198b","Action_20","Morph_45","VUI","Stopbehaviour","Hitother","HitOther.1","Bossou",-0.457284856837961,0.0263157894736842,0.0402792696025779
"5220","280194a","Action_50","Morph_107","NA_chimp","Affiliation","Shake","Shake.1","Bossou",-0.655851395816248,0.0139634801288937,0.0343716433941998
"5221","280194a","Action_35","Morph_70","NA_chimp","Affiliation","Out","Out.1","Bossou",-0.553385238184787,0.0102040816326531,0.0150375939849624
"5222","280194a","Action_42","Morph_88","NA_chimp","Affiliation","Push","Push.1","Bossou",-1.73160554640831,0.0128893662728249,0.0596133190118153
"5223","280194a","Action_36","Morph_73","NA_chimp","Affiliation","Overstance","OverStance.2","Bossou",-0.139262067333508,0.00483351235230934,0.0134264232008593
"5224","280047","Action_38","Morph_77","PAMA","Groom","Present","Present.3","Bossou",0.877965617552487,0.0166487647690655,0.0596133190118153
"5225","280036","Action_64","Morph_140","YOLO","Affiliation","Touchlongother","Touch.9","Bossou",-0.327116141697188,0.00698174006444683,0.0112781954887218
"5226","280580a","Action_20","Morph_45","FANLE","Play","Hitother","HitOther.1","Bossou",-0.221894331913778,0.0263157894736842,0.0402792696025779
"5227","280594","Action_42","Morph_91","JIRE","Moveaway","Push","Push.4","Bossou",-1.32050662058189,0.00805585392051558,0.0596133190118153
"5228","280046","Action_13","Morph_27","FOKAIYE","Stopbehaviour","Fling","Fling.1","Bossou",-0.0222456089473197,0.056390977443609,0.0773361976369495
"5229","280640b","Action_4","Morph_NA","VELU","Affiliation","Bitekiss",NA,"Bossou",-0.567395975254385,0.0365198711063373,0.0306122448979592
"5230","280397b","Action_63","Morph_NA","JIRE","Affiliation","Touch",NA,"Bossou",-0.381260419411347,0.0365198711063373,0.0429645542427497
"5231","280283b","Action_39","Morph_82","NINA","Sexualattention","Presentgenitalsbackwards","PresentGenitals.1","Bossou",0.16296882827814,0.0354457572502685,0.0290010741138561
"5232","280348a","Action_35","Morph_70","NA_chimp","Sexualattention","Out","Out.1","Bossou",-1.48280526150073,0.0102040816326531,0.0150375939849624
"5233","280279","Action_38","Morph_75","NINA","Groom","Present","Present.1","Bossou",-0.653926467406664,0.0150375939849624,0.0596133190118153
"5234","280476b","Action_60","Morph_127","FOTAIU","Play","Swing","Swing.1","Bossou",0.0334347760862374,0.0306122448979592,0.0370569280343716
"5235","280626","Action_13","Morph_27","FANLE","Stopbehaviour","Fling","Fling.1","Bossou",-0.510825623765991,0.056390977443609,0.0773361976369495
"5236","280417","Action_42","Morph_89","FANA","Affiliation","Push","Push.2","Bossou",-0.166054584330083,0.00537056928034372,0.0596133190118153
"5237","280417","Action_49","Morph_NA","FANA","Affiliation","Rub",NA,"Bossou",0.39068982252601,0.0365198711063373,0.00268528464017186
"5238","280521","Action_40","Morph_82","FANWA","Sexualattention","Presentgenitalsforwards","PresentGenitals.1","Bossou",0.0657877405380032,0.0354457572502685,0.00859291084854995
"5239","280471","Action_38","Morph_77","NINA","Groom","Present","Present.3","Bossou",0.0657877405380032,0.0166487647690655,0.0596133190118153
"5240","280256","Action_63","Morph_132","KAI","Stopbehaviour","Touch","Touch.1","Bossou",-0.198450938723838,0.00859291084854995,0.0429645542427497
"5241","280352b","Action_45","Morph_101","JIRE","Affiliation","Reach","Reach.2","Bossou",-0.886731929632611,0.027389903329753,0.0719656283566058
"5242","280063","Action_41","Morph_84","JIRE","Position","Pull","Pull.1","Bossou",-0.331285709933913,0.0037593984962406,0.0177228786251343
"5243","280616","Action_46","Morph_103","JEJE","Sexualattention","Rockingbipedal","Rocking.1","Bossou",0.569848964215452,0.00322234156820623,0.00214822771213749
"5244","280616","Action_50","Morph_107","JEJE","Sexualattention","Shake","Shake.1","Bossou",-0.404965233066513,0.0139634801288937,0.0343716433941998
"5245","280233b","Action_13","Morph_27","VUAVUA","Affiliation","Fling","Fling.1","Bossou",-0.325730140089311,0.056390977443609,0.0773361976369495
"5246","280233b","Action_38","Morph_79","VUAVUA","Affiliation","Present","Present.5","Bossou",-0.834710744881732,0.0134264232008593,0.0596133190118153
"5247","280609","Action_38","Morph_77","FANA","Takeobjectnurse","Present","Present.3","Bossou",-0.141563564321787,0.0166487647690655,0.0596133190118153
"5248","280184b","Action_60","Morph_127","FOTAIU","Stopbehaviour","Swing","Swing.1","Bossou",0.115112807100505,0.0306122448979592,0.0370569280343716
"5249","280574b","Action_20","Morph_49","FANLE","Stopbehaviour","Hitother","HitOther.5","Bossou",-0.0325231917055601,0.00268528464017186,0.0402792696025779
"5250","280574b","Action_60","Morph_127","FANLE","Stopbehaviour","Swing","Swing.1","Bossou",-0.263965545834465,0.0306122448979592,0.0370569280343716
"5251","280329a","Action_63","Morph_138","YO","Affiliation","Touch","Touch.7","Bossou",-0.066139802504545,0.0107411385606874,0.0429645542427497
"5252","280557","Action_38","Morph_77","JIRE","Climbonme","Present","Present.3","Bossou",0.0334347760862374,0.0166487647690655,0.0596133190118153
"5253","280403","Action_20","Morph_45","YUNRO","Play","Hitother","HitOther.1","Bossou",-0.147340587898709,0.0263157894736842,0.0402792696025779
"5254","280221","Action_4","Morph_10","JIRE","Affiliation","Bitekiss","Bite.2","Bossou",-0.192371892647456,0.0128893662728249,0.0306122448979592
"5255","280477b","Action_20","Morph_45","YOLO","Play","Hitother","HitOther.1","Bossou",-1.04982212449868,0.0263157894736842,0.0402792696025779
"5256","280461","Action_38","Morph_77","YO","Groom","Present","Present.3","Bossou",-1.20064501423326,0.0166487647690655,0.0596133190118153
"5257","280625","Action_13","Morph_28","JIRE","Stopbehaviour","Fling","Fling.2","Bossou",-0.627359440021942,0.0209452201933405,0.0773361976369495
"5258","280349a","Action_5","Morph_17","NA_chimp","Sexualattention","Bounce","Bounce.1","Bossou",-0.515838165589535,0.0204081632653061,0.0204081632653061
"5259","280349a","Action_54","Morph_114","NA_chimp","Sexualattention","Stancebipedal","StanceBipedal.1","Bossou",-0.896488104577975,0.0171858216970999,0.0171858216970999
"5260","280424b","Action_20","Morph_45","NTO","Stopbehaviour","Hitother","HitOther.1","Bossou",-1.09961278900169,0.0263157894736842,0.0402792696025779
"5261","280025b","Action_1","Morph_1","PELEY","Play","Beckon","Beckon.1","Bossou",-0.50916034444693,0.00966702470461869,0.0123523093447905
"5262","280025b","Action_60","Morph_127","PELEY","Play","Swing","Swing.1","Bossou",-0.0335567835288428,0.0306122448979592,0.0370569280343716
"5263","280025b","Action_51","Morph_111","PELEY","Play","Spinpirouette","SpinPirouette.1","Bossou",-0.834710744881732,0.00322234156820623,0.00322234156820623
"5264","280025b","Action_23","Morph_48","PELEY","Play","Hittingother","HitOther.4","Bossou",-0.309246250367621,0.00429645542427497,0.00483351235230934
"5265","280056","Action_38","Morph_81","FOTAIU","Climbonme","Present","Present.7","Bossou",0.237440856015034,0.00214822771213749,0.0596133190118153
"5266","280641b","Action_49","Morph_106","FOKAIYE","Affiliation","Rub","Rub.3","Bossou",0.183154543097847,0.00161117078410311,0.00268528464017186
"5267","280072","Action_41","Morph_85","PELEY","Play","Pull","Pull.2","Bossou",-0.253602758798918,0.00322234156820623,0.0177228786251343
"5268","280566b","Action_42","Morph_93","YO","Stopbehaviour","Push","Push.6","Bossou",-0.565633860260986,0.00805585392051558,0.0596133190118153
"5269","280581a","Action_45","Morph_100","FANLE","Playcontinue","Reach","Reach.1","Bossou",-0.916290731874155,0.0435016111707841,0.0719656283566058
"5270","280615b","Action_13","Morph_27","PELEY","Moveaway","Fling","Fling.1","Bossou",-0.567395975254385,0.056390977443609,0.0773361976369495
"5271","280266a","Action_54","Morph_114","NTO","Affiliation","Stancebipedal","StanceBipedal.1","Bossou",-0.415515443961666,0.0171858216970999,0.0171858216970999
"5272","280266a","Action_60","Morph_129","NTO","Affiliation","Swing","Swing.3","Bossou",-0.0110609473594249,0.00214822771213749,0.0370569280343716
"5273","280266a","Action_4","Morph_10","NTO","Affiliation","Bitekiss","Bite.2","Bossou",-1.84516024595517,0.0128893662728249,0.0306122448979592
"5274","280498","Action_38","Morph_77","FANA","Climbonme","Present","Present.3","Bossou",0.288931291852213,0.0166487647690655,0.0596133190118153
"5275","280524","Action_38","Morph_78","FANA","Directattention","Present","Present.4","Bossou",0.7738050835774,0.00214822771213749,0.0596133190118153
"5276","280220","Action_8","Morph_19","YOLO","Play","Dangle","Dangle.1","Bossou",-0.843970070294529,0.0257787325456498,0.0257787325456498
"5277","280560","Action_38","Morph_77","FOTAIU","Moveclose","Present","Present.3","Bossou",0.406131552651325,0.0166487647690655,0.0596133190118153
"5278","280560","Action_45","Morph_100","FOTAIU","Moveclose","Reach","Reach.1","Bossou",0.223943231484774,0.0435016111707841,0.0719656283566058
"5279","280551","Action_41","Morph_85","YOLO","Stopbehaviour","Pull","Pull.2","Bossou",-1.20064501423326,0.00322234156820623,0.0177228786251343
"5280","280551","Action_60","Morph_127","YOLO","Stopbehaviour","Swing","Swing.1","Bossou",-0.0682788407532944,0.0306122448979592,0.0370569280343716
"5281","280191","Action_13","Morph_28","JIRE","Moveaway","Fling","Fling.2","Bossou",-0.916290731874155,0.0209452201933405,0.0773361976369495
"5282","280044","Action_38","Morph_75","FOTAIU","Directattention","Present","Present.1","Bossou",0.657520002916794,0.0150375939849624,0.0596133190118153
"5283","280370","Action_2","Morph_4","JIRE","Travel","Bigloudscratch","BigLoudScratch.2","Bossou",-0.028399474521698,0.0150375939849624,0.0241675617615467
"5284","280370","Action_45","Morph_100","JIRE","Travel","Reach","Reach.1","Bossou",-0.499226487922639,0.0435016111707841,0.0719656283566058
"5285","280649","Action_1","Morph_1","FANLE","Play","Beckon","Beckon.1","Bossou",-0.693147180559945,0.00966702470461869,0.0123523093447905
"5286","280148a","Action_8","Morph_19","FANLE","Play","Dangle","Dangle.1","Bossou",-0.0335567835288428,0.0257787325456498,0.0257787325456498
"5287","280148a","Action_17","Morph_39","FANLE","Play","Hitobject","HitObject.1","Bossou",-0.867500567704723,0.0327604726100967,0.0408163265306122
"5288","280148a","Action_17","Morph_39","FANLE","Play","Hitobject","HitObject.1","Bossou",-0.703197516413447,0.0327604726100967,0.0408163265306122
"5289","280526a","Action_4","Morph_NA","YO","Affiliation","Bitekiss",NA,"Bossou",-0.403467105445491,0.0365198711063373,0.0306122448979592
"5290","280184a","Action_45","Morph_101","NINA","Moveaway","Reach","Reach.2","Bossou",0.301584977620772,0.027389903329753,0.0719656283566058
"5291","280219","Action_38","Morph_75","JIRE","Groom","Present","Present.1","Bossou",0.441475545631197,0.0150375939849624,0.0596133190118153
"5292","280064","Action_41","Morph_86","JIRE","Stopbehaviour","Pull","Pull.3","Bossou",-0.454130280089445,0.00698174006444683,0.0177228786251343
"5293","280339","Action_38","Morph_76","NINA","Directattention","Present","Present.2","Bossou",0.746213901496638,0.00590762620837809,0.0596133190118153
"5294","280329b","Action_63","Morph_138","PAMA","Affiliation","Touch","Touch.7","Bossou",-0.026343975339602,0.0107411385606874,0.0429645542427497
"5295","280401","Action_8","Morph_19","NA_chimp","Playcontinue","Dangle","Dangle.1","Bossou",-0.476424197048658,0.0257787325456498,0.0257787325456498
"5296","280374","Action_45","Morph_100","JIRE","Affiliation","Reach","Reach.1","Bossou",-0.465215112513938,0.0435016111707841,0.0719656283566058
"5297","280364","Action_13","Morph_27","FANA","Moveaway","Fling","Fling.1","Bossou",-0.50916034444693,0.056390977443609,0.0773361976369495
"5298","280375","Action_38","Morph_80","FOAF","Groom","Present","Present.6","Bossou",-0.22314355131421,0.00322234156820623,0.0596133190118153
"5299","280025a","Action_42","Morph_93","FANLE","Stopbehaviour","Push","Push.6","Bossou",0.155292884406035,0.00805585392051558,0.0596133190118153
"5300","280025a","Action_43","Morph_96","FANLE","Stopbehaviour","Raise","Raise.1","Bossou",-1.20064501423326,0.0268528464017186,0.0349087003222342
"5301","280025a","Action_20","Morph_45","FANLE","Stopbehaviour","Hitother","HitOther.1","Bossou",-0.567395975254385,0.0263157894736842,0.0402792696025779
"5302","280025a","Action_13","Morph_27","FANLE","Stopbehaviour","Fling","Fling.1","Bossou",-0.693147180559945,0.056390977443609,0.0773361976369495
"5303","280025a","Action_15","Morph_35","FANLE","Stopbehaviour","Grabhold","GrabHold.1","Bossou",1.01884732019925,0.00214822771213749,0.0037593984962406
"5304","280424a","Action_63","Morph_138","NA_chimp","Play","Touch","Touch.7","Bossou",-0.455706324544911,0.0107411385606874,0.0429645542427497
"5305","280424a","Action_45","Morph_100","NA_chimp","Play","Reach","Reach.1","Bossou",-0.796287939479459,0.0435016111707841,0.0719656283566058
"5306","280424a","Action_14","Morph_31","NA_chimp","Play","Grab","Grab.3","Bossou",-1.69826912614072,0.00805585392051558,0.023093447905478
"5307","280424a","Action_41","Morph_86","NA_chimp","Play","Pull","Pull.3","Bossou",-0.659712404473708,0.00698174006444683,0.0177228786251343
"5308","280373","Action_20","Morph_45","JIRE","Stopbehaviour","Hitother","HitOther.1","Bossou",-0.76142602131324,0.0263157894736842,0.0402792696025779
"5309","280641a","Action_39","Morph_82","VELU","Affiliation","Presentgenitalsbackwards","PresentGenitals.1","Bossou",0.361164849211584,0.0354457572502685,0.0290010741138561
"5310","280369","Action_38","Morph_79","FOAF","Groom","Present","Present.5","Bossou",0.0732504617395927,0.0134264232008593,0.0596133190118153
"5311","280581b","Action_45","Morph_100","JEJE","Playcontinue","Reach","Reach.1","Bossou",-0.95711272639441,0.0435016111707841,0.0719656283566058
"5312","280581b","Action_41","Morph_NA","JEJE","Playcontinue","Pull",NA,"Bossou",-0.287682072451781,0.0365198711063373,0.0177228786251343
"5313","280071","Action_41","Morph_86","JIRE","Position","Pull","Pull.3","Bossou",0.0411419433311752,0.00698174006444683,0.0177228786251343
"5314","280137","Action_45","Morph_100","JEJE","Giveme","Reach","Reach.1","Bossou",-0.158995731490458,0.0435016111707841,0.0719656283566058
"5315","280593","Action_5","Morph_17","YOLO","Sociosexualattention","Bounce","Bounce.1","Bossou",0.000999500333083423,0.0204081632653061,0.0204081632653061
"5316","280593","Action_39","Morph_83","YOLO","Sociosexualattention","Presentgenitalsbackwards","PresentGenitals.2","Bossou",-0.243346258631729,0.00214822771213749,0.0290010741138561
"5317","280593","Action_43","Morph_96","YOLO","Sociosexualattention","Raise","Raise.1","Bossou",-0.874669057183336,0.0268528464017186,0.0349087003222342
"5318","280136","Action_39","Morph_82","VEVE","Sexualattention","Presentgenitalsbackwards","PresentGenitals.1","Bossou",0.55790003115192,0.0354457572502685,0.0290010741138561
"5319","280070","Action_38","Morph_79","JIRE","Directattention","Present","Present.5","Bossou",0.408128225527648,0.0134264232008593,0.0596133190118153
"5320","280266b","Action_4","Morph_10","YO","Affiliation","Bitekiss","Bite.2","Bossou",-1.77785656405906,0.0128893662728249,0.0306122448979592
"5321","280266b","Action_11","Morph_23","YO","Affiliation","Embrace","Embrace.2","Bossou",-0.306525160253261,0.00268528464017186,0.00859291084854995
"5322","280054","Action_3","Morph_11","FOAF","Play","Bite","Bite.3","Bossou",-0.671385688778433,0.00214822771213749,0.00644468313641246
"5323","280195b","Action_54","Morph_114","JIRE","Moveaway","Stancebipedal","StanceBipedal.1","Bossou",-0.896488104577975,0.0171858216970999,0.0171858216970999
"5324","280606","Action_63","Morph_140","FANA","Affiliation","Touch","Touch.9","Bossou",-0.122167633974208,0.00698174006444683,0.0429645542427497
"5325","280223","Action_38","Morph_75","JIRE","Groom","Present","Present.1","Bossou",-0.438504962186365,0.0150375939849624,0.0596133190118153
"5326","280319","Action_42","Morph_92","YO","Climbonme","Push","Push.5","Bossou",0.0778865386570712,0.00644468313641246,0.0596133190118153
"5327","280319","Action_42","Morph_88","YO","Climbonme","Push","Push.1","Bossou",-0.517514611916787,0.0128893662728249,0.0596133190118153
"5328","280563","Action_45","Morph_101","PAMA","Giveme","Reach","Reach.2","Bossou",-0.243346258631729,0.027389903329753,0.0719656283566058
"5329","280552","Action_43","Morph_96","JEJE","Sexualattention","Raise","Raise.1","Bossou",-1.00239343092757,0.0268528464017186,0.0349087003222342
"5330","280192","Action_45","Morph_100","JIRE","Affiliation","Reach","Reach.1","Bossou",-0.397496938458987,0.0435016111707841,0.0719656283566058
"5331","280400","Action_8","Morph_19","NA_chimp","Playcontinue","Dangle","Dangle.1","Bossou",-0.320205264157341,0.0257787325456498,0.0257787325456498
"5332","280338","Action_38","Morph_79","NINA","Groom","Present","Present.5","Bossou",-0.321583624127462,0.0134264232008593,0.0596133190118153
"5333","280019","Action_38","Morph_79","PELEY","Staysame","Present","Present.5","Bossou",0.263133199530368,0.0134264232008593,0.0596133190118153
"5334","280148b","Action_33","Morph_61","JEJE","Play","Objectmove","ObjectMove.1","Bossou",0.590006421640432,0.0193340494092374,0.0349087003222342
"5335","280148b","Action_8","Morph_19","JEJE","Play","Dangle","Dangle.1","Bossou",0.114221144090023,0.0257787325456498,0.0257787325456498
"5336","280148b","Action_20","Morph_46","JEJE","Play","Hitother","HitOther.2","Bossou",-0.216913001563574,0.00805585392051558,0.0402792696025779
"5337","280579","Action_63","Morph_138","JEJE","Giveme","Touch","Touch.7","Bossou",0.288181947493432,0.0107411385606874,0.0429645542427497
"5338","280104","Action_13","Morph_28","TUA","Stopbehaviour","Fling","Fling.2","Bossou",-1.09362474715707,0.0209452201933405,0.0773361976369495
"5339","280286","Action_40","Morph_82","YOLO","Sexualattention","Presentgenitalsforwards","PresentGenitals.1","Bossou",-0.0161293819298836,0.0354457572502685,0.00859291084854995
"5340","280489","Action_42","Morph_90","TUA","Position","Push","Push.3","Bossou",-0.567395975254385,0.0134264232008593,0.0596133190118153
"5341","280363a","Action_1","Morph_1","TUA","Sexualattention","Beckon","Beckon.1","Bossou",0.263133199530368,0.00966702470461869,0.0123523093447905
"5342","280321a","Action_36","Morph_73","YUNRO","Sociosexualattention","Overstance","OverStance.2","Bossou",0.0506931143155182,0.00483351235230934,0.0134264232008593
"5343","280269","Action_13","Morph_27","JIRE","Moveaway","Fling","Fling.1","Bossou",-1.05843049903528,0.056390977443609,0.0773361976369495
"5344","280586","Action_42","Morph_93","JIRE","Takeobjectnurse","Push","Push.6","Bossou",-0.180323554131282,0.00805585392051558,0.0596133190118153
"5345","280053b","Action_8","Morph_19","PELEY","Play","Dangle","Dangle.1","Bossou",0.200488860749404,0.0257787325456498,0.0257787325456498
"5346","280053b","Action_8","Morph_19","PELEY","Play","Dangle","Dangle.1","Bossou",-0.0377018671840115,0.0257787325456498,0.0257787325456498
"5347","280053b","Action_8","Morph_19","PELEY","Play","Dangle","Dangle.1","Bossou",-0.138113302129634,0.0257787325456498,0.0257787325456498
"5348","280096a","Action_20","Morph_45","FOTAIU","Stopbehaviour","Hitother","HitOther.1","Bossou",-0.147340587898709,0.0263157894736842,0.0402792696025779
"5349","280096a","Action_43","Morph_98","FOTAIU","Stopbehaviour","Raise","Raise.3","Bossou",0.44660705143934,0.00590762620837809,0.0349087003222342
"5350","280096a","Action_2","Morph_6","FOTAIU","Stopbehaviour","Bigloudscratch","BigLoudScratch.4","Bossou",-0.0460439385014068,0.00322234156820623,0.0241675617615467
"5351","280096a","Action_54","Morph_114","FOTAIU","Stopbehaviour","Stancebipedal","StanceBipedal.1","Bossou",-0.149660774554406,0.0171858216970999,0.0171858216970999
"5352","280162","Action_38","Morph_75","VUAVUA","Groom","Present","Present.1","Bossou",0,0.0150375939849624,0.0596133190118153
"5353","280618b","Action_13","Morph_27","JIRE","Stopbehaviour","Fling","Fling.1","Bossou",-0.309246250367621,0.056390977443609,0.0773361976369495
"5354","280618b","Action_42","Morph_88","JIRE","Stopbehaviour","Push","Push.1","Bossou",-0.404965233066513,0.0128893662728249,0.0596133190118153
"5355","280618b","Action_63","Morph_133","JIRE","Stopbehaviour","Touch","Touch.2","Bossou",-1.78976146656538,0.00805585392051558,0.0429645542427497
"5356","280618b","Action_41","Morph_86","JIRE","Stopbehaviour","Pull","Pull.3","Bossou",-0.627359440021942,0.00698174006444683,0.0177228786251343
"5357","280350","Action_42","Morph_93","JOKURO","Moveaway","Push","Push.6","Bossou",-0.556869562267398,0.00805585392051558,0.0596133190118153
"5358","280291","Action_38","Morph_75","YO","Groom","Present","Present.1","Bossou",1.28647402583768,0.0150375939849624,0.0596133190118153
"5359","280587a","Action_45","Morph_101","FANLE","Affiliation","Reach","Reach.2","Bossou",-0.567395975254385,0.027389903329753,0.0719656283566058
"5360","280587a","Action_43","Morph_96","FANLE","Affiliation","Raise","Raise.1","Bossou",-0.659712404473708,0.0268528464017186,0.0349087003222342
"5361","280587a","Action_13","Morph_27","FANLE","Affiliation","Fling","Fling.1","Bossou",-0.796287939479459,0.056390977443609,0.0773361976369495
"5362","280587a","Action_63","Morph_137","FANLE","Affiliation","Touch","Touch.6","Bossou",-0.332679438382517,0.00322234156820623,0.0429645542427497
"5363","280587a","Action_3","Morph_12","FANLE","Affiliation","Bite","Bite.4","Bossou",-1.89047544216721,0.00214822771213749,0.00644468313641246
"5364","280587a","Action_29","Morph_58","FANLE","Affiliation","Locomotegallop","LocomoteGallop.1","Bossou",-0.482886255076749,0.0134264232008593,0.0134264232008593
"5365","280120","Action_45","Morph_100","FOTAIU","Affiliation","Reach","Reach.1","Bossou",-0.218156009803171,0.0435016111707841,0.0719656283566058
"5366","280120","Action_64","Morph_138","FOTAIU","Affiliation","Touchlongother","Touch.7","Bossou",0.730442965303642,0.0107411385606874,0.0112781954887218
"5367","280517","Action_1","Morph_1","JIRE","Moveclose","Beckon","Beckon.1","Bossou",-0.141563564321787,0.00966702470461869,0.0123523093447905
"5368","280517","Action_1","Morph_1","JIRE","Moveclose","Beckon","Beckon.1","Bossou",0.0962188577405429,0.00966702470461869,0.0123523093447905
"5369","280517","Action_1","Morph_1","JIRE","Moveclose","Beckon","Beckon.1","Bossou",-0.404965233066513,0.00966702470461869,0.0123523093447905
"5370","280261a","Action_45","Morph_100","FOAF","Affiliation","Reach","Reach.1","Bossou",-0.514164525031505,0.0435016111707841,0.0719656283566058
"5371","280261a","Action_45","Morph_101","FOAF","Affiliation","Reach","Reach.2","Bossou",-0.53785429615391,0.027389903329753,0.0719656283566058
"5372","280547a","Action_13","Morph_27","YOLO","Moveaway","Fling","Fling.1","Bossou",-0.76142602131324,0.056390977443609,0.0773361976369495
"5373","280547a","Action_3","Morph_16","YOLO","Moveaway","Bite","Bite.8","Bossou",-0.355247391947547,0.000537056928034372,0.00644468313641246
"5374","280418","Action_38","Morph_75","FOAF","Directattention","Present","Present.1","Bossou",0.246078522596706,0.0150375939849624,0.0596133190118153
"5375","280418","Action_63","Morph_140","JIRE","Affiliation","Touch","Touch.9","Bossou",0.0334347760862374,0.00698174006444683,0.0429645542427497
"5376","280129","Action_45","Morph_100","JEJE","Giveme","Reach","Reach.1","Bossou",0.260824618281898,0.0435016111707841,0.0719656283566058
"5377","280605","Action_63","Morph_132","FANA","Climbonme","Touch","Touch.1","Bossou",-0.629233854816292,0.00859291084854995,0.0429645542427497
"5378","280110","Action_40","Morph_82","TUA","Sexualattention","Presentgenitalsforwards","PresentGenitals.1","Bossou",-0.0790432073404529,0.0354457572502685,0.00859291084854995
"5379","280114a","Action_35","Morph_71","FOTAIU","Staysame","Out","Out.2","Bossou",-0.16369609267079,0.00429645542427497,0.0150375939849624
"5380","280114a","Action_42","Morph_90","FOTAIU","Staysame","Push","Push.3","Bossou",-0.901402119380404,0.0134264232008593,0.0596133190118153
"5381","280114a","Action_28","Morph_57","FOTAIU","Staysame","Locomotebipedal","LocomoteBipedal.2","Bossou",0.205386829724951,0.00429645542427497,0.0155746509129968
"5382","280344","Action_4","Morph_10","NINA","Affiliation","Bitekiss","Bite.2","Bossou",-0.349557476169868,0.0128893662728249,0.0306122448979592
"5383","280371","Action_42","Morph_93","JIRE","Climbonme","Push","Push.6","Bossou",-0.306525160253261,0.00805585392051558,0.0596133190118153
"5384","280371","Action_38","Morph_75","JIRE","Climbonme","Present","Present.1","Bossou",0.258510695151501,0.0150375939849624,0.0596133190118153
"5385","280561b","Action_4","Morph_NA","KAI","Affiliation","Bitekiss",NA,"Bossou",-0.834710744881732,0.0365198711063373,0.0306122448979592
"5386","280214","Action_45","Morph_100","TUA","Stopbehaviour","Reach","Reach.1","Bossou",-0.23572233352107,0.0435016111707841,0.0719656283566058
"5387","280249a","Action_38","Morph_79","YOLO","Play","Present","Present.5","Bossou",0.2207406666979,0.0134264232008593,0.0596133190118153
"5388","280249a","Action_14","Morph_29","YOLO","Play","Grab","Grab.1","Bossou",-0.978166135592243,0.0037593984962406,0.023093447905478
"5389","280387a","Action_43","Morph_98","NA_chimp","Play","Raise","Raise.3","Bossou",-1.03563748950672,0.00590762620837809,0.0349087003222342
"5390","280387a","Action_13","Morph_27","NA_chimp","Play","Fling","Fling.1","Bossou",-0.805196684368568,0.056390977443609,0.0773361976369495
"5391","280387a","Action_57","Morph_115","NA_chimp","Play","Stompobject","StompObject.1","Bossou",-1.20731170559145,0.0150375939849624,0.0236305048335124
"5392","280111","Action_38","Morph_77","VELU","Groom","Present","Present.3","Bossou",-1.22417551164346,0.0166487647690655,0.0596133190118153
"5393","280128","Action_45","Morph_100","JEJE","Giveme","Reach","Reach.1","Bossou",-0.0725706928348354,0.0435016111707841,0.0719656283566058
"5394","280602","Action_43","Morph_96","YOLO","Play","Raise","Raise.1","Bossou",-0.161343150408763,0.0268528464017186,0.0349087003222342
"5395","280516","Action_13","Morph_27","JIRE","Moveaway","Fling","Fling.1","Bossou",-0.693147180559945,0.056390977443609,0.0773361976369495
"5396","280516","Action_13","Morph_28","JIRE","Moveaway","Fling","Fling.2","Bossou",-0.837017550979647,0.0209452201933405,0.0773361976369495
"5397","280121","Action_45","Morph_100","FOKAIYE","Affiliation","Reach","Reach.1","Bossou",-0.825536368605691,0.0435016111707841,0.0719656283566058
"5398","280121","Action_45","Morph_100","FOKAIYE","Affiliation","Reach","Reach.1","Bossou",-0.470003629245736,0.0435016111707841,0.0719656283566058
"5399","280121","Action_23","Morph_47","FOKAIYE","Affiliation","Hittingother","HitOther.3","Bossou",-0.207024169434327,0.000537056928034372,0.00483351235230934
"5400","280225","Action_36","Morph_NA","NINA","Affiliation","Overstance",NA,"Bossou",-0.338273858567841,0.0365198711063373,0.0134264232008593
"5401","280035b","Action_17","Morph_40","FANLE","Play","Hitobject","HitObject.2","Bossou",-0.450985623409974,0.00483351235230934,0.0408163265306122
"5402","280035b","Action_20","Morph_45","FANLE","Play","Hitother","HitOther.1","Bossou",-1.22417551164346,0.0263157894736842,0.0402792696025779
"5403","280035b","Action_60","Morph_127","FANLE","Play","Swing","Swing.1","Bossou",-0.277071893339765,0.0306122448979592,0.0370569280343716
"5404","280035b","Action_1","Morph_1","FANLE","Play","Beckon","Beckon.1","Bossou",-0.640554730440775,0.00966702470461869,0.0123523093447905
"5405","280035b","Action_38","Morph_81","FANLE","Play","Present","Present.7","Bossou",-1.13631415585212,0.00214822771213749,0.0596133190118153
"5406","280035b","Action_63","Morph_134","FANLE","Play","Touch","Touch.3","Bossou",-0.991553216374702,0.00698174006444683,0.0429645542427497
"5407","280035b","Action_16","Morph_38","FANLE","Play","Headstand","HeadStand.1","Bossou",0.00995033085316809,0.00161117078410311,0.00161117078410311
"5408","280035b","Action_14","Morph_31","FANLE","Play","Grab","Grab.3","Bossou",-0.727738625329564,0.00805585392051558,0.023093447905478
"5409","280514","Action_39","Morph_82","JOYA","Sociosexualattention","Presentgenitalsbackwards","PresentGenitals.1","Bossou",0.0962188577405429,0.0354457572502685,0.0290010741138561
"5410","280326b","Action_4","Morph_10","YO","Affiliation","Bitekiss","Bite.2","Bossou",0.335042643811618,0.0128893662728249,0.0306122448979592
"5411","280126","Action_38","Morph_81","FOTAIU","Climbonme","Present","Present.7","Bossou",0.420682073913025,0.00214822771213749,0.0596133190118153
"5412","280126","Action_38","Morph_75","FOTAIU","Climbonme","Present","Present.1","Bossou",-0.155484902840395,0.0150375939849624,0.0596133190118153
"5413","280126","Action_2","Morph_3","FOTAIU","Climbonme","Bigloudscratch","BigLoudScratch.1","Bossou",0.276873873735178,0.00322234156820623,0.0241675617615467
"5414","280232","Action_38","Morph_79","VUAVUA","Affiliation","Present","Present.5","Bossou",0.0344014267173323,0.0134264232008593,0.0596133190118153
"5415","280163","Action_50","Morph_108","JEJE","Play","Shake","Shake.2","Bossou",-0.29035230100766,0.00214822771213749,0.0343716433941998
"5416","280334b","Action_42","Morph_93","JIRE","Takeobjectnurse","Push","Push.6","Bossou",-0.261364764134408,0.00805585392051558,0.0596133190118153
"5417","280318","Action_42","Morph_88","FANA","Climbonme","Push","Push.1","Bossou",0.487352267580348,0.0128893662728249,0.0596133190118153
"5418","280619b","Action_63","Morph_133","JEJE","Affiliation","Touch","Touch.2","Bossou",-0.404965233066513,0.00805585392051558,0.0429645542427497
"5419","280382a","Action_45","Morph_100","FOTAIU","Affiliation","Reach","Reach.1","Bossou",-0.199671195129068,0.0435016111707841,0.0719656283566058
"5420","280268","Action_40","Morph_82","VUI","Sexualattention","Presentgenitalsforwards","PresentGenitals.1","Bossou",-1.12701176318981,0.0354457572502685,0.00859291084854995
"5421","280268","Action_50","Morph_108","VUI","Sexualattention","Shake","Shake.2","Bossou",-0.173163619009189,0.00214822771213749,0.0343716433941998
"5422","280555","Action_4","Morph_NA","JEJE","Affiliation","Bitekiss",NA,"Bossou",-1.6094379124341,0.0365198711063373,0.0306122448979592
"5423","280257b","Action_20","Morph_46","YOLO","Play","Hitother","HitOther.2","Bossou",-0.687165108882398,0.00805585392051558,0.0402792696025779
"5424","280578","Action_63","Morph_134","JEJE","Climbonyou","Touch","Touch.3","Bossou",0.0344014267173323,0.00698174006444683,0.0429645542427497
"5425","280253b","Action_60","Morph_127","YOLO","Stopbehaviour","Swing","Swing.1","Bossou",-0.226900600191922,0.0306122448979592,0.0370569280343716
"5426","280105","Action_13","Morph_27","TUA","Moveaway","Fling","Fling.1","Bossou",-0.327116141697188,0.056390977443609,0.0773361976369495
"5427","280501","Action_50","Morph_107","PAMA","Play","Shake","Shake.1","Bossou",-0.263965545834465,0.0139634801288937,0.0343716433941998
"5428","280501","Action_5","Morph_17","PAMA","Play","Bounce","Bounce.1","Bossou",-0.142716302201595,0.0204081632653061,0.0204081632653061
"5429","280124","Action_14","Morph_31","JEJE","Play","Grab","Grab.3","Bossou",-0.825536368605691,0.00805585392051558,0.023093447905478
"5430","280321b","Action_39","Morph_82","PILI","Sociosexualattention","Presentgenitalsbackwards","PresentGenitals.1","Bossou",-0.22314355131421,0.0354457572502685,0.0290010741138561
"5431","280363b","Action_39","Morph_82","JIRE","Sexualattention","Presentgenitalsbackwards","PresentGenitals.1","Bossou",0.782987884559735,0.0354457572502685,0.0290010741138561
"5432","280304","Action_64","Morph_138","FANA","Affiliation","Touchlongother","Touch.7","Bossou",0.894045122926835,0.0107411385606874,0.0112781954887218
"5433","280585","Action_38","Morph_77","FANA","Takeobjectnurse","Present","Present.3","Bossou",-0.659712404473708,0.0166487647690655,0.0596133190118153
"5434","280053a","Action_29","Morph_58","JEJE","Play","Locomotegallop","LocomoteGallop.1","Bossou",0.0401817896328318,0.0134264232008593,0.0134264232008593
"5435","280053a","Action_55","Morph_116","JEJE","Play","Stompingobject","StompObject.2","Bossou",-0.569161200778954,0.00912996777658432,0.0150375939849624
"5436","280053a","Action_57","Morph_115","JEJE","Play","Stompobject","StompObject.1","Bossou",-0.245900538436826,0.0150375939849624,0.0236305048335124
"5437","280053a","Action_57","Morph_115","JEJE","Play","Stompobject","StompObject.1","Bossou",-0.677273831403655,0.0150375939849624,0.0236305048335124
"5438","280053a","Action_34","Morph_67","JEJE","Play","Objectshake","ObjectShake.3","Bossou",0.837247524533702,0.000537056928034372,0.014500537056928
"5439","280053a","Action_21","Morph_43","JEJE","Play","Hittingobject","HitObject.5","Bossou",-0.0954101848046582,0.00537056928034372,0.0118152524167562
"5440","280053a","Action_21","Morph_42","JEJE","Play","Hittingobject","HitObject.4","Bossou",-0.975510091534126,0.00590762620837809,0.0118152524167562
"5441","280149","Action_8","Morph_19","JEJE","Playcontinue","Dangle","Dangle.1","Bossou",-0.401971218853909,0.0257787325456498,0.0257787325456498
"5442","280149","Action_14","Morph_30","JEJE","Playcontinue","Grab","Grab.2","Bossou",-0.913793851675568,0.00429645542427497,0.023093447905478
"5443","280161","Action_38","Morph_79","YOLO","Groom","Present","Present.5","Bossou",0.790727508898809,0.0134264232008593,0.0596133190118153
"5444","280096b","Action_38","Morph_79","JIRE","Affiliation","Present","Present.5","Bossou",0.0657877405380032,0.0134264232008593,0.0596133190118153
"5445","280248","Action_20","Morph_45","YO","Stopbehaviour","Hitother","HitOther.1","Bossou",-0.640554730440775,0.0263157894736842,0.0402792696025779
"5446","280306","Action_13","Morph_27","KAI","Moveaway","Fling","Fling.1","Bossou",-0.783071888087932,0.056390977443609,0.0773361976369495
"5447","280306","Action_13","Morph_27","KAI","Moveaway","Fling","Fling.1","Bossou",-0.572701027484078,0.056390977443609,0.0773361976369495
"5448","280353","Action_42","Morph_88","NA_chimp","Position","Push","Push.1","Bossou",-0.321583624127462,0.0128893662728249,0.0596133190118153
"5449","280353","Action_5","Morph_17","NA_chimp","Position","Bounce","Bounce.1","Bossou",-0.462035459596559,0.0204081632653061,0.0204081632653061
"5450","280309","Action_63","Morph_140","KAI","Affiliation","Touch","Touch.9","Bossou",0.153579087928301,0.00698174006444683,0.0429645542427497
"5451","280199","Action_13","Morph_27","NINA","Moveaway","Fling","Fling.1","Bossou",-0.396009949337409,0.056390977443609,0.0773361976369495
"5452","280079","Action_45","Morph_100","JEJE","Giveme","Reach","Reach.1","Bossou",-0.176737178500054,0.0435016111707841,0.0719656283566058
"5453","280086","Action_20","Morph_45","FOTAIU","Stopbehaviour","Hitother","HitOther.1","Bossou",-0.245900538436826,0.0263157894736842,0.0402792696025779
"5454","280547b","Action_39","Morph_82","FOTAIU","Sexualattention","Presentgenitalsbackwards","PresentGenitals.1","Bossou",-0.455706324544911,0.0354457572502685,0.0290010741138561
"5455","280261b","Action_14","Morph_33","YOLO","Affiliation","Grab","Grab.5","Bossou",-0.209487224866724,0.00537056928034372,0.023093447905478
"5456","280261b","Action_14","Morph_33","YOLO","Affiliation","Grab","Grab.5","Bossou",-0.85566611005772,0.00537056928034372,0.023093447905478
"5457","280114b","Action_35","Morph_70","JEJE","Staysame","Out","Out.1","Bossou",-0.102032725565152,0.0102040816326531,0.0150375939849624
"5458","280114b","Action_43","Morph_96","JEJE","Staysame","Raise","Raise.1","Bossou",-0.693147180559945,0.0268528464017186,0.0349087003222342
"5459","280038","Action_38","Morph_76","PAMA","Directattention","Present","Present.2","Bossou",0.161268147596122,0.00590762620837809,0.0596133190118153
"5460","280630b","Action_13","Morph_27","JIRE","Stopbehaviour","Fling","Fling.1","Bossou",-0.567395975254385,0.056390977443609,0.0773361976369495
"5461","280216","Action_13","Morph_27","JIRE","Moveaway","Fling","Fling.1","Bossou",-0.691149177897272,0.056390977443609,0.0773361976369495
"5462","280098","Action_13","Morph_27","TUA","Moveaway","Fling","Fling.1","Bossou",-0.736054681571222,0.056390977443609,0.0773361976369495
"5463","280561a","Action_4","Morph_NA","YOLO","Affiliation","Bitekiss",NA,"Bossou",-1.45671682541644,0.0365198711063373,0.0306122448979592
"5464","280039","Action_45","Morph_100","PAMA","Affiliation","Reach","Reach.1","Bossou",-0.731888008876376,0.0435016111707841,0.0719656283566058
"5465","280099","Action_13","Morph_27","TUA","Moveaway","Fling","Fling.1","Bossou",-0.427710717055484,0.056390977443609,0.0773361976369495
"5466","280099","Action_13","Morph_27","TUA","Moveaway","Fling","Fling.1","Bossou",-1.56064774826467,0.056390977443609,0.0773361976369495
"5467","280249b","Action_36","Morph_73","JURU","Affiliation","Overstance","OverStance.2","Bossou",0.348541960708543,0.00483351235230934,0.0134264232008593
"5468","280112","Action_41","Morph_86","FOTAIU","Climbonme","Pull","Pull.3","Bossou",-0.500875292912823,0.00698174006444683,0.0177228786251343
"5469","280087","Action_31","Morph_59","FOTAIU","Moveaway","Lunge","Lunge.1","Bossou",0.569283193337559,0.00214822771213749,0.00214822771213749
"5470","280612","Action_13","Morph_27","YOLO","Moveaway","Fling","Fling.1","Bossou",-0.403467105445491,0.056390977443609,0.0773361976369495
"5471","280612","Action_13","Morph_27","YOLO","Moveaway","Fling","Fling.1","Bossou",-0.141563564321787,0.056390977443609,0.0773361976369495
"5472","280612","Action_13","Morph_27","YOLO","Moveaway","Fling","Fling.1","Bossou",-0.834710744881732,0.056390977443609,0.0773361976369495
"5473","280078","Action_63","Morph_135","JEJE","Giveme","Touch","Touch.4","Bossou",-0.970219073899711,0.00483351235230934,0.0429645542427497
"5474","280203","Action_38","Morph_79","NA_chimp","Sociosexualattention","Present","Present.5","Bossou",-0.204567165741274,0.0134264232008593,0.0596133190118153
"5475","280358","Action_38","Morph_80","NINA","Sexualattention","Present","Present.6","Bossou",0.431132854856742,0.00322234156820623,0.0596133190118153
"5476","280535a","Action_4","Morph_10","JIRE","Affiliation","Bitekiss","Bite.2","Bossou",-0.50916034444693,0.0128893662728249,0.0306122448979592
"5477","280122","Action_50","Morph_109","TUA","Sexualattention","Shake","Shake.3","Bossou",-0.160168752152821,0.0177228786251343,0.0343716433941998
"5478","280122","Action_50","Morph_109","TUA","Sexualattention","Shake","Shake.3","Bossou",-0.972861083362549,0.0177228786251343,0.0343716433941998
"5479","280035a","Action_30","Morph_NA","PELEY","Play","Locomotestiff",NA,"Bossou",0.549276810140243,0.0365198711063373,0.0037593984962406
"5480","280035a","Action_54","Morph_114","PELEY","Play","Stancebipedal","StanceBipedal.1","Bossou",-1.11169752821677,0.0171858216970999,0.0171858216970999
"5481","280035a","Action_50","Morph_109","PELEY","Play","Shake","Shake.3","Bossou",-0.019182819416774,0.0177228786251343,0.0343716433941998
"5482","280035a","Action_50","Morph_109","PELEY","Play","Shake","Shake.3","Bossou",-0.921303273697699,0.0177228786251343,0.0343716433941998
"5483","280035a","Action_1","Morph_1","PELEY","Play","Beckon","Beckon.1","Bossou",-1.2837377727948,0.00966702470461869,0.0123523093447905
"5484","280035a","Action_50","Morph_109","PELEY","Play","Shake","Shake.3","Bossou",0.0751074724868055,0.0177228786251343,0.0343716433941998
"5485","280035a","Action_35","Morph_70","PELEY","Play","Out","Out.1","Bossou",-0.376877651256252,0.0102040816326531,0.0150375939849624
"5486","280035a","Action_20","Morph_45","PELEY","Play","Hitother","HitOther.1","Bossou",-1.73160554640831,0.0263157894736842,0.0402792696025779
"5487","280308","Action_13","Morph_27","TUA","Moveaway","Fling","Fling.1","Bossou",-0.197232169529709,0.056390977443609,0.0773361976369495
"5488","280308","Action_13","Morph_27","TUA","Moveaway","Fling","Fling.1","Bossou",-0.522560879984412,0.056390977443609,0.0773361976369495
"5489","280226","Action_38","Morph_77","VELU","Directattention","Present","Present.3","Bossou",1.23256026117785,0.0166487647690655,0.0596133190118153
"5490","280305","Action_42","Morph_91","FANA","Climbonme","Push","Push.4","Bossou",0.0440168854167743,0.00805585392051558,0.0596133190118153
"5491","280483b","Action_60","Morph_127","NA_chimp","Stopbehaviour","Swing","Swing.1","Bossou",-0.309246250367621,0.0306122448979592,0.0370569280343716
"5492","280160","Action_48","Morph_104","FANLE","Playcontinue","Rollover","RollOver.1","Bossou",1.14549587456696,0.00429645542427497,0.00429645542427497
"5493","280231","Action_4","Morph_10","VUAVUA","Affiliation","Bitekiss","Bite.2","Bossou",0.276115436080316,0.0128893662728249,0.0306122448979592
"5494","280231","Action_42","Morph_92","VUAVUA","Affiliation","Push","Push.5","Bossou",-1.27296567581289,0.00644468313641246,0.0596133190118153
"5495","280326a","Action_4","Morph_10","FANA","Affiliation","Bitekiss","Bite.2","Bossou",0.952043901579973,0.0128893662728249,0.0306122448979592
"5496","280334a","Action_45","Morph_100","JOKURO","Givemenurse","Reach","Reach.1","Bossou",-0.443166975292176,0.0435016111707841,0.0719656283566058
"5497","280632","Action_63","Morph_133","FANLE","Stopbehaviour","Touch","Touch.2","Bossou",-0.76142602131324,0.00805585392051558,0.0429645542427497
"5498","280382b","Action_64","Morph_138","NA_chimp","Affiliation","Touchlongother","Touch.7","Bossou",-0.00501254182354429,0.0107411385606874,0.0112781954887218
"5499","280619a","Action_39","Morph_83","JIRE","Affiliation","Presentgenitalsbackwards","PresentGenitals.2","Bossou",0.211070970079941,0.00214822771213749,0.0290010741138561
"5500","280584","Action_42","Morph_90","JIRE","Stopbehaviour","Push","Push.3","Bossou",-1.20397280432594,0.0134264232008593,0.0596133190118153
"5501","280379","Action_38","Morph_80","NA_chimp","Groom","Present","Present.6","Bossou",0.0852598439508234,0.00322234156820623,0.0596133190118153
"5502","280125","Action_42","Morph_89","FOTAIU","Takeobjectnurse","Push","Push.2","Bossou",-0.486133011175619,0.00537056928034372,0.0596133190118153
"5503","280500","Action_39","Morph_82","FANLE","Sexualattention","Presentgenitalsbackwards","PresentGenitals.1","Bossou",-0.263965545834465,0.0354457572502685,0.0290010741138561
"5504","280106","Action_36","Morph_73","TUA","Support","Overstance","OverStance.2","Bossou",0.47374661552457,0.00483351235230934,0.0134264232008593
"5505","280106","Action_57","Morph_115","TUA","Support","Stompobject","StompObject.1","Bossou",-0.811930716549912,0.0150375939849624,0.0236305048335124
"5506","280257a","Action_54","Morph_114","PONI","Play","Stancebipedal","StanceBipedal.1","Bossou",-0.740238788093796,0.0171858216970999,0.0171858216970999
"5507","280257a","Action_60","Morph_129","PONI","Play","Swing","Swing.3","Bossou",0.64500680523201,0.00214822771213749,0.0370569280343716
"5508","280253a","Action_21","Morph_42","JURU","Play","Hittingobject","HitObject.4","Bossou",-0.510825623765991,0.00590762620837809,0.0118152524167562
"5509","280253a","Action_24","Morph_51","JURU","Play","Jump","Jump.1","Bossou",-0.629233854816292,0.0128893662728249,0.0128893662728249
"5510","280253a","Action_17","Morph_40","JURU","Play","Hitobject","HitObject.2","Bossou",-1.55589714550607,0.00483351235230934,0.0408163265306122
"5511","280253a","Action_24","Morph_51","JURU","Play","Jump","Jump.1","Bossou",-0.0943106794712413,0.0128893662728249,0.0128893662728249
"5512","280201","Action_8","Morph_19","FOTAIU","Play","Dangle","Dangle.1","Bossou",-0.787457860031187,0.0257787325456498,0.0257787325456498
"5513","280520a","Action_4","Morph_13","FANA","Affiliation","Bitekiss","Bite.5","Bossou",-0.916290731874155,0.0075187969924812,0.0306122448979592
"5514","280439","Action_13","Morph_28","TUA","Moveaway","Fling","Fling.2","Bossou",-1.45671682541644,0.0209452201933405,0.0773361976369495
"5515","280572a","Action_43","Morph_96","FANLE","Play","Raise","Raise.1","Bossou",-0.693147180559945,0.0268528464017186,0.0349087003222342
"5516","280572a","Action_60","Morph_127","FANLE","Play","Swing","Swing.1","Bossou",-0.0682788407532944,0.0306122448979592,0.0370569280343716
"5517","280330","Action_63","Morph_140","YUNRO","Affiliation","Touch","Touch.9","Bossou",-0.555125882662571,0.00698174006444683,0.0429645542427497
"5518","280438b","Action_45","Morph_101","PILI","Stopbehaviour","Reach","Reach.2","Bossou",-1.09661428600544,0.027389903329753,0.0719656283566058
"5519","280438b","Action_14","Morph_31","PILI","Stopbehaviour","Grab","Grab.3","Bossou",-2.29263476214088,0.00805585392051558,0.023093447905478
"5520","280208","Action_34","Morph_66","NA_chimp","Sexualattention","Objectshake","ObjectShake.2","Bossou",0.920282753143692,0.00322234156820623,0.014500537056928
"5521","280208","Action_45","Morph_100","NA_chimp","Sexualattention","Reach","Reach.1","Bossou",0.142367241286922,0.0435016111707841,0.0719656283566058
"5522","280208","Action_42","Morph_88","NA_chimp","Sexualattention","Push","Push.1","Bossou",-0.0682788407532944,0.0128893662728249,0.0596133190118153
"5523","280588","Action_50","Morph_107","JEJE","Play","Shake","Shake.1","Bossou",-1.04982212449868,0.0139634801288937,0.0343716433941998
"5524","280588","Action_54","Morph_114","JEJE","Play","Stancebipedal","StanceBipedal.1","Bossou",-0.916290731874155,0.0171858216970999,0.0171858216970999
"5525","280588","Action_50","Morph_107","JEJE","Play","Shake","Shake.1","Bossou",-1.60445037092306,0.0139634801288937,0.0343716433941998
"5526","280588","Action_57","Morph_119","JEJE","Play","Stompobject","StompObject.5","Bossou",-0.796287939479459,0.00322234156820623,0.0236305048335124
"5527","280588","Action_57","Morph_119","JEJE","Play","Stompobject","StompObject.5","Bossou",-0.18152187662339,0.00322234156820623,0.0236305048335124
"5528","280588","Action_57","Morph_115","JEJE","Play","Stompobject","StompObject.1","Bossou",-1.2623083813389,0.0150375939849624,0.0236305048335124
"5529","280588","Action_57","Morph_115","JEJE","Play","Stompobject","StompObject.1","Bossou",-1.14885350510486,0.0150375939849624,0.0236305048335124
"5530","280588","Action_43","Morph_96","JEJE","Play","Raise","Raise.1","Bossou",-0.596020469829223,0.0268528464017186,0.0349087003222342
"5531","280164","Action_38","Morph_75","FOTAIU","Directattention","Present","Present.1","Bossou",0.766397642299538,0.0150375939849624,0.0596133190118153
"5532","280158","Action_8","Morph_19","JEJE","Playcontinue","Dangle","Dangle.1","Bossou",-0.433864582629862,0.0257787325456498,0.0257787325456498
"5533","280158","Action_8","Morph_19","JEJE","Playcontinue","Dangle","Dangle.1","Bossou",-0.638658995275876,0.0257787325456498,0.0257787325456498
"5534","280158","Action_8","Morph_19","JEJE","Playcontinue","Dangle","Dangle.1","Bossou",-0.253602758798918,0.0257787325456498,0.0257787325456498
"5535","280158","Action_9","Morph_20","JEJE","Playcontinue","Dangleshake","DangleShake.1","Bossou",0.832909122935104,0.00268528464017186,0.00268528464017186
"5536","280158","Action_8","Morph_19","JEJE","Playcontinue","Dangle","Dangle.1","Bossou",-0.134674903326602,0.0257787325456498,0.0257787325456498
"5537","280158","Action_55","Morph_116","JEJE","Playcontinue","Stompingobject","StompObject.2","Bossou",-1.21402314017944,0.00912996777658432,0.0150375939849624
"5538","280158","Action_60","Morph_128","JEJE","Playcontinue","Swing","Swing.2","Bossou",-0.0222456089473197,0.0037593984962406,0.0370569280343716
"5539","280158","Action_57","Morph_118","JEJE","Playcontinue","Stompobject","StompObject.4","Bossou",-0.574475650842447,0.00429645542427497,0.0236305048335124
"5540","280158","Action_34","Morph_65","JEJE","Playcontinue","Objectshake","ObjectShake.1","Bossou",0.78754785598143,0.00966702470461869,0.014500537056928
"5541","280158","Action_17","Morph_39","JEJE","Playcontinue","Hitobject","HitObject.1","Bossou",-0.27443684570176,0.0327604726100967,0.0408163265306122
"5542","280158","Action_33","Morph_61","JEJE","Playcontinue","Objectmove","ObjectMove.1","Bossou",0.0449733656427312,0.0193340494092374,0.0349087003222342
"5543","280355a","Action_7","Morph_NA","JA","Affiliation","Crouch",NA,"Bossou",0.000999500333083423,0.0365198711063373,0.00161117078410311
"5544","280510a","Action_38","Morph_77","JEJE","Directattention","Present","Present.3","Bossou",0.956664626012428,0.0166487647690655,0.0596133190118153
"5545","280316a","Action_13","Morph_27","TUA","Moveaway","Fling","Fling.1","Bossou",-0.70117935225721,0.056390977443609,0.0773361976369495
"5546","280316a","Action_13","Morph_27","TUA","Moveaway","Fling","Fling.1","Bossou",-0.70117935225721,0.056390977443609,0.0773361976369495
"5547","280316a","Action_13","Morph_27","TUA","Moveaway","Fling","Fling.1","Bossou",-0.715392789507265,0.056390977443609,0.0773361976369495
"5548","280412a","Action_40","Morph_82","NA_chimp","Sexualattention","Presentgenitalsforwards","PresentGenitals.1","Bossou",0.19062035960865,0.0354457572502685,0.00859291084854995
"5549","280412a","Action_40","Morph_82","NA_chimp","Sexualattention","Presentgenitalsforwards","PresentGenitals.1","Bossou",-0.403467105445491,0.0354457572502685,0.00859291084854995
"5550","280412a","Action_43","Morph_96","NA_chimp","Sexualattention","Raise","Raise.1","Bossou",-0.350976922824095,0.0268528464017186,0.0349087003222342
"5551","280412a","Action_43","Morph_98","NA_chimp","Sexualattention","Raise","Raise.3","Bossou",0.438899884194402,0.00590762620837809,0.0349087003222342
"5552","280458","Action_13","Morph_27","JIRE","Stopbehaviour","Fling","Fling.1","Bossou",-0.693147180559945,0.056390977443609,0.0773361976369495
"5553","280458","Action_45","Morph_100","JIRE","Stopbehaviour","Reach","Reach.1","Bossou",-1.69826912614072,0.0435016111707841,0.0719656283566058
"5554","280115b","Action_28","Morph_57","FOTAIU","Sociosexualattention","Locomotebipedal","LocomoteBipedal.2","Bossou",0.27002713721306,0.00429645542427497,0.0155746509129968
"5555","280115b","Action_39","Morph_82","FOTAIU","Sociosexualattention","Presentgenitalsbackwards","PresentGenitals.1","Bossou",-0.145025772050258,0.0354457572502685,0.0290010741138561
"5556","280115b","Action_50","Morph_108","FOTAIU","Sociosexualattention","Shake","Shake.2","Bossou",-0.401971218853909,0.00214822771213749,0.0343716433941998
"5557","280218a","Action_23","Morph_48","YOLO","Affiliation","Hittingother","HitOther.4","Bossou",-0.397496938458987,0.00429645542427497,0.00483351235230934
"5558","280218a","Action_36","Morph_73","YOLO","Affiliation","Overstance","OverStance.2","Bossou",-0.115410851511328,0.00483351235230934,0.0134264232008593
"5559","280154a","Action_39","Morph_82","VUAVUA","Sexualattention","Presentgenitalsbackwards","PresentGenitals.1","Bossou",-0.318828801448618,0.0354457572502685,0.0290010741138561
"5560","280457b","Action_38","Morph_77","NINA","Groom","Present","Present.3","Bossou",-0.874669057183336,0.0166487647690655,0.0596133190118153
"5561","280546b","Action_7","Morph_NA","PILI","Sexualattention","Crouch",NA,"Bossou",-0.834710744881732,0.0365198711063373,0.00161117078410311
"5562","280340b","Action_4","Morph_10","JOKURO","Affiliation","Bitekiss","Bite.2","Bossou",-0.313341819232359,0.0128893662728249,0.0306122448979592
"5563","280177","Action_45","Morph_100","NINA","Climbonme","Reach","Reach.1","Bossou",-0.302457358033935,0.0435016111707841,0.0719656283566058
"5564","280177","Action_38","Morph_75","NINA","Climbonme","Present","Present.1","Bossou",0.509825123432407,0.0150375939849624,0.0596133190118153
"5565","280228a","Action_4","Morph_13","VUI","Affiliation","Bitekiss","Bite.5","Bossou",-0.565633860260986,0.0075187969924812,0.0306122448979592
"5566","280048b","Action_21","Morph_44","JEJE","Play","Hittingobject","HitObject.6","Bossou",-0.532730459154041,0.00161117078410311,0.0118152524167562
"5567","280324","Action_42","Morph_91","VUI","Climbonme","Push","Push.4","Bossou",0.443402947448557,0.00805585392051558,0.0596133190118153
"5568","280324","Action_42","Morph_91","VUI","Climbonme","Push","Push.4","Bossou",-0.186329578191493,0.00805585392051558,0.0596133190118153
"5569","280031","Action_20","Morph_46","PELEY","Play","Hitother","HitOther.2","Bossou",-0.693147180559945,0.00805585392051558,0.0402792696025779
"5570","280188","Action_45","Morph_100","NINA","Groom","Reach","Reach.1","Bossou",-0.534435489405125,0.0435016111707841,0.0719656283566058
"5571","2805012","Action_38","Morph_75","JEJE","Directattention","Present","Present.1","Bossou",1.06574468504249,0.0150375939849624,0.0596133190118153
"5572","280482","Action_40","Morph_82","VUI","Sexualattention","Presentgenitalsforwards","PresentGenitals.1","Bossou",-0.834710744881732,0.0354457572502685,0.00859291084854995
"5573","280159","Action_38","Morph_79","YOLO","Directattention","Present","Present.5","Bossou",0.578858034157818,0.0134264232008593,0.0596133190118153
"5574","280052a","Action_29","Morph_58","PELEY","Play","Locomotegallop","LocomoteGallop.1","Bossou",-0.146182510178081,0.0134264232008593,0.0134264232008593
"5575","280052a","Action_14","Morph_30","PELEY","Play","Grab","Grab.2","Bossou",-0.814185508937001,0.00429645542427497,0.023093447905478
"5576","280595b","Action_13","Morph_27","YOLO","Moveaway","Fling","Fling.1","Bossou",-0.725670372265505,0.056390977443609,0.0773361976369495
"5577","280460a","Action_60","Morph_127","NTO","Play","Swing","Swing.1","Bossou",-0.481266821524446,0.0306122448979592,0.0370569280343716
"5578","280090","Action_41","Morph_NA","JIRE","Position","Pull",NA,"Bossou",0.0760346862759976,0.0365198711063373,0.0177228786251343
"5579","280345","Action_55","Morph_117","NA_chimp","Sexualattention","Stompingobject","StompObject.3","Bossou",-0.328504066972036,0.00429645542427497,0.0150375939849624
"5580","280345","Action_55","Morph_117","NA_chimp","Sexualattention","Stompingobject","StompObject.3","Bossou",-0.562118918153541,0.00429645542427497,0.0150375939849624
"5581","280345","Action_5","Morph_17","NA_chimp","Sexualattention","Bounce","Bounce.1","Bossou",0.182321556793955,0.0204081632653061,0.0204081632653061
"5582","280345","Action_24","Morph_51","NA_chimp","Sexualattention","Jump","Jump.1","Bossou",-0.328504066972036,0.0128893662728249,0.0128893662728249
"5583","280345","Action_20","Morph_46","NA_chimp","Sexualattention","Hitother","HitOther.2","Bossou",-0.865122445299756,0.00805585392051558,0.0402792696025779
"5584","280331","Action_64","Morph_138","NA_chimp","Affiliation","Touchlongother","Touch.7","Bossou",1.03318448334565,0.0107411385606874,0.0112781954887218
"5585","280505","Action_40","Morph_82","FOAF","Travel","Presentgenitalsforwards","PresentGenitals.1","Bossou",-0.567395975254385,0.0354457572502685,0.00859291084854995
"5586","280505","Action_55","Morph_117","FOAF","Travel","Stompingobject","StompObject.3","Bossou",-0.693147180559945,0.00429645542427497,0.0150375939849624
"5587","280651a","Action_8","Morph_19","PELEY","Play","Dangle","Dangle.1","Bossou",-0.403467105445491,0.0257787325456498,0.0257787325456498
"5588","280651a","Action_24","Morph_51","PELEY","Play","Jump","Jump.1","Bossou",0.406797553341943,0.0128893662728249,0.0128893662728249
"5589","280651a","Action_24","Morph_51","PELEY","Play","Jump","Jump.1","Bossou",0.449800921928216,0.0128893662728249,0.0128893662728249
"5590","280651a","Action_24","Morph_51","PELEY","Play","Jump","Jump.1","Bossou",0.398776119957368,0.0128893662728249,0.0128893662728249
"5591","280651a","Action_24","Morph_51","PELEY","Play","Jump","Jump.1","Bossou",0.368109321564396,0.0128893662728249,0.0128893662728249
"5592","280651a","Action_24","Morph_51","PELEY","Play","Jump","Jump.1","Bossou",0.263901543786378,0.0128893662728249,0.0128893662728249
"5593","280651a","Action_24","Morph_51","PELEY","Play","Jump","Jump.1","Bossou",0.288181947493432,0.0128893662728249,0.0128893662728249
"5594","280651a","Action_20","Morph_NA","PELEY","Play","Hitother",NA,"Bossou",-0.221894331913778,0.0365198711063373,0.0402792696025779
"5595","280651a","Action_20","Morph_NA","PELEY","Play","Hitother",NA,"Bossou",-0.404965233066513,0.0365198711063373,0.0402792696025779
"5596","280651a","Action_20","Morph_NA","PELEY","Play","Hitother",NA,"Bossou",0.0334347760862374,0.0365198711063373,0.0402792696025779
"5597","280103","Action_13","Morph_28","TUA","Moveaway","Fling","Fling.2","Bossou",-1.14570389620196,0.0209452201933405,0.0773361976369495
"5598","280381","Action_38","Morph_76","NA_chimp","Directattention","Present","Present.2","Bossou",0.170586300575534,0.00590762620837809,0.0596133190118153
"5599","280252b","Action_13","Morph_27","YOLO","Stopbehaviour","Fling","Fling.1","Bossou",-0.0714960017050699,0.056390977443609,0.0773361976369495
"5600","280252b","Action_13","Morph_27","YOLO","Stopbehaviour","Fling","Fling.1","Bossou",-0.0618754037180875,0.056390977443609,0.0773361976369495
"5601","280568","Action_1","Morph_1","FOTAIU","Climbonme","Beckon","Beckon.1","Bossou",-0.243346258631729,0.00966702470461869,0.0123523093447905
"5602","280568","Action_21","Morph_43","FOTAIU","Climbonme","Hittingobject","HitObject.5","Bossou",-0.50916034444693,0.00537056928034372,0.0118152524167562
"5603","280568","Action_21","Morph_43","FOTAIU","Climbonme","Hittingobject","HitObject.5","Bossou",-0.355247391947547,0.00537056928034372,0.0118152524167562
"5604","280568","Action_17","Morph_39","FOTAIU","Climbonme","Hitobject","HitObject.1","Bossou",-0.565633860260986,0.0327604726100967,0.0408163265306122
"5605","280568","Action_38","Morph_77","FOTAIU","Climbonme","Present","Present.3","Bossou",0.962792565525575,0.0166487647690655,0.0596133190118153
"5606","280572b","Action_33","Morph_61","JEJE","Play","Objectmove","ObjectMove.1","Bossou",-1.79576749062559,0.0193340494092374,0.0349087003222342
"5607","280572b","Action_17","Morph_39","JEJE","Play","Hitobject","HitObject.1","Bossou",-1.38629436111989,0.0327604726100967,0.0408163265306122
"5608","280572b","Action_57","Morph_119","JEJE","Play","Stompobject","StompObject.5","Bossou",-1.45243416362444,0.00322234156820623,0.0236305048335124
"5609","280572b","Action_55","Morph_117","JEJE","Play","Stompingobject","StompObject.3","Bossou",-0.959720289801491,0.00429645542427497,0.0150375939849624
"5610","280572b","Action_57","Morph_119","JEJE","Play","Stompobject","StompObject.5","Bossou",-1.00239343092757,0.00322234156820623,0.0236305048335124
"5611","280572b","Action_29","Morph_58","JEJE","Play","Locomotegallop","LocomoteGallop.1","Bossou",-0.332679438382517,0.0134264232008593,0.0134264232008593
"5612","280572b","Action_43","Morph_96","JEJE","Play","Raise","Raise.1","Bossou",-1.14885350510486,0.0268528464017186,0.0349087003222342
"5613","280572b","Action_17","Morph_39","JEJE","Play","Hitobject","HitObject.1","Bossou",-1.78976146656538,0.0327604726100967,0.0408163265306122
"5614","280572b","Action_17","Morph_39","JEJE","Play","Hitobject","HitObject.1","Bossou",-1.60445037092306,0.0327604726100967,0.0408163265306122
"5615","280101","Action_13","Morph_27","TUA","Moveaway","Fling","Fling.1","Bossou",-0.481266821524446,0.056390977443609,0.0773361976369495
"5616","280101","Action_17","Morph_39","TUA","Moveaway","Hitobject","HitObject.1","Bossou",-0.567395975254385,0.0327604726100967,0.0408163265306122
"5617","280347","Action_64","Morph_138","KAI","Affiliation","Touchlongother","Touch.7","Bossou",1.15373158788919,0.0107411385606874,0.0112781954887218
"5618","280583","Action_63","Morph_134","JIRE","Position","Touch","Touch.3","Bossou",-0.596020469829223,0.00698174006444683,0.0429645542427497
"5619","280355b","Action_63","Morph_138","NA_chimp","Affiliation","Touch","Touch.7","Bossou",0.243730184922598,0.0107411385606874,0.0429645542427497
"5620","280390","Action_39","Morph_82","FANA","Sexualattention","Presentgenitalsbackwards","PresentGenitals.1","Bossou",1.03354029192439,0.0354457572502685,0.0290010741138561
"5621","280217","Action_30","Morph_NA","NA_chimp","Sexualattention","Locomotestiff",NA,"Bossou",0.328584063772207,0.0365198711063373,0.0037593984962406
"5622","280217","Action_50","Morph_109","NA_chimp","Sexualattention","Shake","Shake.3","Bossou",-1.16155208844198,0.0177228786251343,0.0343716433941998
"5623","280372","Action_42","Morph_88","TUA","Position","Push","Push.1","Bossou",-1.48280526150073,0.0128893662728249,0.0596133190118153
"5624","280510b","Action_42","Morph_90","PELEY","Position","Push","Push.3","Bossou",0.876301723657792,0.0134264232008593,0.0596133190118153
"5625","280328","Action_63","Morph_135","YO","Stopbehaviour","Touch","Touch.4","Bossou",-0.832409247893453,0.00483351235230934,0.0429645542427497
"5626","280080","Action_64","Morph_132","JEJE","Giveme","Touchlongother","Touch.1","Bossou",-0.0618754037180875,0.00859291084854995,0.0112781954887218
"5627","280119","Action_13","Morph_27","JIRE","Stopbehaviour","Fling","Fling.1","Bossou",-0.807436326962073,0.056390977443609,0.0773361976369495
"5628","280534b","Action_42","Morph_93","FOAF","Stopbehaviour","Push","Push.6","Bossou",-0.50916034444693,0.00805585392051558,0.0596133190118153
"5629","280027","Action_42","Morph_90","FANLE","Position","Push","Push.3","Bossou",-0.404965233066513,0.0134264232008593,0.0596133190118153
"5630","280027","Action_42","Morph_91","FANLE","Position","Push","Push.4","Bossou",-1.32050662058189,0.00805585392051558,0.0596133190118153
"5631","280027","Action_42","Morph_90","FANLE","Position","Push","Push.3","Bossou",-0.837017550979647,0.0134264232008593,0.0596133190118153
"5632","280033","Action_42","Morph_91","PELEY","Travel","Push","Push.4","Bossou",-0.837017550979647,0.00805585392051558,0.0596133190118153
"5633","280033","Action_42","Morph_90","PELEY","Travel","Push","Push.3","Bossou",-1.00239343092757,0.0134264232008593,0.0596133190118153
"5634","280357","Action_34","Morph_65","JA","Play","Objectshake","ObjectShake.1","Bossou",1.02604159583327,0.00966702470461869,0.014500537056928
"5635","280357","Action_48","Morph_104","JA","Play","Rollover","RollOver.1","Bossou",1.0952733874026,0.00429645542427497,0.00429645542427497
"5636","280316b","Action_43","Morph_96","VUI","Stopbehaviour","Raise","Raise.1","Bossou",-0.752897184965719,0.0268528464017186,0.0349087003222342
"5637","280316b","Action_13","Morph_27","VUI","Stopbehaviour","Fling","Fling.1","Bossou",-1.39030238251743,0.056390977443609,0.0773361976369495
"5638","280197","Action_63","Morph_140","YO","Staysame","Touch","Touch.9","Bossou",0.651804217025563,0.00698174006444683,0.0429645542427497
"5639","280412b","Action_39","Morph_82","PAMA","Sexualattention","Presentgenitalsbackwards","PresentGenitals.1","Bossou",0.157003748809665,0.0354457572502685,0.0290010741138561
"5640","280218b","Action_39","Morph_82","PAMA","Affiliation","Presentgenitalsbackwards","PresentGenitals.1","Bossou",0.0188217542405877,0.0354457572502685,0.0290010741138561
"5641","280154b","Action_40","Morph_82","YOLO","Sexualattention","Presentgenitalsforwards","PresentGenitals.1","Bossou",0.352064331381049,0.0354457572502685,0.00859291084854995
"5642","280115a","Action_5","Morph_17","JIRE","Sociosexualattention","Bounce","Bounce.1","Bossou",0.332894415273329,0.0204081632653061,0.0204081632653061
"5643","280115a","Action_36","Morph_72","JIRE","Sociosexualattention","Overstance","OverStance.1","Bossou",-0.486133011175619,0.00698174006444683,0.0134264232008593
"5644","280457a","Action_43","Morph_97","TUA","Groom","Raise","Raise.2","Bossou",-0.142716302201595,0.000537056928034372,0.0349087003222342
"5645","280196","Action_45","Morph_100","KAI","Affiliation","Reach","Reach.1","Bossou",0.188966099512623,0.0435016111707841,0.0719656283566058
"5646","280340a","Action_4","Morph_10","PAMA","Affiliation","Bitekiss","Bite.2","Bossou",0.327143141332695,0.0128893662728249,0.0306122448979592
"5647","280356","Action_38","Morph_77","JIRE","Givemenurse","Present","Present.3","Bossou",0.113328685307003,0.0166487647690655,0.0596133190118153
"5648","280356","Action_45","Morph_100","JIRE","Givemenurse","Reach","Reach.1","Bossou",-0.0512932943875506,0.0435016111707841,0.0719656283566058
"5649","280228b","Action_4","Morph_13","KAI","Affiliation","Bitekiss","Bite.5","Bossou",-1.30195321268614,0.0075187969924812,0.0306122448979592
"5650","280048a","Action_61","Morph_130","PELEY","Play","Throwobject","ThrowObject.1","Bossou",-0.525939261576039,0.0161117078410312,0.0161117078410312
"5651","280048a","Action_20","Morph_46","PELEY","Play","Hitother","HitOther.2","Bossou",-0.457284856837961,0.00805585392051558,0.0402792696025779
"5652","280048a","Action_21","Morph_43","PELEY","Play","Hittingobject","HitObject.5","Bossou",-0.524248644098131,0.00537056928034372,0.0118152524167562
"5653","280026","Action_14","Morph_34","FANLE","Playcontinue","Grab","Grab.6","Bossou",-0.567395975254385,0.00161117078410311,0.023093447905478
"5654","280118","Action_13","Morph_27","FOTAIU","Stopbehaviour","Fling","Fling.1","Bossou",-0.687165108882398,0.056390977443609,0.0773361976369495
"5655","280081","Action_63","Morph_132","JEJE","Giveme","Touch","Touch.1","Bossou",-0.08446915662645,0.00859291084854995,0.0429645542427497
"5656","280354","Action_39","Morph_82","JIRE","Sociosexualattention","Presentgenitalsbackwards","PresentGenitals.1","Bossou",-0.166054584330083,0.0354457572502685,0.0290010741138561
"5657","280391","Action_11","Morph_24","VELU","Support","Embrace","Embrace.3","Bossou",-0.0449973659307358,0.00214822771213749,0.00859291084854995
"5658","2805011","Action_38","Morph_77","JEJE","Directattention","Present","Present.3","Bossou",1.45977713787969,0.0166487647690655,0.0596133190118153
"5659","280604a","Action_60","Morph_127","FANLE","Play","Swing","Swing.1","Bossou",0.0334347760862374,0.0306122448979592,0.0370569280343716
"5660","280604a","Action_60","Morph_127","FANLE","Play","Swing","Swing.1","Bossou",0.361164849211584,0.0306122448979592,0.0370569280343716
"5661","280604a","Action_9","Morph_20","FANLE","Play","Dangleshake","DangleShake.1","Bossou",-0.510825623765991,0.00268528464017186,0.00268528464017186
"5662","280604a","Action_8","Morph_19","FANLE","Play","Dangle","Dangle.1","Bossou",-0.596020469829223,0.0257787325456498,0.0257787325456498
"5663","280209","Action_42","Morph_88","NA_chimp","Position","Push","Push.1","Bossou",-0.208254938820459,0.0128893662728249,0.0596133190118153
"5664","280460b","Action_42","Morph_95","FOTAIU","Play","Push","Push.8","Bossou",-1.45243416362444,0.00107411385606874,0.0596133190118153
"5665","280460b","Action_60","Morph_127","FOTAIU","Play","Swing","Swing.1","Bossou",-0.659712404473708,0.0306122448979592,0.0370569280343716
"5666","280595a","Action_45","Morph_100","JEJE","Giveme","Reach","Reach.1","Bossou",-1.00239343092757,0.0435016111707841,0.0719656283566058
"5667","280167a","Action_43","Morph_96","TUA","Groom","Raise","Raise.1","Bossou",-0.215671536475509,0.0268528464017186,0.0349087003222342
"5668","280346","Action_8","Morph_19","JA","Play","Dangle","Dangle.1","Bossou",0.503801008829026,0.0257787325456498,0.0257787325456498
"5669","280346","Action_60","Morph_127","JA","Play","Swing","Swing.1","Bossou",-0.400477566597125,0.0306122448979592,0.0370569280343716
"5670","280100","Action_17","Morph_39","TUA","Moveaway","Hitobject","HitObject.1","Bossou",-0.562118918153541,0.0327604726100967,0.0408163265306122
"5671","280569","Action_20","Morph_46","VELU","Moveaway","Hitother","HitOther.2","Bossou",-0.455706324544911,0.00805585392051558,0.0402792696025779
"5672","280506","Action_39","Morph_82","FANA","Sexualattention","Presentgenitalsbackwards","PresentGenitals.1","Bossou",-0.76142602131324,0.0354457572502685,0.0290010741138561
"5673","280380","Action_38","Morph_75","NA_chimp","Directattention","Present","Present.1","Bossou",0.858237800425538,0.0150375939849624,0.0596133190118153
"5674","280251b","Action_23","Morph_48","JURU","Play","Hittingother","HitOther.4","Bossou",-0.213193220461042,0.00429645542427497,0.00483351235230934
"5675","280251b","Action_20","Morph_49","JURU","Play","Hitother","HitOther.5","Bossou",-1.45243416362444,0.00268528464017186,0.0402792696025779
"5676","280571b","Action_17","Morph_39","FOTAIU","Stopbehaviour","Hitobject","HitObject.1","Bossou",-0.916290731874155,0.0327604726100967,0.0408163265306122
"5677","280571b","Action_17","Morph_39","FOTAIU","Stopbehaviour","Hitobject","HitObject.1","Bossou",-1.89711998488588,0.0327604726100967,0.0408163265306122
"5678","280571b","Action_17","Morph_39","FOTAIU","Stopbehaviour","Hitobject","HitObject.1","Bossou",-1.09661428600544,0.0327604726100967,0.0408163265306122
"5679","280571b","Action_57","Morph_115","FOTAIU","Stopbehaviour","Stompobject","StompObject.1","Bossou",-1.78976146656538,0.0150375939849624,0.0236305048335124
"5680","280259a","Action_16","Morph_38","YOLO","Play","Headstand","HeadStand.1","Bossou",-0.823255865906966,0.00161117078410311,0.00161117078410311
"5681","280259a","Action_51","Morph_111","YOLO","Play","Spinpirouette","SpinPirouette.1","Bossou",0.123102197133983,0.00322234156820623,0.00322234156820623
"5682","280259a","Action_20","Morph_45","YOLO","Play","Hitother","HitOther.1","Bossou",-1.33180617583582,0.0263157894736842,0.0402792696025779
"5683","280083","Action_38","Morph_75","JIRE","Directattention","Present","Present.1","Bossou",0.661656513468574,0.0150375939849624,0.0596133190118153
"5684","280207","Action_38","Morph_75","NINA","Climbonme","Present","Present.1","Bossou",-0.00300450902029872,0.0150375939849624,0.0596133190118153
"5685","280601b","Action_8","Morph_19","JURU","Playcontinue","Dangle","Dangle.1","Bossou",-0.455706324544911,0.0257787325456498,0.0257787325456498
"5686","280246","Action_13","Morph_27","JIRE","Moveaway","Fling","Fling.1","Bossou",-0.752897184965719,0.056390977443609,0.0773361976369495
"5687","280529","Action_62","Morph_131","FANWA","Stopbehaviour","Throwthreat","ThrowThreat.1","Bossou",-0.0682788407532944,0.0193340494092374,0.0193340494092374
"5688","280529","Action_54","Morph_114","FANWA","Stopbehaviour","Stancebipedal","StanceBipedal.1","Bossou",-1.09961278900169,0.0171858216970999,0.0171858216970999
"5689","280135b","Action_39","Morph_82","VEVE","Sexualattention","Presentgenitalsbackwards","PresentGenitals.1","Bossou",0.287432041196572,0.0354457572502685,0.0290010741138561
"5690","280186","Action_42","Morph_NA","JIRE","Moveaway","Push",NA,"Bossou",-0.49593701127224,0.0365198711063373,0.0596133190118153
"5691","280420","Action_13","Morph_27","YOLO","Stopbehaviour","Fling","Fling.1","Bossou",-0.309246250367621,0.056390977443609,0.0773361976369495
"5692","280014b","Action_13","Morph_27","FOKAIYE","Stopbehaviour","Fling","Fling.1","Bossou",-0.50916034444693,0.056390977443609,0.0773361976369495
"5693","280014b","Action_24","Morph_51","FOKAIYE","Stopbehaviour","Jump","Jump.1","Bossou",-0.916290731874155,0.0128893662728249,0.0128893662728249
"5694","280014b","Action_24","Morph_51","FOKAIYE","Stopbehaviour","Jump","Jump.1","Bossou",-0.913793851675568,0.0128893662728249,0.0128893662728249
"5695","280014b","Action_20","Morph_45","FOKAIYE","Stopbehaviour","Hitother","HitOther.1","Bossou",-0.76142602131324,0.0263157894736842,0.0402792696025779
"5696","280532","Action_42","Morph_91","FANLE","Position","Push","Push.4","Bossou",-2.01740615076038,0.00805585392051558,0.0596133190118153
"5697","280144","Action_39","Morph_82","VUAVUA","Sexualattention","Presentgenitalsbackwards","PresentGenitals.1","Bossou",0.0148886124937506,0.0354457572502685,0.0290010741138561
"5698","280262","Action_16","Morph_38","YOLO","Play","Headstand","HeadStand.1","Bossou",-0.138113302129634,0.00161117078410311,0.00161117078410311
"5699","280426","Action_38","Morph_77","NINA","Directattention","Present","Present.3","Bossou",1.07158361628019,0.0166487647690655,0.0596133190118153
"5700","280179","Action_4","Morph_10","NTO","Affiliation","Bitekiss","Bite.2","Bossou",-0.891598119283784,0.0128893662728249,0.0306122448979592
"5701","280200a","Action_14","Morph_33","NINA","Playcontinue","Grab","Grab.5","Bossou",-0.29035230100766,0.00537056928034372,0.023093447905478
"5702","280200a","Action_14","Morph_33","NINA","Playcontinue","Grab","Grab.5","Bossou",-0.70117935225721,0.00537056928034372,0.023093447905478
"5703","280267","Action_50","Morph_109","VUI","Sexualattention","Shake","Shake.3","Bossou",-0.0242926925690446,0.0177228786251343,0.0343716433941998
"5704","280267","Action_5","Morph_17","VUI","Sexualattention","Bounce","Bounce.1","Bossou",-0.379797361359587,0.0204081632653061,0.0204081632653061
"5705","280315b","Action_45","Morph_100","YO","Affiliation","Reach","Reach.1","Bossou",-0.220646671115623,0.0435016111707841,0.0719656283566058
"5706","280092","Action_38","Morph_77","JIRE","Directattention","Present","Present.3","Bossou",-1.27296567581289,0.0166487647690655,0.0596133190118153
"5707","280456","Action_4","Morph_NA","JIRE","Affiliation","Bitekiss",NA,"Bossou",-0.202116184122134,0.0365198711063373,0.0306122448979592
"5708","280157b","Action_33","Morph_61","JEJE","Play","Objectmove","ObjectMove.1","Bossou",0.494086299761693,0.0193340494092374,0.0349087003222342
"5709","280157b","Action_33","Morph_61","JEJE","Play","Objectmove","ObjectMove.1","Bossou",0.70408712059828,0.0193340494092374,0.0349087003222342
"5710","280648a","Action_50","Morph_107","PELEY","Attendme","Shake","Shake.1","Bossou",-1.09661428600544,0.0139634801288937,0.0343716433941998
"5711","280648a","Action_50","Morph_107","PELEY","Attendme","Shake","Shake.1","Bossou",-1.79576749062559,0.0139634801288937,0.0343716433941998
"5712","280648a","Action_60","Morph_127","PELEY","Attendme","Swing","Swing.1","Bossou",-0.104250021373799,0.0306122448979592,0.0370569280343716
"5713","280648a","Action_20","Morph_45","PELEY","Attendme","Hitother","HitOther.1","Bossou",-0.142716302201595,0.0263157894736842,0.0402792696025779
"5714","280648a","Action_63","Morph_132","PELEY","Attendme","Touch","Touch.1","Bossou",-0.455706324544911,0.00859291084854995,0.0429645542427497
"5715","280648a","Action_20","Morph_45","PELEY","Attendme","Hitother","HitOther.1","Bossou",-0.916290731874155,0.0263157894736842,0.0402792696025779
"5716","280648a","Action_33","Morph_62","PELEY","Attendme","Objectmove","ObjectMove.2","Bossou",0.337899788612398,0.0123523093447905,0.0349087003222342
"5717","280545a","Action_61","Morph_130","FOTAIU","Playcontinue","Throwobject","ThrowObject.1","Bossou",-0.265268477614881,0.0161117078410312,0.0161117078410312
"5718","280545a","Action_8","Morph_19","FOTAIU","Playcontinue","Dangle","Dangle.1","Bossou",-0.265268477614881,0.0257787325456498,0.0257787325456498
"5719","280545a","Action_60","Morph_127","FOTAIU","Playcontinue","Swing","Swing.1","Bossou",-0.0682788407532944,0.0306122448979592,0.0370569280343716
"5720","280589b","Action_20","Morph_46","JEJE","Play","Hitother","HitOther.2","Bossou",-0.0855578883616465,0.00805585392051558,0.0402792696025779
"5721","280406","Action_41","Morph_84","NA_chimp","Play","Pull","Pull.1","Bossou",-0.17197526473981,0.0037593984962406,0.0177228786251343
"5722","280178","Action_4","Morph_10","JIRE","Affiliation","Bitekiss","Bite.2","Bossou",-0.867500567704723,0.0128893662728249,0.0306122448979592
"5723","280085","Action_4","Morph_15","FANLE","Staysame","Bitekiss","Bite.7","Bossou",-0.964955903855436,0.0037593984962406,0.0306122448979592
"5724","280433","Action_38","Morph_75","PAMA","Groom","Present","Present.1","Bossou",1.1999647829284,0.0150375939849624,0.0596133190118153
"5725","280165","Action_43","Morph_96","FOKAIYE","Sociosexualattention","Raise","Raise.1","Bossou",-0.105360515657826,0.0268528464017186,0.0349087003222342
"5726","280263","Action_64","Morph_134","YOLO","Support","Touchlongother","Touch.3","Bossou",1.1718627504077,0.00698174006444683,0.0112781954887218
"5727","280341b","Action_3","Morph_15","FOAF","Affiliation","Bite","Bite.7","Bossou",-0.278392025544688,0.0037593984962406,0.00644468313641246
"5728","280421","Action_20","Morph_45","JOYA","Play","Hitother","HitOther.1","Bossou",-1.09961278900169,0.0263157894736842,0.0402792696025779
"5729","280174","Action_43","Morph_96","KAI","Affiliation","Raise","Raise.1","Bossou",-0.527632742082372,0.0268528464017186,0.0349087003222342
"5730","280174","Action_43","Morph_96","KAI","Affiliation","Raise","Raise.1","Bossou",-2.7333680090865,0.0268528464017186,0.0349087003222342
"5731","280082","Action_38","Morph_77","YOLO","Groom","Present","Present.3","Bossou",-0.725670372265505,0.0166487647690655,0.0596133190118153
"5732","280222a","Action_4","Morph_13","JIRE","Affiliation","Bitekiss","Bite.5","Bossou",-0.432322562278047,0.0075187969924812,0.0306122448979592
"5733","280156","Action_38","Morph_76","FANA","Directattention","Present","Present.2","Bossou",0.920282753143692,0.00590762620837809,0.0596133190118153
"5734","280206","Action_8","Morph_19","VUAVUA","Playcontinue","Dangle","Dangle.1","Bossou",-0.487760350834995,0.0257787325456498,0.0257787325456498
"5735","280621","Action_61","Morph_130","FANWA","Play","Throwobject","ThrowObject.1","Bossou",-0.834710744881732,0.0161117078410312,0.0161117078410312
"5736","280621","Action_33","Morph_61","FANWA","Play","Objectmove","ObjectMove.1","Bossou",-0.837017550979647,0.0193340494092374,0.0349087003222342
"5737","280621","Action_33","Morph_61","FANWA","Play","Objectmove","ObjectMove.1","Bossou",-1.20397280432594,0.0193340494092374,0.0349087003222342
"5738","280621","Action_17","Morph_39","FANWA","Play","Hitobject","HitObject.1","Bossou",-1.00239343092757,0.0327604726100967,0.0408163265306122
"5739","280509","Action_17","Morph_39","FOAF","Moveaway","Hitobject","HitObject.1","Bossou",-0.50916034444693,0.0327604726100967,0.0408163265306122
"5740","280251a","Action_38","Morph_79","YOLO","Play","Present","Present.5","Bossou",-0.278392025544688,0.0134264232008593,0.0596133190118153
"5741","280508","Action_42","Morph_88","FANA","Moveaway","Push","Push.1","Bossou",-0.309246250367621,0.0128893662728249,0.0596133190118153
"5742","280573","Action_42","Morph_88","JIRE","Moveaway","Push","Push.1","Bossou",-1.00239343092757,0.0128893662728249,0.0596133190118153
"5743","280259b","Action_14","Morph_34","NTO","Play","Grab","Grab.6","Bossou",-0.719491155899547,0.00161117078410311,0.023093447905478
"5744","280259b","Action_23","Morph_48","NTO","Play","Hittingother","HitOther.4","Bossou",-0.213193220461042,0.00429645542427497,0.00483351235230934
"5745","280210","Action_57","Morph_115","NA_chimp","Sexualattention","Stompobject","StompObject.1","Bossou",-0.636766847123838,0.0150375939849624,0.0236305048335124
"5746","280210","Action_55","Morph_117","NA_chimp","Sexualattention","Stompingobject","StompObject.3","Bossou",-0.691149177897272,0.00429645542427497,0.0150375939849624
"5747","280210","Action_57","Morph_115","NA_chimp","Sexualattention","Stompobject","StompObject.1","Bossou",-0.532730459154041,0.0150375939849624,0.0236305048335124
"5748","280210","Action_57","Morph_120","NA_chimp","Sexualattention","Stompobject","StompObject.6","Bossou",-0.731888008876376,0.00107411385606874,0.0236305048335124
"5749","280210","Action_57","Morph_115","NA_chimp","Sexualattention","Stompobject","StompObject.1","Bossou",-0.980829253011726,0.0150375939849624,0.0236305048335124
"5750","280210","Action_5","Morph_17","NA_chimp","Sexualattention","Bounce","Bounce.1","Bossou",-1.10262031006565,0.0204081632653061,0.0204081632653061
"5751","280204","Action_45","Morph_101","NTO","Climbonyou","Reach","Reach.2","Bossou",-0.532730459154041,0.027389903329753,0.0719656283566058
"5752","280245","Action_13","Morph_27","JIRE","Moveaway","Fling","Fling.1","Bossou",-0.869884359059999,0.056390977443609,0.0773361976369495
"5753","280601a","Action_45","Morph_100","YOLO","Playcontinue","Reach","Reach.1","Bossou",-0.76142602131324,0.0435016111707841,0.0719656283566058
"5754","280601a","Action_45","Morph_100","YOLO","Playcontinue","Reach","Reach.1","Bossou",-1.20064501423326,0.0435016111707841,0.0719656283566058
"5755","280601a","Action_45","Morph_100","YOLO","Playcontinue","Reach","Reach.1","Bossou",-0.75928698306449,0.0435016111707841,0.0719656283566058
"5756","280601a","Action_63","Morph_132","YOLO","Playcontinue","Touch","Touch.1","Bossou",-1.52785792544168,0.00859291084854995,0.0429645542427497
"5757","280185","Action_42","Morph_NA","JIRE","Stopbehaviour","Push",NA,"Bossou",-0.757152510535858,0.0365198711063373,0.0596133190118153
"5758","280185","Action_41","Morph_86","JIRE","Stopbehaviour","Pull","Pull.3","Bossou",-0.661648513500574,0.00698174006444683,0.0177228786251343
"5759","280185","Action_14","Morph_31","JIRE","Stopbehaviour","Grab","Grab.3","Bossou",-2.65926003693278,0.00805585392051558,0.023093447905478
"5760","280327","Action_38","Morph_76","YO","Groom","Present","Present.2","Bossou",-0.610645959048202,0.00590762620837809,0.0596133190118153
"5761","280135a","Action_54","Morph_114","JEJE","Sexualattention","Stancebipedal","StanceBipedal.1","Bossou",-0.0460439385014068,0.0171858216970999,0.0171858216970999
"5762","280531","Action_38","Morph_75","FANA","Directattention","Present","Present.1","Bossou",0.876717956754332,0.0150375939849624,0.0596133190118153
"5763","280314","Action_45","Morph_101","YUNRO","Giveme","Reach","Reach.2","Bossou",0.352767319107715,0.027389903329753,0.0719656283566058
"5764","280028","Action_33","Morph_61","PELEY","Play","Objectmove","ObjectMove.1","Bossou",-0.0682788407532944,0.0193340494092374,0.0349087003222342
"5765","280028","Action_33","Morph_61","PELEY","Play","Objectmove","ObjectMove.1","Bossou",-0.916290731874155,0.0193340494092374,0.0349087003222342
"5766","280028","Action_33","Morph_61","PELEY","Play","Objectmove","ObjectMove.1","Bossou",-0.837017550979647,0.0193340494092374,0.0349087003222342
"5767","280028","Action_33","Morph_64","PELEY","Play","Objectmove","ObjectMove.4","Bossou",-0.142716302201595,0.00161117078410311,0.0349087003222342
"5768","280431","Action_42","Morph_88","TUA","Position","Push","Push.1","Bossou",-0.161343150408763,0.0128893662728249,0.0596133190118153
"5769","280200b","Action_60","Morph_127","FOTAIU","Stopbehaviour","Swing","Swing.1","Bossou",-0.220646671115623,0.0306122448979592,0.0370569280343716
"5770","280315a","Action_45","Morph_100","YUNRO","Affiliation","Reach","Reach.1","Bossou",-0.827822083886547,0.0435016111707841,0.0719656283566058
"5771","280091","Action_60","Morph_127","TUA","Position","Swing","Swing.1","Bossou",0.441475545631197,0.0306122448979592,0.0370569280343716
"5772","280455","Action_20","Morph_45","NINA","Takeobjectnurse","Hitother","HitOther.1","Bossou",-0.567395975254385,0.0263157894736842,0.0402792696025779
"5773","280455","Action_38","Morph_77","NINA","Takeobjectnurse","Present","Present.3","Bossou",-0.455706324544911,0.0166487647690655,0.0596133190118153
"5774","280157a","Action_33","Morph_61","FANLE","Play","Objectmove","ObjectMove.1","Bossou",0.827678073517551,0.0193340494092374,0.0349087003222342
"5775","280157a","Action_60","Morph_128","FANLE","Play","Swing","Swing.2","Bossou",-0.00300450902029872,0.0037593984962406,0.0370569280343716
"5776","280157a","Action_33","Morph_61","FANLE","Play","Objectmove","ObjectMove.1","Bossou",0.2207406666979,0.0193340494092374,0.0349087003222342
"5777","280157a","Action_17","Morph_39","FANLE","Play","Hitobject","HitObject.1","Bossou",-0.388607991041741,0.0327604726100967,0.0408163265306122
"5778","280648b","Action_20","Morph_45","FANA","Moveaway","Hitother","HitOther.1","Bossou",-1.00239343092757,0.0263157894736842,0.0402792696025779
"5779","280545b","Action_43","Morph_96","YOLO","Playcontinue","Raise","Raise.1","Bossou",-0.104250021373799,0.0268528464017186,0.0349087003222342
"5780","280589a","Action_29","Morph_58","FANLE","Play","Locomotegallop","LocomoteGallop.1","Bossou",-0.596020469829223,0.0134264232008593,0.0134264232008593
"5781","280029","Action_51","Morph_111","PELEY","Play","Spinpirouette","SpinPirouette.1","Bossou",0.862467925176648,0.00322234156820623,0.00322234156820623
"5782","280430","Action_45","Morph_100","JURU","Giveme","Reach","Reach.1","Bossou",-0.104250021373799,0.0435016111707841,0.0719656283566058
"5783","280430","Action_45","Morph_101","JURU","Giveme","Reach","Reach.2","Bossou",-0.162518929497775,0.027389903329753,0.0719656283566058
"5784","280430","Action_64","Morph_135","JURU","Giveme","Touchlongother","Touch.4","Bossou",0.750944279286162,0.00483351235230934,0.0112781954887218
"5785","280430","Action_45","Morph_101","JURU","Giveme","Reach","Reach.2","Bossou",-0.356674943938732,0.027389903329753,0.0719656283566058
"5786","280530","Action_38","Morph_79","FANA","Groom","Present","Present.5","Bossou",0.155292884406035,0.0134264232008593,0.0596133190118153
"5787","280644","Action_13","Morph_28","FOTAIU","Moveaway","Fling","Fling.2","Bossou",-0.309246250367621,0.0209452201933405,0.0773361976369495
"5788","280341a","Action_28","Morph_57","NA_chimp","Affiliation","Locomotebipedal","LocomoteBipedal.2","Bossou",0.159564569671338,0.00429645542427497,0.0155746509129968
"5789","280341a","Action_54","Morph_114","NA_chimp","Affiliation","Stancebipedal","StanceBipedal.1","Bossou",-0.590590592234853,0.0171858216970999,0.0171858216970999
"5790","280341a","Action_12","Morph_26","NA_chimp","Affiliation","Fingermouth","FingerMouth.1","Bossou",0.213497174262404,0.00429645542427497,0.00429645542427497
"5791","280422","Action_41","Morph_86","JIRE","Climbonme","Pull","Pull.3","Bossou",0.569848964215452,0.00698174006444683,0.0177228786251343
"5792","280222b","Action_4","Morph_13","PAMA","Affiliation","Bitekiss","Bite.5","Bossou",-1.00239343092757,0.0075187969924812,0.0306122448979592
"5793","280288","Action_63","Morph_140","FOTAIU","Staysame","Touch","Touch.9","Bossou",-0.648173814917214,0.00698174006444683,0.0429645542427497
"5794","280068","Action_38","Morph_77","PAMA","Directattention","Present","Present.3","Bossou",1.18601247894894,0.0166487647690655,0.0596133190118153
"5795","280244","Action_13","Morph_27","JIRE","Stopbehaviour","Fling","Fling.1","Bossou",-0.579818495252942,0.056390977443609,0.0773361976369495
"5796","280155","Action_38","Morph_79","FANA","Groom","Present","Present.5","Bossou",-0.0130852395486555,0.0134264232008593,0.0596133190118153
"5797","280205","Action_13","Morph_28","VELU","Moveaway","Fling","Fling.2","Bossou",-0.49429632181478,0.0209452201933405,0.0773361976369495
"5798","280211","Action_48","Morph_104","PILI","Play","Rollover","RollOver.1","Bossou",0.908258560176891,0.00429645542427497,0.00429645542427497
"5799","280051a","Action_20","Morph_45","PELEY","Play","Hitother","HitOther.1","Bossou",-0.640554730440775,0.0263157894736842,0.0402792696025779
"5800","280622","Action_1","Morph_2","JEJE","Affiliation","Beckon","Beckon.2","Bossou",-0.18152187662339,0.00268528464017186,0.0123523093447905
"5801","280622","Action_64","Morph_NA","JEJE","Affiliation","Touchlongother",NA,"Bossou",0.848440064965981,0.0365198711063373,0.0112781954887218
"5802","280628b","Action_13","Morph_27","YO","Stopbehaviour","Fling","Fling.1","Bossou",0.000999500333083423,0.056390977443609,0.0773361976369495
"5803","280576","Action_42","Morph_92","JIRE","Moveaway","Push","Push.5","Bossou",-0.429245636773568,0.00644468313641246,0.0596133190118153
"5804","280576","Action_42","Morph_88","JIRE","Moveaway","Push","Push.1","Bossou",-1.25878104082093,0.0128893662728249,0.0596133190118153
"5805","280486","Action_4","Morph_10","PILI","Affiliation","Bitekiss","Bite.2","Bossou",-1.09661428600544,0.0128893662728249,0.0306122448979592
"5806","280005b","Action_60","Morph_127","VUAVUA","Sexualattention","Swing","Swing.1","Bossou",-0.0682788407532944,0.0306122448979592,0.0370569280343716
"5807","280005b","Action_39","Morph_82","VUAVUA","Sexualattention","Presentgenitalsbackwards","PresentGenitals.1","Bossou",-0.265268477614881,0.0354457572502685,0.0290010741138561
"5808","280005b","Action_39","Morph_82","VUAVUA","Sexualattention","Presentgenitalsbackwards","PresentGenitals.1","Bossou",-0.567395975254385,0.0354457572502685,0.0290010741138561
"5809","280005b","Action_39","Morph_82","VUAVUA","Sexualattention","Presentgenitalsbackwards","PresentGenitals.1","Bossou",-0.18152187662339,0.0354457572502685,0.0290010741138561
"5810","280151","Action_55","Morph_116","JEJE","Play","Stompingobject","StompObject.2","Bossou",-0.433864582629862,0.00912996777658432,0.0150375939849624
"5811","280151","Action_55","Morph_116","JEJE","Play","Stompingobject","StompObject.2","Bossou",-0.433864582629862,0.00912996777658432,0.0150375939849624
"5812","280151","Action_57","Morph_118","JEJE","Play","Stompobject","StompObject.4","Bossou",-0.502526820951296,0.00429645542427497,0.0236305048335124
"5813","280606b","Action_8","Morph_19","FANLE","Playcontinue","Dangle","Dangle.1","Bossou",0.141499562273699,0.0257787325456498,0.0257787325456498
"5814","280606b","Action_20","Morph_45","FANLE","Playcontinue","Hitother","HitOther.1","Bossou",-1.20064501423326,0.0263157894736842,0.0402792696025779
"5815","280240","Action_1","Morph_1","JIRE","Moveclose","Beckon","Beckon.1","Bossou",-0.562118918153541,0.00966702470461869,0.0123523093447905
"5816","280023","Action_42","Morph_93","FOTAIU","Moveaway","Push","Push.6","Bossou",-0.404965233066513,0.00805585392051558,0.0596133190118153
"5817","280023","Action_41","Morph_84","FOTAIU","Moveaway","Pull","Pull.1","Bossou",-1.00239343092757,0.0037593984962406,0.0177228786251343
"5818","280076b","Action_13","Morph_27","JEJE","Stopbehaviour","Fling","Fling.1","Bossou",-1.62964061975162,0.056390977443609,0.0773361976369495
"5819","280518","Action_38","Morph_75","FANLE","Directattention","Present","Present.1","Bossou",1.21491274436427,0.0150375939849624,0.0596133190118153
"5820","280075","Action_13","Morph_27","FANLE","Moveaway","Fling","Fling.1","Bossou",-0.879476758751439,0.056390977443609,0.0773361976369495
"5821","280075","Action_13","Morph_27","FANLE","Moveaway","Fling","Fling.1","Bossou",-0.49593701127224,0.056390977443609,0.0773361976369495
"5822","280075","Action_13","Morph_27","FANLE","Moveaway","Fling","Fling.1","Bossou",-1.08470938349912,0.056390977443609,0.0773361976369495
"5823","280075","Action_13","Morph_27","FANLE","Moveaway","Fling","Fling.1","Bossou",-1.03282454813011,0.056390977443609,0.0773361976369495
"5824","280264","Action_45","Morph_101","YO","Play","Reach","Reach.2","Bossou",-0.0408219945202552,0.027389903329753,0.0719656283566058
"5825","280541","Action_38","Morph_77","VELU","Attendme","Present","Present.3","Bossou",-0.142716302201595,0.0166487647690655,0.0596133190118153
"5826","280016","Action_23","Morph_48","FOKAIYE","Play","Hittingother","HitOther.4","Bossou",-0.691149177897272,0.00429645542427497,0.00483351235230934
"5827","280123a","Action_55","Morph_116","JEJE","Play","Stompingobject","StompObject.2","Bossou",0.0237165266173161,0.00912996777658432,0.0150375939849624
"5828","280123a","Action_57","Morph_118","JEJE","Play","Stompobject","StompObject.4","Bossou",-0.916290731874155,0.00429645542427497,0.0236305048335124
"5829","280123a","Action_50","Morph_107","JEJE","Play","Shake","Shake.1","Bossou",-0.770028224895903,0.0139634801288937,0.0343716433941998
"5830","280123a","Action_55","Morph_116","JEJE","Play","Stompingobject","StompObject.2","Bossou",0.236651901339002,0.00912996777658432,0.0150375939849624
"5831","280123a","Action_1","Morph_1","JEJE","Play","Beckon","Beckon.1","Bossou",-0.265268477614881,0.00966702470461869,0.0123523093447905
"5832","280123a","Action_1","Morph_2","JEJE","Play","Beckon","Beckon.2","Bossou",-0.657780036722654,0.00268528464017186,0.0123523093447905
"5833","280123a","Action_1","Morph_1","JEJE","Play","Beckon","Beckon.1","Bossou",-0.141563564321787,0.00966702470461869,0.0123523093447905
"5834","280123a","Action_17","Morph_41","JEJE","Play","Hitobject","HitObject.3","Bossou",-0.342490308946776,0.00537056928034372,0.0408163265306122
"5835","280123a","Action_60","Morph_128","JEJE","Play","Swing","Swing.2","Bossou",0.330741561912228,0.0037593984962406,0.0370569280343716
"5836","280123a","Action_17","Morph_39","JEJE","Play","Hitobject","HitObject.1","Bossou",-0.481266821524446,0.0327604726100967,0.0408163265306122
"5837","280123a","Action_60","Morph_127","JEJE","Play","Swing","Swing.1","Bossou",0.207014169384326,0.0306122448979592,0.0370569280343716
"5838","280123a","Action_57","Morph_115","JEJE","Play","Stompobject","StompObject.1","Bossou",-0.536143431750281,0.0150375939849624,0.0236305048335124
"5839","280123a","Action_55","Morph_121","JEJE","Play","Stompingobject","StompObject.7","Bossou",0.351360849114964,0.00161117078410311,0.0150375939849624
"5840","280123a","Action_55","Morph_116","JEJE","Play","Stompingobject","StompObject.2","Bossou",0.239803992207317,0.00912996777658432,0.0150375939849624
"5841","280123a","Action_55","Morph_121","JEJE","Play","Stompingobject","StompObject.7","Bossou",0.219938420365261,0.00161117078410311,0.0150375939849624
"5842","280123a","Action_55","Morph_116","JEJE","Play","Stompingobject","StompObject.2","Bossou",0.167207918983906,0.00912996777658432,0.0150375939849624
"5843","280123a","Action_55","Morph_116","JEJE","Play","Stompingobject","StompObject.2","Bossou",-0.449416995637347,0.00912996777658432,0.0150375939849624
"5844","280123a","Action_60","Morph_128","JEJE","Play","Swing","Swing.2","Bossou",0.316998126785834,0.0037593984962406,0.0370569280343716
"5845","280123a","Action_50","Morph_109","JEJE","Play","Shake","Shake.3","Bossou",-0.371063681390832,0.0177228786251343,0.0343716433941998
"5846","280123a","Action_60","Morph_127","JEJE","Play","Swing","Swing.1","Bossou",-0.599656837472606,0.0306122448979592,0.0370569280343716
"5847","280123a","Action_50","Morph_109","JEJE","Play","Shake","Shake.3","Bossou",-1.04128722204884,0.0177228786251343,0.0343716433941998
"5848","280633b","Action_13","Morph_27","JIRE","Stopbehaviour","Fling","Fling.1","Bossou",0.288931291852213,0.056390977443609,0.0773361976369495
"5849","280405a","Action_21","Morph_44","VUI","Play","Hittingobject","HitObject.6","Bossou",-0.0725706928348354,0.00161117078410311,0.0118152524167562
"5850","280405a","Action_17","Morph_41","VUI","Play","Hitobject","HitObject.3","Bossou",-0.210721031315653,0.00537056928034372,0.0408163265306122
"5851","280405a","Action_17","Morph_41","VUI","Play","Hitobject","HitObject.3","Bossou",-0.867500567704723,0.00537056928034372,0.0408163265306122
"5852","280405a","Action_17","Morph_41","VUI","Play","Hitobject","HitObject.3","Bossou",-0.356674943938732,0.00537056928034372,0.0408163265306122
"5853","280405a","Action_17","Morph_39","VUI","Play","Hitobject","HitObject.1","Bossou",-1.07880966137193,0.0327604726100967,0.0408163265306122
"5854","280405a","Action_61","Morph_130","VUI","Play","Throwobject","ThrowObject.1","Bossou",-0.486133011175619,0.0161117078410312,0.0161117078410312
"5855","280323","Action_13","Morph_27","JIRE","Stopbehaviour","Fling","Fling.1","Bossou",-1.17765549600856,0.056390977443609,0.0773361976369495
"5856","280127","Action_38","Morph_NA","FOTAIU","Climbonme","Present",NA,"Bossou",-0.525939261576039,0.0365198711063373,0.0596133190118153
"5857","280094","Action_45","Morph_100","JEJE","Giveme","Reach","Reach.1","Bossou",0.114221144090023,0.0435016111707841,0.0719656283566058
"5858","280322","Action_13","Morph_28","YUNRO","Moveaway","Fling","Fling.2","Bossou",-0.616186139423817,0.0209452201933405,0.0773361976369495
"5859","280095","Action_45","Morph_100","JEJE","Giveme","Reach","Reach.1","Bossou",-0.182721636815294,0.0435016111707841,0.0719656283566058
"5860","280562a","Action_45","Morph_100","YOLO","Giveme","Reach","Reach.1","Bossou",-0.693147180559945,0.0435016111707841,0.0719656283566058
"5861","280540","Action_42","Morph_95","VUAVUA","Moveaway","Push","Push.8","Bossou",-0.627359440021942,0.00107411385606874,0.0596133190118153
"5862","280265","Action_2","Morph_3","YO","Travel","Bigloudscratch","BigLoudScratch.1","Bossou",0.370873663338545,0.00322234156820623,0.0241675617615467
"5863","280536a","Action_38","Morph_80","JEJE","Sexualattention","Present","Present.6","Bossou",-0.355247391947547,0.00322234156820623,0.0596133190118153
"5864","280536a","Action_35","Morph_70","JEJE","Sexualattention","Out","Out.1","Bossou",-0.76142602131324,0.0102040816326531,0.0150375939849624
"5865","280024","Action_63","Morph_137","PELEY","Staysame","Touch","Touch.6","Bossou",-1.09661428600544,0.00322234156820623,0.0429645542427497
"5866","280024","Action_36","Morph_73","PELEY","Staysame","Overstance","OverStance.2","Bossou",-1.00239343092757,0.00483351235230934,0.0134264232008593
"5867","280181","Action_45","Morph_100","NTO","Play","Reach","Reach.1","Bossou",-0.551647618286246,0.0435016111707841,0.0719656283566058
"5868","280459","Action_64","Morph_140","JIRE","Affiliation","Touchlongother","Touch.9","Bossou",1.17957764749121,0.00698174006444683,0.0112781954887218
"5869","280143","Action_4","Morph_10","YOLO","Affiliation","Bitekiss","Bite.2","Bossou",-0.432322562278047,0.0128893662728249,0.0306122448979592
"5870","280600a","Action_14","Morph_30","YOLO","Play","Grab","Grab.2","Bossou",-0.834710744881732,0.00429645542427497,0.023093447905478
"5871","280241","Action_13","Morph_27","JIRE","Moveaway","Fling","Fling.1","Bossou",-0.719491155899547,0.056390977443609,0.0773361976369495
"5872","280172","Action_38","Morph_79","JIRE","Groom","Present","Present.5","Bossou",0.202124184090134,0.0134264232008593,0.0596133190118153
"5873","280084","Action_42","Morph_93","YOLO","Moveaway","Push","Push.6","Bossou",-0.435408984481236,0.00805585392051558,0.0596133190118153
"5874","280624a","Action_20","Morph_45","YO","Play","Hitother","HitOther.1","Bossou",-0.691149177897272,0.0263157894736842,0.0402792696025779
"5875","280624a","Action_63","Morph_134","YO","Play","Touch","Touch.3","Bossou",-0.693147180559945,0.00698174006444683,0.0429645542427497
"5876","280624a","Action_42","Morph_90","YO","Play","Push","Push.3","Bossou",-1.00239343092757,0.0134264232008593,0.0596133190118153
"5877","280273","Action_45","Morph_100","TUA","Sexualattention","Reach","Reach.1","Bossou",-0.744440474947496,0.0435016111707841,0.0719656283566058
"5878","280273","Action_45","Morph_100","TUA","Sexualattention","Reach","Reach.1","Bossou",-1.09661428600544,0.0435016111707841,0.0719656283566058
"5879","280487","Action_34","Morph_66","VUI","Sexualattention","Objectshake","ObjectShake.2","Bossou",1.34495139758551,0.00322234156820623,0.014500537056928
"5880","280180a","Action_63","Morph_132","NINA","Affiliation","Touch","Touch.1","Bossou",-0.585190039054853,0.00859291084854995,0.0429645542427497
"5881","280180a","Action_45","Morph_101","NINA","Affiliation","Reach","Reach.2","Bossou",-0.891598119283784,0.027389903329753,0.0719656283566058
"5882","280577","Action_33","Morph_61","YOLO","Sexualattention","Objectmove","ObjectMove.1","Bossou",-0.95711272639441,0.0193340494092374,0.0349087003222342
"5883","280522a","Action_54","Morph_114","JEJE","Affiliation","Stancebipedal","StanceBipedal.1","Bossou",-0.404965233066513,0.0171858216970999,0.0171858216970999
"5884","280522a","Action_35","Morph_71","JEJE","Affiliation","Out","Out.2","Bossou",0.126632650933366,0.00429645542427497,0.0150375939849624
"5885","280006","Action_40","Morph_82","FOAF","Sexualattention","Presentgenitalsforwards","PresentGenitals.1","Bossou",-0.104250021373799,0.0354457572502685,0.00859291084854995
"5886","280481","Action_45","Morph_100","NINA","Affiliation","Reach","Reach.1","Bossou",-0.834710744881732,0.0435016111707841,0.0719656283566058
"5887","280485","Action_13","Morph_28","PILI","Stopbehaviour","Fling","Fling.2","Bossou",-0.59783700075562,0.0209452201933405,0.0773361976369495
"5888","280271","Action_41","Morph_86","YOLO","Affiliation","Pull","Pull.3","Bossou",0.000999500333083423,0.00698174006444683,0.0177228786251343
"5889","280271","Action_11","Morph_22","YOLO","Affiliation","Embrace","Embrace.1","Bossou",-0.913793851675568,0.00161117078410311,0.00859291084854995
"5890","280377","Action_64","Morph_138","NA_chimp","Affiliation","Touchlongother","Touch.7","Bossou",1.12719974552002,0.0107411385606874,0.0112781954887218
"5891","280320","Action_63","Morph_132","JIRE","Staysame","Touch","Touch.1","Bossou",-0.331285709933913,0.00859291084854995,0.0429645542427497
"5892","280166","Action_45","Morph_100","JEJE","Giveme","Reach","Reach.1","Bossou",0.109750863959119,0.0435016111707841,0.0719656283566058
"5893","280152","Action_34","Morph_65","FANLE","Playcontinue","Objectshake","ObjectShake.1","Bossou",1.42695634283878,0.00966702470461869,0.014500537056928
"5894","280606a","Action_45","Morph_100","JEJE","Playcontinue","Reach","Reach.1","Bossou",-0.567395975254385,0.0435016111707841,0.0719656283566058
"5895","280606a","Action_20","Morph_45","JEJE","Playcontinue","Hitother","HitOther.1","Bossou",-0.379797361359587,0.0263157894736842,0.0402792696025779
"5896","280170","Action_64","Morph_138","YOLO","Giveme","Touchlongother","Touch.7","Bossou",0.987308219109435,0.0107411385606874,0.0112781954887218
"5897","280243","Action_42","Morph_90","JIRE","Climbonme","Push","Push.3","Bossou",-1.04696905551627,0.0134264232008593,0.0596133190118153
"5898","280643","Action_42","Morph_91","JEJE","Stopbehaviour","Push","Push.4","Bossou",-0.18152187662339,0.00805585392051558,0.0596133190118153
"5899","280419","Action_13","Morph_27","TUA","Moveaway","Fling","Fling.1","Bossou",-0.834710744881732,0.056390977443609,0.0773361976369495
"5900","280141","Action_39","Morph_82","FANLE","Sexualattention","Presentgenitalsbackwards","PresentGenitals.1","Bossou",-0.407968238326283,0.0354457572502685,0.0290010741138561
"5901","280183","Action_63","Morph_138","FOTAIU","Giveme","Touch","Touch.7","Bossou",-0.653926467406664,0.0107411385606874,0.0429645542427497
"5902","280423","Action_4","Morph_NA","NINA","Affiliation","Bitekiss",NA,"Bossou",0.727065398763406,0.0365198711063373,0.0306122448979592
"5903","280437","Action_45","Morph_100","JIRE","Climbonme","Reach","Reach.1","Bossou",-0.834710744881732,0.0435016111707841,0.0719656283566058
"5904","280073","Action_42","Morph_88","VUAVUA","Climbonme","Push","Push.1","Bossou",-0.551647618286246,0.0128893662728249,0.0596133190118153
"5905","280073","Action_42","Morph_88","VUAVUA","Climbonme","Push","Push.1","Bossou",-0.657780036722654,0.0128893662728249,0.0596133190118153
"5906","280073","Action_42","Morph_90","VUAVUA","Climbonme","Push","Push.3","Bossou",-1.50959257746438,0.0134264232008593,0.0596133190118153
"5907","280542","Action_33","Morph_61","YOLO","Sexualattention","Objectmove","ObjectMove.1","Bossou",0.383900930192324,0.0193340494092374,0.0349087003222342
"5908","280542","Action_34","Morph_65","YOLO","Sexualattention","Objectshake","ObjectShake.1","Bossou",-0.141563564321787,0.00966702470461869,0.014500537056928
"5909","280542","Action_33","Morph_61","YOLO","Sexualattention","Objectmove","ObjectMove.1","Bossou",-0.567395975254385,0.0193340494092374,0.0349087003222342
"5910","280542","Action_33","Morph_61","YOLO","Sexualattention","Objectmove","ObjectMove.1","Bossou",-0.104250021373799,0.0193340494092374,0.0349087003222342
"5911","280544a","Action_33","Morph_61","YOLO","Sexualattention","Objectmove","ObjectMove.1","Bossou",-0.510825623765991,0.0193340494092374,0.0349087003222342
"5912","280544a","Action_34","Morph_65","YOLO","Sexualattention","Objectshake","ObjectShake.1","Bossou",0.99436226729431,0.00966702470461869,0.014500537056928
"5913","280544a","Action_28","Morph_57","YOLO","Sexualattention","Locomotebipedal","LocomoteBipedal.2","Bossou",0.943516718127747,0.00429645542427497,0.0155746509129968
"5914","280131","Action_45","Morph_100","JEJE","Giveme","Reach","Reach.1","Bossou",0.280657457514817,0.0435016111707841,0.0719656283566058
"5915","280453","Action_11","Morph_23","NINA","Affiliation","Embrace","Embrace.2","Bossou",0.579418415231602,0.00268528464017186,0.00859291084854995
"5916","280097","Action_13","Morph_27","JIRE","Moveaway","Fling","Fling.1","Bossou",-0.638658995275876,0.056390977443609,0.0773361976369495
"5917","280405b","Action_34","Morph_65","NA_chimp","Play","Objectshake","ObjectShake.1","Bossou",0.822419516264084,0.00966702470461869,0.014500537056928
"5918","280405b","Action_42","Morph_94","NA_chimp","Play","Push","Push.7","Bossou",-1.22417551164346,0.00107411385606874,0.0596133190118153
"5919","280405b","Action_60","Morph_127","NA_chimp","Play","Swing","Swing.1","Bossou",0.156148682489931,0.0306122448979592,0.0370569280343716
"5920","280037","Action_42","Morph_90","FOAF","Position","Push","Push.3","Bossou",-0.313341819232359,0.0134264232008593,0.0596133190118153
"5921","280037","Action_42","Morph_90","FOAF","Position","Push","Push.3","Bossou",-1.2413285908697,0.0134264232008593,0.0596133190118153
"5922","280608","Action_48","Morph_104","NA_chimp","Play","Rollover","RollOver.1","Bossou",0.7026023393307,0.00429645542427497,0.00429645542427497
"5923","280608","Action_63","Morph_132","NA_chimp","Play","Touch","Touch.1","Bossou",-0.916290731874155,0.00859291084854995,0.0429645542427497
"5924","280562b","Action_63","Morph_NA","KAI","Stopbehaviour","Touch",NA,"Bossou",-0.916290731874155,0.0365198711063373,0.0429645542427497
"5925","280452","Action_14","Morph_29","FOTAIU","Play","Grab","Grab.1","Bossou",-0.95711272639441,0.0037593984962406,0.023093447905478
"5926","280452","Action_14","Morph_29","FOTAIU","Play","Grab","Grab.1","Bossou",-0.798507696217772,0.0037593984962406,0.023093447905478
"5927","280130","Action_45","Morph_100","JEJE","Giveme","Reach","Reach.1","Bossou",0.366031038862757,0.0435016111707841,0.0719656283566058
"5928","280617","Action_50","Morph_107","JEJE","Sexualattention","Shake","Shake.1","Bossou",-0.916290731874155,0.0139634801288937,0.0343716433941998
"5929","280617","Action_50","Morph_107","JEJE","Sexualattention","Shake","Shake.1","Bossou",-0.76142602131324,0.0139634801288937,0.0343716433941998
"5930","280617","Action_50","Morph_107","JEJE","Sexualattention","Shake","Shake.1","Bossou",-0.567395975254385,0.0139634801288937,0.0343716433941998
"5931","280617","Action_35","Morph_70","JEJE","Sexualattention","Out","Out.1","Bossou",-0.104250021373799,0.0102040816326531,0.0150375939849624
"5932","280077","Action_45","Morph_101","JEJE","Giveme","Reach","Reach.2","Bossou",0.0188217542405877,0.027389903329753,0.0719656283566058
"5933","280436","Action_38","Morph_77","PAMA","Groom","Present","Present.3","Bossou",-0.18152187662339,0.0166487647690655,0.0596133190118153
"5934","280536b","Action_45","Morph_101","YO","Sexualattention","Reach","Reach.2","Bossou",-0.916290731874155,0.027389903329753,0.0719656283566058
"5935","280134b","Action_45","Morph_100","JIRE","Sexualattention","Reach","Reach.1","Bossou",-0.346724613085564,0.0435016111707841,0.0719656283566058
"5936","280620","Action_42","Morph_93","FANA","Stopbehaviour","Push","Push.6","Bossou",0.0962188577405429,0.00805585392051558,0.0596133190118153
"5937","280182","Action_13","Morph_28","NINA","Stopbehaviour","Fling","Fling.2","Bossou",-0.454130280089445,0.0209452201933405,0.0773361976369495
"5938","280140","Action_45","Morph_100","FOTAIU","Climbonme","Reach","Reach.1","Bossou",0.112435429329788,0.0435016111707841,0.0719656283566058
"5939","280307","Action_13","Morph_27","KAI","Moveaway","Fling","Fling.1","Bossou",-0.278392025544688,0.056390977443609,0.0773361976369495
"5940","280307","Action_13","Morph_27","KAI","Moveaway","Fling","Fling.1","Bossou",-0.278392025544688,0.056390977443609,0.0773361976369495
"5941","280307","Action_13","Morph_27","KAI","Moveaway","Fling","Fling.1","Bossou",-0.681218609694672,0.056390977443609,0.0773361976369495
"5942","280642","Action_14","Morph_30","FOKAIYE","Stopbehaviour","Grab","Grab.2","Bossou",-0.567395975254385,0.00429645542427497,0.023093447905478
"5943","280313","Action_13","Morph_27","TUA","Moveaway","Fling","Fling.1","Bossou",-0.789658080940789,0.056390977443609,0.0773361976369495
"5944","280242","Action_42","Morph_88","YO","Takeobjectnurse","Push","Push.1","Bossou",-0.433864582629862,0.0128893662728249,0.0596133190118153
"5945","280242","Action_42","Morph_88","YO","Takeobjectnurse","Push","Push.1","Bossou",-0.780886094867952,0.0128893662728249,0.0596133190118153
"5946","280293","Action_45","Morph_100","PILI","Climbonme","Reach","Reach.1","Bossou",-0.210721031315653,0.0435016111707841,0.0719656283566058
"5947","280600b","Action_8","Morph_19","JURU","Play","Dangle","Dangle.1","Bossou",-0.455706324544911,0.0257787325456498,0.0257787325456498
"5948","280171","Action_42","Morph_92","YO","Moveaway","Push","Push.5","Bossou",-1.51412773262978,0.00644468313641246,0.0596133190118153
"5949","280171","Action_42","Morph_92","YO","Moveaway","Push","Push.5","Bossou",-0.638658995275876,0.00644468313641246,0.0596133190118153
"5950","280153","Action_8","Morph_19","FOKAIYE","Playcontinue","Dangle","Dangle.1","Bossou",-0.066139802504545,0.0257787325456498,0.0257787325456498
"5951","280202","Action_45","Morph_100","YO","Climbonme","Reach","Reach.1","Bossou",-0.127833371509885,0.0435016111707841,0.0719656283566058
"5952","280624b","Action_20","Morph_NA","FANWA","Play","Hitother",NA,"Bossou",-0.50916034444693,0.0365198711063373,0.0402792696025779
"5953","280624b","Action_20","Morph_45","FANWA","Play","Hitother","HitOther.1","Bossou",-1.00239343092757,0.0263157894736842,0.0402792696025779
"5954","280270","Action_13","Morph_28","JIRE","Stopbehaviour","Fling","Fling.2","Bossou",-0.669430653942629,0.0209452201933405,0.0773361976369495
"5955","280270","Action_13","Morph_28","JIRE","Stopbehaviour","Fling","Fling.2","Bossou",-0.941608539858445,0.0209452201933405,0.0773361976369495
"5956","280270","Action_13","Morph_28","JIRE","Stopbehaviour","Fling","Fling.2","Bossou",-0.923818998294947,0.0209452201933405,0.0773361976369495
"5957","280247","Action_13","Morph_27","FOAF","Moveaway","Fling","Fling.1","Bossou",-0.543004522130226,0.056390977443609,0.0773361976369495
"5958","280180b","Action_12","Morph_26","FOTAIU","Affiliation","Fingermouth","FingerMouth.1","Bossou",-0.669430653942629,0.00429645542427497,0.00429645542427497
"5959","280484","Action_8","Morph_19","PONI","Play","Dangle","Dangle.1","Bossou",0.155292884406035,0.0257787325456498,0.0257787325456498
"5960","280484","Action_8","Morph_19","PONI","Play","Dangle","Dangle.1","Bossou",-0.243346258631729,0.0257787325456498,0.0257787325456498
"5961","280484","Action_60","Morph_127","PONI","Play","Swing","Swing.1","Bossou",-0.355247391947547,0.0306122448979592,0.0370569280343716
"5962","280570b","Action_17","Morph_40","FOTAIU","Stopbehaviour","Hitobject","HitObject.2","Bossou",-1.20397280432594,0.00483351235230934,0.0408163265306122
"5963","280570b","Action_17","Morph_39","FOTAIU","Stopbehaviour","Hitobject","HitObject.1","Bossou",-1.38629436111989,0.0327604726100967,0.0408163265306122
"5964","280570b","Action_55","Morph_117","FOTAIU","Stopbehaviour","Stompingobject","StompObject.3","Bossou",-0.404965233066513,0.00429645542427497,0.0150375939849624
"5965","280570b","Action_57","Morph_115","FOTAIU","Stopbehaviour","Stompobject","StompObject.1","Bossou",-1.14885350510486,0.0150375939849624,0.0236305048335124
"5966","250096","Action_13","Morph_28","JIRE","Stopbehaviour","Fling","Fling.2","Bossou",-1.73727128394399,0.0209452201933405,0.0773361976369495
"5967","250084b","Action_45","Morph_101","FOAF","Affiliation","Reach","Reach.2","Bossou",-1.15836229307388,0.027389903329753,0.0719656283566058
"5968","250045a","Action_44","Morph_99","FLANLE","Support","Rakeself","RakeSelf.1","Bossou",-0.931404369684203,0.00537056928034372,0.00537056928034372
"5969","250045a","Action_44","Morph_99","FLANLE","Support","Rakeself","RakeSelf.1","Bossou",-0.675307262431614,0.00537056928034372,0.00537056928034372
"5970","250045a","Action_29","Morph_58","FLANLE","Support","Locomotegallop","LocomoteGallop.1","Bossou",-0.191160505461159,0.0134264232008593,0.0134264232008593
"5971","250072","Action_2","Morph_4","JEJE","Groom","Bigloudscratch","BigLoudScratch.2","Bossou",0.535323095366378,0.0150375939849624,0.0241675617615467
"5972","250029","Action_61","Morph_130","FLANLE","Play","Throwobject","ThrowObject.1","Bossou",0.493475985430878,0.0161117078410312,0.0161117078410312
"5973","250021","Action_12","Morph_26","FANWA","Affiliation","Fingermouth","FingerMouth.1","Bossou",-0.834710744881732,0.00429645542427497,0.00429645542427497
"5974","250147a","Action_50","Morph_109","JEJE","Moveaway","Shake","Shake.3","Bossou",-0.22314355131421,0.0177228786251343,0.0343716433941998
"5975","250147a","Action_24","Morph_51","JEJE","Moveaway","Jump","Jump.1","Bossou",-0.352398387171472,0.0128893662728249,0.0128893662728249
"5976","250147a","Action_29","Morph_58","JEJE","Moveaway","Locomotegallop","LocomoteGallop.1","Bossou",0.00697561373642514,0.0134264232008593,0.0134264232008593
"5977","250147a","Action_35","Morph_71","JEJE","Moveaway","Out","Out.2","Bossou",-0.785262469467751,0.00429645542427497,0.0150375939849624
"5978","250147a","Action_13","Morph_27","JEJE","Moveaway","Fling","Fling.1","Bossou",-1.13320373343773,0.056390977443609,0.0773361976369495
"5979","250097","Action_13","Morph_28","JIRE","Stopbehaviour","Fling","Fling.2","Bossou",-0.231932057347289,0.0209452201933405,0.0773361976369495
"5980","250095","Action_13","Morph_28","JIRE","Moveaway","Fling","Fling.2","Bossou",-1.44816976483798,0.0209452201933405,0.0773361976369495
"5981","250084a","Action_50","Morph_109","JEJE","Affiliation","Shake","Shake.3","Bossou",0.150142658429719,0.0177228786251343,0.0343716433941998
"5982","250023","Action_17","Morph_42","JEJE","Stopbehaviour","Hitobject","HitObject.4","Bossou",-0.515838165589535,0.00590762620837809,0.0408163265306122
"5983","250023","Action_17","Morph_40","JEJE","Stopbehaviour","Hitobject","HitObject.2","Bossou",-0.665532013526972,0.00483351235230934,0.0408163265306122
"5984","250131a","Action_45","Morph_101","VELU","Affiliation","Reach","Reach.2","Bossou",0.178146185383474,0.027389903329753,0.0719656283566058
"5985","250102","Action_17","Morph_39","FOAF","Stopbehaviour","Hitobject","HitObject.1","Bossou",-0.744440474947496,0.0327604726100967,0.0408163265306122
"5986","250103","Action_4","Morph_14","FANA","Affiliation","Bitekiss","Bite.6","Bossou",-0.830113035633103,0.00214822771213749,0.0306122448979592
"5987","250101","Action_45","Morph_101","FLANLE","Affiliation","Reach","Reach.2","Bossou",-0.697155201957484,0.027389903329753,0.0719656283566058
"5988","250022","Action_63","Morph_135","FANLE","Giveme","Touch","Touch.4","Bossou",-0.653926467406664,0.00483351235230934,0.0429645542427497
"5989","250147b","Action_24","Morph_51","FOAF","Stopbehaviour","Jump","Jump.1","Bossou",0.504405055963068,0.0128893662728249,0.0128893662728249
"5990","250039","Action_33","Morph_62","FLANLE","Play","Objectmove","ObjectMove.2","Bossou",-0.0345914447696191,0.0123523093447905,0.0349087003222342
"5991","250137","Action_50","Morph_107","FANLE","Climbonme","Shake","Shake.1","Bossou",-0.457284856837961,0.0139634801288937,0.0343716433941998
"5992","250137","Action_54","Morph_114","FANLE","Climbonme","Stancebipedal","StanceBipedal.1","Bossou",-0.3078847797693,0.0171858216970999,0.0171858216970999
"5993","250137","Action_54","Morph_114","FANLE","Climbonme","Stancebipedal","StanceBipedal.1","Bossou",-0.572701027484078,0.0171858216970999,0.0171858216970999
"5994","250137","Action_38","Morph_76","FANLE","Climbonme","Present","Present.2","Bossou",0.248421358498478,0.00590762620837809,0.0596133190118153
"5995","250137","Action_60","Morph_127","FANLE","Climbonme","Swing","Swing.1","Bossou",-1.45671682541644,0.0306122448979592,0.0370569280343716
"5996","250099a","Action_43","Morph_96","FLANLE","Play","Raise","Raise.1","Bossou",-0.0356271776431512,0.0268528464017186,0.0349087003222342
"5997","250099a","Action_43","Morph_NA","FLANLE","Play","Raise",NA,"Bossou",0.113328685307003,0.0365198711063373,0.0349087003222342
"5998","250099a","Action_60","Morph_127","FLANLE","Play","Swing","Swing.1","Bossou",0.134530892957606,0.0306122448979592,0.0370569280343716
"5999","250099a","Action_24","Morph_51","FLANLE","Play","Jump","Jump.1","Bossou",-0.510825623765991,0.0128893662728249,0.0128893662728249
"6000","250099a","Action_34","Morph_66","FLANLE","Play","Objectshake","ObjectShake.2","Bossou",1.24703229378638,0.00322234156820623,0.014500537056928
"6001","250106","Action_13","Morph_28","FOAF","Stopbehaviour","Fling","Fling.2","Bossou",-1.44392347395653,0.0209452201933405,0.0773361976369495
"6002","250106","Action_57","Morph_115","FOAF","Stopbehaviour","Stompobject","StompObject.1","Bossou",-0.928869514081015,0.0150375939849624,0.0236305048335124
"6003","250120b","Action_11","Morph_23","JIRE","Affiliation","Embrace","Embrace.2","Bossou",-0.332679438382517,0.00268528464017186,0.00859291084854995
"6004","250130a","Action_11","Morph_NA","FANWA","Affiliation","Embrace",NA,"Bossou",-0.447850824604602,0.0365198711063373,0.00859291084854995
"6005","250141b","Action_61","Morph_130","FLANLE","Play","Throwobject","ThrowObject.1","Bossou",0.12751332029896,0.0161117078410312,0.0161117078410312
"6006","250141b","Action_61","Morph_130","FLANLE","Play","Throwobject","ThrowObject.1","Bossou",0.484276288532454,0.0161117078410312,0.0161117078410312
"6007","250139a","Action_62","Morph_131","FLANLE","Play","Throwthreat","ThrowThreat.1","Bossou",-0.236988958136263,0.0193340494092374,0.0193340494092374
"6008","250139a","Action_62","Morph_131","FLANLE","Play","Throwthreat","ThrowThreat.1","Bossou",0.387979793767145,0.0193340494092374,0.0193340494092374
"6009","250139a","Action_61","Morph_130","FLANLE","Play","Throwobject","ThrowObject.1","Bossou",0.199670195128568,0.0161117078410312,0.0161117078410312
"6010","250139a","Action_33","Morph_63","FLANLE","Play","Objectmove","ObjectMove.3","Bossou",-0.563874844855806,0.00214822771213749,0.0349087003222342
"6011","250139a","Action_61","Morph_130","FLANLE","Play","Throwobject","ThrowObject.1","Bossou",-0.188742124596877,0.0161117078410312,0.0161117078410312
"6012","250080b","Action_13","Morph_27","FANLE","Moveaway","Fling","Fling.1","Bossou",-0.82098055206983,0.056390977443609,0.0773361976369495
"6013","250038","Action_18","Morph_39","FLANLE","Moveaway","Hitobjectobject","HitObject.1","Bossou",0.285930539412975,0.0327604726100967,0.00268528464017186
"6014","250038","Action_33","Morph_62","FLANLE","Moveaway","Objectmove","ObjectMove.2","Bossou",-0.45886588483528,0.0123523093447905,0.0349087003222342
"6015","250038","Action_33","Morph_61","FLANLE","Moveaway","Objectmove","ObjectMove.1","Bossou",-0.767870726755882,0.0193340494092374,0.0349087003222342
"6016","250085a","Action_36","Morph_NA","FOAF","Affiliation","Overstance",NA,"Bossou",-0.141563564321787,0.0365198711063373,0.0134264232008593
"6017","250082","Action_2","Morph_4","FOAF","Groom","Bigloudscratch","BigLoudScratch.2","Bossou",-0.420071260497527,0.0150375939849624,0.0241675617615467
"6018","250082","Action_38","Morph_75","FOAF","Groom","Present","Present.1","Bossou",-0.2484613592985,0.0150375939849624,0.0596133190118153
"6019","250051","Action_4","Morph_12","FLANLE","Affiliation","Bitekiss","Bite.4","Bossou",-0.269187489815617,0.00214822771213749,0.0306122448979592
"6020","250051","Action_4","Morph_12","FLANLE","Affiliation","Bitekiss","Bite.4","Bossou",-0.183922838160928,0.00214822771213749,0.0306122448979592
"6021","250099b","Action_45","Morph_101","YO","Play","Reach","Reach.2","Bossou",0.112435429329788,0.027389903329753,0.0719656283566058
"6022","250105","Action_17","Morph_39","FOAF","Stopbehaviour","Hitobject","HitObject.1","Bossou",-0.328504066972036,0.0327604726100967,0.0408163265306122
"6023","250120a","Action_35","Morph_70","FOAF","Affiliation","Out","Out.1","Bossou",-0.484508315448617,0.0102040816326531,0.0150375939849624
"6024","250120a","Action_36","Morph_72","FOAF","Affiliation","Overstance","OverStance.1","Bossou",-0.585190039054853,0.00698174006444683,0.0134264232008593
"6025","250130b","Action_11","Morph_NA","VELU","Affiliation","Embrace",NA,"Bossou",-0.862749964946125,0.0365198711063373,0.00859291084854995
"6026","250139b","Action_13","Morph_27","YO","Stopbehaviour","Fling","Fling.1","Bossou",-0.482886255076749,0.056390977443609,0.0773361976369495
"6027","250139b","Action_13","Morph_27","YO","Stopbehaviour","Fling","Fling.1","Bossou",-0.525939261576039,0.056390977443609,0.0773361976369495
"6028","250139b","Action_13","Morph_27","YO","Stopbehaviour","Fling","Fling.1","Bossou",-0.928869514081015,0.056390977443609,0.0773361976369495
"6029","250139b","Action_14","Morph_31","YO","Stopbehaviour","Grab","Grab.3","Bossou",-0.926341067727656,0.00805585392051558,0.023093447905478
"6030","250139b","Action_13","Morph_27","YO","Stopbehaviour","Fling","Fling.1","Bossou",-0.928869514081015,0.056390977443609,0.0773361976369495
"6031","250085b","Action_63","Morph_134","YO","Affiliation","Touch","Touch.3","Bossou",-0.345311185288417,0.00698174006444683,0.0429645542427497
"6032","250003a","Action_39","Morph_82","FANA","Sexualattention","Presentgenitalsbackwards","PresentGenitals.1","Bossou",-0.457284856837961,0.0354457572502685,0.0290010741138561
"6033","250030a","Action_61","Morph_130","FLANLE","Play","Throwobject","ThrowObject.1","Bossou",0.88128512267534,0.0161117078410312,0.0161117078410312
"6034","250050a","Action_36","Morph_72","JEJE","Affiliation","Overstance","OverStance.1","Bossou",0.0276151670329734,0.00698174006444683,0.0134264232008593
"6035","250050a","Action_50","Morph_109","JEJE","Affiliation","Shake","Shake.3","Bossou",-0.372514007968479,0.0177228786251343,0.0343716433941998
"6036","250028a","Action_18","Morph_39","FLANLE","Play","Hitobjectobject","HitObject.1","Bossou",-0.544727175441672,0.0327604726100967,0.00268528464017186
"6037","250028a","Action_61","Morph_130","FLANLE","Play","Throwobject","ThrowObject.1","Bossou",0.291175961706037,0.0161117078410312,0.0161117078410312
"6038","250071","Action_45","Morph_101","FANLE","Climbonme","Reach","Reach.2","Bossou",-0.228156093137754,0.027389903329753,0.0719656283566058
"6039","250071","Action_1","Morph_1","FANLE","Climbonme","Beckon","Beckon.1","Bossou",0,0.00966702470461869,0.0123523093447905
"6040","250091","Action_61","Morph_130","FLANLE","Groom","Throwobject","ThrowObject.1","Bossou",0.815807193295833,0.0161117078410312,0.0161117078410312
"6041","250133","Action_61","Morph_130","FLANLE","Playcontinue","Throwobject","ThrowObject.1","Bossou",0.493475985430878,0.0161117078410312,0.0161117078410312
"6042","250003b","Action_50","Morph_109","JEJE","Sexualattention","Shake","Shake.3","Bossou",-0.186329578191493,0.0177228786251343,0.0343716433941998
"6043","250003b","Action_24","Morph_51","JEJE","Sexualattention","Jump","Jump.1","Bossou",-0.572701027484078,0.0128893662728249,0.0128893662728249
"6044","250003b","Action_36","Morph_72","JEJE","Sexualattention","Overstance","OverStance.1","Bossou",-0.665532013526972,0.00698174006444683,0.0134264232008593
"6045","250116","Action_33","Morph_63","FLANLE","Play","Objectmove","ObjectMove.3","Bossou",0.206200830583898,0.00214822771213749,0.0349087003222342
"6046","250030b","Action_13","Morph_27","JIRE","Moveaway","Fling","Fling.1","Bossou",-0.7339691750802,0.056390977443609,0.0773361976369495
"6047","250030b","Action_17","Morph_40","JIRE","Moveaway","Hitobject","HitObject.2","Bossou",-0.539568092631645,0.00483351235230934,0.0408163265306122
"6048","250030b","Action_13","Morph_27","JIRE","Moveaway","Fling","Fling.1","Bossou",-1.17441400208439,0.056390977443609,0.0773361976369495
"6049","250044","Action_42","Morph_88","JEJE","Moveaway","Push","Push.1","Bossou",0.713439883827708,0.0128893662728249,0.0596133190118153
"6050","250028b","Action_13","Morph_27","JIRE","Stopbehaviour","Fling","Fling.1","Bossou",-0.555125882662571,0.056390977443609,0.0773361976369495
"6051","250028b","Action_13","Morph_28","JIRE","Stopbehaviour","Fling","Fling.2","Bossou",-1.23100147671386,0.0209452201933405,0.0773361976369495
"6052","250142","Action_8","Morph_19","FLANLE","Play","Dangle","Dangle.1","Bossou",-0.231932057347289,0.0257787325456498,0.0257787325456498
"6053","250142","Action_57","Morph_115","FLANLE","Play","Stompobject","StompObject.1","Bossou",-1.43969513784701,0.0150375939849624,0.0236305048335124
"6054","250012","Action_50","Morph_109","FANLE","Staysame","Shake","Shake.3","Bossou",0.0916671885258239,0.0177228786251343,0.0343716433941998
"6055","250135","Action_61","Morph_130","FLANLE","Moveaway","Throwobject","ThrowObject.1","Bossou",0.717351869256763,0.0161117078410312,0.0161117078410312
"6056","250047","Action_36","Morph_72","JIRE","Affiliation","Overstance","OverStance.1","Bossou",0.60267527739587,0.00698174006444683,0.0134264232008593
"6057","250077","Action_50","Morph_109","JEJE","Stopbehaviour","Shake","Shake.3","Bossou",-0.644357016390513,0.0177228786251343,0.0343716433941998
"6058","250077","Action_50","Morph_109","JEJE","Stopbehaviour","Shake","Shake.3","Bossou",0.242946178610389,0.0177228786251343,0.0343716433941998
"6059","250077","Action_35","Morph_70","JEJE","Stopbehaviour","Out","Out.1","Bossou",-0.372514007968479,0.0102040816326531,0.0150375939849624
"6060","250070","Action_28","Morph_56","JEJE","Affiliation","Locomotebipedal","LocomoteBipedal.1","Bossou",0.107059072293408,0.0112781954887218,0.0155746509129968
"6061","250070","Action_35","Morph_71","JEJE","Affiliation","Out","Out.2","Bossou",-0.505838082254952,0.00429645542427497,0.0150375939849624
"6062","250037","Action_13","Morph_27","JEJE","Moveaway","Fling","Fling.1","Bossou",-0.916290731874155,0.056390977443609,0.0773361976369495
"6063","250016","Action_36","Morph_72","JIRE","Affiliation","Overstance","OverStance.1","Bossou",-0.514164525031505,0.00698174006444683,0.0134264232008593
"6064","250053","Action_17","Morph_40","FLANLE","Affiliation","Hitobject","HitObject.2","Bossou",-0.592397277459802,0.00483351235230934,0.0408163265306122
"6065","250053","Action_5","Morph_17","FLANLE","Affiliation","Bounce","Bounce.1","Bossou",0.272314595320659,0.0204081632653061,0.0204081632653061
"6066","250067","Action_2","Morph_4","JIRE","Followme","Bigloudscratch","BigLoudScratch.2","Bossou",-0.127833371509885,0.0150375939849624,0.0241675617615467
"6067","250067","Action_2","Morph_4","JIRE","Followme","Bigloudscratch","BigLoudScratch.2","Bossou",-0.388607991041741,0.0150375939849624,0.0241675617615467
"6068","250017","Action_2","Morph_4","FANLE","Staysame","Bigloudscratch","BigLoudScratch.2","Bossou",0.27002713721306,0.0150375939849624,0.0241675617615467
"6069","250017","Action_50","Morph_109","FANLE","Staysame","Shake","Shake.3","Bossou",-0.3147107448397,0.0177228786251343,0.0343716433941998
"6070","250042a","Action_46","Morph_103","FLANLE","Play","Rockingbipedal","Rocking.1","Bossou",0.507419830631158,0.00322234156820623,0.00214822771213749
"6071","250042a","Action_61","Morph_130","FLANLE","Play","Throwobject","ThrowObject.1","Bossou",0.511025603768657,0.0161117078410312,0.0161117078410312
"6072","250146","Action_54","Morph_114","FLANLE","Play","Stancebipedal","StanceBipedal.1","Bossou",0.438254930931155,0.0171858216970999,0.0171858216970999
"6073","250146","Action_28","Morph_56","FLANLE","Play","Locomotebipedal","LocomoteBipedal.1","Bossou",0.759870812602853,0.0112781954887218,0.0155746509129968
"6074","250146","Action_5","Morph_17","FLANLE","Play","Bounce","Bounce.1","Bossou",-0.325730140089311,0.0204081632653061,0.0204081632653061
"6075","250146","Action_43","Morph_96","FLANLE","Play","Raise","Raise.1","Bossou",-0.675307262431614,0.0268528464017186,0.0349087003222342
"6076","250002b","Action_39","Morph_82","FANA","Sexualattention","Presentgenitalsbackwards","PresentGenitals.1","Bossou",-0.154317360384357,0.0354457572502685,0.0290010741138561
"6077","250129","Action_17","Morph_39","FLANLE","Play","Hitobject","HitObject.1","Bossou",-0.167235919375914,0.0327604726100967,0.0408163265306122
"6078","250129","Action_33","Morph_61","FLANLE","Play","Objectmove","ObjectMove.1","Bossou",0.185649346886629,0.0193340494092374,0.0349087003222342
"6079","250129","Action_24","Morph_51","FLANLE","Play","Jump","Jump.1","Bossou",-0.484508315448617,0.0128893662728249,0.0128893662728249
"6080","250015","Action_50","Morph_109","FANLE","Staysame","Shake","Shake.3","Bossou",-0.360969868221613,0.0177228786251343,0.0343716433941998
"6081","250015","Action_2","Morph_4","FANLE","Staysame","Bigloudscratch","BigLoudScratch.2","Bossou",0.511625303936555,0.0150375939849624,0.0241675617615467
"6082","250078","Action_4","Morph_13","FANA","Affiliation","Bitekiss","Bite.5","Bossou",-0.954511944694353,0.0075187969924812,0.0306122448979592
"6083","250078","Action_4","Morph_13","FANA","Affiliation","Bitekiss","Bite.5","Bossou",-1.30195321268614,0.0075187969924812,0.0306122448979592
"6084","250008","Action_13","Morph_27","FOAF","Stopbehaviour","Fling","Fling.1","Bossou",-0.931404369684203,0.056390977443609,0.0773361976369495
"6085","250065","Action_62","Morph_131","FLANLE","Play","Throwthreat","ThrowThreat.1","Bossou",0.348541960708543,0.0193340494092374,0.0193340494092374
"6086","250014","Action_13","Morph_28","FOAF","Stopbehaviour","Fling","Fling.2","Bossou",-0.721546655081643,0.0209452201933405,0.0773361976369495
"6087","250043","Action_48","Morph_104","FOAF","Playcontinue","Rollover","RollOver.1","Bossou",0.526502103150998,0.00429645542427497,0.00429645542427497
"6088","250134","Action_61","Morph_130","FLANLE","Play","Throwobject","ThrowObject.1","Bossou",0.137149838147234,0.0161117078410312,0.0161117078410312
"6089","250019","Action_50","Morph_109","FANLE","Staysame","Shake","Shake.3","Bossou",-0.599656837472606,0.0177228786251343,0.0343716433941998
"6090","250019","Action_50","Morph_109","FANLE","Staysame","Shake","Shake.3","Bossou",-0.621757184473272,0.0177228786251343,0.0343716433941998
"6091","250019","Action_5","Morph_17","FANLE","Staysame","Bounce","Bounce.1","Bossou",-0.52932909533055,0.0204081632653061,0.0204081632653061
"6092","250019","Action_50","Morph_109","FANLE","Staysame","Shake","Shake.3","Bossou",0.0305292050348228,0.0177228786251343,0.0343716433941998
"6093","250060","Action_61","Morph_130","FLANLE","Play","Throwobject","ThrowObject.1","Bossou",0.51402051466251,0.0161117078410312,0.0161117078410312
"6094","250060","Action_50","Morph_109","FLANLE","Play","Shake","Shake.3","Bossou",-0.679244275390954,0.0177228786251343,0.0343716433941998
"6095","250011","Action_21","Morph_39","FOAF","Stopbehaviour","Hittingobject","HitObject.1","Bossou",-0.579818495252942,0.0327604726100967,0.0118152524167562
"6096","250041b","Action_45","Morph_101","JEJE","Stopbehaviour","Reach","Reach.2","Bossou",-0.657780036722654,0.027389903329753,0.0719656283566058
"6097","250010","Action_3","Morph_15","FANWA","Affiliation","Bite","Bite.7","Bossou",-0.486133011175619,0.0037593984962406,0.00644468313641246
"6098","250074","Action_42","Morph_90","FANLE","Groom","Push","Push.3","Bossou",0.427878702945064,0.0134264232008593,0.0596133190118153
"6099","250036","Action_55","Morph_121","FLANLE","Play","Stompingobject","StompObject.7","Bossou",-0.0576291128366364,0.00161117078410311,0.0150375939849624
"6100","250036","Action_24","Morph_51","FLANLE","Play","Jump","Jump.1","Bossou",-0.336872316642553,0.0128893662728249,0.0128893662728249
"6101","250036","Action_17","Morph_42","FLANLE","Play","Hitobject","HitObject.4","Bossou",-0.455706324544911,0.00590762620837809,0.0408163265306122
"6102","250036","Action_29","Morph_58","FLANLE","Play","Locomotegallop","LocomoteGallop.1","Bossou",0.17730901497041,0.0134264232008593,0.0134264232008593
"6103","250036","Action_34","Morph_66","FLANLE","Play","Objectshake","ObjectShake.2","Bossou",0.287432041196572,0.00322234156820623,0.014500537056928
"6104","250036","Action_34","Morph_65","FLANLE","Play","Objectshake","ObjectShake.1","Bossou",0.354171813720614,0.00966702470461869,0.014500537056928
"6105","250061","Action_34","Morph_65","FLANLE","Playcontinue","Objectshake","ObjectShake.1","Bossou",0.306749135169007,0.00966702470461869,0.014500537056928
"6106","250061","Action_43","Morph_96","FLANLE","Playcontinue","Raise","Raise.1","Bossou",-0.388607991041741,0.0268528464017186,0.0349087003222342
"6107","250018","Action_4","Morph_13","JIRE","Affiliation","Bitekiss","Bite.5","Bossou",0.267734434642085,0.0075187969924812,0.0306122448979592
"6108","250052","Action_33","Morph_63","FLANLE","Play","Objectmove","ObjectMove.3","Bossou",-0.194799078305067,0.00214822771213749,0.0349087003222342
"6109","250052","Action_33","Morph_62","FLANLE","Play","Objectmove","ObjectMove.2","Bossou",0.059211859631846,0.0123523093447905,0.0349087003222342
"6110","250052","Action_33","Morph_62","FLANLE","Play","Objectmove","ObjectMove.2","Bossou",0.193920692637306,0.0123523093447905,0.0349087003222342
"6111","250052","Action_29","Morph_58","FLANLE","Play","Locomotegallop","LocomoteGallop.1","Bossou",-0.544727175441672,0.0134264232008593,0.0134264232008593
"6112","250124","Action_45","Morph_101","FANA","Affiliation","Reach","Reach.2","Bossou",0.711968934800533,0.027389903329753,0.0719656283566058
"6113","250144b","Action_13","Morph_27","FANA","Play","Fling","Fling.1","Bossou",-0.0932123817221787,0.056390977443609,0.0773361976369495
"6114","250024b","Action_31","Morph_59","JEJE","Stopbehaviour","Lunge","Lunge.1","Bossou",0.0980337402713654,0.00214822771213749,0.00214822771213749
"6115","250024b","Action_17","Morph_39","JEJE","Stopbehaviour","Hitobject","HitObject.1","Bossou",-0.24079848655293,0.0327604726100967,0.0408163265306122
"6116","250126","Action_13","Morph_28","FANLE","Moveaway","Fling","Fling.2","Bossou",-0.941608539858445,0.0209452201933405,0.0773361976369495
"6117","250034","Action_17","Morph_39","FLANLE","Play","Hitobject","HitObject.1","Bossou",0.0372957847436969,0.0327604726100967,0.0408163265306122
"6118","250034","Action_5","Morph_17","FLANLE","Play","Bounce","Bounce.1","Bossou",0.113328685307003,0.0204081632653061,0.0204081632653061
"6119","250034","Action_28","Morph_56","FLANLE","Play","Locomotebipedal","LocomoteBipedal.1","Bossou",-0.154317360384357,0.0112781954887218,0.0155746509129968
"6120","250034","Action_5","Morph_17","FLANLE","Play","Bounce","Bounce.1","Bossou",-0.342490308946776,0.0204081632653061,0.0204081632653061
"6121","250034","Action_57","Morph_115","FLANLE","Play","Stompobject","StompObject.1","Bossou",0.0815799869924228,0.0150375939849624,0.0236305048335124
"6122","250041a","Action_62","Morph_131","FLANLE","Play","Throwthreat","ThrowThreat.1","Bossou",0.208638865111328,0.0193340494092374,0.0193340494092374
"6123","250041a","Action_62","Morph_131","FLANLE","Play","Throwthreat","ThrowThreat.1","Bossou",0.14583044821154,0.0193340494092374,0.0193340494092374
"6124","250041a","Action_62","Morph_131","FLANLE","Play","Throwthreat","ThrowThreat.1","Bossou",0.268499253035007,0.0193340494092374,0.0193340494092374
"6125","250041a","Action_62","Morph_131","FLANLE","Play","Throwthreat","ThrowThreat.1","Bossou",-0.285018955032297,0.0193340494092374,0.0193340494092374
"6126","250035","Action_13","Morph_27","JEJE","Moveaway","Fling","Fling.1","Bossou",-0.603306476560156,0.056390977443609,0.0773361976369495
"6127","250079","Action_4","Morph_13","FANA","Affiliation","Bitekiss","Bite.5","Bossou",-0.306525160253261,0.0075187969924812,0.0306122448979592
"6128","250127","Action_42","Morph_88","YO","Moveclose","Push","Push.1","Bossou",0.0741793981742515,0.0128893662728249,0.0596133190118153
"6129","250069","Action_38","Morph_76","FANLE","Climbonme","Present","Present.2","Bossou",-0.520875959619492,0.00590762620837809,0.0596133190118153
"6130","250020","Action_2","Morph_4","FANLE","Staysame","Bigloudscratch","BigLoudScratch.2","Bossou",1.19966353273784,0.0150375939849624,0.0241675617615467
"6131","250020","Action_44","Morph_99","FANLE","Staysame","Rakeself","RakeSelf.1","Bossou",-0.410980288796275,0.00537056928034372,0.00537056928034372
"6132","250020","Action_44","Morph_99","FANLE","Staysame","Rakeself","RakeSelf.1","Bossou",-0.53785429615391,0.00537056928034372,0.00537056928034372
"6133","250020","Action_44","Morph_99","FANLE","Staysame","Rakeself","RakeSelf.1","Bossou",-0.731888008876376,0.00537056928034372,0.00537056928034372
"6134","250020","Action_5","Morph_17","FANLE","Staysame","Bounce","Bounce.1","Bossou",1.06712162157674,0.0204081632653061,0.0204081632653061
"6135","250020","Action_46","Morph_103","FANLE","Staysame","Rockingbipedal","Rocking.1","Bossou",0.989541193613748,0.00322234156820623,0.00214822771213749
"6136","250020","Action_46","Morph_103","FANLE","Staysame","Rockingbipedal","Rocking.1","Bossou",0.89771934628872,0.00322234156820623,0.00214822771213749
"6137","250024a","Action_33","Morph_62","FLANLE","Play","Objectmove","ObjectMove.2","Bossou",0.308219723669329,0.0123523093447905,0.0349087003222342
"6138","250024a","Action_24","Morph_51","FLANLE","Play","Jump","Jump.1","Bossou",-0.596020469829223,0.0128893662728249,0.0128893662728249
"6139","250024a","Action_29","Morph_58","FLANLE","Play","Locomotegallop","LocomoteGallop.1","Bossou",-0.667479433811368,0.0134264232008593,0.0134264232008593
"6140","250024a","Action_29","Morph_58","FLANLE","Play","Locomotegallop","LocomoteGallop.1","Bossou",-0.841647188878389,0.0134264232008593,0.0134264232008593
"6141","250024a","Action_5","Morph_17","FLANLE","Play","Bounce","Bounce.1","Bossou",-0.224394333215862,0.0204081632653061,0.0204081632653061
"6142","250024a","Action_33","Morph_62","FLANLE","Play","Objectmove","ObjectMove.2","Bossou",-0.811930716549912,0.0123523093447905,0.0349087003222342
"6143","250076a","Action_15","Morph_36","FOAF","Playcontinue","Grabhold","GrabHold.2","Bossou",1.07704811075227,0.00161117078410311,0.0037593984962406
"6144","250149b","Action_57","Morph_115","FANLE","Stopbehaviour","Stompobject","StompObject.1","Bossou",-1.82015894374975,0.0150375939849624,0.0236305048335124
"6145","250149b","Action_20","Morph_45","FANLE","Stopbehaviour","Hitother","HitOther.1","Bossou",-1.13943428318836,0.0263157894736842,0.0402792696025779
"6146","250145a","Action_62","Morph_131","FLANLE","Play","Throwthreat","ThrowThreat.1","Bossou",-0.460449416440924,0.0193340494092374,0.0193340494092374
"6147","250145a","Action_62","Morph_131","FLANLE","Play","Throwthreat","ThrowThreat.1","Bossou",-0.29169009384932,0.0193340494092374,0.0193340494092374
"6148","250145a","Action_61","Morph_130","FLANLE","Play","Throwobject","ThrowObject.1","Bossou",-0.282362910974181,0.0161117078410312,0.0161117078410312
"6149","250145a","Action_14","Morph_31","FLANLE","Play","Grab","Grab.3","Bossou",-0.850971265753513,0.00805585392051558,0.023093447905478
"6150","250004","Action_30","Morph_NA","JEJE","Moveaway","Locomotestiff",NA,"Bossou",0.584447763636604,0.0365198711063373,0.0037593984962406
"6151","250004","Action_28","Morph_56","JEJE","Moveaway","Locomotebipedal","LocomoteBipedal.1","Bossou",0.427878702945064,0.0112781954887218,0.0155746509129968
"6152","250004","Action_50","Morph_109","JEJE","Moveaway","Shake","Shake.3","Bossou",-0.381260419411347,0.0177228786251343,0.0343716433941998
"6153","250040","Action_62","Morph_131","FLANLE","Play","Throwthreat","ThrowThreat.1","Bossou",0.655445313375934,0.0193340494092374,0.0193340494092374
"6154","250040","Action_62","Morph_131","FLANLE","Play","Throwthreat","ThrowThreat.1","Bossou",0.142367241286922,0.0193340494092374,0.0193340494092374
"6155","250040","Action_62","Morph_131","FLANLE","Play","Throwthreat","ThrowThreat.1","Bossou",-0.3051673867928,0.0193340494092374,0.0193340494092374
"6156","250040","Action_62","Morph_131","FLANLE","Play","Throwthreat","ThrowThreat.1","Bossou",-0.596020469829223,0.0193340494092374,0.0193340494092374
"6157","250040","Action_43","Morph_96","FLANLE","Play","Raise","Raise.1","Bossou",0.258510695151501,0.0268528464017186,0.0349087003222342
"6158","250031a","Action_5","Morph_17","FLANLE","Play","Bounce","Bounce.1","Bossou",-0.124430078378177,0.0204081632653061,0.0204081632653061
"6159","250031a","Action_5","Morph_17","FLANLE","Play","Bounce","Bounce.1","Bossou",0.0620353909194527,0.0204081632653061,0.0204081632653061
"6160","250081a","Action_35","Morph_70","FLANLE","Play","Out","Out.1","Bossou",-0.827822083886547,0.0102040816326531,0.0150375939849624
"6161","250122","Action_4","Morph_9","VELU","Affiliation","Bitekiss","Bite.1","Bossou",0.17730901497041,0.00107411385606874,0.0306122448979592
"6162","250123b","Action_4","Morph_11","VELU","Affiliation","Bitekiss","Bite.3","Bossou",-0.0449973659307358,0.00214822771213749,0.0306122448979592
"6163","250076b","Action_3","Morph_12","FANWA","Playcontinue","Bite","Bite.4","Bossou",0.211070970079941,0.00214822771213749,0.00644468313641246
"6164","250059","Action_45","Morph_101","FANLE","Climbonme","Reach","Reach.2","Bossou",-0.594207232705042,0.027389903329753,0.0719656283566058
"6165","250033","Action_28","Morph_56","JEJE","Affiliation","Locomotebipedal","LocomoteBipedal.1","Bossou",0.308954207727321,0.0112781954887218,0.0155746509129968
"6166","250058","Action_51","Morph_111","FLANLE","Stopbehaviour","Spinpirouette","SpinPirouette.1","Bossou",0.234281295724666,0.00322234156820623,0.00322234156820623
"6167","250058","Action_42","Morph_NA","FLANLE","Stopbehaviour","Push",NA,"Bossou",-0.827822083886547,0.0365198711063373,0.0596133190118153
"6168","250031b","Action_2","Morph_4","FOAF","Play","Bigloudscratch","BigLoudScratch.2","Bossou",0.427878702945064,0.0150375939849624,0.0241675617615467
"6169","250006","Action_13","Morph_27","FOAF","Moveaway","Fling","Fling.1","Bossou",-0.335472736288129,0.056390977443609,0.0773361976369495
"6170","250006","Action_13","Morph_27","FOAF","Moveaway","Fling","Fling.1","Bossou",-0.336872316642553,0.056390977443609,0.0773361976369495
"6171","250081b","Action_45","Morph_101","FANWA","Play","Reach","Reach.2","Bossou",-0.655851395816248,0.027389903329753,0.0719656283566058
"6172","250123a","Action_63","Morph_140","FANA","Affiliation","Touch","Touch.9","Bossou",-0.49593701127224,0.00698174006444683,0.0429645542427497
"6173","250123a","Action_11","Morph_NA","FANA","Affiliation","Embrace",NA,"Bossou",-0.218156009803171,0.0365198711063373,0.00859291084854995
"6174","250123a","Action_4","Morph_14","FANA","Affiliation","Bitekiss","Bite.6","Bossou",0.0207825391825284,0.00214822771213749,0.0306122448979592
"6175","250032","Action_48","Morph_104","FOAF","Playcontinue","Rollover","RollOver.1","Bossou",0.451712359273484,0.00429645542427497,0.00429645542427497
"6176","250128a","Action_62","Morph_131","FLANLE","Affiliation","Throwthreat","ThrowThreat.1","Bossou",0.0741793981742515,0.0193340494092374,0.0193340494092374
"6177","250128a","Action_49","Morph_106","FLANLE","Affiliation","Rub","Rub.3","Bossou",0.0305292050348228,0.00161117078410311,0.00268528464017186
"6178","250138","Action_54","Morph_114","FLANLE","Play","Stancebipedal","StanceBipedal.1","Bossou",0.102556588325092,0.0171858216970999,0.0171858216970999
"6179","250138","Action_62","Morph_131","FLANLE","Play","Throwthreat","ThrowThreat.1","Bossou",-0.543004522130226,0.0193340494092374,0.0193340494092374
"6180","250138","Action_62","Morph_131","FLANLE","Play","Throwthreat","ThrowThreat.1","Bossou",-0.931404369684203,0.0193340494092374,0.0193340494092374
"6181","250138","Action_62","Morph_131","FLANLE","Play","Throwthreat","ThrowThreat.1","Bossou",-0.282362910974181,0.0193340494092374,0.0193340494092374
"6182","250138","Action_18","Morph_39","FLANLE","Play","Hitobjectobject","HitObject.1","Bossou",-0.199671195129068,0.0327604726100967,0.00268528464017186
"6183","250109","Action_13","Morph_28","JEJE","Moveaway","Fling","Fling.2","Bossou",-0.524248644098131,0.0209452201933405,0.0773361976369495
"6184","250109","Action_17","Morph_39","JEJE","Moveaway","Hitobject","HitObject.1","Bossou",-0.396009949337409,0.0327604726100967,0.0408163265306122
"6185","250062a","Action_11","Morph_24","YO","Affiliation","Embrace","Embrace.3","Bossou",0.521765563804325,0.00214822771213749,0.00859291084854995
"6186","25007b","Action_13","Morph_27","FOAF","Moveaway","Fling","Fling.1","Bossou",-0.161343150408763,0.056390977443609,0.0773361976369495
"6187","25007b","Action_13","Morph_27","FOAF","Moveaway","Fling","Fling.1","Bossou",-0.911303190363116,0.056390977443609,0.0773361976369495
"6188","25007b","Action_13","Morph_27","FOAF","Moveaway","Fling","Fling.1","Bossou",-0.3147107448397,0.056390977443609,0.0773361976369495
"6189","250128b","Action_45","Morph_101","VELU","Affiliation","Reach","Reach.2","Bossou",-0.0470916075338506,0.027389903329753,0.0719656283566058
"6190","250027","Action_5","Morph_17","FLANLE","Play","Bounce","Bounce.1","Bossou",0.273836665629728,0.0204081632653061,0.0204081632653061
"6191","250113","Action_63","Morph_138","FANLE","Affiliation","Touch","Touch.7","Bossou",-0.586986984731555,0.0107411385606874,0.0429645542427497
"6192","250026","Action_5","Morph_17","FLANLE","Play","Bounce","Bounce.1","Bossou",0.410120919644358,0.0204081632653061,0.0204081632653061
"6193","250026","Action_29","Morph_58","FLANLE","Play","Locomotegallop","LocomoteGallop.1","Bossou",0.81447946572747,0.0134264232008593,0.0134264232008593
"6194","250118","Action_1","Morph_2","FLANLE","Play","Beckon","Beckon.2","Bossou",-0.342490308946776,0.00268528464017186,0.0123523093447905
"6195","250118","Action_50","Morph_109","FLANLE","Play","Shake","Shake.3","Bossou",-0.916290731874155,0.0177228786251343,0.0343716433941998
"6196","250118","Action_1","Morph_2","FLANLE","Play","Beckon","Beckon.2","Bossou",-0.679244275390954,0.00268528464017186,0.0123523093447905
"6197","250062b","Action_11","Morph_22","FANWA","Affiliation","Embrace","Embrace.1","Bossou",0.524136637825663,0.00161117078410311,0.00859291084854995
"6198","250066","Action_45","Morph_102","FLANLE","Play","Reach","Reach.3","Bossou",-0.44628710262842,0.00107411385606874,0.0719656283566058
"6199","250063b","Action_13","Morph_27","YO","Play","Fling","Fling.1","Bossou",-0.750776293396582,0.056390977443609,0.0773361976369495
"6200","250063b","Action_14","Morph_31","YO","Play","Grab","Grab.3","Bossou",-0.703197516413447,0.00805585392051558,0.023093447905478
"6201","250136","Action_62","Morph_131","FLANLE","Play","Throwthreat","ThrowThreat.1","Bossou",0.415415438961332,0.0193340494092374,0.0193340494092374
"6202","250046b","Action_17","Morph_39","JEJE","Moveaway","Hitobject","HitObject.1","Bossou",-0.569161200778954,0.0327604726100967,0.0408163265306122
"6203","250046b","Action_57","Morph_115","JEJE","Moveaway","Stompobject","StompObject.1","Bossou",-0.423120043346885,0.0150375939849624,0.0236305048335124
"6204","250046b","Action_57","Morph_119","JEJE","Moveaway","Stompobject","StompObject.5","Bossou",0.389335726178281,0.00322234156820623,0.0236305048335124
"6205","250143b","Action_13","Morph_27","FANA","Moveaway","Fling","Fling.1","Bossou",-0.740238788093796,0.056390977443609,0.0773361976369495
"6206","250140a","Action_28","Morph_56","FANWA","Affiliation","Locomotebipedal","LocomoteBipedal.1","Bossou",-0.297059234264378,0.0112781954887218,0.0155746509129968
"6207","250140a","Action_39","Morph_83","FANWA","Affiliation","Presentgenitalsbackwards","PresentGenitals.2","Bossou",-0.378336440719912,0.00214822771213749,0.0290010741138561
"6208","250009a","Action_50","Morph_109","FANLE","Affiliation","Shake","Shake.3","Bossou",-0.400477566597125,0.0177228786251343,0.0343716433941998
"6209","250009a","Action_5","Morph_17","FANLE","Affiliation","Bounce","Bounce.1","Bossou",-0.44628710262842,0.0204081632653061,0.0204081632653061
"6210","250125a","Action_62","Morph_131","FLANLE","Affiliation","Throwthreat","ThrowThreat.1","Bossou",-0.59783700075562,0.0193340494092374,0.0193340494092374
"6211","250063a","Action_61","Morph_130","FLANLE","Play","Throwobject","ThrowObject.1","Bossou",-0.44628710262842,0.0161117078410312,0.0161117078410312
"6212","250046a","Action_44","Morph_99","FLANLE","Support","Rakeself","RakeSelf.1","Bossou",-0.522560879984412,0.00537056928034372,0.00537056928034372
"6213","250046a","Action_29","Morph_58","FLANLE","Support","Locomotegallop","LocomoteGallop.1","Bossou",0.202124184090134,0.0134264232008593,0.0134264232008593
"6214","250046a","Action_44","Morph_99","FLANLE","Support","Rakeself","RakeSelf.1","Bossou",-0.839329690738027,0.00537056928034372,0.00537056928034372
"6215","250083","Action_2","Morph_4","JEJE","Groom","Bigloudscratch","BigLoudScratch.2","Bossou",-0.396009949337409,0.0150375939849624,0.0241675617615467
"6216","250143a","Action_33","Morph_62","FLANLE","Play","Objectmove","ObjectMove.2","Bossou",-0.059750004405774,0.0123523093447905,0.0349087003222342
"6217","250143a","Action_8","Morph_19","FLANLE","Play","Dangle","Dangle.1","Bossou",0.41607528722018,0.0257787325456498,0.0257787325456498
"6218","250115","Action_45","Morph_100","FANA","Moveclose","Reach","Reach.1","Bossou",-0.295714244149045,0.0435016111707841,0.0719656283566058
"6219","250114","Action_5","Morph_17","FANA","Play","Bounce","Bounce.1","Bossou",-0.160168752152821,0.0204081632653061,0.0204081632653061
"6220","250092a","Action_42","Morph_90","FANLE","Moveaway","Push","Push.3","Bossou",-0.894040122939335,0.0134264232008593,0.0596133190118153
"6221","250140b","Action_63","Morph_135","YO","Affiliation","Touch","Touch.4","Bossou",-0.744440474947496,0.00483351235230934,0.0429645542427497
"6222","250009b","Action_64","Morph_137","JEJE","Affiliation","Touchlongother","Touch.6","Bossou",1.21846725047639,0.00322234156820623,0.0112781954887218
"6223","250125b","Action_45","Morph_101","YO","Affiliation","Reach","Reach.2","Bossou",-0.614336000135655,0.027389903329753,0.0719656283566058
"6224","250125b","Action_63","Morph_135","YO","Affiliation","Touch","Touch.4","Bossou",-0.328504066972036,0.00483351235230934,0.0429645542427497
"6225","250152","Action_63","Morph_132","FANLE","Stopbehaviour","Touch","Touch.1","Bossou",-0.0181639706276712,0.00859291084854995,0.0429645542427497
"6226","250224a","Action_39","Morph_82","VUAVUA","Sexualattention","Presentgenitalsbackwards","PresentGenitals.1","Bossou",1.15120473878728,0.0354457572502685,0.0290010741138561
"6227","250153a","Action_30","Morph_NA","YOLO","Sexualattention","Locomotestiff",NA,"Bossou",0.516410002059891,0.0365198711063373,0.0037593984962406
"6228","250227","Action_2","Morph_4","PELEY","Givemenurse","Bigloudscratch","BigLoudScratch.2","Bossou",-0.23572233352107,0.0150375939849624,0.0241675617615467
"6229","250227","Action_2","Morph_4","PELEY","Givemenurse","Bigloudscratch","BigLoudScratch.2","Bossou",0.0525924501191706,0.0150375939849624,0.0241675617615467
"6230","250227","Action_2","Morph_4","PELEY","Givemenurse","Bigloudscratch","BigLoudScratch.2","Bossou",0.184818436992542,0.0150375939849624,0.0241675617615467
"6231","250227","Action_2","Morph_4","PELEY","Givemenurse","Bigloudscratch","BigLoudScratch.2","Bossou",-0.0449973659307358,0.0150375939849624,0.0241675617615467
"6232","250211a","Action_13","Morph_28","TUA","Moveaway","Fling","Fling.2","Bossou",-0.556869562267398,0.0209452201933405,0.0773361976369495
"6233","250211a","Action_13","Morph_28","TUA","Moveaway","Fling","Fling.2","Bossou",-1.41881755282545,0.0209452201933405,0.0773361976369495
"6234","250182","Action_2","Morph_4","TUA","Groom","Bigloudscratch","BigLoudScratch.2","Bossou",0.456158222423683,0.0150375939849624,0.0241675617615467
"6235","250182","Action_2","Morph_4","TUA","Groom","Bigloudscratch","BigLoudScratch.2","Bossou",0.915490411703386,0.0150375939849624,0.0241675617615467
"6236","250182","Action_38","Morph_75","TUA","Groom","Present","Present.1","Bossou",0.115112807100505,0.0150375939849624,0.0596133190118153
"6237","250180","Action_4","Morph_13","JEJE","Groom","Bitekiss","Bite.5","Bossou",-0.197232169529709,0.0075187969924812,0.0306122448979592
"6238","250224b","Action_41","Morph_NA","YOLO","Sexualattention","Pull",NA,"Bossou",-0.283690051182243,0.0365198711063373,0.0177228786251343
"6239","250176","Action_45","Morph_101","FANLE","Giveme","Reach","Reach.2","Bossou",-0.121038328377056,0.027389903329753,0.0719656283566058
"6240","250177","Action_29","Morph_58","YOLO","Play","Locomotegallop","LocomoteGallop.1","Bossou",0.699129252237493,0.0134264232008593,0.0134264232008593
"6241","250177","Action_48","Morph_104","YOLO","Play","Rollover","RollOver.1","Bossou",0.706556867469863,0.00429645542427497,0.00429645542427497
"6242","250153b","Action_7","Morph_NA","FANA","Sexualattention","Crouch",NA,"Bossou",0.343589704390077,0.0365198711063373,0.00161117078410311
"6243","250211b","Action_13","Morph_28","JEJE","Moveaway","Fling","Fling.2","Bossou",-0.975510091534126,0.0209452201933405,0.0773361976369495
"6244","250211b","Action_35","Morph_70","JEJE","Moveaway","Out","Out.1","Bossou",-0.713349887877465,0.0102040816326531,0.0150375939849624
"6245","250181","Action_2","Morph_7","JIRE","Groom","Bigloudscratch","BigLoudScratch.5","Bossou",0.519983561550756,0.00161117078410311,0.0241675617615467
"6246","250168","Action_63","Morph_140","YO","Moveaway","Touch","Touch.9","Bossou",-1.4784096500277,0.00698174006444683,0.0429645542427497
"6247","250173","Action_12","Morph_26","FANLE","Affiliation","Fingermouth","FingerMouth.1","Bossou",-0.32989392126109,0.00429645542427497,0.00429645542427497
"6248","250184a","Action_2","Morph_4","TUA","Groom","Bigloudscratch","BigLoudScratch.2","Bossou",0.19638881400539,0.0150375939849624,0.0241675617615467
"6249","250184a","Action_2","Morph_4","TUA","Groom","Bigloudscratch","BigLoudScratch.2","Bossou",0.301584977620772,0.0150375939849624,0.0241675617615467
"6250","250184a","Action_2","Morph_3","TUA","Groom","Bigloudscratch","BigLoudScratch.1","Bossou",0.0468835858988505,0.00322234156820623,0.0241675617615467
"6251","250184a","Action_2","Morph_3","TUA","Groom","Bigloudscratch","BigLoudScratch.1","Bossou",0.372252973902051,0.00322234156820623,0.0241675617615467
"6252","250184a","Action_2","Morph_7","TUA","Groom","Bigloudscratch","BigLoudScratch.5","Bossou",0.417393678973438,0.00161117078410311,0.0241675617615467
"6253","250184a","Action_2","Morph_3","TUA","Groom","Bigloudscratch","BigLoudScratch.1","Bossou",1.0591782194227,0.00322234156820623,0.0241675617615467
"6254","250184a","Action_2","Morph_4","TUA","Groom","Bigloudscratch","BigLoudScratch.2","Bossou",0.356274863917393,0.0150375939849624,0.0241675617615467
"6255","250184a","Action_2","Morph_4","TUA","Groom","Bigloudscratch","BigLoudScratch.2","Bossou",0.459953293392234,0.0150375939849624,0.0241675617615467
"6256","250184a","Action_2","Morph_4","TUA","Groom","Bigloudscratch","BigLoudScratch.2","Bossou",0.394741144745189,0.0150375939849624,0.0241675617615467
"6257","250184a","Action_2","Morph_4","TUA","Groom","Bigloudscratch","BigLoudScratch.2","Bossou",0.497740384217335,0.0150375939849624,0.0241675617615467
"6258","250184a","Action_2","Morph_4","TUA","Groom","Bigloudscratch","BigLoudScratch.2","Bossou",0.614103973219493,0.0150375939849624,0.0241675617615467
"6259","250184a","Action_2","Morph_6","TUA","Groom","Bigloudscratch","BigLoudScratch.4","Bossou",0.714908672341458,0.00322234156820623,0.0241675617615467
"6260","250184a","Action_2","Morph_7","TUA","Groom","Bigloudscratch","BigLoudScratch.5","Bossou",0.728996833453643,0.00161117078410311,0.0241675617615467
"6261","250225a","Action_39","Morph_82","PELEY","Sexualattention","Presentgenitalsbackwards","PresentGenitals.1","Bossou",0.163818085229395,0.0354457572502685,0.0290010741138561
"6262","250238","Action_5","Morph_17","FOKAIYE","Play","Bounce","Bounce.1","Bossou",-0.0377018671840115,0.0204081632653061,0.0204081632653061
"6263","250238","Action_28","Morph_56","FOKAIYE","Play","Locomotebipedal","LocomoteBipedal.1","Bossou",-0.342490308946776,0.0112781954887218,0.0155746509129968
"6264","250238","Action_57","Morph_115","FOKAIYE","Play","Stompobject","StompObject.1","Bossou",-1.14885350510486,0.0150375939849624,0.0236305048335124
"6265","250184b","Action_2","Morph_4","YOLO","Groom","Bigloudscratch","BigLoudScratch.2","Bossou",0.325700139639302,0.0150375939849624,0.0241675617615467
"6266","250184b","Action_2","Morph_5","YOLO","Groom","Bigloudscratch","BigLoudScratch.3","Bossou",-0.84863208340034,0.00107411385606874,0.0241675617615467
"6267","250225a","Action_43","Morph_96","PELEY","Sexualattention","Raise","Raise.1","Bossou",-0.335472736288129,0.0268528464017186,0.0349087003222342
"6268","250225a","Action_43","Morph_96","PELEY","Sexualattention","Raise","Raise.1","Bossou",0.819779831493311,0.0268528464017186,0.0349087003222342
"6269","250156","Action_39","Morph_82","FANA","Groom","Presentgenitalsbackwards","PresentGenitals.1","Bossou",-0.541284831250699,0.0354457572502685,0.0290010741138561
"6270","250183a","Action_45","Morph_101","TUA","Groom","Reach","Reach.2","Bossou",-0.616186139423817,0.027389903329753,0.0719656283566058
"6271","250198","Action_17","Morph_39","JEJE","Play","Hitobject","HitObject.1","Bossou",-0.325730140089311,0.0327604726100967,0.0408163265306122
"6272","250198","Action_8","Morph_19","JEJE","Play","Dangle","Dangle.1","Bossou",0.371563556432483,0.0257787325456498,0.0257787325456498
"6273","250155b","Action_54","Morph_114","FANLE","Affiliation","Stancebipedal","StanceBipedal.1","Bossou",0.0372957847436969,0.0171858216970999,0.0171858216970999
"6274","250155b","Action_11","Morph_NA","FANLE","Affiliation","Embrace",NA,"Bossou",-0.219400565035375,0.0365198711063373,0.00859291084854995
"6275","250240","Action_28","Morph_56","PELEY","Sexualattention","Locomotebipedal","LocomoteBipedal.1","Bossou",0.0971267107307228,0.0112781954887218,0.0155746509129968
"6276","250240","Action_43","Morph_96","PELEY","Sexualattention","Raise","Raise.1","Bossou",-0.334075112021491,0.0268528464017186,0.0349087003222342
"6277","250199","Action_28","Morph_56","YOLO","Affiliation","Locomotebipedal","LocomoteBipedal.1","Bossou",0.242946178610389,0.0112781954887218,0.0155746509129968
"6278","250199","Action_60","Morph_127","YOLO","Affiliation","Swing","Swing.1","Bossou",-0.0181639706276712,0.0306122448979592,0.0370569280343716
"6279","250231b","Action_23","Morph_48","FANLE","Takeobject","Hittingother","HitOther.4","Bossou",0.114221144090023,0.00429645542427497,0.00483351235230934
"6280","250231b","Action_45","Morph_101","FANLE","Takeobject","Reach","Reach.2","Bossou",-1.46967597005894,0.027389903329753,0.0719656283566058
"6281","250231b","Action_20","Morph_45","FANLE","Takeobject","Hitother","HitOther.1","Bossou",-0.721546655081643,0.0263157894736842,0.0402792696025779
"6282","250231b","Action_42","Morph_90","FANLE","Takeobject","Push","Push.3","Bossou",-0.322963886596421,0.0134264232008593,0.0596133190118153
"6283","250231b","Action_28","Morph_56","FANLE","Takeobject","Locomotebipedal","LocomoteBipedal.1","Bossou",0.049742091894814,0.0112781954887218,0.0155746509129968
"6284","250210","Action_28","Morph_56","FOAF","Affiliation","Locomotebipedal","LocomoteBipedal.1","Bossou",0.109750863959119,0.0112781954887218,0.0155746509129968
"6285","250210","Action_29","Morph_58","FOAF","Affiliation","Locomotegallop","LocomoteGallop.1","Bossou",-0.543004522130226,0.0134264232008593,0.0134264232008593
"6286","250210","Action_35","Morph_NA","FOAF","Affiliation","Out",NA,"Bossou",-0.415515443961666,0.0365198711063373,0.0150375939849624
"6287","250183b","Action_39","Morph_82","YO","Groom","Presentgenitalsbackwards","PresentGenitals.1","Bossou",0.642905964123199,0.0354457572502685,0.0290010741138561
"6288","250209","Action_41","Morph_86","VUAVUA","Climbonme","Pull","Pull.3","Bossou",0.25696509978972,0.00698174006444683,0.0177228786251343
"6289","250209","Action_41","Morph_86","VUAVUA","Climbonme","Pull","Pull.3","Bossou",-2.5133061243097,0.00698174006444683,0.0177228786251343
"6290","250209","Action_41","Morph_85","VUAVUA","Climbonme","Pull","Pull.2","Bossou",-0.785262469467751,0.00322234156820623,0.0177228786251343
"6291","250155a","Action_36","Morph_72","FANA","Affiliation","Overstance","OverStance.1","Bossou",-0.289016295464918,0.00698174006444683,0.0134264232008593
"6292","250187a","Action_29","Morph_58","JEJE","Affiliation","Locomotegallop","LocomoteGallop.1","Bossou",0.0148886124937506,0.0134264232008593,0.0134264232008593
"6293","250217","Action_13","Morph_28","TUA","Moveaway","Fling","Fling.2","Bossou",-0.729811164931537,0.0209452201933405,0.0773361976369495
"6294","250216a","Action_13","Morph_28","JIRE","Stopbehaviour","Fling","Fling.2","Bossou",-0.298406035814757,0.0209452201933405,0.0773361976369495
"6295","250201a","Action_8","Morph_19","JEJE","Play","Dangle","Dangle.1","Bossou",-0.287682072451781,0.0257787325456498,0.0257787325456498
"6296","250201a","Action_57","Morph_119","JEJE","Play","Stompobject","StompObject.5","Bossou",-0.570929547835696,0.00322234156820623,0.0236305048335124
"6297","250201a","Action_9","Morph_20","JEJE","Play","Dangleshake","DangleShake.1","Bossou",-0.213193220461042,0.00268528464017186,0.00268528464017186
"6298","250201a","Action_28","Morph_56","JEJE","Play","Locomotebipedal","LocomoteBipedal.1","Bossou",-0.0470916075338506,0.0112781954887218,0.0155746509129968
"6299","250201a","Action_60","Morph_127","JEJE","Play","Swing","Swing.1","Bossou",0.109750863959119,0.0306122448979592,0.0370569280343716
"6300","250230a","Action_20","Morph_45","JIRE","Stopbehaviour","Hitother","HitOther.1","Bossou",-0.342490308946776,0.0263157894736842,0.0402792696025779
"6301","250201b","Action_13","Morph_28","FANLE","Play","Fling","Fling.2","Bossou",-1.22077992264232,0.0209452201933405,0.0773361976369495
"6302","250201b","Action_54","Morph_114","FANLE","Play","Stancebipedal","StanceBipedal.1","Bossou",-1.2623083813389,0.0171858216970999,0.0171858216970999
"6303","250208","Action_34","Morph_68","YOLO","Moveaway","Objectshake","ObjectShake.4","Bossou",0.552159487258968,0.000537056928034372,0.014500537056928
"6304","250189","Action_30","Morph_NA","TUA","Moveaway","Locomotestiff",NA,"Bossou",0.278389025540188,0.0365198711063373,0.0037593984962406
"6305","250154b","Action_42","Morph_88","YOLO","Moveaway","Push","Push.1","Bossou",-0.0449973659307358,0.0128893662728249,0.0596133190118153
"6306","250188","Action_39","Morph_82","FANA","Affiliation","Presentgenitalsbackwards","PresentGenitals.1","Bossou",0.623261053095779,0.0354457572502685,0.0290010741138561
"6307","250219","Action_12","Morph_26","FANA","Affiliation","Fingermouth","FingerMouth.1","Bossou",-0.0253178079842899,0.00429645542427497,0.00429645542427497
"6308","250215","Action_13","Morph_27","JIRE","Moveaway","Fling","Fling.1","Bossou",-0.29169009384932,0.056390977443609,0.0773361976369495
"6309","250229a","Action_14","Morph_31","JEJE","Play","Grab","Grab.3","Bossou",-1.05555279920766,0.00805585392051558,0.023093447905478
"6310","250229a","Action_45","Morph_101","JEJE","Play","Reach","Reach.2","Bossou",-0.936493439191674,0.027389903329753,0.0719656283566058
"6311","250202b","Action_35","Morph_70","JEJE","Stopbehaviour","Out","Out.1","Bossou",-0.729811164931537,0.0102040816326531,0.0150375939849624
"6312","250191","Action_64","Morph_133","FANLE","Support","Touchlongother","Touch.2","Bossou",1.03709143201986,0.00805585392051558,0.0112781954887218
"6313","250229b","Action_35","Morph_70","FANLE","Play","Out","Out.1","Bossou",-1.22077992264232,0.0102040816326531,0.0150375939849624
"6314","250229b","Action_50","Morph_108","FANLE","Play","Shake","Shake.2","Bossou",-0.476424197048658,0.00214822771213749,0.0343716433941998
"6315","250229b","Action_60","Morph_127","FANLE","Play","Swing","Swing.1","Bossou",-1.50058350752202,0.0306122448979592,0.0370569280343716
"6316","250229b","Action_28","Morph_56","FANLE","Play","Locomotebipedal","LocomoteBipedal.1","Bossou",-0.116533816255952,0.0112781954887218,0.0155746509129968
"6317","250202a","Action_21","Morph_43","FANLE","Playcontinue","Hittingobject","HitObject.5","Bossou",0.249201085633499,0.00537056928034372,0.0118152524167562
"6318","250202a","Action_17","Morph_39","FANLE","Playcontinue","Hitobject","HitObject.1","Bossou",-0.151986356997882,0.0327604726100967,0.0408163265306122
"6319","250202a","Action_17","Morph_41","FANLE","Playcontinue","Hitobject","HitObject.3","Bossou",-0.685179010910768,0.00537056928034372,0.0408163265306122
"6320","250202a","Action_17","Morph_41","FANLE","Playcontinue","Hitobject","HitObject.3","Bossou",-0.740238788093796,0.00537056928034372,0.0408163265306122
"6321","250207","Action_54","Morph_114","YOLO","Moveaway","Stancebipedal","StanceBipedal.1","Bossou",-0.798507696217772,0.0171858216970999,0.0171858216970999
"6322","250193","Action_42","Morph_93","FANLE","Play","Push","Push.6","Bossou",-0.49429632181478,0.00805585392051558,0.0596133190118153
"6323","250193","Action_20","Morph_45","FANLE","Play","Hitother","HitOther.1","Bossou",-0.310609577095486,0.0263157894736842,0.0402792696025779
"6324","250193","Action_20","Morph_49","FANLE","Play","Hitother","HitOther.5","Bossou",-0.426178149705706,0.00268528464017186,0.0402792696025779
"6325","250206","Action_39","Morph_82","JIRE","Groom","Presentgenitalsbackwards","PresentGenitals.1","Bossou",0.910272659548592,0.0354457572502685,0.0290010741138561
"6326","250196","Action_2","Morph_5","TUA","Groom","Bigloudscratch","BigLoudScratch.3","Bossou",0.178146185383474,0.00107411385606874,0.0241675617615467
"6327","250194","Action_38","Morph_81","FOTAIU","Groom","Present","Present.7","Bossou",0.686122565622981,0.00214822771213749,0.0596133190118153
"6328","250214b","Action_13","Morph_28","JIRE","Stopbehaviour","Fling","Fling.2","Bossou",-0.693147180559945,0.0209452201933405,0.0773361976369495
"6329","250214b","Action_17","Morph_39","JIRE","Stopbehaviour","Hitobject","HitObject.1","Bossou",0.137149838147234,0.0327604726100967,0.0408163265306122
"6330","250214b","Action_13","Morph_28","JIRE","Stopbehaviour","Fling","Fling.2","Bossou",-0.309246250367621,0.0209452201933405,0.0773361976369495
"6331","250195a","Action_8","Morph_19","FANA","Play","Dangle","Dangle.1","Bossou",0.556181325486788,0.0257787325456498,0.0257787325456498
"6332","250195a","Action_8","Morph_19","FANA","Play","Dangle","Dangle.1","Bossou",1.13365763041091,0.0257787325456498,0.0257787325456498
"6333","250195a","Action_45","Morph_101","FANA","Play","Reach","Reach.2","Bossou",0.0563803334361077,0.027389903329753,0.0719656283566058
"6334","250226a","Action_24","Morph_51","PELEY","Affiliation","Jump","Jump.1","Bossou",-0.0629397997738742,0.0128893662728249,0.0128893662728249
"6335","250226a","Action_8","Morph_19","PELEY","Affiliation","Dangle","Dangle.1","Bossou",-0.921303273697699,0.0257787325456498,0.0257787325456498
"6336","250226a","Action_29","Morph_58","PELEY","Affiliation","Locomotegallop","LocomoteGallop.1","Bossou",0.391366183728663,0.0134264232008593,0.0134264232008593
"6337","250226a","Action_60","Morph_127","PELEY","Affiliation","Swing","Swing.1","Bossou",-0.366725279792234,0.0306122448979592,0.0370569280343716
"6338","250228a","Action_43","Morph_96","PELEY","Sexualattention","Raise","Raise.1","Bossou",0.829861003875767,0.0268528464017186,0.0349087003222342
"6339","250228a","Action_63","Morph_135","PELEY","Sexualattention","Touch","Touch.4","Bossou",-0.825536368605691,0.00483351235230934,0.0429645542427497
"6340","250236","Action_28","Morph_56","FOKAIYE","Stopbehaviour","Locomotebipedal","LocomoteBipedal.1","Bossou",0.166361537215225,0.0112781954887218,0.0155746509129968
"6341","250236","Action_35","Morph_71","FOKAIYE","Stopbehaviour","Out","Out.2","Bossou",-0.951917909517306,0.00429645542427497,0.0150375939849624
"6342","250236","Action_20","Morph_45","FOKAIYE","Stopbehaviour","Hitother","HitOther.1","Bossou",-0.933945667112876,0.0263157894736842,0.0402792696025779
"6343","250218a","Action_63","Morph_133","FOKAIYE","Climbonyou","Touch","Touch.2","Bossou",-0.558616287602339,0.00805585392051558,0.0429645542427497
"6344","250166","Action_63","Morph_138","YO","Affiliation","Touch","Touch.7","Bossou",-0.484508315448617,0.0107411385606874,0.0429645542427497
"6345","250172a","Action_63","Morph_132","YOLO","Affiliation","Touch","Touch.1","Bossou",0.48057258059497,0.00859291084854995,0.0429645542427497
"6346","250172a","Action_42","Morph_89","YOLO","Affiliation","Push","Push.2","Bossou",0.728996833453643,0.00537056928034372,0.0596133190118153
"6347","250172a","Action_4","Morph_13","YOLO","Affiliation","Bitekiss","Bite.5","Bossou",-1.13010295575948,0.0075187969924812,0.0306122448979592
"6348","250195b","Action_20","Morph_45","JEJE","Play","Hitother","HitOther.1","Bossou",-0.432322562278047,0.0263157894736842,0.0402792696025779
"6349","250226b","Action_63","Morph_134","VELU","Affiliation","Touch","Touch.3","Bossou",-0.807436326962073,0.00698174006444683,0.0429645542427497
"6350","250213b","Action_42","Morph_91","FOTAIU","Stopbehaviour","Push","Push.4","Bossou",-0.213193220461042,0.00805585392051558,0.0596133190118153
"6351","250164","Action_54","Morph_114","FANA","Affiliation","Stancebipedal","StanceBipedal.1","Bossou",-0.160168752152821,0.0171858216970999,0.0171858216970999
"6352","250164","Action_5","Morph_17","FANA","Affiliation","Bounce","Bounce.1","Bossou",-0.027371196796132,0.0204081632653061,0.0204081632653061
"6353","250164","Action_36","Morph_72","FANA","Affiliation","Overstance","OverStance.1","Bossou",-0.481266821524446,0.00698174006444683,0.0134264232008593
"6354","250228b","Action_39","Morph_82","VUAVUA","Sexualattention","Presentgenitalsbackwards","PresentGenitals.1","Bossou",-0.285018955032297,0.0354457572502685,0.0290010741138561
"6355","250204b","Action_31","Morph_59","FANLE","Moveaway","Lunge","Lunge.1","Bossou",0.244513577050402,0.00214822771213749,0.00214822771213749
"6356","250235","Action_28","Morph_56","FOKAIYE","Play","Locomotebipedal","LocomoteBipedal.1","Bossou",0.322083499169113,0.0112781954887218,0.0155746509129968
"6357","250235","Action_20","Morph_45","FOKAIYE","Play","Hitother","HitOther.1","Bossou",-0.767870726755882,0.0263157894736842,0.0402792696025779
"6358","250151b","Action_64","Morph_133","FANLE","Affiliation","Touchlongother","Touch.2","Bossou",1.13879407830094,0.00805585392051558,0.0112781954887218
"6359","250234","Action_13","Morph_28","FOTAIU","Moveaway","Fling","Fling.2","Bossou",-0.585190039054853,0.0209452201933405,0.0773361976369495
"6360","250218b","Action_38","Morph_78","FOTAIU","Climbonme","Present","Present.4","Bossou",-0.486133011175619,0.00214822771213749,0.0596133190118153
"6361","250165","Action_12","Morph_26","FANA","Support","Fingermouth","FingerMouth.1","Bossou",0.322083499169113,0.00429645542427497,0.00429645542427497
"6362","250223","Action_39","Morph_82","VELU","Sexualattention","Presentgenitalsbackwards","PresentGenitals.1","Bossou",0.245296355955343,0.0354457572502685,0.0290010741138561
"6363","250222","Action_39","Morph_82","VUAVUA","Sexualattention","Presentgenitalsbackwards","PresentGenitals.1","Bossou",0.406797553341943,0.0354457572502685,0.0290010741138561
"6364","250205b","Action_38","Morph_77","FOTAIU","Climbonme","Present","Present.3","Bossou",0.0295588022415444,0.0166487647690655,0.0596133190118153
"6365","250212b","Action_42","Morph_91","FOKAIYE","Stopbehaviour","Push","Push.4","Bossou",-0.325730140089311,0.00805585392051558,0.0596133190118153
"6366","250212b","Action_42","Morph_90","FOKAIYE","Stopbehaviour","Push","Push.3","Bossou",-0.539568092631645,0.0134264232008593,0.0596133190118153
"6367","250212b","Action_42","Morph_90","FOKAIYE","Stopbehaviour","Push","Push.3","Bossou",-1.0700248318162,0.0134264232008593,0.0596133190118153
"6368","250212b","Action_14","Morph_33","FOKAIYE","Stopbehaviour","Grab","Grab.5","Bossou",-1.1551826401565,0.00537056928034372,0.023093447905478
"6369","250212b","Action_13","Morph_27","FOKAIYE","Stopbehaviour","Fling","Fling.1","Bossou",-0.994252273343867,0.056390977443609,0.0773361976369495
"6370","250162","Action_30","Morph_NA","YOLO","Sexualattention","Locomotestiff",NA,"Bossou",0.366724279791734,0.0365198711063373,0.0037593984962406
"6371","250233","Action_13","Morph_28","FOTAIU","Moveaway","Fling","Fling.2","Bossou",-0.105360515657826,0.0209452201933405,0.0773361976369495
"6372","250220","Action_35","Morph_70","TUA","Moveaway","Out","Out.1","Bossou",-1.06711362160874,0.0102040816326531,0.0150375939849624
"6373","250220","Action_31","Morph_59","TUA","Moveaway","Lunge","Lunge.1","Bossou",-1.69826912614072,0.00214822771213749,0.00214822771213749
"6374","250178","Action_4","Morph_9","JEJE","Affiliation","Bitekiss","Bite.1","Bossou",-0.740238788093796,0.00107411385606874,0.0306122448979592
"6375","250205a","Action_28","Morph_56","FOKAIYE","Climbonyou","Locomotebipedal","LocomoteBipedal.1","Bossou",0.698632110790515,0.0112781954887218,0.0155746509129968
"6376","250205a","Action_43","Morph_98","FOKAIYE","Climbonyou","Raise","Raise.3","Bossou",-0.20089294237939,0.00590762620837809,0.0349087003222342
"6377","250179","Action_45","Morph_101","YO","Affiliation","Reach","Reach.2","Bossou",-0.126697653045958,0.027389903329753,0.0719656283566058
"6378","250232","Action_33","Morph_62","FOKAIYE","Moveclose","Objectmove","ObjectMove.2","Bossou",0.017839918128331,0.0123523093447905,0.0349087003222342
"6379","250232","Action_55","Morph_116","FOKAIYE","Moveclose","Stompingobject","StompObject.2","Bossou",-0.199671195129068,0.00912996777658432,0.0150375939849624
"6380","250232","Action_5","Morph_17","FOKAIYE","Moveclose","Bounce","Bounce.1","Bossou",0.0825012215117438,0.0204081632653061,0.0204081632653061
"6381","250163","Action_36","Morph_NA","FANLE","Affiliation","Overstance",NA,"Bossou",0.215111379616945,0.0365198711063373,0.0134264232008593
"6382","280522b","Action_4","Morph_NA","YO","Affiliation","Bitekiss",NA,"Bossou",-0.265268477614881,0.0365198711063373,0.0306122448979592
"6383","280187a","Action_8","Morph_19","FOTAIU","Play","Dangle","Dangle.1","Bossou",-1.06421086195078,0.0257787325456498,0.0257787325456498
"6384","280187a","Action_14","Morph_33","FOTAIU","Play","Grab","Grab.5","Bossou",-0.928869514081015,0.00537056928034372,0.023093447905478
"6385","280168","Action_38","Morph_79","YO","Groom","Present","Present.5","Bossou",-0.215671536475509,0.0134264232008593,0.0596133190118153
"6386","280335","Action_42","Morph_90","KAI","Position","Push","Push.3","Bossou",-1.20731170559145,0.0134264232008593,0.0596133190118153
"6387","280647","Action_13","Morph_28","FOTAIU","Moveaway","Fling","Fling.2","Bossou",-0.510825623765991,0.0209452201933405,0.0773361976369495
"6388","280647","Action_13","Morph_27","FOTAIU","Moveaway","Fling","Fling.1","Bossou",-0.22314355131421,0.056390977443609,0.0773361976369495
"6389","280647","Action_17","Morph_39","FOTAIU","Moveaway","Hitobject","HitObject.1","Bossou",-0.404965233066513,0.0327604726100967,0.0408163265306122
"6390","280653","Action_60","Morph_127","PELEY","Playcontinue","Swing","Swing.1","Bossou",0.0657877405380032,0.0306122448979592,0.0370569280343716
"6391","280653","Action_50","Morph_110","PELEY","Playcontinue","Shake","Shake.4","Bossou",-0.309246250367621,0.000537056928034372,0.0343716433941998
"6392","280623a","Action_62","Morph_131","FANWA","Play","Throwthreat","ThrowThreat.1","Bossou",-0.18152187662339,0.0193340494092374,0.0193340494092374
"6393","280623a","Action_62","Morph_131","FANWA","Play","Throwthreat","ThrowThreat.1","Bossou",-0.455706324544911,0.0193340494092374,0.0193340494092374
"6394","280590","Action_38","Morph_75","FOTAIU","Climbonme","Present","Present.1","Bossou",0.0657877405380032,0.0150375939849624,0.0596133190118153
"6395","280602","Action_42","Morph_91","JIRE","Moveaway","Push","Push.4","Bossou",-0.725670372265505,0.00805585392051558,0.0596133190118153
"6396","280317a","Action_63","Morph_138","VUI","Affiliation","Touch","Touch.7","Bossou",-0.576253429088446,0.0107411385606874,0.0429645542427497
"6397","280317a","Action_4","Morph_10","VUI","Affiliation","Bitekiss","Bite.2","Bossou",-0.725670372265505,0.0128893662728249,0.0306122448979592
"6398","280376","Action_34","Morph_65","FOAF","Play","Objectshake","ObjectShake.1","Bossou",0.46436274935565,0.00966702470461869,0.014500537056928
"6399","280376","Action_45","Morph_100","FOAF","Play","Reach","Reach.1","Bossou",-0.63487827243597,0.0435016111707841,0.0719656283566058
"6400","280274b","Action_39","Morph_82","YO","Sociosexualattention","Presentgenitalsbackwards","PresentGenitals.1","Bossou",0.33718626735487,0.0354457572502685,0.0290010741138561
"6401","280012a","Action_43","Morph_96","FOKAIYE","Stopbehaviour","Raise","Raise.1","Bossou",-0.403467105445491,0.0268528464017186,0.0349087003222342
"6402","280012a","Action_43","Morph_96","FOKAIYE","Stopbehaviour","Raise","Raise.1","Bossou",-1.09661428600544,0.0268528464017186,0.0349087003222342
"6403","280478b","Action_45","Morph_100","YOLO","Play","Reach","Reach.1","Bossou",-0.798507696217772,0.0435016111707841,0.0719656283566058
"6404","280389b","Action_4","Morph_10","TUA","Affiliation","Bitekiss","Bite.2","Bossou",-0.75928698306449,0.0128893662728249,0.0306122448979592
"6405","280281a","Action_60","Morph_129","NINA","Affiliation","Swing","Swing.3","Bossou",-0.0171461588349705,0.00214822771213749,0.0370569280343716
"6406","280496","Action_34","Morph_65","NA_chimp","Sexualattention","Objectshake","ObjectShake.1","Bossou",0.0806579030174545,0.00966702470461869,0.014500537056928
"6407","280496","Action_33","Morph_61","NA_chimp","Sexualattention","Objectmove","ObjectMove.1","Bossou",-0.161343150408763,0.0193340494092374,0.0349087003222342
"6408","280496","Action_34","Morph_66","NA_chimp","Sexualattention","Objectshake","ObjectShake.2","Bossou",1.1999647829284,0.00322234156820623,0.014500537056928
"6409","280395a","Action_39","Morph_82","JIRE","Support","Presentgenitalsbackwards","PresentGenitals.1","Bossou",-0.00300450902029872,0.0354457572502685,0.0290010741138561
"6410","280145b","Action_45","Morph_100","JEJE","Playcontinue","Reach","Reach.1","Bossou",-0.444725822061467,0.0435016111707841,0.0719656283566058
"6411","280145b","Action_14","Morph_30","JEJE","Playcontinue","Grab","Grab.2","Bossou",-0.140412153716745,0.00429645542427497,0.023093447905478
"6412","280145b","Action_63","Morph_134","JEJE","Playcontinue","Touch","Touch.3","Bossou",-0.519193873436507,0.00698174006444683,0.0429645542427497
"6413","280069","Action_42","Morph_93","JIRE","Position","Push","Push.6","Bossou",-1.69826912614072,0.00805585392051558,0.0596133190118153
"6414","280507","Action_45","Morph_100","FANA","Affiliation","Reach","Reach.1","Bossou",0.263133199530368,0.0435016111707841,0.0719656283566058
"6415","280507","Action_15","Morph_36","FANA","Affiliation","Grabhold","GrabHold.2","Bossou",0.819339205797705,0.00161117078410311,0.0037593984962406
"6416","280102b","Action_3","Morph_15","TUA","Affiliation","Bite","Bite.7","Bossou",0.43567095016523,0.0037593984962406,0.00644468313641246
"6417","280102b","Action_3","Morph_15","TUA","Affiliation","Bite","Bite.7","Bossou",-0.802962046567152,0.0037593984962406,0.00644468313641246
"6418","280102b","Action_3","Morph_15","TUA","Affiliation","Bite","Bite.7","Bossou",-0.986176859338322,0.0037593984962406,0.00644468313641246
"6419","280102b","Action_3","Morph_15","TUA","Affiliation","Bite","Bite.7","Bossou",-0.683196849706777,0.0037593984962406,0.00644468313641246
"6420","280102b","Action_4","Morph_10","TUA","Affiliation","Bitekiss","Bite.2","Bossou",1.04168914126849,0.0128893662728249,0.0306122448979592
"6421","280413","Action_38","Morph_80","PAMA","Directattention","Present","Present.6","Bossou",-0.462035459596559,0.00322234156820623,0.0596133190118153
"6422","280030a","Action_33","Morph_61","PELEY","Play","Objectmove","ObjectMove.1","Bossou",0.0344014267173323,0.0193340494092374,0.0349087003222342
"6423","280030a","Action_43","Morph_96","PELEY","Play","Raise","Raise.1","Bossou",-0.627359440021942,0.0268528464017186,0.0349087003222342
"6424","280030a","Action_14","Morph_31","PELEY","Play","Grab","Grab.3","Bossou",-1.20397280432594,0.00805585392051558,0.023093447905478
"6425","280030a","Action_28","Morph_56","PELEY","Play","Locomotebipedal","LocomoteBipedal.1","Bossou",-0.404965233066513,0.0112781954887218,0.0155746509129968
"6426","280030a","Action_14","Morph_29","PELEY","Play","Grab","Grab.1","Bossou",-0.75928698306449,0.0037593984962406,0.023093447905478
"6427","280030a","Action_21","Morph_42","PELEY","Play","Hittingobject","HitObject.4","Bossou",-0.355247391947547,0.00590762620837809,0.0118152524167562
"6428","280030a","Action_20","Morph_45","PELEY","Play","Hitother","HitOther.1","Bossou",-0.916290731874155,0.0263157894736842,0.0402792696025779
"6429","280030a","Action_43","Morph_NA","PELEY","Play","Raise",NA,"Bossou",-0.567395975254385,0.0365198711063373,0.0349087003222342
"6430","280146a","Action_8","Morph_19","FANLE","Play","Dangle","Dangle.1","Bossou",-0.103140758919513,0.0257787325456498,0.0257787325456498
"6431","280146a","Action_8","Morph_19","FANLE","Play","Dangle","Dangle.1","Bossou",-0.823255865906966,0.0257787325456498,0.0257787325456498
"6432","280146a","Action_17","Morph_39","FANLE","Play","Hitobject","HitObject.1","Bossou",-1.14256417619729,0.0327604726100967,0.0408163265306122
"6433","280146a","Action_24","Morph_51","FANLE","Play","Jump","Jump.1","Bossou",0.212689093410351,0.0128893662728249,0.0128893662728249
"6434","280146a","Action_17","Morph_39","FANLE","Play","Hitobject","HitObject.1","Bossou",-0.489390343045926,0.0327604726100967,0.0408163265306122
"6435","280146a","Action_57","Morph_118","FANLE","Play","Stompobject","StompObject.4","Bossou",-1.18417017702976,0.00429645542427497,0.0236305048335124
"6436","280146a","Action_17","Morph_39","FANLE","Play","Hitobject","HitObject.1","Bossou",-1.46533756846034,0.0327604726100967,0.0408163265306122
"6437","280146a","Action_17","Morph_39","FANLE","Play","Hitobject","HitObject.1","Bossou",-0.576253429088446,0.0327604726100967,0.0408163265306122
"6438","280146a","Action_17","Morph_39","FANLE","Play","Hitobject","HitObject.1","Bossou",-0.776528789498996,0.0327604726100967,0.0408163265306122
"6439","280146a","Action_17","Morph_39","FANLE","Play","Hitobject","HitObject.1","Bossou",-1.13943428318836,0.0327604726100967,0.0408163265306122
"6440","280519b","Action_13","Morph_27","JIRE","Stopbehaviour","Fling","Fling.1","Bossou",-0.265268477614881,0.056390977443609,0.0773361976369495
"6441","280492b","Action_28","Morph_56","VUAVUA","Play","Locomotebipedal","LocomoteBipedal.1","Bossou",-0.161343150408763,0.0112781954887218,0.0155746509129968
"6442","280492b","Action_43","Morph_96","VUAVUA","Play","Raise","Raise.1","Bossou",-0.596020469829223,0.0268528464017186,0.0349087003222342
"6443","280497","Action_40","Morph_82","NA_chimp","Sexualattention","Presentgenitalsforwards","PresentGenitals.1","Bossou",-0.455706324544911,0.0354457572502685,0.00859291084854995
"6444","280497","Action_33","Morph_62","NA_chimp","Sexualattention","Objectmove","ObjectMove.2","Bossou",0.541160823562064,0.0123523093447905,0.0349087003222342
"6445","280488a","Action_4","Morph_10","PAMA","Affiliation","Bitekiss","Bite.2","Bossou",0.88335423162789,0.0128893662728249,0.0306122448979592
"6446","280627b","Action_4","Morph_11","YO","Affiliation","Bitekiss","Bite.3","Bossou",-0.403467105445491,0.00214822771213749,0.0306122448979592
"6447","280599","Action_45","Morph_101","JEJE","Giveme","Reach","Reach.2","Bossou",-1.04982212449868,0.027389903329753,0.0719656283566058
"6448","280255b","Action_38","Morph_79","YOLO","Affiliation","Present","Present.5","Bossou",-0.567395975254385,0.0134264232008593,0.0596133190118153
"6449","280224b","Action_43","Morph_96","NA_chimp","Stopbehaviour","Raise","Raise.1","Bossou",-0.562118918153541,0.0268528464017186,0.0349087003222342
"6450","280260","Action_21","Morph_44","FOAF","Sexualattention","Hittingobject","HitObject.6","Bossou",0.231111720963387,0.00161117078410311,0.0118152524167562
"6451","280260","Action_40","Morph_82","FOAF","Sexualattention","Presentgenitalsforwards","PresentGenitals.1","Bossou",0.242946178610389,0.0354457572502685,0.00859291084854995
"6452","280603","Action_42","Morph_92","JIRE","Moveaway","Push","Push.5","Bossou",-0.691149177897272,0.00644468313641246,0.0596133190118153
"6453","280591","Action_40","Morph_82","FOAF","Sexualattention","Presentgenitalsforwards","PresentGenitals.1","Bossou",0.210260925483196,0.0354457572502685,0.00859291084854995
"6454","280652","Action_20","Morph_45","FOTAIU","Stopbehaviour","Hitother","HitOther.1","Bossou",-0.356674943938732,0.0263157894736842,0.0402792696025779
"6455","280440","Action_13","Morph_27","TUA","Moveaway","Fling","Fling.1","Bossou",-0.796287939479459,0.056390977443609,0.0773361976369495
"6456","280169","Action_38","Morph_77","YO","Directattention","Present","Present.3","Bossou",1.2624303738975,0.0166487647690655,0.0596133190118153
"6457","280559","Action_13","Morph_27","JIRE","Moveaway","Fling","Fling.1","Bossou",-0.691149177897272,0.056390977443609,0.0773361976369495
"6458","280554","Action_48","Morph_104","YOLO","Play","Rollover","RollOver.1","Bossou",0.848011891120861,0.00429645542427497,0.00429645542427497
"6459","280187b","Action_45","Morph_100","NINA","Play","Reach","Reach.1","Bossou",0.22314355131421,0.0435016111707841,0.0719656283566058
"6460","280442","Action_38","Morph_78","YO","Directattention","Present","Present.4","Bossou",0.155292884406035,0.00214822771213749,0.0596133190118153
"6461","280650","Action_14","Morph_34","FOKAIYE","Play","Grab","Grab.6","Bossou",-0.265268477614881,0.00161117078410311,0.023093447905478
"6462","280336","Action_38","Morph_76","KAI","Groom","Present","Present.2","Bossou",0.106160195828391,0.00590762620837809,0.0596133190118153
"6463","280623b","Action_13","Morph_27","VELU","Moveaway","Fling","Fling.1","Bossou",-0.627359440021942,0.056390977443609,0.0773361976369495
"6464","280623b","Action_13","Morph_27","VELU","Moveaway","Fling","Fling.1","Bossou",-0.913793851675568,0.056390977443609,0.0773361976369495
"6465","280601","Action_42","Morph_92","JIRE","Stopbehaviour","Push","Push.5","Bossou",-0.627359440021942,0.00644468313641246,0.0596133190118153
"6466","280317b","Action_4","Morph_10","YO","Affiliation","Bitekiss","Bite.2","Bossou",-0.381260419411347,0.0128893662728249,0.0306122448979592
"6467","280389a","Action_4","Morph_10","YO","Affiliation","Bitekiss","Bite.2","Bossou",-0.75928698306449,0.0128893662728249,0.0306122448979592
"6468","280281b","Action_34","Morph_65","VUI","Affiliation","Objectshake","ObjectShake.1","Bossou",0.909870164071232,0.00966702470461869,0.014500537056928
"6469","280281b","Action_50","Morph_107","VUI","Affiliation","Shake","Shake.1","Bossou",-0.729811164931537,0.0139634801288937,0.0343716433941998
"6470","280281b","Action_5","Morph_17","VUI","Affiliation","Bounce","Bounce.1","Bossou",-0.699165252885508,0.0204081632653061,0.0204081632653061
"6471","280281b","Action_36","Morph_72","VUI","Affiliation","Overstance","OverStance.1","Bossou",-0.646263594661095,0.00698174006444683,0.0134264232008593
"6472","280281b","Action_36","Morph_72","VUI","Affiliation","Overstance","OverStance.1","Bossou",-0.0682788407532944,0.00698174006444683,0.0134264232008593
"6473","280495","Action_40","Morph_82","NA_chimp","Sexualattention","Presentgenitalsforwards","PresentGenitals.1","Bossou",-1.00239343092757,0.0354457572502685,0.00859291084854995
"6474","280365","Action_38","Morph_79","VUI","Sociosexualattention","Present","Present.5","Bossou",-0.510825623765991,0.0134264232008593,0.0596133190118153
"6475","280533","Action_5","Morph_17","YOLO","Sexualattention","Bounce","Bounce.1","Bossou",0.000999500333083423,0.0204081632653061,0.0204081632653061
"6476","280533","Action_33","Morph_61","YOLO","Sexualattention","Objectmove","ObjectMove.1","Bossou",-0.0682788407532944,0.0193340494092374,0.0349087003222342
"6477","280533","Action_33","Morph_61","YOLO","Sexualattention","Objectmove","ObjectMove.1","Bossou",-0.916290731874155,0.0193340494092374,0.0349087003222342
"6478","280533","Action_63","Morph_133","YOLO","Sexualattention","Touch","Touch.2","Bossou",-0.265268477614881,0.00805585392051558,0.0429645542427497
"6479","280533","Action_34","Morph_65","YOLO","Sexualattention","Objectshake","ObjectShake.1","Bossou",0.313349819200359,0.00966702470461869,0.014500537056928
"6480","280395b","Action_54","Morph_114","TUA","Support","Stancebipedal","StanceBipedal.1","Bossou",-0.562118918153541,0.0171858216970999,0.0171858216970999
"6481","280395b","Action_60","Morph_127","TUA","Support","Swing","Swing.1","Bossou",-0.433864582629862,0.0306122448979592,0.0370569280343716
"6482","280145a","Action_33","Morph_61","FANLE","Playcontinue","Objectmove","ObjectMove.1","Bossou",0.151862349309246,0.0193340494092374,0.0349087003222342
"6483","280145a","Action_60","Morph_128","FANLE","Playcontinue","Swing","Swing.2","Bossou",-0.436955775199535,0.0037593984962406,0.0370569280343716
"6484","280145a","Action_8","Morph_19","FANLE","Playcontinue","Dangle","Dangle.1","Bossou",-0.470003629245736,0.0257787325456498,0.0257787325456498
"6485","280333","Action_42","Morph_90","JIRE","Climbonme","Push","Push.3","Bossou",0.161268147596122,0.0134264232008593,0.0596133190118153
"6486","280333","Action_38","Morph_75","JIRE","Climbonme","Present","Present.1","Bossou",-0.25618340539241,0.0150375939849624,0.0596133190118153
"6487","280102a","Action_45","Morph_100","FOTAIU","Affiliation","Reach","Reach.1","Bossou",1.36200166855085,0.0435016111707841,0.0719656283566058
"6488","280102a","Action_38","Morph_76","FOTAIU","Affiliation","Present","Present.2","Bossou",0.500775287912489,0.00590762620837809,0.0596133190118153
"6489","280139","Action_40","Morph_82","JEJE","Sexualattention","Presentgenitalsforwards","PresentGenitals.1","Bossou",0.0478373294141601,0.0354457572502685,0.00859291084854995
"6490","280030b","Action_43","Morph_98","FANLE","Stopbehaviour","Raise","Raise.3","Bossou",-1.00239343092757,0.00590762620837809,0.0349087003222342
"6491","280030b","Action_13","Morph_27","FANLE","Stopbehaviour","Fling","Fling.1","Bossou",-0.50916034444693,0.056390977443609,0.0773361976369495
"6492","280030b","Action_42","Morph_90","FANLE","Stopbehaviour","Push","Push.3","Bossou",-0.0325231917055601,0.0134264232008593,0.0596133190118153
"6493","280030b","Action_36","Morph_72","FANLE","Stopbehaviour","Overstance","OverStance.1","Bossou",-2.00991547903123,0.00698174006444683,0.0134264232008593
"6494","280367","Action_41","Morph_84","JIRE","Stopbehaviour","Pull","Pull.1","Bossou",-1.04412410338404,0.0037593984962406,0.0177228786251343
"6495","280367","Action_42","Morph_92","JIRE","Stopbehaviour","Push","Push.5","Bossou",-1.04412410338404,0.00644468313641246,0.0596133190118153
"6496","280367","Action_20","Morph_50","JIRE","Stopbehaviour","Hitother","HitOther.6","Bossou",-1.21066179247673,0.000537056928034372,0.0402792696025779
"6497","280367","Action_41","Morph_84","JIRE","Stopbehaviour","Pull","Pull.1","Bossou",-1.25878104082093,0.0037593984962406,0.0177228786251343
"6498","280146b","Action_34","Morph_65","JEJE","Play","Objectshake","ObjectShake.1","Bossou",0.958200134951365,0.00966702470461869,0.014500537056928
"6499","280146b","Action_8","Morph_19","JEJE","Play","Dangle","Dangle.1","Bossou",-0.541284831250699,0.0257787325456498,0.0257787325456498
"6500","280146b","Action_57","Morph_118","JEJE","Play","Stompobject","StompObject.4","Bossou",-0.731888008876376,0.00429645542427497,0.0236305048335124
"6501","280146b","Action_17","Morph_39","JEJE","Play","Hitobject","HitObject.1","Bossou",-0.731888008876376,0.0327604726100967,0.0408163265306122
"6502","280146b","Action_17","Morph_39","JEJE","Play","Hitobject","HitObject.1","Bossou",-0.767870726755882,0.0327604726100967,0.0408163265306122
"6503","280146b","Action_20","Morph_46","JEJE","Play","Hitother","HitOther.2","Bossou",-0.443166975292176,0.00805585392051558,0.0402792696025779
"6504","280494","Action_42","Morph_91","YO","Climbonme","Push","Push.4","Bossou",-0.0682788407532944,0.00805585392051558,0.0596133190118153
"6505","280492a","Action_34","Morph_65","FOTAIU","Play","Objectshake","ObjectShake.1","Bossou",-0.0161293819298836,0.00966702470461869,0.014500537056928
"6506","280492a","Action_33","Morph_61","FOTAIU","Play","Objectmove","ObjectMove.1","Bossou",-0.874669057183336,0.0193340494092374,0.0349087003222342
"6507","280004","Action_42","Morph_88","VUAVUA","Climbonme","Push","Push.1","Bossou",-0.693147180559945,0.0128893662728249,0.0596133190118153
"6508","280290","Action_40","Morph_82","YOLO","Sexualattention","Presentgenitalsforwards","PresentGenitals.1","Bossou",0.233489843368354,0.0354457572502685,0.00859291084854995
"6509","280627a","Action_61","Morph_130","FANWA","Affiliation","Throwobject","ThrowObject.1","Bossou",0.237440856015034,0.0161117078410312,0.0161117078410312
"6510","280627a","Action_61","Morph_130","FANWA","Affiliation","Throwobject","ThrowObject.1","Bossou",0.42853038103916,0.0161117078410312,0.0161117078410312
"6511","280627a","Action_43","Morph_96","FANWA","Affiliation","Raise","Raise.1","Bossou",-0.403467105445491,0.0268528464017186,0.0349087003222342
"6512","280627a","Action_38","Morph_77","FANWA","Affiliation","Present","Present.3","Bossou",-1.20397280432594,0.0166487647690655,0.0596133190118153
"6513","280488b","Action_4","Morph_10","KAI","Affiliation","Bitekiss","Bite.2","Bossou",-1.25878104082093,0.0128893662728249,0.0306122448979592
"6514","280224a","Action_5","Morph_17","VUI","Play","Bounce","Bounce.1","Bossou",-0.356674943938732,0.0204081632653061,0.0204081632653061
"6515","280224a","Action_28","Morph_56","VUI","Play","Locomotebipedal","LocomoteBipedal.1","Bossou",-0.811930716549912,0.0112781954887218,0.0155746509129968
"6516","280224a","Action_17","Morph_39","VUI","Play","Hitobject","HitObject.1","Bossou",-0.675307262431614,0.0327604726100967,0.0408163265306122
"6517","280224a","Action_57","Morph_115","VUI","Play","Stompobject","StompObject.1","Bossou",-0.978166135592243,0.0150375939849624,0.0236305048335124
"6518","280255a","Action_63","Morph_133","JURU","Affiliation","Touch","Touch.2","Bossou",-1.16155208844198,0.00805585392051558,0.0429645542427497
"6519","280255a","Action_38","Morph_78","JURU","Affiliation","Present","Present.4","Bossou",-1.42295834549148,0.00214822771213749,0.0596133190118153
"6520","280549","Action_60","Morph_127","FOTAIU","Play","Swing","Swing.1","Bossou",-0.104250021373799,0.0306122448979592,0.0370569280343716
"6521","280435","Action_42","Morph_NA","JIRE","Climbonme","Push",NA,"Bossou",-1.25878104082093,0.0365198711063373,0.0596133190118153
"6522","280337","Action_39","Morph_82","NINA","Sexualattention","Presentgenitalsbackwards","PresentGenitals.1","Bossou",-0.302457358033935,0.0354457572502685,0.0290010741138561
"6523","280443","Action_41","Morph_85","TUA","Position","Pull","Pull.2","Bossou",-0.567395975254385,0.00322234156820623,0.0177228786251343
"6524","280474","Action_13","Morph_28","PILI","Moveaway","Fling","Fling.2","Bossou",-0.874669057183336,0.0209452201933405,0.0773361976369495
"6525","280655","Action_39","Morph_82","VUAVUA","Sexualattention","Presentgenitalsbackwards","PresentGenitals.1","Bossou",0.0657877405380032,0.0354457572502685,0.0290010741138561
"6526","280003a","Action_14","Morph_30","PELEY","Playcontinue","Grab","Grab.2","Bossou",-0.834710744881732,0.00429645542427497,0.023093447905478
"6527","280093a","Action_43","Morph_96","FANLE","Support","Raise","Raise.1","Bossou",-0.999672340813206,0.0268528464017186,0.0349087003222342
"6528","280093a","Action_11","Morph_23","FANLE","Support","Embrace","Embrace.2","Bossou",-0.424647927524938,0.00268528464017186,0.00859291084854995
"6529","280059","Action_39","Morph_82","PAMA","Sexualattention","Presentgenitalsbackwards","PresentGenitals.1","Bossou",-0.921303273697699,0.0354457572502685,0.0290010741138561
"6530","280468","Action_38","Morph_75","YOLO","Directattention","Present","Present.1","Bossou",0.685618914139154,0.0150375939849624,0.0596133190118153
"6531","280254a","Action_2","Morph_6","JIRE","Travel","Bigloudscratch","BigLoudScratch.4","Bossou",0.247641022914597,0.00322234156820623,0.0241675617615467
"6532","280254a","Action_45","Morph_100","JIRE","Travel","Reach","Reach.1","Bossou",-1.38230233985035,0.0435016111707841,0.0719656283566058
"6533","280237","Action_45","Morph_100","FOTAIU","Support","Reach","Reach.1","Bossou",-1.53711725085447,0.0435016111707841,0.0719656283566058
"6534","280234","Action_38","Morph_79","FANA","Directattention","Present","Present.5","Bossou",0.8754687373539,0.0134264232008593,0.0596133190118153
"6535","280067","Action_38","Morph_77","PAMA","Directattention","Present","Present.3","Bossou",0.767326578734197,0.0166487647690655,0.0596133190118153
"6536","280427b","Action_20","Morph_45","NTO","Stopbehaviour","Hitother","HitOther.1","Bossou",-1.15201306539522,0.0263157894736842,0.0402792696025779
"6537","280402","Action_39","Morph_82","NINA","Sexualattention","Presentgenitalsbackwards","PresentGenitals.1","Bossou",1.22934811065716,0.0354457572502685,0.0290010741138561
"6538","280147b","Action_55","Morph_116","JEJE","Play","Stompingobject","StompObject.2","Bossou",0.0898407039997895,0.00912996777658432,0.0150375939849624
"6539","280147b","Action_33","Morph_62","JEJE","Play","Objectmove","ObjectMove.2","Bossou",0.349952398177906,0.0123523093447905,0.0349087003222342
"6540","280147b","Action_8","Morph_19","JEJE","Play","Dangle","Dangle.1","Bossou",-0.318828801448618,0.0257787325456498,0.0257787325456498
"6541","280147b","Action_33","Morph_61","JEJE","Play","Objectmove","ObjectMove.1","Bossou",0.592221261969985,0.0193340494092374,0.0349087003222342
"6542","280147b","Action_55","Morph_116","JEJE","Play","Stompingobject","StompObject.2","Bossou",-0.463624022281697,0.00912996777658432,0.0150375939849624
"6543","280147b","Action_33","Morph_61","JEJE","Play","Objectmove","ObjectMove.1","Bossou",-0.295714244149045,0.0193340494092374,0.0349087003222342
"6544","280490","Action_5","Morph_17","NA_chimp","Sexualattention","Bounce","Bounce.1","Bossou",0.42853038103916,0.0204081632653061,0.0204081632653061
"6545","280490","Action_5","Morph_17","NA_chimp","Sexualattention","Bounce","Bounce.1","Bossou",0.337899788612398,0.0204081632653061,0.0204081632653061
"6546","280490","Action_41","Morph_87","NA_chimp","Sexualattention","Pull","Pull.4","Bossou",-1.45671682541644,0.00161117078410311,0.0177228786251343
"6547","280490","Action_41","Morph_87","NA_chimp","Sexualattention","Pull","Pull.4","Bossou",-1.52785792544168,0.00161117078410311,0.0177228786251343
"6548","280490","Action_41","Morph_84","NA_chimp","Sexualattention","Pull","Pull.1","Bossou",-1.32050662058189,0.0037593984962406,0.0177228786251343
"6549","280407b","Action_60","Morph_127","NA_chimp","Play","Swing","Swing.1","Bossou",-0.452556715642015,0.0306122448979592,0.0370569280343716
"6550","280407b","Action_20","Morph_45","NA_chimp","Play","Hitother","HitOther.1","Bossou",-0.215671536475509,0.0263157894736842,0.0402792696025779
"6551","280150b","Action_33","Morph_62","JEJE","Playcontinue","Objectmove","ObjectMove.2","Bossou",0.527092596229863,0.0123523093447905,0.0349087003222342
"6552","280150b","Action_60","Morph_127","JEJE","Playcontinue","Swing","Swing.1","Bossou",0.417393678973438,0.0306122448979592,0.0370569280343716
"6553","280409","Action_38","Morph_77","NINA","Groom","Present","Present.3","Bossou",0.284426779731108,0.0166487647690655,0.0596133190118153
"6554","280414","Action_45","Morph_100","PILI","Affiliation","Reach","Reach.1","Bossou",-0.102032725565152,0.0435016111707841,0.0719656283566058
"6555","280414","Action_45","Morph_100","PILI","Affiliation","Reach","Reach.1","Bossou",-0.71743987312899,0.0435016111707841,0.0719656283566058
"6556","280414","Action_45","Morph_100","PILI","Affiliation","Reach","Reach.1","Bossou",-0.211956361923645,0.0435016111707841,0.0719656283566058
"6557","280414","Action_55","Morph_117","PILI","Affiliation","Stompingobject","StompObject.3","Bossou",0.235862323721984,0.00429645542427497,0.0150375939849624
"6558","280042","Action_38","Morph_75","PAMA","Directattention","Present","Present.1","Bossou",0.625403528473426,0.0150375939849624,0.0596133190118153
"6559","280598","Action_14","Morph_33","JEJE","Giveme","Grab","Grab.5","Bossou",-0.0866478067256722,0.00537056928034372,0.023093447905478
"6560","280598","Action_45","Morph_101","JEJE","Giveme","Reach","Reach.2","Bossou",-1.09661428600544,0.027389903329753,0.0719656283566058
"6561","280598","Action_63","Morph_138","JEJE","Giveme","Touch","Touch.7","Bossou",-0.874669057183336,0.0107411385606874,0.0429645542427497
"6562","280537","Action_63","Morph_140","YO","Affiliation","Touch","Touch.9","Bossou",-0.104250021373799,0.00698174006444683,0.0429645542427497
"6563","280479a","Action_33","Morph_62","YOLO","Play","Objectmove","ObjectMove.2","Bossou",-0.798507696217772,0.0123523093447905,0.0349087003222342
"6564","280479a","Action_43","Morph_96","YOLO","Play","Raise","Raise.1","Bossou",-1.25878104082093,0.0268528464017186,0.0349087003222342
"6565","280001","Action_36","Morph_72","YOLO","Support","Overstance","OverStance.1","Bossou",0.000999500333083423,0.00698174006444683,0.0134264232008593
"6566","280394","Action_13","Morph_27","NINA","Moveaway","Fling","Fling.1","Bossou",-0.978166135592243,0.056390977443609,0.0773361976369495
"6567","280066","Action_39","Morph_82","PAMA","Sexualattention","Presentgenitalsbackwards","PresentGenitals.1","Bossou",-0.478035800943,0.0354457572502685,0.0290010741138561
"6568","280638b","Action_5","Morph_17","PELEY","Play","Bounce","Bounce.1","Bossou",-0.18152187662339,0.0204081632653061,0.0204081632653061
"6569","280236","Action_13","Morph_28","VUI","Moveaway","Fling","Fling.2","Bossou",-0.653926467406664,0.0209452201933405,0.0773361976369495
"6570","280469","Action_42","Morph_89","TUA","Position","Push","Push.2","Bossou",-0.837017550979647,0.00537056928034372,0.0596133190118153
"6571","280469","Action_42","Morph_89","TUA","Position","Push","Push.2","Bossou",-0.627359440021942,0.00537056928034372,0.0596133190118153
"6572","280516b","Action_62","Morph_131","JOYA","Moveaway","Throwthreat","ThrowThreat.1","Bossou",0.263133199530368,0.0193340494092374,0.0193340494092374
"6573","280480a","Action_33","Morph_NA","FOTAIU","Play","Objectmove",NA,"Bossou",0.5607579925142,0.0365198711063373,0.0349087003222342
"6574","280351b","Action_63","Morph_138","JOKURO","Affiliation","Touch","Touch.7","Bossou",0.296394013053802,0.0107411385606874,0.0429645542427497
"6575","280605","Action_8","Morph_19","FANLE","Playcontinue","Dangle","Dangle.1","Bossou",0.000999500333083423,0.0257787325456498,0.0257787325456498
"6576","280605","Action_60","Morph_127","FANLE","Playcontinue","Swing","Swing.1","Bossou",0.154436353304419,0.0306122448979592,0.0370569280343716
"6577","280108","Action_2","Morph_3","VUAVUA","Travel","Bigloudscratch","BigLoudScratch.1","Bossou",0.40212620684265,0.00322234156820623,0.0241675617615467
"6578","280108","Action_2","Morph_4","VUAVUA","Travel","Bigloudscratch","BigLoudScratch.2","Bossou",0.342170257735851,0.0150375939849624,0.0241675617615467
"6579","280108","Action_2","Morph_4","VUAVUA","Travel","Bigloudscratch","BigLoudScratch.2","Bossou",0.603222473031958,0.0150375939849624,0.0241675617615467
"6580","280654","Action_13","Morph_27","FOTAIU","Stopbehaviour","Fling","Fling.1","Bossou",0.0344014267173323,0.056390977443609,0.0773361976369495
"6581","280057b","Action_43","Morph_98","JEJE","Stopbehaviour","Raise","Raise.3","Bossou",-1.18744350237473,0.00590762620837809,0.0349087003222342
"6582","280057b","Action_20","Morph_49","JEJE","Stopbehaviour","Hitother","HitOther.5","Bossou",-0.742337424750717,0.00268528464017186,0.0402792696025779
"6583","28504b","Action_63","Morph_136","PAMA","Stopbehaviour","Touch","Touch.5","Bossou",0.263133199530368,0.00214822771213749,0.0429645542427497
"6584","280238a","Action_1","Morph_1","FOTAIU","Affiliation","Beckon","Beckon.1","Bossou",-0.507497833673316,0.00966702470461869,0.0123523093447905
"6585","280238a","Action_1","Morph_1","FOTAIU","Affiliation","Beckon","Beckon.1","Bossou",-0.484508315448617,0.00966702470461869,0.0123523093447905
"6586","280238a","Action_11","Morph_23","FOTAIU","Affiliation","Embrace","Embrace.2","Bossou",0.0852598439508234,0.00268528464017186,0.00859291084854995
"6587","280368b","Action_45","Morph_100","FOAF","Stopbehaviour","Reach","Reach.1","Bossou",0.21591750622247,0.0435016111707841,0.0719656283566058
"6588","280475","Action_13","Morph_27","PILI","Stopbehaviour","Fling","Fling.1","Bossou",-0.725670372265505,0.056390977443609,0.0773361976369495
"6589","280446","Action_45","Morph_100","JURU","Climbonyou","Reach","Reach.1","Bossou",-0.356674943938732,0.0435016111707841,0.0719656283566058
"6590","280656","Action_62","Morph_131","FOTAIU","Moveaway","Throwthreat","ThrowThreat.1","Bossou",-0.913793851675568,0.0193340494092374,0.0193340494092374
"6591","280258","Action_42","Morph_91","PAMA","Stopbehaviour","Push","Push.4","Bossou",-0.605136303237232,0.00805585392051558,0.0596133190118153
"6592","280258","Action_14","Morph_31","PAMA","Stopbehaviour","Grab","Grab.3","Bossou",-1.34707364796661,0.00805585392051558,0.023093447905478
"6593","280258","Action_41","Morph_86","PAMA","Stopbehaviour","Pull","Pull.3","Bossou",-1.14256417619729,0.00698174006444683,0.0177228786251343
"6594","280093b","Action_45","Morph_100","FANA","Support","Reach","Reach.1","Bossou",-0.921303273697699,0.0435016111707841,0.0719656283566058
"6595","280093b","Action_11","Morph_24","FANA","Support","Embrace","Embrace.3","Bossou",-0.0140989243795016,0.00214822771213749,0.00859291084854995
"6596","280607","Action_45","Morph_101","FANLE","Giveme","Reach","Reach.2","Bossou",-0.482886255076749,0.027389903329753,0.0719656283566058
"6597","280065","Action_24","Morph_51","PELEY","Stopbehaviour","Jump","Jump.1","Bossou",-0.187535123846842,0.0128893662728249,0.0128893662728249
"6598","280065","Action_57","Morph_118","PELEY","Stopbehaviour","Stompobject","StompObject.4","Bossou",-0.398986142010455,0.00429645542427497,0.0236305048335124
"6599","280254b","Action_43","Morph_96","JURU","Climbonme","Raise","Raise.1","Bossou",-0.999672340813206,0.0268528464017186,0.0349087003222342
"6600","280427a","Action_45","Morph_100","VUAVUA","Play","Reach","Reach.1","Bossou",-1.25878104082093,0.0435016111707841,0.0719656283566058
"6601","280427a","Action_14","Morph_33","VUAVUA","Play","Grab","Grab.5","Bossou",-2.00991547903123,0.00537056928034372,0.023093447905478
"6602","280427a","Action_45","Morph_100","VUAVUA","Play","Reach","Reach.1","Bossou",-1.00239343092757,0.0435016111707841,0.0719656283566058
"6603","280415","Action_54","Morph_114","NA_chimp","Sexualattention","Stancebipedal","StanceBipedal.1","Bossou",-1.1679623668029,0.0171858216970999,0.0171858216970999
"6604","280147a","Action_60","Morph_127","FANLE","Play","Swing","Swing.1","Bossou",0.404130885095028,0.0306122448979592,0.0370569280343716
"6605","280147a","Action_24","Morph_51","FANLE","Play","Jump","Jump.1","Bossou",0.0601539228197471,0.0128893662728249,0.0128893662728249
"6606","280147a","Action_33","Morph_62","FANLE","Play","Objectmove","ObjectMove.2","Bossou",-0.267879445155601,0.0123523093447905,0.0349087003222342
"6607","280147a","Action_33","Morph_62","FANLE","Play","Objectmove","ObjectMove.2","Bossou",0.410784269585764,0.0123523093447905,0.0349087003222342
"6608","280407a","Action_60","Morph_128","VUI","Moveaway","Swing","Swing.2","Bossou",-0.348140041488895,0.0037593984962406,0.0370569280343716
"6609","280407a","Action_60","Morph_127","VUI","Moveaway","Swing","Swing.1","Bossou",-0.309246250367621,0.0306122448979592,0.0370569280343716
"6610","280407a","Action_60","Morph_127","VUI","Moveaway","Swing","Swing.1","Bossou",0.131028262406404,0.0306122448979592,0.0370569280343716
"6611","280407a","Action_51","Morph_111","VUI","Moveaway","Spinpirouette","SpinPirouette.1","Bossou",0.573236883887388,0.00322234156820623,0.00322234156820623
"6612","280407a","Action_60","Morph_127","VUI","Moveaway","Swing","Swing.1","Bossou",-0.180323554131282,0.0306122448979592,0.0370569280343716
"6613","280407a","Action_42","Morph_92","VUI","Moveaway","Push","Push.5","Bossou",-1.02165124753198,0.00644468313641246,0.0596133190118153
"6614","280600","Action_45","Morph_101","JEJE","Giveme","Reach","Reach.2","Bossou",0.169742774587095,0.027389903329753,0.0719656283566058
"6615","280634b","Action_13","Morph_27","JIRE","Stopbehaviour","Fling","Fling.1","Bossou",-0.455706324544911,0.056390977443609,0.0773361976369495
"6616","280150a","Action_60","Morph_127","FANLE","Playcontinue","Swing","Swing.1","Bossou",0.369492447649347,0.0306122448979592,0.0370569280343716
"6617","280150a","Action_8","Morph_19","FANLE","Playcontinue","Dangle","Dangle.1","Bossou",-0.481266821524446,0.0257787325456498,0.0257787325456498
"6618","280150a","Action_17","Morph_39","FANLE","Playcontinue","Hitobject","HitObject.1","Bossou",-1.24479479884619,0.0327604726100967,0.0408163265306122
"6619","280150a","Action_55","Morph_116","FANLE","Playcontinue","Stompingobject","StompObject.2","Bossou",-0.153151179494175,0.00912996777658432,0.0150375939849624
"6620","280150a","Action_17","Morph_39","FANLE","Playcontinue","Hitobject","HitObject.1","Bossou",-1.38230233985035,0.0327604726100967,0.0408163265306122
"6621","280040","Action_45","Morph_100","PAMA","Affiliation","Reach","Reach.1","Bossou",-0.515838165589535,0.0435016111707841,0.0719656283566058
"6622","280041","Action_38","Morph_77","PAMA","Groom","Present","Present.3","Bossou",0.473123756581979,0.0166487647690655,0.0596133190118153
"6623","280492","Action_38","Morph_75","PAMA","Climbonme","Present","Present.1","Bossou",-0.142716302201595,0.0150375939849624,0.0596133190118153
"6624","280492","Action_42","Morph_89","PAMA","Climbonme","Push","Push.2","Bossou",0.0657877405380032,0.00537056928034372,0.0596133190118153
"6625","280049","Action_13","Morph_27","JIRE","Stopbehaviour","Fling","Fling.1","Bossou",-0.906340401020987,0.056390977443609,0.0773361976369495
"6626","280479b","Action_8","Morph_19","FOTAIU","Play","Dangle","Dangle.1","Bossou",-0.379797361359587,0.0257787325456498,0.0257787325456498
"6627","280002","Action_43","Morph_96","PELEY","Stopbehaviour","Raise","Raise.1","Bossou",-0.834710744881732,0.0268528464017186,0.0349087003222342
"6628","280002","Action_1","Morph_1","PELEY","Stopbehaviour","Beckon","Beckon.1","Bossou",-0.76142602131324,0.00966702470461869,0.0123523093447905
"6629","280116","Action_38","Morph_79","FOTAIU","Directattention","Present","Present.5","Bossou",-0.70117935225721,0.0134264232008593,0.0596133190118153
"6630","280638a","Action_55","Morph_116","JEJE","Play","Stompingobject","StompObject.2","Bossou",-0.355247391947547,0.00912996777658432,0.0150375939849624
"6631","280638a","Action_57","Morph_118","JEJE","Play","Stompobject","StompObject.4","Bossou",-0.627359440021942,0.00429645542427497,0.0236305048335124
"6632","280013a","Action_21","Morph_43","FOKAIYE","Play","Hittingobject","HitObject.5","Bossou",0.406131552651325,0.00537056928034372,0.0118152524167562
"6633","280013a","Action_20","Morph_49","FOKAIYE","Play","Hitother","HitOther.5","Bossou",-0.356674943938732,0.00268528464017186,0.0402792696025779
"6634","280235","Action_13","Morph_27","JIRE","Moveaway","Fling","Fling.1","Bossou",-0.755022584278033,0.056390977443609,0.0773361976369495
"6635","280366","Action_45","Morph_100","JOKURO","Climbonyou","Reach","Reach.1","Bossou",-0.746547957287061,0.0435016111707841,0.0719656283566058
"6636","280411","Action_38","Morph_75","PAMA","Directattention","Present","Present.1","Bossou",0.254642218373581,0.0150375939849624,0.0596133190118153
"6637","280480b","Action_61","Morph_130","YOLO","Play","Throwobject","ThrowObject.1","Bossou",-0.379797361359587,0.0161117078410312,0.0161117078410312
"6638","280480b","Action_17","Morph_40","YOLO","Play","Hitobject","HitObject.2","Bossou",-0.53785429615391,0.00483351235230934,0.0408163265306122
"6639","280480b","Action_33","Morph_62","YOLO","Play","Objectmove","ObjectMove.2","Bossou",-0.309246250367621,0.0123523093447905,0.0349087003222342
"6640","280480b","Action_33","Morph_62","YOLO","Play","Objectmove","ObjectMove.2","Bossou",-0.263965545834465,0.0123523093447905,0.0349087003222342
"6641","280351a","Action_12","Morph_26","YO","Affiliation","Fingermouth","FingerMouth.1","Bossou",0.245296355955343,0.00429645542427497,0.00429645542427497
"6642","280057a","Action_57","Morph_118","FANLE","Stopbehaviour","Stompobject","StompObject.4","Bossou",-0.211956361923645,0.00429645542427497,0.0236305048335124
"6643","280553","Action_45","Morph_100","VUAVUA","Position","Reach","Reach.1","Bossou",-0.309246250367621,0.0435016111707841,0.0719656283566058
"6644","280553","Action_42","Morph_91","VUAVUA","Position","Push","Push.4","Bossou",-0.834710744881732,0.00805585392051558,0.0596133190118153
"6645","280238b","Action_11","Morph_22","JURU","Affiliation","Embrace","Embrace.1","Bossou",0.0620353909194527,0.00161117078410311,0.00859291084854995
"6646","280368a","Action_63","Morph_135","JIRE","Affiliation","Touch","Touch.4","Bossou",-0.742337424750717,0.00483351235230934,0.0429645542427497
"6647","280368a","Action_60","Morph_127","JIRE","Affiliation","Swing","Swing.1","Bossou",-0.238257189124258,0.0306122448979592,0.0370569280343716
"6648","280444","Action_13","Morph_28","JIRE","Stopbehaviour","Fling","Fling.2","Bossou",-1.25878104082093,0.0209452201933405,0.0773361976369495
"6649","280444","Action_13","Morph_27","JIRE","Stopbehaviour","Fling","Fling.1","Bossou",-1.32050662058189,0.056390977443609,0.0773361976369495
"6650","280629b","Action_15","Morph_36","YO","Stopbehaviour","Grabhold","GrabHold.2","Bossou",1.01848624418882,0.00161117078410311,0.0037593984962406
"6651","280629b","Action_42","Morph_90","YO","Stopbehaviour","Push","Push.3","Bossou",-0.263965545834465,0.0134264232008593,0.0596133190118153
"6652","280629b","Action_64","Morph_134","YO","Stopbehaviour","Touchlongother","Touch.3","Bossou",1.16440002920611,0.00698174006444683,0.0112781954887218
